0.0	0.0	0.0
0.1330665332666333	-4.3487399688613736e-09	-1.0570619946853618e-08
0.2661330665332666	1.7421048378352534e-08	4.234590656485336e-08
0.39919959979989994	2.2156703123009413e-05	6.652223056241101e-05
0.5322661330665333	2.2202028899714204e-05	0.00011091096628434526
0.6653326663331666	0.0001111261960566392	0.0002216748720734239
0.7983991995997999	0.000288399424466349	0.0002660053378504381
0.9314657328664332	0.000398960990678856	0.0003992199633159548
1.0645322661330665	0.00048770487353007097	0.0005543589281569024
1.1975987993997	0.0006207953524649256	0.0007093101473156895
1.3306653326663331	0.0007986027836656889	0.000820169396156254
1.4637318659329663	0.0010866291731981012	0.0010202795354654682
1.5967983991995998	0.0012633856372638262	0.0013083821190308308
1.7298649324662332	0.0014409373633723081	0.0015294022516508599
1.8629314657328664	0.001595014792636418	0.0017068889756250425
1.9959979989994996	0.0016405458049519857	0.0019282812796667572
2.129064532266133	0.0019732460055283695	0.0020834572464579646
2.2621310655327664	0.0020827657613423254	0.0023050890805080913
2.3951975987994	0.0022384259090434708	0.0024826689942958357
2.528264132066033	0.0024166693616044232	0.0027713386211782745
2.6613306653326663	0.0027268143025521593	0.002991281996878902
2.7943971985992997	0.0028803836334378103	0.003080030585564453
2.9274637318659327	0.002991398416320518	0.0032802512050881688
3.060530265132566	0.0031015142974855983	0.00345702789440298
3.1935967983991995	0.003169010845782198	0.0036347639753243613
3.326663331665833	0.0033913127543630153	0.0039026220987398216
3.4597298649324664	0.003568634861528692	0.0042783853044361985
3.5927963981990994	0.0038123975438300074	0.004499852519913651
3.7258629314657328	0.003989481490006027	0.004832180056045034
3.858929464732366	0.004187881640235933	0.005007740469350661
3.991995997998999	0.004253809932988991	0.005208619734640619
4.125062531265633	0.0044336818723404135	0.005451299211035021
4.258129064532266	0.004698861364630819	0.005607090786344331
4.391195597798899	0.004829694889169975	0.005872645741306901
4.524262131065533	0.004965647872690592	0.006004989717600178
4.657328664332166	0.005228500055493847	0.0062274437604775855
4.7903951975988	0.005183649407674349	0.006450769867433433
4.923461730865433	0.005408946429800144	0.006781333784818345
5.056528264132066	0.005607074666727953	0.006914594206065559
5.1895947973986996	0.00578325367169866	0.007201257205305075
5.3226613306653325	0.005847605365190402	0.007245238698888395
5.4557278639319655	0.005917390028946476	0.007513345882367239
5.588794397198599	0.0061611297214984526	0.007713370660575211
5.721860930465232	0.006294467308358675	0.008021989210558723
5.854927463731865	0.006513393710807348	0.008156131340648456
5.987993996998499	0.006538193622714786	0.008487476544992236
6.121060530265132	0.006918457780496873	0.008575353682376217
6.254127063531766	0.007064507728198417	0.008841599654454052
6.387193596798399	0.007023570365786054	0.008929003341219167
6.520260130065032	0.007246553997845811	0.00920031183405032
6.653326663331666	0.007287359622253353	0.009505985087213781
6.786393196598299	0.007355399371286251	0.009569738555173714
6.919459729864933	0.007420825166460489	0.009753377803986512
7.052526263131566	0.00751393492027769	0.010059735279784501
7.185592796398199	0.0078030713847404695	0.010101640729028347
7.318659329664833	0.007977872927118887	0.01023481299359385
7.4517258629314655	0.008203299015942864	0.010328442855508066
7.5847923961980985	0.008463678370172693	0.010706115994370189
7.717858929464732	0.00846230374161918	0.010832391566280953
7.850925462731365	0.00864433993810406	0.010922491232522064
7.983991995997998	0.008818987801821197	0.01105666382382895
8.117058529264632	0.008880849683909236	0.011284008201949598
8.250125062531266	0.008837576332016825	0.01168304123091857
8.383191595797898	0.00892956477096044	0.011969859303627702
8.516258129064532	0.009040089783407609	0.012276997601863694
8.649324662331166	0.009150610507832616	0.01240815794271679
8.782391195597798	0.009287228502044635	0.012583597814400821
8.915457728864432	0.009481063767986152	0.012603321188347968
9.048524262131066	0.009412174757661824	0.012744530953478805
9.181590795397698	0.009482002450788138	0.013004564477349956
9.314657328664332	0.009477066543143814	0.01295546682356451
9.447723861930966	0.009486895872847404	0.013003335374096599
9.5807903951976	0.00979682131667329	0.013096580409563057
9.713856928464232	0.009810092360407913	0.013340134704312872
9.846923461730865	0.009862766286178165	0.013423546587557936
9.9799899949975	0.010132029517871115	0.013442709401050504
10.113056528264131	0.010375143906837345	0.013376083637786088
10.246123061530765	0.01061560073607679	0.013427529765465651
10.379189594797399	0.010699500640381122	0.013629348969532341
10.512256128064031	0.010718558186014443	0.01372983806411655
10.645322661330665	0.010675812893137144	0.013695470340185522
10.778389194597299	0.01072038115655028	0.013977594583552314
10.911455727863931	0.010747494823118306	0.013818908613795158
11.044522261130565	0.010896791376218535	0.013982033972678963
11.177588794397199	0.01078572636931856	0.014045380941045954
11.31065532766383	0.01092568847720939	0.014231042765321103
11.443721860930465	0.011010215411604062	0.014516782141728904
11.576788394197099	0.011052499766129	0.014618167243342143
11.70985492746373	0.01105330717079529	0.014621235473094903
11.842921460730365	0.011096962063806264	0.014831505445674522
11.975987993996998	0.01109829582024374	0.015135856271681456
12.109054527263632	0.011214369856345765	0.015194799236599152
12.242121060530264	0.011367643472004356	0.01521517111324398
12.375187593796898	0.011454547531155393	0.015271803626348902
12.508254127063532	0.011492349222123593	0.015576048658133779
12.641320660330164	0.011406126177520902	0.01560300899121208
12.774387193596798	0.01150013416836193	0.01592933811647788
12.907453726863432	0.011563494110942488	0.01581365375270371
13.040520260130064	0.01163402020288485	0.015999401790422477
13.173586793396698	0.011712879586204164	0.01605991141105254
13.306653326663332	0.011532491461602236	0.01617743418706776
13.439719859929964	0.011545051183571462	0.016376149868954824
13.572786393196598	0.011625889583736719	0.016507335861088258
13.705852926463232	0.011540264980202674	0.016664206019633754
13.838919459729865	0.011627505066964014	0.016662581463721998
13.971985992996498	0.011616041236329195	0.016346350315045312
14.105052526263131	0.01192319447825975	0.016695243232641942
14.238119059529765	0.011845185352252043	0.016786198559596663
14.371185592796397	0.011900549337596452	0.01674506685488387
14.504252126063031	0.012032898560426579	0.016917883270976094
14.637318659329665	0.01209281927738901	0.017289186771954426
14.770385192596297	0.01204580811749833	0.017392022811224303
14.903451725862931	0.012001518574207766	0.017524506325618205
15.036518259129565	0.011907595971181547	0.017566583309160572
15.169584792396197	0.011780889573978257	0.017658489655635587
15.302651325662831	0.011856540861922494	0.01779576343300702
15.435717858929465	0.011964639041298705	0.017941379938861402
15.568784392196097	0.012005529635543655	0.017845301508269417
15.70185092546273	0.012029114260975032	0.017834784768441803
15.834917458729365	0.01212430226126656	0.01791592438430485
15.967983991995997	0.012275347587771348	0.01775165878100096
16.101050525262632	0.012319528386672636	0.017678901765363658
16.234117058529264	0.012402403009653925	0.017811249321972658
16.367183591795897	0.01233678552913581	0.017809954089527683
16.500250125062532	0.012457807895495976	0.01795176950198459
16.633316658329164	0.012504400990629888	0.01815326444219263
16.766383191595796	0.012367114197643934	0.018320500666821646
16.899449724862432	0.012706538888475035	0.018319256917424188
17.032516258129064	0.012706554454586478	0.018436012021131445
17.165582791395696	0.012701518921525348	0.018570758782117305
17.298649324662332	0.012892019973852021	0.01872118583534031
17.431715857928964	0.012802690745863746	0.018763579567253618
17.564782391195596	0.012967677950834701	0.018799963903748974
17.69784892446223	0.013075285785774143	0.01882465673441682
17.830915457728864	0.013153697490890882	0.01923556301187658
17.963981990995496	0.013094222032460886	0.01915944285726566
18.09704852426213	0.01325001701110091	0.01940010048020472
18.230115057528764	0.013221669940870621	0.019582609860679612
18.363181590795396	0.013324885879196358	0.01961045235194076
18.49624812406203	0.013517822331692233	0.019863285713144704
18.629314657328663	0.013587649899920916	0.020107868969709137
18.762381190595296	0.013811118836715574	0.02028465784798488
18.89544772386193	0.01386206548487472	0.02015808602440681
19.028514257128563	0.013849565753264188	0.020391826247934182
19.1615807903952	0.014031805579472032	0.02051993298554036
19.29464732366183	0.014082916779584793	0.020696817025197243
19.427713856928463	0.01404719386978715	0.020725491802910494
19.5607803901951	0.014152749839001666	0.020641914486611724
19.69384692346173	0.01403370206712001	0.02068586981695703
19.826913456728363	0.014025544121711177	0.02058929580800977
19.959979989995	0.014166205645065502	0.020532913703304734
20.09304652326163	0.014341400962536858	0.020631136346066357
20.226113056528263	0.014418251581109072	0.020731077374557837
20.3591795897949	0.01434449966520772	0.020687429030123095
20.49224612306153	0.014313937068284828	0.020784217226093055
20.625312656328163	0.014447693197017927	0.020895508702211105
20.758379189594798	0.01443538379558663	0.020973069819283544
20.89144572286143	0.014372086392291086	0.020962325698582314
21.024512256128062	0.014374138077567178	0.02110344075258759
21.157578789394698	0.014377262897767246	0.020980644264280614
21.29064532266133	0.014418272317453332	0.021175264769312578
21.423711855927962	0.014315147371647059	0.021094966499964552
21.556778389194598	0.014258729454711853	0.021360281579845382
21.68984492246123	0.014558496264259748	0.021308103786559313
21.822911455727862	0.014435999511859721	0.02150623085800769
21.955977988994498	0.014539834818483767	0.021685747104353722
22.08904452226113	0.014568390412803712	0.021668455289585678
22.222111055527762	0.014510029102526054	0.021820965521256216
22.355177588794398	0.014598395404263215	0.021769027427772477
22.48824412206103	0.0145466305122988	0.021796403104895383
22.62131065532766	0.014501524976952708	0.021877395527652308
22.754377188594297	0.014439655058106996	0.022116767655209053
22.88744372186093	0.014435125863153094	0.022150399900809765
23.02051025512756	0.014351088146527725	0.022336862405895826
23.153576788394197	0.01442620037363024	0.02268676238151933
23.28664332166083	0.014433449271573053	0.022567136827489846
23.41970985492746	0.014296910807012467	0.02265779258226516
23.552776388194097	0.014298653110767954	0.022567452451738527
23.68584292146073	0.014496376338666708	0.022640376607147104
23.818909454727365	0.01453254546176007	0.022663393641582086
23.951975987993997	0.01457319467184416	0.02269318335511394
24.08504252126063	0.014525847078845574	0.02254265607750111
24.218109054527265	0.01453284402136119	0.022621368426720606
24.351175587793897	0.014518708761876518	0.02266049427266341
24.48424212106053	0.014395966137670753	0.022650150736392972
24.617308654327164	0.014548678926625412	0.022599546135807266
24.750375187593797	0.014687866647991151	0.022780296887540075
24.88344172086043	0.014603657350861029	0.022845080261862404
25.016508254127064	0.014568232339607886	0.022944262082665826
25.149574787393696	0.014858337486063413	0.02285408535432669
25.28264132066033	0.01490820988663791	0.022847848202858095
25.415707853926964	0.015069299177735172	0.02269415266169455
25.548774387193596	0.015355665066115153	0.02267371269234591
25.68184092046023	0.015255426438900986	0.022532367158701144
25.814907453726864	0.015249237557818505	0.02249001260605374
25.947973986993496	0.015163544116791298	0.022644586439018607
26.081040520260128	0.015454984194301141	0.022602330566598414
26.214107053526764	0.01540028162410052	0.022673278488559313
26.347173586793396	0.015275887906747389	0.02311760355865033
26.480240120060028	0.015258431052653712	0.02300323534990277
26.613306653326664	0.015268180630705747	0.02303657485246154
26.746373186593296	0.015347907486549229	0.023069937611843182
26.879439719859928	0.015280328652339867	0.023153346072592222
27.012506253126563	0.015273175343651822	0.02288546722790901
27.145572786393195	0.0150847880699961	0.022906331416168945
27.278639319659828	0.014940131803369013	0.022957259618181625
27.411705852926463	0.014908681440143888	0.023084688598887633
27.544772386193095	0.014951679386252501	0.023050083198955337
27.67783891945973	0.014953763939934563	0.023040271420185506
27.810905452726363	0.015023558941699941	0.023189493627615545
27.943971985992995	0.015093380397506862	0.02337766463771486
28.07703851925963	0.015142914332026204	0.02341591766336844
28.210105052526263	0.015095102890696203	0.023481577744613007
28.343171585792895	0.01526144066481995	0.023443986146587863
28.47623811905953	0.015084399682113114	0.023339463760610794
28.609304652326163	0.01496267758959282	0.023313300448019818
28.742371185592795	0.014933507425344867	0.02314638639058264
28.87543771885943	0.015083493101558628	0.023094688013673714
29.008504252126063	0.015244547164583226	0.023280145965614948
29.141570785392695	0.015271864068634736	0.02319106762401754
29.27463731865933	0.015425004502842942	0.02327475954943936
29.407703851925962	0.01541036274470272	0.02307321931405448
29.540770385192594	0.015334214047311953	0.022950267468273455
29.67383691845923	0.015210767734829322	0.023151915047503326
29.806903451725862	0.015211604064664666	0.02338919311375048
29.939969984992494	0.015208473185022324	0.023502059996853106
30.07303651825913	0.015375958093713539	0.02341484170590924
30.206103051525762	0.015298610278438462	0.023361499692497237
30.339169584792394	0.015364387302560812	0.023510755582758683
30.47223611805903	0.015519957761093365	0.02317393603363524
30.605302651325662	0.01559353498508742	0.02300273652928176
30.738369184592294	0.015537897496945017	0.022965248196617577
30.87143571785893	0.015482733732388352	0.022943643896472406
31.00450225112556	0.01555971459732037	0.022980823031624263
31.137568784392194	0.015644661037948142	0.02307862338418165
31.27063531765883	0.015713694514405272	0.023007918835021395
31.40370185092546	0.015797382450557295	0.0230703114757925
31.536768384192094	0.01578668965853656	0.02317354513989127
31.66983491745873	0.0157448510924905	0.023131838163269608
31.80290145072536	0.015718228614818384	0.023061241443598914
31.935967983991993	0.01568781163476466	0.023239777371715606
32.06903451725863	0.01580226654414845	0.023390988142172605
32.202101050525265	0.015840825268256375	0.02328352825665619
32.33516758379189	0.01591443680149057	0.023274026735234897
32.46823411705853	0.016027544494100376	0.023496889126007187
32.601300650325165	0.01613626284610299	0.023608575042766138
32.73436718359179	0.01628449843320691	0.023834595268232877
32.86743371685843	0.01649012783887129	0.02394824267088832
33.000500250125064	0.016476188941846118	0.023937377906944033
33.13356678339169	0.016475370046975947	0.02398865767352531
33.26663331665833	0.01639847413014414	0.024257239800533167
33.399699849924964	0.016353036987086827	0.024311798616657665
33.53276638319159	0.01646436334758175	0.02425578498684455
33.66583291645823	0.016548214642900537	0.0244138171517005
33.798899449724864	0.01681334615129711	0.02456474173811184
33.93196598299149	0.01687864043814967	0.024458074423020986
34.06503251625813	0.016843881220613827	0.024347286997504273
34.198099049524764	0.016827221864636668	0.024247506682338976
34.33116558279139	0.01699375802814881	0.02434684680923369
34.46423211605803	0.016880320092011625	0.02468005639766612
34.597298649324664	0.01681177959617597	0.024979102801637516
34.73036518259129	0.016890540934803137	0.02495192155873412
34.86343171585793	0.017036432701296393	0.024916985869455573
34.99649824912456	0.017159293557217715	0.024975045281586828
35.12956478239119	0.017055352455233676	0.025113067017507786
35.26263131565783	0.017177467338657722	0.025113819222265278
35.39569784892446	0.017281070423807655	0.024880970084255938
35.52876438219109	0.01738588295560564	0.024889525947508984
35.66183091545773	0.01720613822344956	0.02470440093844207
35.79489744872436	0.017538344557320267	0.024543105399057588
35.92796398199099	0.017379960457786333	0.024655864665724624
36.06103051525763	0.01727205964096951	0.024604383929103916
36.19409704852426	0.01736957498990474	0.024661028085192566
36.32716358179089	0.01751823515286231	0.024661955055369236
36.46023011505753	0.017463002192346432	0.024587521149789935
36.59329664832416	0.017616715709338964	0.024650286686658418
36.72636318159079	0.017553516693124552	0.02461123330798594
36.85942971485743	0.01754729344062801	0.024802454004033744
36.99249624812406	0.017585572986528245	0.025008652392458593
37.12556278139069	0.01753175100385901	0.0249104890485708
37.25862931465733	0.017467000618984804	0.025005787225474738
37.39169584792396	0.017493471523866277	0.025153143629603168
37.52476238119059	0.017605439891658643	0.02521207435490578
37.65782891445723	0.017517575592498745	0.025350181279643183
37.79089544772386	0.017562111870591885	0.02563718895624577
37.92396198099049	0.01758879843882991	0.025737057673026413
38.05702851425713	0.017793150383828345	0.025683655734584174
38.19009504752376	0.017777723838745117	0.025742732330884446
38.3231615807904	0.017918136816936766	0.025979628769851812
38.456228114057026	0.017829019987491253	0.025999303000275073
38.58929464732366	0.017863705575864253	0.0260088851397903
38.7223611805903	0.017799396573527464	0.026077977341044757
38.855427713856926	0.017969660296569177	0.02621624890134964
38.98849424712356	0.017952988673303315	0.026528934769692262
39.1215607803902	0.018072023761822417	0.026644161778608285
39.254627313656826	0.01794867456498231	0.026632382150747282
39.38769384692346	0.017909142257978853	0.0267404944589343
39.5207603801901	0.017817105267037812	0.02670224934536948
39.653826913456726	0.01778729701023685	0.02662964863902137
39.78689344672336	0.017805226826518555	0.026587640529507572
39.91995997999	0.017755067240035824	0.02676389203025227
40.053026513256626	0.017746415081225167	0.026961903194032286
40.18609304652326	0.017750907164249832	0.027027703826160484
40.3191595797899	0.017544999791473042	0.026816228987144124
40.452226113056525	0.0172886401790112	0.026758108780943902
40.58529264632316	0.017181132199733794	0.02680434754524471
40.7183591795898	0.01722468745526273	0.026828571641876384
40.851425712856425	0.017262952777607928	0.026797483780050674
40.98449224612306	0.01706706599019026	0.026675918108669767
41.1175587793897	0.01699890441822074	0.02679507045110348
41.250625312656325	0.017100203265774667	0.026657881318193567
41.38369184592296	0.017023120312422237	0.026721397196691567
41.516758379189596	0.01704038499880841	0.026695262069797995
41.649824912456225	0.017144344432603462	0.02662762677381135
41.78289144572286	0.01718858726653382	0.026649100009949928
41.915957978989496	0.017031921409851294	0.02654601785829364
42.049024512256125	0.017118618077944615	0.026790405438784835
42.18209104552276	0.017097654931508045	0.026827731852752203
42.315157578789396	0.01731739465659805	0.026738402490201783
42.448224112056025	0.017253698660492357	0.026820112362535228
42.58129064532266	0.017198663437870076	0.02686025499166018
42.714357178589296	0.017229046156065318	0.027184142394705468
42.847423711855924	0.017024561010425692	0.027268426659181087
42.98049024512256	0.017238271733977007	0.02745427015983542
43.113556778389196	0.017467210932565785	0.027379066938472786
43.246623311655824	0.017489066379561154	0.027407466500766055
43.37968984492246	0.017621311838115834	0.02760130406728218
43.512756378189096	0.01766492558726286	0.027465914349214582
43.645822911455724	0.01767490260025541	0.02751777402837555
43.77888944472236	0.01747651322445741	0.027691684016171853
43.911955977988995	0.01730855462788095	0.02767828097495679
44.045022511255624	0.016892230314853793	0.027866345857148322
44.17808904452226	0.016855354859010407	0.02790051018601996
44.311155577788895	0.017025927082853994	0.027830098303078185
44.444222111055524	0.01699774251971344	0.027755634738229507
44.57728864432216	0.016938160851255105	0.02765579679976076
44.710355177588795	0.016949544119087678	0.027665393024304458
44.843421710855424	0.017065793132323523	0.027733289166132113
44.97648824412206	0.017244296617447485	0.027795813030082536
45.109554777388695	0.0172315905166014	0.027579532763892606
45.24262131065532	0.01732419409433031	0.027630055109419006
45.37568784392196	0.017467020310820577	0.027779358718528796
45.508754377188595	0.0174007269436112	0.028060599157082425
45.64182091045522	0.01728128861246137	0.027969910872536745
45.77488744372186	0.017393257309934528	0.027989011463099563
45.907953976988495	0.01740224747550308	0.02815905059355423
46.04102051025512	0.017457169000864126	0.027967786932322554
46.17408704352176	0.01728647458009382	0.028028488670583454
46.307153576788394	0.017391518146574227	0.027871639294235705
46.44022011005502	0.017509196883345728	0.027845183819129583
46.57328664332166	0.017515800912678594	0.02775899961349697
46.706353176588294	0.017531935563630138	0.027834486230868136
46.83941970985492	0.01761525678722701	0.027754694546452605
46.97248624312156	0.017605157599487366	0.027886708283204928
47.105552776388194	0.017575709470966476	0.027919430570463248
47.23861930965483	0.017475864111282616	0.027866486837567483
47.37168584292146	0.017446826357633966	0.02797117995555798
47.504752376188094	0.017537163948970876	0.027977836499768958
47.63781890945473	0.017448854433263647	0.027777993578595322
47.77088544272136	0.017469841067386995	0.027594422074339424
47.903951975987994	0.01747518476635531	0.027451983368356005
48.03701850925463	0.017647507848064847	0.027336374309574706
48.17008504252126	0.017654540502140083	0.027418302420962132
48.30315157578789	0.017781445623805747	0.027314917258313868
48.43621810905453	0.017941127191406683	0.027175027704970756
48.56928464232116	0.01787793206890226	0.026970392406411723
48.70235117558779	0.017934084942850783	0.02708255002390258
48.83541770885443	0.017845727556590352	0.027189675917011814
48.96848424212106	0.017877473546053	0.027397533076198268
49.10155077538769	0.017948789600932293	0.027425281228141155
49.23461730865433	0.018102707814233475	0.02746821911897709
49.36768384192096	0.018079410429471796	0.027424850382070445
49.50075037518759	0.018028020789599072	0.027349982489139765
49.63381690845423	0.01773599785686255	0.027453462863311597
49.76688344172086	0.01788482749719771	0.02761128198739841
49.89994997498749	0.01814212656821133	0.02758779550670116
50.03301650825413	0.018170376969878117	0.02769384221046315
50.16608304152076	0.01826986312313902	0.027824844193959985
50.29914957478739	0.01827746414061167	0.027476255037487934
50.43221610805403	0.018255127315523742	0.0274717845773396
50.56528264132066	0.018437259263583645	0.02745682815271014
50.69834917458729	0.01834381099429074	0.027696582737760104
50.83141570785393	0.018352731616648164	0.02761845278581507
50.96448224112056	0.0184754333874099	0.027689797487881064
51.09754877438719	0.01845684350221629	0.027663349558982333
51.23061530765383	0.018229483434193432	0.02768559669696424
51.36368184092046	0.018217311451972317	0.02769574574685563
51.49674837418709	0.018095494312142194	0.027680636946145636
51.62981490745373	0.01805160537927631	0.027632378633944903
51.762881440720356	0.018038199016042988	0.02795117371289467
51.89594797398699	0.018028411385392924	0.027991396784492424
52.02901450725363	0.018286069478876413	0.0279347145644874
52.162081040520256	0.01845394091937138	0.027775048159373626
52.29514757378689	0.01840685122476296	0.027684098901158485
52.42821410705353	0.01860070872200911	0.027848167722866204
52.561280640320156	0.018875949842873222	0.027762492460922855
52.69434717358679	0.018899914901357215	0.02785741913868827
52.82741370685343	0.018855146664396354	0.02803315003302872
52.960480240120056	0.018658941610690403	0.02793669218834908
53.09354677338669	0.01868649273687353	0.02774380028791466
53.22661330665333	0.018592184464729447	0.027722748292542298
53.359679839919956	0.018580472869224412	0.027833905018577482
53.49274637318659	0.01863103957924229	0.027794349587714106
53.62581290645323	0.018699672493007212	0.027709615045183517
53.758879439719855	0.01850215711874741	0.027628875160440963
53.89194597298649	0.018420998534901874	0.02736887378033296
54.02501250625313	0.018358117141530992	0.027456416251277475
54.158079039519755	0.01831710203550828	0.027354987729028113
54.29114557278639	0.018412517922160386	0.02737375430219296
54.42421210605303	0.018225305141398244	0.027208389207096423
54.557278639319655	0.018200462537973718	0.02724194629797382
54.69034517258629	0.018154048008825918	0.02719243205732737
54.823411705852926	0.018059720477847742	0.027394194457130306
54.956478239119555	0.01798392209628789	0.027600301341483027
55.08954477238619	0.018190281906182656	0.027312230982386432
55.222611305652826	0.018163328694087582	0.027436644825319448
55.35567783891946	0.018134338985493124	0.027226380269891586
55.48874437218609	0.018268040108120238	0.027251228985528633
55.621810905452726	0.018346220564978373	0.026886583207106164
55.75487743871936	0.01848411639927351	0.027054832839320545
55.88794397198599	0.01843220768071722	0.027041745071227308
56.021010505252626	0.018419231208022212	0.02695517619534815
56.15407703851926	0.018499296023839696	0.026917694174678503
56.28714357178589	0.018503947265026823	0.02675377824931723
56.420210105052526	0.018525012066395494	0.02681153116038604
56.55327663831916	0.01844895696842976	0.026664914820073018
56.68634317158579	0.01853715697497923	0.02672778418365877
56.819409704852426	0.018543259354547578	0.02674777749418877
56.95247623811906	0.0184748136160245	0.0264013595567333
57.08554277138569	0.01846849036012141	0.026492561216276293
57.218609304652325	0.018331598014946413	0.026730293991442226
57.35167583791896	0.01847088596844276	0.026836369828978742
57.48474237118559	0.018499918765096126	0.026908310842449146
57.617808904452225	0.018275084819627748	0.026943812712046374
57.75087543771886	0.018403730900724065	0.026855624306002534
57.88394197098549	0.018518543379720996	0.026952677679597206
58.017008504252125	0.018465488099027514	0.027088389839885353
58.15007503751876	0.018471249374852765	0.027096003384155114
58.28314157078539	0.018480573448568533	0.02716386690380649
58.416208104052025	0.0185151780617526	0.026941252987157452
58.54927463731866	0.01841406236844434	0.02699281592010463
58.68234117058529	0.018321865270470652	0.026942247781820323
58.815407703851925	0.018460416319562946	0.027022378748208384
58.94847423711856	0.018465244365662308	0.02701397557392249
59.08154077038519	0.018211083004506804	0.027083158071124283
59.214607303651825	0.017950616995395696	0.026977969005932623
59.34767383691846	0.017793604974038167	0.027083787121791204
59.48074037018509	0.017812910349866144	0.027441248138158424
59.613806903451724	0.01787984771146715	0.027515499483700998
59.74687343671836	0.017996165193696068	0.027447949035339883
59.87993996998499	0.01802141418454077	0.027463739180273533
60.013006503251624	0.018107870108498247	0.027394889649851425
60.14607303651826	0.01811787641100809	0.02745913727436341
60.27913956978489	0.01819690865611425	0.027397233334902474
60.412206103051524	0.018365475557888776	0.027652859774639247
60.54527263631816	0.01837226623762889	0.027463684180722196
60.67833916958479	0.018344425769306782	0.027485378782973437
60.811405702851424	0.01842545976664054	0.02763712204894269
60.94447223611806	0.018517614129501755	0.027478895460245536
61.07753876938469	0.018629664089511635	0.027396154023841882
61.210605302651324	0.01870272194400129	0.027416561251497377
61.34367183591796	0.01871858920173738	0.02748991263281784
61.47673836918459	0.018662736378526605	0.027251890255369088
61.60980490245122	0.018515861372803442	0.02745713419722687
61.74287143571786	0.018492635912140565	0.027609913643972868
61.87593796898449	0.018539182844487818	0.02763625746307522
62.00900450225112	0.018641043401748835	0.027753973226926004
62.14207103551776	0.018730992423964657	0.02788180788150269
62.27513756878439	0.018764964164187072	0.027954726158024305
62.40820410205102	0.018534648456551953	0.02783622363584346
62.54127063531766	0.01856764175504134	0.027926578980561712
62.67433716858429	0.018514574829539457	0.027993376355662004
62.80740370185092	0.018407998247679577	0.02807615829802854
62.94047023511756	0.018386604285919525	0.028284589841960733
63.07353676838419	0.018488894641807762	0.02846527999887665
63.20660330165082	0.018528767840867277	0.028129933292265995
63.33966983491746	0.01838116150630909	0.028115767957363418
63.47273636818409	0.01844653873274494	0.02807582353994881
63.60580290145072	0.01837745146844882	0.02823017346946883
63.73886943471736	0.01837101049725068	0.02819334281642864
63.87193596798399	0.018313685941396318	0.02795712644083855
64.00500250125063	0.018303117623976874	0.027934021004841922
64.13806903451726	0.018293352556835958	0.02782442698081012
64.27113556778389	0.018426542257403436	0.027642339806311294
64.40420210105053	0.01845759375272493	0.02772497183353959
64.53726863431716	0.018462606249583152	0.027718459080131604
64.67033516758379	0.018472682029373834	0.027992467350960757
64.80340170085043	0.018518689070922825	0.028027930111296253
64.93646823411706	0.018437817374806428	0.027922080163133987
65.06953476738369	0.018680535765435966	0.028213216131726126
65.20260130065033	0.0189353848490037	0.02835796594678015
65.33566783391696	0.018975169372188776	0.028318447542067058
65.46873436718359	0.018843188952131516	0.028481383010386937
65.60180090045023	0.01875451127502015	0.028272370108917366
65.73486743371686	0.01888055587386241	0.02821249080324459
65.86793396698349	0.01871743918429503	0.028313369118405842
66.00100050025013	0.01851673102423934	0.028279032580713702
66.13406703351676	0.01859203270418175	0.02832401507902583
66.26713356678339	0.018635204791485588	0.028375685257265894
66.40020010005003	0.018598952277034002	0.028377646926752202
66.53326663331666	0.01874666632198524	0.028344495424425385
66.66633316658329	0.01882169935712778	0.02826682588050582
66.79939969984993	0.01901148100528793	0.02832909977081339
66.93246623311656	0.01924800816076014	0.028269188471890364
67.06553276638319	0.019224487376006	0.02809783185796064
67.19859929964983	0.019201027208212075	0.027958758553663844
67.33166583291646	0.01910865015668983	0.02807976881815233
67.46473236618309	0.019181087628782848	0.027859956596070448
67.59779889944973	0.01922675966241611	0.027748317226620214
67.73086543271636	0.019277947894828288	0.027445652557813893
67.86393196598299	0.019389872627646496	0.027526407575197784
67.99699849924963	0.01938739651956143	0.02766604504130954
68.13006503251626	0.019423956192635886	0.027765798791644047
68.26313156578288	0.019313077870705273	0.02786892945019606
68.39619809904953	0.019287308741297707	0.027792318178730728
68.52926463231616	0.019538466869509167	0.02767394619872453
68.66233116558278	0.019619086266457347	0.027588881941450715
68.79539769884943	0.019765855327607877	0.027641739511330043
68.92846423211606	0.019887282287779303	0.027721489031822116
69.06153076538268	0.019775361151348866	0.02767931422028019
69.19459729864933	0.019765834663486078	0.02750372190416382
69.32766383191596	0.019803392618665334	0.027516090614681982
69.46073036518258	0.019761460175936007	0.027726626204985387
69.59379689844923	0.019610926420123305	0.027682801462937293
69.72686343171586	0.01945530925048215	0.027797162886010637
69.85992996498248	0.019322498779611806	0.027961788275769367
69.99299649824913	0.019042999409742144	0.028033251929782742
70.12606303151576	0.019100642422447408	0.028018182782951914
70.25912956478238	0.019097108377545365	0.027997656577889083
70.39219609804903	0.019059481715745816	0.028254143066210744
70.52526263131566	0.01891022667772067	0.028376916345548203
70.65832916458228	0.01884953646230761	0.028346220466041093
70.79139569784893	0.0187201402128315	0.02863370177646431
70.92446223111556	0.018654621845690483	0.028705013880222677
71.05752876438218	0.018730500109501808	0.02876684454164205
71.19059529764883	0.018732494358827557	0.028928510764912298
71.32366183091546	0.018667043410809245	0.028914743477465987
71.45672836418208	0.018646703117529834	0.028914757371933244
71.58979489744873	0.01875310227739058	0.028852860283338198
71.72286143071535	0.01876727930690632	0.02870119982655811
71.85592796398198	0.018769531093610986	0.02877854579582305
71.98899449724863	0.018658897018717747	0.028830559045062456
72.12206103051525	0.01861406818816388	0.028956489984673275
72.25512756378188	0.018724699507887473	0.02892780352809816
72.38819409704853	0.018698009221715897	0.02898456636076897
72.52126063031515	0.018628131272435542	0.028980772303188997
72.65432716358178	0.018687349130947457	0.028948233647517717
72.78739369684843	0.018609368059897446	0.02888343573992494
72.92046023011505	0.018731041796327615	0.028772382748153975
73.05352676338168	0.01874860293588146	0.028890655270565904
73.18659329664833	0.018938026778938837	0.028967597995187635
73.31965982991495	0.018804458377392145	0.029120289509932836
73.45272636318158	0.018799415322982842	0.029307605483790827
73.58579289644823	0.01892617693431079	0.029292243204234424
73.71885942971485	0.019194326654800534	0.029470234221906894
73.85192596298148	0.019126980501452437	0.029682295350960106
73.98499249624813	0.019023527429240735	0.02961691064395103
74.11805902951475	0.01906446304200956	0.029704317188244917
74.25112556278138	0.019147011575330004	0.029379135215353472
74.38419209604803	0.019068652480667716	0.029527198857516895
74.51725862931465	0.019074088955914142	0.029541167340069327
74.65032516258128	0.0190926924901309	0.029413608033275977
74.78339169584793	0.01926283801108548	0.02946823459067884
74.91645822911455	0.019266039786088474	0.029596374123122614
75.04952476238118	0.019382459037961396	0.02959334405315667
75.18259129564782	0.019493619077567446	0.02945823359610948
75.31565782891445	0.01960370190713741	0.02925860594439433
75.44872436218108	0.01955228025596169	0.02915832039625512
75.58179089544772	0.019591524735664473	0.029143082502368956
75.71485742871435	0.0195939373512979	0.028996244992061028
75.84792396198098	0.019635710842309567	0.029079159301665634
75.98099049524762	0.019744029645587607	0.029050918895273406
76.11405702851425	0.01974654937084097	0.0291346787125146
76.24712356178088	0.019812311080543245	0.02912893543631964
76.38019009504752	0.019830711940707287	0.02909826354674028
76.51325662831415	0.019886077658957384	0.029047283602251856
76.6463231615808	0.01990299431348555	0.029051598175427188
76.77938969484742	0.019958711841490423	0.0288934706921543
76.91245622811405	0.020096457585068374	0.02884727102967863
77.0455227613807	0.02007960840001487	0.02885222165238401
77.17858929464732	0.0201774834175129	0.0288165501852051
77.31165582791395	0.020296603187096345	0.028662248218282612
77.4447223611806	0.02038537266302142	0.028692467943578836
77.57778889444722	0.020266783786091248	0.02880239262374314
77.71085542771385	0.020172296721431136	0.028837445425013906
77.8439219609805	0.02007588912672969	0.028676726136285302
77.97698849424712	0.020162477666433896	0.028804624457010833
78.11005502751375	0.020174819554974938	0.028739695646273936
78.2431215607804	0.02020442988093364	0.02861722867007799
78.37618809404702	0.020080777942202532	0.02863961154046177
78.50925462731365	0.020134654652708243	0.028684247876759373
78.6423211605803	0.020339988843766987	0.02898824437410467
78.77538769384692	0.02034495794485966	0.029234828953772645
78.90845422711355	0.020180470668805434	0.0293494171544983
79.0415207603802	0.020129300670444248	0.029049006786006557
79.17458729364682	0.02008034052260959	0.029198485029741747
79.30765382691345	0.01993920546242708	0.029298810116759135
79.4407203601801	0.019890374705771527	0.029335893664284816
79.57378689344672	0.01996075751104197	0.02938561294487253
79.70685342671335	0.019991809411084478	0.029559605895191778
79.83991995998	0.01995547597249816	0.029728913851609296
79.97298649324662	0.01993447454818201	0.02969042985578178
80.10605302651325	0.01995067945648783	0.029934723459487295
80.2391195597799	0.020025777304486122	0.030179921373271648
80.37218609304652	0.01998228102006117	0.03019949257049455
80.50525262631315	0.02009126889405818	0.03027844155542672
80.6383191595798	0.02009570373297747	0.030235153314420848
80.77138569284642	0.020215089780927693	0.03010501264583614
80.90445222611305	0.02019625317106296	0.030178499251526065
81.0375187593797	0.020292996281290457	0.03027738989195508
81.17058529264632	0.020258953282602046	0.03049757220700937
81.30365182591295	0.0199685969405355	0.030821489020530963
81.4367183591796	0.019861988450770862	0.030917086223647885
81.56978489244622	0.01975873952871318	0.031105116996461086
81.70285142571285	0.01983487964998275	0.031153687381006802
81.8359179589795	0.019765677810247184	0.03127667692289282
81.96898449224612	0.01967513449455726	0.03150750016029779
82.10205102551275	0.019663709304258824	0.03151690914666222
82.2351175587794	0.019787986906367537	0.031547563106625584
82.36818409204602	0.02006603653223494	0.031311998762339
82.50125062531265	0.020090531523995172	0.03143213108589026
82.6343171585793	0.020106921571255612	0.031590080296768804
82.76738369184592	0.020078371706673825	0.03173105977806185
82.90045022511255	0.01991048081009924	0.03184337391167613
83.03351675837919	0.020034477048512356	0.03188101187201232
83.16658329164582	0.019928130314346162	0.03192532164272104
83.29964982491245	0.01998511876991012	0.03218770621616759
83.43271635817909	0.019882377627308472	0.03227123476143264
83.56578289144572	0.019712958739051142	0.03219929658721693
83.69884942471235	0.019667734970274603	0.032105740006238295
83.83191595797899	0.01960022784547715	0.032037197179015486
83.96498249124562	0.019628175302209942	0.03206636187906182
84.09804902451225	0.01988700905582208	0.03198333117655951
84.23111555777889	0.019847593751036074	0.03186203110033466
84.36418209104552	0.019771391736700183	0.03207487277811402
84.49724862431215	0.019800060608687192	0.03230704379281013
84.63031515757879	0.01991903689485883	0.03241665547452828
84.76338169084542	0.019843647946603368	0.03237093064310238
84.89644822411205	0.019772795131188254	0.03241650720084634
85.02951475737869	0.01959218041225326	0.03229657828024684
85.16258129064532	0.019521601046513546	0.032301810569213614
85.29564782391195	0.019607523356420326	0.03232759472303804
85.42871435717859	0.019350101633302776	0.03211771726539142
85.56178089044522	0.019292886799204392	0.03205425536467395
85.69484742371185	0.019516133944067576	0.0320465863413979
85.82791395697849	0.019687716341707368	0.03208731988604199
85.96098049024512	0.019938381682607934	0.03226459825864549
86.09404702351175	0.01989920503844016	0.03206923367227088
86.22711355677839	0.019805292708678125	0.031902465076150396
86.36018009004502	0.019747840531356295	0.03188819857690913
86.49324662331165	0.01958898161129361	0.031845239365720736
86.62631315657829	0.019570014825300706	0.03186471452248848
86.75937968984492	0.01972329461553633	0.03173869902462223
86.89244622311155	0.019884183815339185	0.03157998181416308
87.02551275637819	0.020053492434884166	0.0314676485877845
87.15857928964482	0.020102704273330035	0.03179570675468509
87.29164582291145	0.020401004276083993	0.031877038532225926
87.42471235617809	0.02041345881343174	0.03180187829865999
87.55777888944472	0.020296082078945416	0.03192328354420925
87.69084542271135	0.020432403333606092	0.031802160676771045
87.82391195597799	0.020378571717134173	0.03166612683490907
87.95697848924462	0.020325297686204315	0.03201216121433754
88.09004502251125	0.020360082727270936	0.032116123493710166
88.22311155577789	0.02027587054133859	0.03215382853613262
88.35617808904452	0.020400078288663758	0.03207656927895613
88.48924462231115	0.02071463856363837	0.03203989468312284
88.62231115557779	0.020951618646487286	0.031813941147101676
88.75537768884442	0.0209311830146094	0.03190682351876346
88.88844422211105	0.020766914051545824	0.031978500585587974
89.02151075537769	0.02063183156975659	0.03183111874945037
89.15457728864432	0.02056148994636071	0.03186475136627239
89.28764382191095	0.020450466226318995	0.03174947299115718
89.42071035517759	0.020492219825305597	0.03163381007356091
89.55377688844422	0.020309803128616653	0.031637582486324395
89.68684342171085	0.020214034173950637	0.03185127849532264
89.81990995497749	0.020207330508999328	0.03163505554281392
89.95297648824412	0.020238569816827468	0.03164927621785659
90.08604302151075	0.0202350453151102	0.031680669525606386
90.21910955477739	0.020069891045704405	0.03189098007532099
90.35217608804402	0.020178439483223835	0.03205325051889218
90.48524262131065	0.020146701778435114	0.0323637797960628
90.61830915457729	0.020060287942547213	0.03253476226720177
90.75137568784392	0.020123653122943824	0.03220933199838623
90.88444222111055	0.020122583010289366	0.03240329203222172
91.01750875437719	0.020342374587210412	0.032337820237309606
91.15057528764382	0.020352893232516142	0.032216773602255215
91.28364182091045	0.02035370571227665	0.032166655501066045
91.41670835417709	0.02044292108088259	0.03212138670095696
91.54977488744372	0.02034072673590797	0.03208128292641706
91.68284142071035	0.020514297780177975	0.03207306233167279
91.81590795397699	0.02052869033001952	0.03205703554534202
91.94897448724362	0.020518924309065368	0.032078387093887335
92.08204102051025	0.020452991649204704	0.03223817440602038
92.21510755377689	0.02056491088411266	0.03216313642847931
92.34817408704352	0.020551822442491315	0.031910898167673
92.48124062031015	0.020519285396882737	0.031988601007075124
92.61430715357679	0.020603087546011166	0.03207729767395523
92.74737368684342	0.020660442510707665	0.03209248412187023
92.88044022011005	0.02064111055194029	0.032075343227160845
93.01350675337669	0.020712744015934915	0.03198027843269565
93.14657328664332	0.02082758517578514	0.032205353465057374
93.27963981990995	0.020707886685580015	0.03245027283431393
93.41270635317659	0.020427949431616854	0.03237107735127186
93.54577288644322	0.020232943888492026	0.0321919005501952
93.67883941970985	0.0204361034392864	0.03214097915696837
93.81190595297649	0.020409440869268984	0.032202009416170255
93.94497248624312	0.02053966009231518	0.03211979946219397
94.07803901950976	0.02049823868707568	0.03193695805419565
94.21110555277639	0.020590102281957387	0.03187097165014482
94.34417208604302	0.0204823407327703	0.0319151772613201
94.47723861930966	0.020401550302791796	0.03178574794875388
94.61030515257629	0.020437726073778847	0.031261620934678776
94.74337168584292	0.02047978845444698	0.031032646907695624
94.87643821910956	0.020269564145932735	0.03105031443286878
95.00950475237619	0.020424996824651247	0.03134169040727637
95.14257128564282	0.020592654041201208	0.031588342132136994
95.27563781890946	0.02054142007816048	0.03143773630921451
95.40870435217609	0.020514268238468303	0.031471779597659504
95.54177088544272	0.020440272319742263	0.031203047787675253
95.67483741870936	0.020596849594893524	0.030775217702187194
95.80790395197599	0.020654962828829445	0.030791362953520557
95.94097048524262	0.020420514675230438	0.03062496549170293
96.07403701850926	0.02038568303865767	0.03046980257648814
96.20710355177589	0.020163036139187757	0.030634934332802982
96.34017008504252	0.02013664730923063	0.03072341391171614
96.47323661830916	0.020048359874680552	0.030642232438032466
96.60630315157579	0.019859951519908787	0.030671901441532385
96.73936968484242	0.01982016906590563	0.03072934017374295
96.87243621810906	0.019818052295453602	0.030622054674959792
97.00550275137569	0.019789321141012693	0.03073850015203682
97.13856928464232	0.019724936698686288	0.03098649141406257
97.27163581790896	0.01970332490396747	0.031027925885532874
97.40470235117559	0.019724612263378932	0.031052905837777332
97.53776888444222	0.019805411445964802	0.030923367066599965
97.67083541770886	0.020108187568764604	0.030632922038319986
97.80390195097549	0.020168607177998392	0.03077316118507898
97.93696848424212	0.020098310792103984	0.030856819342257022
98.07003501750876	0.020100044057427376	0.030639352022320328
98.20310155077539	0.020080580111539275	0.030551413793783087
98.33616808404201	0.020186747706921346	0.03055067321424758
98.46923461730866	0.020206725955728085	0.030711376041090706
98.60230115057529	0.020260495678459237	0.030697291824028194
98.73536768384191	0.020157186659595205	0.030551285621917335
98.86843421710856	0.02005364659517543	0.030550399510339745
99.00150075037519	0.02014506447468721	0.03051162774661996
99.13456728364181	0.020308266655990496	0.030562831961754158
99.26763381690846	0.020296957399715314	0.03078117645468198
99.40070035017509	0.02034274264216424	0.030789988004103368
99.53376688344171	0.020485726098048065	0.030779681183986142
99.66683341670836	0.020510293858032772	0.030676313010276627
99.79989994997499	0.020349072687962166	0.030622817033875246
99.93296648324161	0.02049726790780496	0.030693142571697012
100.06603301650826	0.020626489292772276	0.03058720260127942
100.19909954977489	0.020573803579950128	0.03071856066797328
100.33216608304151	0.0205470774699632	0.0308694263688853
100.46523261630816	0.020680432725438673	0.03101901843904129
100.59829914957479	0.02047055853189336	0.030960760519849893
100.73136568284141	0.02052939825405541	0.031198740742660165
100.86443221610806	0.020513531911845934	0.03126891851992144
100.99749874937469	0.020284948139763937	0.031178239528771596
101.13056528264131	0.020487063441922564	0.031089912257694016
101.26363181590796	0.020531681681933638	0.03101363887141121
101.39669834917459	0.020492113099820783	0.031082014131777913
101.52976488244121	0.02045223518436793	0.03111062860909842
101.66283141570786	0.020505123179557286	0.03122989430234564
101.79589794897448	0.020532088177549115	0.0310181857486674
101.92896448224111	0.020449825449693905	0.030947271609611075
102.06203101550776	0.020540074428414327	0.031025177110127183
102.19509754877438	0.020516602088979822	0.03094064724128914
102.32816408204101	0.020331881217937553	0.031016130549278736
102.46123061530766	0.020416716610922113	0.031105692938993196
102.59429714857428	0.02057706830894319	0.031110769927680377
102.72736368184091	0.020585998719751145	0.031138259031872607
102.86043021510756	0.020541226156577226	0.03111716996687861
102.99349674837418	0.02058677099727044	0.031233780475732716
103.12656328164081	0.02065373238669446	0.03153646989066515
103.25962981490746	0.020571190754843337	0.03159956874255299
103.39269634817408	0.020573906412959996	0.03140744920874332
103.52576288144071	0.020676629469015304	0.03135041317064723
103.65882941470736	0.020739303597945218	0.031353234445479744
103.79189594797398	0.02080718651509307	0.031499765680438316
103.92496248124061	0.020628931705302864	0.03166581179979789
104.05802901450726	0.0204462008822782	0.03174674393929982
104.19109554777388	0.020351202473772895	0.031585585449815066
104.32416208104051	0.020326692558263377	0.03149930713320487
104.45722861430716	0.02035207336875872	0.03143585905751441
104.59029514757378	0.020549607432068667	0.03150364006047764
104.72336168084041	0.02057161005231894	0.03156962286323015
104.85642821410705	0.020419627426342086	0.03148013259858679
104.98949474737368	0.020552093262331324	0.03148310117585668
105.12256128064031	0.0205754185778168	0.031459362904019114
105.25562781390695	0.020527827717477843	0.03136743763101992
105.38869434717358	0.02053238234397268	0.031299163308781165
105.52176088044021	0.020575960939419945	0.03160615953587283
105.65482741370685	0.020546705356819645	0.03177656135206293
105.78789394697348	0.020503890466169163	0.03186058776649347
105.92096048024011	0.020465860051490037	0.03180681695223979
106.05402701350675	0.020559038885733693	0.031931932531230146
106.18709354677338	0.020690259241050595	0.03189586612705585
106.32016008004001	0.02079417509947404	0.031842375293439196
106.45322661330665	0.02091548325048209	0.03205650881646111
106.58629314657328	0.020923103187746595	0.0320016555512623
106.71935967983991	0.02086090517391454	0.031897420956327374
106.85242621310655	0.02082499289351758	0.032106571499017716
106.98549274637318	0.02061629277996513	0.03224312402260802
107.11855927963981	0.020671090694310633	0.032109649217346575
107.25162581290645	0.02080028037897783	0.03221071369527623
107.38469234617308	0.02071299644873972	0.032418794014710546
107.51775887943971	0.020797370785149913	0.032418717113343536
107.65082541270635	0.020851428512789857	0.032536918819979006
107.78389194597298	0.02080957448201945	0.03242119795531028
107.91695847923961	0.020747373933055365	0.03233536705226867
108.05002501250625	0.02084560333965793	0.03234399789033124
108.18309154577288	0.020888801174094616	0.032327027573903495
108.31615807903951	0.021007397908451502	0.03241728517646426
108.44922461230615	0.0209972744810263	0.03232082373536839
108.58229114557278	0.020888698562709286	0.032264234279145584
108.71535767883941	0.02099352770954581	0.03236003250361386
108.84842421210605	0.021182194065014707	0.03249507733680817
108.98149074537268	0.021222523575652352	0.03255874786422559
109.11455727863931	0.021042477071163693	0.032462147648896315
109.24762381190595	0.020952141821903414	0.03264848995924086
109.38069034517258	0.021080077244159758	0.03263421414655445
109.51375687843921	0.02111347404055869	0.032561433114980685
109.64682341170585	0.021175614906641	0.03238673883010647
109.77988994497248	0.021290228658921207	0.0323427927996942
109.91295647823911	0.02114924742235269	0.03257762806311825
110.04602301150575	0.020961590206841185	0.03258098023821364
110.17908954477238	0.020880933525515285	0.03242531823584313
110.31215607803901	0.020856778351810903	0.03257401478915847
110.44522261130565	0.020835251710318466	0.03281393914169215
110.57828914457228	0.020780910349602204	0.0329238980654558
110.71135567783892	0.020747698852474766	0.032803100040986
110.84442221110555	0.020854426001478098	0.03286705959677287
110.97748874437218	0.020798188544023252	0.033067140688656224
111.11055527763882	0.020822417432355595	0.033076834572777235
111.24362181090545	0.0209450322274222	0.033208268915848896
111.37668834417208	0.021116854229272397	0.03328429502599662
111.50975487743872	0.021281259234791128	0.03317983546136163
111.64282141070535	0.021452703057958808	0.03323800574018656
111.77588794397198	0.021524362030872043	0.03329407934347094
111.90895447723862	0.021537087058475932	0.033324665181328934
112.04202101050525	0.021597451221678908	0.03355430234667059
112.17508754377188	0.021434787045281872	0.03356171518756306
112.30815407703852	0.02138811262097989	0.03354145463416313
112.44122061030515	0.02157609690452383	0.03364965739012788
112.57428714357178	0.021740627561948198	0.0336870193484807
112.70735367683842	0.021937805831900893	0.033706400839243346
112.84042021010505	0.021982455888450596	0.03380876425069295
112.97348674337168	0.02195433499847045	0.03384340425098375
113.10655327663832	0.022093573357892013	0.033560812066943
113.23961980990495	0.022225547748306044	0.03342502846883435
113.37268634317158	0.022182328824095647	0.03331790695364058
113.50575287643822	0.022213520082071354	0.033247878175123764
113.63881940970485	0.02202144341810163	0.03342669654426654
113.77188594297148	0.02172943799260588	0.033578073043338194
113.90495247623812	0.02183564724231218	0.03364879876424955
114.03801900950475	0.021867600696206173	0.03359947054521424
114.17108554277138	0.021905442446788756	0.03356456583585209
114.30415207603802	0.02184573141040038	0.033554671954199006
114.43721860930465	0.02158150334522822	0.03361454245550039
114.57028514257128	0.02143969691968768	0.0336215684174539
114.70335167583792	0.021345739415288036	0.033703839484902166
114.83641820910455	0.021347179035786257	0.03382404705056063
114.96948474237118	0.02147130506042678	0.03363030105888674
115.10255127563782	0.021375633357398026	0.03346239500605072
115.23561780890445	0.021160853823016322	0.033511526798393844
115.36868434217108	0.021062284223462	0.03353611664829015
115.50175087543772	0.021112374590662484	0.033682243547050864
115.63481740870435	0.020998981729093834	0.03390427335063933
115.76788394197098	0.02077006975374902	0.033897456174666954
115.90095047523762	0.020615086190052364	0.033951503735669096
116.03401700850425	0.02059507034059297	0.03413708352586849
116.16708354177088	0.020632568007809327	0.03425570467801622
116.30015007503752	0.020814318273164982	0.03407145918084777
116.43321660830415	0.020706813971051518	0.03424258047192936
116.56628314157078	0.020518236298702315	0.034371527444962045
116.69934967483742	0.020549569075932365	0.03403804409100191
116.83241620810405	0.020579387874398045	0.0338301256910284
116.96548274137068	0.020537747046912483	0.03364908583805832
117.09854927463732	0.020653565956436064	0.0336492835022929
117.23161580790395	0.02073853555248797	0.03387293870305545
117.36468234117058	0.020729073942940834	0.03404013504176167
117.49774887443722	0.020547066071989323	0.0340865248937212
117.63081540770385	0.020537025763233636	0.03404822521609805
117.76388194097048	0.020699481188130017	0.033986478620019064
117.89694847423712	0.020860458764099938	0.034087894159875384
118.03001500750375	0.02085133823515175	0.034127199740459906
118.16308154077038	0.020930350069538514	0.03406331899087481
118.29614807403702	0.02102496212028365	0.03406977012074302
118.42921460730365	0.02094153585929456	0.03406923948398122
118.56228114057028	0.0210780472793744	0.03428389582349562
118.69534767383692	0.02128000870809461	0.034164170862949164
118.82841420710355	0.02130464701592123	0.03388748542468088
118.96148074037018	0.021270811390940832	0.03367744169420786
119.09454727363682	0.021253328541986777	0.033417982068580265
119.22761380690345	0.021246034854225302	0.03346622604709794
119.36068034017008	0.02140120607135475	0.033422830105947515
119.49374687343672	0.02147399987964056	0.03334696771489405
119.62681340670335	0.021520754272739792	0.033458175504785276
119.75987993996998	0.021586684839643308	0.033470657903002354
119.89294647323662	0.02147519342719712	0.03357977355010479
120.02601300650325	0.02131806961041878	0.0337114721715652
120.15907953976988	0.021272709440931743	0.03378597869956
120.29214607303652	0.021253782449247822	0.033780449483853774
120.42521260630315	0.02137285288682278	0.03374590391980493
120.55827913956978	0.021588601401227002	0.033780605083344246
120.69134567283642	0.021639546737387987	0.033844038922656916
120.82441220610305	0.021522973808292642	0.03404064920043465
120.95747873936968	0.021259761468340712	0.03437303748454561
121.09054527263632	0.021026830506843872	0.03434012835260279
121.22361180590295	0.0210184173434563	0.034038417086388544
121.35667833916958	0.0210215332346419	0.033925236172469155
121.48974487243622	0.021151097473637324	0.034081143147692304
121.62281140570285	0.021089410659312514	0.03410050123172777
121.75587793896948	0.020978288032032215	0.03415808526664412
121.88894447223612	0.02105627403560488	0.03401287712016362
122.02201100550275	0.02118894090923616	0.0338347044092075
122.15507753876938	0.021296355839436648	0.03394544502036561
122.28814407203602	0.02119228084879597	0.03395502906633898
122.42121060530265	0.021253332699873135	0.034023776481132785
122.55427713856928	0.021305699052225756	0.03419246598475834
122.68734367183592	0.021333534446770774	0.03434994749460105
122.82041020510255	0.021267775262193093	0.03447411774636606
122.95347673836918	0.0212347497662562	0.0343433662089957
123.08654327163582	0.02104102346104135	0.03416851501887187
123.21960980490245	0.02088979799093892	0.034135106256336395
123.35267633816908	0.02082764748217467	0.034097617338807513
123.48574287143572	0.020871031372777515	0.034125427642128996
123.61880940470235	0.020857136531647506	0.03397585023780458
123.75187593796898	0.020824887438263395	0.03400930857845201
123.88494247123562	0.020903153851745508	0.03416219942477704
124.01800900450225	0.020918550066045077	0.03408194024433366
124.15107553776888	0.020714488839187604	0.03389529494463871
124.28414207103552	0.02052470196217165	0.03377110967066197
124.41720860430215	0.020569444363117192	0.033705762760333276
124.55027513756878	0.020800321761396127	0.03369819049276662
124.68334167083542	0.020959857000421793	0.033910749867231735
124.81640820410205	0.021042073271112828	0.03406511451097153
124.94947473736867	0.021090355793620747	0.033960129822164356
125.08254127063532	0.021176175814683496	0.033831492951196036
125.21560780390195	0.021216134697701183	0.03380042972727921
125.34867433716857	0.02120163642112865	0.03383577433103245
125.48174087043522	0.021207974300936565	0.033681414204043185
125.61480740370185	0.021147728475665407	0.03346105893951757
125.74787393696847	0.021111420427395087	0.033380461866839586
125.88094047023512	0.02106794302113849	0.03339382326623742
126.01400700350175	0.021064048107994584	0.033655752288776576
126.14707353676837	0.021067180639405242	0.033722090752550886
126.28014007003502	0.021100641917894302	0.03376683888029508
126.41320660330165	0.020957616087418834	0.03378540266721497
126.54627313656827	0.02079255117601022	0.033821483336873605
126.67933966983492	0.020618774162528372	0.03382580124179058
126.81240620310155	0.02055791042208711	0.03358485653681928
126.94547273636817	0.020563752551119772	0.033545631618623416
127.07853926963482	0.020731659391893288	0.033579209896655124
127.21160580290145	0.020942098299652163	0.03360510724908108
127.34467233616807	0.021043330355656108	0.03381275919551034
127.47773886943472	0.021107948776351023	0.03404093350913965
127.61080540270135	0.021164936560340783	0.03409056862620296
127.74387193596797	0.02134525792494782	0.0340318406853439
127.87693846923462	0.021396068551901664	0.03421001460179659
128.01000500250126	0.021587658041121685	0.03457064277434672
128.1430715357679	0.02170956216282354	0.03460519870821853
128.27613806903452	0.021571129472017024	0.03457208024095931
128.40920460230114	0.02151350551569911	0.03477116159505422
128.54227113556777	0.021352528871814734	0.03480908536226904
128.6753376688344	0.02143112312103978	0.03475041250418816
128.80840420210106	0.02163701147230569	0.03484874105167163
128.9414707353677	0.021684939285339315	0.03495628499484819
129.07453726863432	0.0217198509445897	0.03507836917875385
129.20760380190094	0.021955694735473368	0.03498931181175492
129.34067033516757	0.022121623442942006	0.034951306742447785
129.4737368684342	0.022153694730639543	0.03512546101336024
129.60680340170086	0.022288406443540073	0.03499581590192329
129.7398699349675	0.02228785836060798	0.03486220831823095
129.87293646823412	0.02231337391735799	0.034812014972229806
130.00600300150074	0.022262775927604155	0.03481657920464859
130.13906953476737	0.02220818931421374	0.03497896204171277
130.272136068034	0.02250310517233641	0.035077258334409
130.40520260130066	0.0225434777873388	0.034890240951033664
130.5382691345673	0.02236995300256102	0.034680322423534006
130.67133566783392	0.022355763771375103	0.034893532627292556
130.80440220110054	0.02237064909632722	0.03487692652698832
130.93746873436717	0.022380633353608785	0.03475251676035125
131.0705352676338	0.022391759154732585	0.03477050047519989
131.20360180090046	0.02240159128265372	0.03473326543874016
131.3366683341671	0.022340685039153502	0.03466386151259757
131.46973486743371	0.02225068873519756	0.034664989598146796
131.60280140070034	0.022147602852769583	0.03464289289076019
131.73586793396697	0.022135019790933873	0.034529703452854506
131.8689344672336	0.022132912489084413	0.03457000125202574
132.00200100050026	0.021924788789920834	0.0345679749062905
132.1350675337669	0.02173388671181808	0.03467951478677502
132.26813406703351	0.021662846199313315	0.03466896066160913
132.40120060030014	0.02159079379492341	0.034685341756790916
132.53426713356677	0.021628560563722272	0.03469500962309319
132.6673336668334	0.02166445398651014	0.034716145722113276
132.80040020010006	0.021674923723659787	0.034886346938272354
132.93346673336669	0.021663364776825032	0.03457556212537526
133.06653326663331	0.02163569224277501	0.0346358972471865
133.19959979989994	0.021633338576702774	0.03473834935478114
133.33266633316657	0.021667541218845808	0.03469930103333877
133.4657328664332	0.021571905653151476	0.034857055251224615
133.59879939969986	0.02139500386823189	0.03472858221384688
133.73186593296649	0.021296401789099598	0.03451844965967172
133.8649324662331	0.02119692475800974	0.03462984152642875
133.99799899949974	0.021174351647836473	0.034820674643284005
134.13106553276637	0.02123470299653654	0.03467512146518404
134.264132066033	0.02133395832678165	0.0347531529358253
134.39719859929966	0.021233752724622988	0.03506693247983401
134.53026513256629	0.021091311429956253	0.035191172533160495
134.6633316658329	0.021070655628858223	0.03524458510106925
134.79639819909954	0.021248460242653706	0.03525310190997584
134.92946473236617	0.021451893548906052	0.03531270554130757
135.0625312656328	0.02132635237028076	0.03540014864280201
135.19559779889946	0.021200443777200612	0.03543566163443717
135.32866433216608	0.021204382389431946	0.03540321429819878
135.4617308654327	0.02123538272002169	0.035370315336840555
135.59479739869934	0.021316942501179367	0.03534468161910778
135.72786393196597	0.02157233943576645	0.03534663095958887
135.8609304652326	0.021685442937991243	0.03536454920423445
135.99399699849926	0.02160893991763875	0.0352705073948493
136.12706353176588	0.021492917246975097	0.035341328037847196
136.2601300650325	0.021299008850549896	0.03548172025400484
136.39319659829914	0.021234750135988092	0.035561257843389475
136.52626313156577	0.021299873837693238	0.03579409272013551
136.65932966483243	0.021422796786115524	0.03595109895406009
136.79239619809906	0.02135634662634091	0.03592545869713189
136.92546273136568	0.02139537621286169	0.036132129834738055
137.0585292646323	0.021361051817714187	0.03622320263373648
137.19159579789894	0.021244922776828334	0.036151914084028375
137.32466233116557	0.02132836152669979	0.03619280598226782
137.45772886443223	0.021267565666657263	0.03622295468430402
137.59079539769886	0.021238409688550827	0.03617076250160725
137.72386193096548	0.021314010495874603	0.0360135216124688
137.8569284642321	0.02142269407475569	0.03609488728904194
137.98999499749874	0.021336165850962555	0.036428718017535944
138.12306153076537	0.021165039820329096	0.036667723326531544
138.25612806403203	0.0210483500541129	0.03640126173024641
138.38919459729865	0.021105496200794934	0.03590638791002633
138.52226113056528	0.02102498519867788	0.035896421749476416
138.6553276638319	0.020796325098775825	0.035798999024438206
138.78839419709854	0.020960849381517703	0.03577610661891397
138.92146073036517	0.020936159213700446	0.03563272428043327
139.05452726363183	0.020838757258113485	0.03547863122983068
139.18759379689845	0.020752600355756684	0.0355110981039618
139.32066033016508	0.020650562519215883	0.0355099434645094
139.4537268634317	0.020644713274228097	0.03589625130718017
139.58679339669834	0.020629162709054086	0.036154951921996546
139.71985992996497	0.020793586498071205	0.03611726063671449
139.85292646323163	0.02077233450108146	0.03610803740782944
139.98599299649825	0.02074592265835236	0.03605047749289669
140.11905952976488	0.020691936887339106	0.035943078963134555
140.2521260630315	0.020587250950750608	0.035846404041989216
140.38519259629814	0.020802753274269288	0.035816095392737536
140.51825912956477	0.02078140932915865	0.03568041790749894
140.65132566283143	0.020761598530287906	0.03550640693750059
140.78439219609805	0.020688662280442367	0.035372904815726997
140.91745872936468	0.020667212246934828	0.03537795517785315
141.0505252626313	0.020985147378197403	0.035598315457160995
141.18359179589794	0.021126191844343976	0.035562684963428313
141.31665832916457	0.021133140986213113	0.03538274914756051
141.44972486243122	0.021104080189620792	0.03533434868377222
141.58279139569785	0.021005744390699174	0.03540101066332303
141.71585792896448	0.02098323516830729	0.0355196828807276
141.8489244622311	0.020980559965318297	0.035638444350848786
141.98199099549774	0.020936167704546437	0.0358591769008921
142.11505752876437	0.021093812852216984	0.03595591532526985
142.24812406203102	0.021152053254968023	0.03590925706668013
142.38119059529765	0.02112484868957824	0.0360444050844082
142.51425712856428	0.021300085430307064	0.03589399855877194
142.6473236618309	0.021238072474901518	0.035757789180622605
142.78039019509754	0.021234475650330518	0.03613969026775807
142.91345672836417	0.02120575103364489	0.03625097103023027
143.04652326163082	0.021074412304260933	0.035964315954877965
143.17958979489745	0.021085068007243555	0.03588256094687964
143.31265632816408	0.021008071263645085	0.03587179311730877
143.4457228614307	0.020810447838230703	0.035832434784840696
143.57878939469734	0.020714883439310754	0.03580419838947289
143.71185592796397	0.020819330823941117	0.03558038587872266
143.84492246123062	0.020791685124990817	0.03556423002123317
143.97798899449725	0.02078366428763765	0.03588776351283424
144.11105552776388	0.02081219580942102	0.03599477949146079
144.2441220610305	0.02090280161497014	0.035896766705855454
144.37718859429714	0.020988126234339592	0.03580316982025381
144.51025512756377	0.020976961959412885	0.03568082746349943
144.64332166083042	0.02094052114293429	0.03569686051814073
144.77638819409705	0.020895714556811867	0.03569179236414991
144.90945472736368	0.02093146066382854	0.03559479563251601
145.0425212606303	0.02078741736809967	0.03572306612731439
145.17558779389694	0.02057607834833141	0.0359410836626979
145.30865432716357	0.020748306993016243	0.036090805308089086
145.44172086043022	0.020873959687922692	0.03602125643518318
145.57478739369685	0.020846215157064363	0.03601510153964248
145.70785392696348	0.020856969239858237	0.036014732038374755
145.8409204602301	0.020749544746401963	0.03599668555813403
145.97398699349674	0.020810205521383573	0.036213589413447114
146.10705352676337	0.020988300851914846	0.036330124295002965
146.24012006003002	0.020935749300078736	0.036249131591470134
146.37318659329665	0.020891031612424785	0.036457289419875596
146.50625312656328	0.02096878611731862	0.03650477156617367
146.6393196598299	0.0207628946557025	0.03649263775303518
146.77238619309654	0.02063462674382009	0.03655955808196993
146.90545272636317	0.0206351769485065	0.03642933280947062
147.03851925962982	0.02049656291832818	0.036464572170852395
147.17158579289645	0.020324791940531627	0.03656935589071517
147.30465232616308	0.020512557422689728	0.036795705223399755
147.4377188594297	0.02069943448328155	0.0370664062642328
147.57078539269634	0.02055603121954233	0.0369729741063724
147.70385192596297	0.020587953836558037	0.03692460036806242
147.83691845922962	0.020556272728828207	0.03695169237287177
147.96998499249625	0.020483337839478536	0.037003854501890296
148.10305152576288	0.020798869885561382	0.03705237663798423
148.2361180590295	0.0209941749097262	0.03702275102869012
148.36918459229614	0.02088661133262322	0.036868507051949446
148.50225112556276	0.02080500525135748	0.036696614614735105
148.63531765882942	0.020800589499495613	0.03666941326483171
148.76838419209605	0.020585524628108913	0.03660427299034846
148.90145072536268	0.02044282355405975	0.036364364838843644
149.0345172586293	0.020542691615145978	0.03611360353876529
149.16758379189594	0.020517588518641158	0.03603494997579766
149.30065032516256	0.020574249070235195	0.0361268009234389
149.43371685842922	0.020508321526553585	0.03615820435705326
149.56678339169585	0.020472741501936256	0.03608003102847947
149.69984992496248	0.020377399897772305	0.03596323749234495
149.8329164582291	0.020206635183711397	0.036020096351747834
149.96598299149574	0.020372327586861215	0.036065425147498345
150.09904952476236	0.02040685926739159	0.03585452189441098
150.23211605802902	0.020354079704536353	0.035734347029065715
150.36518259129565	0.020387325097475133	0.0356746153802452
150.49824912456228	0.02044691557385801	0.03544523396227207
150.6313156578289	0.020608326232832742	0.03540045943961674
150.76438219109554	0.020674390443415413	0.03559045896175064
150.89744872436216	0.020578867559614276	0.03561846426820458
151.03051525762882	0.020589453133458707	0.035495847797177224
151.16358179089545	0.020701789485204236	0.03526031611552122
151.29664832416208	0.020759271528870724	0.0349742978072237
151.4297148574287	0.020969303269226774	0.034892915599950426
151.56278139069533	0.020892351868954596	0.03480503261544311
151.69584792396196	0.020849084055069283	0.03465269868366794
151.82891445722862	0.020957800477721875	0.03451568474847334
151.96198099049525	0.020968121812937317	0.034719664281156255
152.09504752376188	0.020947503234402035	0.035078486292609456
152.2281140570285	0.020952579765356867	0.03509103694222514
152.36118059029513	0.021068782270230783	0.03499288076861398
152.49424712356176	0.02110719541093231	0.034844668426145475
152.62731365682842	0.020965713933084017	0.03463930409479847
152.76038019009505	0.020998841832487545	0.0345200008895635
152.89344672336168	0.02116427795956127	0.034626515420770144
153.0265132566283	0.021122299623675282	0.034847884107356286
153.15957978989493	0.021104089679664238	0.034839238597819726
153.2926463231616	0.021318106736253267	0.03478542944077393
153.42571285642822	0.021404399663345324	0.03470981680714317
153.55877938969485	0.02153192606406241	0.03483525737149792
153.69184592296148	0.021625532051177575	0.034913314796661744
153.8249124562281	0.02137787628548278	0.03464477243603301
153.95797898949473	0.021288211914701108	0.03462893220879112
154.0910455227614	0.021349775582139845	0.034745342555952866
154.22411205602802	0.021374358202487898	0.0345800481843704
154.35717858929465	0.02161556210099221	0.03451297677615612
154.49024512256128	0.021875654313431064	0.03456625076115354
154.6233116558279	0.022049166128709986	0.03431346494528918
154.75637818909453	0.02193629036503497	0.03408235660307041
154.8894447223612	0.021797490244489515	0.03397524031046628
155.02251125562782	0.02166097325245721	0.034182299808353384
155.15557778889445	0.0216105168263615	0.03414197472070621
155.28864432216108	0.02171977719981698	0.0341746075287691
155.4217108554277	0.02177580639084069	0.03410460041025372
155.55477738869433	0.02173931527523806	0.03394925419587178
155.687843921961	0.021861680164588157	0.03405515302725517
155.82091045522762	0.021988152893494206	0.03394723849048194
155.95397698849425	0.02181220532896981	0.03418126185295815
156.08704352176088	0.021503487891571117	0.03430785659034586
156.2201100550275	0.021400595824971596	0.034142832085925334
156.35317658829413	0.0216041512723481	0.03405073908916927
156.4862431215608	0.021493092499597938	0.03400800977394708
156.61930965482742	0.02124452493743822	0.03394974942967275
156.75237618809405	0.02129713674682527	0.03386659899390883
156.88544272136068	0.021308651982621177	0.03380562041772814
157.0185092546273	0.02128023359810334	0.03372770435073928
157.15157578789393	0.021187446576319185	0.03361235503566839
157.2846423211606	0.021271899708585486	0.03337663830857893
157.41770885442722	0.02118137878112894	0.03324798727865716
157.55077538769385	0.021078414442711933	0.03322200557890618
157.68384192096048	0.021008661211926967	0.0331565388060785
157.8169084542271	0.021043396698495795	0.03283417022111149
157.94997498749373	0.021027784863590717	0.032827256909663025
158.0830415207604	0.02098011835297253	0.033000899487959354
158.21610805402702	0.02106732133694797	0.03327910612616742
158.34917458729365	0.020988908460276776	0.0332044465592753
158.48224112056027	0.020982684298256015	0.0330346984219796
158.6153076538269	0.020925740014342862	0.03318071219780848
158.74837418709353	0.02082604537697258	0.0331638702514871
158.8814407203602	0.020809490998999074	0.03354378130861473
159.01450725362682	0.02087003738190209	0.03372174373087936
159.14757378689345	0.02084151680341774	0.03352811666030273
159.28064032016007	0.020870350676281686	0.03361963625195041
159.4137068534267	0.020998669593075944	0.033562030879144215
159.54677338669333	0.021014359982243574	0.03384745006742075
159.67983991996	0.021079881312965495	0.03392651004907643
159.81290645322662	0.021271077728662546	0.033790140044946446
159.94597298649325	0.02124860955987028	0.033761848469183404
160.07903951975987	0.021187473443202112	0.033845016934169206
160.2121060530265	0.021275704236960014	0.03414247224163473
160.34517258629313	0.021232480736080736	0.034389922271373254
160.4782391195598	0.021297080097335365	0.034169892608787514
160.61130565282642	0.02135249949566836	0.03402879732874612
160.74437218609305	0.021425105949944075	0.03415151751662823
160.87743871935967	0.021644826057111613	0.03398517822697078
161.0105052526263	0.02192173021309072	0.033940348446076296
161.14357178589293	0.022002169431273793	0.034049565326398676
161.2766383191596	0.022131115699211407	0.03418984516239655
161.40970485242622	0.022161127935335423	0.034344510463918176
161.54277138569284	0.022041664755517946	0.03439773630253681
161.67583791895947	0.021983947511740733	0.034477699321316814
161.8089044522261	0.021966685356863715	0.03450394690224376
161.94197098549273	0.021984233873726368	0.03445215605983389
162.0750375187594	0.021990829620980635	0.034352349054693754
162.20810405202602	0.021821527679937495	0.03446241568420979
162.34117058529264	0.021934156885372362	0.03451844818386627
162.47423711855927	0.022076469662870152	0.034361817075926594
162.6073036518259	0.022151521630088617	0.03426355572756759
162.74037018509253	0.022188843073274348	0.03429550980371448
162.8734367183592	0.022170269777103267	0.03429345419074372
163.00650325162582	0.02224751284510629	0.03440582688909705
163.13956978489244	0.022206951633810184	0.03436549644454081
163.27263631815907	0.022159813461754073	0.03430291673619848
163.4057028514257	0.022083947156012813	0.03425721344364014
163.53876938469233	0.022079812038545102	0.034209458645391565
163.671835917959	0.02181066438860825	0.03433962025068672
163.80490245122562	0.021886975176097116	0.0344243573605913
163.93796898449224	0.022131026781380028	0.034296519758479915
164.07103551775887	0.022015420848424554	0.03420176451878658
164.2041020510255	0.02228266483332885	0.033989571854513255
164.33716858429213	0.022384555305556317	0.034002150021201154
164.4702351175588	0.022231427011693474	0.03383626633571907
164.60330165082541	0.022193446742431285	0.03356348249734182
164.73636818409204	0.022100772892914955	0.03360642956283208
164.86943471735867	0.021938533221614053	0.033654837660818504
165.0025012506253	0.02212858623150682	0.03353559715015342
165.13556778389193	0.02216014822886865	0.03378129910787389
165.2686343171586	0.022113186107123237	0.033889073478760884
165.40170085042521	0.02197519319288866	0.03345308154659415
165.53476738369184	0.022019944521789032	0.033456321186432006
165.66783391695847	0.022060655442621105	0.03337256091909435
165.8009004502251	0.02220110290457482	0.033343563968160364
165.93396698349173	0.02237085526140608	0.03327635054693732
166.06703351675839	0.0222318570081524	0.033304245581355
166.20010005002501	0.022055407601444067	0.03351293176561563
166.33316658329164	0.02216481678346953	0.03348975955125909
166.46623311655827	0.022083896519904483	0.03349132092580664
166.5992996498249	0.022150857520569063	0.03349817037442255
166.73236618309153	0.02236893061107034	0.033514197086442626
166.86543271635819	0.02239053823040349	0.033657157411043026
166.9984992496248	0.022414148059419943	0.03385876469159528
167.13156578289144	0.02226658151973909	0.033928793707677374
167.26463231615807	0.0223782892370859	0.03396768688756584
167.3976988494247	0.022515737059572754	0.03403596583114278
167.53076538269133	0.02228983000874881	0.03400807757197194
167.66383191595799	0.022221446590496637	0.033809352994429255
167.7968984492246	0.022386087436765845	0.03368107893281827
167.92996498249124	0.02213573429933259	0.03382923911681193
168.06303151575787	0.021811334607523963	0.03378470475838975
168.1960980490245	0.021864051300131325	0.033731014936476615
168.32916458229113	0.02201067423775948	0.033543079560027805
168.46223111555778	0.02204593871316611	0.03339072637598218
168.5952976488244	0.022037257590733113	0.03341246663502447
168.72836418209104	0.022252471749340752	0.03332068569497913
168.86143071535767	0.022307975216801113	0.03311141612186386
168.9944972486243	0.02231461695981448	0.033293560843455375
169.12756378189093	0.02237430328550569	0.03320734407799134
169.26063031515758	0.022453852812011278	0.03313660792289051
169.3936968484242	0.022462808009338944	0.033168950414275006
169.52676338169084	0.02230005455899787	0.03330570307253064
169.65982991495747	0.02240836113002244	0.03343262841295999
169.7928964482241	0.022698873353151478	0.03382707142547774
169.92596298149073	0.02271199835396965	0.034095638567213614
170.05902951475738	0.02257722221756246	0.033965417869413976
170.192096048024	0.022632541351518036	0.03408192262165023
170.32516258129064	0.02262728775462082	0.034282136639078066
170.45822911455727	0.02277311660916192	0.03454713289552856
170.5912956478239	0.022789228532812695	0.03470197638462815
170.72436218109056	0.022645192808839625	0.03482294372383095
170.85742871435718	0.022682353738301447	0.03474716396828824
170.9904952476238	0.022783076871063998	0.03488202417871564
171.12356178089044	0.022744824686229834	0.034958495694962205
171.25662831415707	0.022638654204910836	0.034609142017506374
171.3896948474237	0.022693070413849357	0.03448913715293714
171.52276138069035	0.022606554640419402	0.034499559321848824
171.65582791395698	0.022531076666653445	0.0347138923184564
171.7888944472236	0.02267511732470393	0.03488216480305844
171.92196098049024	0.02264384460989718	0.03479190008438638
172.05502751375687	0.022632630435186152	0.03494696466390258
172.1880940470235	0.022438580918754003	0.03521925397610284
172.32116058029015	0.022322286274136405	0.03525852067476085
172.45422711355678	0.022382477291489296	0.03531140226163719
172.5872936468234	0.022396319157360327	0.03516507324963554
172.72036018009004	0.022376407984156375	0.03515374873367491
172.85342671335667	0.02237511030674017	0.03529614152298259
172.9864932466233	0.02245506193306189	0.03538302453482647
173.11955977988995	0.022598839631929397	0.03548273658816654
173.25262631315658	0.022649355953694238	0.035592756972982094
173.3856928464232	0.022587462996123107	0.035405190133503066
173.51875937968984	0.022446049564295634	0.03553520892169685
173.65182591295647	0.022313419038201415	0.035441450178743006
173.7848924462231	0.02223906736792268	0.03546010668843746
173.91795897948975	0.022278118358481473	0.03527458843504854
174.05102551275638	0.022341896438328075	0.035215660824544484
174.184092046023	0.022560927633186165	0.035338839750286816
174.31715857928964	0.022548804101954263	0.035495374281756926
174.45022511255627	0.022513194257109074	0.03556223052900173
174.5832916458229	0.022482649529682094	0.03566931581646442
174.71635817908955	0.022459218962188738	0.03588656616827447
174.84942471235618	0.02241516595077158	0.03589856078699311
174.9824912456228	0.022391393485311346	0.03578909238820968
175.11555777888944	0.022475068267273662	0.035775605057522274
175.24862431215607	0.022419629611402446	0.03581837613533102
175.3816908454227	0.022538297644958277	0.03577022877418436
175.51475737868935	0.022666906799137077	0.035844699066477505
175.64782391195598	0.022599679493343933	0.035767577413668476
175.7808904452226	0.02242355689857252	0.03589006185706551
175.91395697848924	0.022442467325612503	0.03609879801483798
176.04702351175587	0.022481328913096146	0.036031566627536274
176.1800900450225	0.02230265571424564	0.03597643511752749
176.31315657828915	0.022382937203282688	0.03616722606742799
176.44622311155578	0.022187712901291033	0.03637957496938997
176.5792896448224	0.02218654620487325	0.03630936602036249
176.71235617808904	0.02226034516131312	0.03632982024876957
176.84542271135567	0.02198845491603262	0.03638703079107635
176.9784892446223	0.021869805781331797	0.036426878456801655
177.11155577788895	0.02200450124444897	0.03651126340101262
177.24462231115558	0.021908725962586906	0.0365114023505991
177.3776888444222	0.021876298796741044	0.0366359360044666
177.51075537768884	0.021804660740590596	0.036905814814912626
177.64382191095547	0.021798520594835374	0.03710010137012275
177.7768884442221	0.02179592451702542	0.03708875910069022
177.90995497748875	0.021856627203667187	0.03700857300907596
178.04302151075538	0.02187473954485706	0.03718168093456265
178.176088044022	0.021976765368903625	0.037172864869868316
178.30915457728864	0.022012806692900563	0.03708585556116797
178.44222111055527	0.02208024302871753	0.03717560817228861
178.5752876438219	0.021962114488236616	0.037473679929040764
178.70835417708855	0.022017804176158333	0.03750167318392007
178.84142071035518	0.021993385584224007	0.03739145558129797
178.9744872436218	0.021808387604549336	0.03717565285577367
179.10755377688844	0.021610917334238724	0.037272883603990455
179.24062031015507	0.021487604731753235	0.037355169919973626
179.3736868434217	0.02163523940922354	0.03749719097560356
179.50675337668835	0.021644156227552253	0.03761402486724302
179.63981990995498	0.021395273008909636	0.03767950877697052
179.7728864432216	0.02139754537879549	0.03743437962031831
179.90595297648824	0.02133858374207392	0.0373099508545177
180.03901950975487	0.02122755604674287	0.03716718783459477
180.1720860430215	0.021218817487824306	0.03715333849516066
180.30515257628815	0.021333637254328613	0.03707612924901204
180.43821910955478	0.021398155872288126	0.037034059727717436
180.5712856428214	0.021392417942054525	0.03706878745772147
180.70435217608804	0.02138964219447101	0.036960071435444185
180.83741870935467	0.02119038077227304	0.036646637225331416
180.9704852426213	0.021241475124161354	0.036551200670273
181.10355177588795	0.021244607298646943	0.03666593802337155
181.23661830915458	0.021237714535057305	0.036501758976297
181.3696848424212	0.021171890850892588	0.03641588968358937
181.50275137568784	0.021192710078196342	0.0364395481998281
181.63581790895446	0.02109686346783763	0.036296857043500726
181.7688844422211	0.021144628171764483	0.03622647501004058
181.90195097548775	0.021475228550780354	0.03588564904109385
182.03501750875438	0.021439307639729278	0.03583578053186561
182.168084042021	0.021343150955214874	0.03585090953390752
182.30115057528764	0.021623736767778765	0.03577923947728612
182.43421710855426	0.0218384664718445	0.03589763701448463
182.5672836418209	0.021764989074161842	0.0362225698900182
182.70035017508755	0.021675694674518305	0.03596273485163189
182.83341670835418	0.02151172293888089	0.035936685212812354
182.9664832416208	0.02156351462215782	0.036045504198433866
183.09954977488744	0.02166632423102819	0.03594898774454722
183.23261630815406	0.021645162273453863	0.036269158661282705
183.3656828414207	0.021897701901662722	0.0362015620748648
183.49874937468735	0.021924569093103405	0.03605174382556321
183.63181590795398	0.02160290476691814	0.036297593692690505
183.7648824412206	0.021377351721957247	0.03639043114851355
183.89794897448724	0.021437888137754952	0.03630941411149821
184.03101550775386	0.021174688837952992	0.0362371219453785
184.1640820410205	0.021110307636511453	0.03650729853969864
184.29714857428715	0.021161454433616122	0.036343318274052565
184.43021510755378	0.021159559074027025	0.03643034024249489
184.5632816408204	0.02121820338747735	0.03643451737724285
184.69634817408703	0.021281302834679997	0.03643827215536173
184.82941470735366	0.02126749849083258	0.03662650264123393
184.9624812406203	0.021399717456571817	0.03653181672593237
185.09554777388695	0.021287631466428997	0.036689760520305335
185.22861430715358	0.02115784669370978	0.03665249661704572
185.3616808404202	0.02114612269146141	0.036536829731977596
185.49474737368683	0.021330620935997784	0.03645980923152053
185.62781390695346	0.02145423374732345	0.03654230061885554
185.7608804402201	0.021483305514598105	0.03651687119624472
185.89394697348675	0.021467344954055535	0.036539052157029024
186.02701350675338	0.021610930026145555	0.03634230736413697
186.16008004002	0.021672671634464093	0.0364284124667636
186.29314657328663	0.0215210394805709	0.03643031898771149
186.42621310655326	0.02148293091533217	0.03664281981439868
186.5592796398199	0.021579406509156743	0.036677762381645926
186.69234617308655	0.02167375080456439	0.036354148404084775
186.82541270635318	0.021410097467251588	0.03635428961280514
186.9584792396198	0.02143642883901686	0.036381006066798595
187.09154577288643	0.021328037501511004	0.03635645612934562
187.22461230615306	0.02136710146565811	0.03614989586747673
187.3576788394197	0.021293681177637375	0.036175649477744265
187.49074537268635	0.02119904297261426	0.036439409265476216
187.62381190595298	0.021018969326072407	0.03630476964773293
187.7568784392196	0.02086580366288097	0.036177472385813536
187.88994497248623	0.020797202057087707	0.03595983357472135
188.02301150575286	0.020989618241961553	0.03576836779753943
188.15607803901952	0.021012828519047094	0.035578740695322346
188.28914457228615	0.02104151601768808	0.03548450572226647
188.42221110555278	0.020905030037664536	0.0356206376136614
188.5552776388194	0.020746606777206928	0.03580639008912261
188.68834417208603	0.020452719872027417	0.035859507963833796
188.82141070535266	0.02049169512707766	0.03598962522368598
188.95447723861932	0.020604199304129794	0.03595323937697858
189.08754377188595	0.02059184481844834	0.0359099603448128
189.22061030515258	0.0207741444241158	0.035687587874111366
189.3536768384192	0.020823756687184145	0.03557011402307094
189.48674337168583	0.02100204866778415	0.03567102404470461
189.61980990495246	0.020969939317781048	0.035633820057630376
189.75287643821912	0.021074585314837874	0.03575972122852283
189.88594297148575	0.02113830727903457	0.03573575038317283
190.01900950475238	0.021017668730160585	0.03583890422686806
190.152076038019	0.020991142835825698	0.03584971652585209
190.28514257128563	0.020856303900342592	0.03576248681531758
190.41820910455226	0.020827208431614997	0.035859443204428444
190.55127563781892	0.02085109531702415	0.03595189031501936
190.68434217108555	0.020946040261495307	0.03575935207472836
190.81740870435218	0.020993151401939344	0.03582714545999533
190.9504752376188	0.021030000641626728	0.035926951712389465
191.08354177088543	0.021041809880234002	0.03605617725697908
191.21660830415206	0.021064045095851455	0.03602970295660264
191.34967483741872	0.02114815600885631	0.0360782329976815
191.48274137068535	0.02109270206881501	0.036235606982068444
191.61580790395197	0.02115928492230089	0.036377574614449876
191.7488744372186	0.021110136153590742	0.036356429997083654
191.88194097048523	0.021252228532197173	0.036511609414942366
192.01500750375186	0.021310829899906975	0.03645783968136221
192.14807403701852	0.02121078728452693	0.03638546440239617
192.28114057028515	0.02106342723471498	0.03637851526099681
192.41420710355177	0.021068875481756115	0.03635165409071239
192.5472736368184	0.021077810061983764	0.03646330174814713
192.68034017008503	0.02103388277784847	0.036391914325370714
192.81340670335166	0.02111129533448445	0.03626512338669351
192.94647323661832	0.021120656420620602	0.03614800174558652
193.07953976988495	0.02124933647448867	0.03624257392962959
193.21260630315157	0.021434824736140553	0.03615196306949498
193.3456728364182	0.02163259007684336	0.03620884419168758
193.47873936968483	0.021791239936658973	0.03627378316415858
193.61180590295146	0.021977798342197177	0.03592959669738521
193.74487243621812	0.02190192035547903	0.03604061855998007
193.87793896948475	0.022005257134943387	0.03606675028062755
194.01100550275137	0.022250784955236257	0.03619897221565134
194.144072036018	0.02226091687462423	0.03629992460140011
194.27713856928463	0.022194379709029724	0.03631643025080984
194.41020510255126	0.022198020124372032	0.03617166340574631
194.54327163581792	0.02198640618846713	0.03606699657561034
194.67633816908454	0.02190158311858068	0.036049897011872854
194.80940470235117	0.022017012252380237	0.03628226677362129
194.9424712356178	0.022045749970751424	0.036508843154140984
195.07553776888443	0.022165211382725734	0.03636490014157421
195.20860430215106	0.022142851280490136	0.03661995670974737
195.34167083541772	0.021857080069398193	0.036524740904582666
195.47473736868434	0.021762694951722207	0.03647560689861063
195.60780390195097	0.02192336291071724	0.03663528590838032
195.7408704352176	0.02192439167185546	0.036654100745570475
195.87393696848423	0.022025304053061922	0.036714723054162055
196.00700350175086	0.02191250772318789	0.03676934682247186
196.14007003501752	0.021815068108445718	0.03642214903992885
196.27313656828414	0.021832106465507293	0.03620133092855774
196.40620310155077	0.022031442111200814	0.036013042442453055
196.5392696348174	0.022252172606107946	0.03593502684702648
196.67233616808403	0.022144886811134464	0.03584042586249175
196.80540270135066	0.02212834677157688	0.035767896535629125
196.93846923461732	0.02244483084444282	0.03551597203967252
197.07153576788394	0.022351052179708668	0.03559734468795717
197.20460230115057	0.022499950425074574	0.03560014379200062
197.3376688344172	0.022621167689457947	0.035694364773276935
197.47073536768383	0.022786658502315257	0.035708497197659554
197.60380190095046	0.023008185172558326	0.035776865396340084
197.73686843421712	0.02289513212493696	0.03588104832694475
197.86993496748374	0.022995996696799557	0.03580534521198184
198.00300150075037	0.022839142243599574	0.03569179095148376
198.136068034017	0.022662512438750528	0.0357141913593289
198.26913456728363	0.022357424495041755	0.035892416124247976
198.40220110055026	0.022182703761760618	0.0360949078327328
198.53526763381691	0.021962115158616964	0.03629186753718151
198.66833416708354	0.02184006668244775	0.0363155796074186
198.80140070035017	0.02186685445270502	0.03616538258691715
198.9344672336168	0.022096613145685576	0.03648447160811975
199.06753376688343	0.022169342137919705	0.03641437789404963
199.20060030015006	0.022084510260689545	0.036434327864048245
199.33366683341671	0.022129933157856118	0.0363729092406014
199.46673336668334	0.02199507595312077	0.036385068057258226
199.59979989994997	0.021902583439477038	0.036433662315352756
199.7328664332166	0.021901011378030334	0.036266620444694864
199.86593296648323	0.02178494740824261	0.03608919084956313
199.99899949974986	0.021838903769643876	0.03602001093720854
200.1320660330165	0.021865199488327026	0.03634839688322332
200.26513256628314	0.02205648154942318	0.03664332610364839
200.39819909954977	0.022270669843605387	0.03640455124541231
200.5312656328164	0.022222915347708	0.0361964103412564
200.66433216608303	0.022316482329272504	0.036098678951247895
200.79739869934966	0.022486257166596496	0.03637233165958505
200.9304652326163	0.022315540782482993	0.03640376821870759
201.06353176588294	0.02218384697908636	0.03633910370184296
201.19659829914957	0.022132859934624674	0.03652343686524489
201.3296648324162	0.022275578906400396	0.03647432147872514
201.46273136568283	0.02210712166910787	0.03668725541775772
201.59579789894946	0.022077922418072757	0.03670558844529187
201.7288644322161	0.021957404432257584	0.03649917000885736
201.86193096548274	0.02181369378695064	0.03637106970610222
201.99499749874937	0.02190153518196325	0.0364104446711307
202.128064032016	0.021965179370319575	0.03634831122614391
202.26113056528263	0.022169614187490902	0.03645111348962161
202.39419709854926	0.022241414911147506	0.03642216950770379
202.5272636318159	0.022242279381093036	0.03617279842976547
202.66033016508254	0.02218174503252481	0.0362359171957565
202.79339669834917	0.0221872301969125	0.03635340002827754
202.9264632316158	0.022175481239465642	0.03642951501609842
203.05952976488243	0.022184688386552208	0.03656959441547132
203.19259629814906	0.022211077151528112	0.03672092048754594
203.3256628314157	0.022228659100194323	0.03662261756151366
203.45872936468234	0.02228471544618552	0.03669907860411699
203.59179589794897	0.022379791922346293	0.036499329107782745
203.7248624312156	0.022545735607646472	0.03636715877955096
203.85792896448223	0.02257558151808749	0.03634398078302923
203.99099549774886	0.022737180810451906	0.03625950151785575
204.1240620310155	0.02272115614397156	0.03651442806583342
204.25712856428214	0.022578141268370867	0.03675945114016102
204.39019509754877	0.022788469285990213	0.03717450293239344
204.5232616308154	0.02281282915873298	0.037127681865898175
204.65632816408203	0.022782296428936692	0.0370214793670627
204.78939469734868	0.022833073678655287	0.036929229373059466
204.9224612306153	0.02298795387623375	0.037013069080355586
205.05552776388194	0.02315806496277581	0.03714347326710071
205.18859429714857	0.023108441727419028	0.03704622291255976
205.3216608304152	0.023172753345475416	0.03694154716490827
205.45472736368183	0.02313581520323946	0.03702208945444832
205.58779389694848	0.02298702315691461	0.03713635630761077
205.7208604302151	0.02296540434914787	0.03710719367370599
205.85392696348174	0.02292947894097163	0.037105374948166826
205.98699349674837	0.02275298153898319	0.03703239006382229
206.120060030015	0.0225394930487779	0.03712927669795085
206.25312656328163	0.02242650225011556	0.03705699046076021
206.38619309654828	0.022391259999420668	0.037044112858306305
206.5192596298149	0.022432608675113055	0.03704320833105696
206.65232616308154	0.0225721337776532	0.03704648127615615
206.78539269634817	0.022577101408671193	0.03745106597765157
206.9184592296148	0.022572963174738593	0.03766518634000303
207.05152576288143	0.022525728057970987	0.03774362948593921
207.18459229614808	0.02260523491773008	0.03799699765030654
207.3176588294147	0.02270114014416929	0.038107850294244634
207.45072536268134	0.022661882841477868	0.037841641879491746
207.58379189594797	0.022718578224927455	0.03790662449107609
207.7168584292146	0.022816382510807125	0.03792857318307077
207.84992496248123	0.02272089151771223	0.037946457881974885
207.98299149574788	0.022687730888525406	0.037959969850065375
208.1160580290145	0.022406539014034884	0.03764119101399406
208.24912456228114	0.022301946360784593	0.03760148278966084
208.38219109554777	0.022245534376831987	0.03770121052703569
208.5152576288144	0.02209828740195852	0.037812589403791876
208.64832416208102	0.02208894999485818	0.0380503252973747
208.78139069534768	0.02198549443025552	0.03833724605053228
208.9144572286143	0.022002402892485527	0.03829128682766523
209.04752376188094	0.02185196754389851	0.03831803120738036
209.18059029514757	0.021956878309886917	0.038386069893285975
209.3136568284142	0.021829413261640406	0.03850595461203288
209.44672336168082	0.02181023328598011	0.03846969286204133
209.57978989494748	0.021757148334068954	0.03860904141228773
209.7128564282141	0.02180823166095982	0.038688604666184456
209.84592296148074	0.02173696062662083	0.038579138959302164
209.97898949474737	0.021615004276401215	0.038753427997826155
210.112056028014	0.021543827755262757	0.038877839085744735
210.24512256128062	0.021612170083207212	0.03880695968671429
210.37818909454728	0.021378426049248316	0.038910062493405125
210.5112556278139	0.02150275863562874	0.03915841717396706
210.64432216108054	0.02160165168508791	0.03932413592608502
210.77738869434717	0.021751401487131942	0.03952983669765281
210.9104552276138	0.021721376736464956	0.03972322027547489
211.04352176088042	0.021720363536481904	0.03968985097660139
211.17658829414708	0.02171384820605723	0.0397764183502906
211.3096548274137	0.02167267339762899	0.03963410967652042
211.44272136068034	0.02159445038914023	0.03960019747657119
211.57578789394697	0.021493377099230198	0.03951900694951915
211.7088544272136	0.02152258336889513	0.03942456291674622
211.84192096048022	0.02170570253813253	0.039487634482303385
211.97498749374688	0.021910592466242877	0.039560805017497064
212.1080540270135	0.022047216969290007	0.0392825505454051
212.24112056028014	0.021871653845489166	0.0391668178045793
212.37418709354677	0.021847949871688865	0.03925684786999666
212.5072536268134	0.021885768738481855	0.039269216367703384
212.64032016008002	0.022040774685069858	0.03929144581999143
212.77338669334668	0.022010995996206942	0.03922939901987122
212.9064532266133	0.021975972932909215	0.039078290853356186
213.03951975987994	0.021927912509643443	0.038962411190977125
213.17258629314657	0.02196071354285995	0.039012341041951636
213.3056528264132	0.0218064705493032	0.03904032001154226
213.43871935967982	0.02192041799521505	0.03910825169821434
213.57178589294648	0.021944747078821804	0.039075376472981885
213.7048524262131	0.022062516491128028	0.03910624025972614
213.83791895947974	0.02204922100456487	0.039098018312922214
213.97098549274637	0.022051773301222263	0.03909022524832091
214.104052026013	0.022065491052643178	0.03912740678996891
214.23711855927962	0.022010189321410002	0.03938867534098372
214.37018509254628	0.021919374258331882	0.039591631364697406
214.5032516258129	0.021855493025123143	0.03956672437515609
214.63631815907954	0.021754296180824275	0.0395568661317162
214.76938469234616	0.021809666140769925	0.039571680831522606
214.9024512256128	0.021746740185454156	0.03980684680758265
215.03551775887942	0.021704842958278434	0.03969680698541267
215.16858429214608	0.021715856286557252	0.03991815366248077
215.3016508254127	0.021819040817363362	0.04007679128645864
215.43471735867934	0.021876610101826004	0.040119427958679704
215.56778389194596	0.021907397602992342	0.03978783736827629
215.7008504252126	0.021849821849596354	0.03968851485098485
215.83391695847922	0.021845276382147363	0.03943584107544012
215.96698349174588	0.021966662744775167	0.03944519679475727
216.1000500250125	0.02208712725674136	0.03934217838837899
216.23311655827914	0.022208413984630748	0.03970445212700575
216.36618309154576	0.022519788871938392	0.039851669167273444
216.4992496248124	0.022242974188560503	0.03983402114855409
216.63231615807902	0.022282391317799938	0.0397135229158302
216.76538269134568	0.022436169538297634	0.03964656577785554
216.8984492246123	0.022564101074236433	0.03965977005738748
217.03151575787894	0.022491745830089477	0.03969688322502967
217.16458229114556	0.022521420431255663	0.039607567072113804
217.2976488244122	0.02245178188922697	0.039637980786027496
217.43071535767882	0.022446282040452733	0.03936436177436397
217.56378189094548	0.02250248491858071	0.03905011144724132
217.6968484242121	0.022487882221585043	0.03902443368446052
217.82991495747874	0.02267169132497992	0.038958031670362284
217.96298149074536	0.022737422699407882	0.03884820464523147
218.096048024012	0.02285682639721038	0.03872584346619292
218.22911455727862	0.02291910723274112	0.03873376315389071
218.36218109054528	0.022959982068112138	0.03866781521229058
218.4952476238119	0.022988416945931515	0.03836357056670233
218.62831415707853	0.02297809336800348	0.038232195192016025
218.76138069034516	0.022892993575141164	0.038221683891552685
218.8944472236118	0.022807320703937324	0.03828733679663631
219.02751375687842	0.022495393237796337	0.03826441669456696
219.16058029014508	0.022487357114464538	0.03817817773694718
219.2936468234117	0.02246504377760421	0.038111150495475456
219.42671335667833	0.022265207558476444	0.038215412640745364
219.55977988994496	0.0222043040985784	0.038205852820195264
219.6928464232116	0.022280682526669454	0.03828182373955199
219.82591295647822	0.02220432469638667	0.038329939682659644
219.95897948974488	0.022199606600069418	0.03862028584126618
220.0920460230115	0.022066146212616003	0.03853407603328408
220.22511255627813	0.02195908683702886	0.0384654999478083
220.35817908954476	0.02194665743199951	0.038929996487331996
220.4912456228114	0.022197951327431457	0.03890997396619509
220.62431215607802	0.022273009431437743	0.03896188741369857
220.75737868934468	0.022114302268747527	0.03871443171717497
220.8904452226113	0.021767561450870505	0.03845191082244733
221.02351175587793	0.02195884237713714	0.03854405586919758
221.15657828914456	0.022147108091522816	0.03829648500682993
221.2896448224112	0.0221187612325907	0.0382521343255852
221.42271135567785	0.022233452094664187	0.03853430026824692
221.55577788894448	0.022130834842517468	0.03832740472569963
221.6888444222111	0.02226428801741333	0.03862201099352269
221.82191095547773	0.02217925212958516	0.03881664849822706
221.95497748874436	0.022065769610048545	0.03868217519011712
222.088044022011	0.022056268446821237	0.03872801807645411
222.22111055527765	0.022081276694512972	0.03866290874630601
222.35417708854428	0.022036824730147314	0.03837327709242014
222.4872436218109	0.021890614737622723	0.03804866770946881
222.62031015507753	0.021930283997206278	0.03780218084291227
222.75337668834416	0.021790251567185392	0.037331133409832525
222.8864432216108	0.02182043984798523	0.03728006444247257
223.01950975487745	0.02189431766527343	0.037558567919829526
223.15257628814408	0.021966406669990033	0.037600189975803305
223.2856428214107	0.021950732285459552	0.03775761834144299
223.41870935467733	0.021959048322098013	0.037831609151738145
223.55177588794396	0.02182873246102681	0.03779697493187786
223.6848424212106	0.02186812530891675	0.03768083830725392
223.81790895447725	0.021905539427774023	0.03748020688326271
223.95097548774388	0.021903796281734642	0.03739780645718992
224.0840420210105	0.021881272191618915	0.03758187322890369
224.21710855427713	0.02169610349385495	0.03792667452157145
224.35017508754376	0.021786320670298582	0.038218515997696996
224.4832416208104	0.02191877058772844	0.03809924960451079
224.61630815407705	0.021956272247882838	0.038059865165370035
224.74937468734367	0.022121858457287622	0.038153881500477695
224.8824412206103	0.02221545573812816	0.03817251519087706
225.01550775387693	0.02218969750058666	0.03831860328356292
225.14857428714356	0.022282559556166592	0.038336115346116396
225.2816408204102	0.022399147331176386	0.03818976986540873
225.41470735367685	0.022504184368312887	0.03827757325239311
225.54777388694347	0.022672719643267374	0.038299490136175125
225.6808404202101	0.022815555763614603	0.038223831147043044
225.81390695347673	0.02270579540503257	0.03784605040970578
225.94697348674336	0.022849758955086424	0.037847410217407354
226.08004002001	0.022943987026187062	0.03793485853190672
226.21310655327665	0.02298846732459256	0.03770451836355572
226.34617308654327	0.02318374932574853	0.03763389560104463
226.4792396198099	0.02304979606439607	0.03754001783507879
226.61230615307653	0.023124245925357896	0.037461861001287115
226.74537268634316	0.023171407305478644	0.03757109194930349
226.8784392196098	0.02314603068589944	0.037060035574590464
227.01150575287645	0.02316182180187045	0.03690477260349475
227.14457228614307	0.023204462021281277	0.03699195836100812
227.2776388194097	0.02325067992198524	0.036844611320779014
227.41070535267633	0.023261341639180835	0.036661177883076296
227.54377188594296	0.02321099736617004	0.03669006319335525
227.6768384192096	0.023243650767875962	0.03651544673119261
227.80990495247624	0.023030645460881856	0.03686530289183507
227.94297148574287	0.022838696955870645	0.03698713414094088
228.0760380190095	0.022911386695084218	0.03677354518640874
228.20910455227613	0.022996303498782598	0.03660037503170582
228.34217108554276	0.023354938398816225	0.03635020592759195
228.4752376188094	0.023081089341597867	0.036512260947642206
228.60830415207604	0.023030587293076037	0.03633538586397697
228.74137068534267	0.02317415858137405	0.03622346297046195
228.8744372186093	0.022985925520684174	0.03606502235631951
229.00750375187593	0.02302488676620825	0.035877170646204284
229.14057028514256	0.022981011917955776	0.03576608897299287
229.2736368184092	0.022941547424354312	0.03566419737252876
229.40670335167584	0.02298829207847642	0.035945758162253705
229.53976988494247	0.022966458342355292	0.03588837536018399
229.6728364182091	0.022999659293269702	0.03599730496772208
229.80590295147573	0.022857247587100334	0.03595119689402769
229.93896948474236	0.023065261406702932	0.03578920651608896
230.072036018009	0.02318900597532069	0.035922593705658486
230.20510255127564	0.023170935966391585	0.0357177808013842
230.33816908454227	0.023148169459286386	0.035560160830383186
230.4712356178089	0.023081422411275688	0.035495465482950704
230.60430215107553	0.022863785069332673	0.03564670238873964
230.73736868434216	0.023010695211837254	0.03563243548439017
230.8704352176088	0.023058201840056834	0.035791496428517214
231.00350175087544	0.023077368054395316	0.03582945402105164
231.13656828414207	0.02308665490516283	0.03567230746643066
231.2696348174087	0.023265020801428386	0.03570182319984118
231.40270135067533	0.023222363730613964	0.03590847218522813
231.53576788394196	0.023224240980742276	0.035911260933131184
231.6688344172086	0.023280293253534427	0.035893065457455076
231.80190095047524	0.023229546566339437	0.03606367043153469
231.93496748374187	0.02334012858707946	0.03636890447600669
232.0680340170085	0.0232594433168391	0.03638751397788002
232.20110055027513	0.02337149679539141	0.03647806142480404
232.33416708354176	0.02339753537897043	0.036355928948116324
232.4672336168084	0.023325948175674602	0.036389839842694914
232.60030015007504	0.023356341282797996	0.036242530298851196
232.73336668334167	0.023429715691984234	0.03612293713847686
232.8664332166083	0.023413596252055458	0.036415539836543685
232.99949974987493	0.023382465775181726	0.03610218535275988
233.13256628314156	0.02316962984871667	0.036582594941377285
233.26563281640819	0.023077745376285767	0.03654313914708604
233.39869934967484	0.023115319595022457	0.03656595950174356
233.53176588294147	0.023226105880955708	0.03644308031786539
233.6648324162081	0.0234929371814832	0.03652829178730981
233.79789894947473	0.023305806975254653	0.03657250053934623
233.93096548274136	0.023216865962625715	0.03653732397710559
234.06403201600799	0.023159378112364556	0.03663859014359865
234.19709854927464	0.02334699646768864	0.03640372703669409
234.33016508254127	0.02337329983554308	0.036263516331353975
234.4632316158079	0.023343570004773245	0.036553086380466546
234.59629814907453	0.02336495688127121	0.0367177433968788
234.72936468234116	0.023334691815535196	0.036707195559549224
234.86243121560778	0.023184783631608703	0.03657671563171972
234.99549774887444	0.02306869727579398	0.03627219394044029
235.12856428214107	0.022956843149314777	0.03635227377844333
235.2616308154077	0.02284011083327829	0.036387102390541416
235.39469734867433	0.022575278260944655	0.036422586890235274
235.52776388194096	0.022749272199351925	0.03619469949256411
235.66083041520758	0.02273345856849204	0.03611408749946381
235.79389694847424	0.022723071955423994	0.03623170474147311
235.92696348174087	0.022719893340040587	0.03610722013139805
236.0600300150075	0.02280471680307009	0.03592257259758287
236.19309654827413	0.022816662111070852	0.0360567462743378
236.32616308154076	0.022805572490972943	0.035905409344844895
236.45922961480738	0.02290028496620441	0.03611995868770465
236.59229614807404	0.022787316123855938	0.03614329151028583
236.72536268134067	0.02266513072571789	0.03597172744876984
236.8584292146073	0.022634694534351543	0.03605776901675399
236.99149574787393	0.022609048588762476	0.03586576017992241
237.12456228114056	0.022365169593423724	0.03573433455854634
237.25762881440718	0.022363465871262155	0.03597540647712492
237.39069534767384	0.0223548407433926	0.03593322548853604
237.52376188094047	0.02227047307021888	0.035961022108351774
237.6568284142071	0.02215911870025534	0.03602418772061398
237.78989494747373	0.022085814216185846	0.03622308527960618
237.92296148074036	0.022110881426413452	0.03650005073462287
238.05602801400698	0.0222795018717545	0.036260940952390026
238.18909454727364	0.02213882651346193	0.036190494136540956
238.32216108054027	0.02213085132260308	0.03614810481024335
238.4552276138069	0.02199987184832036	0.036201512381923484
238.58829414707353	0.02202388966962999	0.036280447413729475
238.72136068034015	0.021808218937426346	0.036246088536101916
238.8544272136068	0.021851568385463628	0.03643436364063653
238.98749374687344	0.021843831148527438	0.03615981087812739
239.12056028014007	0.021848537320868913	0.03595531169298624
239.2536268134067	0.022056390989904886	0.03590428467334492
239.38669334667333	0.02225193292805285	0.03586968512108869
239.51975987993995	0.022206510899534494	0.03569613576091609
239.6528264132066	0.022085208635264926	0.035602538846292546
239.78589294647324	0.022156036022116944	0.035485121155715386
239.91895947973987	0.022294231496148415	0.03559143150014169
240.0520260130065	0.022328158476265	0.035840292657202504
240.18509254627313	0.022317263136210484	0.03592406863054122
240.31815907953975	0.022454134963825936	0.035940074393394826
240.4512256128064	0.02237676032892895	0.03604920047583638
240.58429214607304	0.022439890168799628	0.03612858963943586
240.71735867933967	0.022662336890338784	0.03634462034224423
240.8504252126063	0.022798623174488795	0.03614038285781595
240.98349174587293	0.022928236318096106	0.03621004754764512
241.11655827913955	0.02273673923263575	0.03649783762472495
241.2496248124062	0.022779974096551203	0.03665774958747359
241.38269134567284	0.02283423024040153	0.036515380025433565
241.51575787893947	0.022818715421191668	0.03638637236862169
241.6488244122061	0.02271378359178071	0.0361522435688127
241.78189094547272	0.022632783272652668	0.036285796149347314
241.91495747873935	0.022688562407038843	0.036361020573680014
242.048024012006	0.022435336877515068	0.036556642003433226
242.18109054527264	0.022348727567119687	0.036894515518171016
242.31415707853927	0.022308786163280157	0.03667592729215011
242.4472236118059	0.022193320299270416	0.036666036882223085
242.58029014507252	0.02191107890937195	0.03674844023154619
242.71335667833915	0.022084251203293194	0.03658529569010003
242.8464232116058	0.022221766023031733	0.036455766229488984
242.97948974487244	0.022482289364157904	0.03650512639398783
243.11255627813907	0.022592630659099677	0.03635217221416781
243.2456228114057	0.022514049134838166	0.03639138621380771
243.37868934467232	0.022396181836428268	0.03631394545141468
243.51175587793895	0.02239475257144613	0.036632380671555206
243.6448224112056	0.022326076387376714	0.03668383493933379
243.77788894447224	0.022407096153847745	0.036653192897233365
243.91095547773887	0.022452218093280164	0.03664798536139177
244.0440220110055	0.02254688126862736	0.03632732178182177
244.17708854427212	0.022461902965129607	0.036168404431950976
244.31015507753875	0.022519801043013064	0.036211784130418825
244.4432216108054	0.022610459208423247	0.03618716932034078
244.57628814407204	0.023090869033076843	0.036261854320339924
244.70935467733867	0.023201019480717525	0.036033703416865515
244.8424212106053	0.023036458762047348	0.03588611364990564
244.97548774387192	0.02315768155274669	0.035819625514378416
245.10855427713855	0.02313480366429664	0.035750663531874796
245.2416208104052	0.022957315636759394	0.03576346977501471
245.37468734367184	0.022845334839877416	0.035837801331605496
245.50775387693847	0.02268811231567065	0.03580153114576639
245.6408204102051	0.022658139086813408	0.036076418632675473
245.77388694347172	0.02267139775465399	0.03584794544104186
245.90695347673835	0.022865777418222984	0.03599138207773832
246.040020010005	0.02292840227032262	0.03620379137207365
246.17308654327164	0.022836856817859855	0.03625662809007579
246.30615307653827	0.022896656938543952	0.036238595868838305
246.4392196098049	0.022902954532105266	0.0361898516055027
246.57228614307152	0.022900109376585508	0.03623487001895243
246.70535267633815	0.022958243441408684	0.03615402546076901
246.8384192096048	0.023133755476348664	0.03601146481506524
246.97148574287144	0.023176614112263724	0.035654579001202696
247.10455227613807	0.023011639831220537	0.035591170302852866
247.2376188094047	0.023200172453438497	0.03559020732419555
247.37068534267132	0.023141221568913784	0.035602758651599314
247.50375187593795	0.022884779301031357	0.035393226678414005
247.6368184092046	0.023000529643526835	0.0355875066279731
247.76988494247124	0.023041918239674282	0.03549685830812233
247.90295147573786	0.02288529910913527	0.03584272473771852
248.0360180090045	0.0229173177925841	0.03583242484268681
248.16908454227112	0.022951127883938917	0.03608648422081872
248.30215107553775	0.022853712118145932	0.036182274047717115
248.4352176088044	0.023046530411897227	0.03641796648654577
248.56828414207104	0.02307579037966707	0.036599926548744846
248.70135067533766	0.023203657134169473	0.03679845600318367
248.8344172086043	0.023236314638994553	0.036865391240291825
248.96748374187092	0.023190007115935485	0.03654385667452966
249.10055027513755	0.02322956375404751	0.03633190041847496
249.2336168084042	0.023331541598877382	0.0362176469333879
249.36668334167084	0.02355996739033978	0.036151626249028374
249.49974987493746	0.023540063763577722	0.0360779149892114
249.6328164082041	0.023751529232496307	0.036149535174918715
249.76588294147072	0.023871949309617415	0.03597508366527281
249.89894947473735	0.02392078622791295	0.0359388404042046
250.032016008004	0.023858500438980655	0.03553993221189171
250.16508254127064	0.02377358383344069	0.035624374378897865
250.29814907453726	0.02361488919626934	0.0357254296743562
250.4312156078039	0.02364907859692029	0.03566535075581863
250.56428214107052	0.02371873805081232	0.03557146079820706
250.69734867433715	0.023704280664664828	0.03553855364197007
250.8304152076038	0.023590248214412	0.03524177798098372
250.96348174087044	0.023630900702931695	0.035392919731596785
251.09654827413706	0.023553507558996753	0.03519525058876338
251.2296148074037	0.023410010106639897	0.03548447793231179
251.36268134067032	0.023558570754043762	0.03565630678133744
251.49574787393695	0.02353162033899215	0.0357364157556127
251.6288144072036	0.023365310560602294	0.035985158531465535
251.76188094047023	0.023538097446117276	0.03600333726315878
251.89494747373686	0.023424867556246863	0.036393437565557345
252.0280140070035	0.023194433976399045	0.03650445222001588
252.16108054027012	0.023248498704189872	0.036469809289572025
252.29414707353675	0.023325779418970988	0.0366823293653854
252.4272136068034	0.023191218457726117	0.036295229746252856
252.56028014007003	0.02327555586445299	0.036273931563816586
252.69334667333666	0.02323377471031204	0.03626465253397406
252.8264132066033	0.023337574968280483	0.03608262707055125
252.95947973986992	0.023373352173536855	0.03612611532613019
253.09254627313655	0.023133071266056668	0.03602988745308316
253.2256128064032	0.023074612393384663	0.036336265114328845
253.35867933966983	0.023167782960267398	0.036360451686999806
253.49174587293646	0.023060004705470843	0.036651175236712706
253.6248124062031	0.02303892331010722	0.03656130927282974
253.75787893946972	0.02284283624158393	0.03691428016914017
253.89094547273635	0.02278938640362683	0.03671185820902756
254.024012006003	0.0228523548590642	0.03661350493466091
254.15707853926963	0.022964715187370713	0.03648730021528656
254.29014507253626	0.022989191491374922	0.03634326301482575
254.4232116058029	0.02301281744731316	0.03649950953438077
254.55627813906952	0.02292986113524733	0.036388974632013654
254.68934467233615	0.022812717794549603	0.0365449480254605
254.8224112056028	0.022880193907882793	0.036369150870241
254.95547773886943	0.022711214583502972	0.036501673573681025
255.08854427213606	0.022551153899048472	0.03624326441986294
255.2216108054027	0.022522064076989475	0.0362924010068541
255.35467733866932	0.02265254844541307	0.03643707960336782
255.48774387193595	0.02272387653716709	0.03625758220486409
255.6208104052026	0.022683465272806562	0.036469511764102146
255.75387693846923	0.022612706594748275	0.03650602131819722
255.88694347173586	0.02266057101361109	0.036287811599097664
256.0200100050025	0.02248452002033026	0.03618608468349481
256.15307653826915	0.022522489399860443	0.03636775392765635
256.2861430715358	0.022525684931488724	0.0362326041855944
256.4192096048024	0.0225044045083047	0.0364763625052705
256.55227613806903	0.022478136582552967	0.036322598653496636
256.68534267133566	0.022610654334596813	0.03660396273097171
256.8184092046023	0.02261295592764908	0.03655033166041636
256.9514757378689	0.022698324523678173	0.03655731691157213
257.08454227113555	0.022728335928753892	0.036897491975694675
257.2176088044022	0.0225293123719471	0.03664113622140644
257.3506753376688	0.02250365215429518	0.03665162372410608
257.4837418709355	0.022457049160548984	0.03674194214885799
257.6168084042021	0.022648620319760174	0.03678847033391305
257.74987493746875	0.022938209946453157	0.036746150456908794
257.8829414707354	0.023017641808197622	0.036740640615054644
258.016008004002	0.02274923347440635	0.03689773926423801
258.14907453726863	0.022875673905456046	0.03685387332784047
258.28214107053526	0.022858610244714205	0.03702668757878047
258.4152076038019	0.02281619703034068	0.037059198088451976
258.5482741370685	0.02272072513083356	0.03683479250309732
258.68134067033515	0.023007216846018714	0.03687963815147737
258.8144072036018	0.023011120794687204	0.0366369657020573
258.9474737368684	0.02320502574046289	0.03667790765256367
259.0805402701351	0.023344851473948876	0.03652689818257886
259.2136068034017	0.023174502557371936	0.03647725089062383
259.34667333666835	0.0229055163611377	0.03656442324492543
259.479739869935	0.022898488486947075	0.03663321220666472
259.6128064032016	0.02299146588073841	0.03661132939703889
259.74587293646823	0.02281586771781987	0.036633607658057905
259.87893946973486	0.02283280957235837	0.03658989727792902
260.0120060030015	0.022880501054192544	0.0366304864634381
260.1450725362681	0.02281150074491381	0.036744901177835305
260.27813906953475	0.02290433429341152	0.0365916614626257
260.4112056028014	0.022615541683584216	0.03665096250737609
260.544272136068	0.02276659896947812	0.036812807318899125
260.6773386693347	0.022660507282568566	0.03654689844894062
260.8104052026013	0.022613982237088888	0.03665504365908729
260.94347173586794	0.02261168247732521	0.03654480295550682
261.0765382691346	0.02276677665808089	0.036698411998925574
261.2096048024012	0.02281059777522007	0.03655034229863925
261.34267133566783	0.022988944919927524	0.03634411924648392
261.47573786893446	0.022924073998777723	0.03665063219036625
261.6088044022011	0.022989281585584703	0.03678697571984176
261.7418709354677	0.022947045630765783	0.03687691761259994
261.87493746873434	0.022922325988502457	0.03676924898188484
262.008004002001	0.023118757846621672	0.03661209461741911
262.1410705352676	0.023343398926143438	0.036633527636023185
262.2741370685343	0.023321517061903545	0.036567739282427986
262.4072036018009	0.023433287504523618	0.036588057251833145
262.54027013506754	0.023257842072428644	0.03665567161216949
262.6733366683342	0.02327580699273998	0.03665377072014886
262.8064032016008	0.023497167222459592	0.03696156282696704
262.93946973486743	0.02356661017831532	0.0372075851909708
263.07253626813406	0.023434457552549293	0.037297202428836086
263.2056028014007	0.023409558012823805	0.0372778315297469
263.3386693346673	0.023587058694259127	0.03705420237523289
263.47173586793394	0.023566314552651155	0.03731726621237343
263.6048024012006	0.023544218755749052	0.037474271992615035
263.7378689344672	0.023477372229674054	0.037519818248997104
263.8709354677339	0.02354306726046705	0.037474134172627065
264.0040020010005	0.023588012382785347	0.03776075883584092
264.13706853426714	0.02358779575305502	0.037961340177861375
264.2701350675338	0.023741004687459207	0.038094442170086056
264.4032016008004	0.02407441836949077	0.038183640395825474
264.53626813406703	0.023987651991170176	0.038161950215012536
264.66933466733366	0.023854456466389614	0.03816120563570241
264.8024012006003	0.02374331166377615	0.038250588028491864
264.9354677338669	0.023764960495441675	0.038073414424572655
265.06853426713354	0.023809578662398617	0.038161246189523525
265.2016008004002	0.023765235915619687	0.03816213852253036
265.3346673336668	0.023809456951787166	0.037896685498277446
265.4677338669335	0.023831480976833606	0.03767453496019223
265.6008004002001	0.02400857707304017	0.03774074565481031
265.73386693346674	0.02409750333295409	0.03776300301438407
265.86693346673337	0.02396462197087789	0.03780726696166812
266.0	0.0240531561461794	0.03794019933554817
