0.0	0.0	0.0
0.1330665332666333	-2.4734388577868342e-08	2.2196754458946972e-05
0.2661330665332666	4.4506782695031295e-05	0.00013298499578702098
0.39919959979989994	0.0003770333401240202	0.00026616498461029623
0.5322661330665333	0.0007318754982192846	0.0006431250140885309
0.6653326663331666	0.0012856801304897032	0.0010197282169675768
0.7983991995997999	0.001618185927439387	0.0014189158449629331
0.9314657328664332	0.0022391849015495928	0.001973333906081273
1.0645322661330665	0.0027256936935853406	0.002616259383593484
1.1975987993997	0.003058229134193122	0.0032580598481904005
1.3306653326663331	0.003501504952434602	0.0037241208919348333
1.4637318659329663	0.003900810005703035	0.0045448728525422435
1.5967983991995998	0.004522422761799144	0.005230874229460983
1.7298649324662332	0.005209207143311367	0.005941037626629802
1.8629314657328664	0.0057837261616937126	0.006760195223966974
1.9959979989994996	0.006183475203198768	0.00733526270314892
2.129064532266133	0.006825942301576873	0.007933994886302887
2.2621310655327664	0.007178825259114608	0.008554970183427912
2.3951975987994	0.007601462392491443	0.009218865789375795
2.528264132066033	0.008133309313378549	0.00975132837613761
2.6613306653326663	0.008575167671278751	0.010483025412372423
2.7943971985992997	0.008952695301696258	0.011149220596745743
2.9274637318659327	0.009485555380923627	0.012011488073084763
3.060530265132566	0.00994853943707333	0.012499275847748712
3.1935967983991995	0.010282607383579608	0.013410866749524145
3.326663331665833	0.010835682604544013	0.01420661209587922
3.4597298649324664	0.011100659971516654	0.015028215623373082
3.5927963981990994	0.011544676962027746	0.01586711476858436
3.7258629314657328	0.011854063578240644	0.01635188864315432
3.858929464732366	0.012230717077516001	0.01686239440681627
3.991995997998999	0.012472496723274157	0.01746512937300084
4.125062531265633	0.012718519236318598	0.018372912774531045
4.258129064532266	0.013210525625876527	0.01896900548782373
4.391195597798899	0.013921320160763416	0.019655487076563255
4.524262131065533	0.014536378152239082	0.02021126956507619
4.657328664332166	0.014846196789492755	0.02110158798073469
4.7903951975988	0.015357990484028847	0.02203389922408685
4.923461730865433	0.01577642942938779	0.02302636507425642
5.056528264132066	0.016083813924388925	0.02364646642808268
5.1895947973986996	0.016214468804719665	0.024533759489361096
5.3226613306653325	0.016396622027186163	0.025197125590195744
5.4557278639319655	0.016794321585001933	0.025971308473127352
5.588794397198599	0.017041329838563476	0.026619414959579427
5.721860930465232	0.017499396760789005	0.027657704124529697
5.854927463731865	0.017390572448311332	0.028164564423699693
5.987993996998499	0.01795212652224272	0.029080649854327303
6.121060530265132	0.018232774936998562	0.029964070562055755
6.254127063531766	0.018501488779551763	0.03082941162127958
6.387193596798399	0.018857292212631854	0.031761940681136976
6.520260130065032	0.019138633855836404	0.03271250859399359
6.653326663331666	0.019161884973917492	0.0334597480125544
6.786393196598299	0.019477516298819622	0.034058901841743865
6.919459729864933	0.019690529917156162	0.03488773958889438
7.052526263131566	0.0195993597268663	0.03595076858850098
7.185592796398199	0.01974569248912039	0.03678678689946812
7.318659329664833	0.0203729053685858	0.03751640546158406
7.4517258629314655	0.020967327052692553	0.038203559907612976
7.5847923961980985	0.021355768547396292	0.03888770209340032
7.717858929464732	0.02135010119746995	0.039465186152910045
7.850925462731365	0.021446715440452523	0.04017435609423041
7.983991995997998	0.021782627643885524	0.040820704673261154
8.117058529264632	0.022089631513906218	0.04173309723004233
8.250125062531266	0.022286024436682702	0.042475948878082405
8.383191595797898	0.022491126938824907	0.043132795276356904
8.516258129064532	0.022987108199959232	0.04435117745642007
8.649324662331166	0.023461253100037965	0.045001301163806386
8.782391195597798	0.0235060888884069	0.04562464890515747
8.915457728864432	0.023861651414812668	0.04617089373561447
9.048524262131066	0.023923603929835138	0.04657549115709691
9.181590795397698	0.02412597425155307	0.04731147258120322
9.314657328664332	0.024257859594309317	0.04775643277663254
9.447723861930966	0.024508325842001216	0.04800214388159432
9.5807903951976	0.024885132604396825	0.049180507197440035
9.713856928464232	0.025046511252067662	0.04974825486709932
9.846923461730865	0.024871889713251088	0.050686095815026457
9.9799899949975	0.02498357315840679	0.05136250567853913
10.113056528264131	0.025020387010818688	0.05193444407018467
10.246123061530765	0.025642107635676967	0.052427049053943055
10.379189594797399	0.025787650407536115	0.053211219602871125
10.512256128064031	0.026101789151266784	0.05387980512939719
10.645322661330665	0.026349042215930745	0.05419875043391238
10.778389194597299	0.026766465991099806	0.055047563243398184
10.911455727863931	0.02689453630549343	0.0556658647258149
11.044522261130565	0.027116881728309002	0.05646203131448581
11.177588794397199	0.027225809961697642	0.0571393467424596
11.31065532766383	0.027405233898556786	0.05826570566788105
11.443721860930465	0.02760901415271802	0.058802134937842344
11.576788394197099	0.027841703768555038	0.05940988268676136
11.70985492746373	0.027728214902118672	0.05994305304590836
11.842921460730365	0.02784699002816484	0.06003614431390715
11.975987993996998	0.027931389663553633	0.0606243137763393
12.109054527263632	0.027924928953024605	0.0611598575199485
12.242121060530264	0.027994535615152413	0.06206404253193749
12.375187593796898	0.028608795455621717	0.06299759506085555
12.508254127063532	0.028568541846666812	0.06348556523700535
12.641320660330164	0.028666369476792606	0.0643098169103763
12.774387193596798	0.028802415696448716	0.06495311281213265
12.907453726863432	0.028996147528847577	0.06571724765004947
13.040520260130064	0.028943583855644085	0.06607133402216
13.173586793396698	0.028929792354423074	0.06681542165535635
13.306653326663332	0.029141707084563814	0.06749747844653586
13.439719859929964	0.029493560707497028	0.06808203235661463
13.572786393196598	0.029663062290342674	0.06839394316533784
13.705852926463232	0.02977140271771998	0.0689010253666527
13.838919459729865	0.029812923932139967	0.06919103094703428
13.971985992996498	0.029835355984249495	0.06954419424949668
14.105052526263131	0.02985594826979391	0.06953635753798157
14.238119059529765	0.02993597579257655	0.07062512922942635
14.371185592796397	0.030241212526918616	0.07103080384580931
14.504252126063031	0.030257887837942657	0.07207202112729084
14.637318659329665	0.03041850539849334	0.07184082883052087
14.770385192596297	0.030473663258628277	0.0721673751893834
14.903451725862931	0.030435932965835792	0.07267013140273385
15.036518259129565	0.030646074875735015	0.0729166287644548
15.169584792396197	0.030887032907503345	0.07294126046011963
15.302651325662831	0.031086012433709627	0.07332648192207751
15.435717858929465	0.031361569961665	0.07394975005226584
15.568784392196097	0.03173118964176196	0.0740304254807942
15.70185092546273	0.031803279862441594	0.0744207079036389
15.834917458729365	0.031759721663987626	0.0747989899802423
15.967983991995997	0.03170669770333064	0.07534010064179973
16.101050525262632	0.03153837137970685	0.07570070207162023
16.234117058529264	0.031628306238222166	0.07558736182098104
16.367183591795897	0.03158972375763617	0.07616950652840442
16.500250125062532	0.031789407559391844	0.07634775734601043
16.633316658329164	0.031706107124937634	0.0770557536104361
16.766383191595796	0.03158055471644986	0.07766698984873108
16.899449724862432	0.03168931184315208	0.07805168945740404
17.032516258129064	0.03202226743656308	0.07792643259868819
17.165582791395696	0.03221577751537632	0.07834005463436713
17.298649324662332	0.0324410897821397	0.07863475112076829
17.431715857928964	0.03265774906292319	0.07923562242720492
17.564782391195596	0.03281502225800439	0.07957914833560316
17.69784892446223	0.032900258936905014	0.07984962105540831
17.830915457728864	0.032539102883144065	0.0798580080772042
17.963981990995496	0.0325533947179173	0.08032625931118902
18.09704852426213	0.032858414812291036	0.08074387218625129
18.230115057528764	0.032946227996820385	0.08077880228160629
18.363181590795396	0.03313595586077976	0.08099949692922565
18.49624812406203	0.033099091929352634	0.08134221818373284
18.629314657328663	0.03333941156231569	0.0813736035794325
18.762381190595296	0.03332030755566172	0.08155704241532177
18.89544772386193	0.03364452075641034	0.08209516696497207
19.028514257128563	0.03371627964375047	0.08253893689579764
19.1615807903952	0.03357615150313179	0.0830373255658535
19.29464732366183	0.03407680466575506	0.08319571788191886
19.427713856928463	0.03398648530673915	0.08331119272795698
19.5607803901951	0.03442124418148199	0.0836551978690517
19.69384692346173	0.03461925964349376	0.08416675255591118
19.826913456728363	0.035039088937501246	0.08380995283515495
19.959979989995	0.0350725490537823	0.08395711926503036
20.09304652326163	0.03495148760616311	0.08452821957289876
20.226113056528263	0.035148016634208384	0.08475454707740822
20.3591795897949	0.035356491736958075	0.08505845669409223
20.49224612306153	0.03537209529812556	0.08536492987366676
20.625312656328163	0.03536346813139586	0.08529707341047234
20.758379189594798	0.035233881720711374	0.08548130125690666
20.89144572286143	0.0353448355812442	0.08571279118707538
21.024512256128062	0.0354716820499019	0.08630864126263368
21.157578789394698	0.03517612954410326	0.08619775443286373
21.29064532266133	0.035127731349576384	0.08654107651938499
21.423711855927962	0.03515689762363179	0.08707528135741231
21.556778389194598	0.03532003639256406	0.0870745092152101
21.68984492246123	0.035549568092404935	0.08768552654942327
21.822911455727862	0.03577396894180304	0.08759898831353648
21.955977988994498	0.03575604587626556	0.08794397669672695
22.08904452226113	0.035956619365875145	0.08836098769259153
22.222111055527762	0.03602934639733366	0.08861950235285052
22.355177588794398	0.036292262562579156	0.08869024897708454
22.48824412206103	0.03629988116580757	0.08908076980209483
22.62131065532766	0.03638329315191433	0.08889514514956186
22.754377188594297	0.0365196647863352	0.0894022223847308
22.88744372186093	0.03632913421344029	0.08953419205474535
23.02051025512756	0.03625894576268004	0.08993954430087683
23.153576788394197	0.03635782601926812	0.09087053558941453
23.28664332166083	0.036428968564979056	0.09142813907620448
23.41970985492746	0.03640703837957064	0.09118727987869708
23.552776388194097	0.03677141034991537	0.09154471921980767
23.68584292146073	0.036989551981085805	0.09174240878513722
23.818909454727365	0.037268185714592526	0.09223423007485482
23.951975987993997	0.0372417264626036	0.09268851369511784
24.08504252126063	0.03717202634882681	0.09274375496583978
24.218109054527265	0.0372989659868825	0.09307195110287898
24.351175587793897	0.03731996000239628	0.09381158710327413
24.48424212106053	0.03752436965819188	0.09451997991969124
24.617308654327164	0.037015463089610935	0.09462770870950962
24.750375187593797	0.03687290620486768	0.09489500198383354
24.88344172086043	0.03685897473262631	0.09530001229716663
25.016508254127064	0.03695296744092357	0.09554505181521497
25.149574787393696	0.03692412466276816	0.09553724531337944
25.28264132066033	0.0367799989895675	0.09602883655693205
25.415707853926964	0.03697523072933649	0.09596278522684822
25.548774387193596	0.03670444672174754	0.09637359265670693
25.68184092046023	0.0369390254481139	0.09646698766285912
25.814907453726864	0.036788309530876626	0.09650116673348275
25.947973986993496	0.037278282940216415	0.0961192788507599
26.081040520260128	0.03717411542977774	0.09605890514146154
26.214107053526764	0.03713828985801719	0.09623203426586059
26.347173586793396	0.037162763270443	0.09676206792048639
26.480240120060028	0.03744946159931016	0.09698608826980357
26.613306653326664	0.03761995817577446	0.09732156471628806
26.746373186593296	0.037943028830050254	0.09783331312845091
26.879439719859928	0.03772592905154714	0.09830451074905962
27.012506253126563	0.03777289124594698	0.09867239750172757
27.145572786393195	0.03786288734268926	0.09849085278895256
27.278639319659828	0.03796894915852012	0.09860387863908698
27.411705852926463	0.03801461515331074	0.09873139744157068
27.544772386193095	0.0380395342036038	0.09936800257977364
27.67783891945973	0.03789324507344191	0.09894276221931374
27.810905452726363	0.03805317601614948	0.09887022763511577
27.943971985992995	0.03820951924587079	0.09899849002516393
28.07703851925963	0.03815786982689953	0.09954259080961354
28.210105052526263	0.038160811757386545	0.09990187834560942
28.343171585792895	0.0381991507984263	0.09999218529386425
28.47623811905953	0.03833914317332611	0.09991360817658577
28.609304652326163	0.03821706194962935	0.10080797189121009
28.742371185592795	0.03814977294609099	0.1005442637422772
28.87543771885943	0.03793025122925881	0.10079486355951991
29.008504252126063	0.03771372172703945	0.10077056226273161
29.141570785392695	0.03782028535835804	0.10080419475698796
29.27463731865933	0.03790734740916968	0.10084156796032763
29.407703851925962	0.038044730356781145	0.10100015294168908
29.540770385192594	0.03817461158405638	0.10158111395638436
29.67383691845923	0.03828514155698547	0.10174258477466289
29.806903451725862	0.03839348468942284	0.10148752851678293
29.939969984992494	0.03851457427444776	0.1012679009178082
30.07303651825913	0.03873851204901142	0.10159761243244843
30.206103051525762	0.03879059164604841	0.10199165561093675
30.339169584792394	0.03864807293307688	0.10224843590238773
30.47223611805903	0.03883275098768133	0.10211356710345464
30.605302651325662	0.03898162006246092	0.10197481081655392
30.738369184592294	0.038913145524633604	0.1024016327480396
30.87143571785893	0.038961410973703245	0.1025001717064934
31.00450225112556	0.03893410701354307	0.10258829422783462
31.137568784392194	0.038969710718315426	0.10230640472523717
31.27063531765883	0.03914180404720633	0.10268232061473344
31.40370185092546	0.03934916116620299	0.10288871525815706
31.536768384192094	0.03947759540716008	0.10277819026004449
31.66983491745873	0.0397127025646122	0.10261288410050276
31.80290145072536	0.039576769497249274	0.10293381987512254
31.935967983991993	0.039669960834986535	0.10287434308819066
32.06903451725863	0.03975251891294874	0.10328481900539041
32.202101050525265	0.04008964414847433	0.10359820722483241
32.33516758379189	0.039853862959037784	0.10364673350900057
32.46823411705853	0.03997233825339282	0.10342670672336259
32.601300650325165	0.03996193798873735	0.10382156804010291
32.73436718359179	0.03984487955950481	0.10378760509820974
32.86743371685843	0.03991169993241961	0.10362019455547403
33.000500250125064	0.039901077144320396	0.10373960610548599
33.13356678339169	0.04005385470885818	0.10397603356309082
33.26663331665833	0.04010842228899945	0.10361237609896032
33.399699849924964	0.0402969961143649	0.10366259291881375
33.53276638319159	0.04026644176252738	0.10431010255074365
33.66583291645823	0.04030970404287015	0.10478991647282748
33.798899449724864	0.04035777637663052	0.1050073599885325
33.93196598299149	0.04055325406106809	0.10500618822157684
34.06503251625813	0.040414629922866915	0.10542175825775014
34.198099049524764	0.04043263005596397	0.10600958025134936
34.33116558279139	0.040339958623671346	0.10654224043769
34.46423211605803	0.04052790530697241	0.10648864608087337
34.597298649324664	0.04039178064549277	0.1071232166053065
34.73036518259129	0.040162205828068176	0.10738492591507114
34.86343171585793	0.0406298925499996	0.10772145365566468
34.99649824912456	0.04063341762586034	0.1073035097885659
35.12956478239119	0.040862387065192525	0.1072716705506128
35.26263131565783	0.040918278129327953	0.10742475137242635
35.39569784892446	0.0410621397739963	0.10723094545632852
35.52876438219109	0.04121704764367194	0.10763206048282689
35.66183091545773	0.04124093808148309	0.10790863983085819
35.79489744872436	0.04128834932732858	0.10806607766696631
35.92796398199099	0.04190859996387903	0.10806100683128489
36.06103051525763	0.041684878787592444	0.10767264280156918
36.19409704852426	0.04173101404198665	0.1077945971808923
36.32716358179089	0.04167776293101008	0.10779143243828472
36.46023011505753	0.041751528111281674	0.1080967870050304
36.59329664832416	0.042010241580402	0.10790883281825896
36.72636318159079	0.042268000825633485	0.1084003303224303
36.85942971485743	0.04236350414329431	0.10835563531454379
36.99249624812406	0.04205320997302174	0.10812424798612139
37.12556278139069	0.04175215784893206	0.10825051051810995
37.25862931465733	0.04230832087318536	0.108140103199887
37.39169584792396	0.042405591429336344	0.10807332993499111
37.52476238119059	0.042333569838933216	0.10851186755145127
37.65782891445723	0.04289670918260494	0.10867101655295089
37.79089544772386	0.04269313214198262	0.108637602308048
37.92396198099049	0.042452762497912355	0.10860857386054568
38.05702851425713	0.04252686445899027	0.10890471786674147
38.19009504752376	0.042548085471986616	0.10872251975196562
38.3231615807904	0.042693330521919745	0.10883970422197403
38.456228114057026	0.042616351334343924	0.10874050702582824
38.58929464732366	0.04298762414787101	0.1087121605520889
38.7223611805903	0.043151204104316394	0.10868507536846059
38.855427713856926	0.04336550483405502	0.10884624798341666
38.98849424712356	0.043347991758804064	0.10863078950242791
39.1215607803902	0.04329611216282228	0.10872827575120907
39.254627313656826	0.04352267966511462	0.10876099420204674
39.38769384692346	0.043505494516780686	0.10901833528683133
39.5207603801901	0.04343834002493308	0.1088069491428773
39.653826913456726	0.04356094520306341	0.10868617380863647
39.78689344672336	0.043645802629336476	0.1086565311403498
39.91995997999	0.04366144166380438	0.1087220688713085
40.053026513256626	0.04343906290968333	0.10851103436163231
40.18609304652326	0.043300498703697426	0.10854537013143413
40.3191595797899	0.043368552126052354	0.10811050362168073
40.452226113056525	0.04328289331023893	0.10823501533215933
40.58529264632316	0.04320658120040446	0.10808219855046437
40.7183591795898	0.04324805413296105	0.10823767824190206
40.851425712856425	0.0433927804489007	0.10818784750810909
40.98449224612306	0.04356992152205503	0.1080091920324083
41.1175587793897	0.04358305546384593	0.10793341398753373
41.250625312656325	0.043346761157313604	0.10758254521544344
41.38369184592296	0.043513110370146574	0.10752921693666126
41.516758379189596	0.043718244450054136	0.10760555115710385
41.649824912456225	0.04345808141471634	0.1078102688761563
41.78289144572286	0.04355567343553006	0.10783253519728585
41.915957978989496	0.04318897065526109	0.1080301611925533
42.049024512256125	0.04321585500590205	0.10832508246362865
42.18209104552276	0.04296092247963694	0.1086594483020653
42.315157578789396	0.04306172654102401	0.1087094684318126
42.448224112056025	0.043434773388510865	0.10901504061372519
42.58129064532266	0.04358207057811326	0.10915434370298073
42.714357178589296	0.043595367140307026	0.1092505979302507
42.847423711855924	0.04353464924628239	0.10960320231827443
42.98049024512256	0.04368844232136189	0.10996771610156414
43.113556778389196	0.043575604621894304	0.11016614071530112
43.246623311655824	0.04336443222085876	0.11022805302905869
43.37968984492246	0.04339570535436851	0.11093213235633533
43.512756378189096	0.04364615366413971	0.11032882137486281
43.645822911455724	0.04381582290954443	0.11021534553002471
43.77888944472236	0.04398882188436641	0.11041042391124475
43.911955977988995	0.04405140164242288	0.11007720175895837
44.045022511255624	0.04400300480377081	0.11064588848329597
44.17808904452226	0.04387534435765527	0.11102484813244692
44.311155577788895	0.04375705474230444	0.11123864467614135
44.444222111055524	0.04409476305740928	0.11085979632672138
44.57728864432216	0.043936028504585244	0.11137665163610697
44.710355177588795	0.04394380637691643	0.11116973100587808
44.843421710855424	0.04425772856485615	0.1112649698165889
44.97648824412206	0.04458421004710867	0.11146715941483858
45.109554777388695	0.0445651789820654	0.11132332087936665
45.24262131065532	0.04470664533887025	0.11188605441334755
45.37568784392196	0.0447593706213523	0.1119201675563276
45.508754377188595	0.0445452411403933	0.11198341988025268
45.64182091045522	0.044668154548235084	0.11207405249734845
45.77488744372186	0.04483636399464446	0.11231261344944322
45.907953976988495	0.04495144725477004	0.11218764251048706
46.04102051025512	0.045325642823790924	0.11227723097972248
46.17408704352176	0.04528102192151007	0.1119689280915054
46.307153576788394	0.04527638348925915	0.11187388818367379
46.44022011005502	0.045505029176067927	0.11197880397109942
46.57328664332166	0.04592066814924158	0.11172478857109107
46.706353176588294	0.04586421808499171	0.11202610713036057
46.83941970985492	0.045850102694507754	0.11239902139588454
46.97248624312156	0.045774262597955764	0.11227267814037857
47.105552776388194	0.04602442646647922	0.1122790370342342
47.23861930965483	0.04617111449872867	0.11249789898644227
47.37168584292146	0.04617110750360795	0.11294655787613178
47.504752376188094	0.04602835022376607	0.11283229615380498
47.63781890945473	0.045939044304494706	0.11236158044377373
47.77088544272136	0.046141815350641976	0.11242299508839905
47.903951975987994	0.046038561221799855	0.11261926179000392
48.03701850925463	0.046177440325053005	0.11297621107247788
48.17008504252126	0.046410763251624534	0.1130573540736102
48.30315157578789	0.04646238158105548	0.11315084689510457
48.43621810905453	0.04649661172512039	0.11324004974108456
48.56928464232116	0.04675410239041053	0.11339399215334695
48.70235117558779	0.046836113834239745	0.11346069241484441
48.83541770885443	0.04667334040217442	0.11340620304455004
48.96848424212106	0.04655488724795097	0.11384558908497167
49.10155077538769	0.046636486986632995	0.11361302369734189
49.23461730865433	0.04670715675229069	0.11332004799197246
49.36768384192096	0.04677712167623462	0.11361402834578965
49.50075037518759	0.04669125162711116	0.1133722024345103
49.63381690845423	0.04672522030648332	0.11373511030264308
49.76688344172086	0.047103688562764194	0.11395150388389838
49.89994997498749	0.047355880801816	0.11369517427788178
50.03301650825413	0.047155998363859246	0.11381607220539214
50.16608304152076	0.046961190775951796	0.11374644823562052
50.29914957478739	0.046879809990299365	0.11372281126050456
50.43221610805403	0.04704471805751388	0.11401587417281747
50.56528264132066	0.04713344689247867	0.11432383819600088
50.69834917458729	0.047290835121720096	0.11490890931556504
50.83141570785393	0.047318764978506546	0.11508215786347448
50.96448224112056	0.047162943790357556	0.11533375675134451
51.09754877438719	0.04710567200777144	0.11545748170529688
51.23061530765383	0.047369683450905545	0.11594056337971634
51.36368184092046	0.047447806079470745	0.11634373451262373
51.49674837418709	0.04729393597295201	0.11637134205228178
51.62981490745373	0.04763871423923709	0.1169194863040951
51.762881440720356	0.047595100819822427	0.11661030235552543
51.89594797398699	0.047534961409647074	0.11639918254958759
52.02901450725363	0.04760632167228032	0.11616201538344784
52.162081040520256	0.04766163933671715	0.11655372243918113
52.29514757378689	0.04764359167805025	0.11647859100247883
52.42821410705353	0.04732844254736354	0.11672686389272843
52.561280640320156	0.04719191467764464	0.11686613715546695
52.69434717358679	0.047004648723494316	0.11666614386612914
52.82741370685343	0.04683924661598811	0.11675149245943103
52.960480240120056	0.04689044705785893	0.11646471404105933
53.09354677338669	0.04716318591363419	0.11664696723105339
53.22661330665333	0.04709822777957792	0.11685096934754649
53.359679839919956	0.04693250605921863	0.11704150823861396
53.49274637318659	0.04699236320732605	0.11702559555790593
53.62581290645323	0.04732044184174475	0.11753011418712
53.758879439719855	0.04760355386164276	0.1177819340248586
53.89194597298649	0.04773722455042777	0.1183200648795425
54.02501250625313	0.04803687604448031	0.11863572564763207
54.158079039519755	0.04812285091197075	0.11803894381057077
54.29114557278639	0.04828333758485	0.11778988443246649
54.42421210605303	0.04837748459068556	0.11785264999830089
54.557278639319655	0.04826634754726452	0.11753837836417712
54.69034517258629	0.04842123070794198	0.11754939382006252
54.823411705852926	0.048345655192366804	0.11778923432001032
54.956478239119555	0.04821986170344483	0.1173663264553271
55.08954477238619	0.048582650666240894	0.11756439728838237
55.222611305652826	0.048707372996472535	0.11797215301105804
55.35567783891946	0.04864672779763071	0.1184498109745756
55.48874437218609	0.04891764548174499	0.11865158662910268
55.621810905452726	0.049035108395929984	0.1185411936620108
55.75487743871936	0.04934398610520603	0.11870808514625396
55.88794397198599	0.049553458994539536	0.11885100143237295
56.021010505252626	0.04969897476174573	0.11830605892278523
56.15407703851926	0.049953236434306485	0.118333140338384
56.28714357178589	0.05019889608643578	0.11859955082691319
56.420210105052526	0.0504626329252775	0.11856757771573277
56.55327663831916	0.050628225276359816	0.11815367522201176
56.68634317158579	0.050580810215530306	0.11798653789709018
56.819409704852426	0.05058965150363382	0.11746563744883579
56.95247623811906	0.05093410121527318	0.11761970448123409
57.08554277138569	0.050954376772050614	0.11757235649696779
57.218609304652325	0.05071696911789489	0.11761098458881285
57.35167583791896	0.050715228038333504	0.11765851887366358
57.48474237118559	0.050829218699663614	0.1180334996877804
57.617808904452225	0.05068770666784143	0.1178469447867644
57.75087543771886	0.050952158149734736	0.11773380537823173
57.88394197098549	0.05105254272555475	0.11789627547880742
58.017008504252125	0.05079684653915688	0.11788495469627502
58.15007503751876	0.05063140483040878	0.11749647834073779
58.28314157078539	0.051090126431890766	0.11801248114542912
58.416208104052025	0.05084836192913366	0.1180246247281215
58.54927463731866	0.05058004593030582	0.11790133709798116
58.68234117058529	0.05055972741331372	0.11818345067442648
58.815407703851925	0.05063022373262303	0.11839618432769324
58.94847423711856	0.05038474897299353	0.11860037230722745
59.08154077038519	0.050367561269545315	0.11842239683494303
59.214607303651825	0.05008230340693593	0.11860135594818524
59.34767383691846	0.05025096370267611	0.11834731971780071
59.48074037018509	0.05004056266352093	0.11833816782136569
59.613806903451724	0.05013824777061774	0.11847633295544845
59.74687343671836	0.05039006767252651	0.11839005547023046
59.87993996998499	0.050359785965663886	0.11858878040021917
60.013006503251624	0.0503629358964485	0.11832220204012003
60.14607303651826	0.05029981847475156	0.11791364525517967
60.27913956978489	0.0501841309040738	0.11785408537360823
60.412206103051524	0.05015790212428192	0.1184939969097177
60.54527263631816	0.05019735743386608	0.11911783592709214
60.67833916958479	0.050001440386725125	0.11955149776530154
60.811405702851424	0.04996177736682654	0.11962602074375733
60.94447223611806	0.05014945349568572	0.119540340116051
61.07753876938469	0.05008192943132654	0.1192209374502632
61.210605302651324	0.05005618383046991	0.11913913525398463
61.34367183591796	0.0499196927694853	0.11952017215145269
61.47673836918459	0.050082169185365746	0.11949527098670346
61.60980490245122	0.050224521605561984	0.11989307263528129
61.74287143571786	0.050786993112941006	0.12039954902555372
61.87593796898449	0.050834456617974824	0.12057173191590942
62.00900450225112	0.05059201912851613	0.12047990643985743
62.14207103551776	0.050360701284230015	0.12068285876239444
62.27513756878439	0.050250439488200606	0.12063763608055282
62.40820410205102	0.049810399722542184	0.1206714429819997
62.54127063531766	0.04990462225635831	0.11993328217567019
62.67433716858429	0.04995325762909904	0.11944255339656347
62.80740370185092	0.04996100772372639	0.11943761122315223
62.94047023511756	0.04995254818644772	0.11951236901877191
63.07353676838419	0.04990487822927163	0.11941940206852202
63.20660330165082	0.04989564053380723	0.11961157452207709
63.33966983491746	0.05026462465309288	0.11982342450177906
63.47273636818409	0.05026322171105729	0.12008931937491323
63.60580290145072	0.05006361290996169	0.12016143864883336
63.73886943471736	0.04995738734822471	0.12079046814603868
63.87193596798399	0.05044516807578262	0.12089238526333992
64.00500250125063	0.05057923974110057	0.12069256213788464
64.13806903451726	0.050316526803319585	0.12085376778347999
64.27113556778389	0.05002986370628663	0.12079816024547914
64.40420210105053	0.05030721332940842	0.12057197563359416
64.53726863431716	0.0507698910604244	0.12087746772952096
64.67033516758379	0.05086823597049145	0.12057849286419893
64.80340170085043	0.050760527420357596	0.12038227855888055
64.93646823411706	0.050586223862259756	0.12035630382775073
65.06953476738369	0.05081542860804071	0.12025440726767256
65.20260130065033	0.05081684714246899	0.1204858729518222
65.33566783391696	0.05088345935397107	0.1211069197887611
65.46873436718359	0.05086992234193372	0.12142951220229524
65.60180090045023	0.05088769663227955	0.12122615056763614
65.73486743371686	0.05104247635413933	0.12105143674057042
65.86793396698349	0.051358021745318026	0.12095441363973632
66.00100050025013	0.0515035010988937	0.12094200924906129
66.13406703351676	0.05133285980646887	0.12096119423096897
66.26713356678339	0.05140612502014749	0.12096052624813543
66.40020010005003	0.05150866474131962	0.12117932549509842
66.53326663331666	0.05138564642883382	0.12139854054431287
66.66633316658329	0.05143617216963253	0.12153736083831725
66.79939969984993	0.051562980193030225	0.1215825612086754
66.93246623311656	0.051620314604282805	0.12190744706668144
67.06553276638319	0.05173374470943296	0.1219724473159201
67.19859929964983	0.05178467936776798	0.12217052177133192
67.33166583291646	0.051789906365641764	0.12204595469988226
67.46473236618309	0.052156668049522785	0.12232561192149577
67.59779889944973	0.05229445587695366	0.12257768514525791
67.73086543271636	0.05215420582694972	0.12301886811151355
67.86393196598299	0.05200610673293632	0.12272137533826821
67.99699849924963	0.05196764701159823	0.12234541145949168
68.13006503251626	0.0519059574896413	0.1223586691260689
68.26313156578288	0.05180024180507058	0.12240101008971813
68.39619809904953	0.051764014633904766	0.12292460204492411
68.52926463231616	0.05196774188970534	0.1229495819142588
68.66233116558278	0.05189917997297794	0.12303572665605828
68.79539769884943	0.05204084700114804	0.123362864395309
68.92846423211606	0.05204667595597053	0.1235697908513025
69.06153076538268	0.0520469572608536	0.12378980864874864
69.19459729864933	0.05242740019490193	0.12371116805054387
69.32766383191596	0.05251733731550604	0.1238386121397475
69.46073036518258	0.05232220553252957	0.12398881656690916
69.59379689844923	0.05276228370027036	0.12344353202647629
69.72686343171586	0.053016834907848816	0.12331133226206778
69.85992996498248	0.05303884736294334	0.12343386704920131
69.99299649824913	0.05289665698480791	0.12319003618625463
70.12606303151576	0.05280676296686645	0.12268760442551624
70.25912956478238	0.05297227415799049	0.1227233002843265
70.39219609804903	0.052931619354860515	0.12306495184409855
70.52526263131566	0.05300685078955984	0.12345937171766684
70.65832916458228	0.05307034083935729	0.12351664877819454
70.79139569784893	0.052945892389932504	0.12368953186052054
70.92446223111556	0.052651920267938426	0.12401218821126893
71.05752876438218	0.05270991054046359	0.1238460669704482
71.19059529764883	0.053095203160694944	0.123672019142955
71.32366183091546	0.05313818282957838	0.1233714470985168
71.45672836418208	0.05341483071089218	0.12305630024872771
71.58979489744873	0.05338581315897576	0.12325089456516135
71.72286143071535	0.05345157563524283	0.12354053233665253
71.85592796398198	0.053247727525100624	0.12352916403133474
71.98899449724863	0.05342541761318172	0.12370071332106758
72.12206103051525	0.05354306379251958	0.1236567146584368
72.25512756378188	0.05334067864994619	0.12350684561239618
72.38819409704853	0.05315130389015377	0.12331281554879803
72.52126063031515	0.05297645657213616	0.12349017931378761
72.65432716358178	0.05283779752307399	0.12379442723000872
72.78739369684843	0.052673251736239664	0.12373613043644224
72.92046023011505	0.052764798815404385	0.12391256289146456
73.05352676338168	0.05315833150025131	0.12424157486082037
73.18659329664833	0.053091751476638846	0.12446982762137354
73.31965982991495	0.05344641010010329	0.12449619194713832
73.45272636318158	0.05364285203622453	0.12452203408475664
73.58579289644823	0.053456512334118536	0.12474513360967171
73.71885942971485	0.05360857651183988	0.12462596916740003
73.85192596298148	0.053845657268428465	0.12468722730121773
73.98499249624813	0.05351037671161003	0.12397799961209698
74.11805902951475	0.05370670619498619	0.12398090208597781
74.25112556278138	0.05385746933356759	0.12437486185145474
74.38419209604803	0.053830096380473945	0.12453335120395885
74.51725862931465	0.05394995843762146	0.12425496810491421
74.65032516258128	0.05380606237002295	0.12432236376949138
74.78339169584793	0.05374332006697899	0.12453495924801647
74.91645822911455	0.053781057390651074	0.12445884124805853
75.04952476238118	0.0538811271605715	0.12453765161066967
75.18259129564782	0.0536513221556957	0.12458151053425977
75.31565782891445	0.05325256320616975	0.12441683502988503
75.44872436218108	0.05324025504990516	0.12424191854737554
75.58179089544772	0.05319018991273454	0.12408145535280757
75.71485742871435	0.05336185204055439	0.12415253002455084
75.84792396198098	0.05362076464142042	0.12402911803257215
75.98099049524762	0.05363138030253723	0.12381021457123277
76.11405702851425	0.05371886685526685	0.12366973765078554
76.24712356178088	0.053609456288778584	0.1238740921347716
76.38019009504752	0.05365676246778889	0.12385438084741886
76.51325662831415	0.05361430726861028	0.12421336157741206
76.6463231615808	0.0536152392200743	0.12407221424117297
76.77938969484742	0.053921408660402265	0.12402078694729438
76.91245622811405	0.054178284105802346	0.12399909511849766
77.0455227613807	0.05422133334709649	0.12402584549454679
77.17858929464732	0.054221263172049845	0.1238550084094551
77.31165582791395	0.05430497313161069	0.12413056135258006
77.4447223611806	0.05444799163253637	0.12429730329370617
77.57778889444722	0.05450024929413024	0.12437229566773689
77.71085542771385	0.05467479424241156	0.12449275942300754
77.8439219609805	0.054889553279274285	0.12411506629015322
77.97698849424712	0.054842186878039205	0.12395097369383824
78.11005502751375	0.05491568666847521	0.12399010223863419
78.2431215607804	0.055032385103756284	0.12398377850148391
78.37618809404702	0.054941350415268354	0.12385098183129224
78.50925462731365	0.055080345366615116	0.12401523310051264
78.6423211605803	0.055374695957881005	0.12392435093513127
78.77538769384692	0.05533632140062963	0.12424234574811072
78.90845422711355	0.054969125170420505	0.12457633382889695
79.0415207603802	0.05523032546119101	0.12473142923057909
79.17458729364682	0.05555059523231445	0.12422101152009261
79.30765382691345	0.055595107023723916	0.12385449296166226
79.4407203601801	0.05570195600676254	0.12437931579349164
79.57378689344672	0.05568953604033681	0.12435686756240388
79.70685342671335	0.055558940104678524	0.1241510946077974
79.83991995998	0.05536952852106719	0.12430937159437233
79.97298649324662	0.05538369306150293	0.12476884351017999
80.10605302651325	0.05529492704789556	0.12514238831051477
80.2391195597799	0.05498407195076122	0.12471157692658394
80.37218609304652	0.05518998066750819	0.12477607344268103
80.50525262631315	0.05522743833678537	0.12507578078845052
80.6383191595798	0.05506758856847884	0.12500015125975814
80.77138569284642	0.055277285365458124	0.1251667862001383
80.90445222611305	0.05539829715595197	0.12534279729091344
81.0375187593797	0.055397597949665034	0.12552553814203965
81.17058529264632	0.0554970078768516	0.12568641854678914
81.30365182591295	0.05576970234231769	0.12559012140351516
81.4367183591796	0.0557171958257618	0.12564232918576498
81.56978489244622	0.055648055515562345	0.1257759943899882
81.70285142571285	0.055572186262566305	0.1261290553751392
81.8359179589795	0.055279768047169164	0.12583945324922466
81.96898449224612	0.054979642842641854	0.1261548170982546
82.10205102551275	0.05516431283378688	0.12618921725748936
82.2351175587794	0.055499783967622965	0.12618042247140632
82.36818409204602	0.055301868138646425	0.126102765706581
82.50125062531265	0.05494666292593023	0.12631201031305195
82.6343171585793	0.05466802110963361	0.12618981946794788
82.76738369184592	0.054827327964726766	0.12556168646545746
82.90045022511255	0.0551803946076217	0.12558585033208935
83.03351675837919	0.05512365351594652	0.12513726447793017
83.16658329164582	0.05507001574501546	0.12473319916483896
83.29964982491245	0.05506818483444875	0.12493316808510481
83.43271635817909	0.05502573677374285	0.12502005502553262
83.56578289144572	0.05490464116206825	0.12477227894191824
83.69884942471235	0.05491855759471052	0.12461134933096106
83.83191595797899	0.05485857627878009	0.12480998675739172
83.96498249124562	0.05474422914858395	0.12432364149552697
84.09804902451225	0.05471571468848453	0.12438943816800829
84.23111555777889	0.05465875340235438	0.1245614965083584
84.36418209104552	0.05471542785992472	0.12417660548677983
84.49724862431215	0.05457802427167909	0.12421304671131594
84.63031515757879	0.05451975167789252	0.12403805475909832
84.76338169084542	0.054446375615440065	0.12422359007853416
84.89644822411205	0.054375906863085306	0.12473727768750234
85.02951475737869	0.05432572660214273	0.12517819140232148
85.16258129064532	0.05422738689163201	0.12498697442173004
85.29564782391195	0.05422590870860336	0.12501229652564996
85.42871435717859	0.0544032616563914	0.1252037394520837
85.56178089044522	0.05462874008273531	0.12542853213460253
85.69484742371185	0.05424895490180197	0.12575835852424447
85.82791395697849	0.054422134250981684	0.12550486768412386
85.96098049024512	0.0546352686298765	0.12496315598867294
86.09404702351175	0.05490373934698155	0.12463575460701884
86.22711355677839	0.05502033031478114	0.12422740101802873
86.36018009004502	0.05517938654513986	0.12414501644882493
86.49324662331165	0.05517756080187925	0.12432911025960418
86.62631315657829	0.0552073508769554	0.12454353155484425
86.75937968984492	0.05515328622466545	0.1248490418301701
86.89244622311155	0.05532462362026903	0.1248790147876609
87.02551275637819	0.05529004069595826	0.1248993831034832
87.15857928964482	0.05522081658606186	0.12500565746897802
87.29164582291145	0.05556714588245233	0.1247100457837785
87.42471235617809	0.05574581739767931	0.12459156470872626
87.55777888944472	0.055517013768135524	0.1247095363351316
87.69084542271135	0.05565060365857756	0.12512056510331632
87.82391195597799	0.05580660293968858	0.12526850895754063
87.95697848924462	0.05627181139833605	0.12527679228269667
88.09004502251125	0.05618239916055386	0.12524312165286863
88.22311155577789	0.05598792751030416	0.1252324018279745
88.35617808904452	0.05581299573014108	0.12527018639183743
88.48924462231115	0.05582096373785978	0.12507245458089586
88.62231115557779	0.05576626027510643	0.1253931800458679
88.75537768884442	0.05567469096689331	0.125903443336018
88.88844422211105	0.05586698067799219	0.12543634067217427
89.02151075537769	0.05591617356697862	0.12549584680267617
89.15457728864432	0.055771805111039206	0.12575101572364564
89.28764382191095	0.05545375908315825	0.12532942984023535
89.42071035517759	0.055578798438175474	0.12570151701251198
89.55377688844422	0.055550065827961015	0.12607662931376476
89.68684342171085	0.05558692321086076	0.12617256004297056
89.81990995497749	0.055433487778745114	0.12612446331680272
89.95297648824412	0.055248059574098195	0.12620595304321322
90.08604302151075	0.05550212731799174	0.12615591938648507
90.21910955477739	0.05550765552706262	0.12614357290112074
90.35217608804402	0.055689152888723004	0.12557509060587302
90.48524262131065	0.05579333547224157	0.12520192287859624
90.61830915457729	0.056031769190814734	0.1253229854896831
90.75137568784392	0.05602475755895142	0.12513578632148267
90.88444222111055	0.05609755640320891	0.12507319318919408
91.01750875437719	0.05623041936056862	0.12527582315714672
91.15057528764382	0.056098367057540795	0.12533683031906379
91.28364182091045	0.05612889815864614	0.12501630620895882
91.41670835417709	0.0559937726140953	0.12513664836371755
91.54977488744372	0.05604341330049499	0.1251433269502559
91.68284142071035	0.0560983967812723	0.12538095580520614
91.81590795397699	0.05629358554972445	0.12530737596549715
91.94897448724362	0.05680677653260854	0.1250992772792228
92.08204102051025	0.05676850184860011	0.12514418975477568
92.21510755377689	0.05669651915221394	0.12507074091126583
92.34817408704352	0.056721467905176105	0.12494179925920305
92.48124062031015	0.05641290165633263	0.1252277512624194
92.61430715357679	0.05595803875506293	0.12554682793801658
92.74737368684342	0.055886728450132546	0.12550642690798144
92.88044022011005	0.05590366163157561	0.12556753662097506
93.01350675337669	0.05588359174143767	0.12589693853851475
93.14657328664332	0.05573090035642676	0.12567899078949032
93.27963981990995	0.05553278131313396	0.1253565871049184
93.41270635317659	0.055434899429320485	0.1254967236626919
93.54577288644322	0.0556189569643683	0.1257339899549025
93.67883941970985	0.05558966502777475	0.12580540883738528
93.81190595297649	0.05557425994602096	0.12579754516167996
93.94497248624312	0.05551141232846358	0.12594023908719312
94.07803901950976	0.05549642082675599	0.1260459329200205
94.21110555277639	0.05519635086301952	0.12620648095916084
94.34417208604302	0.05472670921517078	0.1261428128683071
94.47723861930966	0.05488611734818997	0.1258678588115081
94.61030515257629	0.05519927906415607	0.1257246129411866
94.74337168584292	0.05527556920594874	0.12588619760394693
94.87643821910956	0.05561847896639935	0.12584190106584203
95.00950475237619	0.055856403143492515	0.125556348391315
95.14257128564282	0.055853845138710764	0.1255144916506821
95.27563781890946	0.05575398570070079	0.12583476596575788
95.40870435217609	0.055662703226981115	0.12543158420382622
95.54177088544272	0.055803775813457225	0.1252717181507537
95.67483741870936	0.05578572239339778	0.12530635906269993
95.80790395197599	0.055626977230619365	0.12529602512174187
95.94097048524262	0.05577051625753985	0.12494605882644186
96.07403701850926	0.05595104043366847	0.12534707790347516
96.20710355177589	0.05590668655448688	0.12563892687303221
96.34017008504252	0.05580147588943222	0.12529084038917201
96.47323661830916	0.05551735781730753	0.12582096651755806
96.60630315157579	0.05560340520350448	0.12644591061004853
96.73936968484242	0.05581318994856364	0.1265327642513352
96.87243621810906	0.05561628271573433	0.12697038531144297
97.00550275137569	0.05590930002309336	0.1267947957995633
97.13856928464232	0.056090828534976746	0.1265747126646909
97.27163581790896	0.056112085055227606	0.1267169485637006
97.40470235117559	0.05611177233472719	0.12715078061744606
97.53776888444222	0.056070741093163505	0.12726897466111564
97.67083541770886	0.05597959308231377	0.12728956786359275
97.80390195097549	0.05580271023673286	0.12705990504005674
97.93696848424212	0.055737148886872034	0.12685347875311176
98.07003501750876	0.05576064397173327	0.12662463242341504
98.20310155077539	0.05564286819217437	0.126879663042985
98.33616808404201	0.055607695440238	0.12698792488088786
98.46923461730866	0.055733974226422185	0.12650814344296926
98.60230115057529	0.055508345306755094	0.12634721584762784
98.73536768384191	0.05545403185146491	0.12691626045108975
98.86843421710856	0.05550211997147757	0.1268697963655569
99.00150075037519	0.05566897327728817	0.12647000809010872
99.13456728364181	0.05590704177718066	0.12652446326002242
99.26763381690846	0.055905385162692306	0.126739035786464
99.40070035017509	0.05584881252047829	0.12683599632135512
99.53376688344171	0.05564087685743629	0.12648039325251456
99.66683341670836	0.055623573887824906	0.12617742054170766
99.79989994997499	0.05558819430901735	0.12590932773026559
99.93296648324161	0.0555904656835146	0.12618790515975506
100.06603301650826	0.0556683831500087	0.12652220729843436
100.19909954977489	0.05585781663424476	0.12666707205662325
100.33216608304151	0.05587339481292446	0.126946024002079
100.46523261630816	0.05576322314968225	0.12705368326308017
100.59829914957479	0.055743813919281585	0.1270054995642022
100.73136568284141	0.05581769078035358	0.12739081396740537
100.86443221610806	0.055866570303813805	0.12754063555173764
100.99749874937469	0.05580962352624668	0.12754458201349514
101.13056528264131	0.05585031345603631	0.1274769567193213
101.26363181590796	0.055853803199072065	0.1276239910299309
101.39669834917459	0.05582896739164901	0.12777726106978762
101.52976488244121	0.0560957003994653	0.12751754406323448
101.66283141570786	0.05641246134995545	0.12693985998151408
101.79589794897448	0.05647651633005819	0.12658155155632017
101.92896448224111	0.056638724770289334	0.126779618268664
102.06203101550776	0.056699266660124856	0.12694375864092608
102.19509754877438	0.05645829934848374	0.12750185467614167
102.32816408204101	0.05614809201093556	0.12773687055356722
102.46123061530766	0.05645203398807215	0.12771554346685285
102.59429714857428	0.056563535520448766	0.12745745973737083
102.72736368184091	0.05639351194400552	0.12733070841549754
102.86043021510756	0.05633847124732609	0.1276332531123983
102.99349674837418	0.0565921095634269	0.12792394357941309
103.12656328164081	0.05665331866219567	0.12790537120915976
103.25962981490746	0.05673966299636156	0.12808340129723925
103.39269634817408	0.056725165421354466	0.12794646255843456
103.52576288144071	0.05636467819473914	0.12781321460039488
103.65882941470736	0.056138817896024956	0.12762299425852786
103.79189594797398	0.05608630927633945	0.12717831220068712
103.92496248124061	0.05579323886000046	0.12742899232666013
104.05802901450726	0.05588064474830997	0.1275945556542072
104.19109554777388	0.056063324500263835	0.12731398688130235
104.32416208104051	0.0558417752949451	0.12737792807534562
104.45722861430716	0.05580132877256367	0.12732440135813514
104.59029514757378	0.05602812137704708	0.1273030114488453
104.72336168084041	0.05590948490678199	0.12730347765378103
104.85642821410705	0.055814691051664034	0.12734881893064676
104.98949474737368	0.05575924080213251	0.12745698764148602
105.12256128064031	0.055624865140042834	0.12788380708203861
105.25562781390695	0.055695135349799814	0.12801269389909684
105.38869434717358	0.05574023874578794	0.128375904791731
105.52176088044021	0.05585606224383791	0.12860175006490845
105.65482741370685	0.05608166083885387	0.12834101088107616
105.78789394697348	0.05620170058829287	0.12832970599702884
105.92096048024011	0.05651256017923799	0.1282658314777821
106.05402701350675	0.05631162647764141	0.12797986654857868
106.18709354677338	0.05649289526605817	0.1277505810327256
106.32016008004001	0.056592988324616796	0.12755781287328022
106.45322661330665	0.056618498773405655	0.12789518633501842
106.58629314657328	0.05700937507980377	0.12760156987705315
106.71935967983991	0.056964050414479474	0.1273805349820556
106.85242621310655	0.05667972045638163	0.1278363058098657
106.98549274637318	0.056760298939839374	0.1279126982325177
107.11855927963981	0.056742800255761734	0.12788244794777717
107.25162581290645	0.05649666604457014	0.12789954582612753
107.38469234617308	0.05674394101038478	0.12786971560548477
107.51775887943971	0.05721139354224063	0.12781962512716724
107.65082541270635	0.057293098228890525	0.12741888435122972
107.78389194597298	0.057090873129029274	0.12726438304113605
107.91695847923961	0.05726489029247859	0.12707615972748054
108.05002501250625	0.05757343308009703	0.12713522874022723
108.18309154577288	0.05762056559172705	0.12726951687449126
108.31615807903951	0.05764738164815191	0.1269993663329744
108.44922461230615	0.05791684488163285	0.12696231677989886
108.58229114557278	0.05797728237116966	0.12696389350047893
108.71535767883941	0.05783750362010244	0.12705466228189763
108.84842421210605	0.05781144848499196	0.1273213172144535
108.98149074537268	0.05773919210243725	0.12738223564438003
109.11455727863931	0.05769059410589492	0.12712915012147805
109.24762381190595	0.05760151125299369	0.1267852627459279
109.38069034517258	0.057698281500184856	0.1268860129278474
109.51375687843921	0.057675031481769536	0.12716221255948124
109.64682341170585	0.057616603329937136	0.12729688648949355
109.77988994497248	0.057703702729976165	0.1273925684489627
109.91295647823911	0.05765621395467546	0.12738132138422906
110.04602301150575	0.057751171359012796	0.12730232320447568
110.17908954477238	0.05802510000417318	0.12736263211159446
110.31215607803901	0.0581512942024144	0.12761747991632374
110.44522261130565	0.05845880118235295	0.1270788873729574
110.57828914457228	0.058733732572594566	0.12685532745706296
110.71135567783892	0.05878984021841226	0.127271587705739
110.84442221110555	0.05862643679899502	0.12751524985965684
110.97748874437218	0.05851604226157705	0.12771061737835804
111.11055527763882	0.05852861029245512	0.12824988811341564
111.24362181090545	0.0583366203535111	0.12827897217925874
111.37668834417208	0.058595275866772774	0.12777385746555645
111.50975487743872	0.05877474680346903	0.12737270483785246
111.64282141070535	0.05861782847128107	0.1273032841376988
111.77588794397198	0.058578941618041176	0.12741730930697354
111.90895447723862	0.05856490572952152	0.1274497379730806
112.04202101050525	0.058559718133767986	0.1278701755217885
112.17508754377188	0.05879040539893283	0.12794387875035854
112.30815407703852	0.05880270371234781	0.128073668714557
112.44122061030515	0.05864077442593355	0.1285621432123197
112.57428714357178	0.058585163095512996	0.12819353256649096
112.70735367683842	0.058542521961518434	0.1286439719632617
112.84042021010505	0.058494258148040594	0.12895712640273793
112.97348674337168	0.058460659713474666	0.12894679020516384
113.10655327663832	0.058242346210104025	0.1288013113086271
113.23961980990495	0.058066527360439685	0.12837735125204736
113.37268634317158	0.05824070585274434	0.1287005567743765
113.50575287643822	0.05847666441781934	0.12918142958774723
113.63881940970485	0.05870311860622415	0.12943465121350986
113.77188594297148	0.05884646177421537	0.1293322693483846
113.90495247623812	0.05893021337030462	0.1290746051965928
114.03801900950475	0.058967680733043884	0.12850554914434145
114.17108554277138	0.0592563132054744	0.1279462932033579
114.30415207603802	0.05934370696844288	0.1282392784113552
114.43721860930465	0.059121494372965704	0.12868667677024062
114.57028514257128	0.05905996344387208	0.12844532389605354
114.70335167583792	0.05936487369216671	0.12811186236585473
114.83641820910455	0.059586637313146125	0.12796661375082755
114.96948474237118	0.059469690106820974	0.12823146746288366
115.10255127563782	0.059463909803480236	0.12816217161539636
115.23561780890445	0.0591978007485276	0.12804574980401384
115.36868434217108	0.05911284751799174	0.12854915656256855
115.50175087543772	0.05900946927059599	0.12886781620333707
115.63481740870435	0.05905859163017751	0.12889218331566088
115.76788394197098	0.05926428399183146	0.1293269902090577
115.90095047523762	0.05923284019656738	0.13005753654291627
116.03401700850425	0.05916127883570016	0.1301922698069708
116.16708354177088	0.059033290175845334	0.13032128255503775
116.30015007503752	0.059192842324576604	0.13063436068478648
116.43321660830415	0.0593669270554929	0.13055315834085562
116.56628314157078	0.058991606330467204	0.13053162529537107
116.69934967483742	0.05867473624793553	0.1308845825416938
116.83241620810405	0.058534258607061976	0.13100587700782315
116.96548274137068	0.05866143639009773	0.13137394321263784
117.09854927463732	0.05851877880411345	0.13175562984237207
117.23161580790395	0.05817786246985798	0.1315982941319433
117.36468234117058	0.05823785411140391	0.13160082809862506
117.49774887443722	0.05814229564759393	0.13190004191224264
117.63081540770385	0.05775025804099997	0.13210200461532876
117.76388194097048	0.05771373902156329	0.1317683999771007
117.89694847423712	0.057977480461792706	0.13117035331859428
118.03001500750375	0.058064933183067984	0.1307959430594194
118.16308154077038	0.057963367543386164	0.13049332200797056
118.29614807403702	0.057826044972146176	0.13042081074194853
118.42921460730365	0.05782269789525191	0.13056094513069327
118.56228114057028	0.05786627088683399	0.13083634689532947
118.69534767383692	0.058011246408920844	0.13081098417324039
118.82841420710355	0.05798962890862555	0.13084103681710038
118.96148074037018	0.05769677711188903	0.13104696826974058
119.09454727363682	0.05776892414511155	0.13075548782698773
119.22761380690345	0.058043410800139174	0.1308883595025788
119.36068034017008	0.058011525419715174	0.13066345089985185
119.49374687343672	0.05803208757285126	0.13109164728272857
119.62681340670335	0.05799688231081415	0.1317016735783243
119.75987993996998	0.057790272274410956	0.13193820967871858
119.89294647323662	0.057799569560664885	0.1322362507658364
120.02601300650325	0.05780151765448583	0.13228693027455934
120.15907953976988	0.05782809302295057	0.1323680769601373
120.29214607303652	0.05771992226513911	0.13205952534903967
120.42521260630315	0.057640353871830106	0.13210838812757703
120.55827913956978	0.05764382985867656	0.1321754558347926
120.69134567283642	0.05734958850948627	0.1320743662690747
120.82441220610305	0.057039772434247876	0.13210542223622165
120.95747873936968	0.056972676915385496	0.13212813749679014
121.09054527263632	0.05711471194264513	0.13219335308943966
121.22361180590295	0.05738150587135244	0.13201654817478098
121.35667833916958	0.05755601698572864	0.1317561714984174
121.48974487243622	0.05785112710578351	0.13164847858698958
121.62281140570285	0.05785124710163629	0.131448423742223
121.75587793896948	0.05772484499926726	0.1311768398112517
121.88894447223612	0.05780008069140658	0.13110420096452638
122.02201100550275	0.05812823480522621	0.13092266044440612
122.15507753876938	0.05841948159474645	0.13094143001017874
122.28814407203602	0.05834341133243483	0.13105070858872786
122.42121060530265	0.05824614325572795	0.1309007845551989
122.55427713856928	0.058283342738735124	0.13079215833345942
122.68734367183592	0.05851960163043813	0.13065605032806854
122.82041020510255	0.05859249740852263	0.13107844863390172
122.95347673836918	0.05830279371672823	0.13131562656763268
123.08654327163582	0.058263526094265376	0.1314979263589721
123.21960980490245	0.05870890087954539	0.13130988784621464
123.35267633816908	0.0589507165933617	0.13111355821908338
123.48574287143572	0.058903231522008645	0.13145194134334537
123.61880940470235	0.0589361678656865	0.13121786273183952
123.75187593796898	0.0590312992543914	0.1310013654287333
123.88494247123562	0.059000061245869484	0.13164884710497965
124.01800900450225	0.058991839787015464	0.13198593573836687
124.15107553776888	0.05891283482066238	0.13123074285621888
124.28414207103552	0.05886735184167654	0.13098912853891792
124.41720860430215	0.05876582481988731	0.13102748090992994
124.55027513756878	0.05858393771673964	0.13062236152309872
124.68334167083542	0.058413159802707657	0.13063244540196448
124.81640820410205	0.058168926311943175	0.13094130810933863
124.94947473736867	0.058064227632373136	0.13110705525505717
125.08254127063532	0.05796738054802311	0.1311721044342288
125.21560780390195	0.0577185786328549	0.1309978172817826
125.34867433716857	0.057831759390000285	0.131030472309466
125.48174087043522	0.05816551174173467	0.13129968733386796
125.61480740370185	0.05776739640119619	0.13108258489659375
125.74787393696847	0.057492226277047274	0.13080167167540196
125.88094047023512	0.05773103049274331	0.1301908286368498
126.01400700350175	0.057787754583493084	0.12982058052183693
126.14707353676837	0.057809745306473904	0.12975230447356495
126.28014007003502	0.05764993483558543	0.12950480719882798
126.41320660330165	0.057485653375507074	0.12923001230469047
126.54627313656827	0.057789836575465534	0.1295483511130661
126.67933966983492	0.05809289953513802	0.12956793363852365
126.81240620310155	0.05805331397290227	0.1292518357691829
126.94547273636817	0.05785706036375346	0.1297498203592574
127.07853926963482	0.057866000717298284	0.1299873299954869
127.21160580290145	0.057798029751254275	0.1297668063547774
127.34467233616807	0.05810024451556581	0.12978077349790287
127.47773886943472	0.05815563394759882	0.12979133731917727
127.61080540270135	0.057889899416711445	0.12978307299792807
127.74387193596797	0.057896013309773446	0.12972273258236897
127.87693846923462	0.057777231495852566	0.12906618122303062
128.01000500250126	0.05787244328224106	0.12869228255001952
128.1430715357679	0.05796430495848826	0.12881218115898244
128.27613806903452	0.05787554554100349	0.1288343176711485
128.40920460230114	0.05771447978702737	0.12914086466351352
128.54227113556777	0.05785240960251675	0.12894749398100874
128.6753376688344	0.058495950022337186	0.12907288114076504
128.80840420210106	0.058680502980770224	0.1291473666937915
128.9414707353677	0.05886373196426821	0.1289383156956979
129.07453726863432	0.0592637377223938	0.1291771388568503
129.20760380190094	0.05906562669120247	0.12927741167139603
129.34067033516757	0.058974170545364454	0.12929921005564735
129.4737368684342	0.05901695079930044	0.12917821482405173
129.60680340170086	0.058972367027498154	0.12900749153947255
129.7398699349675	0.05905866401480509	0.1289055276396072
129.87293646823412	0.058900002337916126	0.12905116048676463
130.00600300150074	0.0586357571624136	0.12947437641021034
130.13906953476737	0.05871203932925695	0.1298209562351241
130.272136068034	0.05882273508362298	0.12985070089499096
130.40520260130066	0.05895677866834893	0.13023461285136465
130.5382691345673	0.05924060863817708	0.1308573225357237
130.67133566783392	0.05915455711045316	0.13057038747850852
130.80440220110054	0.05894809514480181	0.13064500087367448
130.93746873436717	0.05905082930619775	0.1312285804015433
131.0705352676338	0.05897938940822555	0.13118357965239064
131.20360180090046	0.058842516968556385	0.131281119094457
131.3366683341671	0.05882987479404262	0.13129972982107216
131.46973486743371	0.05878923069115493	0.13083586048650475
131.60280140070034	0.0586252885935195	0.13088573421807514
131.73586793396697	0.05863626167397417	0.13086469230667047
131.8689344672336	0.05874640222479455	0.1306087894559269
132.00200100050026	0.058872557158168734	0.1305978883755518
132.1350675337669	0.058966798903610784	0.13075321278803728
132.26813406703351	0.058787425409692035	0.13074433993874818
132.40120060030014	0.05919485103621433	0.13063457780665294
132.53426713356677	0.05941841539925281	0.1305634145956231
132.6673336668334	0.059281277953431	0.13019267226405243
132.80040020010006	0.05936128293422203	0.13002478792436373
132.93346673336669	0.05943092025984773	0.1299246386087764
133.06653326663331	0.05960363238132087	0.12973976540302254
133.19959979989994	0.05961299800788675	0.12975976603472306
133.33266633316657	0.05984653734573979	0.1299372082659441
133.4657328664332	0.059905606019162186	0.13031061416662973
133.59879939969986	0.05968545113652228	0.13003943708228416
133.73186593296649	0.05972610294887933	0.12971424153617614
133.8649324662331	0.059750281732947094	0.1300143845901421
133.99799899949974	0.059573266808085404	0.1301572274750221
134.13106553276637	0.05942578957149714	0.1302061721299392
134.264132066033	0.05926987899007994	0.13041289669705097
134.39719859929966	0.05926479582084266	0.12987315266887836
134.53026513256629	0.05922751822000183	0.12934213443784634
134.6633316658329	0.059416085361832356	0.12957650327708847
134.79639819909954	0.05968006686918556	0.12986775651749455
134.92946473236617	0.059778959413011895	0.12998517187759293
135.0625312656328	0.05978455432403757	0.12964007032436373
135.19559779889946	0.059670325598528924	0.12953518352415108
135.32866433216608	0.0598665232151414	0.12928506898249864
135.4617308654327	0.060254087165426407	0.12930692799695534
135.59479739869934	0.06042860274516571	0.12948501136738125
135.72786393196597	0.06053541028955058	0.12962744515752703
135.8609304652326	0.0604562281265013	0.12965487074758528
135.99399699849926	0.06042324281681983	0.1292817907379181
136.12706353176588	0.06038314760304512	0.1292750173360427
136.2601300650325	0.0604515901587867	0.12941565254657475
136.39319659829914	0.06054574692581134	0.1296118543180177
136.52626313156577	0.06037694062435457	0.12925704923607872
136.65932966483243	0.0604194406096008	0.12910583644043086
136.79239619809906	0.06023467310004385	0.12936964361071143
136.92546273136568	0.060013345888337136	0.12965195422028908
137.0585292646323	0.06017000861525739	0.12966277779003954
137.19159579789894	0.060147578676484646	0.12944543305878994
137.32466233116557	0.059763037545407655	0.12955733242882456
137.45772886443223	0.05985005921336281	0.12985808294690063
137.59079539769886	0.05984836258654257	0.13002278802960648
137.72386193096548	0.05956239440132896	0.1300925526622103
137.8569284642321	0.05970155082663676	0.12998057000151417
137.98999499749874	0.05978425767557623	0.1299960404317608
138.12306153076537	0.05965741270686192	0.13030670601192346
138.25612806403203	0.059598616933724084	0.13024490419112997
138.38919459729865	0.059894505260859036	0.12972677558928147
138.52226113056528	0.060045337149868275	0.12951378479229161
138.6553276638319	0.06010420235292949	0.12961617948461782
138.78839419709854	0.060137401608789054	0.12930303952857555
138.92146073036517	0.06005550388894184	0.1294304765403566
139.05452726363183	0.06021407317413467	0.1297335567396863
139.18759379689845	0.06029115898210774	0.12973247371965652
139.32066033016508	0.06017929739956658	0.12956439893022545
139.4537268634317	0.060202178705259	0.1294741524217271
139.58679339669834	0.06038100824548869	0.1295946103340862
139.71985992996497	0.06031228954799665	0.12961068813651783
139.85292646323163	0.06037484951692735	0.12934894760205926
139.98599299649825	0.06063833093232025	0.1285953836349173
140.11905952976488	0.06047012689078076	0.12862146711839817
140.2521260630315	0.06039256919469703	0.12911612867235972
140.38519259629814	0.060791937993678345	0.12934602083141797
140.51825912956477	0.0608977916812261	0.12952328571141827
140.65132566283143	0.06072006719636216	0.12939767559923213
140.78439219609805	0.06050194383325385	0.12961434067780336
140.91745872936468	0.060461813455742926	0.12987882774328224
141.0505252626313	0.06045337448073263	0.1296627285709501
141.18359179589794	0.06026912343859102	0.12958329295769647
141.31665832916457	0.06025831390712541	0.12956043684064336
141.44972486243122	0.05998172910734865	0.12951363557967122
141.58279139569785	0.06004140429959023	0.12977456217876668
141.71585792896448	0.06061938688635452	0.129355095423096
141.8489244622311	0.060824215826040494	0.12888301097048668
141.98199099549774	0.06074929885741443	0.1289273359958905
142.11505752876437	0.06076787699165222	0.12882279405939107
142.24812406203102	0.06094773568146711	0.12894213073301947
142.38119059529765	0.06104585525072045	0.12845043841229806
142.51425712856428	0.06111747819662795	0.12792839093819341
142.6473236618309	0.0611385434857671	0.127766297555266
142.78039019509754	0.06125034407192102	0.12780091846316102
142.91345672836417	0.06115320242962206	0.12795347502459814
143.04652326163082	0.06107331443472573	0.12835884768191713
143.17958979489745	0.06109059046258723	0.12820652745781877
143.31265632816408	0.06105192571224933	0.12757587731852063
143.4457228614307	0.0609180679923895	0.12757145439002673
143.57878939469734	0.06074075211355453	0.12774289202098987
143.71185592796397	0.060786068144997804	0.1282325376205803
143.84492246123062	0.06059198570612163	0.12870471631465494
143.97798899449725	0.06043365322178935	0.12921023626718728
144.11105552776388	0.0601534274029116	0.12955889497243375
144.2441220610305	0.06013660672862655	0.12961334217326143
144.37718859429714	0.06042115559684371	0.129753180085092
144.51025512756377	0.06077544731181343	0.12970496808195903
144.64332166083042	0.06073449771479494	0.12978642115681485
144.77638819409705	0.060765159513456256	0.1302121082243128
144.90945472736368	0.060839961333284974	0.1303285558480112
145.0425212606303	0.060658016612270854	0.130178229198206
145.17558779389694	0.06083538127772333	0.12969914930425944
145.30865432716357	0.06097378729139942	0.1295919038945993
145.44172086043022	0.0610685702426662	0.1300349820639574
145.57478739369685	0.061238040385907265	0.13000840239707323
145.70785392696348	0.06111962668504319	0.13003729471506117
145.8409204602301	0.06093020580505155	0.13016178965267608
145.97398699349674	0.06112028459048827	0.13007859274966196
146.10705352676337	0.06093480555068149	0.1300208753467568
146.24012006003002	0.06058536798938298	0.12968920775571557
146.37318659329665	0.06059219964369249	0.12967867616846424
146.50625312656328	0.06058825646211405	0.1300670871191759
146.6393196598299	0.06074571717752243	0.12979519852554777
146.77238619309654	0.06076939351617774	0.12975724104515662
146.90545272636317	0.060627337282187645	0.12997071773789445
147.03851925962982	0.06046842364263058	0.13029811524061752
147.17158579289645	0.06049221429277402	0.13035093224683875
147.30465232616308	0.06070186843144473	0.13030857391830225
147.4377188594297	0.06079016855503493	0.1306537026140601
147.57078539269634	0.06095959450090775	0.13050566021265014
147.70385192596297	0.06098099966072905	0.13033741842211696
147.83691845922962	0.06111544872307662	0.12998951805579104
147.96998499249625	0.0612684394140344	0.12973659023921905
148.10305152576288	0.061130456792153356	0.13013883161357664
148.2361180590295	0.06099299106593844	0.13015086874737217
148.36918459229614	0.06083774656086506	0.12995178008161304
148.50225112556276	0.0609227113505849	0.12998144806147638
148.63531765882942	0.06104814952221287	0.12980440766558993
148.76838419209605	0.06098039708381248	0.12948814853204563
148.90145072536268	0.06118600468606575	0.1294316601909953
149.0345172586293	0.06113418892823942	0.12970494370743338
149.16758379189594	0.06087375054135704	0.13000374385712132
149.30065032516256	0.0609917759446188	0.1300560532395197
149.43371685842922	0.06123519077011952	0.13046789043810056
149.56678339169585	0.06118952334309047	0.13058643464414138
149.69984992496248	0.06142552275113706	0.13096816449148654
149.8329164582291	0.06166722603840325	0.13132152676568978
149.96598299149574	0.06147072958599025	0.13135713449794692
150.09904952476236	0.061538197055743996	0.1313768243807831
150.23211605802902	0.06150519191503979	0.13124106829301543
150.36518259129565	0.061421160246706366	0.13112846252844151
150.49824912456228	0.06148773279325661	0.13105728949309728
150.6313156578289	0.06163811995490614	0.13111058542311632
150.76438219109554	0.0615135770603191	0.13116062638138157
150.89744872436216	0.061402606919577433	0.13097582319285345
151.03051525762882	0.0615704515697436	0.13101497306451837
151.16358179089545	0.06129330993200116	0.13087761631902142
151.29664832416208	0.06129933032810774	0.1307507833760649
151.4297148574287	0.061444246565342975	0.13053888492967977
151.56278139069533	0.061226298533395396	0.13057208078639354
151.69584792396196	0.06148338570719068	0.13074712660164958
151.82891445722862	0.061845337925295805	0.1308293586857269
151.96198099049525	0.06145206795679241	0.13071575619610637
152.09504752376188	0.06120346022876364	0.13081129902365624
152.2281140570285	0.06111532506001931	0.13101769526280482
152.36118059029513	0.06117629531923662	0.13110759243508288
152.49424712356176	0.061393439682301564	0.13088038813981273
152.62731365682842	0.06124654701785124	0.1307975174296068
152.76038019009505	0.06099667446701374	0.13102443585270732
152.89344672336168	0.060704679355173985	0.1310404546253058
153.0265132566283	0.06074015295705849	0.13094691783812257
153.15957978989493	0.060764914621671544	0.1308437018967963
153.2926463231616	0.060456536367764095	0.1309632936873893
153.42571285642822	0.060305493512003955	0.13119707987376628
153.55877938969485	0.06033433497289877	0.13126501191918036
153.69184592296148	0.06048182615220873	0.13112939696636108
153.8249124562281	0.060681473150001566	0.1309711060724097
153.95797898949473	0.06053906794863273	0.13077508106809096
154.0910455227614	0.06005173949576688	0.13110703812767832
154.22411205602802	0.059456351640856046	0.13096242546186232
154.35717858929465	0.05944965814522967	0.13056760962573513
154.49024512256128	0.05952412322686234	0.1303366613176933
154.6233116558279	0.05957357100693839	0.1301704524153086
154.75637818909453	0.05933215858724377	0.13007861584315275
154.8894447223612	0.05886452407415429	0.12980011275433162
155.02251125562782	0.058774263540231075	0.12982949981056718
155.15557778889445	0.059213398683093645	0.1300814441085466
155.28864432216108	0.05914779875494744	0.130139580618736
155.4217108554277	0.0591036009051144	0.12954474775070865
155.55477738869433	0.05931368198201039	0.12923646229146377
155.687843921961	0.059242195273569734	0.1293164480044676
155.82091045522762	0.05925495049823252	0.12931450806129327
155.95397698849425	0.059427180528721965	0.12928767201001715
156.08704352176088	0.05951500184310765	0.1289896690970323
156.2201100550275	0.059514321964109496	0.12935819493888662
156.35317658829413	0.05940045340834424	0.1295327511166543
156.4862431215608	0.05938698862835412	0.1293020520031081
156.61930965482742	0.059330411123311715	0.12903786574488119
156.75237618809405	0.059244103021861144	0.12913292617029415
156.88544272136068	0.059246313049484536	0.1293375839853795
157.0185092546273	0.059370271060874454	0.12944329658019382
157.15157578789393	0.059623765912881974	0.12967506405095786
157.2846423211606	0.059985785026096757	0.12961000104114245
157.41770885442722	0.060173418231079565	0.129471590836913
157.55077538769385	0.06020579619198491	0.12960611462699212
157.68384192096048	0.06038290144489479	0.12944268404424364
157.8169084542271	0.06003821464031315	0.12950869949475244
157.94997498749373	0.059659360892952276	0.12956125220642056
158.0830415207604	0.05964011398111674	0.12952080115050368
158.21610805402702	0.05975878513489205	0.12922725608568417
158.34917458729365	0.05959125271529366	0.12941372686431865
158.48224112056027	0.05981906709252056	0.12970769176385374
158.6153076538269	0.059969430925256646	0.1297910738726223
158.74837418709353	0.05959986092477075	0.12986164363235397
158.8814407203602	0.059524486081663976	0.1299024708246426
159.01450725362682	0.05955593344219373	0.12986460789302764
159.14757378689345	0.05969566645222391	0.12970322726772218
159.28064032016007	0.05953515847518057	0.12999242541074318
159.4137068534267	0.059560176983440204	0.1299930547277998
159.54677338669333	0.05967732303393294	0.1302338506215185
159.67983991996	0.0596656499972854	0.13004933232299196
159.81290645322662	0.05987929955046205	0.12947921819473224
159.94597298649325	0.0597512777556495	0.12960798087039033
160.07903951975987	0.059261903962893166	0.12977414598271175
160.2121060530265	0.059197794379445286	0.12969390744272688
160.34517258629313	0.05899790065615624	0.12998853787777745
160.4782391195598	0.05880232695609705	0.12979939015886482
160.61130565282642	0.05904977891237926	0.12962692259749115
160.74437218609305	0.05931852401926324	0.1300007741550354
160.87743871935967	0.05903554218048564	0.12999093328905267
161.0105052526263	0.05890177778836659	0.12965890552040754
161.14357178589293	0.058760279447833276	0.12972691054830804
161.2766383191596	0.05872739840447599	0.1299268222957913
161.40970485242622	0.05885837281097751	0.13012406344926758
161.54277138569284	0.05911444606060801	0.12985900717607377
161.67583791895947	0.05935155597409626	0.12950415298257426
161.8089044522261	0.059423573158244515	0.12949080407668012
161.94197098549273	0.05955390869992785	0.12970693558389312
162.0750375187594	0.05942990124546455	0.12975261670161792
162.20810405202602	0.05940801814441921	0.12904684075718617
162.34117058529264	0.059800391905995544	0.12857548375838246
162.47423711855927	0.05990957925345417	0.12843487732212186
162.6073036518259	0.060191030041335185	0.12796722372345304
162.74037018509253	0.06060405864750534	0.12799166570247916
162.8734367183592	0.060476605002125164	0.12799650434823426
163.00650325162582	0.06035434726138139	0.12781097856404444
163.13956978489244	0.060631755745538356	0.12807928368838514
163.27263631815907	0.06125500096916015	0.12820918850239704
163.4057028514257	0.061456669710797183	0.12812555497499148
163.53876938469233	0.06125739408848724	0.1277929130732353
163.671835917959	0.061305402168099404	0.12805668727917627
163.80490245122562	0.06115752973583564	0.12826325790454704
163.93796898449224	0.06125698424027143	0.1277800788380316
164.07103551775887	0.061291667546346955	0.12774546392007247
164.2041020510255	0.061096642418083665	0.12785696886720951
164.33716858429213	0.0611372184049198	0.1276305425689627
164.4702351175588	0.06117954839218788	0.12721297704436485
164.60330165082541	0.0610941398935052	0.127044991749517
164.73636818409204	0.06125162845646646	0.1271595108727367
164.86943471735867	0.06133419375527598	0.12678299505225515
165.0025012506253	0.06151446816629988	0.1262497879804107
165.13556778389193	0.06165862447198401	0.12632998714821617
165.2686343171586	0.06159454756620757	0.1264418688171026
165.40170085042521	0.06146076399879469	0.1264232528130569
165.53476738369184	0.061603583169368974	0.12630349608623717
165.66783391695847	0.061570000509905416	0.12655672908183682
165.8009004502251	0.06152753362468821	0.12688447646486417
165.93396698349173	0.06137355823646628	0.1269212586147103
166.06703351675839	0.06106408929186956	0.1270833049045633
166.20010005002501	0.060944945215336374	0.12707910221238572
166.33316658329164	0.06085862530372249	0.12709883671271063
166.46623311655827	0.06024330961058026	0.12731676615621995
166.5992996498249	0.05988597164282825	0.1275160017159703
166.73236618309153	0.05995074792369037	0.12763539718352443
166.86543271635819	0.06005931623290883	0.12749587028748283
166.9984992496248	0.06027275485948452	0.12748817944531374
167.13156578289144	0.060277143002123466	0.12759626505011556
167.26463231615807	0.060659222989177815	0.1270856026962461
167.3976988494247	0.060590171350662754	0.12614873495963655
167.53076538269133	0.060655844839498874	0.1260235125843691
167.66383191595799	0.060823729529225996	0.12607166317328836
167.7968984492246	0.06063651679109769	0.12593514287867955
167.92996498249124	0.06092796978583871	0.1257708007550147
168.06303151575787	0.060937250107276915	0.12584151507794422
168.1960980490245	0.06072708781433729	0.12627021136979077
168.32916458229113	0.06066803214697059	0.12647926052913397
168.46223111555778	0.06060880746510678	0.12655471245582797
168.5952976488244	0.060600257683130286	0.12692145583599818
168.72836418209104	0.06066006649358024	0.12758137058234365
168.86143071535767	0.06038866081105305	0.12733212373067682
168.9944972486243	0.06020716659058173	0.12686294721240893
169.12756378189093	0.06002422883524723	0.127397761305371
169.26063031515758	0.060078751533186606	0.12745818784358348
169.3936968484242	0.05994272511802465	0.12746301335340862
169.52676338169084	0.05974585779086961	0.12792848441369645
169.65982991495747	0.059704576448307296	0.12740960686843644
169.7928964482241	0.05990873235528962	0.126905069884117
169.92596298149073	0.05992394474704984	0.12653227937814113
170.05902951475738	0.05993612888777325	0.12674864987437398
170.192096048024	0.059658722166791266	0.1269783024837578
170.32516258129064	0.059658754857421684	0.12694569701785868
170.45822911455727	0.0596667908323571	0.12743785180541414
170.5912956478239	0.05946768750671373	0.12730603253452866
170.72436218109056	0.059323433329590995	0.12773327326342399
170.85742871435718	0.05886873730948152	0.12812013068582728
170.9904952476238	0.058876636575875996	0.12824431792666638
171.12356178089044	0.059014642185190626	0.12843428553476607
171.25662831415707	0.05903995693465131	0.1281972873459964
171.3896948474237	0.05908049152557191	0.1282078105138488
171.52276138069035	0.05892545858196977	0.12814942735819837
171.65582791395698	0.05884655888943148	0.12735498046699728
171.7888944472236	0.05870959438441881	0.12760810241842865
171.92196098049024	0.05863311897605807	0.12789907991754595
172.05502751375687	0.05879437469110893	0.1277690769439308
172.1880940470235	0.05897941702317526	0.12779912183433048
172.32116058029015	0.0589936341542344	0.12809513868286973
172.45422711355678	0.059201492339162776	0.1282260873540097
172.5872936468234	0.05909048467333095	0.12847719282270878
172.72036018009004	0.058935033768314715	0.12846080611931923
172.85342671335667	0.05909234751437804	0.12875950127900804
172.9864932466233	0.05881005330447689	0.1288815372610268
173.11955977988995	0.05885507633136239	0.12906441860076842
173.25262631315658	0.05907763146516429	0.12956835012987408
173.3856928464232	0.05901708474996167	0.1291300424824321
173.51875937968984	0.05903076693885964	0.12849097635586898
173.65182591295647	0.05895176278736182	0.12813870821212053
173.7848924462231	0.05926834968371164	0.1276341329774076
173.91795897948975	0.059425865386082896	0.12790069636589038
174.05102551275638	0.05968493646467871	0.12759881607086324
174.184092046023	0.05982933514999804	0.12766839598082222
174.31715857928964	0.06001890324637484	0.1276210592353538
174.45022511255627	0.06001862635465079	0.12746540344273904
174.5832916458229	0.05978657398405296	0.1273970435095287
174.71635817908955	0.05945457201783705	0.12714574413961818
174.84942471235618	0.05938540806990285	0.12700543298593403
174.9824912456228	0.05902444647976877	0.12648393222815899
175.11555777888944	0.059283194185717	0.1266235639709344
175.24862431215607	0.05951190046261508	0.12677899499825865
175.3816908454227	0.059712335753309705	0.1267509699952564
175.51475737868935	0.05989526770392932	0.1266679645429264
175.64782391195598	0.0600930385843702	0.1267606331900858
175.7808904452226	0.05991078620426926	0.12705370071873623
175.91395697848924	0.06002987874303333	0.12709134511391235
176.04702351175587	0.060329914041444964	0.12685489314378456
176.1800900450225	0.06024505561479602	0.12714505514924587
176.31315657828915	0.06032308456824991	0.12696978898006803
176.44622311155578	0.06064154785535826	0.1267931544729653
176.5792896448224	0.06106495598102549	0.1267013440630001
176.71235617808904	0.0612355156525868	0.1270946978126825
176.84542271135567	0.06116012997616305	0.12708028155189902
176.9784892446223	0.06108754420239939	0.12726115009264166
177.11155577788895	0.061091944119289934	0.1274783352285914
177.24462231115558	0.06080073793272387	0.12689694290329023
177.3776888444222	0.060839139368411066	0.1267700121096392
177.51075537768884	0.060773711659518434	0.1268724126203941
177.64382191095547	0.06084817770089753	0.12701784977445424
177.7768884442221	0.06088182812783507	0.12699426719198614
177.90995497748875	0.061082800073658114	0.1265741027234324
178.04302151075538	0.0614156591012952	0.12601498402295527
178.176088044022	0.06134245838049689	0.12630756542993904
178.30915457728864	0.061372085758948425	0.12647902590042542
178.44222111055527	0.06132733140131669	0.12661603607879368
178.5752876438219	0.06153150134015066	0.12641967142586108
178.70835417708855	0.06170206186360968	0.12625340923116116
178.84142071035518	0.06165643273629853	0.1267116227214309
178.9744872436218	0.06198185850091223	0.12672100183691876
179.10755377688844	0.062300844558068974	0.12645667013385636
179.24062031015507	0.06241932011273379	0.12684271483131743
179.3736868434217	0.06244142672190708	0.12652287456595288
179.50675337668835	0.06255422511526697	0.12677591754640005
179.63981990995498	0.06260034593268887	0.1266519002800644
179.7728864432216	0.06272630425044182	0.12675493414727038
179.90595297648824	0.0629130700513715	0.1269468985489375
180.03901950975487	0.06334140715812286	0.1264901561286854
180.1720860430215	0.06357460090974913	0.1261049421685894
180.30515257628815	0.06352291581835405	0.12670626683699376
180.43821910955478	0.06346054435156784	0.12695473119880962
180.5712856428214	0.0634520366062482	0.1276018321204575
180.70435217608804	0.06322626165600877	0.1281064554382044
180.83741870935467	0.06335238604531043	0.12811386208483114
180.9704852426213	0.06355195156018992	0.1284255718325746
181.10355177588795	0.06359661848604735	0.12845258755419234
181.23661830915458	0.06364972370217468	0.12846019070910059
181.3696848424212	0.0638853866610967	0.12830625794348516
181.50275137568784	0.06401714262112743	0.128241469328624
181.63581790895446	0.0638597763887907	0.12824055341353047
181.7688844422211	0.06391494867154678	0.1281736952598757
181.90195097548775	0.06396794745101189	0.12805136854183402
182.03501750875438	0.06378481319671357	0.12760300116929046
182.168084042021	0.06400815466066909	0.1272209461350516
182.30115057528764	0.06406672137521674	0.12720833021102335
182.43421710855426	0.06393274509663294	0.12768264949661334
182.5672836418209	0.06391239996682123	0.12787264899359185
182.70035017508755	0.06384294573153516	0.12794076322931278
182.83341670835418	0.06398597333446099	0.12822592868198474
182.9664832416208	0.06386638076567348	0.12840293542606537
183.09954977488744	0.06388357747541493	0.12853986925110633
183.23261630815406	0.06412215731914493	0.12855977809660296
183.3656828414207	0.0641315469612381	0.12843207961538622
183.49874937468735	0.0636444811741298	0.12832963361060262
183.63181590795398	0.0634027565187458	0.1281280113301412
183.7648824412206	0.06328057970470397	0.1281185827186926
183.89794897448724	0.06321434955653367	0.1281640898862877
184.03101550775386	0.06327597905230575	0.1281267142973324
184.1640820410205	0.06307344058618188	0.12826943860286888
184.29714857428715	0.0627599005432502	0.1280004981056371
184.43021510755378	0.06251948698114304	0.1278499390899909
184.5632816408204	0.0623668166891669	0.1280791193305666
184.69634817408703	0.06245840096877673	0.12808466799959997
184.82941470735366	0.06228909290693957	0.12775938434444437
184.9624812406203	0.062330250522436556	0.12822303451954412
185.09554777388695	0.06241728508778027	0.1286115366659986
185.22861430715358	0.062310924059460336	0.12832219309190548
185.3616808404202	0.06227032097575987	0.12778758502513843
185.49474737368683	0.06248196793734953	0.1271888811359978
185.62781390695346	0.06284963760605028	0.1273586460148905
185.7608804402201	0.06294683084969854	0.1273138526434873
185.89394697348675	0.06284239792585196	0.1272631594500265
186.02701350675338	0.06253289786210091	0.12708929152759987
186.16008004002	0.06271631325290815	0.1269127998417774
186.29314657328663	0.06280704235343851	0.12704019051969917
186.42621310655326	0.06262018909662107	0.12686173211299626
186.5592796398199	0.06270638469801343	0.12672051274876125
186.69234617308655	0.06249168940230299	0.1267479339757469
186.82541270635318	0.06257175930752573	0.1265016853486873
186.9584792396198	0.0626071875618914	0.12638286919799846
187.09154577288643	0.06267400965992112	0.1264341505289033
187.22461230615306	0.06264696170670205	0.1262955358150376
187.3576788394197	0.06254037284179159	0.12599563908009237
187.49074537268635	0.06199748627147978	0.12643939200672485
187.62381190595298	0.06213330448954726	0.12653625379748115
187.7568784392196	0.06215510305667119	0.12668783046016974
187.88994497248623	0.06201450567988912	0.12657169097152718
188.02301150575286	0.061787007959061495	0.1265912228939582
188.15607803901952	0.062146554426225124	0.1265095579253434
188.28914457228615	0.062271693355555845	0.1264396302547233
188.42221110555278	0.062000497858766504	0.12695915622631357
188.5552776388194	0.061787889688411	0.12721265424520045
188.68834417208603	0.06183969990214017	0.12714934254921015
188.82141070535266	0.061836024914290244	0.1269503912754531
188.95447723861932	0.062127552276255146	0.1267364358328271
189.08754377188595	0.06261259022644144	0.12606879467677937
189.22061030515258	0.06265022349366185	0.12604928734942167
189.3536768384192	0.06274621289448808	0.1259738316084984
189.48674337168583	0.06294910354249807	0.12573025501162727
189.61980990495246	0.06321099816699283	0.12599537246852713
189.75287643821912	0.06332996733603075	0.12592013910357366
189.88594297148575	0.0630969892835544	0.12612218961533275
190.01900950475238	0.0625948595838356	0.12654920645314768
190.152076038019	0.06240049912733759	0.12658243096187066
190.28514257128563	0.06254782228943588	0.12673252973366878
190.41820910455226	0.06211091391324266	0.1273127128820356
190.55127563781892	0.06221228921923721	0.12763373394974217
190.68434217108555	0.06238642692224745	0.1275984725682671
190.81740870435218	0.06235527411747674	0.1275690453483482
190.9504752376188	0.062282166608134466	0.12784893655610122
191.08354177088543	0.06210701968454965	0.12770236134888183
191.21660830415206	0.06214113074026554	0.12757514924532276
191.34967483741872	0.06228731398219358	0.12748412139136012
191.48274137068535	0.06201942463511752	0.12723214770546773
191.61580790395197	0.0621120202535885	0.12715062635586993
191.7488744372186	0.062019899541952514	0.12743127418567268
191.88194097048523	0.06230814953598853	0.12759467701443328
192.01500750375186	0.06226495736747707	0.12786936849186506
192.14807403701852	0.0622082772879565	0.12790870566146686
192.28114057028515	0.06237700061297401	0.12805138780382871
192.41420710355177	0.06237443685273395	0.12811319763935555
192.5472736368184	0.062671872590244	0.12804117805680332
192.68034017008503	0.062418551376455876	0.12837901140979846
192.81340670335166	0.062270926857949924	0.12855404915520519
192.94647323661832	0.06237758257827444	0.1284024069394491
193.07953976988495	0.06270511125839252	0.1282402589362783
193.21260630315157	0.06286613132088804	0.12826023582220403
193.3456728364182	0.06298058604974062	0.12870780239079482
193.47873936968483	0.06312220762128516	0.12842019024143272
193.61180590295146	0.06269709697364305	0.1281748846281493
193.74487243621812	0.06224196886591236	0.12777378055316058
193.87793896948475	0.06262894750046728	0.1273272447661451
194.01100550275137	0.06290313044830764	0.12725680188561528
194.144072036018	0.06304968109643323	0.12783676762823945
194.27713856928463	0.06316433601806176	0.12797480188770083
194.41020510255126	0.06301995147744589	0.1277304551949429
194.54327163581792	0.06317857447818148	0.12741275774630081
194.67633816908454	0.06322233397124465	0.12675932091417674
194.80940470235117	0.06324936649585729	0.12671478281899862
194.9424712356178	0.06301682496989101	0.1269974212436406
195.07553776888443	0.0627502981857132	0.12737016837187087
195.20860430215106	0.06253317046465853	0.1271491964379397
195.34167083541772	0.06207082902759643	0.12698553835611529
195.47473736868434	0.061790821360153854	0.127288810808327
195.60780390195097	0.06209233701029017	0.1272260968601082
195.7408704352176	0.06247060130328342	0.12723441560440416
195.87393696848423	0.06257557237357803	0.1265401069251383
196.00700350175086	0.06255852081298036	0.12643545690677968
196.14007003501752	0.06278300337621172	0.12624749502128194
196.27313656828414	0.0626544675083091	0.1262754782071648
196.40620310155077	0.06241574725643838	0.12638597375504063
196.5392696348174	0.06238554448438279	0.12647993837707724
196.67233616808403	0.062388490647927695	0.1263047441634787
196.80540270135066	0.06228710333401377	0.1266283943690995
196.93846923461732	0.06235974070325651	0.12649398214696658
197.07153576788394	0.06228637728522406	0.12678593489672083
197.20460230115057	0.062443301229902964	0.12667897250794258
197.3376688344172	0.06253749692888881	0.12668088312862538
197.47073536768383	0.06249119783354974	0.12709501824082725
197.60380190095046	0.06247600605088507	0.12740043370358695
197.73686843421712	0.06265201102188059	0.12728536047723776
197.86993496748374	0.06260708621675022	0.12678150574347707
198.00300150075037	0.06251840009444379	0.12668529277280882
198.136068034017	0.0624569411742486	0.12678051408119298
198.26913456728363	0.06270052620922216	0.12610766678474283
198.40220110055026	0.06280737658700078	0.12594446801311465
198.53526763381691	0.06281274292232636	0.12578230175526048
198.66833416708354	0.06337689866577413	0.12582574587131926
198.80140070035017	0.06336240150611365	0.1258793199094421
198.9344672336168	0.06330430665960238	0.1258892098697699
199.06753376688343	0.06313125427518237	0.1260071324642491
199.20060030015006	0.06307543815051485	0.126053057540408
199.33366683341671	0.06317020231703264	0.12646421570164015
199.46673336668334	0.06324779399310487	0.126441311412825
199.59979989994997	0.06338277492317547	0.12666278249807697
199.7328664332166	0.0632941252202998	0.12699246561241626
199.86593296648323	0.06333621547038391	0.12683969041497503
199.99899949974986	0.06312750381838865	0.12660839217815545
200.1320660330165	0.0634481734394715	0.12592161915317818
200.26513256628314	0.06350000239892478	0.12591415589546998
200.39819909954977	0.06329628767391729	0.1261343155369197
200.5312656328164	0.0634920806313645	0.1262714171247647
200.66433216608303	0.06388286677298113	0.12654433552921265
200.79739869934966	0.0641245365092768	0.1263230018729058
200.9304652326163	0.06409137754528398	0.1260815311449328
201.06353176588294	0.0638975739023234	0.12642395908569212
201.19659829914957	0.06364041837236513	0.12664433777736847
201.3296648324162	0.0638376284563363	0.12604645361994232
201.46273136568283	0.0640216465176272	0.12650163445382132
201.59579789894946	0.0637033256356676	0.12654018881523021
201.7288644322161	0.0634246505469045	0.12653177661088638
201.86193096548274	0.06314291393670633	0.12694378659021838
201.99499749874937	0.06311851691073878	0.12696069703037824
202.128064032016	0.06300530171117469	0.1271446111862864
202.26113056528263	0.06280659927914024	0.1274669672538489
202.39419709854926	0.06294429480307243	0.12699003383389573
202.5272636318159	0.06252875712904847	0.12644975424076307
202.66033016508254	0.062381329927317625	0.12608718497492186
202.79339669834917	0.0625886650013873	0.12609244867067743
202.9264632316158	0.062284959759991834	0.1260919264963368
203.05952976488243	0.0623861522304526	0.12617403685709522
203.19259629814906	0.062203734579509104	0.12617700609057247
203.3256628314157	0.06205679630384824	0.12577021310380185
203.45872936468234	0.06206449104552056	0.12569344602778426
203.59179589794897	0.0621964498652316	0.12583819184781758
203.7248624312156	0.06216366255362771	0.1256007889215355
203.85792896448223	0.062159829112803704	0.12525870939488573
203.99099549774886	0.062028404298045056	0.12477412223686561
204.1240620310155	0.06213372717998042	0.12470674864723344
204.25712856428214	0.062187183328407794	0.12499473424728692
204.39019509754877	0.06229130321822649	0.1253074058314919
204.5232616308154	0.062367527554372734	0.12551459607998583
204.65632816408203	0.06220211174469075	0.12602790209782372
204.78939469734868	0.06221116876279896	0.12579291870887466
204.9224612306153	0.06247002167946752	0.12477724282731717
205.05552776388194	0.06263343068488855	0.12462498534327465
205.18859429714857	0.06277909012459905	0.12452003791343969
205.3216608304152	0.06303801650843692	0.12452177056943736
205.45472736368183	0.0629623539650894	0.12507020907020497
205.58779389694848	0.06323122773790588	0.1254213430999395
205.7208604302151	0.0633122218077446	0.12502405225415442
205.85392696348174	0.063347283529694	0.12522566337834265
205.98699349674837	0.06341896598940557	0.12490741236793024
206.120060030015	0.06369105360734997	0.1252222562253248
206.25312656328163	0.06391972424661937	0.12587154271526285
206.38619309654828	0.06382717164832381	0.12574499894231525
206.5192596298149	0.06401255511897094	0.1257045609673603
206.65232616308154	0.06383700954475005	0.12570605728393858
206.78539269634817	0.0638406614044072	0.12611952089915143
206.9184592296148	0.06391039980905022	0.12560644085613992
207.05152576288143	0.0638552823460816	0.1249040625823181
207.18459229614808	0.06409966854490666	0.12458911174737981
207.3176588294147	0.0642356190312918	0.12470295358532194
207.45072536268134	0.06398816580457752	0.12435593450945735
207.58379189594797	0.06376253743525612	0.1240527126715072
207.7168584292146	0.06377082384017708	0.12501438862574352
207.84992496248123	0.06396879667062286	0.12496314315616973
207.98299149574788	0.06370619847396075	0.12530045058523467
208.1160580290145	0.06355716971065033	0.1255121373624976
208.24912456228114	0.06358195684863574	0.12531645952916995
208.38219109554777	0.06344719627966834	0.12551780042802244
208.5152576288144	0.06349451359164565	0.12569575530289526
208.64832416208102	0.06340193425192793	0.12573633421513739
208.78139069534768	0.06346767493790892	0.12541043258722254
208.9144572286143	0.06340386364676082	0.1257806007898573
209.04752376188094	0.06364856161834437	0.12587712637201828
209.18059029514757	0.0638253236785502	0.12628505101845305
209.3136568284142	0.06369443480869975	0.126938685960719
209.44672336168082	0.06390210560635008	0.12680583064997028
209.57978989494748	0.06383867879627268	0.12728382303748667
209.7128564282141	0.06345822157450653	0.12688337304898842
209.84592296148074	0.06323459937641471	0.12690906278821287
209.97898949474737	0.06312063136769297	0.12700873849916983
210.112056028014	0.06286845616359202	0.12697586294388055
210.24512256128062	0.06288552086210913	0.12659059905126718
210.37818909454728	0.06301177779395581	0.1264215979005402
210.5112556278139	0.06270454680022718	0.12638651797379788
210.64432216108054	0.062351171453212485	0.12620026785621175
210.77738869434717	0.06217628307473324	0.12621913889155253
210.9104552276138	0.062061731971902255	0.12609088063039728
211.04352176088042	0.06215683156789376	0.12578688415255296
211.17658829414708	0.062260053838546395	0.1259690445554464
211.3096548274137	0.061980645922379736	0.12568640276314932
211.44272136068034	0.06173022163926968	0.1254324901952272
211.57578789394697	0.061828159441080555	0.12489944853085777
211.7088544272136	0.06174207936064555	0.12494684866966592
211.84192096048022	0.06180320383840995	0.12507980685124906
211.97498749374688	0.06175727980846213	0.1250500261982378
212.1080540270135	0.06180168753245162	0.12527485130506408
212.24112056028014	0.061634825695300946	0.1252815298395388
212.37418709354677	0.06173061456522801	0.1249756348371634
212.5072536268134	0.06169274594705039	0.12514032961893704
212.64032016008002	0.06197506040782465	0.12494120788742488
212.77338669334668	0.06205498720961758	0.12467306434521153
212.9064532266133	0.061819477854186775	0.1240163361734669
213.03951975987994	0.06188817479108578	0.12377627803288088
213.17258629314657	0.062185598505065144	0.1239717688276446
213.3056528264132	0.0619963258146608	0.12374726258445036
213.43871935967982	0.06208726895797609	0.12410083761693003
213.57178589294648	0.061708418311036815	0.12422822434927115
213.7048524262131	0.06131040927330653	0.12424027271428625
213.83791895947974	0.06135483849755369	0.12467143892203947
213.97098549274637	0.0617951283593455	0.1247175728870458
214.104052026013	0.062101617686799414	0.1243034744323771
214.23711855927962	0.062199579890962226	0.12436005002671029
214.37018509254628	0.06249592681037002	0.12487813316831536
214.5032516258129	0.06262347084846666	0.12471802760504562
214.63631815907954	0.06273114179960769	0.12472997403948688
214.76938469234616	0.06273235821713774	0.12463288376187151
214.9024512256128	0.06268616203889014	0.12477917897676158
215.03551775887942	0.06244087746242413	0.12455590784949566
215.16858429214608	0.06230028400878711	0.12460834136688469
215.3016508254127	0.0623753697440398	0.12450806121252554
215.43471735867934	0.06240331183061917	0.12430620860574175
215.56778389194596	0.06238650924183828	0.12477023568812189
215.7008504252126	0.06280727431403182	0.12498744542339933
215.83391695847922	0.06253076664790165	0.12576580297816534
215.96698349174588	0.06243055366617464	0.1257933859455125
216.1000500250125	0.062333184442712186	0.12611167431647716
216.23311655827914	0.06233691695200568	0.12633271112465186
216.36618309154576	0.06293163924429243	0.1261260544870772
216.4992496248124	0.06272203655018303	0.12614464866607758
216.63231615807902	0.06229912970231504	0.12664688296772886
216.76538269134568	0.062343057427279414	0.12610539641043395
216.8984492246123	0.06199547457681612	0.1263474287045127
217.03151575787894	0.06185541167736544	0.12699400759641763
217.16458229114556	0.06185743899161557	0.12719223081423475
217.2976488244122	0.06190213896938892	0.1272289153521066
217.43071535767882	0.06182957496408757	0.1273343096803504
217.56378189094548	0.06165193991860768	0.1273962144642425
217.6968484242121	0.061917129646523725	0.12736884861214182
217.82991495747874	0.06212319087164658	0.12727140667854336
217.96298149074536	0.06262664840800819	0.1272782333172504
218.096048024012	0.06218113529051025	0.12705786035673014
218.22911455727862	0.06242736709570949	0.1267692254499923
218.36218109054528	0.062286115385281844	0.12657477114428314
218.4952476238119	0.062328964346693626	0.12611711137313636
218.62831415707853	0.06264793418629497	0.12611237097814001
218.76138069034516	0.06250889959514078	0.125869785541401
218.8944472236118	0.06270538936265892	0.12555398394069847
219.02751375687842	0.06251017075631987	0.12516356709518914
219.16058029014508	0.06241964140363985	0.1251603446926276
219.2936468234117	0.0625036595950825	0.12556692103573855
219.42671335667833	0.06238855531799373	0.12510666907331355
219.55977988994496	0.062140329363933544	0.1252837589299089
219.6928464232116	0.06197930359387698	0.1253507694317333
219.82591295647822	0.06177428891348497	0.1258075612417449
219.95897948974488	0.0617418690874023	0.12576703088038163
220.0920460230115	0.06169494314356477	0.12554235914110926
220.22511255627813	0.06122539928252007	0.12543487173002618
220.35817908954476	0.06123952022698128	0.12570500324011788
220.4912456228114	0.06125269194438234	0.12612740835646752
220.62431215607802	0.06147547043968963	0.12616229979678206
220.75737868934468	0.06165565863409728	0.12534126496241974
220.8904452226113	0.06144454918350032	0.1253578956846668
221.02351175587793	0.06172265582319325	0.1253601047340901
221.15657828914456	0.06193234440209178	0.1251203444057361
221.2896448224112	0.06157015477113008	0.12533764936864694
221.42271135567785	0.06137628358914273	0.12562805408470637
221.55577788894448	0.061350045122239794	0.12541268038335862
221.6888444222111	0.06113930131534364	0.12544767839623736
221.82191095547773	0.061060447406059634	0.12546946993248678
221.95497748874436	0.06108125214269615	0.12534843333522958
222.088044022011	0.061117363347577565	0.12552559033115285
222.22111055527765	0.06119581769489785	0.1252027200231526
222.35417708854428	0.06108064494216276	0.1254733432453187
222.4872436218109	0.06084020337423667	0.1253330284076542
222.62031015507753	0.06082229795766727	0.12509773703084326
222.75337668834416	0.06074962922970953	0.12522254242097866
222.8864432216108	0.06091818212388581	0.12559899171330094
223.01950975487745	0.060981874525088575	0.12596248766230062
223.15257628814408	0.060763214945967446	0.12576448296101822
223.2856428214107	0.0610878895336171	0.12521801070492614
223.41870935467733	0.06079233903632004	0.1257549531987126
223.55177588794396	0.060696779134976	0.12545292882331263
223.6848424212106	0.060709045542229195	0.1256306857769665
223.81790895447725	0.06071955525337658	0.1255035322694385
223.95097548774388	0.06061245280346321	0.12525475886127496
224.0840420210105	0.060860129252846985	0.1251423666046217
224.21710855427713	0.061005592590219385	0.12537494307327363
224.35017508754376	0.06088042265861686	0.1250708660975794
224.4832416208104	0.060845888278660304	0.12461390356293794
224.61630815407705	0.0607670974697737	0.12470174164076751
224.74937468734367	0.060686389418215615	0.12514767970969318
224.8824412206103	0.06048964993550998	0.1253383949558833
225.01550775387693	0.06042391340603785	0.12532045940258885
225.14857428714356	0.0604886489803569	0.12554000839923346
225.2816408204102	0.061063844623063544	0.1254028483834189
225.41470735367685	0.060674945869602294	0.12498263574591412
225.54777388694347	0.06072990560726658	0.1250479396157438
225.6808404202101	0.060327164168919215	0.12460849792650237
225.81390695347673	0.05998588427883965	0.12472060117452122
225.94697348674336	0.05977960988048644	0.12479389120862074
226.08004002001	0.05969580047498697	0.12474664021081253
226.21310655327665	0.05969153389117441	0.12468414681830221
226.34617308654327	0.059981846397307186	0.12467077186443978
226.4792396198099	0.06035078444274453	0.12481322438957121
226.61230615307653	0.06033164272121887	0.12410987635590011
226.74537268634316	0.060199585063122334	0.12430989660602003
226.8784392196098	0.06009186027062825	0.12403375788655374
227.01150575287645	0.06041763706262733	0.12375478896927543
227.14457228614307	0.06058030691134851	0.12348753596326957
227.2776388194097	0.06081474802106044	0.12360697969506564
227.41070535267633	0.0610702017927943	0.123451201267857
227.54377188594296	0.06076310849956848	0.12374389585048345
227.6768384192096	0.060615874816663924	0.12345308572655198
227.80990495247624	0.060921945054342286	0.12280452618860824
227.94297148574287	0.06094977984210927	0.12187390205242801
228.0760380190095	0.06108981977127212	0.12186564330157182
228.20910455227613	0.06111954197928406	0.12232425544969026
228.34217108554276	0.06123202501694615	0.12272393549775673
228.4752376188094	0.060933927656997115	0.1226344512135487
228.60830415207604	0.06105102916459445	0.12233180416980191
228.74137068534267	0.06111305723415759	0.12234072323084631
228.8744372186093	0.06075399675533563	0.12283785370091854
229.00750375187593	0.06036566584246584	0.12285198257381351
229.14057028514256	0.06049821809453724	0.12305537603148566
229.2736368184092	0.06034374618413592	0.12284539347448643
229.40670335167584	0.06019388948324583	0.12335241852044235
229.53976988494247	0.06002530251134522	0.12338556869574946
229.6728364182091	0.059878980263902655	0.12373891693446197
229.80590295147573	0.05984182592370767	0.12397249314259136
229.93896948474236	0.0598847566860801	0.12322962313645769
230.072036018009	0.05981854709360357	0.12303712776223802
230.20510255127564	0.05945809999064819	0.12293392945716464
230.33816908454227	0.05971114136140401	0.12333235651241611
230.4712356178089	0.05981512085461658	0.12387234420890023
230.60430215107553	0.059680739253660214	0.12436358435003364
230.73736868434216	0.05966090644462625	0.124429112406183
230.8704352176088	0.05979845038368583	0.12400270065696964
231.00350175087544	0.060307013678196325	0.1242445870848095
231.13656828414207	0.06063962617264574	0.12420904302172633
231.2696348174087	0.060531368294569655	0.12446695325361556
231.40270135067533	0.06072861004570345	0.1247617113683693
231.53576788394196	0.060754543775118665	0.12479314941708851
231.6688344172086	0.06080011031105076	0.12444901991736483
231.80190095047524	0.06069241480725117	0.12455287845655223
231.93496748374187	0.06073751761925939	0.12437879903982067
232.0680340170085	0.06050351201744743	0.12426537200243916
232.20110055027513	0.060330162334689116	0.12468389167095664
232.33416708354176	0.060447805741227136	0.12479338915851976
232.4672336168084	0.0605986095345254	0.1255425814288146
232.60030015007504	0.061099555287641785	0.12520387417083712
232.73336668334167	0.06121912303324682	0.1254533655555053
232.8664332166083	0.06107673045927246	0.1260433845113206
232.99949974987493	0.061600786678409375	0.12608783214961583
233.13256628314156	0.061557540705782114	0.12541233022204296
233.26563281640819	0.0619654157286103	0.12568676092627482
233.39869934967484	0.061457022737256596	0.1254795938478591
233.53176588294147	0.06143419706214685	0.12551955974763565
233.6648324162081	0.061484707051659385	0.12554070376768428
233.79789894947473	0.0612623530020033	0.1255249296334166
233.93096548274136	0.06145590479752721	0.12546542922171733
234.06403201600799	0.06128518916081107	0.12587256610908726
234.19709854927464	0.061539802003082546	0.12554793302818718
234.33016508254127	0.06132029923460965	0.1250750492680443
234.4632316158079	0.06155621722154406	0.1253081010733082
234.59629814907453	0.06165219848469496	0.12503470013253024
234.72936468234116	0.06151532432129991	0.12501767098931074
234.86243121560778	0.061507860360678734	0.12463907969142658
234.99549774887444	0.061474820086147394	0.1243053274436012
235.12856428214107	0.061664773591449076	0.12409633418150594
235.2616308154077	0.061735532810192235	0.12426260049248035
235.39469734867433	0.061921726750212784	0.12421023488003277
235.52776388194096	0.06178650478648028	0.12429851457402376
235.66083041520758	0.06180792592868892	0.12413122797106205
235.79389694847424	0.06178719224243401	0.12427703492293622
235.92696348174087	0.06161189905722882	0.124693540307575
236.0600300150075	0.06149967705414525	0.12510227374164232
236.19309654827413	0.06130599292481025	0.12556097334499075
236.32616308154076	0.06122654293310053	0.12515157462457135
236.45922961480738	0.061446130527741026	0.12524519040405735
236.59229614807404	0.06144127401546316	0.12531547978347934
236.72536268134067	0.06142523023342429	0.125434988213619
236.8584292146073	0.060977986767139884	0.12583814202406207
236.99149574787393	0.06118415799969376	0.12580664448442108
237.12456228114056	0.06172820253782396	0.1253704520107464
237.25762881440718	0.06224393263996438	0.12592388987661465
237.39069534767384	0.06206158640623906	0.12555456715450392
237.52376188094047	0.06203505787880144	0.12497882109837306
237.6568284142071	0.061929764688863256	0.1250351603140676
237.78989494747373	0.06171180181473035	0.12481544312243562
237.92296148074036	0.06181989040041704	0.1252428167368803
238.05602801400698	0.06197075923832478	0.1247289942877728
238.18909454727364	0.06220709806685647	0.12463976271858183
238.32216108054027	0.062096404724140075	0.12466558847414881
238.4552276138069	0.06209304409954314	0.12478762764846144
238.58829414707353	0.06222234244600477	0.1245480853115052
238.72136068034015	0.06237348652998501	0.12442147814147007
238.8544272136068	0.06250839610530386	0.12452698127054906
238.98749374687344	0.06234913809862956	0.12420521293633426
239.12056028014007	0.06251663260393503	0.12393128940635004
239.2536268134067	0.062433690228113924	0.12393238612483624
239.38669334667333	0.06261309183941104	0.1240289879220567
239.51975987993995	0.0623497607727023	0.12393916204520782
239.6528264132066	0.062355477922321705	0.12368853130383521
239.78589294647324	0.06247037575774252	0.12347260323012886
239.91895947973987	0.06261380360986754	0.12409403288094005
240.0520260130065	0.06284596799760092	0.12412063800667031
240.18509254627313	0.06285273243742098	0.12409845440848215
240.31815907953975	0.06298356586289432	0.12470191291729311
240.4512256128064	0.06288021827978169	0.12438013871403608
240.58429214607304	0.06263281756857278	0.12461836716527841
240.71735867933967	0.06252397492776862	0.12426049803063942
240.8504252126063	0.06257003398697142	0.12399232457851421
240.98349174587293	0.06253687172394115	0.1243974592685553
241.11655827913955	0.06277503258991629	0.12449540180560038
241.2496248124062	0.0627561121356734	0.12457644810089284
241.38269134567284	0.06267021704779735	0.12459154412896511
241.51575787893947	0.06252595820571094	0.12441644689509888
241.6488244122061	0.06268108139537777	0.12398234502846064
241.78189094547272	0.0628154497619727	0.12378452885116077
241.91495747873935	0.06272382813575555	0.12425894480137228
242.048024012006	0.06281602124502764	0.12402527261099397
242.18109054527264	0.06259098868520503	0.12425349802192821
242.31415707853927	0.0625834197204705	0.12455380615807887
242.4472236118059	0.06301781176802371	0.12419123875167264
242.58029014507252	0.06287493621369677	0.12457260432625773
242.71335667833915	0.06285278968706111	0.12463541963157306
242.8464232116058	0.06290755300887024	0.12468141588007424
242.97948974487244	0.0632093780141831	0.12479385601617442
243.11255627813907	0.06334406708183997	0.12453122065531035
243.2456228114057	0.06332189717267232	0.12464933496913996
243.37868934467232	0.0633470419112602	0.12488297184999979
243.51175587793895	0.06324326010517099	0.12493872093774451
243.6448224112056	0.06318899300901862	0.12480389162150035
243.77788894447224	0.06322753311262684	0.12409757644820213
243.91095547773887	0.06329778073987383	0.12390608532926506
244.0440220110055	0.06331476603814674	0.12371040873171323
244.17708854427212	0.06343412027308426	0.12364625777978651
244.31015507753875	0.06328660869749125	0.12336001024648101
244.4432216108054	0.0632658331619808	0.12336124665295463
244.57628814407204	0.06302387718472097	0.12340108389437981
244.70935467733867	0.06305325498138052	0.1236504298579384
244.8424212106053	0.0629774045589931	0.12396405176728785
244.97548774387192	0.06283467514478913	0.12414459196275505
245.10855427713855	0.06256532389304363	0.12404406387664385
245.2416208104052	0.06290224236077058	0.12440381322130374
245.37468734367184	0.06292386100026459	0.12448222838971514
245.50775387693847	0.0628911739948917	0.12431620848948005
245.6408204102051	0.06209254541144069	0.12442948787658265
245.77388694347172	0.06177676704507886	0.12610834292082845
245.90695347673835	0.06167569683944277	0.1258307024084141
246.040020010005	0.06137983465554061	0.12574767899284484
246.17308654327164	0.061015699838180955	0.12621412383815636
246.30615307653827	0.06101226880493973	0.1260131255833317
246.4392196098049	0.061531113433346454	0.12593237116137723
246.57228614307152	0.06137705885174511	0.12502086653232083
246.70535267633815	0.06117153329830067	0.1252175848303393
246.8384192096048	0.061287006472722255	0.1254182575160126
246.97148574287144	0.061110204729535746	0.12560849716615843
247.10455227613807	0.061240833862744544	0.12592290416819021
247.2376188094047	0.06102765722191852	0.1263767868994365
247.37068534267132	0.06113973466816612	0.12593459343039468
247.50375187593795	0.06121464283534652	0.12556273340370938
247.6368184092046	0.06137219955107698	0.12571941912430687
247.76988494247124	0.061756235822694294	0.12585137221916065
247.90295147573786	0.06173898664447601	0.12571554919971278
248.0360180090045	0.06159933817537748	0.12582357124411728
248.16908454227112	0.06161141084445358	0.12575193029572201
248.30215107553775	0.06170118416859764	0.12592664327849556
248.4352176088044	0.06176307154258081	0.12533053349994028
248.56828414207104	0.061941676135143814	0.1251003683009051
248.70135067533766	0.06191407444454282	0.12502005699837035
248.8344172086043	0.06182971223501154	0.12531941124486676
248.96748374187092	0.06200401935345738	0.1254638702280171
249.10055027513755	0.061582507665437235	0.1254341196352937
249.2336168084042	0.06186192276691768	0.12466773574422138
249.36668334167084	0.0619480983633806	0.12447236732392196
249.49974987493746	0.06199660393987792	0.12452786764529883
249.6328164082041	0.061844571939577375	0.12474364385348223
249.76588294147072	0.06180368087314352	0.12458796999200701
249.89894947473735	0.061482587580227184	0.12523616577796465
250.032016008004	0.061249147834007464	0.12486584953624907
250.16508254127064	0.061134584290088716	0.12513548932483973
250.29814907453726	0.06106639614325977	0.1252424170747203
250.4312156078039	0.061057556616961856	0.12493790659579024
250.56428214107052	0.06126713118890552	0.12525930235438135
250.69734867433715	0.06157863473000837	0.12514840225602472
250.8304152076038	0.061712348221914924	0.12507888606739367
250.96348174087044	0.061487846464621354	0.12491649719611292
251.09654827413706	0.06161268896248915	0.1251443696961343
251.2296148074037	0.0615128311390913	0.12535047804696767
251.36268134067032	0.0614092219694648	0.12549066319526297
251.49574787393695	0.061034574240560885	0.12548761226937355
251.6288144072036	0.06102577814110974	0.12566545650147815
251.76188094047023	0.06136378014309964	0.12560677117029867
251.89494747373686	0.061351053287614754	0.12558748056227678
252.0280140070035	0.061401591308170085	0.1253128787164597
252.16108054027012	0.06115577952291442	0.12501248472104623
252.29414707353675	0.06135803358614149	0.12504355308534887
252.4272136068034	0.06150733028236982	0.12509869079922672
252.56028014007003	0.06141904289243063	0.12479078928499866
252.69334667333666	0.061443079521405014	0.12418259125192983
252.8264132066033	0.06138304439160171	0.12409768502987324
252.95947973986992	0.06182853156031241	0.12405043363460555
253.09254627313655	0.06161171018232723	0.12424218549767899
253.2256128064032	0.061401563134017484	0.12441877698125275
253.35867933966983	0.061307285098889115	0.1247627016551281
253.49174587293646	0.06136917861926776	0.1250953207458029
253.6248124062031	0.061436513952782254	0.12468103571114371
253.75787893946972	0.061446384431389126	0.12415335500860994
253.89094547273635	0.06126194672246712	0.12410080230180684
254.024012006003	0.06139863181360738	0.12400197813980582
254.15707853926963	0.0610358957688603	0.12425770354943981
254.29014507253626	0.06084514210791568	0.12377930905970302
254.4232116058029	0.06077711341751525	0.12400332352783253
254.55627813906952	0.06071489849372353	0.12453751452974876
254.68934467233615	0.06049696586460658	0.12423903208757814
254.8224112056028	0.06035514315237575	0.12431738606113558
254.95547773886943	0.060534637025205326	0.12432461790782162
255.08854427213606	0.061032591805973736	0.12491274256600698
255.2216108054027	0.0608745842586307	0.124407262178743
255.35467733866932	0.060714211428285626	0.12436930901686367
255.48774387193595	0.060460242424076806	0.12480048458054903
255.6208104052026	0.060126522932636296	0.12457707422183552
255.75387693846923	0.06067060214575506	0.12420536955487868
255.88694347173586	0.060670754139010255	0.12366695050838368
256.0200100050025	0.06059845255971553	0.12347079076097682
256.15307653826915	0.060597762548144744	0.12287019664444022
256.2861430715358	0.060578730447135354	0.12291772428229815
256.4192096048024	0.06050771440103852	0.12300598783452761
256.55227613806903	0.060639886256920426	0.12325113893746678
256.68534267133566	0.06061914305254584	0.12327368885486838
256.8184092046023	0.06072853102256863	0.12347638379365758
256.9514757378689	0.06068959775522738	0.12322444493794842
257.08454227113555	0.060661680124739395	0.12294909304320545
257.2176088044022	0.060834950494645906	0.12290711198475066
257.3506753376688	0.060993246955144	0.12269977651125884
257.4837418709355	0.0610816610874417	0.12304696032401964
257.6168084042021	0.06117465308956517	0.12310191256155614
257.74987493746875	0.06114560148672455	0.1231415555618334
257.8829414707354	0.06145967389416304	0.12327473036842242
258.016008004002	0.06120472954866567	0.12332218618290648
258.14907453726863	0.06112725060123172	0.12326089543487241
258.28214107053526	0.06123760209466633	0.1230390815262923
258.4152076038019	0.06120284165491762	0.12307083988640866
258.5482741370685	0.06095187432719434	0.1234059195221559
258.68134067033515	0.06129437963096372	0.1233688295646928
258.8144072036018	0.06163240118888223	0.12336605924179268
258.9474737368684	0.061894808498224346	0.12336631702369627
259.0805402701351	0.062297253502186074	0.12338843710270461
259.2136068034017	0.06226496538286642	0.12340873992329093
259.34667333666835	0.06201979975518229	0.1233971689362217
259.479739869935	0.061908620940000623	0.12294801141701686
259.6128064032016	0.06172895519117069	0.12324965877957839
259.74587293646823	0.061710641232842214	0.12329660879861623
259.87893946973486	0.06135477051973094	0.12370902763628405
260.0120060030015	0.06152147349464421	0.12401073340270186
260.1450725362681	0.06166350871982684	0.12372412861956655
260.27813906953475	0.06148352221357481	0.12387086533506236
260.4112056028014	0.06170253900170727	0.12390367030361045
260.544272136068	0.061661567110075775	0.12358850447452958
260.6773386693347	0.06178995489137784	0.12391261590456101
260.8104052026013	0.06190592000889644	0.12403423008277686
260.94347173586794	0.06177221037585524	0.12370562676992806
261.0765382691346	0.06190261995619913	0.12333184840431168
261.2096048024012	0.06196838908382243	0.12283774204149905
261.34267133566783	0.06214868799169641	0.12300933768838333
261.47573786893446	0.06195137436946068	0.12294833369710728
261.6088044022011	0.061928757616066914	0.12289953476027153
261.7418709354677	0.06170762558623181	0.1230984678772624
261.87493746873434	0.061705635397852454	0.1231443547249139
262.008004002001	0.0615332265956952	0.12312682093843465
262.1410705352676	0.06130459081919858	0.12277031797980749
262.2741370685343	0.061702064045412466	0.12302795675970381
262.4072036018009	0.06155519293200297	0.12342909478743003
262.54027013506754	0.06120039326929927	0.123438204326991
262.6733366683342	0.060932246157229884	0.12296870670396602
262.8064032016008	0.06090678841821256	0.12327593517958288
262.93946973486743	0.060976154815050455	0.12303882831005435
263.07253626813406	0.06081729723450555	0.12264145119589868
263.2056028014007	0.06134631370997552	0.12208568549421103
263.3386693346673	0.061526903019753346	0.1220577502584393
263.47173586793394	0.06161859336515147	0.12221551594744758
263.6048024012006	0.06130716494986325	0.12210211207187271
263.7378689344672	0.061419557477353844	0.12241608380640093
263.8709354677339	0.06099589268633007	0.12173099060875678
264.0040020010005	0.061505390868304394	0.12181527260873791
264.13706853426714	0.06110825115968576	0.12161947326178872
264.2701350675338	0.06148199634423579	0.1212642068381638
264.4032016008004	0.06152709636261563	0.1210426422285846
264.53626813406703	0.0619036845206211	0.1207974232428279
264.66933466733366	0.06188213278272838	0.12077751808134521
264.8024012006003	0.06216958532484603	0.12019893933305342
264.9354677338669	0.062170859398681055	0.12092799118389758
265.06853426713354	0.06210442809786873	0.12095259519527266
265.2016008004002	0.06197162874161341	0.12106287442878357
265.3346673336668	0.061838669328244514	0.12101899970997379
265.4677338669335	0.06172762805044872	0.12095265554368367
265.6008004002001	0.06174975183018427	0.12081945935801992
265.73386693346674	0.06166122540340159	0.1209964921586549
265.86693346673337	0.06161683100510882	0.12104102362390885
266.0	0.061661129568106314	0.12079734219269103
