0.0	0.0	0.0
0.1330665332666333	2.4525186727788317e-08	7.423042960779579e-09
0.2661330665332666	6.651329714113951e-05	4.4377959995608654e-05
0.39919959979989994	0.00013300640185845536	0.00015522776800976876
0.5322661330665333	0.00024394136867612694	0.0002659398207823874
0.6653326663331666	0.0004212424045810665	0.00035475942814522675
0.7983991995997999	0.0005987041476321575	0.0005542177071304699
0.9314657328664332	0.0008869783318377315	0.000731942840519356
1.0645322661330665	0.001152667159144232	0.001108617590173222
1.1975987993997	0.0014190588905244167	0.001307788422659231
1.3306653326663331	0.0018405022537352452	0.001618396474676061
1.4637318659329663	0.0021939567731947577	0.0019064888917865754
1.5967983991995998	0.0023487386624816784	0.0022612977820538126
1.7298649324662332	0.0026158667524076524	0.0025707634976574988
1.8629314657328664	0.003014832625300105	0.0027926568284497447
1.9959979989994996	0.003346769982039485	0.003147871804356716
2.129064532266133	0.003656794701413515	0.003479594886263281
2.2621310655327664	0.003967891551038316	0.0037681051473283916
2.3951975987994	0.0043657010963715276	0.004144945193289644
2.528264132066033	0.004588218041268274	0.004477465039341827
2.6613306653326663	0.005121489802628256	0.0048763606791525325
2.7943971985992997	0.0054499082432691096	0.005208431099827984
2.9274637318659327	0.005585074466558206	0.005585814664847365
3.060530265132566	0.006096198646775118	0.005984453726146446
3.1935967983991995	0.006449717342694091	0.006338412321899405
3.326663331665833	0.006847373377025225	0.006717080434922586
3.4597298649324664	0.006977801825997166	0.00731735421692662
3.5927963981990994	0.007158328147685792	0.007914004769071703
3.7258629314657328	0.0075806384832841425	0.008424693917322337
3.858929464732366	0.007910580464911993	0.009043819557849851
3.991995997998999	0.008155259843227035	0.009372461443854223
4.125062531265633	0.008463415549545977	0.009708882810749728
4.258129064532266	0.008552035101750484	0.010307372076696728
4.391195597798899	0.00891153592485981	0.010657433113074221
4.524262131065533	0.009375266181702292	0.010925126608534886
4.657328664332166	0.009684324052993075	0.01137063567675447
4.7903951975988	0.010039757193472245	0.011858359582396172
4.923461730865433	0.01037089722408165	0.012344901488983205
5.056528264132066	0.010635981474850245	0.012812722805030888
5.1895947973986996	0.01087940066506732	0.013525848645619287
5.3226613306653325	0.011147626164880877	0.014323962091316655
5.4557278639319655	0.011546952848938174	0.015074124651617385
5.588794397198599	0.011855313071276205	0.015554946228942735
5.721860930465232	0.012143617317398998	0.015797046449893083
5.854927463731865	0.012431295248701856	0.016109993601956363
5.987993996998499	0.012697067060244436	0.016509882061724948
6.121060530265132	0.012938787341874309	0.016955070983056604
6.254127063531766	0.013118264880540216	0.017463270892952437
6.387193596798399	0.013498081031913118	0.01791012513625762
6.520260130065032	0.01377866534790063	0.018525686387646987
6.653326663331666	0.013801476432802932	0.018817415257360456
6.786393196598299	0.014048035433070401	0.01957277335274878
6.919459729864933	0.014248470735437026	0.019966715076394345
7.052526263131566	0.014557294174379239	0.020476318084496986
7.185592796398199	0.014688949469747808	0.020760101192440778
7.318659329664833	0.014934729172125981	0.02109619500648677
7.4517258629314655	0.015108348302222786	0.021614024235189693
7.5847923961980985	0.015244767602602453	0.02236623021444462
7.717858929464732	0.015508485928064867	0.02284696691242616
7.850925462731365	0.01567024308512445	0.02326818972238478
7.983991995997998	0.016202429764481285	0.02371389644824204
8.117058529264632	0.016371253827282464	0.024269771701473167
8.250125062531266	0.016550878104934042	0.02477482154995801
8.383191595797898	0.016654403642797726	0.025151460988934893
8.516258129064532	0.016542802361146174	0.025569664614114685
8.649324662331166	0.016543937649961524	0.025933280919134043
8.782391195597798	0.016526268054107084	0.02656494187513037
8.915457728864432	0.01677593931096459	0.02663489344514004
9.048524262131066	0.01701701784943491	0.027352259808133106
9.181590795397698	0.017167464201312932	0.027744675572793885
9.314657328664332	0.01721262143539812	0.028277376732904626
9.447723861930966	0.017468368543142467	0.028604547789523656
9.5807903951976	0.01792943428025647	0.02908439199405364
9.713856928464232	0.018102454382425692	0.029855450700036226
9.846923461730865	0.018419006853631216	0.0302969667945013
9.9799899949975	0.01872225969875316	0.03088895479309725
10.113056528264131	0.01883140475908472	0.03103614893924559
10.246123061530765	0.019058089814446302	0.03142904326291747
10.379189594797399	0.019297948340972707	0.03204624355013697
10.512256128064031	0.01940552718229942	0.03249191178488598
10.645322661330665	0.01951814772172292	0.033057544108381
10.778389194597299	0.01964979884407495	0.03311540327488416
10.911455727863931	0.019713829114665914	0.03349263189598917
11.044522261130565	0.019808711236899333	0.03419858822613658
11.177588794397199	0.02010271195486092	0.034614049422473224
11.31065532766383	0.020384572174598728	0.03507605423303899
11.443721860930465	0.02044046668409685	0.03528970261357665
11.576788394197099	0.020428031216804084	0.035592158874988664
11.70985492746373	0.02074417490988864	0.036292055013799715
11.842921460730365	0.020936526345609874	0.03708861659490305
11.975987993996998	0.02106856576638554	0.037689890632814825
12.109054527263632	0.021178554780789956	0.03786012319050605
12.242121060530264	0.02129066917673446	0.038078146900873376
12.375187593796898	0.021523873981306594	0.038276559617265754
12.508254127063532	0.02188983176255623	0.039103058523030705
12.641320660330164	0.02183556851345963	0.03965608599518908
12.774387193596798	0.021886963553391023	0.040374785667293536
12.907453726863432	0.022001617082973112	0.0406718558420178
13.040520260130064	0.022226658607000262	0.04159034866415705
13.173586793396698	0.02252274862234084	0.04220390502588772
13.306653326663332	0.02286116375740097	0.04295503962082059
13.439719859929964	0.022717586879229798	0.043435776315345294
13.572786393196598	0.02277920624840477	0.04399164208120878
13.705852926463232	0.023073452946891792	0.04440015779565912
13.838919459729865	0.02322588598027966	0.04459246884444793
13.971985992996498	0.022964544945998387	0.04474889908773257
14.105052526263131	0.02315602779832545	0.045054483372448696
14.238119059529765	0.023260653033128707	0.045704786099653616
14.371185592796397	0.023397700658320312	0.04619709446915108
14.504252126063031	0.023627690322094504	0.04643704911107925
14.637318659329665	0.023902926307332234	0.04669849135045848
14.770385192596297	0.023880265238152218	0.04683363235525383
14.903451725862931	0.024110951961530243	0.04720203776022122
15.036518259129565	0.02428296816279435	0.047612035868574126
15.169584792396197	0.024412793773784768	0.04786510162971209
15.302651325662831	0.024425630198937606	0.048498860441915814
15.435717858929465	0.024339445210306305	0.04914395849418591
15.568784392196097	0.02441594789875769	0.04979291191124263
15.70185092546273	0.02457040212305209	0.05010210667072363
15.834917458729365	0.024759195760335462	0.050557525257491055
15.967983991995997	0.025078913492547084	0.05072113729220652
16.101050525262632	0.02518679632269271	0.05132735476284964
16.234117058529264	0.02580334222605662	0.05177602860565052
16.367183591795897	0.025849980040579017	0.05253287976541632
16.500250125062532	0.026036665516049894	0.052949608216436087
16.633316658329164	0.026189010791801325	0.05314964282337804
16.766383191595796	0.026341799020147903	0.05351661951799708
16.899449724862432	0.02634932332932786	0.053901235692208685
17.032516258129064	0.026222462970196952	0.054059682530998
17.165582791395696	0.02634549220210959	0.054412079664956
17.298649324662332	0.026525340064962672	0.05459439864505454
17.431715857928964	0.02677231838046985	0.05509587867460249
17.564782391195596	0.02695906364301067	0.05549865835914801
17.69784892446223	0.02703712009230405	0.05564457108772897
17.830915457728864	0.0272867628870984	0.05591319065955715
17.963981990995496	0.027105694839655994	0.056432660034975754
18.09704852426213	0.02717264558509143	0.05666643628817883
18.230115057528764	0.027071750153621572	0.057413098747164645
18.363181590795396	0.027291924203403647	0.05787047114171095
18.49624812406203	0.027248784486634314	0.058091771366545905
18.629314657328663	0.02752886430078838	0.05842882601947164
18.762381190595296	0.027743065574324648	0.05873732793657791
18.89544772386193	0.027944166975515095	0.059072641558547585
19.028514257128563	0.028194427180840732	0.059481120540689804
19.1615807903952	0.028419036035957308	0.0599332938032197
19.29464732366183	0.028378525825236717	0.0601004926610955
19.427713856928463	0.028553130047323228	0.06030065454046127
19.5607803901951	0.028426653304204685	0.06048454675144005
19.69384692346173	0.028377518044788698	0.06071198355180993
19.826913456728363	0.0285682025030364	0.06061681217569884
19.959979989995	0.028806962084583086	0.0607219265543844
20.09304652326163	0.028878401738245033	0.06103574754257707
20.226113056528263	0.02881582893702088	0.06157599423520199
20.3591795897949	0.028856139022564346	0.06174642261452326
20.49224612306153	0.028742846959453717	0.0622167015399794
20.625312656328163	0.02883447193621314	0.06278065725905814
20.758379189594798	0.02917299191308004	0.06310221642960999
20.89144572286143	0.02945733115437918	0.06335442628588692
21.024512256128062	0.029577615158287843	0.06358880546501039
21.157578789394698	0.029346881545150274	0.06411956217601308
21.29064532266133	0.029555192863164718	0.06400709040414376
21.423711855927962	0.029497111242948838	0.06484705302514455
21.556778389194598	0.02950069661894282	0.0645964524866687
21.68984492246123	0.02948223802866729	0.06513516457429334
21.822911455727862	0.029632761433761843	0.06498082358357672
21.955977988994498	0.029866660606107303	0.06522504608851798
22.08904452226113	0.0299328476335757	0.06545818921024739
22.222111055527762	0.03002587082176153	0.0657788940222731
22.355177588794398	0.029824439878393637	0.06558464636657658
22.48824412206103	0.02988942875440998	0.06594707996955906
22.62131065532766	0.030022425990816337	0.06616427451841574
22.754377188594297	0.030126787300115032	0.06626589676463912
22.88744372186093	0.030201651703393752	0.06663246821388151
23.02051025512756	0.03040052355612613	0.0669317596458748
23.153576788394197	0.030511826420150684	0.06714963032047765
23.28664332166083	0.03062824744750109	0.0672621294700501
23.41970985492746	0.030605005890212013	0.06720361506262813
23.552776388194097	0.030991385449180966	0.06730550576391102
23.68584292146073	0.031067451815125335	0.06720185160832447
23.818909454727365	0.030957312753492672	0.06741760721671287
23.951975987993997	0.030996422026463386	0.06782129224102493
24.08504252126063	0.03115461592294086	0.06874519069553069
24.218109054527265	0.03131321473542184	0.06919374127179005
24.351175587793897	0.03142225025546823	0.0697896925189559
24.48424212106053	0.031297114927865126	0.07001573514561897
24.617308654327164	0.031493497366187236	0.07007261213349793
24.750375187593797	0.03169340149695331	0.07045468039042439
24.88344172086043	0.03181917623499431	0.07064857422905044
25.016508254127064	0.03161764349122038	0.0702281016493671
25.149574787393696	0.0318001883675275	0.07062743715468937
25.28264132066033	0.0321403848442431	0.07075234209641278
25.415707853926964	0.031921606244614674	0.0705842838232228
25.548774387193596	0.03191957979671242	0.07070870191897831
25.68184092046023	0.031969824810857424	0.07074341177708938
25.814907453726864	0.031987199342414493	0.0707952158569154
25.947973986993496	0.03175439371157518	0.07093617902243816
26.081040520260128	0.031914751520545445	0.07128717764294983
26.214107053526764	0.032056046737509176	0.07173559982072893
26.347173586793396	0.03198080616911614	0.07147760873786362
26.480240120060028	0.031786513676257934	0.07179627004609812
26.613306653326664	0.031997174684431154	0.07166176568003617
26.746373186593296	0.03206169267959509	0.07187725836245792
26.879439719859928	0.032294839259420956	0.0723574047630845
27.012506253126563	0.03242561289000191	0.07228372810705422
27.145572786393195	0.03232332607124554	0.07232362666165308
27.278639319659828	0.032217208365678485	0.07250031235984411
27.411705852926463	0.03218427008694398	0.07279501067878723
27.544772386193095	0.032226724264712694	0.07286283920210984
27.67783891945973	0.03223249703148622	0.07316862283150269
27.810905452726363	0.03228780840956433	0.07347620675873259
27.943971985992995	0.03217381756868572	0.07375556415816996
28.07703851925963	0.03221605790760295	0.07395551211047255
28.210105052526263	0.03234800493147098	0.07395653644661336
28.343171585792895	0.032466694103087834	0.07362018499368948
28.47623811905953	0.03272016951026419	0.07410009816317092
28.609304652326163	0.03289489436397937	0.07379076409846345
28.742371185592795	0.03281031504696627	0.07372930904784732
28.87543771885943	0.0326136552973233	0.07377762979078195
29.008504252126063	0.03241039376888035	0.07415143417817613
29.141570785392695	0.03260683706321964	0.07446940756091391
29.27463731865933	0.03248526000281329	0.07471298995318196
29.407703851925962	0.03251034905088756	0.07494550096130682
29.540770385192594	0.03235904566774441	0.07496177848384049
29.67383691845923	0.03222069044910489	0.07479775010964948
29.806903451725862	0.03237473947267661	0.07461675549423374
29.939969984992494	0.03264771900919663	0.07451804204356885
30.07303651825913	0.032546336945443254	0.07472098637342142
30.206103051525762	0.0328562853727765	0.07472845189995748
30.339169584792394	0.032954149980761106	0.07466040737493725
30.47223611805903	0.032822475224135915	0.07446212168288732
30.605302651325662	0.032695530083337865	0.07472863226877649
30.738369184592294	0.03283276216973268	0.07494302792728078
30.87143571785893	0.032794224648232874	0.07470958805097418
31.00450225112556	0.0327548232013883	0.07468246077022528
31.137568784392194	0.0327311979729079	0.07479073744722194
31.27063531765883	0.03277882353074828	0.07538421768945232
31.40370185092546	0.032991255443760345	0.0758892142905045
31.536768384192094	0.032977834266205965	0.07582763813170638
31.66983491745873	0.03293989743872149	0.07554813413409413
31.80290145072536	0.032802339217522306	0.07569262895116834
31.935967983991993	0.03295321753558129	0.07616890049488034
32.06903451725863	0.03296399423327433	0.0760998893501116
32.202101050525265	0.032910740885375524	0.07638429716754466
32.33516758379189	0.03316846250426795	0.0766804206447441
32.46823411705853	0.03310996805115254	0.07630895005156432
32.601300650325165	0.033249020251015095	0.07649720988218063
32.73436718359179	0.0334357743446213	0.07653075640016671
32.86743371685843	0.033530235068300294	0.0767682213600834
33.000500250125064	0.03363423080225773	0.07715811003836306
33.13356678339169	0.03357934767138383	0.07736929126506932
33.26663331665833	0.03390747425132385	0.07758312950301963
33.399699849924964	0.033953733528354374	0.07768930004192878
33.53276638319159	0.03415008112712328	0.07791587069677026
33.66583291645823	0.033963062123309476	0.07816592759399256
33.798899449724864	0.034032931706362006	0.07813619264353978
33.93196598299149	0.03415347389640828	0.07849741113831184
34.06503251625813	0.0341576559759794	0.07873091188257454
34.198099049524764	0.033912543172576526	0.07894947861840168
34.33116558279139	0.034449300841459474	0.07943829978902152
34.46423211605803	0.034554521155737754	0.07927615090680933
34.597298649324664	0.03457092469473326	0.07891079516722904
34.73036518259129	0.0345894568286146	0.07913283885040964
34.86343171585793	0.034736294748585694	0.07917534600208345
34.99649824912456	0.03483222191633469	0.079309786853847
35.12956478239119	0.035108880810324004	0.07917298687024467
35.26263131565783	0.034969123485384224	0.0793931497736598
35.39569784892446	0.03519226678291871	0.07967821519512888
35.52876438219109	0.03546029632754806	0.07945054981599033
35.66183091545773	0.035435271383811064	0.07983810831108717
35.79489744872436	0.03528477915947777	0.07994093970923172
35.92796398199099	0.03539567284175029	0.07981565440514098
36.06103051525763	0.03532324170125676	0.08031460720383005
36.19409704852426	0.03547651142048272	0.07980537543868275
36.32716358179089	0.03567897059389456	0.08001944111357241
36.46023011505753	0.03557569698654774	0.07973319254042303
36.59329664832416	0.035738065961486896	0.07975676752333387
36.72636318159079	0.03569212119688443	0.07974608827171029
36.85942971485743	0.0356621152471379	0.07993855022614473
36.99249624812406	0.035739027371408334	0.08001713435360666
37.12556278139069	0.035789047221654574	0.07992479843577555
37.25862931465733	0.035748237099047196	0.07994155308850377
37.39169584792396	0.03582938789692722	0.07994280525540069
37.52476238119059	0.03587362450367764	0.07994324412219458
37.65782891445723	0.035851410503228286	0.08037068708610319
37.79089544772386	0.035994596288997656	0.08057513355059776
37.92396198099049	0.03595395603949454	0.0805512667126032
38.05702851425713	0.036128822367341946	0.08089782094706548
38.19009504752376	0.036175668316569924	0.08107315843068694
38.3231615807904	0.03612467219032607	0.08087170196942825
38.456228114057026	0.03632173859257849	0.08094703388648015
38.58929464732366	0.03615874795465404	0.08105937452612148
38.7223611805903	0.036149526337538596	0.08119069119483055
38.855427713856926	0.03598853568581106	0.08127103835244309
38.98849424712356	0.03601936687140789	0.08151126444482165
39.1215607803902	0.035920811166052904	0.08180700144435639
39.254627313656826	0.036126931344177625	0.08127894349441518
39.38769384692346	0.035978794912630195	0.08140062731150313
39.5207603801901	0.03598646089424111	0.08161034438760706
39.653826913456726	0.0358213258590782	0.08146191250922923
39.78689344672336	0.035625931017007506	0.08164254599037389
39.91995997999	0.03569895610824769	0.08177467784643838
40.053026513256626	0.035703545959416695	0.08190968772450385
40.18609304652326	0.03547657180974226	0.0819207053749382
40.3191595797899	0.03551666326273264	0.08210483374430391
40.452226113056525	0.0358316180404081	0.08217792397477196
40.58529264632316	0.035920312053605026	0.08222040417093474
40.7183591795898	0.035955061458730724	0.08240603588692767
40.851425712856425	0.03607606670055846	0.08269988585989764
40.98449224612306	0.03573809674062663	0.08252261146270078
41.1175587793897	0.03585936078483838	0.08277131558910156
41.250625312656325	0.03605364891275455	0.0828187677068995
41.38369184592296	0.03609252080576437	0.08247443780729119
41.516758379189596	0.036514400599434636	0.08271955562028561
41.649824912456225	0.036439017363324507	0.08323080946585203
41.78289144572286	0.03679878540280759	0.08316040033450263
41.915957978989496	0.03678570780428535	0.08309419158368822
42.049024512256125	0.0368445394890775	0.08327404796966745
42.18209104552276	0.03694352461038833	0.08337667116291758
42.315157578789396	0.037061880033267026	0.08374703970311623
42.448224112056025	0.03705589628247996	0.08397561689922933
42.58129064532266	0.03721284189970713	0.08381303762040444
42.714357178589296	0.03749756318082786	0.08397449312766207
42.847423711855924	0.03749819520066829	0.08395040313290396
42.98049024512256	0.03747938952620771	0.08392466893919633
43.113556778389196	0.037395978161365216	0.08374816596656948
43.246623311655824	0.0374927207568128	0.08413846355671453
43.37968984492246	0.03737875404745811	0.08426974126246255
43.512756378189096	0.037341026635954344	0.08446547609465992
43.645822911455724	0.03728463149190533	0.08411832056748395
43.77888944472236	0.037591986769373774	0.0839310724009872
43.911955977988995	0.03758354693684444	0.08418181659555889
44.045022511255624	0.037681201551660395	0.08430662027349287
44.17808904452226	0.03795062318204466	0.08438714485318562
44.311155577788895	0.03820275192122937	0.08445944874366096
44.444222111055524	0.03810366530648956	0.08448727586865136
44.57728864432216	0.03789621207102296	0.08489296077035738
44.710355177588795	0.03791308434511055	0.08485283755882762
44.843421710855424	0.03794381388587319	0.08521681033665195
44.97648824412206	0.0378026431638067	0.08526099195677997
45.109554777388695	0.03788316863061969	0.08496721416472024
45.24262131065532	0.03769185787354488	0.08492850991242307
45.37568784392196	0.03750109007077739	0.08504762551523791
45.508754377188595	0.03793689849564892	0.08519670605742913
45.64182091045522	0.03774804896352266	0.08554895378004275
45.77488744372186	0.037807447074900184	0.0859252037999726
45.907953976988495	0.037770618109108256	0.08578738004813158
46.04102051025512	0.03781851617581468	0.08546742860577868
46.17408704352176	0.03764639965008894	0.08550052538470163
46.307153576788394	0.0376959156656332	0.0855598182413702
46.44022011005502	0.037885562128558016	0.08592224505940711
46.57328664332166	0.037716758638781066	0.08635630288300766
46.706353176588294	0.037944956627749694	0.0862304701777203
46.83941970985492	0.03806399453184316	0.08621024686524487
46.97248624312156	0.03799660265982686	0.08610504594733151
47.105552776388194	0.03815619900713792	0.08618140742231237
47.23861930965483	0.03816549664195498	0.08630283987394986
47.37168584292146	0.038247625019569596	0.08631039513263707
47.504752376188094	0.03835610807674877	0.08646318789891559
47.63781890945473	0.03858966244601198	0.08694895216932465
47.77088544272136	0.03903922056470979	0.08729099439744015
47.903951975987994	0.03920864283734881	0.08731224462213895
48.03701850925463	0.03949791605383942	0.08708753527367452
48.17008504252126	0.039859593188571456	0.08733349496717704
48.30315157578789	0.039816128586161806	0.08718617185780383
48.43621810905453	0.03957070375877319	0.08670490259753122
48.56928464232116	0.03943841236666212	0.0870827769679709
48.70235117558779	0.03954600323277096	0.0871006508291784
48.83541770885443	0.03943049983942213	0.08691808447289669
48.96848424212106	0.03956724201115539	0.08685671678386589
49.10155077538769	0.03960791901691435	0.08679196965387968
49.23461730865433	0.03971761152860511	0.0870884521323782
49.36768384192096	0.0395153661002366	0.0870058202627216
49.50075037518759	0.03964912450318458	0.08715060574762282
49.63381690845423	0.039862591741538965	0.08753980744686408
49.76688344172086	0.03995030038054867	0.08772277027818993
49.89994997498749	0.0401349126640698	0.0878679332988059
50.03301650825413	0.04015375211288757	0.08792500759625521
50.16608304152076	0.040365285580378385	0.08816916128585614
50.29914957478739	0.04013462953351734	0.0880482179907897
50.43221610805403	0.04014380791034184	0.0878462579525982
50.56528264132066	0.04003622605931832	0.08776171230386225
50.69834917458729	0.040035764573205825	0.08787530245023087
50.83141570785393	0.04005136898783127	0.08826680547455187
50.96448224112056	0.04031056321939148	0.0889689180833029
51.09754877438719	0.04028109085602255	0.08861881035359506
51.23061530765383	0.04004245095585096	0.08863107678312604
51.36368184092046	0.04015123561348962	0.08877490920768172
51.49674837418709	0.040039586953092086	0.08941945431442665
51.62981490745373	0.04016391021600324	0.0899059998851594
51.762881440720356	0.04024184423824873	0.09048211951329273
51.89594797398699	0.04027413768668183	0.09030804716425482
52.02901450725363	0.04045924219013621	0.09050754578192348
52.162081040520256	0.040442856846405785	0.09068942844207023
52.29514757378689	0.04042622700229865	0.09044367695989915
52.42821410705353	0.04032280824366215	0.08988468721151262
52.561280640320156	0.040333266792313714	0.08962776014980892
52.69434717358679	0.040337853512645405	0.08952802789858966
52.82741370685343	0.04038418583440453	0.08977600471235815
52.960480240120056	0.04043787325301215	0.08994323982545178
53.09354677338669	0.04055588288591092	0.09033088494489734
53.22661330665333	0.04069815455115014	0.09041651572217081
53.359679839919956	0.04071942942598868	0.09050815529541138
53.49274637318659	0.04055803036731908	0.09067769880180584
53.62581290645323	0.040699674093325915	0.09087918187263912
53.758879439719855	0.04073443184561717	0.09125926082152992
53.89194597298649	0.04086837720027044	0.09115912686137759
54.02501250625313	0.04070484111904453	0.09101544466343434
54.158079039519755	0.04062187385864062	0.09122279799351317
54.29114557278639	0.04073935103397495	0.09081776172912111
54.42421210605303	0.04063351899126546	0.09093969044367273
54.557278639319655	0.04078106787363906	0.09075859509350456
54.69034517258629	0.04073909298241227	0.09112659978775697
54.823411705852926	0.04066669630440866	0.091430281514332
54.956478239119555	0.040328921996718906	0.09178483245148668
55.08954477238619	0.04036999419715133	0.09205209080445337
55.222611305652826	0.0403649552290176	0.09219724319574046
55.35567783891946	0.04064822645466179	0.09227726610000186
55.48874437218609	0.04080659343127205	0.0924571375888685
55.621810905452726	0.04084114500127739	0.0924332617167173
55.75487743871936	0.04069906343571588	0.09233783189075043
55.88794397198599	0.04092610634726832	0.09264289655073804
56.021010505252626	0.04108001027985221	0.09255213359550987
56.15407703851926	0.04085140987359353	0.09210680332086049
56.28714357178589	0.041202613580877276	0.0921316930650581
56.420210105052526	0.04109142542748073	0.0919656748973484
56.55327663831916	0.041148593473772636	0.09225585165203486
56.68634317158579	0.04127751648765573	0.0926574387090107
56.819409704852426	0.04155960311031548	0.09305872269136987
56.95247623811906	0.041694362153412046	0.09309178931918334
57.08554277138569	0.041362749144702456	0.09291662005802397
57.218609304652325	0.04127554485918567	0.09274412721080974
57.35167583791896	0.04126823654774825	0.09263702521142526
57.48474237118559	0.04127539277661558	0.09285177334358355
57.617808904452225	0.04120919309514717	0.0930709586416173
57.75087543771886	0.04115007919682328	0.0928595981466449
57.88394197098549	0.04121951339546197	0.09331955646422707
58.017008504252125	0.04152043826991405	0.09332372484948477
58.15007503751876	0.041368711673766	0.09319065781679117
58.28314157078539	0.04139077188843946	0.09331023559231287
58.416208104052025	0.04139633084932067	0.09341407676729103
58.54927463731866	0.04143300200655045	0.0934951871557298
58.68234117058529	0.0418043461115276	0.09376618303951328
58.815407703851925	0.04174638955790006	0.09345288058652279
58.94847423711856	0.04159673119025393	0.0932520604000015
59.08154077038519	0.04152535653835289	0.0931065313390921
59.214607303651825	0.04131790956699876	0.09344415775574437
59.34767383691846	0.04165295544272462	0.09364216691197444
59.48074037018509	0.041656179842391866	0.0938392821388404
59.613806903451724	0.04170357695918911	0.09438069957932556
59.74687343671836	0.041616328547337114	0.09392756905853052
59.87993996998499	0.04177961335477196	0.09375443909122762
60.013006503251624	0.0416524740227507	0.09403141333080142
60.14607303651826	0.041509871276354596	0.09365074943136172
60.27913956978489	0.04147388374195386	0.0937882706027991
60.412206103051524	0.041602737092420905	0.0939336810582732
60.54527263631816	0.04145375359212167	0.09414093639592523
60.67833916958479	0.04150409942019505	0.09429730141361764
60.811405702851424	0.04142501445943574	0.0947470287124952
60.94447223611806	0.041424234257543484	0.09509436841818082
61.07753876938469	0.04143217251089079	0.09504144357665012
61.210605302651324	0.041269858046102045	0.09515003247235136
61.34367183591796	0.04106804512407122	0.09495481057029481
61.47673836918459	0.041121719008835475	0.09512045317106997
61.60980490245122	0.04116030078078304	0.09533666277563513
61.74287143571786	0.041084389247987886	0.0956207829922968
61.87593796898449	0.0409662275341849	0.09600571016053674
62.00900450225112	0.04104692393920042	0.09600581742973632
62.14207103551776	0.04097341139519395	0.09627953564902711
62.27513756878439	0.04110816666127996	0.0959901758412722
62.40820410205102	0.041088655733328074	0.09575244378926936
62.54127063531766	0.041137550653250136	0.09545886657880064
62.67433716858429	0.04103045778352029	0.09520235708664486
62.80740370185092	0.04116455519222073	0.09479075278159842
62.94047023511756	0.04090750619782744	0.09432752098236781
63.07353676838419	0.04098807481151465	0.09447464462169133
63.20660330165082	0.04109423889407236	0.09438378213292478
63.33966983491746	0.04130310907569771	0.09418003529456381
63.47273636818409	0.0412522380334459	0.09474531087194683
63.60580290145072	0.04131551523307437	0.09494379818363609
63.73886943471736	0.0414322140231283	0.09530411298688907
63.87193596798399	0.041571030370843254	0.09535115325057393
64.00500250125063	0.04177467902422371	0.09542753450580459
64.13806903451726	0.04150889242790578	0.0953492835210822
64.27113556778389	0.041170749631943414	0.09530389358965526
64.40420210105053	0.04115892184378738	0.09511420365791988
64.53726863431716	0.04126504391408036	0.09518264377550344
64.67033516758379	0.040953611283273746	0.0951204584108177
64.80340170085043	0.04112170381932761	0.09473407497805188
64.93646823411706	0.04119705808797744	0.0942360317984625
65.06953476738369	0.04086196776769761	0.09425198536904764
65.20260130065033	0.04104449249428342	0.09422515307933227
65.33566783391696	0.04123040304385436	0.0944802153622606
65.46873436718359	0.041463012351281914	0.09473654683153526
65.60180090045023	0.041568922258562326	0.09520234874241144
65.73486743371686	0.04145999403844631	0.09539878654725324
65.86793396698349	0.041182507794343924	0.09525170837210725
66.00100050025013	0.04125495125170023	0.09566909632875017
66.13406703351676	0.041577272658408104	0.09557198953699576
66.26713356678339	0.04207642393445717	0.0960181542009629
66.40020010005003	0.04231975992031656	0.0963313116432651
66.53326663331666	0.042369436411786296	0.09673953992483941
66.66633316658329	0.042342450760561874	0.09693242348360508
66.79939969984993	0.04240055602705932	0.09699360663272567
66.93246623311656	0.0424744241018943	0.09711340448563732
67.06553276638319	0.042238341510270776	0.0972716733265847
67.19859929964983	0.04212913593046888	0.09706246908528339
67.33166583291646	0.042433902181874435	0.09701420443896312
67.46473236618309	0.04244348181039102	0.09702976242802615
67.59779889944973	0.042433052150529296	0.09690797380011637
67.73086543271636	0.04244189556226331	0.09697584238022568
67.86393196598299	0.042603288214567075	0.09663359664472342
67.99699849924963	0.04247971249716806	0.09657061879387645
68.13006503251626	0.04258890432069503	0.09630487731894825
68.26313156578288	0.04271918782428123	0.09604175988686407
68.39619809904953	0.04295948955100427	0.09594768821533316
68.52926463231616	0.04296064108653434	0.09605379367672576
68.66233116558278	0.042943403214813436	0.09572253270703546
68.79539769884943	0.04286130143202381	0.09576764720272654
68.92846423211606	0.04282619065932263	0.09578932510119002
69.06153076538268	0.04296612233559588	0.09607614430858585
69.19459729864933	0.04287221413816665	0.09647434470057953
69.32766383191596	0.04285584935456691	0.0962883415352071
69.46073036518258	0.042897812581728735	0.09660657622329237
69.59379689844923	0.04300594694561196	0.09675642910693234
69.72686343171586	0.042541842658849506	0.09683376968715962
69.85992996498248	0.04219181952533009	0.09701240993635382
69.99299649824913	0.04196416658570396	0.09705350499573907
70.12606303151576	0.04184956122616783	0.0973017494554516
70.25912956478238	0.041713215458986236	0.09753310778714278
70.39219609804903	0.041917678256466265	0.09756131619535947
70.52526263131566	0.0420665394091744	0.09763740970161708
70.65832916458228	0.042056342267010494	0.09730355289883419
70.79139569784893	0.04191812957111924	0.09724019863741332
70.92446223111556	0.041796974909696236	0.09791260342951402
71.05752876438218	0.0417042775697271	0.09882877498655815
71.19059529764883	0.041576326638987894	0.09900095414820353
71.32366183091546	0.04127565950464799	0.0993556669066299
71.45672836418208	0.04157452325425693	0.09959292680389967
71.58979489744873	0.042071007022433785	0.09995780270535808
71.72286143071535	0.042199833594723714	0.10027807058746974
71.85592796398198	0.04211080775028521	0.1001782858551611
71.98899449724863	0.042228977441534275	0.10037179576514436
72.12206103051525	0.042576369025905475	0.10022257009325303
72.25512756378188	0.042452678544973164	0.09997219259416804
72.38819409704853	0.04257244304149182	0.10036724692150921
72.52126063031515	0.042842421747725214	0.10025693227501101
72.65432716358178	0.042822155483744316	0.10022203761969946
72.78739369684843	0.042814354272268554	0.10014193117529449
72.92046023011505	0.043101347382935966	0.10019364563093802
73.05352676338168	0.04315018318606306	0.0998252950196348
73.18659329664833	0.04316659630418988	0.09988470304060401
73.31965982991495	0.04342973667641208	0.1001024086022997
73.45272636318158	0.043393716012739315	0.09993999123665528
73.58579289644823	0.04315747728613296	0.0999250340809855
73.71885942971485	0.0432623205926485	0.09954832595681741
73.85192596298148	0.043460843467580834	0.09922958339512399
73.98499249624813	0.04369153141263666	0.09940812366269705
74.11805902951475	0.04375897929759208	0.09942163993877991
74.25112556278138	0.04375001862148586	0.09955955682464011
74.38419209604803	0.044074932972264044	0.09991417595174998
74.51725862931465	0.04384136207861495	0.09977604008590991
74.65032516258128	0.0440313738500435	0.1000557045647696
74.78339169584793	0.0442470834917897	0.10051060621590986
74.91645822911455	0.04411838622364676	0.10045206467451362
75.04952476238118	0.044159534207565715	0.10059786990082367
75.18259129564782	0.044536837714087715	0.10093870687419476
75.31565782891445	0.04468919672889515	0.10094281249036519
75.44872436218108	0.044600425180735745	0.10095928318455043
75.58179089544772	0.044628228261237655	0.10080026062659754
75.71485742871435	0.04465674767334541	0.10117398030927705
75.84792396198098	0.04488956831433831	0.10108245587307318
75.98099049524762	0.04520027941046998	0.1006586397262269
76.11405702851425	0.045444234392412665	0.10072899628208487
76.24712356178088	0.04558076701228974	0.1005596289714791
76.38019009504752	0.04532850982906658	0.10097752705875565
76.51325662831415	0.044863233170745385	0.10137856481646892
76.6463231615808	0.04486433423546739	0.10087063898582438
76.77938969484742	0.044954963795074104	0.10071009308169553
76.91245622811405	0.045067800319600386	0.10128025928975745
77.0455227613807	0.044975876846598636	0.10189141470745415
77.17858929464732	0.0449296148067248	0.1017224697478463
77.31165582791395	0.044898053866585345	0.10162484782225407
77.4447223611806	0.044709103808004975	0.10167770349399813
77.57778889444722	0.04491851535357077	0.10150510253811972
77.71085542771385	0.04470694625383129	0.10136177830920608
77.8439219609805	0.04469848061307426	0.10135777226535024
77.97698849424712	0.04480019507809946	0.10145539240711171
78.11005502751375	0.0446677339395242	0.10179838290493426
78.2431215607804	0.04452148876099529	0.10148057971806396
78.37618809404702	0.044520293526544276	0.10091577473900047
78.50925462731365	0.04424197730304344	0.10124007255118382
78.6423211605803	0.0440891258626328	0.10145985584563431
78.77538769384692	0.043856070088475786	0.10118969186013035
78.90845422711355	0.04373117209689416	0.1010887751548784
79.0415207603802	0.04398398420039505	0.10113977407455618
79.17458729364682	0.04398120740950406	0.10103474702159747
79.30765382691345	0.04437048294556458	0.10121925217264502
79.4407203601801	0.04465913770317853	0.10145971450415352
79.57378689344672	0.04458132727821756	0.10163772101135754
79.70685342671335	0.044571404286985056	0.1015751714777915
79.83991995998	0.044568730355988205	0.10179192403879694
79.97298649324662	0.044511924255486286	0.10180839889304769
80.10605302651325	0.04436962034128861	0.10188238909553451
80.2391195597799	0.04433033822755194	0.10166262010301835
80.37218609304652	0.04464254623542548	0.10136643466931905
80.50525262631315	0.04447692127355984	0.10115526807619274
80.6383191595798	0.04458536841362458	0.10126814800932714
80.77138569284642	0.04494603176857122	0.10106599468707453
80.90445222611305	0.04500426346723687	0.10084590927220717
81.0375187593797	0.04520981093311493	0.10071554516415084
81.17058529264632	0.04524078123611284	0.10070858391213532
81.30365182591295	0.04519631987784632	0.10126376111448998
81.4367183591796	0.04512062507392042	0.10160847534845348
81.56978489244622	0.045115473807865514	0.1014591340245984
81.70285142571285	0.04530645755804859	0.1017962136432758
81.8359179589795	0.04521625835496498	0.10215054871266532
81.96898449224612	0.04517674918135786	0.10208644616932552
82.10205102551275	0.04538344276315045	0.10243463542328492
82.2351175587794	0.0454911934170478	0.10223888875662851
82.36818409204602	0.04549183582378056	0.10185141136685959
82.50125062531265	0.04535525649208507	0.10196171038952635
82.6343171585793	0.045499562401927617	0.1019291057333078
82.76738369184592	0.045545818909634175	0.10209152329991927
82.90045022511255	0.04549395702363569	0.10244727412727556
83.03351675837919	0.045550806501192614	0.10248969376785018
83.16658329164582	0.04535729139107641	0.102259599408163
83.29964982491245	0.04519950738826692	0.10226148015054197
83.43271635817909	0.04538374983996295	0.10189982984134466
83.56578289144572	0.045042901054108006	0.10187533796431937
83.69884942471235	0.04494023865549281	0.1020680119648923
83.83191595797899	0.04520553318942823	0.10212978767588957
83.96498249124562	0.04508928151889346	0.10213329434871667
84.09804902451225	0.04515918594396863	0.10198998488523402
84.23111555777889	0.04515674835751228	0.1018937050867808
84.36418209104552	0.04482618048101113	0.10248138037799899
84.49724862431215	0.044781515143960705	0.10280518815776188
84.63031515757879	0.04500712702222802	0.1024039243528115
84.76338169084542	0.04506103490500183	0.10211622879812852
84.89644822411205	0.045210494090629764	0.10202618416614155
85.02951475737869	0.045117132668629656	0.1018770770460802
85.16258129064532	0.04517544561229688	0.10182960925257621
85.29564782391195	0.04520454893723348	0.10203790490585214
85.42871435717859	0.04520010074453794	0.10225883564804841
85.56178089044522	0.045374780585341286	0.10222357184365805
85.69484742371185	0.045578214668166285	0.10193997365406833
85.82791395697849	0.04593410388641337	0.10196286847253269
85.96098049024512	0.046096922750749544	0.10228252375033219
86.09404702351175	0.04619050215154663	0.10211594977791387
86.22711355677839	0.046228456917618586	0.10220276403302521
86.36018009004502	0.04629552556205618	0.10194671831683376
86.49324662331165	0.04635832690489492	0.10149659268273045
86.62631315657829	0.04653297250330397	0.10152328119704733
86.75937968984492	0.046433754025813415	0.10148072437355617
86.89244622311155	0.046305341983109566	0.10117109425790788
87.02551275637819	0.04639504231268977	0.10132656570448967
87.15857928964482	0.04612883414483324	0.10122751196023791
87.29164582291145	0.04591972318106763	0.10132839969761395
87.42471235617809	0.04595141086475485	0.10122557754745028
87.55777888944472	0.04607620679565137	0.10142011627893562
87.69084542271135	0.046310849241022405	0.10140424218683682
87.82391195597799	0.04622510960063603	0.10146551217247285
87.95697848924462	0.0460700634225968	0.10171163422341213
88.09004502251125	0.04597342631226989	0.10149300746012353
88.22311155577789	0.04611426988878746	0.10159862610644645
88.35617808904452	0.0461002141546366	0.10160523886553503
88.48924462231115	0.046263655478035945	0.10164632989903595
88.62231115557779	0.046397706541076986	0.10175595279072801
88.75537768884442	0.04651945277166131	0.10152296554755663
88.88844422211105	0.04654342631873655	0.10133844311848542
89.02151075537769	0.04646594136755934	0.10093664694906508
89.15457728864432	0.04626644891388398	0.10069822919949199
89.28764382191095	0.0463618637289131	0.10062388645567068
89.42071035517759	0.0464064088258415	0.10037990575400506
89.55377688844422	0.0465545454125848	0.10031234426950802
89.68684342171085	0.046526248792336654	0.10063742917060897
89.81990995497749	0.04654227043867514	0.10045971291487461
89.95297648824412	0.046453374643035075	0.1004348631146571
90.08604302151075	0.04652714738875814	0.10053448631657765
90.21910955477739	0.04648650726805363	0.10058330214532667
90.35217608804402	0.04611985490443027	0.10061045857837558
90.48524262131065	0.04610167490345475	0.1000410089433772
90.61830915457729	0.045830219433980045	0.09986762425360947
90.75137568784392	0.046068497164796836	0.10051211030632501
90.88444222111055	0.04579045681122387	0.10066979805762005
91.01750875437719	0.04573819813986638	0.1004301053752043
91.15057528764382	0.045794284812006765	0.10003233322484827
91.28364182091045	0.045696195799834076	0.09960289049079409
91.41670835417709	0.04595626670908003	0.09948452991172144
91.54977488744372	0.04590619079704856	0.09995553124530497
91.68284142071035	0.045929899593555826	0.09995645934309229
91.81590795397699	0.04590123951776287	0.09945602925948362
91.94897448724362	0.04584663769645525	0.09915322789783891
92.08204102051025	0.045590969038407834	0.09928036413128216
92.21510755377689	0.04562678477846225	0.09931452114313648
92.34817408704352	0.04544045781567016	0.09937573585174597
92.48124062031015	0.04529730996518273	0.09908566762861828
92.61430715357679	0.04540830720897831	0.09904165884278822
92.74737368684342	0.04555259456991263	0.0988193747955619
92.88044022011005	0.04569492679237072	0.09826030595284097
93.01350675337669	0.04571445739511798	0.09895116195539098
93.14657328664332	0.045835527544358406	0.09959986123786767
93.27963981990995	0.04591321169652135	0.09947416818323548
93.41270635317659	0.0461632454824266	0.09947644878349783
93.54577288644322	0.04621867427129841	0.0994418006882281
93.67883941970985	0.04605580382033255	0.09952783592083636
93.81190595297649	0.046151225110554736	0.09980580017427385
93.94497248624312	0.04645083986454111	0.09961410861521292
94.07803901950976	0.046538353882362195	0.09956823354645353
94.21110555277639	0.04662194448267933	0.10024553138871016
94.34417208604302	0.04647739467616077	0.10040710503805036
94.47723861930966	0.0466750711669026	0.10020854733551302
94.61030515257629	0.046689053940050004	0.10067124888770577
94.74337168584292	0.0466008621127821	0.10111915204478246
94.87643821910956	0.04629393799910582	0.10088813955129043
95.00950475237619	0.04609571971184495	0.1008985909489898
95.14257128564282	0.04581535800939322	0.10064455098259721
95.27563781890946	0.04572367717486383	0.10053578929429642
95.40870435217609	0.04561404936717424	0.10056789768992924
95.54177088544272	0.04537204256987851	0.1004333029676361
95.67483741870936	0.04546560914356493	0.10040431411387474
95.80790395197599	0.045753145989328156	0.10031401283582092
95.94097048524262	0.045816663244841134	0.10080726289260265
96.07403701850926	0.04554723624542077	0.10084919682111991
96.20710355177589	0.04593604217114276	0.10079426645948313
96.34017008504252	0.04614969911624363	0.10086486607545096
96.47323661830916	0.045872794454539116	0.10091446375956141
96.60630315157579	0.04581283661790761	0.10108728070823651
96.73936968484242	0.04575666086043805	0.10115344263982338
96.87243621810906	0.04553992164554307	0.10132377396788197
97.00550275137569	0.0456182794457377	0.10121363601971875
97.13856928464232	0.04553941902742538	0.10112950560637139
97.27163581790896	0.045509974239052745	0.10176206429463427
97.40470235117559	0.04561720159955213	0.10200204546353175
97.53776888444222	0.045700968805486575	0.10211697819849573
97.67083541770886	0.045624009881997406	0.10209862185837984
97.80390195097549	0.04570577252960685	0.10197112469727716
97.93696848424212	0.046146602905050044	0.101893536604764
98.07003501750876	0.04621937879987339	0.10176256940243947
98.20310155077539	0.046104030856473494	0.10196090943831995
98.33616808404201	0.046181085589013	0.10182929689155144
98.46923461730866	0.046548962094948396	0.1024043313185939
98.60230115057529	0.04666660318685713	0.10270522189759196
98.73536768384191	0.04667467538572138	0.10251030665233797
98.86843421710856	0.046724386925890024	0.1027416067988839
99.00150075037519	0.04693377375325157	0.10298313596190282
99.13456728364181	0.04721502490867132	0.10265200564267135
99.26763381690846	0.04725026747350062	0.10255486388644139
99.40070035017509	0.04744103239098486	0.10252631559068458
99.53376688344171	0.04756928296302043	0.10286145239926872
99.66683341670836	0.04787546934186845	0.10283357094629855
99.79989994997499	0.04813006270091014	0.10249625663033807
99.93296648324161	0.048395649105261965	0.10223588324550044
100.06603301650826	0.048352345367860365	0.10204820055231568
100.19909954977489	0.048312558432699076	0.10236514619516139
100.33216608304151	0.04832310659215499	0.10260143507216955
100.46523261630816	0.048339250405005696	0.10302269081716417
100.59829914957479	0.0482362281459039	0.10320954378741931
100.73136568284141	0.04798081203247479	0.1031888291868052
100.86443221610806	0.047755265426557336	0.10351307188779739
100.99749874937469	0.04767427849916144	0.10341028676472071
101.13056528264131	0.04738100315210895	0.10319026202060684
101.26363181590796	0.047192392650641755	0.10340118384529448
101.39669834917459	0.04711988916995827	0.10347007580978296
101.52976488244121	0.046891788929692944	0.10340308660063946
101.66283141570786	0.04672434738972975	0.10368398018563739
101.79589794897448	0.04676432041247078	0.10421604337111359
101.92896448224111	0.04676391967264289	0.10477426950440864
102.06203101550776	0.04664895383172714	0.10522704856101649
102.19509754877438	0.04670743885609204	0.1053798567669124
102.32816408204101	0.04648016117669585	0.10533864872263743
102.46123061530766	0.04628507678888706	0.10585309881719104
102.59429714857428	0.04637928078578493	0.10610946751530874
102.72736368184091	0.046358236494464404	0.10596029717343398
102.86043021510756	0.04630826658848159	0.10606244555748955
102.99349674837418	0.04646544460002732	0.10622711773689837
103.12656328164081	0.046844928593825615	0.10621823881800074
103.25962981490746	0.047127502520001696	0.10573232986255311
103.39269634817408	0.047213100287678104	0.10557411429575653
103.52576288144071	0.04739042662447409	0.10524944671625433
103.65882941470736	0.04721067160871197	0.1052988042487839
103.79189594797398	0.04734163021103804	0.10550275731443974
103.92496248124061	0.04736975599103243	0.10504819544186228
104.05802901450726	0.047237189998934455	0.10524086551265922
104.19109554777388	0.04738649070698824	0.10545343041621844
104.32416208104051	0.04724265725005125	0.10549349658363669
104.45722861430716	0.04732160791367907	0.1052466987203004
104.59029514757378	0.04758706301315891	0.10532826445621779
104.72336168084041	0.047757037727704184	0.10549742361688844
104.85642821410705	0.04803732744472871	0.10559990835922735
104.98949474737368	0.04810873559820674	0.10591136507208813
105.12256128064031	0.0483280882030566	0.10614872800512448
105.25562781390695	0.04856013159617383	0.10613552135971525
105.38869434717358	0.048565048005959864	0.10590478087926894
105.52176088044021	0.04830066000776952	0.1062691043616889
105.65482741370685	0.04821910198681233	0.10628772858978164
105.78789394697348	0.048032246059871095	0.10596373551112123
105.92096048024011	0.0482202553033655	0.10621828420495136
106.05402701350675	0.04837351460391231	0.10634438890988435
106.18709354677338	0.048307234254557775	0.10621564203475087
106.32016008004001	0.048338472448982116	0.10621829532834032
106.45322661330665	0.04814819418804716	0.1060975372869525
106.58629314657328	0.04806534733802267	0.10617678325107034
106.71935967983991	0.048122685428973515	0.10614643949922399
106.85242621310655	0.04785619506595372	0.10598939906235763
106.98549274637318	0.04740196606398128	0.10595244245212747
107.11855927963981	0.04729992110187032	0.10606425927140327
107.25162581290645	0.0472715124079529	0.10619981536441676
107.38469234617308	0.04724721626858974	0.10597269259561375
107.51775887943971	0.04693590794273503	0.1059305305904224
107.65082541270635	0.04676958386893027	0.10602166223894158
107.78389194597298	0.04685113989703894	0.10604763361706149
107.91695847923961	0.04708992248777326	0.10605265513505105
108.05002501250625	0.046983609324422713	0.10645017941105836
108.18309154577288	0.0466467235306102	0.10650985015795825
108.31615807903951	0.04673970724186008	0.10636878969633724
108.44922461230615	0.047077213137966714	0.10609884389063882
108.58229114557278	0.047392007632992804	0.10601377473116626
108.71535767883941	0.04755278575534016	0.10604104353040167
108.84842421210605	0.047651648257427064	0.10596038309676137
108.98149074537268	0.04775539620744948	0.10597421759353964
109.11455727863931	0.04796981485887873	0.10601509044735505
109.24762381190595	0.04797885633917272	0.10620290646219596
109.38069034517258	0.0482720359941477	0.10624017542111795
109.51375687843921	0.0483092415156066	0.10652651033158787
109.64682341170585	0.048061354003442545	0.106246531545615
109.77988994497248	0.047958508265364026	0.10599241540826286
109.91295647823911	0.04808313082026147	0.10588439793920373
110.04602301150575	0.048185523229952884	0.10597824600056717
110.17908954477238	0.048391917928026856	0.10602219823176934
110.31215607803901	0.0485244181680357	0.10571687518059063
110.44522261130565	0.04853129577933736	0.10590976587729488
110.57828914457228	0.048532674866253143	0.10593380471757911
110.71135567783892	0.048533458548768955	0.10582614267719993
110.84442221110555	0.04853541782068232	0.10578181415272084
110.97748874437218	0.048496797894122756	0.10605273848155682
111.11055527763882	0.048204588406843864	0.10621341576030725
111.24362181090545	0.04813855378382159	0.10619735718483184
111.37668834417208	0.048072232172790726	0.10644908546444251
111.50975487743872	0.04788946193180266	0.10661101912862049
111.64282141070535	0.04781700026159906	0.10658828650592539
111.77588794397198	0.04804046148152792	0.10629855028661017
111.90895447723862	0.04801433533517932	0.10608467736550915
112.04202101050525	0.04792188357890257	0.10619104396866111
112.17508754377188	0.047822321593325785	0.1061254859057737
112.30815407703852	0.047895837213002834	0.1065531042800626
112.44122061030515	0.04777820841610899	0.10666165315071412
112.57428714357178	0.04787009169222088	0.10655122932295549
112.70735367683842	0.04786580528837606	0.10684750383435364
112.84042021010505	0.047893259399865544	0.10687393765792387
112.97348674337168	0.048465315102465906	0.10665860448037294
113.10655327663832	0.04875724716592502	0.10657943481706883
113.23961980990495	0.04890701615087402	0.10645137191767884
113.37268634317158	0.04911161112103375	0.10644565442340403
113.50575287643822	0.049024199047125655	0.10672210060425434
113.63881940970485	0.049016504530944784	0.10685608378776373
113.77188594297148	0.04888177494028445	0.10729923005358517
113.90495247623812	0.04880521041773925	0.10751189302779823
114.03801900950475	0.04881440642246264	0.10712585972889072
114.17108554277138	0.04889393079283738	0.10685505404455745
114.30415207603802	0.048852506226558796	0.10655593757898182
114.43721860930465	0.04876757049604175	0.10640921885282462
114.57028514257128	0.048904646703995955	0.10621468102706978
114.70335167583792	0.04892282753852344	0.10556418924266937
114.83641820910455	0.048744545576559134	0.10545953661781263
114.96948474237118	0.04847035506810529	0.10566060636386873
115.10255127563782	0.04810839231504533	0.10598380492634629
115.23561780890445	0.04797547681746256	0.1061243050460545
115.36868434217108	0.04804095337146614	0.10597734358655868
115.50175087543772	0.047987429155854106	0.1059334722027618
115.63481740870435	0.04803332509568708	0.1056647775901767
115.76788394197098	0.04799881190869068	0.10527008378025432
115.90095047523762	0.0480679757380693	0.1051209439080585
116.03401700850425	0.04808726570832161	0.10538246092856414
116.16708354177088	0.04799849636562196	0.10541206068301705
116.30015007503752	0.047878419267118506	0.10547320965381146
116.43321660830415	0.047815678811988296	0.10552163790631865
116.56628314157078	0.047618097958074694	0.10556784508220096
116.69934967483742	0.04762664985643356	0.10581983937972683
116.83241620810405	0.047711941574426084	0.10586550322094468
116.96548274137068	0.04754167543615847	0.10614446889092412
117.09854927463732	0.04744989035457536	0.10621003582367028
117.23161580790395	0.04751858552862832	0.1061293020502922
117.36468234117058	0.04752940097358876	0.10612230591255666
117.49774887443722	0.047654016194933736	0.1063150093512708
117.63081540770385	0.04760815288612154	0.10620915172855841
117.76388194097048	0.047861716328302085	0.10584149105464329
117.89694847423712	0.04834156675317537	0.10562818412518586
118.03001500750375	0.04844794819029224	0.10568906746896996
118.16308154077038	0.04838723719722593	0.10573681955010103
118.29614807403702	0.04837763888367022	0.10586805441207875
118.42921460730365	0.0481262021154243	0.10611436904157803
118.56228114057028	0.047931837330721525	0.10583014212196529
118.69534767383692	0.04796666109105574	0.10588159810247588
118.82841420710355	0.048136184639224505	0.10608996107625716
118.96148074037018	0.04836439052394591	0.10619884433878493
119.09454727363682	0.04819332417060573	0.1062517387213812
119.22761380690345	0.048352919893726934	0.10614259608599369
119.36068034017008	0.04862819356997732	0.10605959874095763
119.49374687343672	0.04847466161457809	0.10595946567865194
119.62681340670335	0.04836602459563091	0.10620423051041855
119.75987993996998	0.04865404187320067	0.10636706782988327
119.89294647323662	0.04868805113651856	0.10648195184531144
120.02601300650325	0.04876988301856182	0.10652040448692596
120.15907953976988	0.04907165929734919	0.10621229467809279
120.29214607303652	0.04908081795662335	0.10587218258132182
120.42521260630315	0.048923308543742904	0.10581695189449665
120.55827913956978	0.04856127076744785	0.10582948630752971
120.69134567283642	0.048435970316045796	0.10559050312584836
120.82441220610305	0.04829257061736925	0.10518548411740013
120.95747873936968	0.04837837287731461	0.10550766407837964
121.09054527263632	0.04872224478724407	0.10575968278711904
121.22361180590295	0.04903374531406099	0.1057687810678556
121.35667833916958	0.0493735258001008	0.10578804593121677
121.48974487243622	0.049329538162426634	0.10551603930851641
121.62281140570285	0.049320920905966424	0.10527566264077776
121.75587793896948	0.04941001666183218	0.10518358032413644
121.88894447223612	0.04941995979569231	0.10520750611812309
122.02201100550275	0.0494755047234466	0.10496630938098057
122.15507753876938	0.04980795188161776	0.10479915357148147
122.28814407203602	0.049941474427710644	0.1048347468527949
122.42121060530265	0.04999655440489716	0.10521864210029759
122.55427713856928	0.050189191060908314	0.10544777197381609
122.68734367183592	0.05026019288605913	0.10573551279063374
122.82041020510255	0.05036055650289095	0.10560670159775012
122.95347673836918	0.05067054087326831	0.1056520781041097
123.08654327163582	0.050787786961109714	0.10606615330614552
123.21960980490245	0.0506575199520296	0.10634059105772978
123.35267633816908	0.05067132670865384	0.10633517341203158
123.48574287143572	0.0507746520750046	0.10598358618310329
123.61880940470235	0.05071653807843676	0.10596344666981605
123.75187593796898	0.05061914318418941	0.10584484698364445
123.88494247123562	0.05054176322248136	0.1059379214209029
124.01800900450225	0.05035609832400883	0.10608972552990957
124.15107553776888	0.05049683616079658	0.10561248247272771
124.28414207103552	0.050668869864899956	0.1057533309129173
124.41720860430215	0.05050767897964835	0.10616456962154507
124.55027513756878	0.050513941570059305	0.10589276527477084
124.68334167083542	0.050348169334055	0.10610721273728982
124.81640820410205	0.05026869193336042	0.10642575014627599
124.94947473736867	0.050316677814362665	0.10633105496149471
125.08254127063532	0.050263310565963934	0.10615824827041148
125.21560780390195	0.050446309825343094	0.10590521247558121
125.34867433716857	0.05057910718629471	0.106029637901393
125.48174087043522	0.050741120478567665	0.10619041053880314
125.61480740370185	0.05086464102711918	0.1062284491449
125.74787393696847	0.0508132093220221	0.1060945388446065
125.88094047023512	0.050656811643759306	0.10609955368880214
126.01400700350175	0.05058943894414635	0.10626766823885996
126.14707353676837	0.05065388842128609	0.10609807105511866
126.28014007003502	0.050581673008132995	0.10585837842922081
126.41320660330165	0.05092218448010231	0.10593638955360306
126.54627313656827	0.051092753066409945	0.10610651754682744
126.67933966983492	0.050826318287496265	0.10642942898354002
126.81240620310155	0.05068351412718578	0.10674009493520625
126.94547273636817	0.050602552320769566	0.10677646237790209
127.07853926963482	0.050718628724015856	0.1065336446539928
127.21160580290145	0.05060283037655016	0.10661388329054494
127.34467233616807	0.05046761893588633	0.1068371464046276
127.47773886943472	0.05025561192409146	0.10713425111445721
127.61080540270135	0.05023815403536934	0.10707897901519686
127.74387193596797	0.050394220477487824	0.10716446573186937
127.87693846923462	0.050367093755917365	0.10738349394937008
128.01000500250126	0.050697088199444275	0.10745373439204223
128.1430715357679	0.05099011816530283	0.10749556709930902
128.27613806903452	0.0509795377722293	0.10746910685681442
128.40920460230114	0.050861470928532854	0.10739080059983709
128.54227113556777	0.051007647501927274	0.10698717687381575
128.6753376688344	0.05135972311574593	0.106663715000784
128.80840420210106	0.05131368961386073	0.10723898002622427
128.9414707353677	0.051387532649588924	0.1076217550934016
129.07453726863432	0.05178272617652261	0.10752213014787029
129.20760380190094	0.051543435557430003	0.10815349995963482
129.34067033516757	0.0514484620006781	0.10861743223505754
129.4737368684342	0.05167249168619113	0.10833894249203063
129.60680340170086	0.051580878635074316	0.10836825316538685
129.7398699349675	0.05152015040291997	0.1083508028423231
129.87293646823412	0.051832052302894345	0.1084087916073473
130.00600300150074	0.052084278885429505	0.10825031879656
130.13906953476737	0.05206745019579541	0.10768120947729541
130.272136068034	0.05207045890394851	0.1080315559939027
130.40520260130066	0.05223034493608465	0.10858092514356117
130.5382691345673	0.05225111594725934	0.10848223478912362
130.67133566783392	0.05178427850312577	0.10836718153730347
130.80440220110054	0.05156490405481106	0.108140459888953
130.93746873436717	0.05156619680580984	0.10815620253219087
131.0705352676338	0.051315672208999824	0.10802519613336235
131.20360180090046	0.05125716111174698	0.10731657364390983
131.3366683341671	0.05155516784962125	0.10704196270908505
131.46973486743371	0.05166326960053062	0.10696843686800464
131.60280140070034	0.05182787412742397	0.1068903710824119
131.73586793396697	0.052044608968873356	0.10695102499223182
131.8689344672336	0.05190324946576074	0.10680165308546885
132.00200100050026	0.05208426552973871	0.10672050768131847
132.1350675337669	0.05233395413349061	0.10672967982050267
132.26813406703351	0.05252459390543212	0.10668457819251503
132.40120060030014	0.05278480467234931	0.10650401619808217
132.53426713356677	0.0529201759348745	0.1063014584262119
132.6673336668334	0.05290608934952591	0.10616719674727856
132.80040020010006	0.05276785085808523	0.10582335657507158
132.93346673336669	0.05255411326566865	0.10588065870797594
133.06653326663331	0.05245351454160565	0.10579514739230195
133.19959979989994	0.052476905055731944	0.10576424467298373
133.33266633316657	0.052519779057331795	0.1058380204780845
133.4657328664332	0.0522717507856512	0.10550046716141745
133.59879939969986	0.05192475968132017	0.10524611664140898
133.73186593296649	0.051840635900758734	0.1050217678631217
133.8649324662331	0.05199735310681251	0.10492032818445045
133.99799899949974	0.052212191471379434	0.10488202953740307
134.13106553276637	0.052200579045820046	0.10485681758025767
134.264132066033	0.05204611013778623	0.1048618415853369
134.39719859929966	0.05205331108255898	0.10471487402094659
134.53026513256629	0.05186637895461264	0.10490982836389107
134.6633316658329	0.05155528389424761	0.10515187702427538
134.79639819909954	0.05177967237619877	0.10473000165793278
134.92946473236617	0.052216552852303526	0.10433802746341835
135.0625312656328	0.052335448404548124	0.1042882795666434
135.19559779889946	0.05229795920246368	0.10421429646386629
135.32866433216608	0.052531561483241146	0.10384449384402929
135.4617308654327	0.05249951116377381	0.10351587855328832
135.59479739869934	0.05256507090803379	0.10354398224189816
135.72786393196597	0.052834434490567586	0.10343676701135479
135.8609304652326	0.05288586250643549	0.10370386146132658
135.99399699849926	0.05295676884869015	0.10397788377339913
136.12706353176588	0.05288611408590238	0.10423519558854304
136.2601300650325	0.053176725626247	0.10414287345313994
136.39319659829914	0.05368841155875325	0.10391666940054446
136.52626313156577	0.053895947666465084	0.1036345675774939
136.65932966483243	0.05378834181804155	0.10370767655282524
136.79239619809906	0.053656113344024994	0.10367949257812825
136.92546273136568	0.053827360771689946	0.10376749171139256
137.0585292646323	0.05372200188477857	0.10389369180065267
137.19159579789894	0.05352803180279025	0.10430408182363841
137.32466233116557	0.054086591455316094	0.10481010004083686
137.45772886443223	0.05416719323725069	0.10474389406819638
137.59079539769886	0.05419459148651182	0.10497026787509893
137.72386193096548	0.05450098534767671	0.10533099191736571
137.8569284642321	0.054303250952842254	0.10554475406200156
137.98999499749874	0.054278127326909315	0.10561616991025703
138.12306153076537	0.05455935259922792	0.105496404316452
138.25612806403203	0.05448849156893159	0.1049862771658242
138.38919459729865	0.05418115689001775	0.1048758223823875
138.52226113056528	0.05405498012107917	0.10484110913278825
138.6553276638319	0.05432903274969548	0.10478386329582824
138.78839419709854	0.05459501870816519	0.1048270934507347
138.92146073036517	0.05462997681961919	0.10513009873734286
139.05452726363183	0.05457384251751385	0.10514325322187479
139.18759379689845	0.054491869162626674	0.10508135316644801
139.32066033016508	0.05443793102015861	0.10503981503127836
139.4537268634317	0.05438750564279974	0.10496822287144189
139.58679339669834	0.05431871488393794	0.10500929426256482
139.71985992996497	0.05422838142785546	0.10484007979491941
139.85292646323163	0.05414142649016395	0.10453022556772996
139.98599299649825	0.054040806206920325	0.10406137201904432
140.11905952976488	0.0541102661954456	0.10389449344745827
140.2521260630315	0.054186447458348545	0.10433941661682436
140.38519259629814	0.05419305389257579	0.1043947647588915
140.51825912956477	0.054324530839331704	0.10410792630682342
140.65132566283143	0.05463312491555353	0.10452572773622051
140.78439219609805	0.05496728584675814	0.10440125666701576
140.91745872936468	0.05489429671800612	0.10398490188933732
141.0505252626313	0.05485449441058821	0.10399771235019453
141.18359179589794	0.0547791681859624	0.10344138742629555
141.31665832916457	0.054360015074032236	0.10343159913288856
141.44972486243122	0.05421365457112558	0.10358441352446679
141.58279139569785	0.054278170102789285	0.10341141722396831
141.71585792896448	0.05432444076601887	0.10319109026717327
141.8489244622311	0.05407122189845616	0.10289947378820372
141.98199099549774	0.05385708772799866	0.10309965644662396
142.11505752876437	0.05392527040875282	0.10337841828498966
142.24812406203102	0.05382259863958602	0.1032685269504258
142.38119059529765	0.05400182749058283	0.10303073730187678
142.51425712856428	0.053967742969841144	0.10356558928530639
142.6473236618309	0.053863220945858215	0.10412271380176441
142.78039019509754	0.0540256940533724	0.10406481898011904
142.91345672836417	0.053928647115520235	0.104037533275674
143.04652326163082	0.05396707908723957	0.10397645652700836
143.17958979489745	0.05366112458134076	0.10424161994854418
143.31265632816408	0.05343903084710162	0.10451754694639286
143.4457228614307	0.05349925730619561	0.10433803897030963
143.57878939469734	0.05349023921115948	0.10454529919768397
143.71185592796397	0.053559691068321286	0.10465061828751726
143.84492246123062	0.053601427713075515	0.10478212031165046
143.97798899449725	0.05346044257327758	0.10544626987823102
144.11105552776388	0.053376569985004216	0.10572097572387641
144.2441220610305	0.053131173443335254	0.10552950106648652
144.37718859429714	0.05324475700165318	0.10540725418463177
144.51025512756377	0.05335278651430114	0.10539961003817463
144.64332166083042	0.05303630454435313	0.10516519166760699
144.77638819409705	0.053117328336961436	0.10506282811842031
144.90945472736368	0.05295631939673894	0.10511530596513385
145.0425212606303	0.052968667297595334	0.1050254788252973
145.17558779389694	0.05300991618157764	0.10529093397992524
145.30865432716357	0.052600650197091946	0.10570607961461326
145.44172086043022	0.05249385372000345	0.10578906149091499
145.57478739369685	0.05246176021696426	0.10589373183237519
145.70785392696348	0.0524518452805079	0.10594564060079772
145.8409204602301	0.052142684587633555	0.10601115581735615
145.97398699349674	0.05189082375157984	0.10612152005584712
146.10705352676337	0.05171060731313319	0.10593258216185301
146.24012006003002	0.051754061395812435	0.10605764782248252
146.37318659329665	0.05173633685377012	0.10655360441083142
146.50625312656328	0.05160180890002318	0.10669248577847003
146.6393196598299	0.051742577625007787	0.10617596005645323
146.77238619309654	0.05174122685283143	0.10596763570965179
146.90545272636317	0.05190154180402176	0.1058552916889231
147.03851925962982	0.052284102296246554	0.10584731437416944
147.17158579289645	0.0526120407272133	0.1054805627528823
147.30465232616308	0.05253020887180748	0.10463978593271908
147.4377188594297	0.0525061918526795	0.10484919296524328
147.57078539269634	0.052566911865778804	0.10528050834796442
147.70385192596297	0.0524879560525524	0.105421283312263
147.83691845922962	0.052767384809991054	0.10566991367057689
147.96998499249625	0.05277246114328137	0.1058258971089859
148.10305152576288	0.05297669498797499	0.10556937003630833
148.2361180590295	0.05334965951276287	0.10544090014017783
148.36918459229614	0.05326297586040927	0.10553701430335681
148.50225112556276	0.0533270546460592	0.10532931614194062
148.63531765882942	0.053410633380463285	0.10570509295539837
148.76838419209605	0.053419552475303465	0.10566909952990645
148.90145072536268	0.053358861891185244	0.10534163632656905
149.0345172586293	0.053205230286710134	0.10573051661389435
149.16758379189594	0.05284738688755349	0.10615782578259368
149.30065032516256	0.052739817891675284	0.10687654486648301
149.43371685842922	0.052694524648871255	0.1073643615060551
149.56678339169585	0.05266179181289511	0.10783003562991476
149.69984992496248	0.052701581314263106	0.10796891434856393
149.8329164582291	0.05266206009952188	0.10735440917702277
149.96598299149574	0.05274788205022751	0.10686507678481619
150.09904952476236	0.05258057348245115	0.10699900915005554
150.23211605802902	0.05229039965983425	0.10679796403335333
150.36518259129565	0.05235286197386429	0.10661795823244244
150.49824912456228	0.05243877230965188	0.10683391168378459
150.6313156578289	0.052325584384356534	0.10696511045512588
150.76438219109554	0.05206273822080062	0.10697895044533048
150.89744872436216	0.05230178931884393	0.10695721139684755
151.03051525762882	0.0527677229680281	0.10690312123157517
151.16358179089545	0.052800759702610715	0.10679193308528599
151.29664832416208	0.05272340405089792	0.1070787158081786
151.4297148574287	0.05271745084339613	0.10737326402758944
151.56278139069533	0.05286888259167676	0.10744700324630328
151.69584792396196	0.052923062343118714	0.10768667413897887
151.82891445722862	0.05277530568228055	0.10748758546971049
151.96198099049525	0.0524628713340424	0.10716550202194358
152.09504752376188	0.052192647940360035	0.1069999005679251
152.2281140570285	0.052076321291910595	0.10727466428778126
152.36118059029513	0.05205372506669868	0.10703919627088954
152.49424712356176	0.05218884721925195	0.10696050182395309
152.62731365682842	0.05234796299445775	0.10728709542248388
152.76038019009505	0.052201926251128385	0.1071814607804683
152.89344672336168	0.05204277625022793	0.10694395140941636
153.0265132566283	0.052151194941465584	0.10704095729737999
153.15957978989493	0.05212365008527706	0.10728865321398673
153.2926463231616	0.05197879825776844	0.10747044907590529
153.42571285642822	0.052084136929197215	0.10762735279805938
153.55877938969485	0.052379588211267654	0.10778206122581194
153.69184592296148	0.0526010793157087	0.10756256843725302
153.8249124562281	0.052746431841036744	0.10715755591839611
153.95797898949473	0.05250570626111309	0.10734643734973141
154.0910455227614	0.05260121819574213	0.10730914257541183
154.22411205602802	0.052655563231374825	0.10717623997444801
154.35717858929465	0.052290889086866334	0.10749475397894205
154.49024512256128	0.052181725108336796	0.10761667376333227
154.6233116558279	0.05223920191953129	0.1079992807157525
154.75637818909453	0.052338145867929946	0.10828988166635498
154.8894447223612	0.05258595839420486	0.10824473799702058
155.02251125562782	0.05247270802221752	0.10812488739121205
155.15557778889445	0.052272238742246326	0.10824947233424921
155.28864432216108	0.05224630438928341	0.10862214690143668
155.4217108554277	0.05220581483354327	0.10861728514752932
155.55477738869433	0.05203808039324411	0.10874970511672355
155.687843921961	0.05220756928115308	0.10910144143706936
155.82091045522762	0.05215512338549672	0.10874032701712999
155.95397698849425	0.05221988764828172	0.10894040772752613
156.08704352176088	0.05247900941302602	0.10864184372233106
156.2201100550275	0.052529961213219595	0.10857715544838017
156.35317658829413	0.052861677855494386	0.10882857165362846
156.4862431215608	0.05284380347838261	0.10894654966829735
156.61930965482742	0.052723962328496514	0.10902426480822179
156.75237618809405	0.05257178505472037	0.10893625297157822
156.88544272136068	0.05263713708367305	0.1094163847355626
157.0185092546273	0.05270287212392386	0.10963122627841082
157.15157578789393	0.05247264979346706	0.10982955729825435
157.2846423211606	0.05273549245566531	0.10977780242534332
157.41770885442722	0.052888540475146975	0.10956053682393722
157.55077538769385	0.05279851727544537	0.10919996064556739
157.68384192096048	0.052865491103095325	0.1093249995975404
157.8169084542271	0.052613625234774995	0.10949155342247918
157.94997498749373	0.05249721766168174	0.10949702906751795
158.0830415207604	0.052498384869843116	0.10967110208925368
158.21610805402702	0.05231518352060279	0.1093042398853187
158.34917458729365	0.052368061805710554	0.10872855980734306
158.48224112056027	0.052331680708324585	0.10869644747736089
158.6153076538269	0.052346073211619576	0.10868628039162016
158.74837418709353	0.052122199843115745	0.10849190599122323
158.8814407203602	0.05199362491147743	0.10864666753673692
159.01450725362682	0.052338462008087984	0.10838572906433079
159.14757378689345	0.052277302480087086	0.10804239006388956
159.28064032016007	0.052180634880427595	0.10777025874155202
159.4137068534267	0.051880280420318704	0.10787705932529411
159.54677338669333	0.052076164119359745	0.10795255388527362
159.67983991996	0.05216048601332527	0.10788578119381302
159.81290645322662	0.05227899574541483	0.10780123549441968
159.94597298649325	0.052399809896750194	0.10796061457518356
160.07903951975987	0.05196279195914069	0.10783190055480484
160.2121060530265	0.05210147076804556	0.10765583596276361
160.34517258629313	0.052217127050430356	0.10769822009381452
160.4782391195598	0.05209816890624227	0.10803401149762494
160.61130565282642	0.051956922982078435	0.10766024265279762
160.74437218609305	0.05200058047138844	0.10750248782026059
160.87743871935967	0.052073183411122596	0.10764633873523285
161.0105052526263	0.05192929135707625	0.10757706750217952
161.14357178589293	0.05173216343014958	0.10735950744961928
161.2766383191596	0.05191897322162403	0.10766484802332181
161.40970485242622	0.051827984895219795	0.10776073907816175
161.54277138569284	0.051951903654856135	0.10760225020982254
161.67583791895947	0.0520790971733102	0.10749073526133714
161.8089044522261	0.05193115219089156	0.10729974992135013
161.94197098549273	0.05172520503004126	0.10735682030039109
162.0750375187594	0.051847558209879706	0.10758628025957487
162.20810405202602	0.05197864288581658	0.10762033254927263
162.34117058529264	0.0517978478036413	0.10755074518129973
162.47423711855927	0.051908818157686984	0.10799759074805344
162.6073036518259	0.05197940862613086	0.10841286769537696
162.74037018509253	0.052321953744548906	0.10790844526015933
162.8734367183592	0.05261044776115763	0.1075841200804726
163.00650325162582	0.0524774933776812	0.10772723150332587
163.13956978489244	0.052212862421184225	0.10784154673824833
163.27263631815907	0.052310334731099924	0.10784892020065415
163.4057028514257	0.052217493207464924	0.10787139178923845
163.53876938469233	0.052210278858081716	0.10794844760305418
163.671835917959	0.05212592568963896	0.10780422089070565
163.80490245122562	0.05219678286831314	0.10773837752636338
163.93796898449224	0.05229115054761906	0.10822436050458512
164.07103551775887	0.05221898574101402	0.10837784903898617
164.2041020510255	0.052251016253488075	0.10819901272654535
164.33716858429213	0.052180400088452386	0.10843995529922769
164.4702351175588	0.05199347769108602	0.10836908657169288
164.60330165082541	0.051699591051365935	0.10848969136774264
164.73636818409204	0.05164939993810114	0.10901969136252261
164.86943471735867	0.051515840071959106	0.10899114556320848
165.0025012506253	0.051497410252261885	0.10881792699110632
165.13556778389193	0.05139194402650819	0.10889763657123853
165.2686343171586	0.05123413016526443	0.10884710146683164
165.40170085042521	0.05123306855625415	0.10912301082969873
165.53476738369184	0.051423002965651735	0.1088809131428044
165.66783391695847	0.0515045800927689	0.10916334765584683
165.8009004502251	0.05163828192998673	0.10934975557487683
165.93396698349173	0.05166255375784136	0.10966540082144963
166.06703351675839	0.05176457815469173	0.11021275487792374
166.20010005002501	0.05201795387264791	0.11009320783592878
166.33316658329164	0.052063106880669806	0.1101177816439035
166.46623311655827	0.05163607656040297	0.11008068059604989
166.5992996498249	0.05151880348913464	0.10999141678833257
166.73236618309153	0.05149288001906292	0.10990025797122967
166.86543271635819	0.05152916659771815	0.1095329129628859
166.9984992496248	0.05188319053070311	0.10924400864447197
167.13156578289144	0.051806724370267246	0.10911804923491764
167.26463231615807	0.05186774949992383	0.10899835785157073
167.3976988494247	0.05239454372954805	0.1085782899448737
167.53076538269133	0.05258469658468546	0.10884172501282381
167.66383191595799	0.052610686548426655	0.10890791090734522
167.7968984492246	0.05226710112645505	0.10846782011093416
167.92996498249124	0.05221833939831713	0.1083074850222085
168.06303151575787	0.05257728443671505	0.10831441853254167
168.1960980490245	0.052771634421718026	0.10826086203714835
168.32916458229113	0.053015032503140616	0.10836747521927971
168.46223111555778	0.05278240569521545	0.10860075279628338
168.5952976488244	0.05277408265030489	0.10860377789712748
168.72836418209104	0.05307378834544457	0.10854662081158743
168.86143071535767	0.05300321850274838	0.1083741158936623
168.9944972486243	0.053089424938093814	0.1087047983849889
169.12756378189093	0.05315114191291223	0.10872273437763648
169.26063031515758	0.05315434665657795	0.10868705126467523
169.3936968484242	0.0529793647174485	0.10818303036949926
169.52676338169084	0.05294971388046575	0.10788354012229298
169.65982991495747	0.05295909193092263	0.10852124530524962
169.7928964482241	0.05338857484165666	0.1083405202717888
169.92596298149073	0.05364991734515586	0.10795907501753896
170.05902951475738	0.05381987856514374	0.1080228329482171
170.192096048024	0.053700441281593486	0.1080311959097935
170.32516258129064	0.053411447274319374	0.1080023781533012
170.45822911455727	0.05379261382679526	0.1079688613986437
170.5912956478239	0.05375655083459464	0.10782636739451874
170.72436218109056	0.053680093897081865	0.10795419891392069
170.85742871435718	0.05381579892877845	0.1079376500976633
170.9904952476238	0.05381208031122815	0.10747551778959882
171.12356178089044	0.05377587832048479	0.10743518632727884
171.25662831415707	0.05393521967310765	0.10723822782758803
171.3896948474237	0.054110007949796354	0.10760162267654903
171.52276138069035	0.05414960951340138	0.10762780131608211
171.65582791395698	0.054261843957860226	0.10748071542833537
171.7888944472236	0.0542130494204176	0.10778004754556861
171.92196098049024	0.05396362662803648	0.10790643813938153
172.05502751375687	0.05377375489278216	0.1079071912815155
172.1880940470235	0.053338965867463964	0.10767075610421349
172.32116058029015	0.05317288226262144	0.10762203346432067
172.45422711355678	0.05319271670455151	0.10742476964276851
172.5872936468234	0.0533072563675299	0.10709732524820549
172.72036018009004	0.05345421095415402	0.10680007059978427
172.85342671335667	0.053464731819487084	0.10688217118122674
172.9864932466233	0.053585951154898274	0.10716777250489434
173.11955977988995	0.05334816988606712	0.10727280068686056
173.25262631315658	0.05319653980727252	0.1075215562136468
173.3856928464232	0.05355253646106324	0.10736920634550465
173.51875937968984	0.053521375300010395	0.10749206027075559
173.65182591295647	0.05387274547717546	0.10757352766109775
173.7848924462231	0.05368809248072087	0.10764465217861306
173.91795897948975	0.05354046884185966	0.10739261963058273
174.05102551275638	0.053890883205348586	0.10734731179236963
174.184092046023	0.05408202957037739	0.10722459610122272
174.31715857928964	0.054463249092285615	0.10736116243235641
174.45022511255627	0.05444022583756836	0.10769059189748718
174.5832916458229	0.05430171608284547	0.10783119692941592
174.71635817908955	0.053958165003065515	0.10768163593882639
174.84942471235618	0.053989185868242785	0.10773236274628362
174.9824912456228	0.054096704680695	0.10768459041345022
175.11555777888944	0.05391870096576455	0.10749976626524424
175.24862431215607	0.053801100402737057	0.10789279850212537
175.3816908454227	0.05370057307946442	0.1082992036711602
175.51475737868935	0.053387535260797835	0.10850645447088689
175.64782391195598	0.053250174699365015	0.10842681279807485
175.7808904452226	0.053391113717580305	0.1084056116797229
175.91395697848924	0.05326054778824327	0.10879203715381548
176.04702351175587	0.05301039214614333	0.10881850538743516
176.1800900450225	0.053119100612187595	0.10883491652509422
176.31315657828915	0.05317888368691763	0.10899759860093836
176.44622311155578	0.05315222312813754	0.10897151324384627
176.5792896448224	0.053264889423869186	0.10872753217666631
176.71235617808904	0.053231050557505794	0.10886628352306325
176.84542271135567	0.052973568739732024	0.10882809090629048
176.9784892446223	0.05291376091216517	0.10891077913235156
177.11155577788895	0.05290574856291217	0.10871578776776442
177.24462231115558	0.05255171442071737	0.10899638779779056
177.3776888444222	0.05255598907336786	0.10900469843197934
177.51075537768884	0.05262835690712163	0.10913504081844413
177.64382191095547	0.05259595620226516	0.10907851753142263
177.7768884442221	0.05275234743380734	0.10901359298974722
177.90995497748875	0.05303765648977085	0.10907122818112328
178.04302151075538	0.05297594151633105	0.108934926488797
178.176088044022	0.05335951842043401	0.10902690373939136
178.30915457728864	0.05345421338597465	0.10883870596370751
178.44222111055527	0.05312909595589224	0.1086219078838953
178.5752876438219	0.053160337361137816	0.10838057981253303
178.70835417708855	0.053282988570099075	0.1082567626161905
178.84142071035518	0.0530410754479175	0.10792487442856155
178.9744872436218	0.05306688162242168	0.10817100287611768
179.10755377688844	0.053165434225351596	0.10811162391281028
179.24062031015507	0.053160120002296744	0.10774253561498798
179.3736868434217	0.053240897071400624	0.10772552331979243
179.50675337668835	0.05329322274123375	0.10769331133632369
179.63981990995498	0.05340627698817482	0.10796782396613881
179.7728864432216	0.053698688036416704	0.10779260767328482
179.90595297648824	0.05371410359106853	0.1076664406577238
180.03901950975487	0.05386864540711519	0.10830568449381181
180.1720860430215	0.05400779388559235	0.10818265679149784
180.30515257628815	0.053987428603152844	0.10841226846559358
180.43821910955478	0.05418766068494374	0.10855135588787562
180.5712856428214	0.054325175963894634	0.10846617822633163
180.70435217608804	0.05435075977845349	0.10863047127239553
180.83741870935467	0.054445594785127824	0.10883934770742179
180.9704852426213	0.05442674865195505	0.10869425207842993
181.10355177588795	0.054334471094842636	0.10902332241495626
181.23661830915458	0.05415328296184748	0.10882539659670794
181.3696848424212	0.05432093313133324	0.10870017603753715
181.50275137568784	0.05404614435783324	0.1086773581227813
181.63581790895446	0.05426725129610434	0.10827820967510719
181.7688844422211	0.05458606108874324	0.10809677883482725
181.90195097548775	0.054884144456112643	0.10803922621420245
182.03501750875438	0.054985996925273145	0.10824766699891003
182.168084042021	0.05515789557821824	0.1081945819582073
182.30115057528764	0.05530034077142237	0.10768439192915427
182.43421710855426	0.05531548194363101	0.10708297370311433
182.5672836418209	0.05525575941520788	0.10702125904435357
182.70035017508755	0.0554900686217629	0.10745931415633557
182.83341670835418	0.05544599253287795	0.10788580123411504
182.9664832416208	0.05542016898799818	0.1076408091796283
183.09954977488744	0.05524240664581446	0.1068713054239142
183.23261630815406	0.05519605154594109	0.10645494673923665
183.3656828414207	0.05540863544318247	0.10669780204508324
183.49874937468735	0.055386442019648	0.10721760950535295
183.63181590795398	0.055460628347097946	0.10691602801592186
183.7648824412206	0.05559471055415271	0.10696944524323804
183.89794897448724	0.05512912078796851	0.10740393348542074
184.03101550775386	0.05486357692732145	0.10752490344406322
184.1640820410205	0.05459675050369842	0.10806577260449343
184.29714857428715	0.054944514872555646	0.1082689532782502
184.43021510755378	0.05463617006964888	0.1088986697447242
184.5632816408204	0.05437051214547322	0.10896877928978378
184.69634817408703	0.0544947939904871	0.10870561121987449
184.82941470735366	0.05463450445094021	0.10873369124832738
184.9624812406203	0.054653291652010556	0.10859298327073637
185.09554777388695	0.05478906755492612	0.10820673547453256
185.22861430715358	0.054971897777062004	0.1083674782886681
185.3616808404202	0.054855536336820776	0.10819878129247121
185.49474737368683	0.05472090640110552	0.10805046471260754
185.62781390695346	0.054686007374381417	0.10828228923447955
185.7608804402201	0.05471354583929932	0.10839402262380467
185.89394697348675	0.05488477785539947	0.10802774755487636
186.02701350675338	0.05493777374665139	0.10822410971675825
186.16008004002	0.05493492458112225	0.10852653442371939
186.29314657328663	0.05501468774765697	0.1084705270622026
186.42621310655326	0.05515219629495726	0.10851464253103084
186.5592796398199	0.05474314692122629	0.1085104402024161
186.69234617308655	0.0546176395028954	0.10892226724392134
186.82541270635318	0.05454728360092925	0.10868916094319907
186.9584792396198	0.054538718003014824	0.10818748310896815
187.09154577288643	0.054626582771202	0.10860555168462409
187.22461230615306	0.05465402909312256	0.10844465964756081
187.3576788394197	0.05458062564726908	0.10797735694557856
187.49074537268635	0.05472987482803034	0.10780409871824043
187.62381190595298	0.054306190527948	0.10781716513206147
187.7568784392196	0.053946371575593996	0.10748086499816992
187.88994497248623	0.053645832666074214	0.10739300177671987
188.02301150575286	0.05358610838133323	0.10789379837582903
188.15607803901952	0.05340899170200988	0.10785118541883308
188.28914457228615	0.05355348964867277	0.10814329254184224
188.42221110555278	0.05373625207227295	0.10797129764721346
188.5552776388194	0.05395489604461889	0.1079147942624813
188.68834417208603	0.053919785359493565	0.10798884812339171
188.82141070535266	0.05377820130722364	0.1079912878377802
188.95447723861932	0.053574960243089324	0.10827437228320048
189.08754377188595	0.053676955331943096	0.108659958720407
189.22061030515258	0.053604003413276556	0.10878001363059697
189.3536768384192	0.05355271763853093	0.10901483923346438
189.48674337168583	0.053469822119345055	0.10910248790140735
189.61980990495246	0.053317640589549145	0.10920514599849314
189.75287643821912	0.053143633426390724	0.1095047003382548
189.88594297148575	0.05337310709408195	0.10972301563386952
190.01900950475238	0.053286783765114205	0.10959674218109362
190.152076038019	0.05337880080052006	0.10951870437684708
190.28514257128563	0.05344121293017743	0.10951287112783524
190.41820910455226	0.05330867624515387	0.109469464828118
190.55127563781892	0.05342259562705116	0.10946917099170475
190.68434217108555	0.05333836418510609	0.10980852645929104
190.81740870435218	0.05331296943374464	0.11007208917839711
190.9504752376188	0.053765975651612674	0.11002598941536457
191.08354177088543	0.05397317593513689	0.11019221276137943
191.21660830415206	0.05389103050017052	0.11029116723309806
191.34967483741872	0.05394351209812215	0.11025411881725455
191.48274137068535	0.0538808986076935	0.11038601512766112
191.61580790395197	0.05375496441958897	0.11009866172055136
191.7488744372186	0.0534266280594453	0.1102867966314253
191.88194097048523	0.05348637044365097	0.11015392404084362
192.01500750375186	0.05333707779761473	0.1104705110286293
192.14807403701852	0.05324001507457057	0.11093867616318438
192.28114057028515	0.05302461723775348	0.11103020880254558
192.41420710355177	0.052810002760280604	0.11111977140595868
192.5472736368184	0.05297569452967376	0.11072188642744503
192.68034017008503	0.0528465927390364	0.11076482541885863
192.81340670335166	0.05260200709369286	0.11103757492362587
192.94647323661832	0.05257173921929812	0.11073219405579195
193.07953976988495	0.0523435399195306	0.11085303038766792
193.21260630315157	0.05259373139846036	0.11096866362690687
193.3456728364182	0.05242549089492	0.11070702874204606
193.47873936968483	0.05238131831374341	0.11031731669667381
193.61180590295146	0.05258684258518886	0.10983086517767807
193.74487243621812	0.05268804297861063	0.10979336646505793
193.87793896948475	0.05267948901630366	0.110382974177867
194.01100550275137	0.052922011076838374	0.11008339299322642
194.144072036018	0.05276702164876153	0.11039307264474434
194.27713856928463	0.05239036077262662	0.1106741386293366
194.41020510255126	0.05244621711719821	0.11064332832870288
194.54327163581792	0.05240188265868829	0.1106797695878835
194.67633816908454	0.05258988931175719	0.11060340905826668
194.80940470235117	0.052602695098931604	0.11040995060883817
194.9424712356178	0.052483894281166746	0.10987004493276803
195.07553776888443	0.052490914281623044	0.10981455296031653
195.20860430215106	0.052894188211052864	0.10998489283307547
195.34167083541772	0.05296518321872765	0.11005663563329858
195.47473736868434	0.053100572068724046	0.10989782286061213
195.60780390195097	0.05317733464565388	0.11028063231564628
195.7408704352176	0.053070226394650345	0.11022371224734966
195.87393696848423	0.05288944385069339	0.11023099071044369
196.00700350175086	0.05306609195577026	0.10998820923572791
196.14007003501752	0.053023331700874386	0.10985058509648485
196.27313656828414	0.05284545286113845	0.10977636176476947
196.40620310155077	0.05312297773071778	0.1094026223043087
196.5392696348174	0.05336961633364766	0.1092541461117435
196.67233616808403	0.05336409960948146	0.10897000183410516
196.80540270135066	0.05367010534511428	0.10909182793331693
196.93846923461732	0.05379852192348361	0.10939836338394938
197.07153576788394	0.05371712977794912	0.10946502912377809
197.20460230115057	0.05374798557516293	0.10968153860973792
197.3376688344172	0.053847963237210764	0.11052021299311908
197.47073536768383	0.05372316349498285	0.1101709090401345
197.60380190095046	0.05370308795676859	0.10984573605714233
197.73686843421712	0.05382803527200929	0.10952505638507776
197.86993496748374	0.05398014274688457	0.10957765914535347
198.00300150075037	0.05412398278404727	0.10989779595927682
198.136068034017	0.054227524303138694	0.10947389500656252
198.26913456728363	0.05440491203435515	0.10898977951485653
198.40220110055026	0.054481855015715855	0.10909219486387729
198.53526763381691	0.054644469778252616	0.10885284849080347
198.66833416708354	0.05456859822037077	0.1084842505116848
198.80140070035017	0.054618519516590615	0.10889323644659099
198.9344672336168	0.0543101527255616	0.1092298666386531
199.06753376688343	0.05449696165450625	0.10919346846198548
199.20060030015006	0.054646593520419666	0.10931097887771316
199.33366683341671	0.05439283139198086	0.10960237228295998
199.46673336668334	0.05454411406360593	0.10905734378615296
199.59979989994997	0.054596040834686686	0.10868897800808663
199.7328664332166	0.05485539670183335	0.10879867296847105
199.86593296648323	0.05483184283648224	0.10861409638440062
199.99899949974986	0.05497878882167309	0.10868721418867937
200.1320660330165	0.055085307770683725	0.10909997325141689
200.26513256628314	0.05504354657521996	0.10864060817082336
200.39819909954977	0.05462269803566621	0.1091490288023764
200.5312656328164	0.055010774996107584	0.10963966417183495
200.66433216608303	0.055505253514230773	0.10969519451638444
200.79739869934966	0.05529201333028694	0.10968805442102125
200.9304652326163	0.055467108640253664	0.10968588952812677
201.06353176588294	0.05560884895391566	0.10994839026612221
201.19659829914957	0.05549750734423168	0.11005393489606846
201.3296648324162	0.05518224175613736	0.10997009349861016
201.46273136568283	0.05512230872963949	0.11020714909804949
201.59579789894946	0.05504903072785711	0.1103132352394431
201.7288644322161	0.054921138136305246	0.10993166483460319
201.86193096548274	0.054601987454083976	0.1098816984750339
201.99499749874937	0.0547891202170291	0.1101657220021387
202.128064032016	0.05503676829567183	0.11025897599749783
202.26113056528263	0.05498317504990316	0.11061793478005712
202.39419709854926	0.05519469978656444	0.11108927709088184
202.5272636318159	0.055344375625582996	0.11144038964214045
202.66033016508254	0.055332723327603646	0.11157557407042211
202.79339669834917	0.05516441757352122	0.1115999054155116
202.9264632316158	0.05527354663422586	0.11164653994640346
203.05952976488243	0.055454023924120875	0.11180247147349283
203.19259629814906	0.05576096632737752	0.11196025170122302
203.3256628314157	0.056112392091616864	0.1117716569251064
203.45872936468234	0.055958641307314	0.11116732931093273
203.59179589794897	0.05617659149142186	0.11111079374013455
203.7248624312156	0.056023801240931856	0.11127027451481684
203.85792896448223	0.05617890609700265	0.11137610997826801
203.99099549774886	0.056012136598994657	0.11133630203479125
204.1240620310155	0.055928954432725976	0.11122651527704959
204.25712856428214	0.05577417962992167	0.11065698097730964
204.39019509754877	0.05570222595297362	0.11047984303843744
204.5232616308154	0.05601489186267103	0.11051256464052749
204.65632816408203	0.056078349215413076	0.11060322202965207
204.78939469734868	0.05568683328278767	0.11068961503481722
204.9224612306153	0.05553986847471114	0.11066118634305229
205.05552776388194	0.05521146729518642	0.11035917651060484
205.18859429714857	0.055034917859629585	0.11057904634397057
205.3216608304152	0.05527218700961147	0.11059163335717015
205.45472736368183	0.05554896191997738	0.11108293494680997
205.58779389694848	0.055497293181852266	0.11093539823109044
205.7208604302151	0.05537648512532265	0.11068298850823524
205.85392696348174	0.05539471566068062	0.11059878652283946
205.98699349674837	0.05527190839806666	0.11011124504579556
206.120060030015	0.05482407079118108	0.11022332685184962
206.25312656328163	0.05456316789440039	0.11012824943468025
206.38619309654828	0.05459849297311328	0.11075878058716578
206.5192596298149	0.054787999263259425	0.11090364995758947
206.65232616308154	0.05450205985333178	0.1111246419418323
206.78539269634817	0.05464070915976814	0.1110035260784506
206.9184592296148	0.05456415917912155	0.11097574179165332
207.05152576288143	0.05441916255903682	0.11038750829872396
207.18459229614808	0.05444195315693951	0.11030683833503342
207.3176588294147	0.054397953717078375	0.1101248268444534
207.45072536268134	0.05446585079637951	0.11014617162742917
207.58379189594797	0.054501861446866265	0.11029881834611609
207.7168584292146	0.05457158739084203	0.11052500156564217
207.84992496248123	0.05470249879737337	0.11025912471761638
207.98299149574788	0.05497363673548474	0.11032456296547329
208.1160580290145	0.055049999045070144	0.11033145862227994
208.24912456228114	0.0552484655884727	0.11014295198353105
208.38219109554777	0.055793716870289264	0.10961683499434809
208.5152576288144	0.05594686397000367	0.10967657547348553
208.64832416208102	0.056040896487726644	0.11000194691459098
208.78139069534768	0.056261022058055075	0.10963083472004824
208.9144572286143	0.056732167207024516	0.10932875301822932
209.04752376188094	0.05665031045317418	0.10917732829562495
209.18059029514757	0.05635713848923039	0.1088869998767896
209.3136568284142	0.05659850958561189	0.10881685081743318
209.44672336168082	0.05628538474920652	0.10914943361585161
209.57978989494748	0.05608451140529597	0.10942642113212708
209.7128564282141	0.056020757711876604	0.10917890496778332
209.84592296148074	0.0560295241547651	0.10934646631330133
209.97898949474737	0.05579999225457868	0.10964367604257587
210.112056028014	0.055516455505355604	0.10939338013259672
210.24512256128062	0.05564498019246154	0.10941755229160566
210.37818909454728	0.05584334035265141	0.10952327509878375
210.5112556278139	0.05568829685918983	0.10952645169224423
210.64432216108054	0.05586801681125336	0.10970646289467975
210.77738869434717	0.05580573586558415	0.10974003098803696
210.9104552276138	0.055744333770545273	0.10933237682891886
211.04352176088042	0.05573056906545856	0.10951890404741589
211.17658829414708	0.0557018951080886	0.10928354501974556
211.3096548274137	0.055558451626904516	0.1091679494882719
211.44272136068034	0.05562761578480906	0.10885718990003776
211.57578789394697	0.055522145083434976	0.10852180620208184
211.7088544272136	0.05537345463122129	0.10829034193964802
211.84192096048022	0.05522883941239532	0.10882798486949175
211.97498749374688	0.05504076260747021	0.10916648827526507
212.1080540270135	0.05483989880344287	0.10969088830180423
212.24112056028014	0.055016162915193643	0.10971579405462858
212.37418709354677	0.055094182916330704	0.10962104209631937
212.5072536268134	0.05500918268269629	0.10933595401191333
212.64032016008002	0.05482423844566455	0.10922413973644608
212.77338669334668	0.0551053413706881	0.10935166466898115
212.9064532266133	0.05484725472160781	0.10972745282621699
213.03951975987994	0.05474447102232343	0.10964734080270795
213.17258629314657	0.05487267627760992	0.10945478655316665
213.3056528264132	0.05487899585211779	0.10963050532466675
213.43871935967982	0.054992822391354376	0.11002268153871966
213.57178589294648	0.05521113858677047	0.11032511450111171
213.7048524262131	0.055053828470947364	0.11029810909115147
213.83791895947974	0.055043357594068164	0.11044141665000497
213.97098549274637	0.055241072063566446	0.11052907161747785
214.104052026013	0.055008817394962356	0.11063075223287692
214.23711855927962	0.05483918356903978	0.11050459374833134
214.37018509254628	0.054671341041889414	0.11046823984307312
214.5032516258129	0.054556775944163555	0.1105272576413753
214.63631815907954	0.0543486557477184	0.11079053079265411
214.76938469234616	0.05419813393505028	0.11074031034886986
214.9024512256128	0.054097931697236305	0.11142123578437654
215.03551775887942	0.05426696203504739	0.11192963173986305
215.16858429214608	0.054194342932596964	0.11176109645425257
215.3016508254127	0.05421248006073142	0.11145539484507871
215.43471735867934	0.0541866083409914	0.11144541371424839
215.56778389194596	0.05440171338645345	0.11142054760665024
215.7008504252126	0.054707299477496446	0.11155126203341792
215.83391695847922	0.055055400566541485	0.11145164923784952
215.96698349174588	0.054969811071054114	0.11143310413155297
216.1000500250125	0.05484078153683039	0.11129338007001803
216.23311655827914	0.05487516175175862	0.11104038271001115
216.36618309154576	0.05488824750720034	0.11055305672764759
216.4992496248124	0.05487387702681426	0.11055526799485695
216.63231615807902	0.05495441354743759	0.11065235006013019
216.76538269134568	0.05478021342809388	0.11089758871257395
216.8984492246123	0.0545648822478317	0.11118356185742836
217.03151575787894	0.054573972654493944	0.11094351637344223
217.16458229114556	0.05452182811506514	0.11075104011021107
217.2976488244122	0.05471999499977991	0.11115855955262498
217.43071535767882	0.05493402289274941	0.11116837856288513
217.56378189094548	0.05497769411274835	0.11025862588988614
217.6968484242121	0.05514552143769894	0.11000064244653304
217.82991495747874	0.05518067730167071	0.11021023168473236
217.96298149074536	0.05508744117607475	0.11041131403981509
218.096048024012	0.054711144611528637	0.11023941160665046
218.22911455727862	0.05467896506914352	0.11021666674419317
218.36218109054528	0.054730284550460744	0.10996168273944448
218.4952476238119	0.05428428227253515	0.1093656697997135
218.62831415707853	0.054226583411500086	0.10974096425905984
218.76138069034516	0.05440807257313483	0.10971738644225963
218.8944472236118	0.05438951999133568	0.10964983660866873
219.02751375687842	0.05457099240785864	0.10934050407631139
219.16058029014508	0.054800929095706094	0.10877431141435943
219.2936468234117	0.05504020712887918	0.10901466580778764
219.42671335667833	0.05514328996029275	0.10901083025452206
219.55977988994496	0.05456007005521942	0.10933175740661537
219.6928464232116	0.05479575136958714	0.10834154401480496
219.82591295647822	0.05505892258053191	0.10829707237051815
219.95897948974488	0.05504816515518889	0.10822769180678733
220.0920460230115	0.0552382947888038	0.10796057046143173
220.22511255627813	0.055414608193656525	0.10765932552500435
220.35817908954476	0.05533145256750253	0.10802390031826475
220.4912456228114	0.055435780859375214	0.10825410142737305
220.62431215607802	0.055471907353266105	0.10801682125440978
220.75737868934468	0.055319436368112096	0.10761551020298779
220.8904452226113	0.05497629044629999	0.10734446686413147
221.02351175587793	0.05552009387980249	0.10741008945244017
221.15657828914456	0.05562485358056853	0.10753020482881895
221.2896448224112	0.05532911156402349	0.10729864034561923
221.42271135567785	0.05555716894088458	0.10771164993128696
221.55577788894448	0.05556614181683236	0.10770247538208867
221.6888444222111	0.055736165641926384	0.10760504365959653
221.82191095547773	0.05556716049681587	0.10771327520181427
221.95497748874436	0.05543433009172345	0.10752006032786145
222.088044022011	0.05523341463475787	0.10745788300293857
222.22111055527765	0.05503943940117387	0.10746829253233607
222.35417708854428	0.054922478161522556	0.10740135442735368
222.4872436218109	0.05485407543126924	0.10722676894354047
222.62031015507753	0.05499120030590721	0.10733433208919443
222.75337668834416	0.05510403790209466	0.1072187939579831
222.8864432216108	0.055300583564387336	0.10645707179958702
223.01950975487745	0.055382071234603716	0.10604549831395117
223.15257628814408	0.05550409828744909	0.10649036884790092
223.2856428214107	0.05561647706756289	0.10676305176157667
223.41870935467733	0.05573063307904815	0.10631166817128451
223.55177588794396	0.055570338732076334	0.10601598816913312
223.6848424212106	0.05562982277487659	0.10652207082616746
223.81790895447725	0.05602946642532608	0.10696486725625269
223.95097548774388	0.05612793861103203	0.10710737280547995
224.0840420210105	0.05598136942637495	0.10724274347121403
224.21710855427713	0.05644092148771681	0.10686841752378587
224.35017508754376	0.05618476777263536	0.10686634269891881
224.4832416208104	0.055821392862814	0.10685483470648861
224.61630815407705	0.055691170428405955	0.10662627593313737
224.74937468734367	0.05565787535253419	0.10686688373110953
224.8824412206103	0.05569190367704709	0.10718763812977564
225.01550775387693	0.05579315544705981	0.10708408064390686
225.14857428714356	0.05587676901487154	0.10709670318794837
225.2816408204102	0.05562000060445369	0.10709301396481834
225.41470735367685	0.05565643983972283	0.10676153567442367
225.54777388694347	0.055760916281486134	0.10635070989322133
225.6808404202101	0.05576934479325263	0.10647655727821866
225.81390695347673	0.05554466214786221	0.10640555384671158
225.94697348674336	0.05555733190666469	0.10678355371652494
226.08004002001	0.05534654351049746	0.10658360286134778
226.21310655327665	0.05544653880200596	0.10595201533127158
226.34617308654327	0.05560628988134762	0.1058475100978257
226.4792396198099	0.05565608048628964	0.105950400204125
226.61230615307653	0.05586464930123215	0.10572870613862966
226.74537268634316	0.05554884693169898	0.10582181353309791
226.8784392196098	0.055481068339955766	0.10559017092945794
227.01150575287645	0.055383001074402964	0.10541662978729739
227.14457228614307	0.05540634327272738	0.1058298795142381
227.2776388194097	0.05544507223563519	0.10578140613273075
227.41070535267633	0.05560125426204707	0.10573231047032094
227.54377188594296	0.05552291680711007	0.10547540731209917
227.6768384192096	0.055228532787389824	0.1054533793775215
227.80990495247624	0.05537990550513473	0.10529182094683792
227.94297148574287	0.05555946308788579	0.10529854162501769
228.0760380190095	0.05591040338466384	0.10544019376492345
228.20910455227613	0.05622152083464181	0.10563224676814857
228.34217108554276	0.056189250179743154	0.10535883741073782
228.4752376188094	0.05639736466116154	0.10522825514686215
228.60830415207604	0.0567909913357402	0.10525031740326245
228.74137068534267	0.056680145098885	0.10547395665757907
228.8744372186093	0.05660706964485616	0.10554056004850285
229.00750375187593	0.05635533700236896	0.1059892746693481
229.14057028514256	0.05620362514276997	0.10562799405227064
229.2736368184092	0.05589863224620346	0.10566035062637089
229.40670335167584	0.056248573679504525	0.10552262919084013
229.53976988494247	0.05606020621264592	0.10573622168698668
229.6728364182091	0.05589246352270856	0.10595681326416591
229.80590295147573	0.05581881596156299	0.10612478135721128
229.93896948474236	0.0561282644656563	0.10614227227866556
230.072036018009	0.05620840590615748	0.1063744331502693
230.20510255127564	0.056090454087322765	0.10641069448748391
230.33816908454227	0.05638535243525167	0.10627238861637804
230.4712356178089	0.05660590041446396	0.105796952123431
230.60430215107553	0.056658762946770094	0.10573717826415877
230.73736868434216	0.0571329017523687	0.10535999044897612
230.8704352176088	0.05699664424925565	0.1055965513587768
231.00350175087544	0.057019181571675764	0.10578100506453
231.13656828414207	0.05734280439658948	0.1057567569379801
231.2696348174087	0.057551436684953036	0.10584779308140836
231.40270135067533	0.05733107040667155	0.10593782230324696
231.53576788394196	0.05749374007868094	0.10543918566907268
231.6688344172086	0.05751015412662065	0.10470512160980983
231.80190095047524	0.05748027818749803	0.10469143304619659
231.93496748374187	0.05766951708521097	0.10513594400433338
232.0680340170085	0.05756144921851366	0.10531579035919426
232.20110055027513	0.057742096108283125	0.10521541999317569
232.33416708354176	0.05741233999331204	0.10501971138873949
232.4672336168084	0.05722688529665543	0.10568175438783078
232.60030015007504	0.057009404253227786	0.10612037232505783
232.73336668334167	0.05699216237619684	0.10587790334788473
232.8664332166083	0.05718447932296038	0.10606239871752897
232.99949974987493	0.05727295526962134	0.1058837747150942
233.13256628314156	0.05695870576708468	0.10631434136795113
233.26563281640819	0.05681520298918517	0.1062968822902202
233.39869934967484	0.05675644064648558	0.10645124144224238
233.53176588294147	0.05662815644635325	0.1063777408889383
233.6648324162081	0.056510901423146055	0.10630281913690963
233.79789894947473	0.056397317666741956	0.10652763950653406
233.93096548274136	0.05606684496570513	0.10692275772920129
234.06403201600799	0.05592351410903179	0.10666749119207786
234.19709854927464	0.05569017778481987	0.1064843756272433
234.33016508254127	0.05575745597379871	0.10650317753469904
234.4632316158079	0.0554454232251546	0.10606544023080765
234.59629814907453	0.055430948494802144	0.10664331916994604
234.72936468234116	0.055410033608166674	0.10682444805420775
234.86243121560778	0.0555122094242582	0.10714894260744542
234.99549774887444	0.05524302335475754	0.10678248216866264
235.12856428214107	0.05519541615941295	0.10667255764374016
235.2616308154077	0.05507751206980705	0.10681426393166192
235.39469734867433	0.05498255498461905	0.10675536511862574
235.52776388194096	0.0548566850503459	0.10662379140099787
235.66083041520758	0.05473391255713309	0.10703137130040234
235.79389694847424	0.05474807454046856	0.10703197226574833
235.92696348174087	0.05470212404743095	0.10704260324021565
236.0600300150075	0.054548305830026955	0.10702648292003841
236.19309654827413	0.054828661471635495	0.10728089094428302
236.32616308154076	0.055247759236476006	0.10706611505589976
236.45922961480738	0.05510116338457091	0.10704697709415259
236.59229614807404	0.05518111882992866	0.10684985088752014
236.72536268134067	0.05550718679832449	0.10673962165092941
236.8584292146073	0.05549178667438424	0.1069860708082439
236.99149574787393	0.05542889013525104	0.10694638718987957
237.12456228114056	0.05520239296705446	0.10732939997123306
237.25762881440718	0.054981279185954544	0.10789641954398678
237.39069534767384	0.05500873090485211	0.10801632482852214
237.52376188094047	0.05499217954744135	0.10829975133842873
237.6568284142071	0.05477432820327319	0.10774555649801026
237.78989494747373	0.05500758779960915	0.10789988040842909
237.92296148074036	0.05510104266242104	0.10786826693681564
238.05602801400698	0.05486786975369364	0.10763066638178
238.18909454727364	0.055022137922632636	0.10774890371542632
238.32216108054027	0.05499047897423312	0.10816768755756577
238.4552276138069	0.05479526813981095	0.1074978434969106
238.58829414707353	0.05457404327068497	0.10747387584832896
238.72136068034015	0.054386458200076176	0.10736939686289632
238.8544272136068	0.05433120278975283	0.10737780224481884
238.98749374687344	0.05436033065765543	0.10760629088033757
239.12056028014007	0.0545911311179325	0.10761584358000328
239.2536268134067	0.054803110095690964	0.10774091753298616
239.38669334667333	0.05493138166300429	0.10775535158493608
239.51975987993995	0.055124760971136465	0.10778146283611201
239.6528264132066	0.0550175795795118	0.10798307491854502
239.78589294647324	0.05509961669281865	0.1080603951069725
239.91895947973987	0.05463735301648789	0.10843881440792437
240.0520260130065	0.05452073117707595	0.10845088562993062
240.18509254627313	0.0545766967116274	0.10871669596867088
240.31815907953975	0.054490739082775914	0.10867472715807036
240.4512256128064	0.05443810231168031	0.10937844406956997
240.58429214607304	0.054175916710346564	0.10941296643193797
240.71735867933967	0.0544903323053947	0.10897352766740058
240.8504252126063	0.05464021451082584	0.10928260947958274
240.98349174587293	0.054210954398811836	0.10909451899379495
241.11655827913955	0.05406245465020668	0.10879527390117004
241.2496248124062	0.054119269372736145	0.10865929836083794
241.38269134567284	0.05427372324578162	0.10923940143704841
241.51575787893947	0.05438102261014538	0.10965457901508112
241.6488244122061	0.05456943094035974	0.10948827625698855
241.78189094547272	0.054453211334701386	0.10968200118551633
241.91495747873935	0.05443439762149034	0.11007309522764583
242.048024012006	0.054487204367627384	0.1098815221014667
242.18109054527264	0.054469844258890114	0.11016114778780124
242.31415707853927	0.05476107904250693	0.11025340223596361
242.4472236118059	0.054635051310914264	0.11028412866369716
242.58029014507252	0.054588990002556695	0.11012521417831574
242.71335667833915	0.05469648209331757	0.110195681213256
242.8464232116058	0.05480623077799852	0.10993443344572484
242.97948974487244	0.054958144110204325	0.10999288006577815
243.11255627813907	0.05504697944040048	0.1098246140520493
243.2456228114057	0.054866014838440454	0.11009619083704228
243.37868934467232	0.05503729052819104	0.10947024683055687
243.51175587793895	0.055231908856337074	0.10998231832465148
243.6448224112056	0.0552376717111183	0.10970700353378156
243.77788894447224	0.055279886810041	0.10977007201648302
243.91095547773887	0.05534917054142155	0.10986106844322405
244.0440220110055	0.05569313077210413	0.10966643792943535
244.17708854427212	0.055522437818656366	0.10930448301312286
244.31015507753875	0.055526696955127706	0.10950442680429398
244.4432216108054	0.05587879075798618	0.10902395379011742
244.57628814407204	0.05601209140320588	0.10844374688763705
244.70935467733867	0.056012701436420766	0.10784491603972833
244.8424212106053	0.05605129787810727	0.10777759365684225
244.97548774387192	0.0561237805892537	0.10762441215023236
245.10855427713855	0.05604506109617389	0.1077721884845794
245.2416208104052	0.05595024226130076	0.10806770754599129
245.37468734367184	0.0559112409678648	0.1082056177273066
245.50775387693847	0.05577116791224256	0.1084720444309154
245.6408204102051	0.055892499996021715	0.10890763191882202
245.77388694347172	0.05596094733863853	0.10884007537536493
245.90695347673835	0.05616968048536072	0.10844527785804077
246.040020010005	0.056385363929593875	0.10825041913550829
246.17308654327164	0.05638014894823695	0.1084891996082534
246.30615307653827	0.056678721141844975	0.10811673555160828
246.4392196098049	0.056773163995162586	0.10839404340111045
246.57228614307152	0.056638509536702124	0.10858113682585213
246.70535267633815	0.056672827033413524	0.10929418681935195
246.8384192096048	0.05669978810832134	0.10926199273288316
246.97148574287144	0.0566468584946097	0.10942894676788767
247.10455227613807	0.05645329770192125	0.10934487040273183
247.2376188094047	0.05667271521585287	0.10961093296098019
247.37068534267132	0.056490684050887606	0.10975465371830327
247.50375187593795	0.0564788679961546	0.10942114936363274
247.6368184092046	0.05635730225017719	0.10901813928065716
247.76988494247124	0.056219956414859294	0.10869649130035662
247.90295147573786	0.056111184311158954	0.10866733509499736
248.0360180090045	0.055973899602343474	0.10896055181524197
248.16908454227112	0.05595083908021399	0.10890702509755425
248.30215107553775	0.05593088041811301	0.10914790190206715
248.4352176088044	0.05631308994018446	0.1098605016309592
248.56828414207104	0.05617466327903757	0.10959476544470892
248.70135067533766	0.05629395327161497	0.1094894435834843
248.8344172086043	0.05624214088301636	0.10961021890717215
248.96748374187092	0.05628066720230983	0.10903275209577247
249.10055027513755	0.056744139053659604	0.10927482686074713
249.2336168084042	0.056817782656825765	0.10948157215108359
249.36668334167084	0.05664916379257873	0.10937182618116764
249.49974987493746	0.056343058609063794	0.10943125461660777
249.6328164082041	0.05610735675539399	0.10943496259281656
249.76588294147072	0.056177154139254684	0.10956845452238408
249.89894947473735	0.05627608910258813	0.1099594440778104
250.032016008004	0.05579495944925024	0.1097063870856565
250.16508254127064	0.056272065189097276	0.10928102251961294
250.29814907453726	0.0564107770354689	0.10905248121318319
250.4312156078039	0.056480108418021646	0.10946748548793582
250.56428214107052	0.056349488664670676	0.10987665494548131
250.69734867433715	0.05640791130813144	0.10955244847311695
250.8304152076038	0.05639357149985721	0.10912276025335234
250.96348174087044	0.05625261937504756	0.10894157983632043
251.09654827413706	0.05587105076463518	0.10911178658048334
251.2296148074037	0.055893423660610383	0.10869260221102571
251.36268134067032	0.05599328090392464	0.10878010682539833
251.49574787393695	0.05588273793573202	0.10829643330325237
251.6288144072036	0.05592540575426024	0.10853117397822339
251.76188094047023	0.055836995619520435	0.10867621275217075
251.89494747373686	0.05595953482859076	0.10875771265875106
252.0280140070035	0.0561531512393088	0.10834942796851302
252.16108054027012	0.056488080501486224	0.10818893047753547
252.29414707353675	0.056529800253313764	0.10852138859084214
252.4272136068034	0.0563328392236817	0.10910088087027407
252.56028014007003	0.056102037617362946	0.10940341233667328
252.69334667333666	0.05562169431793104	0.1095246404436489
252.8264132066033	0.055789371490985694	0.10936054266702641
252.95947973986992	0.05565295702298773	0.10907033123031426
253.09254627313655	0.05595317562716133	0.10885210648442543
253.2256128064032	0.05544466465423078	0.10849451480466156
253.35867933966983	0.05576566469192441	0.10834093302399872
253.49174587293646	0.05538435234380957	0.10788471282788262
253.6248124062031	0.055437727652489534	0.1076192980352005
253.75787893946972	0.055202098512398434	0.10770862623634038
253.89094547273635	0.05527245057980449	0.10749828087182745
254.024012006003	0.05539759980811595	0.107333413194162
254.15707853926963	0.0552151663857809	0.10742841996745775
254.29014507253626	0.055355186061666665	0.10776781736581557
254.4232116058029	0.05503505703525015	0.10759234535519802
254.55627813906952	0.05567126224000409	0.10716924722840977
254.68934467233615	0.056055975166745	0.10691825627389535
254.8224112056028	0.05583437960736301	0.10672064274465776
254.95547773886943	0.05533725483779203	0.1064372503345703
255.08854427213606	0.05538599557734115	0.10621846265065868
255.2216108054027	0.055461368958289264	0.10649052514276204
255.35467733866932	0.05541197865352543	0.10616336691005149
255.48774387193595	0.055530176377335594	0.10629074612214928
255.6208104052026	0.05532246775456618	0.10616738110928671
255.75387693846923	0.05577665200488515	0.10683019172776476
255.88694347173586	0.05585988049895763	0.10667314387396507
256.0200100050025	0.05591802929252023	0.10681328063908724
256.15307653826915	0.056119788257663325	0.10694949657101752
256.2861430715358	0.05602558475496431	0.10716592784391268
256.4192096048024	0.05566381502077765	0.10743440284274208
256.55227613806903	0.05578595236021499	0.10755118844754667
256.68534267133566	0.05581560474376032	0.10755337855531279
256.8184092046023	0.05581074740848016	0.1075309763255959
256.9514757378689	0.05596474561398317	0.10756990563599925
257.08454227113555	0.05595274378310744	0.10774871184465742
257.2176088044022	0.05568964670695998	0.10779127824486143
257.3506753376688	0.05548776179061401	0.10799495247787946
257.4837418709355	0.05524842106215876	0.10784242560643995
257.6168084042021	0.05499401698680708	0.10800974370707749
257.74987493746875	0.05517081128246308	0.10819150822249883
257.8829414707354	0.05495684934931881	0.1083607386599438
258.016008004002	0.054884569168639305	0.10886854901674309
258.14907453726863	0.05481924904434508	0.10897800863674649
258.28214107053526	0.0547538185611209	0.10876106696780699
258.4152076038019	0.05466179034935942	0.10940772724969493
258.5482741370685	0.05481113857491611	0.10902182132772016
258.68134067033515	0.05497127202549195	0.10930935553939658
258.8144072036018	0.05498981773568959	0.10975895060036645
258.9474737368684	0.05527753496476558	0.10994264364330054
259.0805402701351	0.055282873873606704	0.10998732953151007
259.2136068034017	0.05530566550935696	0.11009610183387378
259.34667333666835	0.055256901602004124	0.11020931232242023
259.479739869935	0.0554812052359791	0.11025090968961163
259.6128064032016	0.055305909286611096	0.11047328691459998
259.74587293646823	0.05549807655365069	0.11051645795283202
259.87893946973486	0.05561447219039575	0.11088704643046471
260.0120060030015	0.05559240089688676	0.11110004144240035
260.1450725362681	0.05565652564167859	0.11068430543118725
260.27813906953475	0.055809191100870334	0.11049940949031084
260.4112056028014	0.05605346562169449	0.1104556243396822
260.544272136068	0.05608373000242616	0.11038718330028237
260.6773386693347	0.05581655088967011	0.11041262240428386
260.8104052026013	0.05579500898421295	0.11018881535680361
260.94347173586794	0.05550631177862868	0.11027988462453797
261.0765382691346	0.0555704626506288	0.11002915458688306
261.2096048024012	0.05539602100741975	0.11060490986959709
261.34267133566783	0.055328225761857586	0.11032529250605361
261.47573786893446	0.05521625028588594	0.1102397904271906
261.6088044022011	0.05528210720611517	0.10953079475313889
261.7418709354677	0.05525886603865113	0.10952449887642321
261.87493746873434	0.05537256987598625	0.10940890745326806
262.008004002001	0.0551070814900832	0.109899256690329
262.1410705352676	0.05517180103575475	0.10942048905830755
262.2741370685343	0.055060328631607855	0.10938493560500945
262.4072036018009	0.055237660072763206	0.10998211892668767
262.54027013506754	0.055020347392120396	0.11021001629525047
262.6733366683342	0.054861760360038224	0.11033777102591917
262.8064032016008	0.05499121987325658	0.11087270699524132
262.93946973486743	0.055280191871350574	0.11054874767588867
263.07253626813406	0.055305594274352665	0.11029663042159908
263.2056028014007	0.0552803583995037	0.11084669819479173
263.3386693346673	0.055461780932854136	0.11107590300657387
263.47173586793394	0.05503900714451213	0.11072240475239413
263.6048024012006	0.05545687434501943	0.11071816398161365
263.7378689344672	0.0552860411374661	0.1108317248777264
263.8709354677339	0.05495102854716977	0.11052229424393095
264.0040020010005	0.05499455905611723	0.11041145401588277
264.13706853426714	0.05488397952498384	0.11014388997183348
264.2701350675338	0.05488485309094019	0.1103434568830811
264.4032016008004	0.05466179671875519	0.1100563950162993
264.53626813406703	0.05494977661390507	0.11005626475315748
264.66933466733366	0.054642156192314786	0.10976763552524488
264.8024012006003	0.05437496241114004	0.11011953261909271
264.9354677338669	0.05424223040386612	0.11045376392424762
265.06853426713354	0.05408604769158917	0.11023412130175192
265.2016008004002	0.05435170124490227	0.10987821271859538
265.3346673336668	0.05432994054439839	0.11014343073413463
265.4677338669335	0.054528817107024743	0.11014405457122128
265.6008004002001	0.05477261606367921	0.11012196580527579
265.73386693346674	0.05492805331462669	0.10994478258484215
265.86693346673337	0.05477302821303795	0.10981184704697032
266.0	0.055083056478405314	0.10930232558139535
