0.0	0.0	0.0
0.1330665332666333	3.2320628367018115e-08	1.5699149227664617e-08
0.2661330665332666	8.868591701258805e-05	0.00011095635094420906
0.39919959979989994	0.00024407866087632887	0.00037688510774506724
0.5322661330665333	0.0006876275847119723	0.0006431329532182445
0.6653326663331666	0.0011972797469649425	0.0011304702025050498
0.7983991995997999	0.0016846319354796213	0.0014188988798072317
0.9314657328664332	0.002127925344815654	0.0020841620668261714
1.0645322661330665	0.0026376129527448744	0.0026158783958441663
1.1975987993997	0.0031029829966265216	0.003303072019109704
1.3306653326663331	0.0036800088049463017	0.003833821486224758
1.4637318659329663	0.004366533043340281	0.004255129319312155
1.5967983991995998	0.004920819795896823	0.0048773253741797576
1.7298649324662332	0.005674810398506908	0.005696855256994269
1.8629314657328664	0.0063389185674243755	0.006294113894527291
1.9959979989994996	0.007004054563523185	0.0069152680297860265
2.129064532266133	0.007668111457917782	0.00753449706753223
2.2621310655327664	0.00817656391515387	0.008000413650884462
2.3951975987994	0.008574449509770208	0.008733776257199377
2.528264132066033	0.0088618981195631	0.009531128635882688
2.6613306653326663	0.009150518751165519	0.010193159540863203
2.7943971985992997	0.009482689014031608	0.01056883974644649
2.9274637318659327	0.009839700201652826	0.011058224688810033
3.060530265132566	0.010437069118254613	0.011703132179608817
3.1935967983991995	0.010792528144664706	0.012569092560048178
3.326663331665833	0.011457373653521761	0.013408570385812961
3.4597298649324664	0.011741163225861256	0.014051449802526067
3.5927963981990994	0.011986170243459882	0.014964722488889599
3.7258629314657328	0.012366100388169184	0.016025733683432387
3.858929464732366	0.012941825048042645	0.016754872925915446
3.991995997998999	0.013293315585752113	0.017622304526416773
4.125062531265633	0.013581459639945512	0.018597443197788582
4.258129064532266	0.013846200531183173	0.019503970740138835
4.391195597798899	0.014069297049338507	0.020277927173680505
4.524262131065533	0.014493440726443428	0.020962616623635685
4.657328664332166	0.014956812707734078	0.021586090497933762
4.7903951975988	0.015312482903757588	0.02249685081229635
4.923461730865433	0.015845792807530436	0.023197888313335198
5.056528264132066	0.01626291919924806	0.02371592288669456
5.1895947973986996	0.016527881317026805	0.024798665998420184
5.3226613306653325	0.01683983992314958	0.025075491114053414
5.4557278639319655	0.017170159426164004	0.025530378841206645
5.588794397198599	0.017416293918895088	0.026347584827865155
5.721860930465232	0.017906637872510383	0.02685918977781418
5.854927463731865	0.018300984051187102	0.027769557689655965
5.987993996998499	0.018567575964773826	0.028268353568909627
6.121060530265132	0.01894515808070282	0.02862807593671297
6.254127063531766	0.019230141280133995	0.02929474669372697
6.387193596798399	0.01945244225105081	0.029825266052398006
6.520260130065032	0.019764930376531816	0.0305177681564479
6.653326663331666	0.02011932105376441	0.03126613051396013
6.786393196598299	0.020403787819069184	0.03182435655040879
6.919459729864933	0.02060607225139332	0.0328058194664258
7.052526263131566	0.020934576581113955	0.033662575026183805
7.185592796398199	0.02095436327394788	0.03430199391676669
7.318659329664833	0.021157809953202524	0.03501992711141772
7.4517258629314655	0.021405808075959685	0.03601451917981239
7.5847923961980985	0.02177632556937844	0.03643435144784654
7.717858929464732	0.021823031697984076	0.03647054289043539
7.850925462731365	0.022222417738629898	0.03731807010842617
7.983991995997998	0.022284367358419543	0.03773444667093878
8.117058529264632	0.022581895632564034	0.038543776086025605
8.250125062531266	0.022953053825454466	0.039332814440984014
8.383191595797898	0.023180484820984105	0.03986230200895415
8.516258129064532	0.023686226916804217	0.04050984828231586
8.649324662331166	0.02379398767625073	0.041340271486219014
8.782391195597798	0.02415184469222619	0.04237326934591267
8.915457728864432	0.024348441680073246	0.042873039508864945
9.048524262131066	0.02456531550709531	0.04352659614159064
9.181590795397698	0.024590545836532095	0.044295298629096425
9.314657328664332	0.024953361648755692	0.04475716927161947
9.447723861930966	0.025280493364557233	0.045359633537061315
9.5807903951976	0.025524944280647673	0.04598300973985042
9.713856928464232	0.025761986326196116	0.04673767114337857
9.846923461730865	0.025810000945755356	0.047423094710735345
9.9799899949975	0.02612155594515944	0.04813252089662516
10.113056528264131	0.026179141553623053	0.04894337690368379
10.246123061530765	0.02622864130594484	0.05001980036513965
10.379189594797399	0.026407641623061938	0.05061595719128307
10.512256128064031	0.026562773557949625	0.0515506000657353
10.645322661330665	0.026763343387021153	0.05233120424020357
10.778389194597299	0.026963305016840702	0.05343858620393007
10.911455727863931	0.027259382903941337	0.05403313563010731
11.044522261130565	0.02765007100741829	0.054326121425167066
11.177588794397199	0.027736431538495605	0.05495677421337443
11.31065532766383	0.027980635630631037	0.055596376234909796
11.443721860930465	0.02801780309148757	0.05616814992335286
11.576788394197099	0.028065866998127048	0.056706538708430995
11.70985492746373	0.02815272709675391	0.05748788830317723
11.842921460730365	0.02809893746283204	0.05816337397110726
11.975987993996998	0.027951387869512085	0.05857617807247663
12.109054527263632	0.028039331204144695	0.05895714185907793
12.242121060530264	0.028002950743243393	0.05942060758381088
12.375187593796898	0.028315663904629345	0.05977408015927864
12.508254127063532	0.028375602652559825	0.060272621655963636
12.641320660330164	0.028534880336796246	0.061014524697713804
12.774387193596798	0.028691937528599668	0.06169919615025853
12.907453726863432	0.02883491576426135	0.06188067747518235
13.040520260130064	0.028628193867114116	0.06263087342599485
13.173586793396698	0.028651200951404873	0.06328231804595107
13.306653326663332	0.029029648525713585	0.06369031254230671
13.439719859929964	0.029173128078461282	0.06406579820321731
13.572786393196598	0.029290070554702084	0.06500772296279449
13.705852926463232	0.029484374443791206	0.0655695866834464
13.838919459729865	0.029505122794831945	0.06573926359528702
13.971985992996498	0.02964093182115596	0.06645214069212632
14.105052526263131	0.029702868228732835	0.06677479808899514
14.238119059529765	0.029800642697482574	0.0673445809406207
14.371185592796397	0.030041828878859794	0.06811182710054459
14.504252126063031	0.030102851505943305	0.06879793172587786
14.637318659329665	0.030192445012827824	0.06865428112527476
14.770385192596297	0.030338366568172532	0.06940128909803805
14.903451725862931	0.03073781387808479	0.06983250304735325
15.036518259129565	0.03085020986293452	0.07100847799783519
15.169584792396197	0.030839905254764436	0.07188463408808074
15.302651325662831	0.03115837497406641	0.07236284386303651
15.435717858929465	0.03132025703756324	0.07279958994561979
15.568784392196097	0.03134563822426121	0.07316601329235978
15.70185092546273	0.031555039944802056	0.07399038726623797
15.834917458729365	0.03176694229302208	0.07503231388172624
15.967983991995997	0.031836739779782394	0.07576958190484442
16.101050525262632	0.032137349687166555	0.07594127993649566
16.234117058529264	0.03246226837847368	0.07636826084073724
16.367183591795897	0.03258138558475826	0.07644228790569715
16.500250125062532	0.032530964118547515	0.0763234304950378
16.633316658329164	0.03254741516783157	0.07699509103041148
16.766383191595796	0.03281409188509507	0.07723500845480026
16.899449724862432	0.03284124784175413	0.07775834506137852
17.032516258129064	0.03278104000918627	0.07779344660770464
17.165582791395696	0.03298044608984187	0.07816937673663558
17.298649324662332	0.03332024823565155	0.07869071417812883
17.431715857928964	0.033315939814027605	0.07937415773678344
17.564782391195596	0.033497323594544326	0.07974744820130263
17.69784892446223	0.03353425910044427	0.07990417352118008
17.830915457728864	0.033606184686184724	0.08019442204558275
17.963981990995496	0.03366232809102146	0.08030864031289486
18.09704852426213	0.03360324371819263	0.08035085256206881
18.230115057528764	0.03376199934977294	0.08091103288254292
18.363181590795396	0.03380239327408542	0.08151434022207266
18.49624812406203	0.033864444236575926	0.0819217271396133
18.629314657328663	0.033902906798301644	0.08261283505079314
18.762381190595296	0.03407215033006165	0.083004959482613
18.89544772386193	0.03373233886617024	0.08299635011855389
19.028514257128563	0.03413721353241448	0.08306564986583419
19.1615807903952	0.03439556823699718	0.08406682735275695
19.29464732366183	0.03475021624322244	0.08401149805591088
19.427713856928463	0.03493862705028963	0.08453176880345734
19.5607803901951	0.035095986177013636	0.08515504530100397
19.69384692346173	0.0352440843764288	0.08523240011782081
19.826913456728363	0.03526052261329149	0.0858047132110613
19.959979989995	0.03536774505783428	0.08596913863587341
20.09304652326163	0.0356212887814821	0.08658045496473163
20.226113056528263	0.03554205062840127	0.08680286866558433
20.3591795897949	0.03549670347682042	0.08774055842094552
20.49224612306153	0.035419010068541194	0.08822285646112529
20.625312656328163	0.035609958984189824	0.08885030222486759
20.758379189594798	0.03572289748558951	0.08857273295410033
20.89144572286143	0.03571891088592907	0.08872247635371136
21.024512256128062	0.03605456292985931	0.08917165128002655
21.157578789394698	0.036127075607337876	0.08886523216516021
21.29064532266133	0.03622356022023089	0.08885311298653406
21.423711855927962	0.03629683006046786	0.08884048211683318
21.556778389194598	0.03621599802889895	0.0893239117616176
21.68984492246123	0.03643546432032047	0.08935562830197596
21.822911455727862	0.036583185494393156	0.08969114166332313
21.955977988994498	0.036461487085326844	0.090225323425949
22.08904452226113	0.0366355273321417	0.09082450291809452
22.222111055527762	0.036576338274718546	0.09091658377116806
22.355177588794398	0.03685006403253943	0.09163578996775486
22.48824412206103	0.03695684914141189	0.09161313975226072
22.62131065532766	0.03715264342090921	0.0920262336968344
22.754377188594297	0.03725025891691269	0.09248083205659934
22.88744372186093	0.037535088461168646	0.09277517406641593
23.02051025512756	0.037505531861212534	0.09295326082044633
23.153576788394197	0.03733197289944818	0.09311153630358479
23.28664332166083	0.0373263360994916	0.09313716319667517
23.41970985492746	0.03741369261203962	0.09349440062027094
23.552776388194097	0.03751772805721957	0.09335899327982657
23.68584292146073	0.03777398819293148	0.0935311559038333
23.818909454727365	0.03776339035043113	0.09334989510020007
23.951975987993997	0.03780760505566576	0.09330691726771832
24.08504252126063	0.037701899698526053	0.09303855556195258
24.218109054527265	0.03756301945745041	0.09331279459568566
24.351175587793897	0.037573108135414715	0.09290355583788085
24.48424212106053	0.037413101635272485	0.09352402717048319
24.617308654327164	0.037704865048014784	0.09359850989382705
24.750375187593797	0.03790365072730624	0.09408326747511962
24.88344172086043	0.037890543931578424	0.09434934450849532
25.016508254127064	0.03793878287837406	0.09451611710604214
25.149574787393696	0.038164489088080414	0.09455562916795095
25.28264132066033	0.037989313937576166	0.094828095753913
25.415707853926964	0.03791691567375916	0.09538940644816868
25.548774387193596	0.03791695488219335	0.09531044590176896
25.68184092046023	0.037923646447267964	0.09547770019338409
25.814907453726864	0.037954931989251525	0.0953055267356327
25.947973986993496	0.03788155514925164	0.09560885223893294
26.081040520260128	0.038060360306187445	0.09627615962733166
26.214107053526764	0.03808204721959738	0.0972619154140461
26.347173586793396	0.038238848907235834	0.09705145643510978
26.480240120060028	0.03818833038209707	0.09739821732663984
26.613306653326664	0.03808390011802925	0.09731460790805042
26.746373186593296	0.03836479742307375	0.09694156070639606
26.879439719859928	0.03844381874466476	0.09744734356692751
27.012506253126563	0.03835907130819469	0.0972478567060971
27.145572786393195	0.03837978470543913	0.09753661405442952
27.278639319659828	0.0383755519219131	0.09773777743551104
27.411705852926463	0.038655888850459605	0.09754405183772355
27.544772386193095	0.03886657709345274	0.09744757925049641
27.67783891945973	0.03898598103008753	0.09734388799930008
27.810905452726363	0.03898098195082935	0.0970097991292684
27.943971985992995	0.03909653825050232	0.09668894028184472
28.07703851925963	0.039225964328236294	0.09677758632310765
28.210105052526263	0.038936845993770654	0.09687100362102984
28.343171585792895	0.039228442593212356	0.09716377330833242
28.47623811905953	0.03929559467519906	0.09730707742874538
28.609304652326163	0.03939352345367025	0.0969044670644324
28.742371185592795	0.039436271944190165	0.09744626359624796
28.87543771885943	0.03940225935338537	0.09767399292221858
29.008504252126063	0.039671792057918244	0.0974888925853896
29.141570785392695	0.039472258506995685	0.09717420574488621
29.27463731865933	0.03938691228793643	0.0970481528950075
29.407703851925962	0.039303845044952296	0.09719205379215384
29.540770385192594	0.0394649718951346	0.09689142763386846
29.67383691845923	0.03934092624765245	0.0970676207032294
29.806903451725862	0.03952046967407961	0.09711587811640646
29.939969984992494	0.03952998183405319	0.0972109402163425
30.07303651825913	0.0398009522252822	0.097032905714094
30.206103051525762	0.03975138460150094	0.09757283749555334
30.339169584792394	0.03962126769152931	0.09789518645865683
30.47223611805903	0.03998343390180684	0.09833595704707858
30.605302651325662	0.039994238586256614	0.0986494057985391
30.738369184592294	0.04003973692053272	0.09899975889353978
30.87143571785893	0.040178883453812604	0.09910108328954938
31.00450225112556	0.04017057046714013	0.09935180713059417
31.137568784392194	0.040515171889523895	0.09916316224342162
31.27063531765883	0.040745573344704994	0.09948353940229607
31.40370185092546	0.040607670822493974	0.09978401009700966
31.536768384192094	0.040950572802356304	0.10026730173556188
31.66983491745873	0.041135040984198616	0.10051292254909647
31.80290145072536	0.041166341220850916	0.10076329975252403
31.935967983991993	0.0413114985723143	0.1008692480512574
32.06903451725863	0.04129179432268388	0.10072180931342109
32.202101050525265	0.041461594654185835	0.10080203246274375
32.33516758379189	0.04151849048019474	0.10050244996902051
32.46823411705853	0.04141819348215562	0.10113707080855858
32.601300650325165	0.04145078406848298	0.10116044066404108
32.73436718359179	0.04136397481427744	0.10183306911070421
32.86743371685843	0.04161835646950389	0.10171469490048451
33.000500250125064	0.04169197486066574	0.10200110428729064
33.13356678339169	0.041779045575321666	0.10242841222271
33.26663331665833	0.04170043597079276	0.1021854820669883
33.399699849924964	0.0415950645892212	0.10256515963001217
33.53276638319159	0.04183523554499501	0.10268056787426588
33.66583291645823	0.0416013690769384	0.1034201777057419
33.798899449724864	0.041575884992231804	0.10336741729549925
33.93196598299149	0.0413941023852188	0.10342870243858107
34.06503251625813	0.04154202908263615	0.10397879221406811
34.198099049524764	0.04155067056985022	0.10459450466087035
34.33116558279139	0.04147888874108214	0.10497609256746965
34.46423211605803	0.04125055337029716	0.10500810784750945
34.597298649324664	0.041318128730342435	0.10529050764336347
34.73036518259129	0.04135196602475798	0.10539639955812857
34.86343171585793	0.0413512179051396	0.105799206770915
34.99649824912456	0.04138160525294275	0.10604866905360923
35.12956478239119	0.0414751679495424	0.10653126863950982
35.26263131565783	0.041622981180279676	0.10670867138850382
35.39569784892446	0.0418024893180563	0.10628187549292575
35.52876438219109	0.04183374738376003	0.10607736331697196
35.66183091545773	0.042001895009607215	0.1059513855209411
35.79489744872436	0.04197170329727829	0.10597455967019546
35.92796398199099	0.04204957759629319	0.10644659362474504
36.06103051525763	0.04207716130166848	0.10592042730325803
36.19409704852426	0.04200793568812932	0.10575286935993877
36.32716358179089	0.041994628451767636	0.10612084481175796
36.46023011505753	0.04195515491907358	0.10592588452589495
36.59329664832416	0.04179937864080959	0.10590310324453593
36.72636318159079	0.041811962349449505	0.10559001579598583
36.85942971485743	0.04199120712859198	0.10566831940647246
36.99249624812406	0.042067431793970926	0.10568300583766621
37.12556278139069	0.04217187605486771	0.10615293661804605
37.25862931465733	0.04224150390240551	0.10639136857607294
37.39169584792396	0.04215150441419412	0.10627209869128296
37.52476238119059	0.0424185797717457	0.10614377794949624
37.65782891445723	0.04214868218682827	0.10681013449180447
37.79089544772386	0.04195517466008991	0.10743233759676397
37.92396198099049	0.04193247949893481	0.1072661731378757
38.05702851425713	0.04200335880246568	0.10721675549909838
38.19009504752376	0.042204153348203495	0.10756546053481836
38.3231615807904	0.04266497975021152	0.10727032944507073
38.456228114057026	0.04272236792793053	0.1072174529323413
38.58929464732366	0.04261064306259777	0.10795242242592724
38.7223611805903	0.042976615508845684	0.10833523249772604
38.855427713856926	0.043047585540264735	0.10877502731615753
38.98849424712356	0.04271056648059577	0.10909087658185876
39.1215607803902	0.04259586373630166	0.10874544319570854
39.254627313656826	0.04257075662115883	0.10837261130778196
39.38769384692346	0.04277731835213522	0.10886469378120099
39.5207603801901	0.042795340433343404	0.10887134685333483
39.653826913456726	0.04312010002602592	0.10899897031199277
39.78689344672336	0.043271977719241045	0.10921218507429012
39.91995997999	0.043216879969294485	0.10882197031977803
40.053026513256626	0.04306184320580585	0.10888844826445011
40.18609304652326	0.04334594674035368	0.10921830470920549
40.3191595797899	0.04309563844072722	0.10981995125194144
40.452226113056525	0.04324663131971943	0.11016030776669052
40.58529264632316	0.043585109538359625	0.11013324573706812
40.7183591795898	0.04344349892782504	0.11087156632833671
40.851425712856425	0.0432884559950318	0.1111880992947327
40.98449224612306	0.043208643889551666	0.11106133009174417
41.1175587793897	0.042946531301346534	0.11107890607067405
41.250625312656325	0.04278840185184468	0.1111026163474263
41.38369184592296	0.04286651570962972	0.11127988955962356
41.516758379189596	0.04301927991936715	0.11151396644374215
41.649824912456225	0.04323749359809597	0.11149404071420735
41.78289144572286	0.0429509548796243	0.11196880913083504
41.915957978989496	0.04310967064847897	0.11198279384481934
42.049024512256125	0.043324076897277235	0.11193797869390355
42.18209104552276	0.04358666487571108	0.11212004398810274
42.315157578789396	0.043587114476721936	0.11198236896973668
42.448224112056025	0.04357977806016774	0.11176733642572553
42.58129064532266	0.04358882571910911	0.11140035422430332
42.714357178589296	0.0438517306440784	0.11150920114916463
42.847423711855924	0.044026846305479046	0.11189096636023292
42.98049024512256	0.044149387090503735	0.11214430553364627
43.113556778389196	0.04444238376038802	0.11188535485571419
43.246623311655824	0.04465039216332874	0.11246883616607374
43.37968984492246	0.04463928840306784	0.11253957895826465
43.512756378189096	0.04497832237525084	0.11247517468359508
43.645822911455724	0.04495558019903645	0.11234609238716538
43.77888944472236	0.04472668741729047	0.11273400313175275
43.911955977988995	0.044665549030825424	0.11295878900313694
44.045022511255624	0.044790725871028565	0.11335140580619324
44.17808904452226	0.044693715710231514	0.11334518264846814
44.311155577788895	0.044605031111405624	0.11377533520502
44.444222111055524	0.0447672013340254	0.11382379405585742
44.57728864432216	0.04498585546233747	0.11343536957332567
44.710355177588795	0.04479114212740197	0.11347943289094464
44.843421710855424	0.04477018715112569	0.11381136804624532
44.97648824412206	0.04496749792544885	0.11378031755570173
45.109554777388695	0.04486000686726728	0.11396756820324598
45.24262131065532	0.04495039460960479	0.1138311130403935
45.37568784392196	0.045131305151100094	0.11389412478974473
45.508754377188595	0.04514409774084143	0.11355333622540488
45.64182091045522	0.04532292650648548	0.11334175369839397
45.77488744372186	0.045468348727218	0.11294157721869703
45.907953976988495	0.045354235781998986	0.11371564234926386
46.04102051025512	0.04574507297659978	0.11382841170352295
46.17408704352176	0.04558350601530464	0.11406716474456358
46.307153576788394	0.04562106431325869	0.11449926869531159
46.44022011005502	0.045999347660319934	0.11447006705175523
46.57328664332166	0.04591921427175838	0.11407091328237091
46.706353176588294	0.04605630621861508	0.11402670738834042
46.83941970985492	0.046061386641961195	0.11400576910101241
46.97248624312156	0.04633588763806979	0.11398012061660445
47.105552776388194	0.046614747551055796	0.11337377594278242
47.23861930965483	0.04654947912621053	0.11337711557188457
47.37168584292146	0.046511017631469566	0.11306237081757607
47.504752376188094	0.04644342784688541	0.11291770869144879
47.63781890945473	0.0466380132573076	0.1129754990804598
47.77088544272136	0.04666578441761041	0.11343869238152036
47.903951975987994	0.04695145117651254	0.11402287117496594
48.03701850925463	0.04726425817991468	0.11430389202173954
48.17008504252126	0.04742048352752949	0.11420765133641823
48.30315157578789	0.047668961515612646	0.114123100549006
48.43621810905453	0.047952743433830165	0.11438693113517615
48.56928464232116	0.04770689810931458	0.11455020505321765
48.70235117558779	0.04758699733392519	0.11471190754770302
48.83541770885443	0.047722302279279094	0.11503218736261482
48.96848424212106	0.04804919732290161	0.11464586765847162
49.10155077538769	0.04810508262018432	0.11540296626976715
49.23461730865433	0.048364915332241305	0.11586612782877934
49.36768384192096	0.04851230387490949	0.1158973794605273
49.50075037518759	0.048300008814696524	0.1157775119738491
49.63381690845423	0.0482517933043553	0.11576551999806228
49.76688344172086	0.048149525708568716	0.11562015382644167
49.89994997498749	0.04801392945062227	0.11581600704181266
50.03301650825413	0.04795925932566342	0.11542896207413389
50.16608304152076	0.04805069067383928	0.11596800063374861
50.29914957478739	0.047954873183187405	0.11574127053559533
50.43221610805403	0.04779605792263137	0.11559435033921735
50.56528264132066	0.047817040488146466	0.11570321198609665
50.69834917458729	0.04769825755533114	0.1160651885875415
50.83141570785393	0.047805100236751594	0.11596206711878418
50.96448224112056	0.047550263605009024	0.11579701725880422
51.09754877438719	0.047395424693541834	0.11572759407675175
51.23061530765383	0.047294415104405296	0.1158402311454422
51.36368184092046	0.047302833535857555	0.11572225725004721
51.49674837418709	0.047412085220645245	0.11617001763625324
51.62981490745373	0.047261124251625646	0.11668905953505435
51.762881440720356	0.04681910141648933	0.11693540453993591
51.89594797398699	0.04676369428557884	0.11681135846015768
52.02901450725363	0.04694094130649452	0.11666149774945883
52.162081040520256	0.046813213832485434	0.11757916386619019
52.29514757378689	0.0467659627275363	0.11809574860847524
52.42821410705353	0.046736651876091	0.11832690802086707
52.561280640320156	0.04668224988707754	0.11775132537873736
52.69434717358679	0.04725161642051512	0.11785834133937577
52.82741370685343	0.04737293590700945	0.11807191910024246
52.960480240120056	0.047330722427622776	0.11754708736978517
53.09354677338669	0.047570229584793296	0.11725203127600752
53.22661330665333	0.04738849579848596	0.11762790083095477
53.359679839919956	0.04757976960015766	0.11771161599693933
53.49274637318659	0.04767139845381556	0.11756935119462963
53.62581290645323	0.04769507471151579	0.11768171999174415
53.758879439719855	0.04786996503340191	0.11806101554252688
53.89194597298649	0.04760324424090229	0.11777304464262982
54.02501250625313	0.0479514023264815	0.11793075218364049
54.158079039519755	0.048135275602036495	0.11775404453536781
54.29114557278639	0.04818441687606484	0.11780575246326527
54.42421210605303	0.04802154442996044	0.11837118277789739
54.557278639319655	0.047863587933441636	0.11826034014490097
54.69034517258629	0.04800141890129773	0.11806780610711974
54.823411705852926	0.048215592185089785	0.11860172097863693
54.956478239119555	0.047840028716151596	0.11859523996940041
55.08954477238619	0.04768704905549331	0.11811995105767317
55.222611305652826	0.047720038024840074	0.11822783736123152
55.35567783891946	0.0477843887174561	0.11795388301026236
55.48874437218609	0.04744693175647872	0.11791771846544977
55.621810905452726	0.04740162087289847	0.11784843452349987
55.75487743871936	0.04745553172074114	0.11818590954773804
55.88794397198599	0.04725359112324824	0.11842681648889583
56.021010505252626	0.047421691739242634	0.11851304644141178
56.15407703851926	0.047449265131602476	0.11905386135223497
56.28714357178589	0.04733635330690491	0.11907980371055167
56.420210105052526	0.04757250374716368	0.11908720311134204
56.55327663831916	0.04757152428643598	0.11935456782782383
56.68634317158579	0.047728786252008194	0.11979155862251421
56.819409704852426	0.04764263416634542	0.12000281444379235
56.95247623811906	0.04747345293635045	0.12001164062237572
57.08554277138569	0.04739643650239411	0.11986671557331821
57.218609304652325	0.04710441037925947	0.12001105392615284
57.35167583791896	0.04697417896648582	0.12052728373297991
57.48474237118559	0.046871971123030494	0.12024517765036136
57.617808904452225	0.04700300641646594	0.12028695974617234
57.75087543771886	0.047438162378724516	0.12016914545002659
57.88394197098549	0.04779324575810956	0.11984128877340902
58.017008504252125	0.04801377753409171	0.11980765117832225
58.15007503751876	0.047914249058768774	0.1196956880088071
58.28314157078539	0.04806078001566473	0.11981355000440935
58.416208104052025	0.0480988121942713	0.1196432822914377
58.54927463731866	0.04826695226001481	0.11981314029815379
58.68234117058529	0.048428080975219806	0.11967239133997187
58.815407703851925	0.04838379475127155	0.12001570790439303
58.94847423711856	0.048211062653663615	0.12008734566951633
59.08154077038519	0.047970550635991684	0.11962245000902957
59.214607303651825	0.04796925787717953	0.11982476069272723
59.34767383691846	0.04768194412459626	0.11977037676762421
59.48074037018509	0.0477757031855906	0.11985508718284796
59.613806903451724	0.04798916020892711	0.11976057743048288
59.74687343671836	0.04827484661593981	0.11944594494677889
59.87993996998499	0.04827736004146913	0.11959762344649176
60.013006503251624	0.04854167033338424	0.11950209120274717
60.14607303651826	0.0485828952881292	0.11979133493179221
60.27913956978489	0.048603776348353465	0.11981870195641159
60.412206103051524	0.04855554628354531	0.1195889625673056
60.54527263631816	0.04849744143673929	0.11980133361942982
60.67833916958479	0.048309842905869024	0.11978590014421613
60.811405702851424	0.048450686531422205	0.12030040751985603
60.94447223611806	0.04846031238995495	0.12010161487012597
61.07753876938469	0.04874648102929175	0.12027678107601553
61.210605302651324	0.04897640950846174	0.12060485078049459
61.34367183591796	0.048823284844624636	0.12075098531530304
61.47673836918459	0.048734171084042176	0.12114682644837785
61.60980490245122	0.04870028837116519	0.12168943345605905
61.74287143571786	0.04858617953965476	0.12176496377033301
61.87593796898449	0.048408309875154355	0.12164080300116194
62.00900450225112	0.04866830905369551	0.12165482478917237
62.14207103551776	0.04892692787511608	0.12149264374415661
62.27513756878439	0.04885818634331664	0.12128054435308003
62.40820410205102	0.04898826187746635	0.12087145405044065
62.54127063531766	0.0489951583591064	0.1211066028321982
62.67433716858429	0.04931206510118719	0.12129183190493131
62.80740370185092	0.04932828933590735	0.1215387937176145
62.94047023511756	0.049208627957812515	0.12163074956161762
63.07353676838419	0.049095243132366594	0.122011866132477
63.20660330165082	0.04900608889458101	0.12225702536901216
63.33966983491746	0.04914410564723532	0.12267155843855869
63.47273636818409	0.0495366870501984	0.12227106358239871
63.60580290145072	0.04986531809158265	0.12206260270415054
63.73886943471736	0.04987034233758269	0.12196546483395238
63.87193596798399	0.04989809895971765	0.12209340187674837
64.00500250125063	0.05031742344122925	0.12196150517531201
64.13806903451726	0.050552088714356756	0.12203492310779072
64.27113556778389	0.0507219321634083	0.12174441481155622
64.40420210105053	0.050827910434273336	0.12184313980951116
64.53726863431716	0.05101900356253018	0.1214885987879648
64.67033516758379	0.05091936271866394	0.12157535549569377
64.80340170085043	0.050762535759600325	0.12132267623889577
64.93646823411706	0.05096299202163009	0.12134745373721788
65.06953476738369	0.050992477040346644	0.1215763301259574
65.20260130065033	0.051301053011933107	0.1217589457916824
65.33566783391696	0.05139575588911115	0.12204787541506963
65.46873436718359	0.05113130611306771	0.12204921281177449
65.60180090045023	0.05122232104813633	0.12169321292199663
65.73486743371686	0.05119426174378949	0.12180126286233324
65.86793396698349	0.051384084371144834	0.12214235117626762
66.00100050025013	0.05144294352688015	0.12254171559033816
66.13406703351676	0.05146988278811719	0.12231940739757989
66.26713356678339	0.051228300171931335	0.1225246194909983
66.40020010005003	0.05123576772335331	0.12261331004126359
66.53326663331666	0.05108100304528027	0.12282270609242814
66.66633316658329	0.05086439660079969	0.12296949906273645
66.79939969984993	0.050590899397332405	0.12266847799855465
66.93246623311656	0.050563504731947206	0.12255899403206859
67.06553276638319	0.05066149544397496	0.12276043808273801
67.19859929964983	0.05102616847019305	0.1228010264828818
67.33166583291646	0.05129716241679862	0.12295952152900536
67.46473236618309	0.05110438424699308	0.12365481519209882
67.59779889944973	0.050964485234103955	0.12394043317651991
67.73086543271636	0.05086257921178897	0.12434919214165117
67.86393196598299	0.05041764764090242	0.12433411776681424
67.99699849924963	0.050672323416754185	0.12412106404700855
68.13006503251626	0.05068477496278509	0.12371075287817862
68.26313156578288	0.050752932638482136	0.12369098998365155
68.39619809904953	0.05086033890039113	0.12379131493060472
68.52926463231616	0.051059611823776385	0.12379470917427766
68.66233116558278	0.051209176281892296	0.12340667851172975
68.79539769884943	0.051418236150467055	0.12380583440825779
68.92846423211606	0.051497276537742075	0.12391563391992014
69.06153076538268	0.051846018363669547	0.12378663929436166
69.19459729864933	0.05188784052100781	0.12385396856786594
69.32766383191596	0.05192220945751016	0.12385311313091812
69.46073036518258	0.052045442165355955	0.1240350244004456
69.59379689844923	0.05208952607459714	0.12385310698869416
69.72686343171586	0.052132097465228726	0.1232577561453533
69.85992996498248	0.05200225123794092	0.12326703030654015
69.99299649824913	0.0517930688858788	0.1236214734169588
70.12606303151576	0.05165261829910268	0.12417687565069373
70.25912956478238	0.051524089036730725	0.12471040042919392
70.39219609804903	0.051532003065758634	0.12471166328686205
70.52526263131566	0.05161783387061051	0.12472369743621844
70.65832916458228	0.05114375288638752	0.1244105401326766
70.79139569784893	0.05116571432688511	0.1242360179982215
70.92446223111556	0.05085601282277279	0.12425846284437266
71.05752876438218	0.050732156248220216	0.12442741382382477
71.19059529764883	0.05082562160187753	0.12478897282626782
71.32366183091546	0.05126504547044876	0.1246540589667153
71.45672836418208	0.05154547081301883	0.12436267845527196
71.58979489744873	0.05179869224256529	0.1246271830803841
71.72286143071535	0.05184768193494442	0.1245060906979791
71.85592796398198	0.05158720434002521	0.12418199477272185
71.98899449724863	0.05147714194661565	0.1243982664715287
72.12206103051525	0.05164848649090696	0.12485469947550326
72.25512756378188	0.05172096350912871	0.12508804711431687
72.38819409704853	0.05197238988193169	0.1249758757817989
72.52126063031515	0.052009895270267635	0.1254437196187546
72.65432716358178	0.05192756806980407	0.12521357096653613
72.78739369684843	0.051942263470080956	0.12491283877709897
72.92046023011505	0.05197708728552543	0.12517927071782112
73.05352676338168	0.05203504918897892	0.1252046184886741
73.18659329664833	0.052016312128405996	0.1245156952109698
73.31965982991495	0.052016965878407456	0.12468587422283013
73.45272636318158	0.05217805283287535	0.12469278845422453
73.58579289644823	0.05232335602824227	0.12497039525606271
73.71885942971485	0.05252693338979368	0.12459948019861408
73.85192596298148	0.05270659409083698	0.1246531731442988
73.98499249624813	0.05247416640063365	0.12497791831915926
74.11805902951475	0.0528422034105464	0.12525335998335463
74.25112556278138	0.05269149271759259	0.12558744370783279
74.38419209604803	0.05283755303441256	0.12555878975241752
74.51725862931465	0.05317858985411037	0.1258283701161688
74.65032516258128	0.05300860683055919	0.12510787431215634
74.78339169584793	0.0529407349172025	0.12500052331538805
74.91645822911455	0.05304615343327391	0.12475738355520957
75.04952476238118	0.05293713543550102	0.12476567838751124
75.18259129564782	0.05301892179480856	0.12496451290933626
75.31565782891445	0.05263686459404835	0.12514113861145323
75.44872436218108	0.05268057510765699	0.12517496026483943
75.58179089544772	0.05256749551783316	0.12486600617561212
75.71485742871435	0.05245174053339611	0.1245240520437049
75.84792396198098	0.05250807166846322	0.1243417722779869
75.98099049524762	0.052296616572066135	0.12367397983354729
76.11405702851425	0.05218714782022393	0.12463557795931922
76.24712356178088	0.05221220754275983	0.12475387605262296
76.38019009504752	0.05185498255428474	0.12463906204138923
76.51325662831415	0.0516086391157746	0.12514894323290035
76.6463231615808	0.051513637431624945	0.12568741060918495
76.77938969484742	0.051759499661942245	0.12563532534526006
76.91245622811405	0.05184709354959775	0.12560504971896194
77.0455227613807	0.052019773691813966	0.12578593201656071
77.17858929464732	0.052089654220764496	0.1255807232499489
77.31165582791395	0.052202195511795765	0.12591287998117254
77.4447223611806	0.05230208846683095	0.12576690677505603
77.57778889444722	0.05224683494270025	0.12547395845031967
77.71085542771385	0.05205979765852264	0.12550777474969954
77.8439219609805	0.05212072212960112	0.1256754760503358
77.97698849424712	0.05254746773145749	0.12527923060537893
78.11005502751375	0.05251514227391819	0.1256673614125833
78.2431215607804	0.05260714225094328	0.12580614269740253
78.37618809404702	0.05260439047408296	0.12606437180261007
78.50925462731365	0.05247365124158622	0.12605593939563856
78.6423211605803	0.05248601868530766	0.12586654906572314
78.77538769384692	0.05246701633716413	0.12578533010310097
78.90845422711355	0.05212980136141199	0.12519143262044016
79.0415207603802	0.052075741861959166	0.12528288716287314
79.17458729364682	0.052279433918076906	0.1257097922979025
79.30765382691345	0.05246005758122581	0.12572038316320103
79.4407203601801	0.05226805161067518	0.1255695004231927
79.57378689344672	0.05217281291513481	0.1258141606167778
79.70685342671335	0.052166525538117674	0.12605209404772202
79.83991995998	0.05243669715063295	0.1262448194915508
79.97298649324662	0.05259834204206319	0.1262851909913515
80.10605302651325	0.052506981668432776	0.12598471839654904
80.2391195597799	0.052585300096713555	0.12575317601572017
80.37218609304652	0.05282647382270346	0.12589528562933278
80.50525262631315	0.053235086127986664	0.12569453664736865
80.6383191595798	0.05331764132596248	0.12614258887952226
80.77138569284642	0.05338963558790789	0.1265220588617186
80.90445222611305	0.05376015279627637	0.12633358917047693
81.0375187593797	0.05391865858590834	0.1263015278742747
81.17058529264632	0.054002135012237364	0.12659064107756196
81.30365182591295	0.05388850411321462	0.12651891094594467
81.4367183591796	0.05368526856502862	0.1263564913649348
81.56978489244622	0.05388287804516568	0.12678681356410101
81.70285142571285	0.05404633745356633	0.12684630649230583
81.8359179589795	0.05414601332013883	0.12734265531920694
81.96898449224612	0.0542073012096504	0.12735627253053464
82.10205102551275	0.05424914378770362	0.12680240296539258
82.2351175587794	0.05425615194978273	0.12670365593786323
82.36818409204602	0.0542872019655339	0.12675336166583942
82.50125062531265	0.05395652643477178	0.1270562544456113
82.6343171585793	0.053736325005144074	0.12712218680779544
82.76738369184592	0.05376008819686659	0.12719757696702794
82.90045022511255	0.054021436616868104	0.12705356878499358
83.03351675837919	0.05412227457359223	0.12674037447588046
83.16658329164582	0.054130899392533086	0.12700252275359947
83.29964982491245	0.054534245243907674	0.1266353000882428
83.43271635817909	0.05454442291772282	0.1264122013947733
83.56578289144572	0.05465842044600737	0.1262514433182723
83.69884942471235	0.05455029656084273	0.12636288481283622
83.83191595797899	0.05446251887146776	0.12649085227291537
83.96498249124562	0.054429695916684846	0.1261665427184233
84.09804902451225	0.0547257262416904	0.1256606623091682
84.23111555777889	0.05493541353099661	0.12556247517781063
84.36418209104552	0.055028269340393725	0.12565533847656163
84.49724862431215	0.05525204005516634	0.1262113811704697
84.63031515757879	0.05524571435386542	0.12650833775516293
84.76338169084542	0.05514192425047343	0.1270676170964951
84.89644822411205	0.05527744693948824	0.12731133654205287
85.02951475737869	0.05541318624686441	0.127316292173833
85.16258129064532	0.05542218380562339	0.12740585208584881
85.29564782391195	0.05543229546980111	0.12700897595697894
85.42871435717859	0.055518838786510996	0.1267399486644118
85.56178089044522	0.05547755044214881	0.12666404698410216
85.69484742371185	0.055331965008441675	0.12670299501818513
85.82791395697849	0.055617659966252744	0.12681178532271986
85.96098049024512	0.055684292253906545	0.12632158466506513
86.09404702351175	0.05594263314836053	0.12597053192313884
86.22711355677839	0.056066558859815215	0.12597166306756652
86.36018009004502	0.0559735933611144	0.12608667937301948
86.49324662331165	0.05593488421640908	0.12605179500775443
86.62631315657829	0.05580222766071673	0.1260742251200165
86.75937968984492	0.05558649575819568	0.12629471621111013
86.89244622311155	0.0553834329167479	0.1267116481496234
87.02551275637819	0.05495196576521047	0.12692331971278759
87.15857928964482	0.055251404501087585	0.1269312747134761
87.29164582291145	0.055407183591472446	0.1268489421878117
87.42471235617809	0.05538256401815366	0.12665170811767104
87.55777888944472	0.05562687646587349	0.1270531190514379
87.69084542271135	0.05563487432084519	0.12697808369881955
87.82391195597799	0.05579905620835459	0.12712440373239298
87.95697848924462	0.056137927265916585	0.1267686472914485
88.09004502251125	0.055822352852969756	0.12643414288402235
88.22311155577789	0.055870577335789734	0.1265653155758819
88.35617808904452	0.056163295317372276	0.1264549268563882
88.48924462231115	0.05629498802845411	0.12642433602033495
88.62231115557779	0.05619241083288222	0.12656556502121716
88.75537768884442	0.056293279946993985	0.1268375024133245
88.88844422211105	0.056387039269486225	0.1269353051070672
89.02151075537769	0.05646079964622493	0.12679818410999802
89.15457728864432	0.05665883093690637	0.1261558345581959
89.28764382191095	0.05652393708526395	0.12580854849620343
89.42071035517759	0.05628384271885867	0.12605496898247448
89.55377688844422	0.05621334815400686	0.1256543210285959
89.68684342171085	0.056306697570819186	0.12570821212383188
89.81990995497749	0.056176755052736026	0.12578449599571553
89.95297648824412	0.056007125791415244	0.1262074342148256
90.08604302151075	0.05599145510709242	0.12623873205888136
90.21910955477739	0.05595994915105667	0.1263256879264021
90.35217608804402	0.05577676447080911	0.1260844084209942
90.48524262131065	0.055658472997300076	0.12554726387365672
90.61830915457729	0.05518705871740214	0.12540342852496983
90.75137568784392	0.05494347476529802	0.12509608339478323
90.88444222111055	0.055337472589890725	0.12504461425976993
91.01750875437719	0.055633574192633026	0.12505767492405162
91.15057528764382	0.05564224775079366	0.1251538490120745
91.28364182091045	0.05543784036048001	0.12482279860247654
91.41670835417709	0.055730622704617185	0.12467764147334529
91.54977488744372	0.055833119161372485	0.12473037212220657
91.68284142071035	0.05571194041118347	0.12464293953283813
91.81590795397699	0.05575988993672092	0.12443355367741087
91.94897448724362	0.05572912774436261	0.12457164469341811
92.08204102051025	0.05593238516684847	0.12443198590766108
92.21510755377689	0.05647403924632559	0.12449896644334328
92.34817408704352	0.05665482393094366	0.12435189008499102
92.48124062031015	0.056587305536117995	0.12447913164735289
92.61430715357679	0.05654178176085379	0.12510940962392153
92.74737368684342	0.05636208563962283	0.12529243805908039
92.88044022011005	0.056162422823481266	0.1254815554364641
93.01350675337669	0.0561724761185247	0.12577138189758355
93.14657328664332	0.056338238940993386	0.12639013021295648
93.27963981990995	0.05618809725081643	0.1264804153640782
93.41270635317659	0.05608632327703498	0.12619129841071156
93.54577288644322	0.05583885393888318	0.12624198965521702
93.67883941970985	0.05612590431314668	0.12589716291709388
93.81190595297649	0.05645758460962818	0.12593968692714227
93.94497248624312	0.05656752432843955	0.12608135415861424
94.07803901950976	0.05676500494032719	0.1260228422254559
94.21110555277639	0.05689313413309006	0.12620207307816833
94.34417208604302	0.056758560913077405	0.12654400798999715
94.47723861930966	0.05692977115654176	0.12640413019667246
94.61030515257629	0.05710147364091096	0.12620146448755074
94.74337168584292	0.05713925777281036	0.12596763474581568
94.87643821910956	0.056847238803813614	0.12597295689890442
95.00950475237619	0.05685834790656903	0.12609134732330074
95.14257128564282	0.05719591436511222	0.12630323316690667
95.27563781890946	0.05700908541683678	0.12657001156969502
95.40870435217609	0.05697286558444171	0.12694252824738814
95.54177088544272	0.05679377354050306	0.12696499838831649
95.67483741870936	0.05719504409757571	0.12675864585864513
95.80790395197599	0.057252225159318514	0.12650333369764408
95.94097048524262	0.05706159400299122	0.12678466889986853
96.07403701850926	0.057396794391375544	0.12662387087694632
96.20710355177589	0.05746045231228748	0.12646619712146875
96.34017008504252	0.05764450648519235	0.12662526821761763
96.47323661830916	0.05784579000683259	0.12691915299227627
96.60630315157579	0.058061661644822495	0.1269744986540652
96.73936968484242	0.058277296719066084	0.12704376419804894
96.87243621810906	0.05845257278509883	0.12756454274282206
97.00550275137569	0.05828341428630655	0.1277688905378446
97.13856928464232	0.05795196040279503	0.1277158947869648
97.27163581790896	0.05815995766464849	0.12791285639909789
97.40470235117559	0.05797409130390636	0.1278958814883991
97.53776888444222	0.05789834091659897	0.1283788500493987
97.67083541770886	0.05778420633908761	0.12882137927976156
97.80390195097549	0.057747566374851206	0.12893870090336756
97.93696848424212	0.05801849243736045	0.12912511789854636
98.07003501750876	0.05798768102679742	0.1288006099869976
98.20310155077539	0.058121945693087214	0.12850452865867912
98.33616808404201	0.05810288487714775	0.1278217695939354
98.46923461730866	0.05786132794092476	0.12771070998101186
98.60230115057529	0.05811051185516536	0.12772112803278934
98.73536768384191	0.05824210378957954	0.1276764020248562
98.86843421710856	0.05835464236745168	0.1276579406990373
99.00150075037519	0.05855643658838853	0.12699800144632772
99.13456728364181	0.05856886936705322	0.1266772497557639
99.26763381690846	0.05880243172278721	0.1265603668641848
99.40070035017509	0.05884651767004552	0.12663049042762062
99.53376688344171	0.058379907029633	0.12709091237553122
99.66683341670836	0.058200421096875905	0.12702443475525374
99.79989994997499	0.05803402931051744	0.1262439845971542
99.93296648324161	0.057933236411089155	0.12598273901984855
100.06603301650826	0.05792551066412535	0.1262684981509277
100.19909954977489	0.05778987902457069	0.12642836509517907
100.33216608304151	0.05793185512502451	0.12597830743372695
100.46523261630816	0.057957089012700934	0.12602878748312457
100.59829914957479	0.0579038285450587	0.12619645398404383
100.73136568284141	0.05801526656093726	0.1261942570493746
100.86443221610806	0.05819393794020948	0.12631874190120876
100.99749874937469	0.057988377703588806	0.12612272303189873
101.13056528264131	0.05807153639059801	0.1262422506667756
101.26363181590796	0.057902785593096	0.1262461502255885
101.39669834917459	0.057925243276783854	0.12622435578979577
101.52976488244121	0.05793024322788543	0.12640029789468588
101.66283141570786	0.058073040670726696	0.1264386744795307
101.79589794897448	0.05814179064422561	0.12648451316562173
101.92896448224111	0.05821520169374024	0.12677084232549757
102.06203101550776	0.058434125492746	0.12709345929120075
102.19509754877438	0.058817688396167314	0.12670806315822508
102.32816408204101	0.05918852474055092	0.12650322161524558
102.46123061530766	0.05928242077466492	0.12684441901442356
102.59429714857428	0.059356769134569325	0.12704195737259807
102.72736368184091	0.059733714467738966	0.12755656482349045
102.86043021510756	0.05973656942391439	0.12759463772100446
102.99349674837418	0.059444036056339904	0.12730874746291368
103.12656328164081	0.05941340987196792	0.12738982207890573
103.25962981490746	0.05951441890851143	0.12729417328911166
103.39269634817408	0.05937865949893619	0.1272337063879475
103.52576288144071	0.059331576282264535	0.12737287267034458
103.65882941470736	0.059082619184270754	0.12776382484652243
103.79189594797398	0.05894579633843596	0.12764867650143494
103.92496248124061	0.05879380259546374	0.1278878952469756
104.05802901450726	0.05872049228203813	0.1278699982529147
104.19109554777388	0.05853183142967608	0.12780819018721565
104.32416208104051	0.058222156648194905	0.1279982506357318
104.45722861430716	0.058225522730891495	0.1279017758490955
104.59029514757378	0.05822637236821091	0.12794318842520433
104.72336168084041	0.058275226655581484	0.12803423428746719
104.85642821410705	0.05840092214249958	0.12870625846601622
104.98949474737368	0.05823714852245911	0.1286901569316798
105.12256128064031	0.058211582184135253	0.12855755056009172
105.25562781390695	0.058493629094072665	0.12792148275508833
105.38869434717358	0.05879258337848167	0.12774499615111737
105.52176088044021	0.05857704894410731	0.12795931725439502
105.65482741370685	0.0586043489989592	0.12811343739447792
105.78789394697348	0.05866279354963083	0.12834952254250007
105.92096048024011	0.05850896685152316	0.12834802890871064
106.05402701350675	0.058298707150077005	0.12811794548579064
106.18709354677338	0.0582467282394179	0.1280296972211264
106.32016008004001	0.05821838790136769	0.12800263297799896
106.45322661330665	0.0580455833926758	0.12794851571656646
106.58629314657328	0.05791914732971803	0.12799057860470328
106.71935967983991	0.057940100378623634	0.1277410221086316
106.85242621310655	0.05815901550057013	0.12776955850483596
106.98549274637318	0.058174457739671205	0.12781672059445667
107.11855927963981	0.058237336746589576	0.12779108221451693
107.25162581290645	0.05837964097558248	0.12806730130359964
107.38469234617308	0.058357931053272166	0.1282211744818085
107.51775887943971	0.05850025453341214	0.1279343906450481
107.65082541270635	0.058797100115683246	0.12794781803727243
107.78389194597298	0.05862224504100807	0.1279454215022655
107.91695847923961	0.058282696170259454	0.1277655209548334
108.05002501250625	0.0582285957366351	0.12792380910796222
108.18309154577288	0.05832301475101854	0.1283193895403518
108.31615807903951	0.058270124631106666	0.12769513077749003
108.44922461230615	0.058412554556200695	0.12756442656008954
108.58229114557278	0.05855692079473523	0.12789030137871693
108.71535767883941	0.05842683407556666	0.1279750893544855
108.84842421210605	0.058666680642324144	0.12781965773930998
108.98149074537268	0.0587787984714949	0.1275578938485893
109.11455727863931	0.05857034988171313	0.12752693304743454
109.24762381190595	0.058291490693487776	0.12756310557294664
109.38069034517258	0.058534298060729364	0.12728319034261018
109.51375687843921	0.058389939595594666	0.12646801382425682
109.64682341170585	0.05824671854519761	0.12600837179693183
109.77988994497248	0.058334540523225356	0.12632345592740382
109.91295647823911	0.05825094372761235	0.1264472520735836
110.04602301150575	0.05824403679629795	0.12688737961063584
110.17908954477238	0.057956491366814064	0.12706889166266325
110.31215607803901	0.057560442633682145	0.12735374089378307
110.44522261130565	0.05747797601446788	0.12769129571809942
110.57828914457228	0.05755457173759849	0.12756451746600198
110.71135567783892	0.05756786502575646	0.12747099507213727
110.84442221110555	0.057454182019614795	0.12731835030843675
110.97748874437218	0.0576216383174188	0.1271265848246059
111.11055527763882	0.05760983599798951	0.12691905562730746
111.24362181090545	0.05724642825948965	0.1266462610191114
111.37668834417208	0.05701505845625328	0.1266053141514317
111.50975487743872	0.056936099410895294	0.12607679723383486
111.64282141070535	0.05705720448567955	0.12553126055771002
111.77588794397198	0.05703079872968686	0.1258075817718359
111.90895447723862	0.056859356985511554	0.1259347980167866
112.04202101050525	0.0568538159150915	0.12623411113729632
112.17508754377188	0.05705943564608377	0.12634095782934604
112.30815407703852	0.05712269461029064	0.1263657779671819
112.44122061030515	0.057397219013842087	0.1261773665917035
112.57428714357178	0.05783708128061507	0.1260617676917631
112.70735367683842	0.05760988597036328	0.12603237144449764
112.84042021010505	0.05768448821710169	0.12559050936418523
112.97348674337168	0.05766848773152304	0.12565899928086544
113.10655327663832	0.05764897990883526	0.12606606225138747
113.23961980990495	0.05763026031083494	0.1259890927881526
113.37268634317158	0.05766055578539352	0.1260137133204182
113.50575287643822	0.05791181013968086	0.12645495492589942
113.63881940970485	0.058057098829756626	0.12624979937213165
113.77188594297148	0.05806756204781708	0.1261715194191083
113.90495247623812	0.05781249696704485	0.12623072188348855
114.03801900950475	0.057684869953780624	0.1269341865613652
114.17108554277138	0.05782283835088073	0.12795610284799416
114.30415207603802	0.057840227220081745	0.1283335105752875
114.43721860930465	0.0575867729171732	0.12823876785397825
114.57028514257128	0.057919194555186	0.1276775490650964
114.70335167583792	0.05803050299515476	0.1277335646949853
114.83641820910455	0.0580000007520732	0.12789224731246204
114.96948474237118	0.05802577905768452	0.12787256606280342
115.10255127563782	0.05786252480516079	0.12789318384966455
115.23561780890445	0.05818036307847871	0.12815702168298604
115.36868434217108	0.0581979182998256	0.12829380964173226
115.50175087543772	0.05808311573391386	0.1283899043712801
115.63481740870435	0.05805139373481713	0.1289471366590231
115.76788394197098	0.058000748101964414	0.1293644186198838
115.90095047523762	0.058171423326427336	0.12910779418207416
116.03401700850425	0.058098956281436076	0.12900499120644612
116.16708354177088	0.05804168331232582	0.12868328419776737
116.30015007503752	0.05817338120628184	0.12869967248140113
116.43321660830415	0.05798735777640662	0.12888432700080665
116.56628314157078	0.057883788016645704	0.12856473052254666
116.69934967483742	0.058050206337500146	0.12851891975465748
116.83241620810405	0.057984914094272595	0.12839771827270208
116.96548274137068	0.057789660931338034	0.1284808474027915
117.09854927463732	0.057666362980552506	0.12881937770521737
117.23161580790395	0.05789296360735186	0.12870490117239217
117.36468234117058	0.058261369818468765	0.1281824501564416
117.49774887443722	0.05820107136385349	0.12757577304080953
117.63081540770385	0.05789983755379414	0.12776180051076907
117.76388194097048	0.05796705735284906	0.12817516210788538
117.89694847423712	0.057735955243737126	0.12849568638493958
118.03001500750375	0.05763102155470953	0.1285372405946868
118.16308154077038	0.05787520468880243	0.12810207984441072
118.29614807403702	0.057893003891504015	0.12799783154840239
118.42921460730365	0.05772127421198233	0.12813823956345288
118.56228114057028	0.05744588552041862	0.12787161049143736
118.69534767383692	0.0573994732671735	0.12762169930874856
118.82841420710355	0.05753842691757385	0.1276688385568292
118.96148074037018	0.05776121161320521	0.12792032629588077
119.09454727363682	0.05807213435012454	0.1281823840590101
119.22761380690345	0.057773401544265475	0.12861717197631448
119.36068034017008	0.05770967055632852	0.1289921497799861
119.49374687343672	0.0578406571537259	0.12930145699444764
119.62681340670335	0.05788081358649721	0.12967425069063668
119.75987993996998	0.057766762402218355	0.12998895127626778
119.89294647323662	0.05748800301864355	0.12996901843338207
120.02601300650325	0.05754411486573281	0.1303318274827354
120.15907953976988	0.057639939404936606	0.13049947493439593
120.29214607303652	0.05757701926487462	0.13028346571053026
120.42521260630315	0.05753501377822001	0.13021273820789656
120.55827913956978	0.05788270183750195	0.1302210503786365
120.69134567283642	0.0579086167750428	0.1301670502149952
120.82441220610305	0.0575380219594747	0.13035920207236365
120.95747873936968	0.057693949979197044	0.13101537544052202
121.09054527263632	0.05788574399430933	0.13157411762995636
121.22361180590295	0.05774928948938548	0.13175331045785937
121.35667833916958	0.057650557163297686	0.1319298814409337
121.48974487243622	0.05729459798507269	0.13214426177448835
121.62281140570285	0.05687544697238079	0.13176328263641676
121.75587793896948	0.05683775815059725	0.13135162498050015
121.88894447223612	0.05666467794477661	0.13152572100744378
122.02201100550275	0.05684498231194497	0.1316869169145179
122.15507753876938	0.05708234460815714	0.1319407009197447
122.28814407203602	0.056976383830028114	0.13228501172722235
122.42121060530265	0.05723527562696504	0.13194203490083106
122.55427713856928	0.05747078339438348	0.13132996859882104
122.68734367183592	0.05746221032201218	0.13157021084757345
122.82041020510255	0.05732829246051056	0.13173668369780772
122.95347673836918	0.05762296588403967	0.13127348352819057
123.08654327163582	0.05814117348378571	0.13111758507937102
123.21960980490245	0.05797048029336138	0.1313020156900236
123.35267633816908	0.05785330104724704	0.1313261850174859
123.48574287143572	0.057884498923927614	0.13138313093513346
123.61880940470235	0.05800875682208466	0.1314553903313153
123.75187593796898	0.058210876828542465	0.130939678887102
123.88494247123562	0.05821656684625633	0.13082972303457158
124.01800900450225	0.05841756936757407	0.13088698888468892
124.15107553776888	0.05834685978720606	0.13081057886226194
124.28414207103552	0.05818025226206245	0.1310290471585402
124.41720860430215	0.05827273341206231	0.1315681917070838
124.55027513756878	0.05821155278278977	0.13170482071635972
124.68334167083542	0.058280945654496846	0.13130626993410702
124.81640820410205	0.058493664107315387	0.1307498168220124
124.94947473736867	0.0587439046814679	0.1304317144061587
125.08254127063532	0.058745207845572245	0.13052837102988488
125.21560780390195	0.05885684593884547	0.130506624193365
125.34867433716857	0.05893479718384515	0.13049735033490892
125.48174087043522	0.058978696047904955	0.1305150656636326
125.61480740370185	0.059200679555593556	0.1308478731317899
125.74787393696847	0.058998194958286475	0.13086495613791896
125.88094047023512	0.059226747428834	0.13109917741910773
126.01400700350175	0.05977624312024231	0.13116093359315922
126.14707353676837	0.060025363910780886	0.13096007271949583
126.28014007003502	0.060289503966038	0.13076226411757197
126.41320660330165	0.06053860939845081	0.1303704379529305
126.54627313656827	0.060426801199840244	0.13056753298149873
126.67933966983492	0.06055770733373698	0.13050953865570192
126.81240620310155	0.06035402266386049	0.1302319528069966
126.94547273636817	0.06034519675567264	0.13015865968441795
127.07853926963482	0.06053703490010872	0.130282664222542
127.21160580290145	0.060685667197564706	0.13006957878639605
127.34467233616807	0.06078764951671526	0.13016341919658297
127.47773886943472	0.060580759376722755	0.13023792766201175
127.61080540270135	0.060501656879033174	0.12983711720931612
127.74387193596797	0.06042279539446144	0.12973608437896367
127.87693846923462	0.06041856297949043	0.12925953258027906
128.01000500250126	0.06051034676089933	0.12878209448286237
128.1430715357679	0.060572300547566044	0.12881974579735936
128.27613806903452	0.060333753182798	0.12914187172060207
128.40920460230114	0.05981202604476492	0.1291490462491757
128.54227113556777	0.059655899924534	0.12908217860770285
128.6753376688344	0.05959862647020809	0.1292359460518121
128.80840420210106	0.05944695836200911	0.12970781583285426
128.9414707353677	0.05975002333579228	0.13019832988208058
129.07453726863432	0.05984364010337495	0.13005984994343353
129.20760380190094	0.05978129399846163	0.13026195797455542
129.34067033516757	0.05976666809930288	0.13055537655094626
129.4737368684342	0.059591837601013276	0.13065207440922436
129.60680340170086	0.05903437467776977	0.13067635100144165
129.7398699349675	0.05871452247628883	0.13091230279436053
129.87293646823412	0.058963685836480643	0.13095552492693618
130.00600300150074	0.05894687385578965	0.13114408524252905
130.13906953476737	0.05886639137860875	0.13175132289671454
130.272136068034	0.05912072143885522	0.13206652309080497
130.40520260130066	0.059157208968717866	0.1319937887508652
130.5382691345673	0.059050622820423705	0.1320742752837176
130.67133566783392	0.05922478379090525	0.13235341395588107
130.80440220110054	0.05916517648838154	0.13234144122539787
130.93746873436717	0.059135519247621164	0.13220614016856386
131.0705352676338	0.059190328350093274	0.1320641288566165
131.20360180090046	0.05926016482570339	0.13214337529563022
131.3366683341671	0.05936782197439264	0.13234447239748587
131.46973486743371	0.059024989424824016	0.13263337866496822
131.60280140070034	0.059159895120661346	0.1326013374502699
131.73586793396697	0.059274872056674935	0.13242988461212848
131.8689344672336	0.0589593702696992	0.13269831365473184
132.00200100050026	0.05886709321160311	0.132920363981987
132.1350675337669	0.05873434523264794	0.13298077726011767
132.26813406703351	0.05862555749275755	0.13271636283366345
132.40120060030014	0.0585371618464494	0.13282281694953643
132.53426713356677	0.058618552507254014	0.13294438258584043
132.6673336668334	0.05868484973224126	0.1329164672344448
132.80040020010006	0.058731977875360185	0.1329391432631919
132.93346673336669	0.05880941046798824	0.13310658568328151
133.06653326663331	0.05869636739109392	0.1335406108488679
133.19959979989994	0.05880001269655116	0.13351163329531285
133.33266633316657	0.05901435070820633	0.13322860732259395
133.4657328664332	0.05898558762420304	0.13335743041049067
133.59879939969986	0.05883820440850425	0.13308977909079026
133.73186593296649	0.05883568844257553	0.13291118332803206
133.8649324662331	0.05877064533467722	0.1334710074843326
133.99799899949974	0.058715154488655066	0.13378021719162247
134.13106553276637	0.05898278963577312	0.13373108591206406
134.264132066033	0.05908183175516507	0.13374696654972804
134.39719859929966	0.05885208927678077	0.13366272494323797
134.53026513256629	0.05889972375738427	0.13366654083691956
134.6633316658329	0.058989716207797416	0.13358305222597056
134.79639819909954	0.058935198756172466	0.13338578577013988
134.92946473236617	0.05890254417366738	0.13375291693897254
135.0625312656328	0.05921755845376343	0.13359766489216152
135.19559779889946	0.05977401164088794	0.1334273683955352
135.32866433216608	0.05989915656440375	0.13361991265905768
135.4617308654327	0.05986242334726695	0.13358662061257068
135.59479739869934	0.06000465900284352	0.1333209303252684
135.72786393196597	0.059876321695150454	0.13343848214619758
135.8609304652326	0.059596478990849765	0.1333778445937393
135.99399699849926	0.05999192933410563	0.13313434469215996
136.12706353176588	0.060242195321955794	0.1331872585191349
136.2601300650325	0.05992582226686965	0.1328739895824844
136.39319659829914	0.059710922837477476	0.1330726281267714
136.52626313156577	0.05983473650750924	0.1335752927400635
136.65932966483243	0.06006528575516032	0.13305491951703716
136.79239619809906	0.06024420604557277	0.1325394609416021
136.92546273136568	0.06034930727515497	0.13262582763567152
137.0585292646323	0.06041711314817259	0.13248469947448915
137.19159579789894	0.060517808566402334	0.1323546485779198
137.32466233116557	0.060573447113291545	0.13202581578716283
137.45772886443223	0.060741496102934146	0.13241871880235126
137.59079539769886	0.06101590498383268	0.13303454215326813
137.72386193096548	0.06100730035587528	0.13313389428246045
137.8569284642321	0.06088896588054349	0.13347904919659176
137.98999499749874	0.060660874031457264	0.13369618808223632
138.12306153076537	0.060760310971775325	0.13377435911270147
138.25612806403203	0.06092365995819699	0.13370720334238614
138.38919459729865	0.06079707253399031	0.13370454136226087
138.52226113056528	0.06047119796611104	0.13334289744873581
138.6553276638319	0.06014650999473362	0.13332660931317125
138.78839419709854	0.06054402824971046	0.13330359888784726
138.92146073036517	0.06111716533985952	0.1328928371825308
139.05452726363183	0.06136017280351851	0.13291628034191155
139.18759379689845	0.061470236992198585	0.1330894734480709
139.32066033016508	0.061606738167963915	0.13288275601628555
139.4537268634317	0.061588312613591815	0.13283026675848864
139.58679339669834	0.06152080682231537	0.1327589318327166
139.71985992996497	0.06158840156351311	0.13282405004451198
139.85292646323163	0.06162597396355481	0.1332027964478066
139.98599299649825	0.06143122958218884	0.1336080405656465
140.11905952976488	0.06142761133311433	0.13344262714776728
140.2521260630315	0.06162323680396477	0.13347038488838725
140.38519259629814	0.06164047930893974	0.13394228401004463
140.51825912956477	0.06172818899863797	0.13392736047307605
140.65132566283143	0.061826778242703856	0.13443296045552064
140.78439219609805	0.0616983869106524	0.1346959114767502
140.91745872936468	0.06184315294554808	0.1343673871591142
141.0505252626313	0.06201198057829128	0.1343384011809601
141.18359179589794	0.06204337938685265	0.13418885274907255
141.31665832916457	0.06188041276036604	0.1343015913723374
141.44972486243122	0.06203070212350052	0.13425708137587572
141.58279139569785	0.06239182842761633	0.13395190692548964
141.71585792896448	0.06230368767973083	0.133834692021817
141.8489244622311	0.06224501918478021	0.13332178566187294
141.98199099549774	0.06203600107785763	0.13310734777611496
142.11505752876437	0.062046559426361905	0.13326007764946804
142.24812406203102	0.06236906534067325	0.13314840415727128
142.38119059529765	0.062424773607891344	0.13279028267084522
142.51425712856428	0.06221011226441274	0.1326825666317771
142.6473236618309	0.062053156773372274	0.13271567495574627
142.78039019509754	0.062086167445415855	0.13236768119156725
142.91345672836417	0.06192413748571972	0.1319211299580178
143.04652326163082	0.06172730496457118	0.13185309624874225
143.17958979489745	0.061844406249476624	0.13202903677068903
143.31265632816408	0.061956369065341764	0.13198855485557748
143.4457228614307	0.061755125612788946	0.13212898940043577
143.57878939469734	0.061434043148885745	0.1322190729775002
143.71185592796397	0.06142412549148365	0.1320101201276392
143.84492246123062	0.06157053941120311	0.13194079017787705
143.97798899449725	0.0616838965906426	0.13176646979376783
144.11105552776388	0.06165224373288281	0.13191737827048905
144.2441220610305	0.06166637242946238	0.1319499017331513
144.37718859429714	0.061727379389154145	0.13151374266173388
144.51025512756377	0.061347191353890676	0.13167594306852545
144.64332166083042	0.06101395098795167	0.13203577191143762
144.77638819409705	0.06090388677279966	0.13249482496307552
144.90945472736368	0.060803702732896786	0.13237471657338645
145.0425212606303	0.060897996242617	0.13191405933355488
145.17558779389694	0.061009218508432314	0.13194644486825088
145.30865432716357	0.06060156774684241	0.131677317367516
145.44172086043022	0.06042319608076352	0.13152234128074552
145.57478739369685	0.060515402373221394	0.13183816007747243
145.70785392696348	0.06093335562380121	0.13174457935002248
145.8409204602301	0.06098866173888949	0.13152982259518373
145.97398699349674	0.0608755618756271	0.13179641859227312
146.10705352676337	0.0611294874458982	0.13209818436112614
146.24012006003002	0.061387400163892415	0.13235332761333107
146.37318659329665	0.06144993265753613	0.1322008546045149
146.50625312656328	0.061320149270567705	0.13194366026091073
146.6393196598299	0.06120309510530412	0.13163413392873854
146.77238619309654	0.060992134384089944	0.1311182926964559
146.90545272636317	0.06120560773551098	0.13088956831478676
147.03851925962982	0.061668349757282054	0.13139774748608446
147.17158579289645	0.06189242691622852	0.13170162081598136
147.30465232616308	0.06200406897095459	0.131561659412766
147.4377188594297	0.061881428860283305	0.13190381559457123
147.57078539269634	0.0617949148079122	0.1319824129467959
147.70385192596297	0.06203869367334167	0.13184073371074995
147.83691845922962	0.06184521480511645	0.1317138607589601
147.96998499249625	0.061627707124677814	0.13146012656365244
148.10305152576288	0.06161903219062713	0.13165440716110796
148.2361180590295	0.061312208640590754	0.13158824554294818
148.36918459229614	0.06136648504719243	0.1315624829643494
148.50225112556276	0.0616600627741792	0.13146585110483158
148.63531765882942	0.061811099140349816	0.13115283760518645
148.76838419209605	0.061877543087313885	0.13124870272688732
148.90145072536268	0.06181064308747506	0.1310541280134713
149.0345172586293	0.06164564360055911	0.1305898660348215
149.16758379189594	0.061439160919057545	0.13026667547825868
149.30065032516256	0.06151343205921556	0.13037119383624282
149.43371685842922	0.06159978177780523	0.13075496915836993
149.56678339169585	0.06160337486795952	0.13136517046125915
149.69984992496248	0.06218425434943224	0.13085906445397677
149.8329164582291	0.06216539980561368	0.13025796130143946
149.96598299149574	0.06204574044649191	0.13056381870261818
150.09904952476236	0.06205871834186727	0.13058110265872017
150.23211605802902	0.06194339566355833	0.13025223758182383
150.36518259129565	0.061923497020950465	0.130403192045287
150.49824912456228	0.06162124759065692	0.13035846866940057
150.6313156578289	0.061479480181289674	0.129703940297319
150.76438219109554	0.06151880607523488	0.12958248773106454
150.89744872436216	0.06137636922510308	0.1293748589060984
151.03051525762882	0.061287984784480234	0.12951317616756147
151.16358179089545	0.06113145735417984	0.12973024196537447
151.29664832416208	0.06085306115620083	0.12963687658655548
151.4297148574287	0.06088790434693377	0.1293825878628372
151.56278139069533	0.06077475038412988	0.12918169427998552
151.69584792396196	0.06064726226209743	0.12880360813723077
151.82891445722862	0.060634145970904704	0.1286415866394886
151.96198099049525	0.06068066383421057	0.12880410502603076
152.09504752376188	0.06080885594930871	0.1285858143571119
152.2281140570285	0.060512761045340195	0.12872365754218223
152.36118059029513	0.06025937252383012	0.12850061349885286
152.49424712356176	0.06053877571622789	0.12884412014540744
152.62731365682842	0.060684808151922634	0.12914327359776462
152.76038019009505	0.06070797679439099	0.1294326102034895
152.89344672336168	0.060959284489742006	0.12973023824604707
153.0265132566283	0.06104130817352547	0.12956335337096228
153.15957978989493	0.06112369370848557	0.12945072621196282
153.2926463231616	0.0610372640795637	0.1297134737825227
153.42571285642822	0.060880278209595025	0.1298955921138177
153.55877938969485	0.06087474369062147	0.12970778481254486
153.69184592296148	0.06058336690203163	0.1299948000263374
153.8249124562281	0.060582663197897214	0.1298737871193683
153.95797898949473	0.060696722664776465	0.12920105744653537
154.0910455227614	0.06066935359465396	0.12905805080611385
154.22411205602802	0.06077586529492783	0.12879206296430276
154.35717858929465	0.06068215238555699	0.12837646604597985
154.49024512256128	0.06093086361307796	0.12818910673091938
154.6233116558279	0.06124483614250279	0.12853623729220043
154.75637818909453	0.06148296282001544	0.1287482649017761
154.8894447223612	0.06152817892674488	0.12892503378449138
155.02251125562782	0.06155223619398187	0.1289986157295756
155.15557778889445	0.06172650052516787	0.12908546664284967
155.28864432216108	0.06193585617660899	0.12895071332290844
155.4217108554277	0.06214959271179291	0.12889250276027994
155.55477738869433	0.062484275889565226	0.1286415143017197
155.687843921961	0.06246032642911916	0.1280817598217883
155.82091045522762	0.0624198915842741	0.12794926756105182
155.95397698849425	0.06255240493070872	0.12788845526125095
156.08704352176088	0.06251419758014425	0.12774258551284032
156.2201100550275	0.06244037681743244	0.12788063792593682
156.35317658829413	0.062578102491966	0.1280158274227849
156.4862431215608	0.06268960558686398	0.12811997494023067
156.61930965482742	0.0628445551445277	0.12789210229626746
156.75237618809405	0.06256774718138741	0.12774516796994498
156.88544272136068	0.0625901684381988	0.12770710423897594
157.0185092546273	0.06267873302012829	0.12749171285437164
157.15157578789393	0.06277816269437968	0.12716674814681286
157.2846423211606	0.0630188654044578	0.1272646238499058
157.41770885442722	0.06275480220981919	0.12744623130127777
157.55077538769385	0.06273142842237522	0.12760718526589418
157.68384192096048	0.06262862365666327	0.12803691812759024
157.8169084542271	0.06286358783474336	0.1280697996029666
157.94997498749373	0.06334056831180637	0.12837663080662748
158.0830415207604	0.06317284208210194	0.12846674622855114
158.21610805402702	0.0630341830901773	0.12804115359370297
158.34917458729365	0.06302992618784967	0.12796838989932385
158.48224112056027	0.06285322988119907	0.12812809023119381
158.6153076538269	0.06295692942793943	0.12784336920354286
158.74837418709353	0.06298417639122648	0.12814902205274376
158.8814407203602	0.06262937922523468	0.12858606881376491
159.01450725362682	0.06272507314492327	0.12840985553599107
159.14757378689345	0.06293237519829743	0.12788776969473697
159.28064032016007	0.06338367182670325	0.12778478187261302
159.4137068534267	0.06332379814952288	0.12813798069889354
159.54677338669333	0.06312682238811915	0.12828367713075645
159.67983991996	0.06312569539235482	0.1278700144584872
159.81290645322662	0.06316708384119557	0.12747946600564927
159.94597298649325	0.06320674863937373	0.12793833626682283
160.07903951975987	0.06350782760331783	0.12853697926716756
160.2121060530265	0.06364758946757443	0.1284911992923934
160.34517258629313	0.06338164684605395	0.12845848030078172
160.4782391195598	0.06356001230081815	0.12877929554211007
160.61130565282642	0.0638402092343778	0.1287536510553287
160.74437218609305	0.0637368521632875	0.12921075754517436
160.87743871935967	0.06375439677093099	0.12955872804908283
161.0105052526263	0.06373914034397093	0.12963880556800764
161.14357178589293	0.063786978300884	0.1293717114693967
161.2766383191596	0.06350765064166923	0.12924894477503338
161.40970485242622	0.06339026564208226	0.1295638525282136
161.54277138569284	0.0631477734111478	0.13014722012949767
161.67583791895947	0.06304403828897776	0.13050410700492585
161.8089044522261	0.06272956834097229	0.1308523844530378
161.94197098549273	0.062339954321092135	0.13096883396539166
162.0750375187594	0.0621118934423245	0.13099025085410185
162.20810405202602	0.06166385628246014	0.13165714263505157
162.34117058529264	0.06156510468707935	0.13151921739865752
162.47423711855927	0.06153135425673996	0.13121256625421113
162.6073036518259	0.06148272891861668	0.1315139053301827
162.74037018509253	0.061329904709472145	0.13142746911611003
162.8734367183592	0.06136985463888847	0.13115456205891912
163.00650325162582	0.06112218946004941	0.13102546683406882
163.13956978489244	0.060885221564073166	0.13105346358094389
163.27263631815907	0.060822282972888164	0.13135009386914728
163.4057028514257	0.06088041361123189	0.13147550681427236
163.53876938469233	0.06118121281421177	0.13154290206468355
163.671835917959	0.06076354554682412	0.1316763916120729
163.80490245122562	0.06050640630790653	0.13167956585690763
163.93796898449224	0.06081997242198142	0.13158463990551775
164.07103551775887	0.06106782057935281	0.13148451427086577
164.2041020510255	0.06120072790458181	0.1316155435580017
164.33716858429213	0.06130140209749976	0.13184310497058416
164.4702351175588	0.06124792314360149	0.1318243960470701
164.60330165082541	0.06135646249893086	0.13177246298513762
164.73636818409204	0.06149148359060902	0.13187186210681057
164.86943471735867	0.061539139934874164	0.13156856231453629
165.0025012506253	0.0613161088826623	0.13173136850903852
165.13556778389193	0.061230227560166356	0.13178940545990955
165.2686343171586	0.061328336953737336	0.13184500830974197
165.40170085042521	0.061190925789327374	0.1323269998002264
165.53476738369184	0.06103008690815821	0.1322333117546197
165.66783391695847	0.061267246540390806	0.13169014603428963
165.8009004502251	0.06149324869050291	0.13149783697327005
165.93396698349173	0.06161807152950073	0.13103276896142013
166.06703351675839	0.061679755287879987	0.1309776614371526
166.20010005002501	0.061844892497878674	0.1310159461681182
166.33316658329164	0.062181421229884105	0.13100989956536985
166.46623311655827	0.06216697277604269	0.13079651399047523
166.5992996498249	0.062319168185548494	0.13047434515618722
166.73236618309153	0.06258933613305398	0.13070513518293597
166.86543271635819	0.06248823181495485	0.13057891819616846
166.9984992496248	0.062344743132494856	0.13058824161170937
167.13156578289144	0.06230523054545579	0.13095527790193004
167.26463231615807	0.06234630661204963	0.13095077269068087
167.3976988494247	0.06271127757107216	0.13087298406207232
167.53076538269133	0.06290302217220653	0.13084369937723697
167.66383191595799	0.062342140916456984	0.13065209812758963
167.7968984492246	0.06247768603802563	0.1308607519458056
167.92996498249124	0.06271459690975763	0.13067861586014706
168.06303151575787	0.062386801747533145	0.1304003250485074
168.1960980490245	0.061987537915268225	0.13056572934262164
168.32916458229113	0.06192779284092509	0.13108312835396807
168.46223111555778	0.06202457324495886	0.1309817629501481
168.5952976488244	0.06249052875365127	0.13070011066539905
168.72836418209104	0.06265831842565972	0.13079658722089815
168.86143071535767	0.0625406041144261	0.1308524248749369
168.9944972486243	0.06246872683688061	0.13111886888900193
169.12756378189093	0.06243503110316528	0.13170410084559386
169.26063031515758	0.06273860529636653	0.1318965291760722
169.3936968484242	0.06279407843362128	0.13230571178458217
169.52676338169084	0.06265620081602588	0.13233228044803344
169.65982991495747	0.06262344382206911	0.13212864550989611
169.7928964482241	0.06291473561455618	0.13214153181887267
169.92596298149073	0.06294493436117728	0.13202909081119363
170.05902951475738	0.06254876091084077	0.13217720760885215
170.192096048024	0.06246905039179385	0.13231384333528676
170.32516258129064	0.062358893855596495	0.13223415886932305
170.45822911455727	0.06203639242101733	0.1321756066899255
170.5912956478239	0.06217791736468511	0.13220395510392702
170.72436218109056	0.06196765902965483	0.13196035586210142
170.85742871435718	0.06167915507436273	0.1322311865615031
170.9904952476238	0.06183617226622676	0.13241413746781147
171.12356178089044	0.062053609045609685	0.13198284408035393
171.25662831415707	0.06191925975923936	0.13167987527696182
171.3896948474237	0.061711310721909655	0.1317415301387829
171.52276138069035	0.06187426678456874	0.13169327753434298
171.65582791395698	0.0618282286062196	0.1317767144680141
171.7888944472236	0.06147386376777052	0.131970169311217
171.92196098049024	0.06138710543506785	0.13148228513291796
172.05502751375687	0.06133969709627457	0.13127787995329002
172.1880940470235	0.06130243261379435	0.13116490545481624
172.32116058029015	0.06125891642895059	0.13143220168803388
172.45422711355678	0.06090157212436373	0.1323440186965905
172.5872936468234	0.060600962275759694	0.13215803694976283
172.72036018009004	0.060724008748073696	0.1324192111226673
172.85342671335667	0.0609581642303554	0.13239597851064566
172.9864932466233	0.06099436209011848	0.1321252964591428
173.11955977988995	0.06093110992409265	0.13239158034698342
173.25262631315658	0.060755102185668576	0.1320591389194566
173.3856928464232	0.060753724041004695	0.13209001444966229
173.51875937968984	0.06104003772993603	0.13209254826647746
173.65182591295647	0.06086488031715687	0.13229181996374523
173.7848924462231	0.060859497919638635	0.13213106578750122
173.91795897948975	0.06103773009350975	0.13201952869422864
174.05102551275638	0.0610166393547128	0.13170825841156705
174.184092046023	0.061093524365689114	0.13157184406784364
174.31715857928964	0.06121962428477004	0.1318437625313318
174.45022511255627	0.06089584494116957	0.13155406378061987
174.5832916458229	0.060659932838206844	0.13160692194976542
174.71635817908955	0.06067886107461187	0.13083953320797673
174.84942471235618	0.060690531591407505	0.13077127402111718
174.9824912456228	0.060620995427951616	0.13085917382275464
175.11555777888944	0.06140011002986255	0.1310272552601905
175.24862431215607	0.06160018478302327	0.13108044922021103
175.3816908454227	0.06136514918462292	0.13098248241954943
175.51475737868935	0.0613958429140443	0.13097208639372046
175.64782391195598	0.061363615652086895	0.13129090186413003
175.7808904452226	0.06138838765778967	0.130989673567937
175.91395697848924	0.06166637100732397	0.1312554488559343
176.04702351175587	0.06142034688461489	0.1316102420593274
176.1800900450225	0.06127963139274989	0.1310700510576722
176.31315657828915	0.06148967943461259	0.13077164259121343
176.44622311155578	0.061646434206958145	0.13127172661833503
176.5792896448224	0.06174029432752862	0.1313388616577584
176.71235617808904	0.06183672817713934	0.13144293527090295
176.84542271135567	0.06178201029067758	0.1314419646369437
176.9784892446223	0.06208425876148855	0.13118322084589404
177.11155577788895	0.06203698146920451	0.1314604118924378
177.24462231115558	0.06195651765814994	0.13115454585979827
177.3776888444222	0.061883107447364125	0.1311177709639515
177.51075537768884	0.061846825108445816	0.13113890764927508
177.64382191095547	0.06186057714838771	0.13094826396526202
177.7768884442221	0.06211804696687443	0.1309580938215229
177.90995497748875	0.06199752527131792	0.13057940059166992
178.04302151075538	0.06169605974678269	0.13058303217552733
178.176088044022	0.06189054676603739	0.1305659874171258
178.30915457728864	0.06197109530215918	0.13025838999700312
178.44222111055527	0.06194606817199914	0.13048343819005356
178.5752876438219	0.06167953408541705	0.1305585044487542
178.70835417708855	0.0616333840558128	0.13029510280986847
178.84142071035518	0.06182997813186254	0.13006154769752828
178.9744872436218	0.061872514262024295	0.12997336890973932
179.10755377688844	0.06206496745573387	0.13008236487118457
179.24062031015507	0.062018931856617214	0.13029720903802844
179.3736868434217	0.062278520698634515	0.13069816865020825
179.50675337668835	0.06270963057009608	0.13059453773115387
179.63981990995498	0.06242915118885713	0.13013930392535522
179.7728864432216	0.06251428232097267	0.13028484950914698
179.90595297648824	0.06247856765701872	0.13042605216168607
180.03901950975487	0.06249592285352429	0.1304378289432501
180.1720860430215	0.06270633103261077	0.13069822675395779
180.30515257628815	0.062070286568728684	0.13077650795331897
180.43821910955478	0.06190186697697997	0.13102910896830486
180.5712856428214	0.062390837971119426	0.13101301004514823
180.70435217608804	0.062329625929185374	0.13117129458869223
180.83741870935467	0.062131900140335795	0.13154963372599027
180.9704852426213	0.061787702410127654	0.13120677847484177
181.10355177588795	0.061784357697054065	0.13085334052092415
181.23661830915458	0.06194356736664504	0.13081827035587207
181.3696848424212	0.06205537936293337	0.1309055821917575
181.50275137568784	0.0620800565706652	0.13109780851215314
181.63581790895446	0.062140681587953564	0.1310136196297395
181.7688844422211	0.06218649633932969	0.13082905040055182
181.90195097548775	0.06213373871949613	0.1306972572544539
182.03501750875438	0.06240824497494758	0.13066783841655785
182.168084042021	0.06251036765114246	0.13044790069428577
182.30115057528764	0.06232300801271049	0.13054762095724182
182.43421710855426	0.062138179373115054	0.1305387912539172
182.5672836418209	0.06205679982807189	0.13028105383247618
182.70035017508755	0.0617112926180953	0.13023321492217424
182.83341670835418	0.06152847706846235	0.13042258361024317
182.9664832416208	0.061756929367024475	0.13050679487829442
183.09954977488744	0.06192698980750731	0.13052221359886523
183.23261630815406	0.06186756019829023	0.1309702609498377
183.3656828414207	0.061814428524154516	0.13098134068907874
183.49874937468735	0.06188048418289697	0.13094755045212159
183.63181590795398	0.0624238690612975	0.1307385333978521
183.7648824412206	0.06242620779415002	0.13068287493048292
183.89794897448724	0.06214915443894218	0.13109418045824592
184.03101550775386	0.062238010762629546	0.13099245864573317
184.1640820410205	0.06206863618492372	0.13042439941794676
184.29714857428715	0.06223478063954651	0.12981610802655322
184.43021510755378	0.06229662036607554	0.12951670100937232
184.5632816408204	0.062000654581420414	0.12929331718277845
184.69634817408703	0.061845297514058144	0.12945864313232508
184.82941470735366	0.06173826528683758	0.12947639514303377
184.9624812406203	0.06189731350552845	0.12958195639122572
185.09554777388695	0.06165992040111598	0.12976436072716846
185.22861430715358	0.06160267463962959	0.1299916633721493
185.3616808404202	0.06121678654828289	0.1304061414718708
185.49474737368683	0.061255260599463734	0.13090140996447744
185.62781390695346	0.0614716410830176	0.13072412024906824
185.7608804402201	0.06130209054244414	0.13082179876249048
185.89394697348675	0.06156175244114525	0.13107104390830768
186.02701350675338	0.06165457711581446	0.13089523487086135
186.16008004002	0.06162015586702071	0.13092158687036867
186.29314657328663	0.06178468711699926	0.130939792747291
186.42621310655326	0.061639130683477504	0.13063838218864596
186.5592796398199	0.06147984942340214	0.1304209474564409
186.69234617308655	0.06206617361862264	0.13043340913006904
186.82541270635318	0.06227590606142749	0.13034761994120334
186.9584792396198	0.062241959759099755	0.13024174622863735
187.09154577288643	0.062264536678295186	0.1304814009123518
187.22461230615306	0.06224638236236286	0.130397763484643
187.3576788394197	0.062202903755416095	0.13064947392799542
187.49074537268635	0.06219940499233867	0.13070861208175566
187.62381190595298	0.06227433768985439	0.13101971270486573
187.7568784392196	0.0623533624970205	0.13121501072167924
187.88994497248623	0.06228806835717754	0.13152645291039433
188.02301150575286	0.06248453848739674	0.13181417842484985
188.15607803901952	0.062407343919179875	0.13194176664215784
188.28914457228615	0.06250144739236078	0.13219553768727843
188.42221110555278	0.06274064859754314	0.13205615067721424
188.5552776388194	0.062772957320865	0.13147787367151376
188.68834417208603	0.06279019014564176	0.13063722360174418
188.82141070535266	0.0628592943700844	0.1302115761095787
188.95447723861932	0.06263239295251057	0.1304567697843477
189.08754377188595	0.0624259982994589	0.13056357639430596
189.22061030515258	0.06220102897496936	0.13024347518155469
189.3536768384192	0.06253556382883713	0.13019528573862008
189.48674337168583	0.06250905856504016	0.13063097732979884
189.61980990495246	0.062081507559578836	0.13027403195480686
189.75287643821912	0.062425420164713946	0.13010718884347133
189.88594297148575	0.06249180666675555	0.13023963527596008
190.01900950475238	0.06213820569742965	0.13014337055081424
190.152076038019	0.06180014830048108	0.13003219923531772
190.28514257128563	0.061623027111067104	0.13006672053741544
190.41820910455226	0.06153946292748819	0.12978000465650605
190.55127563781892	0.061631546490268925	0.12970807606936471
190.68434217108555	0.06125789710648436	0.12964004788497915
190.81740870435218	0.061353891315083044	0.1294872205739116
190.9504752376188	0.061713007914676134	0.12929301665796272
191.08354177088543	0.06187164682298056	0.12952782098451449
191.21660830415206	0.061839147141831856	0.12942453060841874
191.34967483741872	0.061834560928829205	0.13001784597511962
191.48274137068535	0.06220457392069167	0.13022900831169137
191.61580790395197	0.06207227612768419	0.1302319873466155
191.7488744372186	0.06186867022175901	0.12991187411546395
191.88194097048523	0.06182191119854019	0.12974898612165123
192.01500750375186	0.06167819673718394	0.12925183417599886
192.14807403701852	0.061476282805560015	0.129452569717344
192.28114057028515	0.06166806834180629	0.1296147618904903
192.41420710355177	0.061459317976064055	0.1292305446821687
192.5472736368184	0.061804383531584364	0.12931780767548604
192.68034017008503	0.061865874444967855	0.12873868887848322
192.81340670335166	0.06186686572200223	0.12858085485544785
192.94647323661832	0.061772008747276654	0.12822112058036603
193.07953976988495	0.06174598240737898	0.12842753609705643
193.21260630315157	0.061971442013975725	0.12839148523331054
193.3456728364182	0.062172336953489234	0.12815401002565552
193.47873936968483	0.062310913780499994	0.12858302378866035
193.61180590295146	0.062226897896599985	0.1294897519447869
193.74487243621812	0.06162407175570422	0.12969481497838695
193.87793896948475	0.06171185275704486	0.12953101852251991
194.01100550275137	0.06192320276416429	0.12966837746491852
194.144072036018	0.06220244421792565	0.12919569966385883
194.27713856928463	0.06193016001579034	0.12891326545804763
194.41020510255126	0.0620343515729164	0.12899876537169136
194.54327163581792	0.06203700672829103	0.12945281375160378
194.67633816908454	0.062035960245618325	0.12951392073753698
194.80940470235117	0.06234823125196686	0.12950845567945157
194.9424712356178	0.062448835747943146	0.12944776254726456
195.07553776888443	0.062433259565574564	0.12914030154571818
195.20860430215106	0.06256852503719372	0.12965813874060234
195.34167083541772	0.06237498204270285	0.12985146704960285
195.47473736868434	0.06211445455492531	0.13009547542636943
195.60780390195097	0.06222545700876606	0.13015195350058564
195.7408704352176	0.0625566779197654	0.13046389392653931
195.87393696848423	0.06289173114212604	0.13096216334145
196.00700350175086	0.06274706108842641	0.13131754539446872
196.14007003501752	0.0632535967128054	0.1312599984507188
196.27313656828414	0.06359977264981397	0.13175628854422083
196.40620310155077	0.0635242248606055	0.13219370812072898
196.5392696348174	0.0634346758657657	0.13206189887233016
196.67233616808403	0.06335890610123542	0.13154880621548642
196.80540270135066	0.0634887630247637	0.1307995960061639
196.93846923461732	0.06365796101105105	0.1305738144215671
197.07153576788394	0.06365934605643565	0.13110785060261865
197.20460230115057	0.06354637327813677	0.1305645058526552
197.3376688344172	0.06364470032174582	0.13074089085657759
197.47073536768383	0.06366025134999624	0.13099098522954405
197.60380190095046	0.06354644300663609	0.13091163379995835
197.73686843421712	0.06348963964983624	0.13084480448922894
197.86993496748374	0.06360021384214168	0.13080394653139
198.00300150075037	0.06382858172026136	0.13064328028148672
198.136068034017	0.0639203411764628	0.13015755745787305
198.26913456728363	0.06376813905115755	0.13008314428295034
198.40220110055026	0.06377292231493811	0.12980085006627143
198.53526763381691	0.06360873001782029	0.13047440089649548
198.66833416708354	0.06355165968500137	0.13042229905907293
198.80140070035017	0.06331944006361896	0.13022700491589476
198.9344672336168	0.063672183902226	0.13014248107094092
199.06753376688343	0.06368244165674679	0.13002880841070524
199.20060030015006	0.06365759912517636	0.13008020307754506
199.33366683341671	0.06368318625090656	0.12977367107807478
199.46673336668334	0.06394321252376786	0.12939536558827014
199.59979989994997	0.06356965721383538	0.12925685223964734
199.7328664332166	0.06345244206947173	0.12891460583652925
199.86593296648323	0.06356891944772772	0.12936363041479298
199.99899949974986	0.06349312192194491	0.1290993786319217
200.1320660330165	0.06337047396819159	0.1292670103320373
200.26513256628314	0.06357940432079835	0.1293419411373146
200.39819909954977	0.06345978931429032	0.1291896636445826
200.5312656328164	0.06325351901285753	0.1295801082161637
200.66433216608303	0.06303862078140995	0.1295496698559518
200.79739869934966	0.06294363139520857	0.12917351509148509
200.9304652326163	0.06308697327801328	0.12884974615115524
201.06353176588294	0.06286675742372189	0.12900151070443852
201.19659829914957	0.06297989073510621	0.12890570258007317
201.3296648324162	0.06271249355288615	0.12869394960624297
201.46273136568283	0.06269540785756275	0.12851821665301935
201.59579789894946	0.06281067870436895	0.1281573194882313
201.7288644322161	0.06281276211236565	0.12845341910360034
201.86193096548274	0.06280472221502871	0.12822557688856076
201.99499749874937	0.06269579143710528	0.12791584119050844
202.128064032016	0.06257838679203166	0.12763149520210704
202.26113056528263	0.062742542511276	0.1276972917114614
202.39419709854926	0.06269444460236176	0.12771419189345848
202.5272636318159	0.06280000137509126	0.12792044008691947
202.66033016508254	0.06301805818990973	0.12787048753218566
202.79339669834917	0.06328364117344795	0.12819361377780042
202.9264632316158	0.06318489717614025	0.12814681293888344
203.05952976488243	0.06345302482516343	0.12803749980861728
203.19259629814906	0.06331859075517556	0.12815820517383475
203.3256628314157	0.06330328777759077	0.12801048191779243
203.45872936468234	0.06357528341648251	0.12827920372911622
203.59179589794897	0.06357579849789356	0.12794877591187262
203.7248624312156	0.06346345448895138	0.12749908638260085
203.85792896448223	0.06348524264373889	0.12763925457257244
203.99099549774886	0.06348196073603787	0.12766428987216324
204.1240620310155	0.06316640664858385	0.1274372971242598
204.25712856428214	0.06323003774274484	0.1273792787047823
204.39019509754877	0.06329096072540781	0.12749408700429124
204.5232616308154	0.0630990590218847	0.12765416129644147
204.65632816408203	0.06316945454832357	0.12775726523541442
204.78939469734868	0.06334260419651044	0.1278075511594912
204.9224612306153	0.06375201156061963	0.1276775699080222
205.05552776388194	0.0638900038159483	0.12763202595058679
205.18859429714857	0.0638273934040068	0.12800124243279684
205.3216608304152	0.06374738867076409	0.12796819365069023
205.45472736368183	0.06378345257679915	0.1275380503626531
205.58779389694848	0.06375327118030927	0.12703987873363237
205.7208604302151	0.06390607583186321	0.12693059282856425
205.85392696348174	0.06377122267146597	0.12651699750796358
205.98699349674837	0.06366246717141578	0.1263614138264006
206.120060030015	0.06355616485524847	0.1264571895826228
206.25312656328163	0.06326632938341671	0.1267846575260705
206.38619309654828	0.06330281693660167	0.12672220005116422
206.5192596298149	0.06326846317819554	0.126829481386674
206.65232616308154	0.06330780020214168	0.1263086188184082
206.78539269634817	0.06332571338327897	0.1260944383590539
206.9184592296148	0.06354029492368717	0.1261177672239923
207.05152576288143	0.06379147260046117	0.12607113874855239
207.18459229614808	0.06375963293730343	0.1257456500033138
207.3176588294147	0.06373459741491254	0.12578865765764674
207.45072536268134	0.06357339148535297	0.12633757110877844
207.58379189594797	0.06339427224260163	0.1263130032367591
207.7168584292146	0.06345243631275885	0.1266261760398041
207.84992496248123	0.06334666423215529	0.12683433681458167
207.98299149574788	0.06335123423272025	0.12743555769818696
208.1160580290145	0.06340231423516059	0.12744935255617634
208.24912456228114	0.06363592487748619	0.12760259847230543
208.38219109554777	0.0636386617495843	0.12790040263186228
208.5152576288144	0.06335334394332186	0.12798968186874038
208.64832416208102	0.06324812885973102	0.1283311782210405
208.78139069534768	0.06344962376897584	0.12803305082294175
208.9144572286143	0.06327537308878758	0.12775415730152836
209.04752376188094	0.06346216031453406	0.1277170670558555
209.18059029514757	0.06361512348033878	0.12838440039895133
209.3136568284142	0.06412056352279327	0.12846351172635337
209.44672336168082	0.0641841803642816	0.12800425816867778
209.57978989494748	0.0640286391214462	0.12780782842356683
209.7128564282141	0.06377466106035348	0.12778999113516126
209.84592296148074	0.06375913850117437	0.12797016248901188
209.97898949474737	0.06354081919433045	0.12756492384278345
210.112056028014	0.06369207572823905	0.1273929979439824
210.24512256128062	0.06359441700148238	0.12768874630559215
210.37818909454728	0.06363757745205802	0.1275035329398157
210.5112556278139	0.06358563740133029	0.12739736273387678
210.64432216108054	0.06362335048635288	0.1274772989111672
210.77738869434717	0.0639214237577594	0.12714119336488539
210.9104552276138	0.06378412107734968	0.1273462094363234
211.04352176088042	0.06374341963860619	0.12746918749657646
211.17658829414708	0.0636250255566045	0.12730944916266843
211.3096548274137	0.06351939450608426	0.12720404031649396
211.44272136068034	0.06362095004707928	0.1266674297485505
211.57578789394697	0.06391229171061166	0.12675700545877025
211.7088544272136	0.06367421567821897	0.12686920122093676
211.84192096048022	0.06356093947005685	0.12673329537168593
211.97498749374688	0.06355629852268517	0.12681999358974858
212.1080540270135	0.06367688818835887	0.1265139451464648
212.24112056028014	0.06371225359292587	0.12680576676227553
212.37418709354677	0.06379435111001072	0.12709689069374197
212.5072536268134	0.06364179696966892	0.12691196797914764
212.64032016008002	0.06375328427975435	0.12677167514913754
212.77338669334668	0.06343468164681734	0.12675782837966532
212.9064532266133	0.06356816875980525	0.12723042022594305
213.03951975987994	0.06368618021952104	0.12679713461280906
213.17258629314657	0.06348318305933787	0.1270817619914691
213.3056528264132	0.06365982433581545	0.1273820760122571
213.43871935967982	0.06362723010265817	0.12751325230911373
213.57178589294648	0.06331257375586918	0.1276849200421469
213.7048524262131	0.06350037503904969	0.12756498179409909
213.83791895947974	0.06358462356950557	0.12762885558701684
213.97098549274637	0.06406847047506374	0.12733843011696508
214.104052026013	0.06412051266353791	0.1270872618955015
214.23711855927962	0.06430440697891796	0.12682048083008676
214.37018509254628	0.0640780714497855	0.12685138270364968
214.5032516258129	0.06388648371005992	0.12640196073964993
214.63631815907954	0.06383409620812631	0.12629292349814286
214.76938469234616	0.06388904092365562	0.1267517854860561
214.9024512256128	0.06405326261945475	0.1271215504838867
215.03551775887942	0.0639120237204488	0.12738760493986184
215.16858429214608	0.06403914995652993	0.12744843692368976
215.3016508254127	0.06408861297670095	0.1274428122679382
215.43471735867934	0.06400985593512488	0.12759780584074024
215.56778389194596	0.06392805662466298	0.1274199229976044
215.7008504252126	0.06430333480086398	0.12756830104046277
215.83391695847922	0.06413788806767919	0.12791626095886463
215.96698349174588	0.06397602775252995	0.12796986544774377
216.1000500250125	0.06389526841496614	0.12806525716029143
216.23311655827914	0.06403744961451047	0.1280668368157711
216.36618309154576	0.06416188602622461	0.12789571086689344
216.4992496248124	0.06413892582269924	0.12796336738676856
216.63231615807902	0.06424059232092638	0.1278506132141127
216.76538269134568	0.06443555225844508	0.12761912821423135
216.8984492246123	0.06459207352269823	0.1279322901975381
217.03151575787894	0.06440090995580612	0.12739361373101044
217.16458229114556	0.06435864397896572	0.12708594090520028
217.2976488244122	0.06453847669157435	0.12732388854398866
217.43071535767882	0.06454829256416325	0.12754542355856832
217.56378189094548	0.06436457544184518	0.12771199564137095
217.6968484242121	0.06452345244597596	0.12800944823111804
217.82991495747874	0.06439874099669231	0.12841847156635516
217.96298149074536	0.06433648400246131	0.1285258729866693
218.096048024012	0.0643390457782019	0.12894345276953306
218.22911455727862	0.06440285817739691	0.12867645209130718
218.36218109054528	0.06454488588613734	0.128703917766425
218.4952476238119	0.06430817511648855	0.12903031803506693
218.62831415707853	0.06388505591561448	0.12879039742338072
218.76138069034516	0.0637395060071566	0.12861792444084597
218.8944472236118	0.06385968268888233	0.12883355375165412
219.02751375687842	0.06429250370779031	0.12878512332902758
219.16058029014508	0.06433719073883289	0.12854633739191262
219.2936468234117	0.064464719170197	0.12810728720008355
219.42671335667833	0.06413806638336511	0.12791577156288025
219.55977988994496	0.0642111130623289	0.1281715986825055
219.6928464232116	0.06407611835239914	0.12874505040436932
219.82591295647822	0.06386421977269571	0.12891160139223293
219.95897948974488	0.06349225204743322	0.12913314290117067
220.0920460230115	0.06375104211594029	0.1293925429818948
220.22511255627813	0.06395763930426016	0.12912138072474996
220.35817908954476	0.06460146379086656	0.1286034196242086
220.4912456228114	0.06437785535776543	0.12811690378744767
220.62431215607802	0.06454988849058571	0.1283808391997519
220.75737868934468	0.06427070258195494	0.12827884283978014
220.8904452226113	0.06462667418280851	0.12843035591610563
221.02351175587793	0.06461849892662341	0.12833434716113182
221.15657828914456	0.06441929444353514	0.12786061984141833
221.2896448224112	0.06487149197272549	0.1280009088891567
221.42271135567785	0.06493450675423484	0.1286911349276342
221.55577788894448	0.06472436285211686	0.1285577852354079
221.6888444222111	0.0648428798413835	0.12826228355229954
221.82191095547773	0.0649353419299972	0.128465242800427
221.95497748874436	0.06495791035104383	0.1287898866140387
222.088044022011	0.06496536418120502	0.1287734845522582
222.22111055527765	0.06492216410374953	0.12864617828035804
222.35417708854428	0.06489115039213185	0.12870752500573104
222.4872436218109	0.06479280899312088	0.12903692431627187
222.62031015507753	0.06528845629636154	0.12905819966154383
222.75337668834416	0.06535744867607879	0.12850860931200397
222.8864432216108	0.06509876085277638	0.12868280226688317
223.01950975487745	0.06501980852477487	0.1290870306661271
223.15257628814408	0.06482897668516861	0.12870917909884358
223.2856428214107	0.06455577505899088	0.12857699967842207
223.41870935467733	0.06443152782179236	0.12887087560083432
223.55177588794396	0.06467765370492584	0.12858033235007843
223.6848424212106	0.0645881683904258	0.12807052678545228
223.81790895447725	0.06474025123800735	0.12841225430858652
223.95097548774388	0.06446572463413333	0.1286883028396904
224.0840420210105	0.06457133658810496	0.12921885607785744
224.21710855427713	0.06487649115963137	0.1289869224408642
224.35017508754376	0.06481545541531619	0.12857242804632363
224.4832416208104	0.06464189339630255	0.1283995620630255
224.61630815407705	0.06466937298746296	0.12871228435785598
224.74937468734367	0.06485897199859635	0.12887336363892837
224.8824412206103	0.06483247070765588	0.12844694874407941
225.01550775387693	0.06490180493294823	0.12838104358076266
225.14857428714356	0.06498064740279973	0.1283424129351589
225.2816408204102	0.06526162503518473	0.12797619905732466
225.41470735367685	0.06551522351739192	0.12761354552509055
225.54777388694347	0.06534141170422895	0.1276780750524282
225.6808404202101	0.06528775740729656	0.12753207479127876
225.81390695347673	0.0649867958755682	0.12730432520742432
225.94697348674336	0.06462752744879269	0.1275228566614125
226.08004002001	0.06490441680857835	0.12749748104098604
226.21310655327665	0.06486736293766643	0.12720000994941041
226.34617308654327	0.06488891336237596	0.1268178885053724
226.4792396198099	0.0647836910906949	0.1273681976549919
226.61230615307653	0.06452505276175587	0.12689262183554323
226.74537268634316	0.06485074994865217	0.1267010490950599
226.8784392196098	0.06438044252324711	0.12675925651400444
227.01150575287645	0.06443361380302651	0.12724297513221267
227.14457228614307	0.064567542458705	0.12744184601333275
227.2776388194097	0.0647209801365286	0.12745398383436704
227.41070535267633	0.06454466930877298	0.12752037450589168
227.54377188594296	0.06475920564660308	0.127295795083018
227.6768384192096	0.06471868631489658	0.12720586532265324
227.80990495247624	0.06485311318473594	0.12711428514021697
227.94297148574287	0.06462138779076389	0.12718243448352376
228.0760380190095	0.0648173037008767	0.127269893769755
228.20910455227613	0.06487985299926241	0.12735509821621016
228.34217108554276	0.06511955278447437	0.12703461765645663
228.4752376188094	0.06501378172679707	0.1272735522707749
228.60830415207604	0.06491182122057303	0.12732872150478391
228.74137068534267	0.06499545486583727	0.1276899159446875
228.8744372186093	0.06503740922295076	0.12742362937103674
229.00750375187593	0.0651872699821572	0.12732772810567963
229.14057028514256	0.06527130825640587	0.12729008258517469
229.2736368184092	0.06549941264230735	0.12738306811988742
229.40670335167584	0.06539630770584068	0.12767148615698898
229.53976988494247	0.0651874982322435	0.12752628521073284
229.6728364182091	0.06530942754858923	0.12735994085473712
229.80590295147573	0.06538958453439901	0.12767715757691098
229.93896948474236	0.06498734667810463	0.12789344336467656
230.072036018009	0.06485145451366221	0.12774524042667523
230.20510255127564	0.0647825672313906	0.12807405828135307
230.33816908454227	0.06463249708207185	0.12831174190433878
230.4712356178089	0.06475545670583945	0.12842728396473949
230.60430215107553	0.06489765108250507	0.12837711184752082
230.73736868434216	0.06478973408789965	0.12784448921856145
230.8704352176088	0.0648509594344148	0.12780578030734127
231.00350175087544	0.06477034878501851	0.1277686402579382
231.13656828414207	0.06507082285615742	0.12763988432695123
231.2696348174087	0.06499197592761614	0.12749049658663988
231.40270135067533	0.06509289701394634	0.1276523530362202
231.53576788394196	0.06494032763102188	0.12800301387249846
231.6688344172086	0.0651486529947434	0.1272093619692096
231.80190095047524	0.06497974382634474	0.12668996022061757
231.93496748374187	0.0650872403738668	0.12686858515962382
232.0680340170085	0.06514780115133544	0.1268364724551181
232.20110055027513	0.06479808395197961	0.12686906237813514
232.33416708354176	0.06500007202897569	0.12722925636706783
232.4672336168084	0.06499208627237253	0.12669560318164552
232.60030015007504	0.06508310689900068	0.12660198589702928
232.73336668334167	0.06531788362085497	0.127190566882256
232.8664332166083	0.06506296025452414	0.12669981383375445
232.99949974987493	0.06500388427132309	0.12666039827818948
233.13256628314156	0.06514777622867539	0.12624407206940066
233.26563281640819	0.06454470926404579	0.12652385817773185
233.39869934967484	0.06430386448404879	0.12628890082141506
233.53176588294147	0.0641369186360073	0.12551937497941568
233.6648324162081	0.06371404045489748	0.1253254967176467
233.79789894947473	0.06330155414076698	0.1257496952935922
233.93096548274136	0.06329211197219835	0.12567911910746996
234.06403201600799	0.0632702056271825	0.12553094943222123
234.19709854927464	0.06308794581092614	0.12575634544468856
234.33016508254127	0.06276878522019966	0.12616178872974054
234.4632316158079	0.06244986784897995	0.12629382884299004
234.59629814907453	0.06248228689007151	0.1259953428885915
234.72936468234116	0.06238280231058907	0.12644270784272138
234.86243121560778	0.06273599803688122	0.126462896262834
234.99549774887444	0.06304673430600692	0.1262999135945863
235.12856428214107	0.06304638393151696	0.12561552850052726
235.2616308154077	0.06321322770040343	0.1254533500907201
235.39469734867433	0.06303265030209461	0.12500781216675153
235.52776388194096	0.06338326011609015	0.125181751243872
235.66083041520758	0.06352844689822792	0.1252050158133183
235.79389694847424	0.06320699148548721	0.1255449704773388
235.92696348174087	0.06361775663811228	0.12502487906812138
236.0600300150075	0.06364044720057378	0.12531054541352266
236.19309654827413	0.06390128117529259	0.1260460376457076
236.32616308154076	0.06316350892358522	0.12572591652678947
236.45922961480738	0.06317272265922404	0.1255063308734296
236.59229614807404	0.06300630085402603	0.12569141106166143
236.72536268134067	0.0627088980384447	0.12580404280386895
236.8584292146073	0.06250608338285878	0.12564780687178084
236.99149574787393	0.06276010515862945	0.1251688290460553
237.12456228114056	0.06356031290107969	0.1252817767575125
237.25762881440718	0.06348022423557025	0.1257902017833201
237.39069534767384	0.06315156724635729	0.12553873853101394
237.52376188094047	0.06331630722497097	0.1257073847805914
237.6568284142071	0.06349076427619267	0.126106421638113
237.78989494747373	0.06352322278053481	0.12587557485378764
237.92296148074036	0.06351581572192788	0.12575334893769652
238.05602801400698	0.06359060840413279	0.12544142512452236
238.18909454727364	0.06349702942513262	0.12521063539880317
238.32216108054027	0.06361646636176757	0.12518188191967813
238.4552276138069	0.06334248411985254	0.12484597205191615
238.58829414707353	0.06336496808512777	0.12494566747585237
238.72136068034015	0.06316211156994726	0.12494533876517906
238.8544272136068	0.06280956098082799	0.12496899559629157
238.98749374687344	0.062755781001446	0.12510008801326308
239.12056028014007	0.06256059973004138	0.12493520580283374
239.2536268134067	0.06263033047062629	0.1251770506009192
239.38669334667333	0.06286296672281748	0.12487099382333489
239.51975987993995	0.06256952521206341	0.12471497377752572
239.6528264132066	0.06258480456526813	0.12501974985857578
239.78589294647324	0.06251632588553667	0.1244171407951669
239.91895947973987	0.06236993934325885	0.12438941441798684
240.0520260130065	0.06214898651133425	0.12480904777457234
240.18509254627313	0.06238322805643452	0.1248998168478674
240.31815907953975	0.06250199489344123	0.12560189426199586
240.4512256128064	0.06214324514939653	0.1256304278479028
240.58429214607304	0.06223004794686536	0.12582248382226535
240.71735867933967	0.062131609583074975	0.12590481790081778
240.8504252126063	0.06226098167139244	0.12571735722158808
240.98349174587293	0.06235867447126658	0.125842077550788
241.11655827913955	0.062105856599621714	0.12572500050434168
241.2496248124062	0.0619739997484171	0.12570041025998227
241.38269134567284	0.06200319537244001	0.12544023064017024
241.51575787893947	0.06218115865126792	0.12507383038753173
241.6488244122061	0.062197850754487555	0.12505788521876451
241.78189094547272	0.06210025783292593	0.12570080971676809
241.91495747873935	0.06190334311076782	0.12607827313525827
242.048024012006	0.06212791829428249	0.12608324196027285
242.18109054527264	0.062193839504065485	0.12581192219883078
242.31415707853927	0.06221210400223163	0.12554142510021085
242.4472236118059	0.0622181807091878	0.12560972253378616
242.58029014507252	0.06222102713623797	0.1253374352374647
242.71335667833915	0.062492823865698294	0.12527088917684992
242.8464232116058	0.06236497195477517	0.12516304532244954
242.97948974487244	0.06228169757832833	0.12490943693937395
243.11255627813907	0.06238270878279021	0.12527189416979043
243.2456228114057	0.06287476279396059	0.1252146066056854
243.37868934467232	0.06281938239964426	0.12529649011692065
243.51175587793895	0.062410115124848654	0.12550472874582919
243.6448224112056	0.06205781556165699	0.12558824438526625
243.77788894447224	0.062316691275898825	0.12582091392232161
243.91095547773887	0.06208670351703737	0.12574566953799174
244.0440220110055	0.06196398994969002	0.1261908480461124
244.17708854427212	0.06204840474878212	0.12612380007001686
244.31015507753875	0.06170996110630423	0.125373236938958
244.4432216108054	0.06157337145933374	0.12583354349054038
244.57628814407204	0.06158908128381834	0.1258146368409292
244.70935467733867	0.0617139480568309	0.1258256131930484
244.8424212106053	0.06175317405288461	0.12570179220266323
244.97548774387192	0.06125851400763343	0.12553133938630207
245.10855427713855	0.06135274132812681	0.12494732235724017
245.2416208104052	0.0610383571732843	0.1252854768891302
245.37468734367184	0.06110939850535892	0.12493323743621354
245.50775387693847	0.06130247673563453	0.12512747727708165
245.6408204102051	0.061282508080865564	0.12490214950931651
245.77388694347172	0.06145975562372616	0.12453409897176125
245.90695347673835	0.06176123457336711	0.12393516530900385
246.040020010005	0.06166328668975545	0.12378772337527483
246.17308654327164	0.06132122378587054	0.12424980806157196
246.30615307653827	0.0613043584912562	0.12428423834758039
246.4392196098049	0.06131975488235871	0.12420795352289983
246.57228614307152	0.06153886201755286	0.12421527020218374
246.70535267633815	0.061553650771655186	0.12409197934826145
246.8384192096048	0.0615133035638647	0.12427942241914143
246.97148574287144	0.06139572685520805	0.12393677571054557
247.10455227613807	0.061518506370779526	0.12394832424012152
247.2376188094047	0.06158990564919064	0.12366655949818399
247.37068534267132	0.061626135731071195	0.1237186976475614
247.50375187593795	0.06141903622435433	0.12363183305308112
247.6368184092046	0.06167856942017552	0.12385267296895712
247.76988494247124	0.06196236790459866	0.1240230518209176
247.90295147573786	0.06202867034471499	0.12349821724027248
248.0360180090045	0.06224720118530487	0.12308424514574984
248.16908454227112	0.06235788065146434	0.12325655701660441
248.30215107553775	0.06254983035004007	0.12354942645186455
248.4352176088044	0.06231202619958389	0.12379012421718064
248.56828414207104	0.06240783722226332	0.12415902569254313
248.70135067533766	0.06229936895078175	0.1245782639116791
248.8344172086043	0.06198916451907321	0.12498676829708355
248.96748374187092	0.061872743041347926	0.12499046159255153
249.10055027513755	0.06219499178461395	0.12450872699660473
249.2336168084042	0.0624189108136167	0.1252539931527839
249.36668334167084	0.06269982239404831	0.12521420166820796
249.49974987493746	0.06249302314601429	0.12477097872953943
249.6328164082041	0.06247689328098423	0.12490541305642493
249.76588294147072	0.0625566067952958	0.12486880886006538
249.89894947473735	0.06286300533861507	0.12448968381321145
250.032016008004	0.06298918132891941	0.12439182627891623
250.16508254127064	0.06297001453731303	0.12423220684123899
250.29814907453726	0.06296439417221046	0.12444865418787046
250.4312156078039	0.06307206338270101	0.12478620674227713
250.56428214107052	0.06308773359871465	0.12446562154031196
250.69734867433715	0.0628634997932421	0.12443693581702064
250.8304152076038	0.06288154903451844	0.12414996085655743
250.96348174087044	0.06267415411095024	0.12432098423300225
251.09654827413706	0.06242506816379356	0.12467556022148782
251.2296148074037	0.062304435361252714	0.12486248859161057
251.36268134067032	0.06236413712130136	0.12440295782952059
251.49574787393695	0.06247382997091431	0.12438402648398406
251.6288144072036	0.06266301763381843	0.1241860843681826
251.76188094047023	0.06300176850286575	0.12379543749163871
251.89494747373686	0.06293922848551653	0.123928344220063
252.0280140070035	0.06260384543816742	0.12417187707260555
252.16108054027012	0.06256217557824334	0.12448019232615277
252.29414707353675	0.06272080152552206	0.12480625971526181
252.4272136068034	0.06266312763116196	0.12535129128350178
252.56028014007003	0.06268857213341268	0.12583564461566554
252.69334667333666	0.06299039744902213	0.12581175060043728
252.8264132066033	0.0626526882492018	0.12561470961818705
252.95947973986992	0.06264147990547989	0.12539086501137048
253.09254627313655	0.06308403836645118	0.12527465256200385
253.2256128064032	0.06319265664991414	0.12530443460379673
253.35867933966983	0.06304549501814995	0.12563711220211876
253.49174587293646	0.06281808163248538	0.12567139535895908
253.6248124062031	0.06281353419616749	0.12569085316713507
253.75787893946972	0.06274733135045114	0.1255965010524287
253.89094547273635	0.06275152794149359	0.125230496691943
254.024012006003	0.06249372342223843	0.12540281412214296
254.15707853926963	0.06226760634922623	0.12511116682906268
254.29014507253626	0.0621659503484538	0.12495468995672684
254.4232116058029	0.06238633000480934	0.12518244388325436
254.55627813906952	0.062350431360346896	0.12494691452873116
254.68934467233615	0.06234847990437818	0.12490191069351082
254.8224112056028	0.06226423851925011	0.12443645688030412
254.95547773886943	0.06221070936086734	0.123783804328057
255.08854427213606	0.0623881373337102	0.1235114333297422
255.2216108054027	0.06236946504915477	0.12315455643395949
255.35467733866932	0.06255440871201634	0.1232185208178318
255.48774387193595	0.06283907489217093	0.12358738484800251
255.6208104052026	0.062466818618969536	0.12330676531511436
255.75387693846923	0.06266354586678888	0.12328930126736579
255.88694347173586	0.06298649442021606	0.12273638845598606
256.0200100050025	0.06292452812100639	0.12282867453362875
256.15307653826915	0.06308918714198966	0.12281563320874482
256.2861430715358	0.06342264287261162	0.12288973968039354
256.4192096048024	0.06346780788151188	0.12325244915309223
256.55227613806903	0.06297562873299171	0.12302278021823491
256.68534267133566	0.06313722338784261	0.12302000658439574
256.8184092046023	0.06320934921547033	0.12363631315044314
256.9514757378689	0.06342031609370138	0.12375448782802101
257.08454227113555	0.06378203581361054	0.12320661192202885
257.2176088044022	0.06370436022381899	0.12288660082596277
257.3506753376688	0.06355048228403366	0.12268448895372065
257.4837418709355	0.06330617371778344	0.12269486404587715
257.6168084042021	0.06323310273040936	0.12292528166240181
257.74987493746875	0.06329684559748205	0.12272131627189023
257.8829414707354	0.06344852095398569	0.12317680650618841
258.016008004002	0.06367215475546946	0.12336022865598013
258.14907453726863	0.06372096091327782	0.12363037745786416
258.28214107053526	0.06372116414250845	0.12341958262613319
258.4152076038019	0.06367936472257711	0.12335727680110425
258.5482741370685	0.06352712426444912	0.12396793634276924
258.68134067033515	0.06344926573833655	0.12440388759194179
258.8144072036018	0.06384570592361083	0.12434369250767695
258.9474737368684	0.06389967111518016	0.12431933918144386
259.0805402701351	0.06381441553553367	0.12415290530075665
259.2136068034017	0.06363181164153446	0.12368106325703822
259.34667333666835	0.06384860781545845	0.12388959641320922
259.479739869935	0.06391975852638566	0.1240750733326846
259.6128064032016	0.0638811700379652	0.12400953730282707
259.74587293646823	0.06363241967180595	0.12399059885611828
259.87893946973486	0.06385078801253706	0.12374519750642061
260.0120060030015	0.06389168699149825	0.12383063811786318
260.1450725362681	0.0643582680357762	0.12380699466124331
260.27813906953475	0.0641713748963659	0.12400861317281688
260.4112056028014	0.06392364133236579	0.12379158396564076
260.544272136068	0.06381119016158532	0.12376426693155422
260.6773386693347	0.06372320802214293	0.12372463671917737
260.8104052026013	0.0635904831381098	0.12341774193544476
260.94347173586794	0.06341680200978912	0.12310576593232571
261.0765382691346	0.0630393757931623	0.12290386842285875
261.2096048024012	0.06286198168054333	0.12281433290671807
261.34267133566783	0.06259095401156536	0.12268347020966273
261.47573786893446	0.06287566937272976	0.12258763736379705
261.6088044022011	0.06290031187388809	0.12288088817065546
261.7418709354677	0.06299255025636123	0.12256711441759637
261.87493746873434	0.06268126819719387	0.12316113016727957
262.008004002001	0.06289835438676078	0.12320776342119581
262.1410705352676	0.06290236377976637	0.12382333527389808
262.2741370685343	0.06294320827109326	0.12409571819944226
262.4072036018009	0.06327175915964292	0.1240797221304763
262.54027013506754	0.06363180403797117	0.12357096871560184
262.6733366683342	0.06345603366447534	0.12345498859903614
262.8064032016008	0.06354414796270745	0.12345512221547054
262.93946973486743	0.06338853202792263	0.12349818772669978
263.07253626813406	0.06356557393684746	0.12369563669104064
263.2056028014007	0.06336849506561255	0.12389871376235745
263.3386693346673	0.06340848070003698	0.12363477136058773
263.47173586793394	0.06367511656130014	0.12373780996730838
263.6048024012006	0.06374193597757427	0.12429673327817067
263.7378689344672	0.06400610181610843	0.12381251219857875
263.8709354677339	0.06431651638022487	0.12387498130789111
264.0040020010005	0.06456160315573953	0.1238538769670352
264.13706853426714	0.06454145040942164	0.12400674736495874
264.2701350675338	0.06438583264942184	0.1244262762496087
264.4032016008004	0.06434214235452375	0.12482796498219985
264.53626813406703	0.06411971342515896	0.12452103072995357
264.66933466733366	0.06427437997716859	0.1241423365340503
264.8024012006003	0.06414227640209887	0.12403323944372817
264.9354677338669	0.06409792012881929	0.12332366026787185
265.06853426713354	0.06387670899194628	0.1234765105395695
265.2016008004002	0.0637872836488637	0.12358729475227899
265.3346673336668	0.06380980268900942	0.1240738714613777
265.4677338669335	0.0636984800303457	0.12431962948966725
265.6008004002001	0.06398665519150928	0.12374334820517797
265.73386693346674	0.06374324294900692	0.12407497453847996
265.86693346673337	0.06380948002184622	0.12394268481326426
266.0	0.06349944629014397	0.12310077519379846
