0.0	0.0	0.0
0.1330665332666333	7.3072636846579505e-09	4.9190455487488434e-08
0.2661330665332666	2.217457550940255e-05	0.00013302603309231888
0.39919959979989994	0.00011106198074154074	0.00024376749168954326
0.5322661330665333	0.0003768923122112595	0.00039927507276229623
0.6653326663331666	0.0005323363177697711	0.0007759404176362022
0.7983991995997999	0.000997995190867679	0.0009528724135084306
0.9314657328664332	0.0013748061929896303	0.0011970979427851811
1.0645322661330665	0.0019289890237941907	0.001596788844844257
1.1975987993997	0.0023494661091503647	0.0022401964699237374
1.3306653326663331	0.002815830230118517	0.0029041601183660073
1.4637318659329663	0.003413160398125152	0.0033467792185453444
1.5967983991995998	0.003701055540002774	0.0037897166967419404
1.7298649324662332	0.004278947126077534	0.004166930371765294
1.8629314657328664	0.004898722576871869	0.0047440002521210315
1.9959979989994996	0.005385166521522176	0.005274552214246435
2.129064532266133	0.005784244966746227	0.005673652483082558
2.2621310655327664	0.0063403154563910465	0.006274229574378798
2.3951975987994	0.007002987907834465	0.007072551378231596
2.528264132066033	0.007244453253843107	0.007802368341911952
2.6613306653326663	0.0075565736214718284	0.008445890293288476
2.7943971985992997	0.008000534034849734	0.009243642116242741
2.9274637318659327	0.008511282160246145	0.009907936712322318
3.060530265132566	0.009040705914817584	0.010570351435712066
3.1935967983991995	0.009283740975043902	0.010970105527952627
3.326663331665833	0.009660655426271666	0.011703120206994379
3.4597298649324664	0.00997322164288593	0.012346514414935098
3.5927963981990994	0.01057068837602201	0.01328033870937346
3.7258629314657328	0.010835242288055526	0.014278160717773021
3.858929464732366	0.01125564024553889	0.015295210453822886
3.991995997998999	0.011386393788115335	0.016069520550204577
4.125062531265633	0.011632194865356625	0.016981043353793693
4.258129064532266	0.011944660320358087	0.01786153193662646
4.391195597798899	0.012386246484301212	0.018349257260844354
4.524262131065533	0.012607244904350109	0.01919526315375684
4.657328664332166	0.01303175772288014	0.019968800384648048
4.7903951975988	0.013426105124058394	0.020791886975289386
4.923461730865433	0.013674913418376605	0.02160321065543682
5.056528264132066	0.01438626747380328	0.021775392706311073
5.1895947973986996	0.014825430424829674	0.022227997856529708
5.3226613306653325	0.015267382326587756	0.02300585222278794
5.4557278639319655	0.01550803687798649	0.023734852574703782
5.588794397198599	0.015777254044038163	0.024352443746285615
5.721860930465232	0.01624673153132598	0.024932954435989068
5.854927463731865	0.016728043043062555	0.025798765882750034
5.987993996998499	0.016859208189570044	0.026504912951540546
6.121060530265132	0.01717208163735993	0.02726154940891462
6.254127063531766	0.017461690858382888	0.027936679290106153
6.387193596798399	0.01792944191417393	0.028164550238409258
6.520260130065032	0.018395931367088895	0.029197241048336552
6.653326663331666	0.018901816950922492	0.030117727345168575
6.786393196598299	0.019142374931162318	0.030783053752044796
6.919459729864933	0.019430974792925278	0.03162763946854068
7.052526263131566	0.019699660097340053	0.0324484467971327
7.185592796398199	0.02007194368165555	0.03335625604996567
7.318659329664833	0.020160293545139932	0.0339855467262558
7.4517258629314655	0.020472023947313286	0.03434900575526501
7.5847923961980985	0.020650103130227096	0.035332077588636365
7.717858929464732	0.021004478103459644	0.035954984407162424
7.850925462731365	0.021204837810047752	0.03620630807104356
7.983991995997998	0.021556681067952086	0.03708279152383998
8.117058529264632	0.021668338289523536	0.0378468559062826
8.250125062531266	0.02207219943462496	0.03833317511858408
8.383191595797898	0.022427405474662963	0.038957126725000256
8.516258129064532	0.022891764324520166	0.039601240632124245
8.649324662331166	0.023102668578380614	0.04045569670846804
8.782391195597798	0.023223540531069346	0.04163095721869227
8.915457728864432	0.023684901837898325	0.042503533653456785
9.048524262131066	0.023652086811701237	0.04319665000913529
9.181590795397698	0.0237270607005016	0.044122655930425664
9.314657328664332	0.02395080775427923	0.04455035760198153
9.447723861930966	0.024219918996299154	0.044986984055925515
9.5807903951976	0.024549088571839774	0.04585084417240664
9.713856928464232	0.02470094374832942	0.04632766588475463
9.846923461730865	0.024853782707652268	0.04686832723005331
9.9799899949975	0.024873096958454848	0.04760265474723961
10.113056528264131	0.024968968393931312	0.048334135331547325
10.246123061530765	0.025236951631443936	0.04906135869462844
10.379189594797399	0.02540748916837966	0.04963490002543505
10.512256128064031	0.025525325244937787	0.050233083911034676
10.645322661330665	0.025905822342598406	0.05081218392391686
10.778389194597299	0.02621593790390973	0.0514237865316992
10.911455727863931	0.026489957590330154	0.05165763358685093
11.044522261130565	0.02633210620998642	0.05203104236260294
11.177588794397199	0.026449935656780513	0.05275855382222051
11.31065532766383	0.026542255848054277	0.05318018529325936
11.443721860930465	0.026882450514044153	0.05399168983446239
11.576788394197099	0.027184558333192672	0.05483015756997089
11.70985492746373	0.027290136760569413	0.05550182933204321
11.842921460730365	0.02743031464408529	0.05593181848800683
11.975987993996998	0.02769383021709795	0.056854057241373795
12.109054527263632	0.027776850704617627	0.05781179811736784
12.242121060530264	0.027918151163461948	0.05881266163613439
12.375187593796898	0.028206590273995746	0.05917456914748769
12.508254127063532	0.0283020584476353	0.05969660544132767
12.641320660330164	0.02822151210753612	0.06021474552892408
12.774387193596798	0.028419911747542482	0.06048650608197377
12.907453726863432	0.028476356695614838	0.06103787776784917
13.040520260130064	0.028987827681729656	0.061253185443081545
13.173586793396698	0.029056880772593868	0.06173774291746834
13.306653326663332	0.02911188267204795	0.06234583225298321
13.439719859929964	0.02935766232591494	0.0627366351318834
13.572786393196598	0.029534058088357903	0.06347066417926812
13.705852926463232	0.029754596151530848	0.06346792057917616
13.838919459729865	0.029884774034465603	0.06410959894111765
13.971985992996498	0.030042680936727708	0.06461027637215017
14.105052526263131	0.030218512887652257	0.06501457408344806
14.238119059529765	0.030272655961264338	0.06508481070658982
14.371185592796397	0.030114284167150583	0.06566941718036987
14.504252126063031	0.030054616606740647	0.06650843684551531
14.637318659329665	0.030107725407711845	0.0670643262765573
14.770385192596297	0.03025711378323802	0.06737130419291235
14.903451725862931	0.03020931280751077	0.06777758326790984
15.036518259129565	0.030388123604442603	0.06829453680759519
15.169584792396197	0.030796819287837635	0.06888960373052841
15.302651325662831	0.030710617389149517	0.06929844968778898
15.435717858929465	0.030630475650702548	0.06955946037991144
15.568784392196097	0.030734040984554744	0.06980577557233734
15.70185092546273	0.031019828978460548	0.07017198657616612
15.834917458729365	0.031177366978852213	0.07062701281085605
15.967983991995997	0.031407983233066754	0.07082448793762292
16.101050525262632	0.031242113005624596	0.07115550147558934
16.234117058529264	0.031154718255003273	0.0713331970157449
16.367183591795897	0.031083561038238477	0.07174820897493894
16.500250125062532	0.031373815461554856	0.07230568997535265
16.633316658329164	0.031356219519332214	0.07285634838655665
16.766383191595796	0.03148057540651625	0.07328724480767673
16.899449724862432	0.032017766652208166	0.0736572549180987
17.032516258129064	0.031913466901868776	0.07429258559727066
17.165582791395696	0.032055966942549814	0.07460049813654161
17.298649324662332	0.03201946275786757	0.0751075863854656
17.431715857928964	0.03193676217280523	0.07529171776469265
17.564782391195596	0.03201418345232577	0.07557872173465041
17.69784892446223	0.032139834308040995	0.0759753113561853
17.830915457728864	0.032088499929758714	0.07601875558411876
17.963981990995496	0.032100355606496316	0.07676621897859547
18.09704852426213	0.032202847577294476	0.07714066791910089
18.230115057528764	0.03216735026761028	0.07745003505063013
18.363181590795396	0.03236339804345594	0.07771741985897106
18.49624812406203	0.03237116560493722	0.07802380269906345
18.629314657328663	0.03262965560237221	0.07819403603131797
18.762381190595296	0.03261700477657343	0.07840471039029848
18.89544772386193	0.03302360988375579	0.07876069463731546
19.028514257128563	0.03316591864253251	0.07918349583907613
19.1615807903952	0.03331593619431298	0.07990208657553301
19.29464732366183	0.033231544023062914	0.0800719052322014
19.427713856928463	0.03308820038897322	0.08029579960951264
19.5607803901951	0.03307725226359898	0.08072769851934061
19.69384692346173	0.032839893795401795	0.08083049818886086
19.826913456728363	0.0330252949592164	0.08110846357436091
19.959979989995	0.033327163367258265	0.08142118079072315
20.09304652326163	0.03337001009244583	0.08180107495963003
20.226113056528263	0.033351220148656574	0.08225915205740997
20.3591795897949	0.033728858233783604	0.08270814961826453
20.49224612306153	0.03377873421762321	0.08257142174581741
20.625312656328163	0.033955493229707596	0.08296868844949735
20.758379189594798	0.03436421430911062	0.08342621114838457
20.89144572286143	0.03467091860937544	0.0834928322138437
21.024512256128062	0.03463762467797395	0.08377505609431835
21.157578789394698	0.03466419641819815	0.08380136504088091
21.29064532266133	0.03471759942640805	0.08419999694824684
21.423711855927962	0.03494901399071278	0.08464669437903863
21.556778389194598	0.03507746454930745	0.08518012118443098
21.68984492246123	0.03497947839625002	0.08555383288744091
21.822911455727862	0.03523229503191706	0.08574229719042646
21.955977988994498	0.035254506356845454	0.08618626426261133
22.08904452226113	0.03524894267024351	0.08636663329819928
22.222111055527762	0.035391991136244715	0.0866144726632751
22.355177588794398	0.03522541634204432	0.08729022238498914
22.48824412206103	0.035169510646950626	0.08803962526619655
22.62131065532766	0.03512094070800867	0.08826818651426667
22.754377188594297	0.03497503450803541	0.08833680929246993
22.88744372186093	0.034792794871374794	0.08847044423508243
23.02051025512756	0.03489021214682264	0.08872796329100445
23.153576788394197	0.03490959509170657	0.08927961910964467
23.28664332166083	0.03497501289582732	0.08946293037392562
23.41970985492746	0.035059422759402985	0.0902250299233257
23.552776388194097	0.03539692678930256	0.0903782631019335
23.68584292146073	0.035498111433492824	0.09094576285929455
23.818909454727365	0.03539052373267574	0.09077504090613381
23.951975987993997	0.03546813764828649	0.0907745774582374
24.08504252126063	0.03558782916169014	0.09160090801883242
24.218109054527265	0.03586354092052916	0.09149963474846663
24.351175587793897	0.036033234276149254	0.09145053459819914
24.48424212106053	0.035894019207194774	0.09153909475211554
24.617308654327164	0.03596333284847997	0.09187857789465852
24.750375187593797	0.03621815758424192	0.0921119756354029
24.88344172086043	0.03647156432824067	0.09233885532177996
25.016508254127064	0.03643466469336214	0.09268870506002291
25.149574787393696	0.03615079796993138	0.09294452263833154
25.28264132066033	0.036128077284237385	0.09269613420363636
25.415707853926964	0.03620120183126717	0.09302059084351427
25.548774387193596	0.036277032736647834	0.09294047917988475
25.68184092046023	0.03630000662266408	0.09302084763818157
25.814907453726864	0.03663469031692519	0.09359170190915525
25.947973986993496	0.03667175191458454	0.0937801533380421
26.081040520260128	0.03660816897771988	0.09410434224090196
26.214107053526764	0.0366708822278398	0.09410623258337526
26.347173586793396	0.03681454932828282	0.09431151683766469
26.480240120060028	0.036850966745664564	0.09490829592984486
26.613306653326664	0.03714427471550257	0.09508174890968166
26.746373186593296	0.03732190071501543	0.09524944925810754
26.879439719859928	0.037520920807224065	0.09588651060183233
27.012506253126563	0.037431821822485604	0.09593062882775158
27.145572786393195	0.03754846854566333	0.096364835780928
27.278639319659828	0.03754331188281262	0.0964220093078485
27.411705852926463	0.03755695411262057	0.09681641844044449
27.544772386193095	0.03753606605285354	0.09669510855922941
27.67783891945973	0.03786312852463467	0.09736820533351066
27.810905452726363	0.03809232355213264	0.09794810186400714
27.943971985992995	0.03817983681416843	0.09776526567738428
28.07703851925963	0.03818246250485743	0.09808382691848457
28.210105052526263	0.038434371980537854	0.09826783489306978
28.343171585792895	0.03830535545356289	0.0983231519946785
28.47623811905953	0.03832361893944453	0.09811041911446823
28.609304652326163	0.038390512110334986	0.09833769297671202
28.742371185592795	0.03839595081438832	0.09869067688609924
28.87543771885943	0.03835198208865175	0.09880956299702794
29.008504252126063	0.038517038934211496	0.09910472705440576
29.141570785392695	0.03843051477687156	0.09898281581153223
29.27463731865933	0.038569310225868465	0.09886558118471275
29.407703851925962	0.03859101643139876	0.09902309611639794
29.540770385192594	0.038636393828837254	0.09951728263516474
29.67383691845923	0.038407401823019494	0.09986112502361248
29.806903451725862	0.03842415678355771	0.1001813998681529
29.939969984992494	0.038555883990153576	0.10014049319040945
30.07303651825913	0.038515389717998345	0.09987923384871933
30.206103051525762	0.03887992027675507	0.10040196389412522
30.339169584792394	0.039052105441028495	0.10070032900995458
30.47223611805903	0.039338242552780456	0.10072754530054366
30.605302651325662	0.03942812745137037	0.10150745571305074
30.738369184592294	0.03938633690731837	0.10139918761391771
30.87143571785893	0.03923924925468928	0.10140075399717446
31.00450225112556	0.039245503657621146	0.10147786969676881
31.137568784392194	0.039229895284229196	0.10184430421848192
31.27063531765883	0.03929129951003455	0.10254804581853647
31.40370185092546	0.03930702226984402	0.10291482698406479
31.536768384192094	0.039412732909781666	0.10304106882627515
31.66983491745873	0.039156010918254804	0.10292252205608941
31.80290145072536	0.03924470159623091	0.10306063374459751
31.935967983991993	0.03962364995521208	0.10243625744042476
32.06903451725863	0.03965951425708011	0.10253223977638566
32.202101050525265	0.04004878826123465	0.10268470700636881
32.33516758379189	0.04053291277071714	0.102563370908926
32.46823411705853	0.04048440808248009	0.10235887443238327
32.601300650325165	0.04056161520227027	0.10249583660213775
32.73436718359179	0.04064067048769927	0.10281734452732069
32.86743371685843	0.040895991207445276	0.10300532875841861
33.000500250125064	0.0410441681379122	0.10316104593702255
33.13356678339169	0.04095992706252737	0.10261630868861309
33.26663331665833	0.041008499662148756	0.10238782333815398
33.399699849924964	0.041197929099110006	0.10256710998200227
33.53276638319159	0.040779309661562096	0.10300266675243303
33.66583291645823	0.040774057583363596	0.1031609524772992
33.798899449724864	0.04100302696877146	0.10269584908223942
33.93196598299149	0.041229911428086775	0.1024814284482132
34.06503251625813	0.04142226984944533	0.10252652530979363
34.198099049524764	0.04137597873116871	0.10294432712834474
34.33116558279139	0.04150124474150314	0.10310459493644038
34.46423211605803	0.04170410012347852	0.10375375544874453
34.597298649324664	0.04188071062049281	0.10362602631885943
34.73036518259129	0.04143622331040717	0.10378587186076668
34.86343171585793	0.04146024624071036	0.10405480317055664
34.99649824912456	0.041845897965621735	0.10469558839952059
35.12956478239119	0.041855640722787676	0.1048349858167621
35.26263131565783	0.04180079126207843	0.10473127375700894
35.39569784892446	0.04157848605447714	0.10504927387837064
35.52876438219109	0.04152501063816269	0.10520562012244242
35.66183091545773	0.04192153546952701	0.1051634298473106
35.79489744872436	0.04184815344293073	0.10509993801845618
35.92796398199099	0.04208081297163711	0.10489687529509273
36.06103051525763	0.04210855060309618	0.10546288190634824
36.19409704852426	0.04211271415011537	0.10569852899785044
36.32716358179089	0.04195751162693411	0.10571915767634657
36.46023011505753	0.04195223031595234	0.10625893729712893
36.59329664832416	0.042072575906179785	0.10561168008894929
36.72636318159079	0.04231579844134248	0.10572189793120433
36.85942971485743	0.042347413757290314	0.10649948663906542
36.99249624812406	0.04242796498314015	0.10652509702950876
37.12556278139069	0.04215172081612441	0.10668740020374298
37.25862931465733	0.04247754275104997	0.10655003370459779
37.39169584792396	0.0426344436615184	0.10672937162015633
37.52476238119059	0.042749147400262116	0.10703926837982042
37.65782891445723	0.04273064408066395	0.10723789845010645
37.79089544772386	0.04281879690095735	0.10738886234439386
37.92396198099049	0.042782245974731584	0.10776815512928077
38.05702851425713	0.04271171417547463	0.10798750088584032
38.19009504752376	0.04272604957610994	0.10794346330728229
38.3231615807904	0.04290654664263458	0.10822917648732232
38.456228114057026	0.042699571752285906	0.10793836167737886
38.58929464732366	0.04247464214103933	0.10810357506295992
38.7223611805903	0.04251754725107718	0.10813596891954234
38.855427713856926	0.04241185859315668	0.10836180365079737
38.98849424712356	0.042522218155462886	0.10873711847579956
39.1215607803902	0.04272742798517691	0.10880028484569039
39.254627313656826	0.0430362556982194	0.10872986232833302
39.38769384692346	0.04306151213502998	0.10848621942217246
39.5207603801901	0.04316280634766755	0.10839759750768765
39.653826913456726	0.04330349016345806	0.1076535623813009
39.78689344672336	0.04337526429537823	0.10784647005939316
39.91995997999	0.04315803619329236	0.10805145183721578
40.053026513256626	0.04301639776526375	0.10810494585294003
40.18609304652326	0.04284187149629985	0.1083422280131251
40.3191595797899	0.04258370018438373	0.1084253067019284
40.452226113056525	0.04249878993399641	0.10833921517905293
40.58529264632316	0.04247152952103766	0.10852152714494896
40.7183591795898	0.04244530351428033	0.10859916224701055
40.851425712856425	0.04252700761360714	0.10904550584304933
40.98449224612306	0.04254328153491453	0.10952194333577757
41.1175587793897	0.04278824615891474	0.10947422663652387
41.250625312656325	0.0429526683141742	0.10958804903929682
41.38369184592296	0.04288681733004103	0.10941699559844388
41.516758379189596	0.042730751855544244	0.10976615779812357
41.649824912456225	0.04250786001723037	0.10991546701859253
41.78289144572286	0.04260268453410203	0.11043883637697413
41.915957978989496	0.04284521621792456	0.10994750403652652
42.049024512256125	0.042883463328109904	0.10966313845106274
42.18209104552276	0.042737892058937584	0.10961616491088298
42.315157578789396	0.04283868735302185	0.10960539978395811
42.448224112056025	0.04284649456019772	0.11013101335034457
42.58129064532266	0.04263513513555589	0.110408925364823
42.714357178589296	0.04274244378524715	0.1100732061751235
42.847423711855924	0.042636522238028024	0.10998838092340903
42.98049024512256	0.04269406503163095	0.10973178981315165
43.113556778389196	0.04279750738844178	0.11008911079181696
43.246623311655824	0.04324056148877266	0.11016938995865921
43.37968984492246	0.043067517868203606	0.11009977276400779
43.512756378189096	0.04320714449997089	0.11016698083702797
43.645822911455724	0.04291861685100557	0.10975971544489752
43.77888944472236	0.043153520433796756	0.10988217034223233
43.911955977988995	0.04326321217443832	0.10998320289001079
44.045022511255624	0.043513611840990514	0.11013002195735949
44.17808904452226	0.0435426787156985	0.11015521340644943
44.311155577788895	0.04338143887474555	0.10990964964064501
44.444222111055524	0.04350657189106192	0.10996412308142722
44.57728864432216	0.043614370436992234	0.10979913692190524
44.710355177588795	0.043656092808318066	0.1098158192422465
44.843421710855424	0.043787072590825336	0.10996290116439918
44.97648824412206	0.04372659448228516	0.10948883980558798
45.109554777388695	0.04398780744814615	0.10971609187503824
45.24262131065532	0.04429117367149381	0.10989725138319623
45.37568784392196	0.04422257542507311	0.10999504593993298
45.508754377188595	0.04433230604206446	0.11034711540998934
45.64182091045522	0.044436706487819964	0.11006459417994853
45.77488744372186	0.04422575630988163	0.11028992996602403
45.907953976988495	0.04421812825515488	0.11004290382250637
46.04102051025512	0.04428263422007472	0.11004286188874399
46.17408704352176	0.04440460869973451	0.10988657810670034
46.307153576788394	0.04461830254712731	0.11038260936191019
46.44022011005502	0.04462699772955207	0.11048071766257661
46.57328664332166	0.04479958177847904	0.11026758539164633
46.706353176588294	0.044887391454711316	0.11051865705612239
46.83941970985492	0.04503592849173981	0.1107287729190202
46.97248624312156	0.044799679846146426	0.11131403545189679
47.105552776388194	0.04489734939755089	0.11140705603424941
47.23861930965483	0.04538433609641057	0.1117377231243208
47.37168584292146	0.045853169720760624	0.11140132194752135
47.504752376188094	0.04562892721238767	0.11172272347850894
47.63781890945473	0.04550050141015062	0.11162757061759138
47.77088544272136	0.04578274978531491	0.11142100764600776
47.903951975987994	0.04576128792963919	0.11203209050482406
48.03701850925463	0.04583198861422037	0.11251875454723323
48.17008504252126	0.04593394541051544	0.11278960599357418
48.30315157578789	0.04610495647633794	0.11276796718915404
48.43621810905453	0.04605985755684841	0.11256336969476996
48.56928464232116	0.046356238041042865	0.11258117089822309
48.70235117558779	0.04617026554778809	0.11248440069820236
48.83541770885443	0.04615040754832921	0.11245731420104484
48.96848424212106	0.04653496070948969	0.1127591253666863
49.10155077538769	0.04644238346613201	0.11284702206146323
49.23461730865433	0.04658537220372866	0.11289435855955765
49.36768384192096	0.0466743823038083	0.11299005746685946
49.50075037518759	0.046768184924367386	0.11271274511253197
49.63381690845423	0.04698177075574271	0.1123332875964843
49.76688344172086	0.04709652946281045	0.11213725878892968
49.89994997498749	0.04710872193185166	0.11223130711008976
50.03301650825413	0.046794947993200275	0.1123211398101848
50.16608304152076	0.04689403979836859	0.11263167827638677
50.29914957478739	0.047022260736301974	0.11243940553114638
50.43221610805403	0.047048450398257065	0.11211580897739655
50.56528264132066	0.04684425456273842	0.11219573339991257
50.69834917458729	0.0466280077435569	0.11220494284010504
50.83141570785393	0.04657720871561471	0.11234575743326324
50.96448224112056	0.046565180399426705	0.11275002271739529
51.09754877438719	0.046157127799443885	0.11298582579061098
51.23061530765383	0.046051081181677625	0.11286893798646111
51.36368184092046	0.04594704317888151	0.11304274415253847
51.49674837418709	0.04617985511935169	0.11359598342155164
51.62981490745373	0.04593491699435533	0.11364136420900096
51.762881440720356	0.04588063050505842	0.11346493035389804
51.89594797398699	0.04615488764206454	0.11385195541135248
52.02901450725363	0.04644088446063166	0.11405948299868046
52.162081040520256	0.046296010938767986	0.11402337265901095
52.29514757378689	0.0464209038038662	0.11395005668287918
52.42821410705353	0.046493204597823905	0.11398128433163682
52.561280640320156	0.04689410307091635	0.11408125999740344
52.69434717358679	0.04686106516535447	0.11424960311963452
52.82741370685343	0.046998632557223384	0.11426756810060276
52.960480240120056	0.04694631018361216	0.11446793898319711
53.09354677338669	0.047108818159352334	0.11455482326248723
53.22661330665333	0.04710128627912731	0.11474776028736546
53.359679839919956	0.047094741706582136	0.11517415557364757
53.49274637318659	0.047054831165110646	0.1156751157635523
53.62581290645323	0.04698680334828368	0.11546084240965371
53.758879439719855	0.047403035998170764	0.11573094408881525
53.89194597298649	0.04779712368623259	0.11607728040801972
54.02501250625313	0.04791417331063051	0.11597809911637844
54.158079039519755	0.04779238959791922	0.11602845651726387
54.29114557278639	0.04787505352204594	0.11589695502126755
54.42421210605303	0.047849555435667185	0.11553485934438869
54.557278639319655	0.04782728340679713	0.11574199619238788
54.69034517258629	0.04792746164008424	0.11597666142716678
54.823411705852926	0.04801461685042572	0.11567214472783965
54.956478239119555	0.048214525486440285	0.11574652583199571
55.08954477238619	0.04860784761301918	0.11602478589958357
55.222611305652826	0.048867378487787466	0.11599201313778376
55.35567783891946	0.04902461458395669	0.11591373792702714
55.48874437218609	0.049289065230434546	0.11525569685105745
55.621810905452726	0.04930123102505605	0.11525726955428507
55.75487743871936	0.04925858581921112	0.11546371655696896
55.88794397198599	0.04920334806877954	0.11567718411852008
56.021010505252626	0.04935370927969974	0.11603888502562575
56.15407703851926	0.049377568954887714	0.11584502940861122
56.28714357178589	0.04913576726111915	0.11582096968261917
56.420210105052526	0.048868218945068015	0.11601832113923331
56.55327663831916	0.04903892183957279	0.11599800005266293
56.68634317158579	0.0491865826828617	0.11624738681404692
56.819409704852426	0.04918293373697856	0.11574116787080688
56.95247623811906	0.04906344084588236	0.1157459651137764
57.08554277138569	0.049031634744898495	0.115591856546941
57.218609304652325	0.04920597160803279	0.11552343116547496
57.35167583791896	0.0490461241037383	0.11520806548104999
57.48474237118559	0.04903494266204522	0.11567547793646271
57.617808904452225	0.048892114858591566	0.11607310044341833
57.75087543771886	0.048893331486837006	0.11577408638529786
57.88394197098549	0.04899889040237621	0.11596188289769203
58.017008504252125	0.04916215358512957	0.11597874138843145
58.15007503751876	0.048830589046307646	0.11588906487014505
58.28314157078539	0.049113920950543316	0.11703835893124423
58.416208104052025	0.04919673475210065	0.11726684886425001
58.54927463731866	0.049145140905189476	0.11770642594598191
58.68234117058529	0.049132992409533706	0.11800006728641022
58.815407703851925	0.049248303120994916	0.11817984608640542
58.94847423711856	0.04919241689955227	0.11846516984033346
59.08154077038519	0.04939788951061154	0.11821290144938112
59.214607303651825	0.04941438617438622	0.11776562640031979
59.34767383691846	0.04944187152319457	0.11769036016197841
59.48074037018509	0.049418745238138155	0.1173113454160328
59.613806903451724	0.04945719355675186	0.11751376701541191
59.74687343671836	0.04963903633385497	0.11708929268780482
59.87993996998499	0.049530128487206816	0.11705678971571254
60.013006503251624	0.04943463849728473	0.11717828143728859
60.14607303651826	0.04919753686196112	0.11719889273288595
60.27913956978489	0.04906258413862948	0.11721861006692723
60.412206103051524	0.049157858604352685	0.1172571943826855
60.54527263631816	0.04964149665832423	0.11737783288497577
60.67833916958479	0.04944886161599131	0.11727358248849992
60.811405702851424	0.04929571484619974	0.1175617251592064
60.94447223611806	0.049443039306858685	0.11763118564316648
61.07753876938469	0.049434203797175336	0.11797075977654344
61.210605302651324	0.04963308537116877	0.1179150734659579
61.34367183591796	0.04969531149970334	0.11800835979067527
61.47673836918459	0.049619717703321305	0.11788318374281644
61.60980490245122	0.04966534462164423	0.1175965623145
61.74287143571786	0.049810687876070826	0.11778552781729368
61.87593796898449	0.04984121510062436	0.11805694309722954
62.00900450225112	0.0499308329545164	0.11830831237060496
62.14207103551776	0.04996902733647354	0.1180841431711586
62.27513756878439	0.0499255079221546	0.11819262410234004
62.40820410205102	0.05001339846996649	0.11833964316167335
62.54127063531766	0.049875690166541906	0.11839755156620073
62.67433716858429	0.04994382793301902	0.11880119251269702
62.80740370185092	0.049821903354950736	0.11892994746907105
62.94047023511756	0.04974095186737349	0.11888060264019047
63.07353676838419	0.04994441969736591	0.11908874314728395
63.20660330165082	0.05009835468869875	0.1190915373818623
63.33966983491746	0.0499087190310111	0.11903302098344752
63.47273636818409	0.05014629858462591	0.11952425882091483
63.60580290145072	0.05013295912876106	0.11957413997075177
63.73886943471736	0.05034977813865037	0.11981767757910043
63.87193596798399	0.05020741625971908	0.11940901223798299
64.00500250125063	0.05052639097224847	0.1195738779399232
64.13806903451726	0.05062539404922214	0.11941885456963744
64.27113556778389	0.050643627640950345	0.11909194470149233
64.40420210105053	0.050879545972894735	0.11915443849646296
64.53726863431716	0.05080444674892721	0.11918643021515289
64.67033516758379	0.050680063061152074	0.11981016067775205
64.80340170085043	0.050948844399542295	0.12034908018477367
64.93646823411706	0.05078853686900634	0.12013832493891284
65.06953476738369	0.0508472926133167	0.1202702252279274
65.20260130065033	0.05087896476197406	0.1200747409876897
65.33566783391696	0.05077901868013436	0.11998881979185129
65.46873436718359	0.0504602461668971	0.12060212241267196
65.60180090045023	0.05034301734305602	0.12060115199721075
65.73486743371686	0.05048150007919173	0.12049800741176053
65.86793396698349	0.05035198296451401	0.12051262960979653
66.00100050025013	0.05022114159588055	0.12081837710519212
66.13406703351676	0.05026800736211647	0.12081602697416641
66.26713356678339	0.050449777725578085	0.1205897323485341
66.40020010005003	0.05038810641066127	0.12060780065050405
66.53326663331666	0.050565821811036304	0.1206609070431047
66.66633316658329	0.0505732745913438	0.12058008388990198
66.79939969984993	0.050692771670754526	0.12045301253311619
66.93246623311656	0.05092358135872979	0.12060362036817475
67.06553276638319	0.05111090616059912	0.12038877748710274
67.19859929964983	0.05102393449134783	0.12049501149943811
67.33166583291646	0.05113039257234279	0.12061979497401783
67.46473236618309	0.05149097181684058	0.12072089252858623
67.59779889944973	0.051490201164290005	0.12097733525106556
67.73086543271636	0.051578141882935226	0.12082366361241315
67.86393196598299	0.05190115324707629	0.12087484279114101
67.99699849924963	0.05184873329765115	0.12076173005654765
68.13006503251626	0.05189410031350268	0.12063034917532812
68.26313156578288	0.0518331528242788	0.12068693335479687
68.39619809904953	0.05189206161351428	0.12036029458288201
68.52926463231616	0.052169731515085145	0.12003134759180464
68.66233116558278	0.0522256784330951	0.11994297559647096
68.79539769884943	0.051917304973932495	0.12003259859393113
68.92846423211606	0.05207923398798161	0.12025790241755392
69.06153076538268	0.052170397128656974	0.12016035042033406
69.19459729864933	0.05165490672122798	0.11986560463032109
69.32766383191596	0.05188262404094319	0.11970535894989219
69.46073036518258	0.05192607889789581	0.11962496584826161
69.59379689844923	0.052162548629880956	0.11957577982034705
69.72686343171586	0.05190410422734769	0.11970574999446122
69.85992996498248	0.052036880817284616	0.11965832888386331
69.99299649824913	0.05217136770564276	0.11946959174231372
70.12606303151576	0.0521646909728373	0.11997477331853958
70.25912956478238	0.052257549477895744	0.11998902446366906
70.39219609804903	0.052170495065275685	0.11998261617892532
70.52526263131566	0.0517955752251407	0.1200896922873735
70.65832916458228	0.05163141034710576	0.12015920922939435
70.79139569784893	0.05157490717364852	0.12024832447790595
70.92446223111556	0.051701389543183596	0.12061817076655885
71.05752876438218	0.051741123943663904	0.12070563873237995
71.19059529764883	0.051832152943285296	0.12104690173382196
71.32366183091546	0.052096308444624886	0.12113058438418932
71.45672836418208	0.05219582474768397	0.1211959701408147
71.58979489744873	0.05209649588364307	0.12147531571287805
71.72286143071535	0.05200923063795116	0.12166388624724288
71.85592796398198	0.05192333811176445	0.12165284828909662
71.98899449724863	0.05211223074753088	0.12177507773612489
72.12206103051525	0.05221921916258814	0.12185344539001729
72.25512756378188	0.052074990150347736	0.1215930994057765
72.38819409704853	0.05203830488220047	0.12208798972648172
72.52126063031515	0.052005177857826296	0.12257837528384323
72.65432716358178	0.05178032615555371	0.1222903873709447
72.78739369684843	0.05179185598043479	0.12231841471093093
72.92046023011505	0.05191033279268202	0.1220543606195273
73.05352676338168	0.05201743821300109	0.12224812116603055
73.18659329664833	0.0523384551012097	0.12233833653507592
73.31965982991495	0.05245032865881349	0.12209444735764882
73.45272636318158	0.052372159112655296	0.12208581737433345
73.58579289644823	0.052433467617121365	0.12250373780067732
73.71885942971485	0.05246259933437936	0.12300445602164918
73.85192596298148	0.052826754389135824	0.12305631263987643
73.98499249624813	0.05291890479245269	0.12317354142912743
74.11805902951475	0.05294717660474597	0.12305152821481379
74.25112556278138	0.05323936021038894	0.12314233245373082
74.38419209604803	0.05351709223868572	0.12294960668046355
74.51725862931465	0.054004062911320524	0.12275500088016715
74.65032516258128	0.05423896238035998	0.12308615561014519
74.78339169584793	0.054286903823651	0.12294673452601168
74.91645822911455	0.05424763938403538	0.12259731551733286
75.04952476238118	0.05413001405310363	0.12310290956254107
75.18259129564782	0.054186512605485924	0.12358429828490712
75.31565782891445	0.05443199542443335	0.12359808393586576
75.44872436218108	0.054394237090724516	0.12422436321553833
75.58179089544772	0.05442988585637162	0.12416844169553
75.71485742871435	0.05422161129684558	0.12424707899043747
75.84792396198098	0.05425092433835605	0.12346316035509881
75.98099049524762	0.054426451796099506	0.12336417735077444
76.11405702851425	0.05436272026834862	0.12345594916938378
76.24712356178088	0.05420197839273634	0.12303959015203628
76.38019009504752	0.054481301922859555	0.12318547411987192
76.51325662831415	0.0546183883199278	0.12343742756873045
76.6463231615808	0.05465669062234949	0.12359210466459752
76.77938969484742	0.054596156612999144	0.12391606497426867
76.91245622811405	0.0547621682645758	0.12358229027012574
77.0455227613807	0.05476317554458627	0.12376072739672675
77.17858929464732	0.05481147434895057	0.12416131568096492
77.31165582791395	0.055000194219773736	0.12433725973887341
77.4447223611806	0.055150658902652444	0.12413471681640553
77.57778889444722	0.05524875135795029	0.12403301292849622
77.71085542771385	0.05518616242259538	0.123742471870365
77.8439219609805	0.05502941360036695	0.12396896445359015
77.97698849424712	0.054917837883817676	0.12424732814451826
78.11005502751375	0.05487198900399124	0.12405828060572435
78.2431215607804	0.05470936682864797	0.12441409913971166
78.37618809404702	0.054520714621669734	0.12429241852228787
78.50925462731365	0.05442208315104239	0.12438701246396788
78.6423211605803	0.05441941859188392	0.12470300141210679
78.77538769384692	0.054323126768122565	0.12497017797937131
78.90845422711355	0.054594416204727624	0.12549301262607954
79.0415207603802	0.05434603871854651	0.12562270683345678
79.17458729364682	0.05410454438568194	0.1255562173460399
79.30765382691345	0.054114518547259585	0.12544834363068924
79.4407203601801	0.05411397371797955	0.12548613667787678
79.57378689344672	0.05394903066287508	0.12535448731113194
79.70685342671335	0.05395624248753319	0.1249787164846035
79.83991995998	0.05380795759153004	0.12476709414251455
79.97298649324662	0.05369184123503055	0.12471712788196049
80.10605302651325	0.05377120251252379	0.12448495977875353
80.2391195597799	0.05363980496786141	0.12500458871754913
80.37218609304652	0.05357732163673705	0.12461377401935869
80.50525262631315	0.053495200764453826	0.12436528773968127
80.6383191595798	0.053741317904185994	0.12425706131225914
80.77138569284642	0.05385888827008564	0.12419688323742671
80.90445222611305	0.05411945067832654	0.12411814988024059
81.0375187593797	0.05407380050440593	0.12486853411039062
81.17058529264632	0.05385620803272486	0.12538405223710486
81.30365182591295	0.05358928436549001	0.12550104421398373
81.4367183591796	0.05364912345974845	0.12546174176335514
81.56978489244622	0.05374764510616311	0.12573729787071625
81.70285142571285	0.053932171206709324	0.1255390893131378
81.8359179589795	0.05364871783365722	0.12514834837416605
81.96898449224612	0.05369360463032303	0.12521938246218198
82.10205102551275	0.05360519655745825	0.12542260369460242
82.2351175587794	0.053572632338135556	0.1250917437240852
82.36818409204602	0.0536540385981933	0.12486278817145181
82.50125062531265	0.05369426989641988	0.12469280644049718
82.6343171585793	0.05384662325009963	0.12464944102704718
82.76738369184592	0.054003527701230174	0.1248238989597705
82.90045022511255	0.053946392417603205	0.12507969057429016
83.03351675837919	0.05383520966168913	0.12505888122728778
83.16658329164582	0.05400444040131981	0.12509037538739676
83.29964982491245	0.05382442771854144	0.12498293810662366
83.43271635817909	0.05376738482789978	0.1252377888215024
83.56578289144572	0.05366357356878517	0.12478090937794076
83.69884942471235	0.053379387852960716	0.12477959766668735
83.83191595797899	0.053412779495952065	0.12445003788586129
83.96498249124562	0.053628119790289065	0.12463532864889795
84.09804902451225	0.053871020317535614	0.12457105036320071
84.23111555777889	0.053617010970400815	0.12435068331324922
84.36418209104552	0.05343808643002277	0.12414604111594585
84.49724862431215	0.05361204369952754	0.12391820874439816
84.63031515757879	0.05378808136973982	0.12380532363726214
84.76338169084542	0.053541790936867034	0.12367845027721876
84.89644822411205	0.05354247238154675	0.12372920313168904
85.02951475737869	0.053645674348144504	0.124053867455866
85.16258129064532	0.053519896012394666	0.1246112643482102
85.29564782391195	0.05351254232851387	0.12481311824183108
85.42871435717859	0.05363489482340262	0.12450845070751511
85.56178089044522	0.053717746875327536	0.12433774534855015
85.69484742371185	0.05336849458928246	0.12477575414899122
85.82791395697849	0.05335783516591426	0.12485580580282626
85.96098049024512	0.05339001097401433	0.1245214530158132
86.09404702351175	0.05364092964694624	0.1244516741501689
86.22711355677839	0.053780942331305856	0.12437264259399947
86.36018009004502	0.05387586728583216	0.1240435015952625
86.49324662331165	0.05396853563551683	0.12393209363310922
86.62631315657829	0.05408248569981205	0.12393873073001586
86.75937968984492	0.053967341148216295	0.12395475639425566
86.89244622311155	0.05401579473659035	0.12437238908218273
87.02551275637819	0.054021421541246555	0.12432418882789228
87.15857928964482	0.05386047345539003	0.12449801190208558
87.29164582291145	0.053865735397474454	0.12461941770575966
87.42471235617809	0.054035598472513914	0.12429847521164696
87.55777888944472	0.054462059434241254	0.12408221186394208
87.69084542271135	0.05456415544705899	0.12386077779384103
87.82391195597799	0.054321406463015184	0.12329021723880439
87.95697848924462	0.05413326513677074	0.123693755157455
88.09004502251125	0.05388376535115084	0.12352351251719482
88.22311155577789	0.05385977692181995	0.12382721818388936
88.35617808904452	0.05390840979531395	0.12426214068457275
88.48924462231115	0.05360685632656014	0.1240521386180153
88.62231115557779	0.05365237444360374	0.12429123898059151
88.75537768884442	0.05367197432223284	0.1243048934292447
88.88844422211105	0.05362019213131132	0.12404548884774125
89.02151075537769	0.05385684867220013	0.12432153949738789
89.15457728864432	0.054007393914086044	0.12461236809490467
89.28764382191095	0.053876422533933814	0.12496667510586158
89.42071035517759	0.053923448557534295	0.1252810815313965
89.55377688844422	0.053768321371230554	0.12509292612950565
89.68684342171085	0.053573779382258574	0.12520026228704165
89.81990995497749	0.05329025366825433	0.12529147274243177
89.95297648824412	0.05348224144664553	0.12578666907395222
90.08604302151075	0.0537999694280974	0.12599464129270374
90.21910955477739	0.053990651553849404	0.12593263821995654
90.35217608804402	0.05400743757337244	0.12555222886979867
90.48524262131065	0.053787019899818975	0.1256414757217881
90.61830915457729	0.053627657437614246	0.12590408831897415
90.75137568784392	0.053708442131263544	0.12633081515030609
90.88444222111055	0.053756468611653736	0.12695228521384092
91.01750875437719	0.05376860003895271	0.1270386454673808
91.15057528764382	0.05393403375381457	0.12646269206825436
91.28364182091045	0.05394586892787376	0.12628648062070866
91.41670835417709	0.05399326338636664	0.12657351647572565
91.54977488744372	0.053780171011781785	0.12669650066391683
91.68284142071035	0.054016626038638466	0.12607630332181521
91.81590795397699	0.05399401175304252	0.12544752466873407
91.94897448724362	0.053876205451541405	0.12489067769382069
92.08204102051025	0.05372317558045164	0.1253866329377945
92.21510755377689	0.05373362703688143	0.12604884423269425
92.34817408704352	0.05371452178369875	0.12600085817191567
92.48124062031015	0.05397252426941174	0.12595990941455848
92.61430715357679	0.05398694618176769	0.12567248944370488
92.74737368684342	0.05379495131581592	0.12525298445146613
92.88044022011005	0.05384733944348887	0.1250838714975325
93.01350675337669	0.05372696726903376	0.12504832272333083
93.14657328664332	0.05369888226498999	0.12506667590085813
93.27963981990995	0.05386946053882192	0.1248027963055466
93.41270635317659	0.05427654795592704	0.12443147265386205
93.54577288644322	0.0543458789222933	0.12421906438909615
93.67883941970985	0.054327788918432915	0.12429774582514315
93.81190595297649	0.054606845344629756	0.12441704602026787
93.94497248624312	0.054581302430468694	0.12435526022155478
94.07803901950976	0.054492592849546315	0.12423642834229666
94.21110555277639	0.054838722925179634	0.12420782249889108
94.34417208604302	0.05496740667556252	0.12454952753685682
94.47723861930966	0.05493099241101193	0.12454883150725957
94.61030515257629	0.05490532621275928	0.12436138543200541
94.74337168584292	0.05489377787812359	0.12505088692665328
94.87643821910956	0.054899544819923755	0.12454793087236604
95.00950475237619	0.05464003638927363	0.12464028192570746
95.14257128564282	0.054485534686246034	0.12514681878776443
95.27563781890946	0.054855427733083204	0.12552913399379637
95.40870435217609	0.05498410790341583	0.12585406771335544
95.54177088544272	0.05533511282885684	0.1259184501601542
95.67483741870936	0.055429821824542015	0.1259785147973544
95.80790395197599	0.05533181534678261	0.12577766390094122
95.94097048524262	0.05529802337348924	0.12606701611211546
96.07403701850926	0.05539050582017063	0.12669141327576594
96.20710355177589	0.05559166293971621	0.1272790271092642
96.34017008504252	0.055964250062850655	0.1276020442236644
96.47323661830916	0.055836105945202885	0.12701363978953498
96.60630315157579	0.05561792243933576	0.12689857276223712
96.73936968484242	0.05531615120215323	0.12697669654240482
96.87243621810906	0.05523767456881757	0.1268203926728622
97.00550275137569	0.05544558981603245	0.12668125989680137
97.13856928464232	0.05579124967122692	0.1269099207820993
97.27163581790896	0.056162550599329224	0.12688673691632682
97.40470235117559	0.05589103344462216	0.12672617367626687
97.53776888444222	0.055913398341889256	0.12651088293823504
97.67083541770886	0.05590040327435898	0.12680231897287336
97.80390195097549	0.05558613654191722	0.12680700500851028
97.93696848424212	0.05597575209024159	0.12690576379268362
98.07003501750876	0.05630893497686111	0.12700933588798888
98.20310155077539	0.056389151763250815	0.12691308663390383
98.33616808404201	0.05631723537619865	0.12717087092606177
98.46923461730866	0.05620622403159481	0.12687031946801988
98.60230115057529	0.05615357074314423	0.12670039694931615
98.73536768384191	0.05607283292712018	0.12720950552992322
98.86843421710856	0.05589627092130359	0.1274316629551287
99.00150075037519	0.05600597419877781	0.12774048622636067
99.13456728364181	0.05607131490386229	0.12808035246351213
99.26763381690846	0.05581611461694611	0.12786933391869063
99.40070035017509	0.055686708264465715	0.1279043181126519
99.53376688344171	0.05589073884966931	0.12824092621086736
99.66683341670836	0.0555931052415848	0.12838343826302567
99.79989994997499	0.055491718268753314	0.12887219379809797
99.93296648324161	0.055670677665185485	0.128886198613372
100.06603301650826	0.055414945058007745	0.12899298399007142
100.19909954977489	0.055624989434750076	0.12959924192477892
100.33216608304151	0.055632107045979144	0.12960840095042717
100.46523261630816	0.05564991181151723	0.12965096868193085
100.59829914957479	0.055523637536165696	0.1298698245177175
100.73136568284141	0.055468796021979766	0.12980898482224387
100.86443221610806	0.05556899154131151	0.12990970145274375
100.99749874937469	0.055441866100256344	0.13010525033175185
101.13056528264131	0.055515887393997654	0.13017155401314895
101.26363181590796	0.055786299488577176	0.13027197908383556
101.39669834917459	0.056231268941109705	0.13021539820810818
101.52976488244121	0.05637140462582276	0.13014046544610397
101.66283141570786	0.056371112716550605	0.13026279977976818
101.79589794897448	0.05644530130433282	0.1301065034157443
101.92896448224111	0.05660972913849362	0.12985611956430365
102.06203101550776	0.0566920276590076	0.12961875725101465
102.19509754877438	0.05635711219813197	0.12959571121266183
102.32816408204101	0.05620619264857768	0.12983123138343566
102.46123061530766	0.056231174692461465	0.12971229670208514
102.59429714857428	0.056261428606893836	0.12980942509729393
102.72736368184091	0.05631842632273348	0.12960249143247846
102.86043021510756	0.05653834122184978	0.12923643421721928
102.99349674837418	0.05688688117812736	0.1291220976561822
103.12656328164081	0.057015837391524014	0.12893084002950228
103.25962981490746	0.05672060603889757	0.12893753612399456
103.39269634817408	0.05674054824452636	0.12887884978265549
103.52576288144071	0.05711983573728237	0.12899370862862017
103.65882941470736	0.057132930982227256	0.1290762617791962
103.79189594797398	0.056899998659115346	0.12914375881241819
103.92496248124061	0.05675755292011518	0.12901633842108773
104.05802901450726	0.05702507860360927	0.12926976443028232
104.19109554777388	0.057390802398700716	0.12954687015081387
104.32416208104051	0.0573514211945211	0.12959756127279445
104.45722861430716	0.05713594909352885	0.12928916564232754
104.59029514757378	0.05710556456660702	0.12908282118275702
104.72336168084041	0.05676138895761382	0.1292363484279263
104.85642821410705	0.05651443622189565	0.12944970859916774
104.98949474737368	0.0567382500829534	0.12959852024780433
105.12256128064031	0.05666473115556792	0.12930344998089152
105.25562781390695	0.0566559883870749	0.12923272782771233
105.38869434717358	0.05686209020760625	0.12942063792606798
105.52176088044021	0.05698328799523736	0.12936081838309035
105.65482741370685	0.05693578181044903	0.12921547620645604
105.78789394697348	0.05685467908336792	0.1295660552050031
105.92096048024011	0.05685486424883583	0.1299712337256103
106.05402701350675	0.05675666836820497	0.12989828470023868
106.18709354677338	0.0568179565997776	0.12989036572500154
106.32016008004001	0.05679580321406804	0.1297301878602928
106.45322661330665	0.05696966965436651	0.12992159679267784
106.58629314657328	0.05725532203990968	0.13007898746145277
106.71935967983991	0.05734007674504603	0.12965672962402533
106.85242621310655	0.05754303614916116	0.1293835313524338
106.98549274637318	0.05727914014845261	0.12909790092098955
107.11855927963981	0.057417831697094655	0.12878424686894602
107.25162581290645	0.05758499310306171	0.12858849797180413
107.38469234617308	0.05752965153235742	0.12832346988075724
107.51775887943971	0.057603326595949536	0.12850538033858575
107.65082541270635	0.05780777378325712	0.1283663499855902
107.78389194597298	0.05804374355724583	0.12793985917434697
107.91695847923961	0.05779361913004654	0.12821364533321503
108.05002501250625	0.05758365379745129	0.12831386602064668
108.18309154577288	0.057714090605970915	0.1282194652702119
108.31615807903951	0.057873628765465285	0.1283297462764504
108.44922461230615	0.057941756617201086	0.12841815105722817
108.58229114557278	0.05778437316242674	0.12816661813849747
108.71535767883941	0.057531257117926685	0.12841351719347435
108.84842421210605	0.057338876703692865	0.12869738813012901
108.98149074537268	0.05725866126955666	0.1283804894545455
109.11455727863931	0.05699791323920323	0.12858359557164584
109.24762381190595	0.05691960524778559	0.1283250102848901
109.38069034517258	0.05713548082730724	0.12819921153583108
109.51375687843921	0.05716321055715643	0.12826885175748834
109.64682341170585	0.05745449171328073	0.1279792909201635
109.77988994497248	0.05747945615042113	0.12792689780675465
109.91295647823911	0.0575487937869192	0.12803352704303467
110.04602301150575	0.05755638889892205	0.128441067425488
110.17908954477238	0.05735607534260745	0.12860982503807233
110.31215607803901	0.05762682791644665	0.12857549635609578
110.44522261130565	0.057657094677120824	0.12850782827784824
110.57828914457228	0.05742445184602497	0.128474582320509
110.71135567783892	0.05737445411447403	0.12858533417174675
110.84442221110555	0.05710719524892232	0.1294301296096983
110.97748874437218	0.05714938211306916	0.1295905321171516
111.11055527763882	0.05744048153795466	0.12935029517299207
111.24362181090545	0.057487065104269264	0.12939234934731136
111.37668834417208	0.057560878640504146	0.12931018242776537
111.50975487743872	0.057298446068782226	0.1290617306031381
111.64282141070535	0.05738318956996189	0.12857391953881736
111.77588794397198	0.05771045209162067	0.1286682309090981
111.90895447723862	0.05798062824584221	0.12875364270908826
112.04202101050525	0.05797597099168461	0.12839152104079593
112.17508754377188	0.05795092530500282	0.1284414148608173
112.30815407703852	0.05800540962289663	0.1287698899498764
112.44122061030515	0.05803301275693836	0.1289482400677536
112.57428714357178	0.05804870383162809	0.12894390115974683
112.70735367683842	0.05837694938918246	0.1292849173743323
112.84042021010505	0.05857276239796981	0.12988737987513266
112.97348674337168	0.05823705838193953	0.13042923940810938
113.10655327663832	0.057817279162450316	0.13061114531560286
113.23961980990495	0.05790842763676306	0.1307809556213074
113.37268634317158	0.0581187525208574	0.13058373023987987
113.50575287643822	0.05807185175876449	0.13007551802431058
113.63881940970485	0.05810436207295145	0.1304371986694712
113.77188594297148	0.058403593437678696	0.13070347595539547
113.90495247623812	0.05847405705424175	0.13095879295832957
114.03801900950475	0.05810933987150856	0.13089075766491964
114.17108554277138	0.058160995547450876	0.13036558175361138
114.30415207603802	0.058072199083462034	0.1305630601165913
114.43721860930465	0.058057638139691316	0.13097712592195582
114.57028514257128	0.05836893388239959	0.13071414678042106
114.70335167583792	0.058518226034547524	0.13060919864683487
114.83641820910455	0.05846167313691971	0.13075739965719038
114.96948474237118	0.058573009545797604	0.13060684024250208
115.10255127563782	0.058929435184923905	0.1307756685903654
115.23561780890445	0.059076635187660174	0.13086259181194818
115.36868434217108	0.05925696230753125	0.13094847345211102
115.50175087543772	0.05956154560702012	0.1308376513631674
115.63481740870435	0.059721346935830616	0.1305408375076185
115.76788394197098	0.05997170670386736	0.1308392228965867
115.90095047523762	0.06005560035300008	0.13093101495987125
116.03401700850425	0.059884648459666026	0.13099420982346216
116.16708354177088	0.05983413059401342	0.1313703450951435
116.30015007503752	0.059913953222178976	0.13152004037570408
116.43321660830415	0.06022834311179161	0.13102151823978841
116.56628314157078	0.060009568079987786	0.13070068789615366
116.69934967483742	0.059819444035657934	0.130854851049203
116.83241620810405	0.05983553952202512	0.13054572005410447
116.96548274137068	0.05984589951937177	0.13059513834159522
117.09854927463732	0.05962896908723255	0.1310800199436401
117.23161580790395	0.059413883100552914	0.13083322992520335
117.36468234117058	0.0591614410702764	0.13089073637347384
117.49774887443722	0.05883345345116681	0.13096628377942335
117.63081540770385	0.0588066403912032	0.13100360791338045
117.76388194097048	0.05888223427964297	0.13083178538505236
117.89694847423712	0.05895332009632665	0.13068137819236955
118.03001500750375	0.05887965141388232	0.130863495273923
118.16308154077038	0.05899441471555969	0.13127883686192168
118.29614807403702	0.05875302476354451	0.13132613481846414
118.42921460730365	0.0588397542330775	0.13081686020814273
118.56228114057028	0.05905686506556027	0.13052462963207498
118.69534767383692	0.05890262212897135	0.1306998472560121
118.82841420710355	0.05900466953624329	0.1311464385558902
118.96148074037018	0.05910790470135047	0.13084095040974103
119.09454727363682	0.058911310082456515	0.1306395922542466
119.22761380690345	0.059190161782140385	0.13106222955791394
119.36068034017008	0.059086266775998576	0.13119002169640032
119.49374687343672	0.05884129335154161	0.13095607568031384
119.62681340670335	0.05906136575866728	0.13112507238618765
119.75987993996998	0.05903973527236453	0.13080280570378508
119.89294647323662	0.059030641650442556	0.13049973890934713
120.02601300650325	0.05866893329147517	0.13060477158384554
120.15907953976988	0.05857172027530388	0.13073096482585525
120.29214607303652	0.05862672404898763	0.13096456241248786
120.42521260630315	0.058615870061764455	0.1315286666424669
120.55827913956978	0.05851441125036227	0.1314712208852052
120.69134567283642	0.05834269000448593	0.13122237964696587
120.82441220610305	0.05845850227094275	0.13136040830691767
120.95747873936968	0.05856367046546275	0.13124991722511456
121.09054527263632	0.05854466653443889	0.13111599626345224
121.22361180590295	0.05857064848139559	0.1305160618683319
121.35667833916958	0.05870780756205092	0.13023709667178926
121.48974487243622	0.05836264302722408	0.13014872221440987
121.62281140570285	0.05798045273103405	0.12992277821301576
121.75587793896948	0.058011880761824126	0.12983606494458513
121.88894447223612	0.05859244754575047	0.1298056026422938
122.02201100550275	0.059061142722551974	0.12949128632918158
122.15507753876938	0.059077522961820735	0.1293789356573301
122.28814407203602	0.05927044250205101	0.12902848405892578
122.42121060530265	0.059063905660686575	0.1292287172078448
122.55427713856928	0.0588832460112724	0.1299988171597611
122.68734367183592	0.05900806495817287	0.12991730151223346
122.82041020510255	0.05892638830449152	0.12993962512430368
122.95347673836918	0.05865838046943597	0.12995726707830474
123.08654327163582	0.05860093587054986	0.12954850148222877
123.21960980490245	0.058594297552173796	0.1292272498072805
123.35267633816908	0.05880635208140604	0.129488313704151
123.48574287143572	0.058931248608624046	0.1299722002214454
123.61880940470235	0.05873028364882629	0.1299337430635128
123.75187593796898	0.05890084796007591	0.12909743202602303
123.88494247123562	0.05910630484824989	0.12867678337308505
124.01800900450225	0.05882221402986178	0.12920962588051468
124.15107553776888	0.05869998993349412	0.12918155638482193
124.28414207103552	0.05875479551551664	0.12907237242217054
124.41720860430215	0.05849910306989617	0.12894838181926335
124.55027513756878	0.058696991596448526	0.12882108614167295
124.68334167083542	0.05888961281039213	0.12939389400667045
124.81640820410205	0.05894379312278736	0.1297497821723223
124.94947473736867	0.05905439238357254	0.12964858377139554
125.08254127063532	0.05905857034035864	0.12959621822990677
125.21560780390195	0.059317854159184884	0.1295149772528117
125.34867433716857	0.059065501070828384	0.12926872836218983
125.48174087043522	0.05882483995081365	0.12871264220198325
125.61480740370185	0.058923711973278704	0.1284362597386837
125.74787393696847	0.05912145963185146	0.12851918289126174
125.88094047023512	0.05950767752711184	0.1284950173276108
126.01400700350175	0.059416216532753724	0.1281681084122096
126.14707353676837	0.05932169941844464	0.12794360083010947
126.28014007003502	0.05930603054579272	0.12808871464267205
126.41320660330165	0.058994283147384946	0.12790301321094616
126.54627313656827	0.058855254243072724	0.1280184861839307
126.67933966983492	0.058776961024018075	0.1285340300919273
126.81240620310155	0.05873903205292383	0.1286373089283093
126.94547273636817	0.05855077792565341	0.12857526285010196
127.07853926963482	0.058457797312701516	0.12887583240670006
127.21160580290145	0.058397030957251864	0.12924452825530836
127.34467233616807	0.058417730272186504	0.1295940585140093
127.47773886943472	0.05857286675756654	0.12996964636456432
127.61080540270135	0.05877869279009027	0.12953350062045782
127.74387193596797	0.058809178762547154	0.12938922537042719
127.87693846923462	0.05866030879420096	0.12956234018266494
128.01000500250126	0.05865947802819269	0.12947950541564046
128.1430715357679	0.05852779967172571	0.1295383072247033
128.27613806903452	0.05855838587381241	0.12948900798068202
128.40920460230114	0.05867014473980056	0.12922800461819062
128.54227113556777	0.05854112685822891	0.12913904585156258
128.6753376688344	0.05826106961984547	0.12933712998527025
128.80840420210106	0.058326770374673056	0.12928335318459785
128.9414707353677	0.05861312848017639	0.12920270543068305
129.07453726863432	0.058436770427298355	0.12905126313755103
129.20760380190094	0.0583632509262341	0.12898549762210362
129.34067033516757	0.05842490349589895	0.12928060504725222
129.4737368684342	0.05836079138250873	0.12954518047645225
129.60680340170086	0.05836062657090343	0.12947039433089333
129.7398699349675	0.05815048170525485	0.12924438493651613
129.87293646823412	0.05826491672971624	0.1295259623900023
130.00600300150074	0.05841230912759901	0.13000624805819333
130.13906953476737	0.05812684784662049	0.130168250568762
130.272136068034	0.05817735354855846	0.1300599023604689
130.40520260130066	0.05833932631527168	0.13006308683446421
130.5382691345673	0.05812236935097826	0.1297874950467315
130.67133566783392	0.05833993369734982	0.12977787016715234
130.80440220110054	0.05853393629721387	0.12976455460986266
130.93746873436717	0.058372850473195195	0.12955691319645293
131.0705352676338	0.05860444201295019	0.12957349217852301
131.20360180090046	0.05906813901059404	0.1294119920434221
131.3366683341671	0.059289171494457865	0.12933432870714306
131.46973486743371	0.05943887221858598	0.1292712323457045
131.60280140070034	0.05987236736769133	0.12911413121838888
131.73586793396697	0.060326459781768434	0.12897419837908083
131.8689344672336	0.0604082640739292	0.12911077478356614
132.00200100050026	0.06048130473478803	0.12887193657751547
132.1350675337669	0.06050758043460805	0.1284602296826161
132.26813406703351	0.06038315517399506	0.12821802304259902
132.40120060030014	0.06021237279571872	0.1280675321455732
132.53426713356677	0.060195198212290954	0.12805405110414878
132.6673336668334	0.06029885124980507	0.12825381632426688
132.80040020010006	0.06049690561317917	0.12817940541962308
132.93346673336669	0.06086281939991279	0.12780856161521884
133.06653326663331	0.061078986143617585	0.12759130996993298
133.19959979989994	0.061247266202667607	0.12765683255981106
133.33266633316657	0.06128282266303221	0.12751765697805909
133.4657328664332	0.06132370027775867	0.12692326081023483
133.59879939969986	0.0613102224279618	0.12703203761984308
133.73186593296649	0.06104704225477144	0.127406190406098
133.8649324662331	0.061277901687930486	0.1274008790031913
133.99799899949974	0.06117612481486829	0.1272526850815066
134.13106553276637	0.06096511406004242	0.126709058899991
134.264132066033	0.06104191169508689	0.1265740885097864
134.39719859929966	0.06066145413336512	0.12687978993005655
134.53026513256629	0.06091898983078413	0.12677603284398498
134.6633316658329	0.061049370996572684	0.12650738165544914
134.79639819909954	0.06095996558896202	0.12656996376434307
134.92946473236617	0.06120454949534442	0.1263791179038009
135.0625312656328	0.061154995322975435	0.1260864510176587
135.19559779889946	0.06090431683944642	0.12606155678772066
135.32866433216608	0.06084250648472301	0.12611765502125272
135.4617308654327	0.0611812212737851	0.12655710658209698
135.59479739869934	0.06117511521773522	0.12685967647192053
135.72786393196597	0.061135721750034684	0.12688946619845265
135.8609304652326	0.0611355145910681	0.12697635687943273
135.99399699849926	0.061093538430959035	0.12693881734900073
136.12706353176588	0.06122698493344752	0.12750983871491
136.2601300650325	0.06105009667271921	0.12804948545626096
136.39319659829914	0.06068793106965083	0.12796327451069692
136.52626313156577	0.0603660976657654	0.1279247250046304
136.65932966483243	0.06027011464643399	0.1279978686920981
136.79239619809906	0.060315634117367824	0.12799112871758492
136.92546273136568	0.06041061496519515	0.12806655257330254
137.0585292646323	0.060417029093392714	0.12764168543510676
137.19159579789894	0.060201720035879584	0.12763490553976856
137.32466233116557	0.06019740376130029	0.12778428714990805
137.45772886443223	0.06046575476646338	0.12735604517809124
137.59079539769886	0.060449072713255045	0.12718091873859927
137.72386193096548	0.0606965747951205	0.12712706129672136
137.8569284642321	0.06084403764134596	0.12710960909002486
137.98999499749874	0.06097207644288632	0.12698703642631154
138.12306153076537	0.06113606672717357	0.12661757929151574
138.25612806403203	0.06092550008772493	0.12672378589714464
138.38919459729865	0.06088546394188042	0.12688072034614264
138.52226113056528	0.061034355973608935	0.1269965813058099
138.6553276638319	0.061351218202040134	0.12681597366714553
138.78839419709854	0.0615338466481943	0.12645561190095642
138.92146073036517	0.061254349575587216	0.12655383628613057
139.05452726363183	0.060895178904125755	0.12626939489225406
139.18759379689845	0.061007541991526054	0.12599583952039395
139.32066033016508	0.06107564796129747	0.125982930125803
139.4537268634317	0.06088147444612859	0.1258048318353267
139.58679339669834	0.06094454847164346	0.12599280144250316
139.71985992996497	0.06117449106748653	0.12613337064662722
139.85292646323163	0.06108345361179327	0.12575962954106937
139.98599299649825	0.06063242555568007	0.125315147442286
140.11905952976488	0.060593970024576345	0.12556756093643878
140.2521260630315	0.06079237990402739	0.12593918463153939
140.38519259629814	0.060891294557531984	0.12581182507603292
140.51825912956477	0.06087646914312171	0.125654034497567
140.65132566283143	0.06072749213235704	0.12550530225374373
140.78439219609805	0.06032862382908409	0.125588875318869
140.91745872936468	0.06037121450059025	0.125808204487013
141.0505252626313	0.06053143659284411	0.12570920996404156
141.18359179589794	0.060791821142409275	0.12595408449448567
141.31665832916457	0.06100888695824854	0.12632261566639486
141.44972486243122	0.060960230337061806	0.12632083142897532
141.58279139569785	0.060760218241144796	0.12623530357956567
141.71585792896448	0.06071627414719622	0.12611738545817897
141.8489244622311	0.061229141152796554	0.1261353157249697
141.98199099549774	0.06110963637368873	0.12652980739956726
142.11505752876437	0.06105026314604933	0.1270997548926027
142.24812406203102	0.061034421798189194	0.12759713971894796
142.38119059529765	0.061043855493421194	0.1273303586515369
142.51425712856428	0.06124704764555916	0.1269419109304668
142.6473236618309	0.06143833287143682	0.1271777801726508
142.78039019509754	0.061532221292394364	0.12686841321799266
142.91345672836417	0.06158208969659098	0.12648093019826556
143.04652326163082	0.061412746109772036	0.12625141101952955
143.17958979489745	0.061381363465240965	0.12599190143745434
143.31265632816408	0.06159375575054601	0.12583227123169147
143.4457228614307	0.061876866335678564	0.12558150395425743
143.57878939469734	0.06222412113932558	0.12569159047799147
143.71185592796397	0.062402119734973914	0.12570936654751297
143.84492246123062	0.06236106943031389	0.125809465551045
143.97798899449725	0.06218752414780371	0.1255631762959849
144.11105552776388	0.062365577097427446	0.12531741812903055
144.2441220610305	0.06257547305680586	0.12520049000214598
144.37718859429714	0.0626146110468182	0.12498304192065594
144.51025512756377	0.06272498940380258	0.12523527593202058
144.64332166083042	0.06253887784334035	0.12497328628586026
144.77638819409705	0.06286154563807769	0.12438794185663156
144.90945472736368	0.06314728116880074	0.12449710416517097
145.0425212606303	0.06299201450445582	0.12469936093498014
145.17558779389694	0.06275970000774266	0.12473220463451448
145.30865432716357	0.06247617170922915	0.12466796671093766
145.44172086043022	0.06207028261575533	0.12477871199920307
145.57478739369685	0.06212655183225153	0.12473241143781608
145.70785392696348	0.06219682628007353	0.12459335542799747
145.8409204602301	0.06229930621150717	0.12453247851290528
145.97398699349674	0.062413634620996195	0.12441914488458515
146.10705352676337	0.06207680295854101	0.124538284669306
146.24012006003002	0.061921124757692	0.124537315283273
146.37318659329665	0.06204312442647615	0.12420040876889571
146.50625312656328	0.06201661723886713	0.12450425293132303
146.6393196598299	0.06212483315307356	0.12477430225265604
146.77238619309654	0.06223183510316756	0.1249130608593847
146.90545272636317	0.062208207979554175	0.12535508713855256
147.03851925962982	0.06214842648983018	0.1254716908001017
147.17158579289645	0.06214539763309571	0.12560973173504997
147.30465232616308	0.06228958473152709	0.12594461383828912
147.4377188594297	0.0625006276060972	0.12590665446718463
147.57078539269634	0.06228010754363117	0.12603470595193605
147.70385192596297	0.062203252573545496	0.1260032942245821
147.83691845922962	0.06253855850063042	0.12598204647082645
147.96998499249625	0.06281054566142093	0.12604870203650317
148.10305152576288	0.0627624351593447	0.12554200272258642
148.2361180590295	0.06280263771888249	0.12539498917751335
148.36918459229614	0.06307370771539457	0.12580050629280817
148.50225112556276	0.06303795187143438	0.12608298946132515
148.63531765882942	0.06290518811423891	0.1264331722887654
148.76838419209605	0.06258038603060487	0.1263949623631084
148.90145072536268	0.06226584361100111	0.12594910116080146
149.0345172586293	0.062333560679197875	0.1259253870879329
149.16758379189594	0.06239291731329005	0.12604208418277604
149.30065032516256	0.06229842746669976	0.1262373752232328
149.43371685842922	0.06274684901306048	0.12625544036909644
149.56678339169585	0.06281826568625065	0.1263527648233535
149.69984992496248	0.06249444823639664	0.12655488831915293
149.8329164582291	0.062461022806363606	0.1263065219671308
149.96598299149574	0.06220973379380292	0.12661245354456183
150.09904952476236	0.06204054738163202	0.12702736676736745
150.23211605802902	0.06216954494370603	0.1262820668220881
150.36518259129565	0.06220627336074262	0.12539121035524378
150.49824912456228	0.0622185016425147	0.12534205477580648
150.6313156578289	0.062211605540551704	0.12560935176483745
150.76438219109554	0.062134240809417846	0.1257584491670997
150.89744872436216	0.062324634567675896	0.12539851782942704
151.03051525762882	0.062370637737581586	0.12513438680030098
151.16358179089545	0.06219860594060871	0.1255879796307517
151.29664832416208	0.062167254521629134	0.12581472755087025
151.4297148574287	0.062135953066039286	0.12573126074831312
151.56278139069533	0.0617045618966139	0.12606267251521236
151.69584792396196	0.061459312072195536	0.12676501618956287
151.82891445722862	0.06144551554914548	0.12664019118850317
151.96198099049525	0.061374201367929766	0.126258317175831
152.09504752376188	0.06155590760049261	0.1264643903987906
152.2281140570285	0.06171895448686951	0.12655173051913698
152.36118059029513	0.06154368352939233	0.12622690429007544
152.49424712356176	0.061372892773951145	0.1264448261728039
152.62731365682842	0.061257197912148786	0.12709589645198838
152.76038019009505	0.06178424421915444	0.1271950141290446
152.89344672336168	0.061965465768430546	0.12720134749253403
153.0265132566283	0.06196514318187473	0.12713732297074742
153.15957978989493	0.06180452580890807	0.12744620635392573
153.2926463231616	0.06183904984588555	0.1277693261564645
153.42571285642822	0.06180172668002573	0.12722031495419597
153.55877938969485	0.06177324963556983	0.12731493450860354
153.69184592296148	0.061788290325913875	0.12767609546717237
153.8249124562281	0.061699403776324775	0.12769579902315556
153.95797898949473	0.061541199774310905	0.12764539500379082
154.0910455227614	0.06151159796089299	0.1276895656933268
154.22411205602802	0.0614668604508611	0.12765004115247183
154.35717858929465	0.06140035908609826	0.12734641912005942
154.49024512256128	0.061398453135521454	0.12699776616786096
154.6233116558279	0.06172338731669572	0.12713130647490833
154.75637818909453	0.06150604862027975	0.12754181678797222
154.8894447223612	0.06159248883817367	0.12750711774248943
155.02251125562782	0.06180797693612281	0.12710500364583935
155.15557778889445	0.06163441115181645	0.127125436664696
155.28864432216108	0.061288266719372875	0.1271194086193142
155.4217108554277	0.06110106379065791	0.12728794035113836
155.55477738869433	0.06104051704445613	0.12783348246698908
155.687843921961	0.06151178032176349	0.12772167994763095
155.82091045522762	0.061702757326919044	0.1273149396082244
155.95397698849425	0.06170651960843549	0.1276749030180368
156.08704352176088	0.06156464551308546	0.12781458004257848
156.2201100550275	0.06138881383065602	0.12779662445012366
156.35317658829413	0.06119542093056299	0.12812613690328556
156.4862431215608	0.06100597581288945	0.12833433288534274
156.61930965482742	0.06092845870158254	0.12832149839631
156.75237618809405	0.060799708004157606	0.12843260674285586
156.88544272136068	0.060856962861526046	0.12850072088228554
157.0185092546273	0.06083976784946254	0.12822139250014353
157.15157578789393	0.060698107825554994	0.12817441157683543
157.2846423211606	0.060747682470966353	0.12853482732141305
157.41770885442722	0.060818986848181655	0.12842069447976756
157.55077538769385	0.06084679272407767	0.12816774004319598
157.68384192096048	0.06107170508628177	0.12808421797883815
157.8169084542271	0.06129240918648049	0.1277180150592239
157.94997498749373	0.060762153609716846	0.1275242838127919
158.0830415207604	0.06029329822864604	0.12748552429741655
158.21610805402702	0.06019900869536548	0.1273123006720945
158.34917458729365	0.06013472177530505	0.12736856887972461
158.48224112056027	0.06010978112857234	0.12748860371715542
158.6153076538269	0.05995952883222763	0.12758327567227237
158.74837418709353	0.05983304328774765	0.12789296470784098
158.8814407203602	0.05984156066820629	0.1279206075656143
159.01450725362682	0.060022309981472025	0.12809833669910756
159.14757378689345	0.06026649866152809	0.1284837593161849
159.28064032016007	0.06009798598054197	0.12855737869199438
159.4137068534267	0.06015563013097769	0.128574666691322
159.54677338669333	0.060553722197199816	0.1285779043925255
159.67983991996	0.06049495663785128	0.1283953519382913
159.81290645322662	0.06071788525461585	0.1282293954552954
159.94597298649325	0.06043758778222292	0.12833472329730528
160.07903951975987	0.06029078676182157	0.1283059799511648
160.2121060530265	0.0603467685779538	0.12830693429517218
160.34517258629313	0.060233611533395154	0.12843409451173562
160.4782391195598	0.060168614118078265	0.128301463832123
160.61130565282642	0.06051138214203357	0.12837729168391937
160.74437218609305	0.06043252142533798	0.12875162852878308
160.87743871935967	0.06054449669873598	0.1287361046879352
161.0105052526263	0.06079371730743138	0.12888555979721775
161.14357178589293	0.06078517453605497	0.1295778243665903
161.2766383191596	0.06047625079633347	0.1301359557638277
161.40970485242622	0.06043866841074466	0.12998304974950195
161.54277138569284	0.06074829471056092	0.1299229958066792
161.67583791895947	0.06096955060277689	0.12976335126676627
161.8089044522261	0.0609271649236938	0.1293783946264848
161.94197098549273	0.06105871391861068	0.12902842232163983
162.0750375187594	0.06155051465221248	0.12841126300519487
162.20810405202602	0.0616966265849811	0.12847421326091837
162.34117058529264	0.061566353642946776	0.12879469138449948
162.47423711855927	0.061672675432440774	0.1292619696150775
162.6073036518259	0.061631480789265794	0.12948539050845703
162.74037018509253	0.06189509958217091	0.12921961780496366
162.8734367183592	0.062212031991012134	0.129158273253905
163.00650325162582	0.062275610850538	0.1295198465170124
163.13956978489244	0.06225876150981844	0.12959293619649148
163.27263631815907	0.06253921708356035	0.12938674426245964
163.4057028514257	0.06271466741814204	0.12922523598068722
163.53876938469233	0.06244273048851249	0.1292027821915735
163.671835917959	0.0624126085676602	0.12907435654871033
163.80490245122562	0.06234910960439966	0.12895881919350102
163.93796898449224	0.062451780981674095	0.12930961954335474
164.07103551775887	0.062266179919101695	0.12952676067221208
164.2041020510255	0.0621049559664273	0.12977184902536937
164.33716858429213	0.06196125253103251	0.12995920084212814
164.4702351175588	0.06192088492124866	0.12972225532566695
164.60330165082541	0.06205938988553383	0.12987190421963535
164.73636818409204	0.06180002808042547	0.13044050919507455
164.86943471735867	0.06176304306834386	0.12995100087599779
165.0025012506253	0.061741528114290976	0.13004363707148187
165.13556778389193	0.06137170388803841	0.1305581201550555
165.2686343171586	0.06122915471422686	0.1306078352372703
165.40170085042521	0.061343119601475087	0.13040843693604762
165.53476738369184	0.06154930496879182	0.13077872846797015
165.66783391695847	0.06124196322450468	0.13039116872725096
165.8009004502251	0.06109035055433075	0.1301883883730715
165.93396698349173	0.06118426901156629	0.13004382240524878
166.06703351675839	0.06139080444815739	0.1305913080590464
166.20010005002501	0.06174684642809187	0.13101463103529054
166.33316658329164	0.062100427488486425	0.13061024266479138
166.46623311655827	0.062020180160746965	0.13022313178830827
166.5992996498249	0.061922553613007275	0.13015009440416136
166.73236618309153	0.06213777103677668	0.1301981202608313
166.86543271635819	0.061964848941413554	0.12985472773325493
166.9984992496248	0.06187949530245247	0.1298120239094895
167.13156578289144	0.062049785366634594	0.12996964058556967
167.26463231615807	0.062187080755275764	0.1301155367562723
167.3976988494247	0.06210762837327959	0.12976716536786695
167.53076538269133	0.06217101913243548	0.12999511513175363
167.66383191595799	0.06215919590048995	0.13047940244605893
167.7968984492246	0.06217377997074862	0.1306285125590043
167.92996498249124	0.06212353776264077	0.1302839484675685
168.06303151575787	0.06219504135197156	0.12995172460944213
168.1960980490245	0.062044371189949946	0.12964177320139816
168.32916458229113	0.061775098581657174	0.12937011196821674
168.46223111555778	0.06205978630241226	0.12935517247180214
168.5952976488244	0.06191732278554866	0.12936497448632664
168.72836418209104	0.061840502301998355	0.1292201489030259
168.86143071535767	0.0617804762595667	0.12960027198636467
168.9944972486243	0.06178750833086547	0.12985606970187716
169.12756378189093	0.06162510063561222	0.12985224633562192
169.26063031515758	0.06173702007345341	0.1297589616949872
169.3936968484242	0.061706156957788985	0.12931631834079108
169.52676338169084	0.06175833784525731	0.12887434266240397
169.65982991495747	0.06225806393246742	0.1288817239158013
169.7928964482241	0.06232946694185899	0.12908746048330383
169.92596298149073	0.062210068581098066	0.12878080193097904
170.05902951475738	0.06225900272660919	0.1283844866024591
170.192096048024	0.0625040839626515	0.128319694961727
170.32516258129064	0.06242897820239264	0.12866145166131518
170.45822911455727	0.06242118421695635	0.12885396324356957
170.5912956478239	0.062210340276092874	0.12883388392531364
170.72436218109056	0.06247064656707119	0.12907449795127912
170.85742871435718	0.06283899420640618	0.12932249265671383
170.9904952476238	0.0629029110932873	0.12929888292593203
171.12356178089044	0.06315759470501431	0.1290064481505944
171.25662831415707	0.0632420098536769	0.12918363911425432
171.3896948474237	0.06339224535646826	0.12960156201574352
171.52276138069035	0.0633328362111638	0.1293105735289898
171.65582791395698	0.06345928979760565	0.12934479751332154
171.7888944472236	0.06371678649198007	0.1287988618079222
171.92196098049024	0.06354520893453385	0.12848539037814713
172.05502751375687	0.06373292926486512	0.12829331380997652
172.1880940470235	0.06385055488243375	0.12831114040949426
172.32116058029015	0.06357682213069107	0.12869542369208015
172.45422711355678	0.06348922452323211	0.12867068077249322
172.5872936468234	0.063913879445427	0.12848494558284904
172.72036018009004	0.06387256169309165	0.12824209448939092
172.85342671335667	0.06407846149492223	0.12817193027323848
172.9864932466233	0.06405008627916804	0.12828584611558763
173.11955977988995	0.06405819158756335	0.12794426077688864
173.25262631315658	0.06418917460135422	0.12773268584322206
173.3856928464232	0.06443930961309056	0.12772800781670537
173.51875937968984	0.06457175829732208	0.12739406393475283
173.65182591295647	0.06447834194710392	0.12782398201975204
173.7848924462231	0.06441283676542883	0.1279264076562107
173.91795897948975	0.06434031916756716	0.12772248683599474
174.05102551275638	0.06459678037599455	0.1278692390758901
174.184092046023	0.06410839985339824	0.12823630820599463
174.31715857928964	0.063647886693322	0.1284121240584878
174.45022511255627	0.06381150519534934	0.12818107549971974
174.5832916458229	0.06405288225704867	0.12763610862279529
174.71635817908955	0.06418765135318254	0.12743087812407974
174.84942471235618	0.0640122778812689	0.1276482379133077
174.9824912456228	0.06401357507446483	0.1278449563039378
175.11555777888944	0.06369085730751925	0.12805996143428228
175.24862431215607	0.06361511511099165	0.12819571456488071
175.3816908454227	0.06363971412610357	0.12824741642118667
175.51475737868935	0.06341338576239756	0.12801163235638946
175.64782391195598	0.063398693277137	0.12761044892405907
175.7808904452226	0.06364860008706584	0.12773789983644485
175.91395697848924	0.06316789512537055	0.1277709520809615
176.04702351175587	0.06285282236682657	0.12769298764666845
176.1800900450225	0.06298225789061858	0.12817194073036617
176.31315657828915	0.0629130327974008	0.127975943626071
176.44622311155578	0.06264746841600516	0.12751267042612296
176.5792896448224	0.062477379475695045	0.12775718839844272
176.71235617808904	0.062225574184932006	0.12749786423840073
176.84542271135567	0.06235662361494933	0.12715528604690507
176.9784892446223	0.062395837332354764	0.1272073504749444
177.11155577788895	0.0623247280345964	0.1273648583843317
177.24462231115558	0.0621967294445817	0.12673779644466382
177.3776888444222	0.06233589965368266	0.1259601176088793
177.51075537768884	0.06196582342871002	0.12641356036971652
177.64382191095547	0.061895094583662214	0.1268291716745097
177.7768884442221	0.06205327969974653	0.12646286401018658
177.90995497748875	0.06210094888055796	0.12650283275837218
178.04302151075538	0.061909337513626574	0.12668250191160807
178.176088044022	0.06182511584384363	0.1269587698752016
178.30915457728864	0.061602688479180566	0.12717024109176348
178.44222111055527	0.06192139379963473	0.12739614263337423
178.5752876438219	0.061981675678390684	0.12751110337897043
178.70835417708855	0.06181413588477413	0.1278922001633469
178.84142071035518	0.06195101666586016	0.12822929287622858
178.9744872436218	0.06212759203704675	0.12906015204880816
179.10755377688844	0.06222969651897977	0.1285614067472319
179.24062031015507	0.06220832213223174	0.12810781232076615
179.3736868434217	0.0622031244834161	0.12864612606354575
179.50675337668835	0.06235848509343604	0.1283688649326677
179.63981990995498	0.06244552835931627	0.12777128262115797
179.7728864432216	0.06215894166217198	0.12753171968940805
179.90595297648824	0.06210631512325058	0.12753239587220183
180.03901950975487	0.06193329598224779	0.12770695189147868
180.1720860430215	0.06198046444770326	0.12788857802227652
180.30515257628815	0.061791609332524464	0.12798423658479885
180.43821910955478	0.06201074007426615	0.12800955850530835
180.5712856428214	0.06217647236279073	0.12808198014674635
180.70435217608804	0.06208323343409699	0.12716783608827587
180.83741870935467	0.0624442093773014	0.1271676098249204
180.9704852426213	0.06227768254263359	0.12726873588584714
181.10355177588795	0.06234159338551494	0.1273729216793852
181.23661830915458	0.062315393569526346	0.12723236409438357
181.3696848424212	0.06230584569856791	0.12707893265114711
181.50275137568784	0.062231848878458264	0.1267039685775649
181.63581790895446	0.06222606956141837	0.12684365752977309
181.7688844422211	0.06212954198364327	0.12727241254153548
181.90195097548775	0.06185963681220233	0.12713670874365238
182.03501750875438	0.062101846642734694	0.12734500532323711
182.168084042021	0.062246890509345475	0.12775375202475484
182.30115057528764	0.06204674371766533	0.12763512554331996
182.43421710855426	0.06207452749784617	0.12771481699555115
182.5672836418209	0.06209247140884648	0.12758514083506894
182.70035017508755	0.06229217401791229	0.12715040376728726
182.83341670835418	0.06290674426700149	0.12711050087058007
182.9664832416208	0.06297560923229772	0.1266425056415063
183.09954977488744	0.06274883620369405	0.1260072053967825
183.23261630815406	0.062957377417604	0.1258790279294339
183.3656828414207	0.06279894986011662	0.12587380307689525
183.49874937468735	0.06281825696589498	0.12578341761524442
183.63181590795398	0.0630203889070528	0.1258581706159539
183.7648824412206	0.06328649889867691	0.1258812207966586
183.89794897448724	0.06355076092845927	0.1257628833518548
184.03101550775386	0.06345638071351511	0.12588415333838165
184.1640820410205	0.06330243307969963	0.12618058754025893
184.29714857428715	0.06336700518438519	0.12604666880828694
184.43021510755378	0.06348903929958599	0.12598207605180792
184.5632816408204	0.06347287833537216	0.1257936005286408
184.69634817408703	0.06355033062868179	0.12522350617379574
184.82941470735366	0.0633724349627318	0.1257608520783108
184.9624812406203	0.06344700734746203	0.12548668176793285
185.09554777388695	0.0638327521966637	0.12566904104126272
185.22861430715358	0.06386485010524605	0.12605027332149735
185.3616808404202	0.06368447039208198	0.12570068382251154
185.49474737368683	0.06349607851446663	0.1259899930950631
185.62781390695346	0.0631747212729897	0.12631516419565914
185.7608804402201	0.06320596892064467	0.1264260242845393
185.89394697348675	0.06324705205419655	0.12684320931748938
186.02701350675338	0.06308941955535743	0.127416116268297
186.16008004002	0.06267703746403178	0.12762708857425575
186.29314657328663	0.06275504328263243	0.12788199244206752
186.42621310655326	0.06272292330016539	0.12836593468699287
186.5592796398199	0.06275408758520476	0.12874441600650327
186.69234617308655	0.06292222966014652	0.1288006946104025
186.82541270635318	0.06321204847399149	0.12894241750758
186.9584792396198	0.06312307241043068	0.1288539369372153
187.09154577288643	0.06296057818025351	0.1286354710919459
187.22461230615306	0.0634317691905977	0.12878553471589743
187.3576788394197	0.0635605519575246	0.12882285205774593
187.49074537268635	0.06327637798351453	0.128870111446409
187.62381190595298	0.06326437466414146	0.12865963384740833
187.7568784392196	0.06322415177585301	0.12849036894910423
187.88994497248623	0.06328491562223379	0.12842182980009925
188.02301150575286	0.06333228346831717	0.12803766701361743
188.15607803901952	0.06318298289862	0.12760092733124606
188.28914457228615	0.06324814507737914	0.12774399741555423
188.42221110555278	0.06309949638905876	0.12761324182749073
188.5552776388194	0.06302631639962979	0.12687046787919007
188.68834417208603	0.0631252705446293	0.1270482164702499
188.82141070535266	0.063150566920335	0.12698362184826728
188.95447723861932	0.06302996300507673	0.12663483206637158
189.08754377188595	0.06333390812112216	0.12677341063889716
189.22061030515258	0.06330383116898448	0.12717517734456674
189.3536768384192	0.06320247909109472	0.1270747214780202
189.48674337168583	0.06317345815452834	0.1269927792260546
189.61980990495246	0.06293636566654076	0.12732672514331791
189.75287643821912	0.06290145173347529	0.12722351904393525
189.88594297148575	0.06334490983942347	0.12698366379433973
190.01900950475238	0.06350635565438656	0.1266764171394209
190.152076038019	0.06355659135770982	0.12699455084992994
190.28514257128563	0.06362071427293575	0.1273147898371813
190.41820910455226	0.06356605313737022	0.12699015335976363
190.55127563781892	0.06376140630024572	0.12735961556987235
190.68434217108555	0.06364802617401238	0.12736265481604184
190.81740870435218	0.0638836331056757	0.12709038756088492
190.9504752376188	0.0640256537964035	0.12743757168108694
191.08354177088543	0.06406280968344122	0.1273120536119743
191.21660830415206	0.0644338162133572	0.12677886910107955
191.34967483741872	0.0643881131887119	0.12665231904813404
191.48274137068535	0.06425501168424147	0.1267004278519621
191.61580790395197	0.06421271626998812	0.12703863172865473
191.7488744372186	0.064009092288522	0.1271445439046038
191.88194097048523	0.06439120980048087	0.12674371605221924
192.01500750375186	0.06454322793927937	0.12661002778594754
192.14807403701852	0.0644133299686263	0.126855675667396
192.28114057028515	0.06447845058942749	0.12665110763088383
192.41420710355177	0.06475786283147614	0.12661058986950163
192.5472736368184	0.06487644115747614	0.12665426455883932
192.68034017008503	0.06462459324944216	0.12678513861695867
192.81340670335166	0.06498605569931314	0.12685658737594693
192.94647323661832	0.06517009828916573	0.12722088688587332
193.07953976988495	0.06523998289463011	0.1272685768660223
193.21260630315157	0.06528324768558116	0.12701468738902158
193.3456728364182	0.0653920887445982	0.1269080791610266
193.47873936968483	0.06546552181523072	0.12755232571863603
193.61180590295146	0.0655925214371612	0.1279550653724244
193.74487243621812	0.06524890935711253	0.12774699447340307
193.87793896948475	0.06549285947078733	0.1278185557416396
194.01100550275137	0.06542131732490648	0.1281135059313957
194.144072036018	0.06515988327365177	0.12792376079207346
194.27713856928463	0.06497858584834808	0.12746171328219064
194.41020510255126	0.06506589052363762	0.12732518050601258
194.54327163581792	0.06517670326731577	0.12759366334148162
194.67633816908454	0.06518004430824659	0.1274703889222238
194.80940470235117	0.06509180576752545	0.12779386301085532
194.9424712356178	0.0653692210654305	0.12804606079402356
195.07553776888443	0.06548368563688438	0.12787404761660498
195.20860430215106	0.06565511642107509	0.12782302121901076
195.34167083541772	0.06589420098347651	0.1274463788489574
195.47473736868434	0.06572755415023272	0.12738581973155688
195.60780390195097	0.06581722440949878	0.12765475913745847
195.7408704352176	0.06605228785184586	0.12733287113646766
195.87393696848423	0.06630071775267335	0.12728432797425804
196.00700350175086	0.06630374461093537	0.12726151890091095
196.14007003501752	0.06645057243061317	0.12644945020079496
196.27313656828414	0.06611844468660069	0.12665663022613535
196.40620310155077	0.06580132527182725	0.12681669067025172
196.5392696348174	0.0660362306241597	0.1268203775908642
196.67233616808403	0.06588543505430544	0.12714914551553547
196.80540270135066	0.06569946351871683	0.1272911371070199
196.93846923461732	0.06553753257885553	0.12737945521143493
197.07153576788394	0.06555319526004956	0.127087861581638
197.20460230115057	0.06530571715412595	0.12710362151938567
197.3376688344172	0.0651155394765346	0.1273402768723948
197.47073536768383	0.06469020868048306	0.12738012178727925
197.60380190095046	0.06451826823417171	0.127126683312103
197.73686843421712	0.06460039998395584	0.1274268764243408
197.86993496748374	0.06457533519094658	0.1271195309603233
198.00300150075037	0.06453070044743985	0.12700848668756232
198.136068034017	0.06431612528915619	0.12712749099481038
198.26913456728363	0.0642990402049531	0.12686177981048052
198.40220110055026	0.06429223159725289	0.12710423781940267
198.53526763381691	0.06412803279861538	0.1272423141415271
198.66833416708354	0.06438913308134227	0.12719101108884767
198.80140070035017	0.06440538002832931	0.12725291199930155
198.9344672336168	0.06444236408026967	0.12730467541447169
199.06753376688343	0.06420822551061346	0.12782746384981497
199.20060030015006	0.06425301213885228	0.12834724262015762
199.33366683341671	0.06400865552702817	0.1284954926060257
199.46673336668334	0.06415058555093665	0.1283875262165635
199.59979989994997	0.06414084591537707	0.12836899825642137
199.7328664332166	0.06421529071107905	0.1278550938696041
199.86593296648323	0.06411445990124359	0.12768619030881845
199.99899949974986	0.0642376583188641	0.1278632828789347
200.1320660330165	0.06417299936050748	0.12802260358409093
200.26513256628314	0.06393170038231383	0.12796454613660102
200.39819909954977	0.06434086292692838	0.12756846422361975
200.5312656328164	0.06433831870694803	0.1277596560458072
200.66433216608303	0.06419210627457636	0.1280413922929858
200.79739869934966	0.06397393391389244	0.1281944352641568
200.9304652326163	0.06368939289490337	0.1279325211733478
201.06353176588294	0.06348130647956794	0.12817932802282644
201.19659829914957	0.06324760242480497	0.1284230920190156
201.3296648324162	0.06291915465259697	0.12864957018644674
201.46273136568283	0.06310291032077797	0.12858576373686323
201.59579789894946	0.06317780124584936	0.128371047854122
201.7288644322161	0.06319492328654606	0.1282534071174854
201.86193096548274	0.06308894134478751	0.12851817959307116
201.99499749874937	0.06319566522424287	0.12831808608040524
202.128064032016	0.06324239650078309	0.12788164993845857
202.26113056528263	0.06318581783127616	0.1279232109752209
202.39419709854926	0.06281209505779028	0.12807210403297362
202.5272636318159	0.0631254458975621	0.12813415441950457
202.66033016508254	0.06328856892070298	0.1285000105799318
202.79339669834917	0.06335839622331123	0.12821372412302506
202.9264632316158	0.06361374012731723	0.12786919711960998
203.05952976488243	0.06382086260075343	0.12792192332826743
203.19259629814906	0.06375282073512056	0.12760858958932086
203.3256628314157	0.06370606912034305	0.12696963960678412
203.45872936468234	0.0639409892598065	0.1265989389212198
203.59179589794897	0.06384878689645944	0.12650984842752222
203.7248624312156	0.0639754317363447	0.1268401840340853
203.85792896448223	0.06395827476887554	0.12662497316097293
203.99099549774886	0.06417772877349097	0.12680359583871928
204.1240620310155	0.06418515362955708	0.12702579797611763
204.25712856428214	0.06405118710966153	0.1263422980694709
204.39019509754877	0.0641227281896541	0.12665166782921594
204.5232616308154	0.06397448981178384	0.1265479776850725
204.65632816408203	0.06400744848541234	0.12611451996235237
204.78939469734868	0.0642054941106211	0.1257213673817481
204.9224612306153	0.06438100307848942	0.12590584602485524
205.05552776388194	0.06428735349829506	0.12627981475907613
205.18859429714857	0.06435805221427025	0.12672026045252135
205.3216608304152	0.06421866103413383	0.1264053986735525
205.45472736368183	0.06428602721925308	0.12641534121599293
205.58779389694848	0.06465050029322122	0.12596743654229364
205.7208604302151	0.06462906454804589	0.1257087215919139
205.85392696348174	0.0645175923237823	0.12527810652095972
205.98699349674837	0.06471705785004994	0.12582932239160732
206.120060030015	0.0646519045409653	0.1261223596731966
206.25312656328163	0.06490492540331239	0.1256756337182102
206.38619309654828	0.0652271830183912	0.12573909671433375
206.5192596298149	0.0650004438861649	0.1254056777922441
206.65232616308154	0.06477605168796655	0.12544277206367285
206.78539269634817	0.06512228698916196	0.1252882440131358
206.9184592296148	0.06529146826433752	0.12503600456615893
207.05152576288143	0.06531968784571283	0.12529386426298356
207.18459229614808	0.06526195159348179	0.12541541048486057
207.3176588294147	0.0654441716934523	0.12532410828473234
207.45072536268134	0.06551244389272716	0.1250480857821275
207.58379189594797	0.06521976769975023	0.12532649679393196
207.7168584292146	0.06510387350478031	0.12508649255039142
207.84992496248123	0.06518692202634366	0.12504113538982625
207.98299149574788	0.06525230887120244	0.1253910822513222
208.1160580290145	0.06536574386134957	0.12512681775704065
208.24912456228114	0.0653373509074684	0.12487976847121922
208.38219109554777	0.06509511706605763	0.12523697633694217
208.5152576288144	0.06514978543590395	0.12523567022645232
208.64832416208102	0.06507215214580638	0.12533866632238222
208.78139069534768	0.06519178916856161	0.12496573140557803
208.9144572286143	0.0647329337097799	0.12538588359934458
209.04752376188094	0.06495680702259855	0.12580292837461568
209.18059029514757	0.06512409405644193	0.1258825624136096
209.3136568284142	0.06534709594487559	0.1260437690706436
209.44672336168082	0.06545587926931727	0.12577436656451027
209.57978989494748	0.06521608226545304	0.1262400605013468
209.7128564282141	0.06504374487187818	0.1262499488535263
209.84592296148074	0.0649668243665469	0.12642104267973633
209.97898949474737	0.06478170790004861	0.12653917799519904
210.112056028014	0.06467208458918176	0.12622565402484281
210.24512256128062	0.06492398637149219	0.12648418720021812
210.37818909454728	0.06503097131392728	0.12585836668763192
210.5112556278139	0.06469616263142955	0.1258364437763975
210.64432216108054	0.06489518564056669	0.1256999225649087
210.77738869434717	0.06483301465871723	0.12601017479783555
210.9104552276138	0.0648047494754318	0.12594278632333764
211.04352176088042	0.06421561753250167	0.12610917463293542
211.17658829414708	0.06450144384197208	0.1265434744014145
211.3096548274137	0.06409828670825816	0.12689863474227536
211.44272136068034	0.0640114800048026	0.1272179096577756
211.57578789394697	0.06403180066768688	0.1267443998748683
211.7088544272136	0.06376147309347312	0.12645057660662312
211.84192096048022	0.06373935970932443	0.12660743932377214
211.97498749374688	0.0640615030483318	0.12645431067098487
212.1080540270135	0.0642511451933323	0.12592287919307982
212.24112056028014	0.06459907148799945	0.12598659287477584
212.37418709354677	0.06489256286405892	0.12597056751558836
212.5072536268134	0.06532803179904208	0.12587337338899882
212.64032016008002	0.06549515615253032	0.1261082466238589
212.77338669334668	0.06526217383131065	0.12639226799428394
212.9064532266133	0.06504714272309314	0.12620044529396093
213.03951975987994	0.06497378121599748	0.12581297916063883
213.17258629314657	0.06466213648673325	0.12607693367073097
213.3056528264132	0.06437457854756858	0.12634893358022964
213.43871935967982	0.064466259430519	0.12671069937424606
213.57178589294648	0.06458245529201338	0.12690138981456847
213.7048524262131	0.06486664785161483	0.1268371363754634
213.83791895947974	0.06440249599295128	0.12622082824777411
213.97098549274637	0.06437899842267125	0.12613871886203007
214.104052026013	0.06432379432157347	0.12586673163669787
214.23711855927962	0.06432709002761249	0.1257597791938189
214.37018509254628	0.064552151569093	0.1259111216333413
214.5032516258129	0.06457653501045935	0.12616156367637507
214.63631815907954	0.0643290266678383	0.12604114729997717
214.76938469234616	0.06429700629911843	0.12580536677316898
214.9024512256128	0.0642655691588385	0.12615882638164352
215.03551775887942	0.06463186332392958	0.12630587645889194
215.16858429214608	0.06477213531395108	0.12676633753719596
215.3016508254127	0.06508149699185051	0.12642761181770526
215.43471735867934	0.0647742413393178	0.12606497794914545
215.56778389194596	0.06458535604864013	0.12604953651925524
215.7008504252126	0.06431848348811749	0.12626733221530348
215.83391695847922	0.06404164477351697	0.12683770555716647
215.96698349174588	0.06393905839432547	0.12691095610744854
216.1000500250125	0.06403964327226566	0.12685642644213302
216.23311655827914	0.06419406719231258	0.12670488222573661
216.36618309154576	0.06400916104879176	0.12661737262957448
216.4992496248124	0.06407764809970565	0.12713710091043354
216.63231615807902	0.06405977795259146	0.12738719614364538
216.76538269134568	0.06411029727720302	0.12689949594238437
216.8984492246123	0.06404760058144619	0.1271916449286865
217.03151575787894	0.06381383097715145	0.1271495309270972
217.16458229114556	0.06383389377047774	0.12648106642939477
217.2976488244122	0.0640952803501259	0.126410414668205
217.43071535767882	0.06404251907828602	0.12646787403787108
217.56378189094548	0.06388260590798557	0.12608636365309228
217.6968484242121	0.06370698795612534	0.12617816625593337
217.82991495747874	0.0635664599092298	0.1263293581935337
217.96298149074536	0.06340993481151778	0.12652352643206322
218.096048024012	0.06309944732635941	0.12636790639157822
218.22911455727862	0.06280521053188654	0.12610323107894744
218.36218109054528	0.06298088490859916	0.1260527972097783
218.4952476238119	0.06358396340989292	0.12651360178480364
218.62831415707853	0.06345545178315398	0.12599690868558341
218.76138069034516	0.0634637033913585	0.12630141714131382
218.8944472236118	0.06363092882329391	0.12644203772473084
219.02751375687842	0.06373802251155428	0.12598867998860008
219.16058029014508	0.0637193220226938	0.1259695186838746
219.2936468234117	0.06375779817585762	0.12611651505795482
219.42671335667833	0.06357312326797272	0.1261856689770332
219.55977988994496	0.06374159941071493	0.12604570934301912
219.6928464232116	0.06364569275323569	0.125716878579903
219.82591295647822	0.063509136075906	0.12510824034377463
219.95897948974488	0.06322001824857097	0.12492573848108296
220.0920460230115	0.06304800967662184	0.12499339669277446
220.22511255627813	0.06323100481782021	0.12485538114738133
220.35817908954476	0.06345624871958347	0.1249626746968655
220.4912456228114	0.06346373623522363	0.12473442439883434
220.62431215607802	0.0632679103218693	0.12470732743619396
220.75737868934468	0.06360676479580606	0.12467020634069037
220.8904452226113	0.06384685243198662	0.12449736261298876
221.02351175587793	0.06404498296109304	0.12402881111569063
221.15657828914456	0.06398517863413046	0.12426067247062027
221.2896448224112	0.06435315302539577	0.12395433608234314
221.42271135567785	0.0641923190718571	0.12423176666632464
221.55577788894448	0.06434916009549237	0.12452009294438748
221.6888444222111	0.06455027334875298	0.12435313204045795
221.82191095547773	0.06436634301470943	0.1240546609535396
221.95497748874436	0.06438219527101256	0.1243370176863411
222.088044022011	0.06452400236046733	0.1246030958204343
222.22111055527765	0.0645684527251645	0.12456456047185083
222.35417708854428	0.06454231000559492	0.12493928335977296
222.4872436218109	0.06478004626853591	0.1253846141849249
222.62031015507753	0.06474213355736734	0.1254942361807741
222.75337668834416	0.06468119415697177	0.12543767899530597
222.8864432216108	0.06480588037470786	0.12509675200541967
223.01950975487745	0.06468195180989514	0.12465406190457724
223.15257628814408	0.06479067283748752	0.1240869174361785
223.2856428214107	0.06474756072586947	0.12413649307752297
223.41870935467733	0.06482563121534443	0.1235577436299615
223.55177588794396	0.06488161246893895	0.1242911303134977
223.6848424212106	0.06452669318241779	0.12479667646854986
223.81790895447725	0.06442420917057366	0.12487358993570429
223.95097548774388	0.0646685369978241	0.1253287969866749
224.0840420210105	0.06463268140316301	0.1256038762721658
224.21710855427713	0.06425319934818417	0.12552822196642047
224.35017508754376	0.06415665282912898	0.1256867791580243
224.4832416208104	0.06411993793897762	0.1253413729265907
224.61630815407705	0.0637383494167189	0.12582977624219485
224.74937468734367	0.06394233711141861	0.12592702202558287
224.8824412206103	0.06380140661483795	0.1257756004260379
225.01550775387693	0.06397997743723485	0.12586449899750543
225.14857428714356	0.06394084862472445	0.125493492651051
225.2816408204102	0.06393927513845271	0.12522650410657937
225.41470735367685	0.0641300779989047	0.12516873352167399
225.54777388694347	0.06408080718305738	0.1255849193362043
225.6808404202101	0.06415279994672678	0.12556605607736748
225.81390695347673	0.06410308476976989	0.12565958127891524
225.94697348674336	0.06391207546443949	0.12527747273517417
226.08004002001	0.06391936169073585	0.12506184177335425
226.21310655327665	0.0638448215886934	0.12542671969215538
226.34617308654327	0.0638250198153971	0.12527875778686584
226.4792396198099	0.06387278257631844	0.12555681330080257
226.61230615307653	0.06387296556644861	0.1256841954046599
226.74537268634316	0.06398700628671054	0.12602987518689834
226.8784392196098	0.06432439062760163	0.12577007540765608
227.01150575287645	0.0641862376658309	0.12574158989616147
227.14457228614307	0.06420594351632264	0.12653125045059044
227.2776388194097	0.06409072526168692	0.12646397423067368
227.41070535267633	0.06403984940636703	0.12645466930288532
227.54377188594296	0.06370882168362937	0.12676356659582588
227.6768384192096	0.06404366172343622	0.12712001159281588
227.80990495247624	0.0643337266096573	0.12691749851248413
227.94297148574287	0.06405621175491656	0.12674456590621194
228.0760380190095	0.06411021902253355	0.12715219200025646
228.20910455227613	0.06403421819204502	0.12697241693032293
228.34217108554276	0.06415382966358353	0.1271804605935744
228.4752376188094	0.06402534640561741	0.12730571657350515
228.60830415207604	0.06380000883364707	0.12760142845630243
228.74137068534267	0.06375134241252596	0.12750733134055814
228.8744372186093	0.0633932450895838	0.12782104912317657
229.00750375187593	0.06341088271890133	0.12800581682577178
229.14057028514256	0.06296697850487298	0.12731184350370278
229.2736368184092	0.06300219231661094	0.12728494197369203
229.40670335167584	0.0629405632075315	0.1272643290323771
229.53976988494247	0.06340594491538241	0.12712460958250613
229.6728364182091	0.06319689321226356	0.12693286180343735
229.80590295147573	0.06359683943794077	0.1262967671225114
229.93896948474236	0.06369344635037341	0.12643226834717627
230.072036018009	0.06384196459819667	0.12705936403284052
230.20510255127564	0.06347710633367996	0.12734666369058154
230.33816908454227	0.0634122784567184	0.12701935627476724
230.4712356178089	0.06328585811365882	0.12683506810981404
230.60430215107553	0.06337681282160554	0.1264649522998259
230.73736868434216	0.06333581799925943	0.12661973758297754
230.8704352176088	0.06322237284615641	0.12660700065933675
231.00350175087544	0.0629146591929822	0.12666045288113972
231.13656828414207	0.06308845917860526	0.12652475331615828
231.2696348174087	0.06319436465105616	0.1259824683824169
231.40270135067533	0.06311580373412923	0.1259981784984795
231.53576788394196	0.063045074651894	0.12635037818673756
231.6688344172086	0.06320884956886717	0.1261191469900566
231.80190095047524	0.06302009976871081	0.1261566083751921
231.93496748374187	0.06299697865740692	0.1263221270988067
232.0680340170085	0.06341439511483529	0.12661714520814754
232.20110055027513	0.06346065340591976	0.12643122574414614
232.33416708354176	0.0632684060269649	0.12658286822184045
232.4672336168084	0.06356111609996659	0.12617529032606425
232.60030015007504	0.06347114757374328	0.12589200484047208
232.73336668334167	0.06322356221461001	0.1257754366062543
232.8664332166083	0.0631885331828133	0.12627461072199136
232.99949974987493	0.06282115722749695	0.12639465740981812
233.13256628314156	0.06261297209840067	0.12589614299655888
233.26563281640819	0.06299818526924966	0.12551319537767883
233.39869934967484	0.06305290616732631	0.12577385880332642
233.53176588294147	0.06315677454486934	0.12581850177855614
233.6648324162081	0.06282574537658392	0.12603547676505006
233.79789894947473	0.06279741517549924	0.1262743862850655
233.93096548274136	0.0629518316963711	0.1265786941444066
234.06403201600799	0.06329792833233863	0.12634036321032496
234.19709854927464	0.06295072107766883	0.1266184875992172
234.33016508254127	0.06289506712277713	0.12658952291594938
234.4632316158079	0.06338538044724881	0.12695868847268885
234.59629814907453	0.06286777303927399	0.12714986619312482
234.72936468234116	0.06250694396162983	0.1278544869976579
234.86243121560778	0.06229901390871106	0.1281268307861924
234.99549774887444	0.06250157350604191	0.12809999469289238
235.12856428214107	0.06222111460885469	0.1278252893240514
235.2616308154077	0.062291294472877595	0.1274282694860848
235.39469734867433	0.06258328272051816	0.12768565161805248
235.52776388194096	0.06281201078481741	0.12777980861376964
235.66083041520758	0.06290308845292576	0.12705007454266312
235.79389694847424	0.0625279410954539	0.12677978731506742
235.92696348174087	0.06258179750884565	0.12681743405223847
236.0600300150075	0.06246364295309361	0.1271235240469431
236.19309654827413	0.06227033389055453	0.12689778353750766
236.32616308154076	0.062222067235323614	0.12678323133529704
236.45922961480738	0.06212923744183347	0.12663118105366702
236.59229614807404	0.06213964648459005	0.12639577831927282
236.72536268134067	0.061867050533643504	0.12660389284322057
236.8584292146073	0.06179924105322556	0.12628411185357907
236.99149574787393	0.06205147372827981	0.12650764904161474
237.12456228114056	0.062250349003394344	0.12641714368819956
237.25762881440718	0.06229218720820258	0.12608657387160208
237.39069534767384	0.06248268191890747	0.12608530691762115
237.52376188094047	0.06261805709215812	0.12607176387270536
237.6568284142071	0.06282088831032946	0.12611689509353557
237.78989494747373	0.06280709241522796	0.126387060800948
237.92296148074036	0.06272283526076018	0.12669014614168556
238.05602801400698	0.06317283477638848	0.1266501210608939
238.18909454727364	0.06321288904408613	0.1259986830256734
238.32216108054027	0.06293396815123618	0.12601412616452143
238.4552276138069	0.06270313655930024	0.1258751810501766
238.58829414707353	0.06290950445821465	0.1255500531088024
238.72136068034015	0.06327923100313118	0.12498852208108521
238.8544272136068	0.0635953656121301	0.12523794321824866
238.98749374687344	0.06322321372556244	0.12430393597675543
239.12056028014007	0.06316330891581293	0.12462045055732629
239.2536268134067	0.06318923856619961	0.12435010024597924
239.38669334667333	0.06358019036530017	0.12451154008052179
239.51975987993995	0.06362143018820718	0.12496293272287512
239.6528264132066	0.06356232891701441	0.12499460182548691
239.78589294647324	0.06364816355803285	0.12525647592635922
239.91895947973987	0.06362225278146899	0.1252395535322887
240.0520260130065	0.06350108052695694	0.12535783098640196
240.18509254627313	0.0635651564553226	0.12456519592872918
240.31815907953975	0.06349729723119747	0.1250532867888202
240.4512256128064	0.06369316104022535	0.12481348829323585
240.58429214607304	0.06387917497581498	0.12445447508273245
240.71735867933967	0.06374381628082876	0.12423570508307687
240.8504252126063	0.06381079410697817	0.12422990635312951
240.98349174587293	0.06323523065002987	0.12397518641408294
241.11655827913955	0.06316627195106095	0.12485872739513629
241.2496248124062	0.06336862609202662	0.12479067875900345
241.38269134567284	0.06319524162398238	0.12470139424056789
241.51575787893947	0.06338278926623533	0.12449765142168188
241.6488244122061	0.06356702704157373	0.12429056688215617
241.78189094547272	0.06342651945970813	0.12414734025609675
241.91495747873935	0.06337632327516365	0.12415975654146413
242.048024012006	0.06357929922065664	0.1242352097464518
242.18109054527264	0.06354355092549317	0.12433297384187102
242.31415707853927	0.06363282146226593	0.12350395112294738
242.4472236118059	0.06348771179251375	0.12317909568440163
242.58029014507252	0.06349649296190828	0.12346562271859379
242.71335667833915	0.06351153119803145	0.12360664472608379
242.8464232116058	0.06372682936373676	0.12291251478446856
242.97948974487244	0.0637723136925791	0.1235439963813691
243.11255627813907	0.06366221179085242	0.12376657756373828
243.2456228114057	0.06356277188044765	0.1235421587423192
243.37868934467232	0.06327045240371877	0.12412699440039529
243.51175587793895	0.06330872742140681	0.12370932649005191
243.6448224112056	0.06344583494714802	0.12384065651950203
243.77788894447224	0.0635377743417996	0.1241521239097283
243.91095547773887	0.06353571956214288	0.1241510221432188
244.0440220110055	0.06332321825558221	0.12398540965062939
244.17708854427212	0.0635630051308134	0.12371391640769087
244.31015507753875	0.063736829707681	0.12368816482638681
244.4432216108054	0.06380347246418157	0.12382934355879449
244.57628814407204	0.06392569213506538	0.12383404979056242
244.70935467733867	0.06415296553947934	0.12430835904132323
244.8424212106053	0.06416694969778855	0.12440018117639959
244.97548774387192	0.06421434831725507	0.12410507773851806
245.10855427713855	0.06446473630927119	0.1237435465447455
245.2416208104052	0.06443045435860607	0.12362148220281083
245.37468734367184	0.06455098910708652	0.12388411900252223
245.50775387693847	0.06462713176441243	0.12386374186048033
245.6408204102051	0.064579166591281	0.12371688781845823
245.77388694347172	0.06427007011315998	0.12349772236062145
245.90695347673835	0.06417162093544605	0.12383444129181011
246.040020010005	0.06401466504956217	0.12426749494148036
246.17308654327164	0.06408557440712909	0.12407276157285212
246.30615307653827	0.06420585725938932	0.12394687490860051
246.4392196098049	0.06407971991496376	0.12386113574571248
246.57228614307152	0.06365098511671446	0.12380587791826798
246.70535267633815	0.06363004394998771	0.12386249186021028
246.8384192096048	0.06353472217811937	0.12361803694370574
246.97148574287144	0.06331980977963145	0.12376813927875198
247.10455227613807	0.06302851600471403	0.12397563573799236
247.2376188094047	0.06286850306722667	0.12402236512394507
247.37068534267132	0.06267044758008476	0.12369385997386317
247.50375187593795	0.06253375297396344	0.12365097458894961
247.6368184092046	0.06236380244645353	0.12363858771605499
247.76988494247124	0.06213504404867493	0.12356211970530058
247.90295147573786	0.06206990214222944	0.1237326110039959
248.0360180090045	0.061845829165981504	0.12367833014474529
248.16908454227112	0.06191791868644283	0.1232472345393628
248.30215107553775	0.06190044313675326	0.12333578691335685
248.4352176088044	0.06157732794955729	0.12334206527029333
248.56828414207104	0.06181767292633668	0.12341639410832918
248.70135067533766	0.061969170567833916	0.1232506456988776
248.8344172086043	0.06202660654925574	0.12371979043856532
248.96748374187092	0.06221522049309331	0.1242282456241586
249.10055027513755	0.0620609949580688	0.12397086765456125
249.2336168084042	0.06219506901105759	0.12430453312274814
249.36668334167084	0.06195493177866165	0.12464238724434487
249.49974987493746	0.062154218772621256	0.1240980403734572
249.6328164082041	0.06222291167220226	0.1242082918648627
249.76588294147072	0.062080191553327384	0.1243939268893726
249.89894947473735	0.06217999451154117	0.12406782299980092
250.032016008004	0.06171320823058817	0.12401304222974532
250.16508254127064	0.061426149568815466	0.12385730401486957
250.29814907453726	0.06134824469263165	0.12386493153391588
250.4312156078039	0.0614400079624497	0.12352908538542207
250.56428214107052	0.06136914449440945	0.12369016277660272
250.69734867433715	0.0615679127178048	0.12367484149616051
250.8304152076038	0.06141030122664307	0.12397475142066691
250.96348174087044	0.06122343394761633	0.1246445208199886
251.09654827413706	0.061214002955628996	0.1249267337279404
251.2296148074037	0.06130415222840178	0.1251748602726186
251.36268134067032	0.0613057504669917	0.12518362000450042
251.49574787393695	0.06138816012727342	0.12520557351039147
251.6288144072036	0.06146597335107802	0.12517868315169964
251.76188094047023	0.061309578710410845	0.12529569821078054
251.89494747373686	0.061411440285927675	0.12515719624281824
252.0280140070035	0.061401574729580334	0.12538217951460975
252.16108054027012	0.06121041066901178	0.12510329055197936
252.29414707353675	0.06097622502425456	0.12531231628630984
252.4272136068034	0.06115967611793925	0.12567444302956388
252.56028014007003	0.061234667954334965	0.12530210076382123
252.69334667333666	0.060741913511662596	0.12544704941097992
252.8264132066033	0.06091815233298555	0.1252885663089622
252.95947973986992	0.06097472105295792	0.12571916067709252
253.09254627313655	0.06103606087501158	0.12572303643167815
253.2256128064032	0.061126653487292494	0.12564250776879565
253.35867933966983	0.06119010927519629	0.12591911479400136
253.49174587293646	0.06128910766561733	0.1260219627021083
253.6248124062031	0.061086830318289535	0.12525862122572848
253.75787893946972	0.06133421028031362	0.12498294562867672
253.89094547273635	0.061590145909387814	0.12496981090210271
254.024012006003	0.06159472672011154	0.12466083649168645
254.15707853926963	0.061656893552061505	0.12447385765735283
254.29014507253626	0.06166869540544846	0.12378281584787862
254.4232116058029	0.061402754916867676	0.12380638758700876
254.55627813906952	0.061413831372694405	0.12372119254983452
254.68934467233615	0.06148016511759535	0.12385138313798297
254.8224112056028	0.061630041595215034	0.12386523082832138
254.95547773886943	0.06181393322231418	0.12426898637414689
255.08854427213606	0.06169382813814299	0.12410014646005363
255.2216108054027	0.061523591496697144	0.12423208605850182
255.35467733866932	0.06181041383903141	0.12389073467022171
255.48774387193595	0.06172947335842156	0.12364369264678994
255.6208104052026	0.061795407014021544	0.12307200856254466
255.75387693846923	0.061601541422982645	0.12215869582726799
255.88694347173586	0.061510970125229755	0.12258996569762923
256.0200100050025	0.06133251096019587	0.12280019630083835
256.15307653826915	0.061290760759161456	0.1224589958294299
256.2861430715358	0.06106373864831274	0.12282164018667337
256.4192096048024	0.06125806788869824	0.12292443000515506
256.55227613806903	0.06117771772451011	0.12288371715279148
256.68534267133566	0.061272065186371884	0.12262699209339997
256.8184092046023	0.06171715094940218	0.12238516129565087
256.9514757378689	0.061734121707965516	0.12286861316664684
257.08454227113555	0.06161188151563518	0.12289742704775232
257.2176088044022	0.06200180938331322	0.12314563159297895
257.3506753376688	0.06217453494789991	0.1228614653459392
257.4837418709355	0.06183128520546008	0.12300872482336471
257.6168084042021	0.0614855042325951	0.12290589823832959
257.74987493746875	0.06163609437148672	0.12285754551572314
257.8829414707354	0.06157366985314176	0.12283524133805077
258.016008004002	0.06165787967958094	0.12279526248740794
258.14907453726863	0.06174572598884248	0.1226753074582615
258.28214107053526	0.06196341273200205	0.12310927793131235
258.4152076038019	0.06220961429223844	0.12330456611289595
258.5482741370685	0.062303205238299644	0.12307705177456507
258.68134067033515	0.062301847584432114	0.12340486156106892
258.8144072036018	0.062452692679978834	0.12336745393221822
258.9474737368684	0.06261307066819259	0.12343371294198524
259.0805402701351	0.06250605706006318	0.12330123077461805
259.2136068034017	0.06245798337432623	0.12336695239379628
259.34667333666835	0.06254274776585034	0.1231124794257053
259.479739869935	0.06272226864655418	0.12266332816677297
259.6128064032016	0.06270250614033912	0.12280175811357334
259.74587293646823	0.06266278365742607	0.12314915624846096
259.87893946973486	0.06237254986330062	0.12255855008799582
260.0120060030015	0.06247797795361399	0.12245675467901128
260.1450725362681	0.062418777255012756	0.1225845030889008
260.27813906953475	0.06219558111332997	0.12292231528777536
260.4112056028014	0.06217048081341982	0.12258121100575242
260.544272136068	0.0622110488830104	0.12206710353234793
260.6773386693347	0.06243544037438893	0.12198853580655891
260.8104052026013	0.06234664006612857	0.12225971781748188
260.94347173586794	0.06254615235811992	0.1218696249966107
261.0765382691346	0.062435670054461614	0.12155359742563161
261.2096048024012	0.0626345862347876	0.12152530462251152
261.34267133566783	0.062440742474219754	0.12187389456979504
261.47573786893446	0.06228324206620757	0.12230059584143439
261.6088044022011	0.06225625539314132	0.12225933398142834
261.7418709354677	0.06243837213636865	0.12230540361797798
261.87493746873434	0.062021162800420915	0.12206103816723347
262.008004002001	0.06192624308015874	0.12225479714974075
262.1410705352676	0.06188571782022364	0.12237195267929976
262.2741370685343	0.061554667414763925	0.12214888006903059
262.4072036018009	0.06143831777733924	0.12243011004816756
262.54027013506754	0.0616155348789078	0.12270397693543642
262.6733366683342	0.06170163224844035	0.12237062600026602
262.8064032016008	0.062102455837948004	0.12259099783679792
262.93946973486743	0.06199299015741271	0.12239179813603383
263.07253626813406	0.06229991069184492	0.12276412245960222
263.2056028014007	0.062393172201941634	0.12303116319678797
263.3386693346673	0.06223774090293375	0.12340769657655155
263.47173586793394	0.0622590771869482	0.12360857706839257
263.6048024012006	0.062128745358889154	0.1236783667168418
263.7378689344672	0.06192597833038981	0.1233675771167205
263.8709354677339	0.062214099751004476	0.12352002586842932
264.0040020010005	0.06199536574086044	0.12360967570556372
264.13706853426714	0.06199118260162757	0.12365497227666362
264.2701350675338	0.06241235277040054	0.12345677568616287
264.4032016008004	0.062458643000147786	0.12325657065845004
264.53626813406703	0.06248043397772476	0.12327675810591725
264.66933466733366	0.06252445590181659	0.12352137404795839
264.8024012006003	0.06261353102297092	0.12330156023945132
264.9354677338669	0.0626127374291062	0.12318838429400243
265.06853426713354	0.06303261656726253	0.12343394012655479
265.2016008004002	0.06336622784445442	0.12279177783574481
265.3346673336668	0.06323447688432066	0.12292315593797463
265.4677338669335	0.06283580356054629	0.12279135734351442
265.6008004002001	0.06261338969592624	0.12259113680933864
265.73386693346674	0.06285699633316914	0.1229234628261631
265.86693346673337	0.0627465343613425	0.12270226270742529
266.0	0.0625249169435216	0.12279069767441861
