0.0	0.0	0.0
0.1330665332666333	2.211793361257759e-08	1.109571685516228e-08
0.2661330665332666	6.652294062702437e-05	2.215939892221004e-05
0.39919959979989994	0.00017745224230984448	4.439695879210787e-05
0.5322661330665333	0.0003990970635318045	0.00017756266351101878
0.6653326663331666	0.0006209073746757911	0.00037697198084579416
0.7983991995997999	0.0009754673782375489	0.0005767284621220919
0.9314657328664332	0.001286155162525202	0.0009537460752453781
1.0645322661330665	0.0018179534627290196	0.0013305437182024617
1.1975987993997	0.0022173731605569028	0.0017962572370144735
1.3306653326663331	0.002904253503526446	0.0023060674441135916
1.4637318659329663	0.003257492755706914	0.002792822739083024
1.5967983991995998	0.003634800364160935	0.003102682901370161
1.7298649324662332	0.004056056934118474	0.003547673376137229
1.8629314657328664	0.0044762883086260285	0.004234952328216881
1.9959979989994996	0.004764580751750288	0.004878267284261114
2.129064532266133	0.005231074910054002	0.005652651818006097
2.2621310655327664	0.005695607323146255	0.006095001694005436
2.3951975987994	0.006140374942112657	0.006671047096948282
2.528264132066033	0.006805061732411385	0.007069898725661902
2.6613306653326663	0.007246667391194966	0.007646425944681716
2.7943971985992997	0.007712785829775922	0.00815778545488763
2.9274637318659327	0.00815446665054378	0.008978256453288128
3.060530265132566	0.008441942393434513	0.00955205770253397
3.1935967983991995	0.008797658511255137	0.010128942082894056
3.326663331665833	0.009265350325549248	0.010704563312825571
3.4597298649324664	0.009861980982649335	0.011328143683465375
3.5927963981990994	0.0102162696237049	0.012237704255251561
3.7258629314657328	0.010794773163396333	0.012988654755653112
3.858929464732366	0.011301340496749612	0.013652217500482058
3.991995997998999	0.011563673282059752	0.014228224554415705
4.125062531265633	0.011790399444249392	0.014871862042845614
4.258129064532266	0.012457134069474522	0.015443841058474447
4.391195597798899	0.012896934936159178	0.015823572421966837
4.524262131065533	0.013341121590572966	0.016648390421717965
4.657328664332166	0.013760465933208623	0.017373945728152106
4.7903951975988	0.014092761043152262	0.01779175254484501
4.923461730865433	0.01449278897356315	0.01826226707162485
5.056528264132066	0.014820354142747823	0.01901687646570923
5.1895947973986996	0.015026790800499281	0.019682360263634974
5.3226613306653325	0.01578246479060552	0.0205494257944515
5.4557278639319655	0.016128462090110124	0.021318909480534123
5.588794397198599	0.016326466977046344	0.021757519739495818
5.721860930465232	0.016483873509965337	0.02220519356771369
5.854927463731865	0.01681742650603672	0.02291852388564492
5.987993996998499	0.01713053389226888	0.02355190207275958
6.121060530265132	0.017568580236860608	0.023844134892117744
6.254127063531766	0.017516412333705378	0.024718168510291794
6.387193596798399	0.01757084535741693	0.02538765133883876
6.520260130065032	0.017993172557543666	0.025480122732937656
6.653326663331666	0.01816322455997936	0.026195887764875494
6.786393196598299	0.018255140156673903	0.02668066666067749
6.919459729864933	0.01852262373366773	0.02734710346583499
7.052526263131566	0.01876834132421058	0.02782990469609104
7.185592796398199	0.019120681311406488	0.02829708465701488
7.318659329664833	0.01934685941650518	0.028926280459041248
7.4517258629314655	0.01987817108382369	0.0297383394675943
7.5847923961980985	0.02019190718758459	0.030212020301255884
7.717858929464732	0.020807689792710565	0.03139408386826208
7.850925462731365	0.02089000234956456	0.032226746149785844
7.983991995997998	0.021205253209061706	0.03311884407623371
8.117058529264632	0.021472613431582927	0.03401978898749927
8.250125062531266	0.0219176687471719	0.034566940749039654
8.383191595797898	0.022246321012931967	0.0351001005498187
8.516258129064532	0.022557441882158483	0.0356071802785919
8.649324662331166	0.02276832800942098	0.03605079185153004
8.782391195597798	0.022657933254643617	0.03656186742735194
8.915457728864432	0.022915693792955223	0.03721848668044871
9.048524262131066	0.023283678136498676	0.038158550100041176
9.181590795397698	0.02332681266497253	0.03841964293538983
9.314657328664332	0.02362160134717502	0.03921399518624059
9.447723861930966	0.02381010934497784	0.04009323538859923
9.5807903951976	0.023816213538443903	0.04087762773060931
9.713856928464232	0.024102371211036196	0.04215573779868108
9.846923461730865	0.024126166888204948	0.043449939224677936
9.9799899949975	0.02438709786073024	0.04428087500326176
10.113056528264131	0.024202738682667216	0.04503185538942365
10.246123061530765	0.02423365225872721	0.045647995104257266
10.379189594797399	0.024274706589076652	0.04617429209295741
10.512256128064031	0.02440042936599747	0.04664834428086259
10.645322661330665	0.02481040857997235	0.047375383281822094
10.778389194597299	0.024698163620625713	0.047646700317691984
10.911455727863931	0.02499188301643301	0.04780515264689488
11.044522261130565	0.025055705528018356	0.04807324949168578
11.177588794397199	0.025326053475828957	0.04841537901214342
11.31065532766383	0.02552566750098789	0.04899015483639844
11.443721860930465	0.025787033340180354	0.049516461342901844
11.576788394197099	0.025727150526316616	0.050480267165434786
11.70985492746373	0.025610809501195136	0.050836540558407174
11.842921460730365	0.025970409850930944	0.051722452851122015
11.975987993996998	0.02617317909458766	0.05212126323114131
12.109054527263632	0.026561566253977792	0.053090314735885616
12.242121060530264	0.026442717223609545	0.05384749891308581
12.375187593796898	0.026637690520215737	0.054352960789815156
12.508254127063532	0.02689174212155127	0.0548883009739563
12.641320660330164	0.026817776906064513	0.05543865006308318
12.774387193596798	0.026875798714246127	0.05590484333615434
12.907453726863432	0.02709177634221884	0.056434831306943656
13.040520260130064	0.02706562910512869	0.056803561987411974
13.173586793396698	0.027261466687262217	0.057167050533572995
13.306653326663332	0.027626724125230626	0.057746796406110454
13.439719859929964	0.027725724665952557	0.05830535937159722
13.572786393196598	0.028282281505783213	0.05896247112146293
13.705852926463232	0.028471359214230673	0.05938665139809061
13.838919459729865	0.028735122222014655	0.06017933671773537
13.971985992996498	0.028823661745934682	0.06098688837905347
14.105052526263131	0.02904338487406783	0.061561530937416835
14.238119059529765	0.029085671370407934	0.06211938278066222
14.371185592796397	0.02924266348067462	0.06227847376205415
14.504252126063031	0.029383404878743465	0.06299442357967978
14.637318659329665	0.029687509424415275	0.06379872012662084
14.770385192596297	0.02972996205001237	0.0642563879376666
14.903451725862931	0.030006729310349586	0.06476472316426604
15.036518259129565	0.030135414679804275	0.06511191412203558
15.169584792396197	0.0298717103810399	0.06560340873441461
15.302651325662831	0.03002683800896781	0.06643364707338183
15.435717858929465	0.03023805385853331	0.06678163183861481
15.568784392196097	0.030283577372311136	0.0675145415002955
15.70185092546273	0.030488185159219805	0.06837711636521188
15.834917458729365	0.030586120407269185	0.06903900115800564
15.967983991995997	0.03049132313953939	0.06929792276374237
16.101050525262632	0.03045954372395703	0.06981004550222421
16.234117058529264	0.0305370788619471	0.07061345362916861
16.367183591795897	0.030442534172203457	0.07128444313386849
16.500250125062532	0.03077295555549868	0.07174559126253327
16.633316658329164	0.030749752344738132	0.07231148231294815
16.766383191595796	0.031149803508564982	0.07297026661814375
16.899449724862432	0.03161088988030773	0.07342728232837507
17.032516258129064	0.031978911860454276	0.0740833335617982
17.165582791395696	0.03213862959548293	0.0750771422622759
17.298649324662332	0.03211866328669779	0.07527336619572622
17.431715857928964	0.03225637158299146	0.07582521154440136
17.564782391195596	0.032396597109379636	0.07667258121157637
17.69784892446223	0.03262958602860013	0.07709087143176
17.830915457728864	0.03258061050858274	0.07764515105172176
17.963981990995496	0.03267322294846304	0.0776685263301236
18.09704852426213	0.03266794277384218	0.07827690131274395
18.230115057528764	0.03266826870422605	0.07882762620041747
18.363181590795396	0.03269938491748456	0.07906805223490287
18.49624812406203	0.03282469198887299	0.07947617133619941
18.629314657328663	0.03270278976777935	0.07992564378681975
18.762381190595296	0.03267822654021673	0.08047852320034404
18.89544772386193	0.03295931863276333	0.08086205302852133
19.028514257128563	0.03326013310005788	0.08085724539419513
19.1615807903952	0.033465523250873846	0.0804447066283113
19.29464732366183	0.03373727187916557	0.08100356247600493
19.427713856928463	0.03372042168581996	0.08164108997087627
19.5607803901951	0.033931093139298485	0.08203489862568257
19.69384692346173	0.03374806450921055	0.08187401157629318
19.826913456728363	0.03396195137495752	0.08254081416901556
19.959979989995	0.03437349797194952	0.08315113581776445
20.09304652326163	0.03440606068915167	0.08333111097773352
20.226113056528263	0.03415827277070266	0.08374158024952832
20.3591795897949	0.03398222152915056	0.08458547112638777
20.49224612306153	0.03376305920189902	0.0844837027984637
20.625312656328163	0.03374248470992903	0.08497391598026237
20.758379189594798	0.03397083352300915	0.08522240095874885
20.89144572286143	0.03405994355409035	0.08551782869026996
21.024512256128062	0.03389356145001015	0.08577087057465559
21.157578789394698	0.03374749616155663	0.08582580075782255
21.29064532266133	0.03373464171672112	0.08582425380721107
21.423711855927962	0.03391873420038598	0.08596715220554065
21.556778389194598	0.034266495533755575	0.08644989351040784
21.68984492246123	0.034108775437229844	0.08661694912823564
21.822911455727862	0.03432163414410568	0.08688217953844954
21.955977988994498	0.03432565192472276	0.08701293468587223
22.08904452226113	0.03433872817484643	0.08709684493552489
22.222111055527762	0.0343554578678844	0.0869758018635739
22.355177588794398	0.03414196346669539	0.08755078867905239
22.48824412206103	0.03458372464991476	0.08781168013566555
22.62131065532766	0.03476325230542243	0.0879563221698702
22.754377188594297	0.03491319525582979	0.0880368839799448
22.88744372186093	0.03490050266388417	0.08831956675704605
23.02051025512756	0.034891737848708894	0.0884976714746053
23.153576788394197	0.03493666722010124	0.08901665795793524
23.28664332166083	0.034756519596598576	0.08915540360828626
23.41970985492746	0.034978166669090247	0.0896088620460918
23.552776388194097	0.034882860717021416	0.08951225766964666
23.68584292146073	0.035088297628107244	0.08962123768112044
23.818909454727365	0.035338291451864394	0.09003707226639111
23.951975987993997	0.0354326057762155	0.09023705703909797
24.08504252126063	0.035671327705531615	0.09078626504571366
24.218109054527265	0.03579598958178197	0.09124126890116227
24.351175587793897	0.03611010130682924	0.09075426470788645
24.48424212106053	0.035981831847948904	0.09086606993708723
24.617308654327164	0.03596336467191974	0.09119233557165103
24.750375187593797	0.035851063102159374	0.09086269252638896
24.88344172086043	0.035864699559666445	0.09069606777598674
25.016508254127064	0.03604243711883932	0.09177202295140816
25.149574787393696	0.03630613788020487	0.09179479450337559
25.28264132066033	0.036065058276462364	0.09230644758096103
25.415707853926964	0.03575723941047497	0.09290759905778183
25.548774387193596	0.03582828522338216	0.09356949380820485
25.68184092046023	0.036013841361829654	0.09402699663962141
25.814907453726864	0.0362532203822327	0.09415371266956174
25.947973986993496	0.03634833510432211	0.09430747787631648
26.081040520260128	0.036315722733922834	0.09484709725947436
26.214107053526764	0.0362575243610389	0.09488919995348417
26.347173586793396	0.03636193864634716	0.09502546175721426
26.480240120060028	0.03662629580680078	0.09501128546179559
26.613306653326664	0.03698935167965992	0.09491111956556143
26.746373186593296	0.036964779216246545	0.09456443153389335
26.879439719859928	0.036797448996878965	0.09423484767089646
27.012506253126563	0.037075311532201005	0.09466210751488266
27.145572786393195	0.037063535993541036	0.09456330052777895
27.278639319659828	0.037113588128568395	0.09457465221001375
27.411705852926463	0.037562558628654825	0.0946694185576842
27.544772386193095	0.037490205151355975	0.09507446011844348
27.67783891945973	0.037521468824873595	0.09533468952848072
27.810905452726363	0.03743478267100805	0.09557952332404027
27.943971985992995	0.037236593312265434	0.09557844257658116
28.07703851925963	0.037164090588610324	0.09579723200690278
28.210105052526263	0.03707043756729531	0.09594650891911764
28.343171585792895	0.03671455125443332	0.09579164560683816
28.47623811905953	0.03669989776010823	0.09586636180511453
28.609304652326163	0.0368391465821715	0.09637569948378116
28.742371185592795	0.03667761110855617	0.09617350652276627
28.87543771885943	0.0370962294765305	0.09668379842803289
29.008504252126063	0.03682624388087204	0.09731864201078294
29.141570785392695	0.036550626577186225	0.0977414949366094
29.27463731865933	0.03680717161559384	0.09778957508234981
29.407703851925962	0.03690123445498651	0.0978244821069094
29.540770385192594	0.03727236180973087	0.09770676466577147
29.67383691845923	0.03745174829426619	0.09773897806443346
29.806903451725862	0.03742248656479944	0.09795309613538108
29.939969984992494	0.037645031702267226	0.09805671187386228
30.07303651825913	0.03777601297554086	0.09835681510730303
30.206103051525762	0.038167063134152496	0.09854687583779212
30.339169584792394	0.03826801471307094	0.09901202192406168
30.47223611805903	0.038582951353922465	0.09885729907254255
30.605302651325662	0.03888819643508444	0.09915354965191897
30.738369184592294	0.039040873268281935	0.09917737955315951
30.87143571785893	0.039458843311786916	0.0995319180556193
31.00450225112556	0.03956201600385649	0.09971608761193969
31.137568784392194	0.03963589681663908	0.10000181031777046
31.27063531765883	0.039712525210749784	0.10099299269359237
31.40370185092546	0.03969493366346579	0.10106586606181088
31.536768384192094	0.03984787478970738	0.10072699481641854
31.66983491745873	0.039944479618352076	0.10097854120142502
31.80290145072536	0.039863460629916726	0.10092117610275071
31.935967983991993	0.04018074846558031	0.10074211139835258
32.06903451725863	0.04016312657978092	0.10126857267695633
32.202101050525265	0.04002828968824889	0.10191908396255633
32.33516758379189	0.04001793570149212	0.10190031915212454
32.46823411705853	0.040116336819766826	0.10198644416917603
32.601300650325165	0.03991271965781372	0.1018728041207525
32.73436718359179	0.04010055312090159	0.10149025933276358
32.86743371685843	0.04003457385571398	0.10190044857124966
33.000500250125064	0.040056945133240165	0.10203680285764206
33.13356678339169	0.04012845424228934	0.10231767768274941
33.26663331665833	0.03994706979730099	0.10261057481400561
33.399699849924964	0.03983487111413215	0.10306035772073803
33.53276638319159	0.0400687525440355	0.1034988605217945
33.66583291645823	0.040038924111879266	0.1036409114543823
33.798899449724864	0.039844386697192195	0.10392669129523742
33.93196598299149	0.04002210980310104	0.10346382910932646
34.06503251625813	0.04015434049642164	0.10391945257200867
34.198099049524764	0.04032320839117845	0.10379562177583457
34.33116558279139	0.04045522597816045	0.10404399773507793
34.46423211605803	0.04075196460447522	0.10389406986359276
34.597298649324664	0.040717363711627826	0.10359208177469245
34.73036518259129	0.040604755601678394	0.10339556929084755
34.86343171585793	0.040658183281118705	0.10385970068740577
34.99649824912456	0.040897559618255405	0.10349966593356304
35.12956478239119	0.04066042252685455	0.10406513161404282
35.26263131565783	0.0408627358332685	0.10400045680782195
35.39569784892446	0.04082241796867563	0.10429858963913566
35.52876438219109	0.04070508936144019	0.10432987906532687
35.66183091545773	0.04076045924579003	0.10449173343816218
35.79489744872436	0.04074233008102379	0.10463979578725392
35.92796398199099	0.04065988099337462	0.10479324186230496
36.06103051525763	0.040759618753444755	0.10463818705480106
36.19409704852426	0.040999300981346014	0.10489763281355535
36.32716358179089	0.041029398679515765	0.10484985849383122
36.46023011505753	0.040728981266246696	0.10490793076789853
36.59329664832416	0.04041337885100963	0.10538073760783105
36.72636318159079	0.040817332433290464	0.1054032710670014
36.85942971485743	0.0409225530088591	0.10601078406792364
36.99249624812406	0.04108384470957179	0.10615674269418568
37.12556278139069	0.041184742538633204	0.10589228636179301
37.25862931465733	0.04121487612473348	0.10595840959924971
37.39169584792396	0.04120434460009293	0.10613639441904307
37.52476238119059	0.04138745992744366	0.10635632532231067
37.65782891445723	0.04161406911360702	0.10664392226859741
37.79089544772386	0.0417014864966865	0.10667188058063817
37.92396198099049	0.041754207336809984	0.1068713417849644
38.05702851425713	0.041561575335171234	0.10720066462956745
38.19009504752376	0.04165900918687546	0.10709260395344945
38.3231615807904	0.04162662498070543	0.10685229458657981
38.456228114057026	0.0414253862644775	0.10689381900235016
38.58929464732366	0.04165973698303471	0.1067875396643392
38.7223611805903	0.041697869900781066	0.10653073773963372
38.855427713856926	0.04191926895038631	0.10642523171357378
38.98849424712356	0.04206154764345274	0.10640981000491159
39.1215607803902	0.042050595661308574	0.10654671432856228
39.254627313656826	0.042275376670066464	0.10625068053715557
39.38769384692346	0.04241206065470275	0.10656473031066911
39.5207603801901	0.04231860365813489	0.10685062873011644
39.653826913456726	0.042355520755833105	0.10749415031967154
39.78689344672336	0.04253372838916773	0.1073542223404615
39.91995997999	0.04284619047418966	0.10788177719300457
40.053026513256626	0.04280745409112461	0.10875912601646333
40.18609304652326	0.04296281625840309	0.10902107689379306
40.3191595797899	0.04280532574080953	0.10906032833254696
40.452226113056525	0.04282090735152451	0.10931380836346216
40.58529264632316	0.04277434624105229	0.1095883258716165
40.7183591795898	0.04315384838711249	0.10986476521349764
40.851425712856425	0.04333689266461095	0.10943200845755419
40.98449224612306	0.043365099118763475	0.10930882564144205
41.1175587793897	0.04334113488479996	0.10945089894384995
41.250625312656325	0.04324790640618687	0.10913718076226177
41.38369184592296	0.043104715967261696	0.10939046801251484
41.516758379189596	0.043316795542412044	0.1095663925214818
41.649824912456225	0.043426757787069566	0.10963530402898261
41.78289144572286	0.043345438455527394	0.10950937814599783
41.915957978989496	0.04348171853443464	0.1092810108069704
42.049024512256125	0.04352789571313487	0.10918862392268233
42.18209104552276	0.04330824663078379	0.10881951103402178
42.315157578789396	0.04318547147787085	0.10831900006481004
42.448224112056025	0.043316288965685984	0.10821377073870511
42.58129064532266	0.043507113812995636	0.1081857596286776
42.714357178589296	0.04348703577011379	0.10808811445865074
42.847423711855924	0.04369783031661734	0.10801506407884999
42.98049024512256	0.04402712949523378	0.10814912072635896
43.113556778389196	0.04438417514754063	0.10838789757219595
43.246623311655824	0.0444677936732495	0.10858416291978104
43.37968984492246	0.04451200671684205	0.10884566713714285
43.512756378189096	0.04488221918940458	0.10825478496026962
43.645822911455724	0.045103201929113775	0.10868616062114848
43.77888944472236	0.04527162178171141	0.10914465768920913
43.911955977988995	0.04520027157442654	0.10942246901290273
44.045022511255624	0.04490149659454326	0.10964355076192804
44.17808904452226	0.04495749392814442	0.10959882586870709
44.311155577788895	0.044801138446967106	0.10884986050296977
44.444222111055524	0.044816744051206066	0.10906061138204401
44.57728864432216	0.045116297382343816	0.10913890892853272
44.710355177588795	0.045192528841853014	0.1089803272205752
44.843421710855424	0.044985355495122524	0.1088933855128971
44.97648824412206	0.04485450348566897	0.10898599187081907
45.109554777388695	0.04501263833057003	0.1088062362878074
45.24262131065532	0.045166090710080056	0.10865452098009028
45.37568784392196	0.04541821230777334	0.10851162447901573
45.508754377188595	0.04572208619914389	0.10865698697009907
45.64182091045522	0.04565553230345382	0.10866183407825902
45.77488744372186	0.0454201468961392	0.10802254183268971
45.907953976988495	0.04542360509939998	0.10863138258163917
46.04102051025512	0.0456193434204913	0.1088724599266604
46.17408704352176	0.04562748513338449	0.10907704125368216
46.307153576788394	0.04548826082978301	0.10870717183534782
46.44022011005502	0.04587403378766924	0.10875089574651736
46.57328664332166	0.04576802103700175	0.10883804041107555
46.706353176588294	0.04588345327802212	0.10878726865576654
46.83941970985492	0.04606515016426091	0.10894002780005083
46.97248624312156	0.04616715684780651	0.10933425103431572
47.105552776388194	0.046312153038029415	0.10917790095365323
47.23861930965483	0.04610725554418238	0.10874359396078695
47.37168584292146	0.04585823099779319	0.1091588492248127
47.504752376188094	0.045741040255458096	0.10904281955255574
47.63781890945473	0.04573163832151224	0.10905778902026049
47.77088544272136	0.04578554120245046	0.10878785827717986
47.903951975987994	0.04567911840170847	0.10842396451905169
48.03701850925463	0.0456966614940541	0.10870290303216336
48.17008504252126	0.04522837233369471	0.10856660361169844
48.30315157578789	0.044790648857839926	0.1085698356916083
48.43621810905453	0.04454684363151081	0.10880040977666715
48.56928464232116	0.04469924010246022	0.10886342473817766
48.70235117558779	0.04460013018895342	0.10887070754510289
48.83541770885443	0.04480946958738823	0.10962130301676079
48.96848424212106	0.04503541965784659	0.10971675944819724
49.10155077538769	0.04488999344634886	0.10980142107181987
49.23461730865433	0.04513662536953034	0.10968558844542504
49.36768384192096	0.045018998546301536	0.11030546591014675
49.50075037518759	0.044903020599023895	0.10988364646567174
49.63381690845423	0.044869244570209646	0.11004410850129678
49.76688344172086	0.044880354354760156	0.10995669967738773
49.89994997498749	0.044992939084578056	0.10972079921235768
50.03301650825413	0.04516186138846286	0.10998537172728776
50.16608304152076	0.04528048492164838	0.11020708599809147
50.29914957478739	0.04555846114922552	0.1103602943283597
50.43221610805403	0.04582787239303498	0.11075094338765494
50.56528264132066	0.04585580469440565	0.1110928154307813
50.69834917458729	0.045806431883061584	0.11163422290904079
50.83141570785393	0.04555811594590801	0.11159065589636136
50.96448224112056	0.04551551091730184	0.11143890748406102
51.09754877438719	0.04544168020261397	0.11120065253909835
51.23061530765383	0.045518451025488384	0.11099925551417732
51.36368184092046	0.045390099827238836	0.1103360708633555
51.49674837418709	0.0455176867570343	0.1104413155696392
51.62981490745373	0.045524133792283164	0.11061974416270043
51.762881440720356	0.0458393856139854	0.1110472944942016
51.89594797398699	0.04591215689649409	0.11070338308089607
52.02901450725363	0.04586198844867382	0.11071395353316882
52.162081040520256	0.046284506122931175	0.11043123724833986
52.29514757378689	0.04634678466793597	0.10996384712473416
52.42821410705353	0.04591772228744489	0.10998145417227051
52.561280640320156	0.04589420189816655	0.11034157428690732
52.69434717358679	0.04596446543460295	0.11059320254472921
52.82741370685343	0.04565557010513416	0.1109603934965447
52.960480240120056	0.04550846991509548	0.1108085793796363
53.09354677338669	0.04579813685886763	0.11129584397944618
53.22661330665333	0.04575046734094661	0.11170720683732294
53.359679839919956	0.04598379091825158	0.11199409759565876
53.49274637318659	0.0463995369514542	0.1124324421282949
53.62581290645323	0.04695367679506556	0.11238804381825179
53.758879439719855	0.04688279436239569	0.11198134777890036
53.89194597298649	0.04693053154793089	0.11210135244459313
54.02501250625313	0.046852623261149036	0.11212860804608352
54.158079039519755	0.046734419897211554	0.11235997697278739
54.29114557278639	0.046499668627819055	0.11221242761961057
54.42421210605303	0.0464791873884435	0.11214322215423793
54.557278639319655	0.046612451450790564	0.11243334069721743
54.69034517258629	0.04659476160706039	0.11231908086203486
54.823411705852926	0.04615129647050728	0.11265700721292922
54.956478239119555	0.04597938411448754	0.1129298629972402
55.08954477238619	0.04624568844784794	0.1129325673546407
55.222611305652826	0.04639547176521518	0.11338850857665148
55.35567783891946	0.046463916903044376	0.11335835853007402
55.48874437218609	0.046391436548139514	0.11338377169092015
55.621810905452726	0.04663740713000304	0.11332321553559874
55.75487743871936	0.04658530808703513	0.11292896929989003
55.88794397198599	0.04666559094218373	0.11287829043615746
56.021010505252626	0.04663243264245183	0.11248173844321488
56.15407703851926	0.046754331687954606	0.11268980073929243
56.28714357178589	0.04673190536993466	0.11318720082638849
56.420210105052526	0.046606102246707325	0.11309303076067301
56.55327663831916	0.04664365504710461	0.1131321506066326
56.68634317158579	0.04666852670825123	0.11351757152195267
56.819409704852426	0.046511026798817814	0.11375614677665928
56.95247623811906	0.04668707509446938	0.11433204912182174
57.08554277138569	0.04713013435302286	0.11470574922769884
57.218609304652325	0.04723275220262649	0.11495335034345583
57.35167583791896	0.04730373119190612	0.11541916978959409
57.48474237118559	0.047318467179656425	0.11585125990950271
57.617808904452225	0.04723151248155519	0.1154151288774139
57.75087543771886	0.04733382679284985	0.11548760161590829
57.88394197098549	0.04748543920594816	0.11555659526233544
58.017008504252125	0.047428604062887375	0.11580908692733571
58.15007503751876	0.04746678572501387	0.11574142077291902
58.28314157078539	0.04735408800046476	0.1157299647435042
58.416208104052025	0.04745755759494812	0.11558642825731187
58.54927463731866	0.04742420323532082	0.11555802021542207
58.68234117058529	0.04741944659713187	0.11570240774982925
58.815407703851925	0.04758117413175858	0.11597112356896461
58.94847423711856	0.0474545091669601	0.11610943488437946
59.08154077038519	0.04715943612775874	0.11627771358142541
59.214607303651825	0.04712768646021436	0.11679470646746454
59.34767383691846	0.04683032560900341	0.11649579557769935
59.48074037018509	0.046974999349155416	0.11656133046950251
59.613806903451724	0.047147919989661724	0.11643997365693663
59.74687343671836	0.04708476088629854	0.11630642176173871
59.87993996998499	0.047143405275691046	0.11626877196865064
60.013006503251624	0.04694836023144325	0.11684737611667695
60.14607303651826	0.04713590152317762	0.11719499275789005
60.27913956978489	0.0472926204685624	0.11760159432269848
60.412206103051524	0.047318829930687985	0.11756078671924353
60.54527263631816	0.04722742413319794	0.11745356183865754
60.67833916958479	0.047269380907287745	0.11765320358421906
60.811405702851424	0.047432480216451064	0.11762258668249254
60.94447223611806	0.04739210507672144	0.11763770203229826
61.07753876938469	0.04714566849957999	0.11768936864256206
61.210605302651324	0.047162994706700156	0.11783518444020463
61.34367183591796	0.047134690062568166	0.11795304119851709
61.47673836918459	0.047019463806556624	0.11797004193411513
61.60980490245122	0.047100678924365244	0.11842873439882996
61.74287143571786	0.04736477696373438	0.11864285649147151
61.87593796898449	0.047378728153026545	0.11879237980310502
62.00900450225112	0.047517098550689744	0.11946768045838556
62.14207103551776	0.0475367046013256	0.11966113652743683
62.27513756878439	0.04724854204248933	0.11945811492162473
62.40820410205102	0.04749503188264443	0.11873420493886348
62.54127063531766	0.047627392091410474	0.11854108836075397
62.67433716858429	0.047624878640147764	0.11847448966246536
62.80740370185092	0.047925622356548736	0.1188975349280479
62.94047023511756	0.04805138280221851	0.11925539241720995
63.07353676838419	0.0482427882531894	0.11922590979275333
63.20660330165082	0.0481404671682879	0.11940056216336631
63.33966983491746	0.048179680972749245	0.11898871446240705
63.47273636818409	0.04820903358958598	0.11889369162329426
63.60580290145072	0.04818282497270813	0.11904268707238562
63.73886943471736	0.04806544228053909	0.11884754383711944
63.87193596798399	0.048245942940131334	0.11921531716361054
64.00500250125063	0.048394019510297294	0.11964613294013245
64.13806903451726	0.04854320887887865	0.11962510770776028
64.27113556778389	0.0487375560308452	0.1195769466958448
64.40420210105053	0.048803686584477736	0.11987380358932118
64.53726863431716	0.048941846422875315	0.11977555784737597
64.67033516758379	0.048782463123785376	0.11941723799143042
64.80340170085043	0.04905801964420621	0.1194081800460323
64.93646823411706	0.0491761484621311	0.11978246206605017
65.06953476738369	0.049178997242952105	0.1199584141348129
65.20260130065033	0.04933746413359682	0.12004655336807507
65.33566783391696	0.04965072150424732	0.11986717800391591
65.46873436718359	0.0497168597717436	0.11926146859721011
65.60180090045023	0.04950187576962006	0.11945281110420707
65.73486743371686	0.04982303255081269	0.11852938399403788
65.86793396698349	0.04999266333274287	0.11850985516714305
66.00100050025013	0.04977015538584877	0.11864046039108533
66.13406703351676	0.0496679033797985	0.11863230310218578
66.26713356678339	0.04934149734082862	0.11840032102997629
66.40020010005003	0.04901456430469369	0.11901943340570674
66.53326663331666	0.04921137026831246	0.11954791336500548
66.66633316658329	0.04931444644264001	0.11959064387607914
66.79939969984993	0.04936681812270667	0.11946214061769168
66.93246623311656	0.049765078422944524	0.11987966093622222
67.06553276638319	0.049956214802738326	0.11996170097012365
67.19859929964983	0.05010209304146522	0.11975904770077168
67.33166583291646	0.05047293200587624	0.12007150615394366
67.46473236618309	0.050969457914577396	0.120468588790368
67.59779889944973	0.051059319473054234	0.12041733837339279
67.73086543271636	0.0510737655850498	0.12056737558327602
67.86393196598299	0.05122569996949174	0.1201752615867215
67.99699849924963	0.051147845035745036	0.11957333255836863
68.13006503251626	0.051319470507822276	0.11961352648190042
68.26313156578288	0.051108317831593815	0.11973367109581327
68.39619809904953	0.050696597878099846	0.12016766769714815
68.52926463231616	0.050811091778709634	0.12065752974999197
68.66233116558278	0.050246307649642524	0.12100943055139848
68.79539769884943	0.050077609116687974	0.12106102501444285
68.92846423211606	0.05053470008240312	0.12099354328070458
69.06153076538268	0.05053965304814601	0.12105555496972072
69.19459729864933	0.050299128866474856	0.1210705962801247
69.32766383191596	0.049968013256614964	0.12104489052524695
69.46073036518258	0.04986998359520181	0.12136403232217834
69.59379689844923	0.049974336980720485	0.12066105453730634
69.72686343171586	0.05018424833950166	0.12066253648629201
69.85992996498248	0.0502371068601827	0.12048889497663025
69.99299649824913	0.050272519651325134	0.12055410389330955
70.12606303151576	0.05041223024272014	0.1206075249048756
70.25912956478238	0.05053211625440234	0.12080131594470667
70.39219609804903	0.05061117258106509	0.12109350127038157
70.52526263131566	0.05078636976331508	0.12124332910990845
70.65832916458228	0.05074675471598469	0.12150477324434521
70.79139569784893	0.05058832545626755	0.12150817201540505
70.92446223111556	0.050383677293158	0.12168971682710371
71.05752876438218	0.05047886883922048	0.12146182946303752
71.19059529764883	0.050636453936608886	0.12155527809135028
71.32366183091546	0.050828852681677736	0.1214942858805317
71.45672836418208	0.051016593004432814	0.12176767375310195
71.58979489744873	0.05100222487850913	0.12188145930231338
71.72286143071535	0.051318046939040796	0.12198680861331135
71.85592796398198	0.051372382925621185	0.12205033664480693
71.98899449724863	0.051514939284577295	0.1220433792842032
72.12206103051525	0.05147637306488547	0.12228754441714015
72.25512756378188	0.05141669315023266	0.12241525238406749
72.38819409704853	0.05141112774651308	0.12241875380260932
72.52126063031515	0.0515218902165387	0.12262684531293118
72.65432716358178	0.05162214243591654	0.12263872518508688
72.78739369684843	0.05161414706686884	0.12250284299446644
72.92046023011505	0.0519815826994444	0.12265520027138309
73.05352676338168	0.05229950517044339	0.12236992834306862
73.18659329664833	0.052374511237464255	0.12207223933966571
73.31965982991495	0.05251559591122883	0.12262738686726198
73.45272636318158	0.05247658997376186	0.1226274142796033
73.58579289644823	0.052612206578172234	0.12288295787825945
73.71885942971485	0.05233249045061571	0.12319183313263538
73.85192596298148	0.05221750185572095	0.12332129733586238
73.98499249624813	0.05219873565892477	0.1234392425460182
74.11805902951475	0.052490473445729754	0.12353380174015398
74.25112556278138	0.05254715183702652	0.1235907570125373
74.38419209604803	0.05288050053402538	0.12377170674189349
74.51725862931465	0.05305587348555429	0.12316889857231313
74.65032516258128	0.05305001094565134	0.12291322862941055
74.78339169584793	0.053435026900262673	0.12350318344643153
74.91645822911455	0.05340021359713544	0.12337941601965777
75.04952476238118	0.05336642938368316	0.12338382245717998
75.18259129564782	0.053142774631017	0.12306078954391626
75.31565782891445	0.053107592623958075	0.12315545601237607
75.44872436218108	0.05279243552198161	0.12318312895041884
75.58179089544772	0.05290211216031794	0.12327529692600613
75.71485742871435	0.052617857743431924	0.12352226356981688
75.84792396198098	0.052338959825323016	0.12349382895833251
75.98099049524762	0.05223798793195651	0.12371830088278248
76.11405702851425	0.05206251830574418	0.12400567044378352
76.24712356178088	0.05167709498926164	0.12372063465205616
76.38019009504752	0.05162008946313342	0.12387633988228465
76.51325662831415	0.0515731434263491	0.123891339801602
76.6463231615808	0.05134289022967244	0.12434949459127033
76.77938969484742	0.05135960751169142	0.12450473568213048
76.91245622811405	0.05145830774073782	0.1242984241192065
77.0455227613807	0.051387086170611614	0.12448103446745308
77.17858929464732	0.05123458175564349	0.12440769168483287
77.31165582791395	0.05145482672721742	0.12389703502431361
77.4447223611806	0.051514940634296354	0.12387541567291596
77.57778889444722	0.05138755475914366	0.12397788241778375
77.71085542771385	0.051226280565951944	0.12418488467630436
77.8439219609805	0.05080922279478129	0.12465113653241766
77.97698849424712	0.05068853958871352	0.12455530013873437
78.11005502751375	0.050856170000051514	0.12451583341743191
78.2431215607804	0.050920600247875904	0.12453459467961077
78.37618809404702	0.05084072208201378	0.12483400133422819
78.50925462731365	0.05065433279583322	0.12460215564458878
78.6423211605803	0.05074237504763742	0.12431797246280862
78.77538769384692	0.05122134283753221	0.1244632470771129
78.90845422711355	0.051283334574223884	0.12462168622987657
79.0415207603802	0.05121738177736044	0.1240184947147288
79.17458729364682	0.05120079782250152	0.12380381888122635
79.30765382691345	0.0513767719581895	0.12360100334358415
79.4407203601801	0.05146282172821226	0.12325056291783963
79.57378689344672	0.05131796529253795	0.1234271778157522
79.70685342671335	0.05161849368449236	0.12345427202122755
79.83991995998	0.05149013174420596	0.12334677495995817
79.97298649324662	0.05171890750575801	0.12287317109736924
80.10605302651325	0.052017505312225605	0.12292322685805526
80.2391195597799	0.05205749040590776	0.12285644875596088
80.37218609304652	0.05193105143952209	0.12297673395047556
80.50525262631315	0.05209225878224701	0.12323378928383155
80.6383191595798	0.05220376817525881	0.12287246729028072
80.77138569284642	0.05206027127006622	0.12300513313183857
80.90445222611305	0.0517926642873132	0.12335637760081007
81.0375187593797	0.05134694062882746	0.1233093127047565
81.17058529264632	0.051321070758687776	0.12345420571974593
81.30365182591295	0.051600779179149604	0.12353920144065271
81.4367183591796	0.05138775875644569	0.12352752526895495
81.56978489244622	0.051768294443626836	0.12351405829598168
81.70285142571285	0.052034573576705656	0.1236684743169221
81.8359179589795	0.05214372444665252	0.12367263623126319
81.96898449224612	0.0522662972527761	0.12385230674568787
82.10205102551275	0.052239535295272276	0.12426775881930265
82.2351175587794	0.052324440769717026	0.12370258781310613
82.36818409204602	0.05221652725765536	0.12348490922748302
82.50125062531265	0.05265694110064841	0.1235650966712824
82.6343171585793	0.052620394756652485	0.12359200687785618
82.76738369184592	0.05236959182029978	0.12397299361806861
82.90045022511255	0.05269133783154313	0.12351997974745148
83.03351675837919	0.05302158970205325	0.1229936257964022
83.16658329164582	0.052972444853702116	0.12272515404679726
83.29964982491245	0.05287009147452441	0.1224330989259181
83.43271635817909	0.05280261727498086	0.12254606169813088
83.56578289144572	0.052851623199391184	0.12260139792716525
83.69884942471235	0.05305350554070341	0.12268152382316004
83.83191595797899	0.05266778723476538	0.12307993220295525
83.96498249124562	0.053120166950174054	0.12333265104246342
84.09804902451225	0.05350509218730536	0.12383422148624763
84.23111555777889	0.05314844028810807	0.1238195563593428
84.36418209104552	0.05328432586204095	0.12375896550911532
84.49724862431215	0.053236726169933954	0.12380268796286335
84.63031515757879	0.05308923563239825	0.12357693713922557
84.76338169084542	0.05286624079354851	0.12363165167090162
84.89644822411205	0.052927155212777244	0.12381313290509241
85.02951475737869	0.052841589217897944	0.12424287710509234
85.16258129064532	0.05286736654172737	0.12425357758538516
85.29564782391195	0.05295984492789843	0.1240151896910854
85.42871435717859	0.05280299689861272	0.12410443247705526
85.56178089044522	0.053052337504914504	0.12381067046311506
85.69484742371185	0.05326939853882199	0.1238779561269925
85.82791395697849	0.05326733930168983	0.12415830355942598
85.96098049024512	0.05323146488451034	0.12447484179673897
86.09404702351175	0.05341742885349056	0.12458066880693959
86.22711355677839	0.05365619599381727	0.12508081590228864
86.36018009004502	0.05361163126606841	0.12522360976673072
86.49324662331165	0.05347948688088789	0.1251480906918433
86.62631315657829	0.053657686245547974	0.1250101140333069
86.75937968984492	0.05365863662584128	0.12475178732169152
86.89244622311155	0.05335740105905086	0.12465598330104515
87.02551275637819	0.05329033778311156	0.1244803857128783
87.15857928964482	0.05333433365299988	0.12441952907853804
87.29164582291145	0.053194892285707944	0.12457861376476052
87.42471235617809	0.05278338899831372	0.12458574389361862
87.55777888944472	0.05295245590850136	0.12458289276556751
87.69084542271135	0.05305535338188774	0.12498008095270238
87.82391195597799	0.05313207313482162	0.12508936963203354
87.95697848924462	0.053340405384623486	0.12487571842163496
88.09004502251125	0.05332833617874736	0.12469717657257633
88.22311155577789	0.05360023482218651	0.12498301770488349
88.35617808904452	0.05376969803218553	0.12532006190543013
88.48924462231115	0.05385072203931948	0.12468570589888611
88.62231115557779	0.053978648271721746	0.12474229767894465
88.75537768884442	0.0540382923927888	0.12511910194989875
88.88844422211105	0.053986040221731126	0.12528734914332884
89.02151075537769	0.05391374631672323	0.1253511725896734
89.15457728864432	0.053895682584366125	0.12488312053770252
89.28764382191095	0.05391392424029458	0.1248236134264357
89.42071035517759	0.05379252347228533	0.1245229121590514
89.55377688844422	0.053801553280812084	0.1244305190195745
89.68684342171085	0.05387745422118014	0.12445702404153326
89.81990995497749	0.054035998948819136	0.12412827590394669
89.95297648824412	0.05390953108922562	0.12407021927545894
90.08604302151075	0.054058356504947815	0.12426602861500372
90.21910955477739	0.054364829844855474	0.12404505709802444
90.35217608804402	0.054535370921521276	0.12371730135164803
90.48524262131065	0.054352959051917484	0.12356354072187507
90.61830915457729	0.0541349279233017	0.12387294818169321
90.75137568784392	0.0542148268605065	0.12424863202258914
90.88444222111055	0.054175778948416506	0.12445241740011635
91.01750875437719	0.05427019015940301	0.12440211596453858
91.15057528764382	0.05421980302261223	0.12398129825979537
91.28364182091045	0.05414868883527258	0.12394852470746719
91.41670835417709	0.0545394447459852	0.12413617109752273
91.54977488744372	0.0544792611783137	0.12454179439359626
91.68284142071035	0.0545048720890112	0.12436375149677706
91.81590795397699	0.05454006068473234	0.12369216094708485
91.94897448724362	0.05447393341956375	0.12384647650346328
92.08204102051025	0.05452434629017884	0.1239666591472535
92.21510755377689	0.05509638458162517	0.12391633839248428
92.34817408704352	0.05533279022297699	0.1245681735678158
92.48124062031015	0.05526136860866084	0.12483462065298395
92.61430715357679	0.055052480607865835	0.12480958278344136
92.74737368684342	0.05506702863355552	0.12472705637989534
92.88044022011005	0.05491608286473287	0.12487028861118762
93.01350675337669	0.054737228507008955	0.1251833533481934
93.14657328664332	0.05498100273550736	0.12543182303719552
93.27963981990995	0.05478271812538122	0.12507276769791348
93.41270635317659	0.0547176134565503	0.12482545633405633
93.54577288644322	0.05470747505859491	0.12464720147572057
93.67883941970985	0.05446194002535662	0.12476302321523143
93.81190595297649	0.05468843172529356	0.12470251533009184
93.94497248624312	0.05455986489866109	0.1250097087828711
94.07803901950976	0.054594959416827946	0.12501087543550302
94.21110555277639	0.05457706610708902	0.12502327850240122
94.34417208604302	0.05454358849982618	0.12497139481420938
94.47723861930966	0.05465432980031799	0.12529611348431843
94.61030515257629	0.05499342080427254	0.12516608725434786
94.74337168584292	0.05496713170509781	0.1253992810894305
94.87643821910956	0.05489566404550598	0.125748354264842
95.00950475237619	0.05483212703937342	0.1254603949507802
95.14257128564282	0.05479765706622068	0.1258857575962373
95.27563781890946	0.05496654596398893	0.12617030667783719
95.40870435217609	0.05479082963690121	0.12618013965902278
95.54177088544272	0.054952185089302094	0.12646266072854728
95.67483741870936	0.05494467260602054	0.12630746441968316
95.80790395197599	0.054686551294541905	0.12622037468025377
95.94097048524262	0.05471016734342701	0.1260151030047628
96.07403701850926	0.05434147504245603	0.1256191473604667
96.20710355177589	0.05437528037435772	0.12553853082866132
96.34017008504252	0.05466733554130118	0.12551391985313243
96.47323661830916	0.05500118905856119	0.12533890664518066
96.60630315157579	0.05533204846282895	0.12538315488230156
96.73936968484242	0.05509852111338412	0.12567634459742077
96.87243621810906	0.055046856031950336	0.12562695393243348
97.00550275137569	0.055122309996238635	0.12614618828460913
97.13856928464232	0.05509668062212378	0.126343455169715
97.27163581790896	0.05516435391658415	0.12635507656027983
97.40470235117559	0.055351748937813285	0.12656978922764522
97.53776888444222	0.0554622233463495	0.12647821676247295
97.67083541770886	0.055220069325022464	0.1265450888640051
97.80390195097549	0.05531365677098179	0.12618700397679927
97.93696848424212	0.05555656290355771	0.12628523259364535
98.07003501750876	0.0554880026271615	0.12624394172052295
98.20310155077539	0.05518370857464424	0.12597854322278426
98.33616808404201	0.054946333921117786	0.1260302050061101
98.46923461730866	0.054904129434213626	0.12645348664043327
98.60230115057529	0.05502279768628176	0.12648141930769674
98.73536768384191	0.05490008589490993	0.1264328749292398
98.86843421710856	0.0548830388537973	0.1263907767609598
99.00150075037519	0.054920458774032926	0.1261755187672526
99.13456728364181	0.05499943322488577	0.12592673056959927
99.26763381690846	0.05524806713465649	0.1254615418733919
99.40070035017509	0.05524519532112139	0.12554211987132666
99.53376688344171	0.05535017472886005	0.1259983423687332
99.66683341670836	0.0557185457968725	0.1257040876750456
99.79989994997499	0.055682411408859614	0.12547588269218593
99.93296648324161	0.055397514948749296	0.12539158098023254
100.06603301650826	0.05526878672270333	0.12522479279807813
100.19909954977489	0.0552755712763149	0.125046751269498
100.33216608304151	0.05532451600971232	0.12509166286546503
100.46523261630816	0.05515099340916941	0.12546652864405755
100.59829914957479	0.05480783456899646	0.12602473058887975
100.73136568284141	0.05495551577160193	0.12665201707307147
100.86443221610806	0.054994888589952065	0.12658331370710305
100.99749874937469	0.05521404495866988	0.12638252068909664
101.13056528264131	0.055582008375894	0.12602622511612538
101.26363181590796	0.055801374451990876	0.12606503849930908
101.39669834917459	0.05639226481746717	0.12645333577043613
101.52976488244121	0.05650710354006112	0.12675840653497208
101.66283141570786	0.05638383700735848	0.12652973872758927
101.79589794897448	0.05644386279458446	0.12635993621138789
101.92896448224111	0.056488534373513914	0.1268509278406913
102.06203101550776	0.0562517669614622	0.12667225635324686
102.19509754877438	0.055917217297754826	0.1266891789427542
102.32816408204101	0.056399723513644556	0.1265915480159536
102.46123061530766	0.05661967003302718	0.12649447151672263
102.59429714857428	0.056402110724032666	0.1266491427240446
102.72736368184091	0.05622717490688468	0.12654565405951268
102.86043021510756	0.0560581702970228	0.12646596419025127
102.99349674837418	0.056352254644511525	0.12680335595424513
103.12656328164081	0.056262107407637964	0.12688888651885902
103.25962981490746	0.05612480591843732	0.12721440121219155
103.39269634817408	0.05619858941917342	0.12734364002896204
103.52576288144071	0.05625211856240374	0.12744221223331031
103.65882941470736	0.056080326477458545	0.12728833873474704
103.79189594797398	0.056301536903893404	0.12709815989763024
103.92496248124061	0.0562844422978575	0.1274937148882919
104.05802901450726	0.056283318687480335	0.127483789736779
104.19109554777388	0.056442012560329734	0.12715907100759397
104.32416208104051	0.0563892237379028	0.12721861831334624
104.45722861430716	0.05621953374101982	0.12723202944512574
104.59029514757378	0.05604114300521719	0.12721092912902313
104.72336168084041	0.05618132491152397	0.12734620397874538
104.85642821410705	0.05626042535492968	0.12724384024501845
104.98949474737368	0.056314942211165175	0.12697580028747524
105.12256128064031	0.05628885480525527	0.12744094865130956
105.25562781390695	0.056450503712291315	0.1276152077216985
105.38869434717358	0.05660594866671936	0.1278326794094536
105.52176088044021	0.05671803147111801	0.127526590730923
105.65482741370685	0.0568335437841235	0.1276868461728586
105.78789394697348	0.056964457257156355	0.1277955888782449
105.92096048024011	0.05731367396587855	0.12711384089066544
106.05402701350675	0.057746200908360044	0.12703756457195817
106.18709354677338	0.05795681595183804	0.12696248548209568
106.32016008004001	0.05805795082546804	0.1269154527946171
106.45322661330665	0.05819356138230795	0.1268430287445583
106.58629314657328	0.05800454175340308	0.12695751523487583
106.71935967983991	0.057972542527361684	0.12682244350324223
106.85242621310655	0.057891668163594784	0.12645409959347123
106.98549274637318	0.057779910978227815	0.12599876164815527
107.11855927963981	0.05766776466958479	0.12575175352760384
107.25162581290645	0.05763676975578428	0.12565603029532946
107.38469234617308	0.05783493154911344	0.125584787940032
107.51775887943971	0.05781996239900685	0.1253870637093263
107.65082541270635	0.057904310325811906	0.1253239368992405
107.78389194597298	0.05796371620128142	0.1256041316981192
107.91695847923961	0.057925000719344054	0.12573090282719715
108.05002501250625	0.05813404956286525	0.12576687110935036
108.18309154577288	0.05839246152769674	0.12561717222629207
108.31615807903951	0.058281239365551095	0.12572114026639677
108.44922461230615	0.058389037917290366	0.1257066309101158
108.58229114557278	0.05842023168407226	0.12571980535586894
108.71535767883941	0.0586848350541144	0.12564549147937293
108.84842421210605	0.05917948266086013	0.1254826157278233
108.98149074537268	0.059079679394026315	0.12517949350899374
109.11455727863931	0.05893860283822263	0.12549017006028684
109.24762381190595	0.058864523338562666	0.12583102953543124
109.38069034517258	0.05867218202251233	0.12556107661117688
109.51375687843921	0.058574232635503674	0.1255481784694159
109.64682341170585	0.05844694447816168	0.12549833779128347
109.77988994497248	0.05851543480215184	0.12551348628321063
109.91295647823911	0.058169129011098074	0.12597608645262118
110.04602301150575	0.0581327137836936	0.12642779497702236
110.17908954477238	0.05818498937035885	0.12624588838552686
110.31215607803901	0.05819424782470792	0.1260626220985937
110.44522261130565	0.05846984169102566	0.12575863724796238
110.57828914457228	0.058517031353853846	0.12588391572752924
110.71135567783892	0.05841081819973441	0.12617397454029253
110.84442221110555	0.058532077286569964	0.1261781900000299
110.97748874437218	0.05890782538644024	0.12604257373523195
111.11055527763882	0.05889440651276728	0.12564839485874396
111.24362181090545	0.05831239131755693	0.1259339415268415
111.37668834417208	0.05800588467246888	0.12598625026877716
111.50975487743872	0.05822615191609641	0.1259350629044195
111.64282141070535	0.05827838534873959	0.12588720791783692
111.77588794397198	0.05830284313659457	0.12605571844684488
111.90895447723862	0.05816740207429579	0.12633715908345317
112.04202101050525	0.05817883964568629	0.12596123213923927
112.17508754377188	0.05835372979915889	0.1258583697002854
112.30815407703852	0.05873547192983376	0.126046272865947
112.44122061030515	0.05881675216217785	0.12655689427256975
112.57428714357178	0.05876073726376751	0.12669613539659746
112.70735367683842	0.05886070016185587	0.12618492732980394
112.84042021010505	0.0584895092526754	0.1261884807258449
112.97348674337168	0.05838680759308498	0.12622870796624872
113.10655327663832	0.0583798422775381	0.12633764111972737
113.23961980990495	0.05807591229067774	0.12611895997853634
113.37268634317158	0.05810464240580044	0.12605872627156234
113.50575287643822	0.05815651010571339	0.12602346182953048
113.63881940970485	0.05839919323304392	0.12610746769552716
113.77188594297148	0.05836404002641086	0.12665310150806575
113.90495247623812	0.05824059358894452	0.12635926544874498
114.03801900950475	0.05844600943562059	0.12674574259243362
114.17108554277138	0.05868134086491703	0.12688163684678966
114.30415207603802	0.05885008811071072	0.12675695985985933
114.43721860930465	0.058570568647611336	0.1275100687618676
114.57028514257128	0.05841285914620291	0.1275545369708643
114.70335167583792	0.05845206370534142	0.12742343239338152
114.83641820910455	0.058333614685261076	0.12752054909671418
114.96948474237118	0.057961441892827995	0.12747519105690264
115.10255127563782	0.057634156469534965	0.12723557681765824
115.23561780890445	0.057661750211989264	0.12736172361553613
115.36868434217108	0.05768972817592832	0.12754561852490784
115.50175087543772	0.057548898286986984	0.12788269336224312
115.63481740870435	0.057295656258713495	0.12796882460654754
115.76788394197098	0.05735728606191535	0.12820211163075998
115.90095047523762	0.05734091428618452	0.1283086015093505
116.03401700850425	0.057194815144069315	0.12809810563688492
116.16708354177088	0.05741906311677279	0.1282770375552079
116.30015007503752	0.057721392423674536	0.12792338376979565
116.43321660830415	0.0578571906092177	0.12776357245289563
116.56628314157078	0.057676328195592964	0.1279571120604777
116.69934967483742	0.057662573975185066	0.12822392929323187
116.83241620810405	0.05780504977833506	0.12850132452492996
116.96548274137068	0.05782493306505973	0.12848732506356914
117.09854927463732	0.057903107463119205	0.12895741080382286
117.23161580790395	0.058128249901829514	0.12924412644558866
117.36468234117058	0.05811446322791292	0.12893531235694128
117.49774887443722	0.05815742961551811	0.12901605561328508
117.63081540770385	0.05817097967428771	0.1291540891064125
117.76388194097048	0.05830134454769214	0.12913160933703988
117.89694847423712	0.05829587109459341	0.1294981184839674
118.03001500750375	0.05841976729150625	0.12957235056543634
118.16308154077038	0.05868438035106022	0.12940021412764718
118.29614807403702	0.05898176165760133	0.1297889695830389
118.42921460730365	0.05917775937845643	0.13011261255441153
118.56228114057028	0.059536318922472	0.1295733347345074
118.69534767383692	0.05980914649942735	0.12963592451794861
118.82841420710355	0.059982685820481725	0.12999048310502576
118.96148074037018	0.06050725621705002	0.1298871542112251
119.09454727363682	0.06066934247471604	0.12958012653588663
119.22761380690345	0.06047548786454952	0.13012303665332325
119.36068034017008	0.06034516029939164	0.13043064285664946
119.49374687343672	0.060385225251827095	0.13033556194912765
119.62681340670335	0.060569036584919446	0.1308976401906107
119.75987993996998	0.06065972156051059	0.13048076677037496
119.89294647323662	0.06063069246366957	0.1299101239455875
120.02601300650325	0.060804234624610945	0.12989930363129082
120.15907953976988	0.060735136092086174	0.12972121385564386
120.29214607303652	0.06054340260163587	0.12983155073489078
120.42521260630315	0.06059847029297845	0.13003002470640626
120.55827913956978	0.06078137706670677	0.12995069473604126
120.69134567283642	0.060717600113495585	0.1300905018230489
120.82441220610305	0.06065198026643726	0.12962622413521674
120.95747873936968	0.06091984607584536	0.1294547942821081
121.09054527263632	0.06077604761667011	0.12956550669220204
121.22361180590295	0.060600431892887247	0.12940043118060063
121.35667833916958	0.060651346523064226	0.12995164683031052
121.48974487243622	0.060418507532787866	0.1304563399250744
121.62281140570285	0.06014564234528206	0.13051151784925336
121.75587793896948	0.06019461127425933	0.1303241701863319
121.88894447223612	0.06006323071868992	0.13007378424113517
122.02201100550275	0.06000079653652283	0.12972048017742197
122.15507753876938	0.06022226377729668	0.12961278067456392
122.28814407203602	0.060308506694310086	0.1295417407117791
122.42121060530265	0.06017449612761789	0.12968501609386154
122.55427713856928	0.06015555862459894	0.13024242516195408
122.68734367183592	0.06006313205700235	0.1306539935376786
122.82041020510255	0.06003111457494971	0.13045774489917308
122.95347673836918	0.0600830287069772	0.1303675026285052
123.08654327163582	0.06032448287968648	0.13053837459381998
123.21960980490245	0.06052711988787419	0.13035937560888025
123.35267633816908	0.06053980674468447	0.1301914116357166
123.48574287143572	0.06096000524780383	0.13040900014235307
123.61880940470235	0.061030818490700904	0.1306336851162454
123.75187593796898	0.061075787369684456	0.13045056173454858
123.88494247123562	0.061002799062999775	0.1304656620464499
124.01800900450225	0.06078987401457325	0.1305325579234477
124.15107553776888	0.060867330830383246	0.13030839447490936
124.28414207103552	0.06084585564641659	0.13043640621873906
124.41720860430215	0.06079090955502165	0.13063245813260832
124.55027513756878	0.060579740445900455	0.13052137921198276
124.68334167083542	0.06068055019547904	0.1307844908076928
124.81640820410205	0.06063506029422178	0.13122053598204925
124.94947473736867	0.06047578116041588	0.13133232877929465
125.08254127063532	0.060895412084126424	0.1313259919817218
125.21560780390195	0.06089529699658726	0.1314052634690483
125.34867433716857	0.06083441522943442	0.1315499622966311
125.48174087043522	0.060879003104013715	0.13142191905430617
125.61480740370185	0.06061754764089531	0.13086137935315234
125.74787393696847	0.06072004777340689	0.13063624132366825
125.88094047023512	0.06101490365296559	0.13063885169790562
126.01400700350175	0.06107334757662301	0.13045784944324387
126.14707353676837	0.0610395476348011	0.13044444456627877
126.28014007003502	0.061025241733067094	0.1307902127543383
126.41320660330165	0.06102994753563785	0.13096875755123716
126.54627313656827	0.06081868102516891	0.13071854951773773
126.67933966983492	0.060731665192505974	0.13081392448215862
126.81240620310155	0.06101806120147459	0.13098398183083912
126.94547273636817	0.06096813975003375	0.13071335066236092
127.07853926963482	0.06091293070690263	0.1306580270076041
127.21160580290145	0.06117566807842605	0.1305831435524559
127.34467233616807	0.06102533669210971	0.1304772884109294
127.47773886943472	0.06077011593064879	0.1304627575644904
127.61080540270135	0.060736700872380305	0.13077166179236577
127.74387193596797	0.06073915749370344	0.13088917826902216
127.87693846923462	0.0605443341071392	0.13053755783187193
128.01000500250126	0.0605092844736567	0.13062976736091095
128.1430715357679	0.06047563270116738	0.13080330589336842
128.27613806903452	0.06029411158878207	0.13085681201265587
128.40920460230114	0.05993447539843669	0.1311736241843525
128.54227113556777	0.05970670556952814	0.13144304667957854
128.6753376688344	0.059929291119118426	0.13128421369581836
128.80840420210106	0.06023634155760901	0.13136418282556578
128.9414707353677	0.06017330812551076	0.1313969627241975
129.07453726863432	0.060069132160842684	0.13089457500433052
129.20760380190094	0.06017673438129008	0.13066993053933054
129.34067033516757	0.060211705512607364	0.1304361531687705
129.4737368684342	0.06022666278767972	0.13020104338621216
129.60680340170086	0.060204171900598125	0.1299590905036383
129.7398699349675	0.06015606893165268	0.1294966879325287
129.87293646823412	0.06034108117388964	0.12925828115253188
130.00600300150074	0.06051446387937673	0.12911480158393807
130.13906953476737	0.060336065741909986	0.12876058059720089
130.272136068034	0.060283223750966175	0.1287307778029753
130.40520260130066	0.06019522323092836	0.12859354031805129
130.5382691345673	0.060148536348959815	0.12832506445442704
130.67133566783392	0.06023005428943272	0.12831174979354434
130.80440220110054	0.060336279196468674	0.12818272858419863
130.93746873436717	0.06054898978889379	0.12783871883069606
131.0705352676338	0.06040141491670295	0.12785317130637738
131.20360180090046	0.060470105321920625	0.128159882230905
131.3366683341671	0.06057035276542987	0.1280163539871272
131.46973486743371	0.06040880223967681	0.12811458644259907
131.60280140070034	0.06055920669607544	0.12838364851816272
131.73586793396697	0.06059893891712497	0.12832455664791234
131.8689344672336	0.06062419006565106	0.12820810666120122
132.00200100050026	0.060610841095704186	0.12829766671549028
132.1350675337669	0.06043932289890263	0.12797437936527392
132.26813406703351	0.06060912914453447	0.1277324526580826
132.40120060030014	0.06069504644564854	0.12786260399138338
132.53426713356677	0.06047704803159361	0.1275978637170216
132.6673336668334	0.06032468832462815	0.1271787137478824
132.80040020010006	0.06022984086119325	0.1273682744137349
132.93346673336669	0.06007412657640515	0.1272150610367989
133.06653326663331	0.05986985176150622	0.1267120711181392
133.19959979989994	0.05989562351952347	0.1269115306479361
133.33266633316657	0.060133099072870816	0.12704076758747632
133.4657328664332	0.060446260308382564	0.12687674704381421
133.59879939969986	0.060425551644895784	0.12710819138414972
133.73186593296649	0.060592653979559354	0.12736063112117135
133.8649324662331	0.06064275518781388	0.12732904634816697
133.99799899949974	0.06052150547903368	0.1275358624034879
134.13106553276637	0.06046295383937989	0.12756436009371244
134.264132066033	0.060333139173281404	0.12774746398565445
134.39719859929966	0.06010853799505171	0.12803241648371885
134.53026513256629	0.05988826147551104	0.1276653508577187
134.6633316658329	0.05975002271679478	0.12774426184657708
134.79639819909954	0.05957303448869677	0.1281245260968054
134.92946473236617	0.05943644557568087	0.12776149437151413
135.0625312656328	0.059360889905093604	0.1279221536933081
135.19559779889946	0.05919396051268641	0.12793446039724224
135.32866433216608	0.05932927764807472	0.12798172782687725
135.4617308654327	0.059600211478464164	0.12830781615572767
135.59479739869934	0.059321783793153185	0.1283692702943604
135.72786393196597	0.05919647700065105	0.12794945963382753
135.8609304652326	0.05935646739144609	0.12748738499654258
135.99399699849926	0.05922189566374163	0.12733687073188707
136.12706353176588	0.059181190947968636	0.127380412072724
136.2601300650325	0.05956067824469529	0.1273227723263237
136.39319659829914	0.05986810687652087	0.12714469048950447
136.52626313156577	0.059846206038408414	0.12718794665967606
136.65932966483243	0.05964081810769287	0.12707188445342602
136.79239619809906	0.05976919751701672	0.12712313646696977
136.92546273136568	0.05966992933328852	0.12677092317580835
137.0585292646323	0.0596180779684644	0.12692484800524495
137.19159579789894	0.05985070892326508	0.12742054047630874
137.32466233116557	0.05964156515192009	0.12720402607418824
137.45772886443223	0.05925263162875839	0.1268867049636929
137.59079539769886	0.059115293900059075	0.1268025509965499
137.72386193096548	0.059231285890676236	0.12688352446184598
137.8569284642321	0.05947148084207508	0.1272846621022871
137.98999499749874	0.0592269246390468	0.12784401653646604
138.12306153076537	0.059155866681798126	0.1279274867961511
138.25612806403203	0.05927157276183976	0.12759875468956802
138.38919459729865	0.05888699687369996	0.12778783011115918
138.52226113056528	0.058981950428176194	0.12802133939567037
138.6553276638319	0.05919910331735182	0.12808193031220647
138.78839419709854	0.05911941228582191	0.12824776217146408
138.92146073036517	0.05889877254291008	0.12820859123068326
139.05452726363183	0.05892523035618573	0.12829226945347225
139.18759379689845	0.05899970599606203	0.12816062586565544
139.32066033016508	0.05927077252402824	0.12799236980018733
139.4537268634317	0.05944626375964734	0.12790991521509765
139.58679339669834	0.059796574583530916	0.12769838198428304
139.71985992996497	0.06007872943779453	0.12752810632882547
139.85292646323163	0.059697236636961554	0.12759384240752605
139.98599299649825	0.05976893852365131	0.12747417602945116
140.11905952976488	0.05996200096218566	0.1276486970001986
140.2521260630315	0.05997437953013884	0.12767229269293373
140.38519259629814	0.06018576735111899	0.12767010377139945
140.51825912956477	0.0603792899056353	0.12763876368409574
140.65132566283143	0.06031761080212355	0.12741273258221833
140.78439219609805	0.060170127771898736	0.1273064415459682
140.91745872936468	0.0601308109191043	0.12743612245005206
141.0505252626313	0.06011883485567933	0.12731352307884072
141.18359179589794	0.06030374091274622	0.12691016669982508
141.31665832916457	0.060514376352577025	0.12677955846375794
141.44972486243122	0.06061789523593134	0.1267852395592087
141.58279139569785	0.060327627837452866	0.12684992962720523
141.71585792896448	0.060168144365411146	0.1271360898483032
141.8489244622311	0.06070349300398366	0.12731544505464046
141.98199099549774	0.06125927348058425	0.1274455494969118
142.11505752876437	0.061249291578410595	0.12731686824728133
142.24812406203102	0.06085150691483916	0.12687870739475957
142.38119059529765	0.06062725148523394	0.12676969582075273
142.51425712856428	0.06083554533686768	0.12699455191794978
142.6473236618309	0.06099157383106549	0.12737710184267917
142.78039019509754	0.06075950289491037	0.1266104771310099
142.91345672836417	0.06048668188461365	0.1259896098306806
143.04652326163082	0.060495925418120614	0.1261780859678063
143.17958979489745	0.06047544937502947	0.12635566726485378
143.31265632816408	0.060613706539604024	0.12633852550219327
143.4457228614307	0.06067590712715724	0.1263409632414036
143.57878939469734	0.06027907307816426	0.12642030470920007
143.71185592796397	0.06009959569143108	0.12669407470040775
143.84492246123062	0.06041361974809532	0.12659678895875823
143.97798899449725	0.06030278137461973	0.12646033778740204
144.11105552776388	0.06033953111851253	0.12701124025891528
144.2441220610305	0.06056544328735418	0.12740014725270266
144.37718859429714	0.06065286650284862	0.12751418895073663
144.51025512756377	0.06068755985331549	0.12767718609244078
144.64332166083042	0.060530068100591826	0.1275152718713235
144.77638819409705	0.060587666242547626	0.1273127666022649
144.90945472736368	0.06041006202105502	0.12766913546624362
145.0425212606303	0.06030130814241536	0.1279622468139793
145.17558779389694	0.060078257154497806	0.12805979785594293
145.30865432716357	0.059913411591639695	0.12810727108248232
145.44172086043022	0.059895907983876034	0.12799284221971508
145.57478739369685	0.05989565823652651	0.12830643904793362
145.70785392696348	0.05994276693448082	0.12858072020076208
145.8409204602301	0.05973584306508169	0.12829823291136225
145.97398699349674	0.05959393186705866	0.12821589235893932
146.10705352676337	0.059393079805158476	0.12833412695221535
146.24012006003002	0.05944792431486334	0.1284368743882071
146.37318659329665	0.059542351375972996	0.1283311473210373
146.50625312656328	0.05932510169229408	0.12843018137038828
146.6393196598299	0.05946438236914088	0.129050514056602
146.77238619309654	0.059651136930050724	0.12937123732322667
146.90545272636317	0.05976133810567439	0.12937410801399407
147.03851925962982	0.059975216301976636	0.12923164581823068
147.17158579289645	0.05999438290406466	0.1291732672611141
147.30465232616308	0.059505684891701646	0.12981105777229426
147.4377188594297	0.05947754380158552	0.12995195537741766
147.57078539269634	0.05981885163268232	0.12971438473454988
147.70385192596297	0.059862146308798554	0.1297526692474552
147.83691845922962	0.05984537505160168	0.12983579806420864
147.96998499249625	0.059638546041467976	0.12974524199192836
148.10305152576288	0.059760341788518946	0.12929473798189678
148.2361180590295	0.06005952209945938	0.12898033415767954
148.36918459229614	0.06026547440223847	0.12921926731952466
148.50225112556276	0.060464312992839345	0.1294793887929927
148.63531765882942	0.060316524367460274	0.12942635809400965
148.76838419209605	0.06076043619581037	0.12883762211810348
148.90145072536268	0.06116293822327631	0.1284715402558966
149.0345172586293	0.06102107375165348	0.1285564650919204
149.16758379189594	0.06096686401024823	0.12836351958500294
149.30065032516256	0.06095017948240851	0.12848835238329478
149.43371685842922	0.06085435046763767	0.12848040631432023
149.56678339169585	0.06076438981867833	0.12806145719978745
149.69984992496248	0.060541448036116365	0.12811192523470824
149.8329164582291	0.06036894327894877	0.12857742250589715
149.96598299149574	0.06019322629240172	0.12870350356311583
150.09904952476236	0.05996152400283846	0.1290423255800143
150.23211605802902	0.059968393789563326	0.12935139922537184
150.36518259129565	0.060274617364841084	0.12887827770759114
150.49824912456228	0.06042691625059663	0.12878196174423204
150.6313156578289	0.06065365239405955	0.12890658712107783
150.76438219109554	0.06066900420129609	0.12875388725674913
150.89744872436216	0.06078718907526175	0.12865996858002013
151.03051525762882	0.061002979183915014	0.12872104347653318
151.16358179089545	0.06067670597777393	0.12888310288443167
151.29664832416208	0.060582788697941224	0.12893673948948303
151.4297148574287	0.06053015023179016	0.12903228019103452
151.56278139069533	0.06042139588539028	0.12951284214549172
151.69584792396196	0.06036236073856344	0.12956271195750937
151.82891445722862	0.060292779060422984	0.12974822633178193
151.96198099049525	0.060438216348269735	0.12932678235207656
152.09504752376188	0.06043168168248736	0.1289569365257308
152.2281140570285	0.06019393219861004	0.128992008654919
152.36118059029513	0.060139654166264156	0.12880610309240265
152.49424712356176	0.06010489708987176	0.1285943705769417
152.62731365682842	0.05979870933823411	0.1284337136055551
152.76038019009505	0.059782596517237344	0.12861789396439754
152.89344672336168	0.059874088439324256	0.128453802084369
153.0265132566283	0.059742828357587485	0.1284638992044142
153.15957978989493	0.059733727609962414	0.12851795349325643
153.2926463231616	0.05975114872876234	0.12825428430796534
153.42571285642822	0.059809240841381846	0.12835978608621532
153.55877938969485	0.05974249139679273	0.12828228885855206
153.69184592296148	0.059620907128715456	0.12782416630795446
153.8249124562281	0.0595569026531072	0.12798561924257043
153.95797898949473	0.05956755501392294	0.1281673956122815
154.0910455227614	0.0599146646141703	0.12833744220297927
154.22411205602802	0.06021284619361786	0.1282005328424271
154.35717858929465	0.06026333618432357	0.12821137754430117
154.49024512256128	0.06036331143601451	0.12817420220176418
154.6233116558279	0.06055948242500542	0.1280329610299646
154.75637818909453	0.06054057772295378	0.1283207336255376
154.8894447223612	0.0603811580216773	0.12868957743737933
155.02251125562782	0.060278757558970344	0.1285426156258464
155.15557778889445	0.0604059005985965	0.12824227300761223
155.28864432216108	0.060698843809711654	0.12792016368434617
155.4217108554277	0.06077517578945253	0.127628844278193
155.55477738869433	0.06045940005452905	0.1277663003640596
155.687843921961	0.060191624033921184	0.1277511379087986
155.82091045522762	0.05975736106202662	0.1280704051284944
155.95397698849425	0.05995725235980762	0.12814459225941474
156.08704352176088	0.06033306672611662	0.1280388847252562
156.2201100550275	0.0601007433119585	0.12848982120022354
156.35317658829413	0.06004729465658548	0.12816841282813551
156.4862431215608	0.06017885705885646	0.12805321008583548
156.61930965482742	0.060187289550210854	0.1277532240663556
156.75237618809405	0.06010673713650539	0.12717783373799557
156.88544272136068	0.06029378087934372	0.1273096266454893
157.0185092546273	0.06031864971730699	0.12719612235012484
157.15157578789393	0.060221400980265447	0.12693004004575076
157.2846423211606	0.060298795053142694	0.1269161098400728
157.41770885442722	0.06065641031530227	0.1269794857386358
157.55077538769385	0.060817011690512915	0.127267703330055
157.68384192096048	0.060864669468898576	0.1271845620875511
157.8169084542271	0.06107500486088696	0.1270594199561812
157.94997498749373	0.06114935992902025	0.12706353398196182
158.0830415207604	0.061178059978318634	0.1272842350164115
158.21610805402702	0.06117552445924324	0.12758394250028296
158.34917458729365	0.06082021129987348	0.12780331151303137
158.48224112056027	0.06052117096236855	0.12774721554596866
158.6153076538269	0.0606550125774214	0.127844569949056
158.74837418709353	0.0610239924882132	0.1281737085376936
158.8814407203602	0.06085258039641389	0.12834646544661804
159.01450725362682	0.060728267902631874	0.12828125889662398
159.14757378689345	0.06081470753789486	0.12841764934008554
159.28064032016007	0.06077210715793709	0.1280250797488276
159.4137068534267	0.06055209337765104	0.1282010006256682
159.54677338669333	0.06103489865095746	0.12831539685386784
159.67983991996	0.06103607762324414	0.1286534858641495
159.81290645322662	0.06096098511158717	0.1283596204565727
159.94597298649325	0.06087105702043021	0.12774655074791355
160.07903951975987	0.06074731157165898	0.12760025644371148
160.2121060530265	0.06108155342587843	0.12772361699074758
160.34517258629313	0.061360171685952355	0.12810243115489633
160.4782391195598	0.06123760392311395	0.1282387192173106
160.61130565282642	0.06085850751056126	0.1282557593684541
160.74437218609305	0.0608897861833027	0.12835350627930114
160.87743871935967	0.060800999380900285	0.12853327682438684
161.0105052526263	0.06083690383499446	0.1287392058046315
161.14357178589293	0.061042643367441266	0.12890357740231112
161.2766383191596	0.06107777775385538	0.12875329994464296
161.40970485242622	0.06099839157034101	0.12813926609499723
161.54277138569284	0.06102902699295614	0.12804386247605273
161.67583791895947	0.06123540623764142	0.12819256140795526
161.8089044522261	0.06116082203905881	0.12837991635099072
161.94197098549273	0.06098203582267383	0.12872661426710583
162.0750375187594	0.06122252275395251	0.12876440527655705
162.20810405202602	0.06138760321765379	0.12863308188874578
162.34117058529264	0.06101097549816824	0.12873273497586007
162.47423711855927	0.0613331317322607	0.1287263941587356
162.6073036518259	0.06160251183843565	0.12899707530012028
162.74037018509253	0.061506684940488755	0.12925543637852854
162.8734367183592	0.06166106101944243	0.1290148635728412
163.00650325162582	0.0617706650347128	0.12943815126806446
163.13956978489244	0.06158069102275139	0.12971704593394268
163.27263631815907	0.0619443022899267	0.12987350955734786
163.4057028514257	0.06236260274725518	0.12997322975213738
163.53876938469233	0.06244729784004492	0.12957572283614618
163.671835917959	0.06248987427377851	0.1291871567400977
163.80490245122562	0.06224885957140113	0.12945051999269883
163.93796898449224	0.06211706996468599	0.12978182518890635
164.07103551775887	0.06209608487304609	0.13002025410633758
164.2041020510255	0.06201804597969502	0.1297339854633414
164.33716858429213	0.06216324289636634	0.13019139610361247
164.4702351175588	0.06225914935789611	0.13043165921046163
164.60330165082541	0.06222138848564466	0.13058871135493344
164.73636818409204	0.062491532879890864	0.13061121260442746
164.86943471735867	0.06227945936682738	0.13045136411297845
165.0025012506253	0.062447149635931405	0.1299731139776001
165.13556778389193	0.06245860993696689	0.12972465215630044
165.2686343171586	0.0624033766021658	0.12941908718174377
165.40170085042521	0.062261617593061445	0.12917167298719986
165.53476738369184	0.061948301073129666	0.1295773358034303
165.66783391695847	0.062096851206289536	0.1293420690011467
165.8009004502251	0.06223163065540063	0.1292186914177593
165.93396698349173	0.06206584762897812	0.12913214767721956
166.06703351675839	0.06184721295210453	0.12852847011855487
166.20010005002501	0.06206629470720097	0.12825334356601092
166.33316658329164	0.062154028101488755	0.12818370153859618
166.46623311655827	0.06228894168216117	0.12837664326809556
166.5992996498249	0.062142191321005825	0.12869756550650263
166.73236618309153	0.06207107648159876	0.12832657393904776
166.86543271635819	0.06191240195077677	0.12814344635788935
166.9984992496248	0.06193757680185038	0.12818802927044812
167.13156578289144	0.06186760084787992	0.12829898202036688
167.26463231615807	0.06154486646087094	0.1280820663419653
167.3976988494247	0.061685695283624775	0.12769275098290678
167.53076538269133	0.06188711192703428	0.12733779989275484
167.66383191595799	0.06224489364915659	0.12727110981097234
167.7968984492246	0.062255722723073365	0.1276996929131458
167.92996498249124	0.06216439611063261	0.1275623481839524
168.06303151575787	0.06209102983746449	0.12731489014827102
168.1960980490245	0.062130913275479295	0.12745153535479176
168.32916458229113	0.06222124603911619	0.12738155930831002
168.46223111555778	0.06196962540271495	0.12765764704502322
168.5952976488244	0.06165130340001071	0.12766815560256212
168.72836418209104	0.061276987105090365	0.127356960013504
168.86143071535767	0.061383022606981995	0.12717653895648892
168.9944972486243	0.06155216562153754	0.12696914021848418
169.12756378189093	0.061396562600837104	0.1266727520175432
169.26063031515758	0.061447478663915776	0.12671484614655748
169.3936968484242	0.06145304982719046	0.1268818485104637
169.52676338169084	0.061621694055518955	0.1269463256927613
169.65982991495747	0.06170643114510133	0.12671462152087204
169.7928964482241	0.061722164367861786	0.12663344932095677
169.92596298149073	0.06198704680374741	0.12676300505542468
170.05902951475738	0.062280164426268825	0.12673014384192818
170.192096048024	0.06251107958657111	0.12642002674497993
170.32516258129064	0.06249523521958434	0.12644305282630577
170.45822911455727	0.06236886787057494	0.12617716705297752
170.5912956478239	0.06253845428139315	0.12613892141220062
170.72436218109056	0.062375215105861574	0.12665262786421919
170.85742871435718	0.06188268600890383	0.12680140000843898
170.9904952476238	0.061604700784582654	0.12680237206503708
171.12356178089044	0.061474615579219065	0.12689523718255585
171.25662831415707	0.06163150181133084	0.12651126218554357
171.3896948474237	0.06183462312529103	0.125687082418902
171.52276138069035	0.06196108143375745	0.12579095681887237
171.65582791395698	0.061675995980328614	0.1258953670824289
171.7888944472236	0.06164947457375011	0.12618882241369186
171.92196098049024	0.061877783962533454	0.1264217605098617
172.05502751375687	0.06212366502117132	0.1266442764647487
172.1880940470235	0.062209348525085445	0.12672049993291792
172.32116058029015	0.06232547303919419	0.12690173666915217
172.45422711355678	0.06268371368229851	0.12648763101119875
172.5872936468234	0.06284514974290105	0.126527450979076
172.72036018009004	0.06256129405434448	0.12648444581750795
172.85342671335667	0.062200950099277626	0.12626395143200772
172.9864932466233	0.062198149488121544	0.1268311737359244
173.11955977988995	0.06247529626125592	0.12725016398694802
173.25262631315658	0.06270713530305402	0.1270894083952586
173.3856928464232	0.06311070231083267	0.12642299634631232
173.51875937968984	0.06325141645387641	0.12606459366449535
173.65182591295647	0.06305550949236859	0.12629379805353785
173.7848924462231	0.06304342160406348	0.12617035947249683
173.91795897948975	0.06332106407273891	0.1257997087205276
174.05102551275638	0.06312207225823842	0.12575388605816615
174.184092046023	0.06295992231315409	0.12603527492304117
174.31715857928964	0.06335674934869343	0.1263082594454975
174.45022511255627	0.06348380720278946	0.12597030386752178
174.5832916458229	0.06325268599000393	0.1262490418242119
174.71635817908955	0.0632868502732002	0.12637483072158767
174.84942471235618	0.06363300541667084	0.1262964014950874
174.9824912456228	0.06384883638952597	0.1264821825162551
175.11555777888944	0.06379415765464924	0.12656134257053506
175.24862431215607	0.06363844849565377	0.1263289305653293
175.3816908454227	0.06352127829453774	0.12655629116122666
175.51475737868935	0.06360261572394535	0.12657195465855448
175.64782391195598	0.06370636250954999	0.12615475902457204
175.7808904452226	0.06362609179548662	0.12642839957297197
175.91395697848924	0.06354956871121203	0.1268215897336244
176.04702351175587	0.06338419084634946	0.1266770869595477
176.1800900450225	0.06293499292968394	0.12657513155473749
176.31315657828915	0.06289357378709112	0.1268179776133031
176.44622311155578	0.06304420556736703	0.1273287536459614
176.5792896448224	0.06321563345120887	0.12719112851704018
176.71235617808904	0.06355350497708079	0.1271588160857975
176.84542271135567	0.06355567446967336	0.12714762644590683
176.9784892446223	0.06379337521884187	0.1267194442988967
177.11155577788895	0.0636517462874808	0.12688949055533183
177.24462231115558	0.06355288813618815	0.12707337830085733
177.3776888444222	0.06329269601685579	0.12710861990815325
177.51075537768884	0.06297480021166857	0.12699563677639963
177.64382191095547	0.06272205300707528	0.12688848970196212
177.7768884442221	0.06288069903571546	0.12690559866229642
177.90995497748875	0.06283524007552228	0.12719454435658387
178.04302151075538	0.06277930658431126	0.12774555551879668
178.176088044022	0.06257219559520857	0.12753947453819728
178.30915457728864	0.06233903681324049	0.12780476580731073
178.44222111055527	0.062327877987895415	0.12862419757296253
178.5752876438219	0.06214407449464391	0.12833011121650975
178.70835417708855	0.061843812217192186	0.12838246678180762
178.84142071035518	0.06181279840681977	0.1282960391285038
178.9744872436218	0.06184457134769139	0.12780123859923123
179.10755377688844	0.061871031702782374	0.12796628992179113
179.24062031015507	0.06222702660947723	0.12767567364671834
179.3736868434217	0.06222752342933945	0.12746563251221815
179.50675337668835	0.06254277717825203	0.12768037532573462
179.63981990995498	0.06241507193857467	0.12789244872320388
179.7728864432216	0.062167657559297713	0.1280342221651151
179.90595297648824	0.062487490168438145	0.1279515251472616
180.03901950975487	0.062284254829915064	0.1276432771971097
180.1720860430215	0.062208382458256946	0.1276860503009409
180.30515257628815	0.06233692571951663	0.1275740606000057
180.43821910955478	0.06198960025495256	0.1277414386954652
180.5712856428214	0.06167848219299483	0.12744062376285045
180.70435217608804	0.06203919158164947	0.12682384388344684
180.83741870935467	0.061823770763148024	0.12708480185166815
180.9704852426213	0.06153979600807694	0.12711964838345247
181.10355177588795	0.06125546367991873	0.12710776132008178
181.23661830915458	0.06170183041908349	0.1266637021538666
181.3696848424212	0.06184320378742955	0.12644591292695406
181.50275137568784	0.061793282054035344	0.12666301885696468
181.63581790895446	0.06177317612547364	0.12686380625984917
181.7688844422211	0.0619184837237367	0.12681456428764576
181.90195097548775	0.062178142217011186	0.12654705014210407
182.03501750875438	0.06217195629324477	0.12676112253256827
182.168084042021	0.061753045751305836	0.12717550612886921
182.30115057528764	0.06135828374572878	0.12751010513690836
182.43421710855426	0.06131141149829756	0.1274301311511745
182.5672836418209	0.06145794029452258	0.12705927167271439
182.70035017508755	0.061448576384078885	0.12733536681799407
182.83341670835418	0.06137137128979848	0.1278826994951131
182.9664832416208	0.061282501597687916	0.12814751699102475
183.09954977488744	0.061168201361395204	0.12827902667132737
183.23261630815406	0.061428668698657186	0.12821043673924903
183.3656828414207	0.0615835327545981	0.12826666046077168
183.49874937468735	0.06156652611292934	0.1281915109269719
183.63181590795398	0.06159883764324799	0.12816979924759284
183.7648824412206	0.061687356781459195	0.12818527810593905
183.89794897448724	0.061942794874368184	0.12792857115319436
184.03101550775386	0.06195840118525583	0.12813114158570335
184.1640820410205	0.06202801549524377	0.12828140502337898
184.29714857428715	0.06176330986337951	0.12824651821117586
184.43021510755378	0.0616295157961922	0.1282442088846181
184.5632816408204	0.06142889438523539	0.12875373698407974
184.69634817408703	0.061201986825651776	0.1290341181080089
184.82941470735366	0.06124688213183303	0.12885171097158837
184.9624812406203	0.061094463453412184	0.12896401424985016
185.09554777388695	0.061082916118847766	0.12885188639191925
185.22861430715358	0.061313371342089286	0.12880680132687958
185.3616808404202	0.06119620184462981	0.1286241778424595
185.49474737368683	0.061199447723388735	0.1288582106358053
185.62781390695346	0.06101764166108454	0.12849856597981413
185.7608804402201	0.06109938544157339	0.12859098966344323
185.89394697348675	0.06097882242664987	0.12900542402093165
186.02701350675338	0.061192247827072964	0.12873871383192514
186.16008004002	0.061346747207275405	0.12864974211547736
186.29314657328663	0.061251526031695605	0.1290434164830842
186.42621310655326	0.06167063294155689	0.12884933841668456
186.5592796398199	0.06205689107230861	0.12892911533972518
186.69234617308655	0.06204194062902371	0.12928665727266497
186.82541270635318	0.061971234168129004	0.12943516264640478
186.9584792396198	0.06169997801502555	0.12960059419840672
187.09154577288643	0.06131192301327952	0.1293519104025487
187.22461230615306	0.061513562110157995	0.12926619465583386
187.3576788394197	0.0620431894609996	0.12961733903291744
187.49074537268635	0.06185781449762572	0.12991193174547927
187.62381190595298	0.06196029574412611	0.13030466967793183
187.7568784392196	0.06187564950690833	0.13010945895500378
187.88994497248623	0.062040989836663625	0.13004131941530037
188.02301150575286	0.06224666265568542	0.1301389576367088
188.15607803901952	0.06230372070839509	0.12976301288220016
188.28914457228615	0.06220893738218294	0.12966642560523525
188.42221110555278	0.06199399235666654	0.13007398032669337
188.5552776388194	0.06180191208419232	0.1297996533607713
188.68834417208603	0.06202592003583216	0.12979318005460772
188.82141070535266	0.06195779537869907	0.12951976276916222
188.95447723861932	0.061702949155090524	0.1291929624143135
189.08754377188595	0.061885184201553194	0.1292837806015187
189.22061030515258	0.062053088724168745	0.12941973463000228
189.3536768384192	0.06178555318423039	0.12997225823683115
189.48674337168583	0.061652759491429204	0.13008676812822592
189.61980990495246	0.06152582371857358	0.13030582285661257
189.75287643821912	0.06147684759923195	0.13063970417613913
189.88594297148575	0.06164199130332077	0.13071044459268497
190.01900950475238	0.06197738125552268	0.13107657295732736
190.152076038019	0.06200757659558411	0.13130514210216754
190.28514257128563	0.06196487469265398	0.13052333914851777
190.41820910455226	0.062242246726428085	0.1301888211556374
190.55127563781892	0.0622794666936266	0.1302898951927723
190.68434217108555	0.06229496547449133	0.1301664380245589
190.81740870435218	0.06223089084800799	0.13007490695304197
190.9504752376188	0.062187376290975656	0.13008490853525853
191.08354177088543	0.06260550032119211	0.12993108943148315
191.21660830415206	0.06269056606241478	0.1303780606517723
191.34967483741872	0.06282117133861093	0.1305376087140633
191.48274137068535	0.06287077109479589	0.13035668710813628
191.61580790395197	0.06259577303698867	0.13035824597617632
191.7488744372186	0.06244016750836316	0.13001930222046748
191.88194097048523	0.06232634609299928	0.12960777000911064
192.01500750375186	0.06248143127119184	0.12949153188330043
192.14807403701852	0.06276391309310173	0.1295830532864165
192.28114057028515	0.06289231724800089	0.12974092139494645
192.41420710355177	0.06317650092772416	0.1293629939875964
192.5472736368184	0.06320317597944226	0.12941963082023952
192.68034017008503	0.06326371969404486	0.12949750596634557
192.81340670335166	0.06314802409401078	0.12911587350410436
192.94647323661832	0.06281674846379652	0.1293292606044862
193.07953976988495	0.06280481915253583	0.12945654508662713
193.21260630315157	0.06284664471350615	0.1291357228529736
193.3456728364182	0.06276612761338135	0.12884623816340846
193.47873936968483	0.06246541945959311	0.12884618826098732
193.61180590295146	0.06260994119277356	0.1289979840962402
193.74487243621812	0.06252753123357607	0.12924407087204687
193.87793896948475	0.062372691332324114	0.1292095669751058
194.01100550275137	0.062049706306276695	0.12899319064302098
194.144072036018	0.06168358192691279	0.1290714580090353
194.27713856928463	0.06177145181315247	0.12953418921207788
194.41020510255126	0.061727247643287485	0.12984570076905994
194.54327163581792	0.06219123139713497	0.1299198632818758
194.67633816908454	0.06203789980212156	0.12994354424001608
194.80940470235117	0.061769655031157916	0.13021129844191873
194.9424712356178	0.061811391216791974	0.13015106053518982
195.07553776888443	0.06196442019250654	0.1300926065927412
195.20860430215106	0.06224923015143493	0.13022119339438662
195.34167083541772	0.06203860548447582	0.13033200484754043
195.47473736868434	0.0620572296797923	0.13051927483782694
195.60780390195097	0.06235864059317095	0.13089552735967186
195.7408704352176	0.062013836646230946	0.13083539703802657
195.87393696848423	0.0617477421305601	0.13093010575651262
196.00700350175086	0.06195885549654027	0.13085225295488231
196.14007003501752	0.06217683705799726	0.1306786435944233
196.27313656828414	0.061985090435719654	0.1307599307064643
196.40620310155077	0.0617666254535554	0.13090975245005074
196.5392696348174	0.061763614499742193	0.130691426642554
196.67233616808403	0.0617607593621442	0.1304411774001095
196.80540270135066	0.06169860340595321	0.13010945460978646
196.93846923461732	0.061530746055580864	0.13036695648172975
197.07153576788394	0.06167106694409659	0.1301384543716287
197.20460230115057	0.061495423903461764	0.13019408954618755
197.3376688344172	0.06163574455500976	0.13049370250809456
197.47073536768383	0.061572126451089594	0.13038479598223995
197.60380190095046	0.06156894365034779	0.1305763896074049
197.73686843421712	0.061621616846692054	0.13012998714553953
197.86993496748374	0.06190923259706617	0.13011069013266807
198.00300150075037	0.061995978155298684	0.13026066192118427
198.136068034017	0.06235470242516834	0.13041605673363005
198.26913456728363	0.06229757029770831	0.13063820194524164
198.40220110055026	0.06269368233568066	0.13086077055644774
198.53526763381691	0.06282684827592844	0.13074050884268243
198.66833416708354	0.06292273044089423	0.1305089378735353
198.80140070035017	0.0628369648927727	0.13013823740157665
198.9344672336168	0.06278716453232921	0.13017005226608702
199.06753376688343	0.06304411862904914	0.13060585319283746
199.20060030015006	0.06300409738443613	0.13019903026532528
199.33366683341671	0.06308226462695614	0.13013883154045724
199.46673336668334	0.0628683014351491	0.13048433941815904
199.59979989994997	0.06305793746810587	0.13058572510276917
199.7328664332166	0.06334927801702131	0.13029245529097025
199.86593296648323	0.0631938096646242	0.1302298442606548
199.99899949974986	0.06330692723898365	0.1300943268961763
200.1320660330165	0.06358722650707803	0.12975726902531168
200.26513256628314	0.06354394764521668	0.12983116812208545
200.39819909954977	0.06355937656471276	0.12985052552097648
200.5312656328164	0.0636698459493716	0.1293794133251239
200.66433216608303	0.06381006200340884	0.1293647917103277
200.79739869934966	0.0639659526853274	0.12927056300329326
200.9304652326163	0.06381639261098135	0.1290632156961942
201.06353176588294	0.06367641485793879	0.12845304155233792
201.19659829914957	0.06341977142478333	0.12781014732002888
201.3296648324162	0.06350393822628467	0.1278631552593138
201.46273136568283	0.06348163920960483	0.12804439172985166
201.59579789894946	0.06309854208949897	0.12812759678857327
201.7288644322161	0.06271985898719135	0.12835916758136667
201.86193096548274	0.06271736385891907	0.12818712764638812
201.99499749874937	0.0627886827368137	0.12809638510595234
202.128064032016	0.0627980892237952	0.12797977787926315
202.26113056528263	0.06290273880567025	0.12828924257432672
202.39419709854926	0.0629452839252668	0.12839530831603352
202.5272636318159	0.06309798768557333	0.12827854428191376
202.66033016508254	0.06294138801054008	0.12770563888645534
202.79339669834917	0.06308371436384877	0.12729249992210637
202.9264632316158	0.06286452309042888	0.1274161673326536
203.05952976488243	0.0627746587843819	0.12738070420172617
203.19259629814906	0.06276557621890487	0.1275429276022284
203.3256628314157	0.06274313032374304	0.1278209352818339
203.45872936468234	0.06310314050345685	0.12789597107828427
203.59179589794897	0.06330375290111084	0.12761913389735186
203.7248624312156	0.0634148125859144	0.12731328869174455
203.85792896448223	0.06345927951204566	0.12739137353383198
203.99099549774886	0.06373083719671685	0.12785434697568918
204.1240620310155	0.06347735862335076	0.12761511089731717
204.25712856428214	0.06352158826766074	0.12770555858195937
204.39019509754877	0.06388694835754	0.12782558396603605
204.5232616308154	0.06398418086610286	0.12781838424037523
204.65632816408203	0.06384839569946063	0.12781065418089912
204.78939469734868	0.06371189801992853	0.12787958281732775
204.9224612306153	0.06371089290961424	0.12775748324305258
205.05552776388194	0.06380212979073933	0.1272910287578674
205.18859429714857	0.06424677652183956	0.12760853408758352
205.3216608304152	0.06409179572902425	0.12791427716993986
205.45472736368183	0.06385513776843957	0.1281153627998667
205.58779389694848	0.06344378570625525	0.12799928866575072
205.7208604302151	0.06362240611121474	0.1281093369850977
205.85392696348174	0.0632076429618337	0.12844640898349646
205.98699349674837	0.06296624587204558	0.12811819298619295
206.120060030015	0.0629620692192941	0.12824359075492406
206.25312656328163	0.06338619712486208	0.12822354002471198
206.38619309654828	0.06338363715458357	0.12771175099211157
206.5192596298149	0.06358832490545593	0.12752174809249894
206.65232616308154	0.0640148850324955	0.12755961027010823
206.78539269634817	0.06379184499702528	0.12744381315426545
206.9184592296148	0.06367517589934418	0.12722432155296948
207.05152576288143	0.06362937065266361	0.1270933616688877
207.18459229614808	0.0637124841740025	0.1274734396211789
207.3176588294147	0.0634378750693416	0.12766017800770024
207.45072536268134	0.06332817490102209	0.12817420929250337
207.58379189594797	0.06357869591721395	0.12784242677088975
207.7168584292146	0.06376158897237025	0.12768747032793087
207.84992496248123	0.06398754727428957	0.12767726658992004
207.98299149574788	0.06353346170909616	0.12766248540951983
208.1160580290145	0.06320911007981093	0.12770640422361768
208.24912456228114	0.06295492569821927	0.12815099081872922
208.38219109554777	0.06292576244211864	0.1277523411968185
208.5152576288144	0.06244294054343616	0.1274980975716155
208.64832416208102	0.06238278996627474	0.12786514775265545
208.78139069534768	0.06273648732215184	0.12772936780433644
208.9144572286143	0.06268062770287613	0.12745483422367887
209.04752376188094	0.06274430798018775	0.1278053449463038
209.18059029514757	0.06293964991769058	0.1274571112607414
209.3136568284142	0.063034597246165	0.12784090378611085
209.44672336168082	0.06316826453358121	0.12792493527619725
209.57978989494748	0.06314036630551918	0.12787948091925222
209.7128564282141	0.06280469622219362	0.12789943368035894
209.84592296148074	0.06317978724370542	0.12841837666425832
209.97898949474737	0.06282224504880847	0.1289992696354822
210.112056028014	0.06295977990813273	0.12889819571405275
210.24512256128062	0.06307974231041297	0.12892337464284787
210.37818909454728	0.06334958589221525	0.1290704888225794
210.5112556278139	0.06329759858226397	0.12875466246947445
210.64432216108054	0.06336149378485931	0.12912225790149542
210.77738869434717	0.06319289636020237	0.1290623059474647
210.9104552276138	0.06308754529144996	0.12923382746355527
211.04352176088042	0.06299061642061227	0.12921866439515253
211.17658829414708	0.06290520930841877	0.12920310282661127
211.3096548274137	0.06276300386877699	0.12916947521154865
211.44272136068034	0.06295720346734202	0.12882244654346328
211.57578789394697	0.06290060581527886	0.12832052780558645
211.7088544272136	0.06276550770332068	0.12773866699046982
211.84192096048022	0.06283582045426703	0.12791425241159865
211.97498749374688	0.06273177969679909	0.12736072210634955
212.1080540270135	0.06291799371685178	0.1270296538019545
212.24112056028014	0.06340146546969305	0.12676494326525317
212.37418709354677	0.06343466479052004	0.1267887457509386
212.5072536268134	0.06359352325802291	0.12647921354165173
212.64032016008002	0.06363358779915866	0.12625217263628435
212.77338669334668	0.0635580542510642	0.12604662956477153
212.9064532266133	0.06387060594914594	0.12589687443723918
213.03951975987994	0.06392703054752134	0.12593923499199752
213.17258629314657	0.06419477949789222	0.1259701681506673
213.3056528264132	0.06430474580047253	0.1256720218320961
213.43871935967982	0.06422060174609152	0.12558786429849333
213.57178589294648	0.06387228440005004	0.125286802441905
213.7048524262131	0.06430995817253957	0.12536566818223946
213.83791895947974	0.06445961926036782	0.12542763940921775
213.97098549274637	0.06454102907092918	0.1254662654179352
214.104052026013	0.06451839409253585	0.1253524227401233
214.23711855927962	0.06422733358803638	0.12487941599186998
214.37018509254628	0.06408107614723146	0.12536263077947996
214.5032516258129	0.06343020738265932	0.1256687146380386
214.63631815907954	0.0631087269647871	0.1253983401506456
214.76938469234616	0.06339878757199495	0.12481237922714504
214.9024512256128	0.06296467095285592	0.12490997252140337
215.03551775887942	0.06310484484681271	0.12484309498793676
215.16858429214608	0.06314364041270157	0.1251781433367172
215.3016508254127	0.06301071319740091	0.1252393591919385
215.43471735867934	0.0635089060506013	0.12495107341781336
215.56778389194596	0.06353812553894725	0.12535227562923182
215.7008504252126	0.06326473033485004	0.12553373752080627
215.83391695847922	0.06336571497547012	0.12504814701923855
215.96698349174588	0.06312371844701815	0.12520883020839663
216.1000500250125	0.06296771425150073	0.1251280034564461
216.23311655827914	0.06337989250603483	0.12509880434070833
216.36618309154576	0.06340332403934064	0.12495933172398112
216.4992496248124	0.0636367926099619	0.12499022961693514
216.63231615807902	0.06340737894960431	0.12500445374205157
216.76538269134568	0.06326142039769897	0.12501268746320204
216.8984492246123	0.06313372953517718	0.12474965874178362
217.03151575787894	0.06282301857453221	0.12494796259166742
217.16458229114556	0.06302123947982603	0.12467128102365603
217.2976488244122	0.06302111820495647	0.12457563589861434
217.43071535767882	0.06330410064363773	0.1244884698816265
217.56378189094548	0.0632128417070964	0.12414492761082324
217.6968484242121	0.062905242334545	0.12443571018936016
217.82991495747874	0.06316823524471252	0.1243063821900997
217.96298149074536	0.06352663437635041	0.12440678714794284
218.096048024012	0.06323687287552128	0.12457567136300166
218.22911455727862	0.0632128938552158	0.12475173155849267
218.36218109054528	0.06301210557904967	0.12443103623438899
218.4952476238119	0.06289197695198585	0.12423993519754341
218.62831415707853	0.06277936870851718	0.12422126348433796
218.76138069034516	0.06279386841163002	0.12450255501470933
218.8944472236118	0.06275427413332425	0.12427573414517672
219.02751375687842	0.06321723262674654	0.12413042726265196
219.16058029014508	0.0633807178817495	0.12457911941953499
219.2936468234117	0.06304116387079502	0.12409702031709305
219.42671335667833	0.06269352992563858	0.12400996207923155
219.55977988994496	0.06261953311355564	0.12379528462805954
219.6928464232116	0.06275438086744868	0.12416284834883456
219.82591295647822	0.06277385478521921	0.1245962091351331
219.95897948974488	0.06304591095663208	0.12431134752940083
220.0920460230115	0.06349941829498135	0.12477101724840496
220.22511255627813	0.06380572929022203	0.12433857374474128
220.35817908954476	0.06410242958999104	0.12413488828272923
220.4912456228114	0.06425040919018746	0.1243278000735688
220.62431215607802	0.06438120964654982	0.12449213250254201
220.75737868934468	0.0640349494110344	0.12440488944781314
220.8904452226113	0.06382276971156138	0.1243630319186721
221.02351175587793	0.0640038148504233	0.12439622894434971
221.15657828914456	0.06420706652380422	0.12465212682226541
221.2896448224112	0.06383076488209624	0.1244114940043374
221.42271135567785	0.06367431663600594	0.12486273139848361
221.55577788894448	0.0636609397376966	0.1253735020492117
221.6888444222111	0.06358005563756697	0.12538955004886485
221.82191095547773	0.06326321319994868	0.12536774314065904
221.95497748874436	0.0630819150505991	0.12510734541686525
222.088044022011	0.063091166876654	0.12548030315660103
222.22111055527765	0.06288385017410222	0.12521764873866553
222.35417708854428	0.06267456733704231	0.1250158167634721
222.4872436218109	0.06284490936957758	0.12535276489213218
222.62031015507753	0.06269575690530366	0.1252559433400905
222.75337668834416	0.06252512438024788	0.12518693083036753
222.8864432216108	0.06210422958035681	0.12490794928899412
223.01950975487745	0.061896067291312085	0.12509448314997632
223.15257628814408	0.06196174441038521	0.12496413971604217
223.2856428214107	0.0614704626596719	0.12494447738197867
223.41870935467733	0.0612873240848449	0.124532575970653
223.55177588794396	0.0612224619810703	0.12438965698721503
223.6848424212106	0.06126135155726334	0.12402467456518775
223.81790895447725	0.061212390080718555	0.12381008216601296
223.95097548774388	0.0613454319119431	0.1236420746947059
224.0840420210105	0.06124142513737574	0.12370828760199239
224.21710855427713	0.061419903758465316	0.12370137290450695
224.35017508754376	0.06127798087316827	0.12365938947558931
224.4832416208104	0.06089033049545438	0.12313918782653634
224.61630815407705	0.060682476167441664	0.12311138682802639
224.74937468734367	0.060599459058831906	0.12322612734850577
224.8824412206103	0.06070376281631931	0.12312456060738067
225.01550775387693	0.06109477422346657	0.12370801566355089
225.14857428714356	0.061092363388851115	0.12362822975914561
225.2816408204102	0.061207538772005625	0.12388924746355796
225.41470735367685	0.06137775963641854	0.12419786813613795
225.54777388694347	0.06151158837929923	0.12389495230565299
225.6808404202101	0.06181779553258368	0.12382195548783452
225.81390695347673	0.06176918200211255	0.12362106862064065
225.94697348674336	0.06191757153206348	0.12377909693570245
226.08004002001	0.061530191160989386	0.12376442740183721
226.21310655327665	0.06159607729318553	0.12337688915128377
226.34617308654327	0.0618369957917357	0.12323651000912074
226.4792396198099	0.062174879850369597	0.12374089652601733
226.61230615307653	0.06211090733894539	0.12397999897204487
226.74537268634316	0.062457007588421876	0.12428244328274225
226.8784392196098	0.06220684822859496	0.12436493342276608
227.01150575287645	0.06204802673434178	0.12438341692338149
227.14457228614307	0.06216268607035704	0.12436660409834302
227.2776388194097	0.06211763763677801	0.12447315042614202
227.41070535267633	0.06202108482532347	0.12513341245927345
227.54377188594296	0.06177133191468061	0.12527167502387992
227.6768384192096	0.061797108973071585	0.1253341674304144
227.80990495247624	0.06190866127187497	0.1249829408624332
227.94297148574287	0.0620762104302704	0.12487256977996253
228.0760380190095	0.06220334741683862	0.12462319448091749
228.20910455227613	0.061980857521505	0.12496100134769195
228.34217108554276	0.06195624962539826	0.12468495546572743
228.4752376188094	0.062313881995377254	0.12442798975015917
228.60830415207604	0.06229458829325878	0.12374097553361127
228.74137068534267	0.06209375921926287	0.12365371776430507
228.8744372186093	0.062366995238998774	0.12328019342935878
229.00750375187593	0.06225407017458416	0.12375383753915561
229.14057028514256	0.06206634025308752	0.12368224975575341
229.2736368184092	0.062053384461576384	0.12369834234688754
229.40670335167584	0.06190806664982684	0.12355332316627739
229.53976988494247	0.06226549118227376	0.12376264181418237
229.6728364182091	0.06198603498850386	0.1242930649876715
229.80590295147573	0.061940350381738264	0.12438080471141799
229.93896948474236	0.0613609024563389	0.12424358273301853
230.072036018009	0.06144259518741917	0.1242492244043674
230.20510255127564	0.0615448952637738	0.12444359406360812
230.33816908454227	0.06139613268024584	0.12395534814156133
230.4712356178089	0.061565025334359695	0.12329041709127261
230.60430215107553	0.06173864387337705	0.12311360759822648
230.73736868434216	0.062100062307524385	0.1232847157326175
230.8704352176088	0.062351221421915425	0.12352325017314822
231.00350175087544	0.06243690646345545	0.1233040225708116
231.13656828414207	0.062422732477815074	0.1232793019642901
231.2696348174087	0.06259169281467256	0.12320362511066581
231.40270135067533	0.06240454569361825	0.12343109817895057
231.53576788394196	0.06254503193435314	0.12340920342549526
231.6688344172086	0.06259150477695971	0.12331519829448197
231.80190095047524	0.06261951836929869	0.12343216745411083
231.93496748374187	0.06249175165576696	0.1233371642618986
232.0680340170085	0.06254590468892385	0.12358828285487154
232.20110055027513	0.06271678215975494	0.12351802943148413
232.33416708354176	0.06254889414386634	0.12343447895353839
232.4672336168084	0.06187484807742388	0.12318799668147931
232.60030015007504	0.061809108272828275	0.12357569204340407
232.73336668334167	0.06194792901160122	0.12405760486805582
232.8664332166083	0.061567636654871555	0.12401803999202378
232.99949974987493	0.06150067817338263	0.12429647542760233
233.13256628314156	0.061409021643475836	0.1239476894951769
233.26563281640819	0.06111121097217924	0.1241747219473848
233.39869934967484	0.06133043012621634	0.12449312958159024
233.53176588294147	0.061210772884025544	0.12464568204906548
233.6648324162081	0.061058591394742956	0.12459846204155718
233.79789894947473	0.06149191728214502	0.12445669151476062
233.93096548274136	0.06147631394335927	0.12422017553900637
234.06403201600799	0.061450680219947776	0.12429803663233994
234.19709854927464	0.06128437649202689	0.12436173517617558
234.33016508254127	0.06148755034548857	0.12396767879950665
234.4632316158079	0.061477852196949755	0.12348704038120523
234.59629814907453	0.06165650107028502	0.12367237310971728
234.72936468234116	0.061494565620133626	0.12342400875880659
234.86243121560778	0.06154540349269469	0.12374024974741252
234.99549774887444	0.06115750610997962	0.12414755812011072
235.12856428214107	0.06118554000804622	0.12373723248042966
235.2616308154077	0.060838054219282664	0.12342355170478364
235.39469734867433	0.06113024858642119	0.12341779697986655
235.52776388194096	0.06155841374185154	0.12354986724334265
235.66083041520758	0.06141229823956949	0.12333843119926914
235.79389694847424	0.061136221716908884	0.12342759107372281
235.92696348174087	0.06121775526439401	0.12368488414539569
236.0600300150075	0.061056632095976296	0.12407117229615514
236.19309654827413	0.06106016504078931	0.12444800013774993
236.32616308154076	0.06094272427917943	0.12444737407020144
236.45922961480738	0.06068993101955532	0.1240806178147932
236.59229614807404	0.061165441182025	0.12465942292598424
236.72536268134067	0.06103441013673053	0.12440420510875204
236.8584292146073	0.06111314726780121	0.12437092977942829
236.99149574787393	0.06077114389076094	0.12447312871069087
237.12456228114056	0.06060569351598949	0.12473491148578489
237.25762881440718	0.06051254647669719	0.1245061243996602
237.39069534767384	0.06048946450831221	0.12435032577384253
237.52376188094047	0.06014421317498302	0.12436701305088657
237.6568284142071	0.060291107739325896	0.12497890740904563
237.78989494747373	0.05994121241234722	0.12518753280106265
237.92296148074036	0.05993623050808108	0.12582219605014633
238.05602801400698	0.0598385024332235	0.12581004983358127
238.18909454727364	0.06049428223916554	0.12566088050591484
238.32216108054027	0.06055170898200221	0.12576307405652562
238.4552276138069	0.06009499529568794	0.12510620500009634
238.58829414707353	0.06004511366500007	0.12467307622122065
238.72136068034015	0.05992466064005863	0.12486088860213045
238.8544272136068	0.059902421575362116	0.12472491278799054
238.98749374687344	0.060078777233559075	0.12456840215647076
239.12056028014007	0.060357769812528266	0.12489884460635702
239.2536268134067	0.060098430383029706	0.12486334646600308
239.38669334667333	0.06032683823154725	0.12518398793417854
239.51975987993995	0.06038390730089762	0.12509173730159406
239.6528264132066	0.06043170793281401	0.1250892313949887
239.78589294647324	0.06088670461990753	0.12546607657389894
239.91895947973987	0.060835090300033735	0.12547245440282034
240.0520260130065	0.06113761435979545	0.12527943530997288
240.18509254627313	0.06093648778222422	0.12571738299852436
240.31815907953975	0.06077133567806701	0.12595298151929576
240.4512256128064	0.060602884028114846	0.12636951023570564
240.58429214607304	0.061122187967878605	0.12653560623027946
240.71735867933967	0.06140530342839849	0.12666857982450486
240.8504252126063	0.06157295787673276	0.1257308068710619
240.98349174587293	0.06181976413030123	0.1258064655119695
241.11655827913955	0.06190858760511501	0.12597821967379297
241.2496248124062	0.06187097840898604	0.12568529827253885
241.38269134567284	0.06208074936328481	0.1261270385475014
241.51575787893947	0.06180629957997787	0.12606196502830136
241.6488244122061	0.06162877113507402	0.12604758232172084
241.78189094547272	0.06190147703470207	0.12587734622762947
241.91495747873935	0.06198673426094316	0.1255182496885127
242.048024012006	0.061737778017392816	0.12541566757841333
242.18109054527264	0.06187632042448445	0.12568066899813485
242.31415707853927	0.06215763218457557	0.12602643195648316
242.4472236118059	0.06224046239134654	0.12613087029737372
242.58029014507252	0.06257266272989624	0.12619662019258268
242.71335667833915	0.06253917926362547	0.1262400453689466
242.8464232116058	0.062387234799619114	0.12624438935173396
242.97948974487244	0.062110858210103495	0.12578188871150445
243.11255627813907	0.06181044331568693	0.12536683375190888
243.2456228114057	0.06171244372310748	0.12500018344048075
243.37868934467232	0.06156713055206761	0.1245423447709323
243.51175587793895	0.06145140648657436	0.12443767463745557
243.6448224112056	0.061766115659284984	0.12424528157478396
243.77788894447224	0.0619959381830588	0.12426814858421038
243.91095547773887	0.062283170400159266	0.12475391354869386
244.0440220110055	0.06248026732805319	0.124767834153805
244.17708854427212	0.06285048834828393	0.1243437941880571
244.31015507753875	0.06308830702097497	0.124268988930101
244.4432216108054	0.0632581066656618	0.12440471678230186
244.57628814407204	0.06340911774573538	0.12483856769877467
244.70935467733867	0.06286726626577271	0.1251424382042701
244.8424212106053	0.06279407090549999	0.1254167545278126
244.97548774387192	0.0625839740014061	0.12581323200338185
245.10855427713855	0.0625806473191839	0.12573843164092383
245.2416208104052	0.06259658101470446	0.12595318434415115
245.37468734367184	0.06198967105108841	0.12628493966542048
245.50775387693847	0.06177516749860358	0.12657400129707105
245.6408204102051	0.06174519106053536	0.12641605613772774
245.77388694347172	0.06183987845897584	0.12638783571350837
245.90695347673835	0.061780052137664784	0.12652538206864397
246.040020010005	0.06213911758504306	0.12600489569071685
246.17308654327164	0.06197369686515038	0.1256093209114737
246.30615307653827	0.06218832798881123	0.12567152982372354
246.4392196098049	0.061943966642360765	0.1255017027515612
246.57228614307152	0.06190801751500108	0.12542686447718043
246.70535267633815	0.06177423130867394	0.12488430177648563
246.8384192096048	0.061931595381531986	0.12473330068638346
246.97148574287144	0.06211736273252222	0.1248817836989876
247.10455227613807	0.06213836117206858	0.1250774164444552
247.2376188094047	0.06196229263399422	0.12527056013034416
247.37068534267132	0.06233230395247296	0.12516192075976748
247.50375187593795	0.06224483412100252	0.1252519437890432
247.6368184092046	0.0623704527496699	0.1250564398561017
247.76988494247124	0.06266876440336791	0.12508242649200874
247.90295147573786	0.06273678202832679	0.12467856914965499
248.0360180090045	0.06288896304140197	0.12451506353643342
248.16908454227112	0.06258803140337225	0.12462253995202938
248.30215107553775	0.0630165190492948	0.12474249885819902
248.4352176088044	0.06278049782753245	0.12516017631839899
248.56828414207104	0.06241747661660451	0.1253118142329787
248.70135067533766	0.06256318843672241	0.12527093009930532
248.8344172086043	0.06246742958204874	0.12474495419957421
248.96748374187092	0.062433222575742645	0.12469605501767034
249.10055027513755	0.06246252002174978	0.12515840665980474
249.2336168084042	0.06238635019702662	0.12524360511328647
249.36668334167084	0.06262453161316144	0.1248112067159505
249.49974987493746	0.06265564339915791	0.12445487888187812
249.6328164082041	0.06278279778817894	0.1240611309171683
249.76588294147072	0.06283507826245541	0.1241431686231151
249.89894947473735	0.06281551962084976	0.12389093472431405
250.032016008004	0.06273278500486504	0.12375544776949
250.16508254127064	0.0626492272564731	0.12335437581299008
250.29814907453726	0.06289892473557712	0.12291085358765652
250.4312156078039	0.0626528496614183	0.12296615270578211
250.56428214107052	0.0624521458632208	0.12293485027252858
250.69734867433715	0.06213344185514701	0.12338404180287164
250.8304152076038	0.06217533567503404	0.12368534990196592
250.96348174087044	0.061950572605830166	0.12398721582981119
251.09654827413706	0.06220117469678945	0.12418330708435603
251.2296148074037	0.06223957389423467	0.12352106962877978
251.36268134067032	0.06218018365282886	0.12356626485736093
251.49574787393695	0.061935294899281144	0.12328847969938722
251.6288144072036	0.06188828660161285	0.12341626154494345
251.76188094047023	0.06170917725989821	0.12361313276049683
251.89494747373686	0.06178988292832978	0.12330313186582824
252.0280140070035	0.061792086310886354	0.12292888663506985
252.16108054027012	0.06191894335677683	0.12308702218428104
252.29414707353675	0.061957705540086234	0.12323475983972915
252.4272136068034	0.06174866312037001	0.12318357087372801
252.56028014007003	0.062004660369963556	0.12338893189333919
252.69334667333666	0.06199870010509333	0.12317221864879835
252.8264132066033	0.06198622338697416	0.123409898238657
252.95947973986992	0.06222591048556449	0.12380251029752536
253.09254627313655	0.06240332370779992	0.12382155565091768
253.2256128064032	0.06267054841343878	0.1242191868304557
253.35867933966983	0.0628029844494046	0.12414837624871766
253.49174587293646	0.06305232525367473	0.12429281418542536
253.6248124062031	0.06295100169279702	0.12500440668848595
253.75787893946972	0.06300260203981864	0.12504309756573898
253.89094547273635	0.06322807886476048	0.12485455729384214
254.024012006003	0.063195317591379	0.12560690842176256
254.15707853926963	0.0630615233090219	0.12543884464947902
254.29014507253626	0.06299096464857265	0.1253453076506911
254.4232116058029	0.06300985804184167	0.12505583173741963
254.55627813906952	0.06299807928023994	0.12509630932753435
254.68934467233615	0.06265234804664138	0.12493769181595146
254.8224112056028	0.06243307587001326	0.1253717749718142
254.95547773886943	0.0627512926791266	0.1260196091389728
255.08854427213606	0.0630318198148272	0.12576095653948255
255.2216108054027	0.06294920485602593	0.12610042767885501
255.35467733866932	0.06292592293871659	0.12609635095614002
255.48774387193595	0.06287446021970448	0.12608382694538336
255.6208104052026	0.06307839857074804	0.12642748834932122
255.75387693846923	0.06284376738601205	0.12675498996870316
255.88694347173586	0.06275052177018503	0.1265396655453491
256.0200100050025	0.0626134488526261	0.1266551122893145
256.15307653826915	0.06276350311642721	0.12682972376042323
256.2861430715358	0.06279074436731844	0.12636767443565572
256.4192096048024	0.06283261701844214	0.1264761311885216
256.55227613806903	0.0628791867992663	0.12677507114275885
256.68534267133566	0.0628174890861787	0.12658917344143378
256.8184092046023	0.06270207878641826	0.12625889386524647
256.9514757378689	0.06286909801401165	0.12595913356684219
257.08454227113555	0.06318103837937464	0.1261903445807125
257.2176088044022	0.06332052662012097	0.12643992208426688
257.3506753376688	0.06332377160164407	0.12647229652772163
257.4837418709355	0.06329788485510567	0.1262497723335988
257.6168084042021	0.06349065344860222	0.12622705531459766
257.74987493746875	0.06373877210510116	0.12590654273802535
257.8829414707354	0.06384646512435276	0.1255373124188296
258.016008004002	0.06415965444821564	0.12573648232687487
258.14907453726863	0.06401772371880625	0.12557615544371867
258.28214107053526	0.06366754924157826	0.1260416516987464
258.4152076038019	0.06334142067461822	0.12576576069036607
258.5482741370685	0.0636754309816273	0.12569890670620718
258.68134067033515	0.06337087721078888	0.12525683870529467
258.8144072036018	0.06362136495885987	0.12508617618075674
258.9474737368684	0.06381303666607246	0.12420598730052085
259.0805402701351	0.06354651846173816	0.12381714216193866
259.2136068034017	0.06373480148913375	0.12352356108032368
259.34667333666835	0.06402441688414308	0.12352871723655294
259.479739869935	0.06418702291012877	0.12293666740750428
259.6128064032016	0.06401236992655819	0.12258014679432712
259.74587293646823	0.0639450927283565	0.12204447936297545
259.87893946973486	0.06374736451295832	0.12207930510073625
260.0120060030015	0.06365476112356692	0.1220827112810824
260.1450725362681	0.06371744339980039	0.12214364785376594
260.27813906953475	0.06391667166120261	0.12230709836599096
260.4112056028014	0.06402871624279975	0.12201348769621516
260.544272136068	0.06411968221953512	0.12247505971318898
260.6773386693347	0.06403265718661734	0.12245491238886005
260.8104052026013	0.06394627414630673	0.12283388481420478
260.94347173586794	0.06370094383785614	0.12256989652747516
261.0765382691346	0.06370048299721535	0.1228129988151118
261.2096048024012	0.0635642699910564	0.12248359724223119
261.34267133566783	0.06378775375600645	0.12271771646983627
261.47573786893446	0.06346037267952982	0.12281835505683601
261.6088044022011	0.06338802846690522	0.12226640214631423
261.7418709354677	0.06338965783938127	0.12208397253685811
261.87493746873434	0.06334337406564534	0.1219911211886503
262.008004002001	0.0634765398105936	0.12221582769374359
262.1410705352676	0.06339053222008133	0.12173695373817917
262.2741370685343	0.06325874088506833	0.12132903015211954
262.4072036018009	0.06301438338444734	0.12165501619739419
262.54027013506754	0.06296802461224407	0.12194827485473345
262.6733366683342	0.06292433729752693	0.12186147698543985
262.8064032016008	0.06283675510267467	0.12196733279415554
262.93946973486743	0.06272368371215299	0.12230215879290032
263.07253626813406	0.06294276799317775	0.12227933821712914
263.2056028014007	0.06301491143588102	0.12263391381657833
263.3386693346673	0.06265861280479929	0.12261183813115578
263.47173586793394	0.06277009873508767	0.12296645252235161
263.6048024012006	0.06237092889694391	0.12285737621537662
263.7378689344672	0.06256907998204024	0.12298992276298669
263.8709354677339	0.062218021460287286	0.12292215995711271
264.0040020010005	0.0620594859872082	0.123320316950441
264.13706853426714	0.06214822077610286	0.12340906709505894
264.2701350675338	0.062125851338373436	0.12387353264531022
264.4032016008004	0.06228051731540682	0.12392157105202233
264.53626813406703	0.06236899700356466	0.12365538437548158
264.66933466733366	0.06256874571208941	0.12378504314660702
264.8024012006003	0.06252521248845953	0.12427395023617378
264.9354677338669	0.06245912358637296	0.12405424579252924
265.06853426713354	0.06225941114486067	0.12389879752388845
265.2016008004002	0.06232535477858717	0.12369882211404538
265.3346673336668	0.06234762325436818	0.12374362790385919
265.4677338669335	0.062414135791105156	0.12338877480408397
265.6008004002001	0.062369958971367365	0.12363229970103977
265.73386693346674	0.06234773341992055	0.12330043757064535
265.86693346673337	0.062325613711715605	0.12321150756251006
266.0	0.06217054263565891	0.12307862679955703
