0.0	0.0	0.0
0.1330665332666333	0.00011086170036322147	6.651762807848485e-05
0.2661330665332666	0.0005543947574942148	0.00042144981282622463
0.39919959979989994	0.0017303893931152512	0.0014418320989595223
0.5322661330665333	0.004080073340160771	0.00330448077793647
0.6653326663331666	0.006407417552467189	0.005720875218304856
0.7983991995997999	0.009333248758353873	0.00860306791476075
0.9314657328664332	0.012013194107432632	0.01210653695063137
1.0645322661330665	0.014517649987750774	0.01616244676368939
1.1975987993997	0.017243761321436978	0.020352940895543303
1.3306653326663331	0.019902245692631902	0.025588184782773495
1.4637318659329663	0.022562625938907576	0.03193199392224675
1.5967983991995998	0.025803403699082995	0.03935932465009314
1.7298649324662332	0.0298369223277549	0.04754617505334874
1.8629314657328664	0.03319869154489889	0.0576578818235139
1.9959979989994996	0.03605899154813646	0.06826045124981461
2.129064532266133	0.039563826183283114	0.08101197403343381
2.2621310655327664	0.042904159829284486	0.09484279118260903
2.3951975987994	0.045606702440494515	0.11269732419609922
2.528264132066033	0.04864473569793675	0.13061712258674937
2.6613306653326663	0.05149937930247398	0.15291555572791016
2.7943971985992997	0.054206721250307024	0.17826618812302453
2.9274637318659327	0.05730526620991441	0.20333818248234808
3.060530265132566	0.05974473433441838	0.2336442971316235
3.1935967983991995	0.06314244013844418	0.26439091980625296
3.326663331665833	0.0662357814436919	0.29765355099754687
3.4597298649324664	0.06891933132891692	0.3320971117984481
3.5927963981990994	0.07204570628313463	0.3695889252798981
3.7258629314657328	0.07506239692967741	0.4076688871677007
3.858929464732366	0.07845010031007443	0.4488698038081072
3.991995997998999	0.08130894720355494	0.48733719219956595
4.125062531265633	0.08460930341532846	0.5245672940806668
4.258129064532266	0.08735638384829494	0.5621704207425386
4.391195597798899	0.09045426850492895	0.5982615247364899
4.524262131065533	0.0926379085800921	0.631212065957563
4.657328664332166	0.095065519891578	0.6653159856123503
4.7903951975988	0.09801363740120893	0.7003461067111164
4.923461730865433	0.10064505678173472	0.7304122305602931
5.056528264132066	0.10333373157031124	0.7580179009391551
5.1895947973986996	0.10613388685083835	0.7812542037815265
5.3226613306653325	0.10794827097196436	0.8050570788457946
5.4557278639319655	0.11048528340251348	0.8256071721486847
5.588794397198599	0.11289510994699171	0.8440153155976665
5.721860930465232	0.1153386144346243	0.8579784206242148
5.854927463731865	0.11808996327802243	0.8708065846262464
5.987993996998499	0.12078970522814947	0.8819259104451824
6.121060530265132	0.12340682540129408	0.89233526746726
6.254127063531766	0.1261763079628566	0.9012510230038017
6.387193596798399	0.12883754811360887	0.9106881979680586
6.520260130065032	0.1317903243704653	0.9197667186118837
6.653326663331666	0.13468571949011318	0.926059197391845
6.786393196598299	0.13741907589238714	0.9317597828100397
6.919459729864933	0.14065775249446588	0.9369707621489426
7.052526263131566	0.14350290372875482	0.9429860422992882
7.185592796398199	0.146191392496986	0.9449879464798806
7.318659329664833	0.14905943829384144	0.9477259135274356
7.4517258629314655	0.15118247147880134	0.951027364301094
7.5847923961980985	0.1539048954559906	0.9549041981337267
7.717858929464732	0.156656088049751	0.9569976853018896
7.850925462731365	0.15852170816351902	0.9593293062872679
7.983991995997998	0.16051783574777143	0.96200975363107
8.117058529264632	0.1633157120215975	0.9634567094649125
8.250125062531266	0.16598715406676495	0.9653081458307491
8.383191595797898	0.16925876783370553	0.9668320044803446
8.516258129064532	0.17134950441662397	0.9677491578844954
8.649324662331166	0.1733309753439004	0.9693220345493071
8.782391195597798	0.17632150479669512	0.9698039746531827
8.915457728864432	0.17843154747919596	0.9699986418600252
9.048524262131066	0.18066795789127182	0.9722191926892656
9.181590795397698	0.18237778608146357	0.9724180876907036
9.314657328664332	0.18423056879251967	0.9747163474190483
9.447723861930966	0.18725871820640627	0.9759264100096172
9.5807903951976	0.18975886025064237	0.976080551250534
9.713856928464232	0.1919055437728129	0.9757905004742993
9.846923461730865	0.19417659613558577	0.9777550401346478
9.9799899949975	0.1967788733880162	0.9772463723110286
10.113056528264131	0.19945671353192254	0.9770860404283017
10.246123061530765	0.20210233036890524	0.9777151038165757
10.379189594797399	0.204901553292295	0.9787344042084188
10.512256128064031	0.20706655900261842	0.9787899592907876
10.645322661330665	0.20958055786325844	0.9794346314186811
10.778389194597299	0.2121892569401033	0.97980777170992
10.911455727863931	0.21524167189822271	0.9789756572526539
11.044522261130565	0.21758551201451445	0.9785824260793128
11.177588794397199	0.21981478788353895	0.9775472485169512
11.31065532766383	0.2222617824944021	0.9762242589184775
11.443721860930465	0.22456318536701772	0.976435061835901
11.576788394197099	0.2281296141189851	0.9773134059794867
11.70985492746373	0.2304384202535274	0.976712783575412
11.842921460730365	0.23284676648504835	0.9777864471664307
11.975987993996998	0.23535183818612324	0.9775143790899093
12.109054527263632	0.2380529878603769	0.9779647297634303
12.242121060530264	0.24105617222558587	0.9785351924072492
12.375187593796898	0.24340005109575627	0.9790861158474597
12.508254127063532	0.2455263289995038	0.9779978192499835
12.641320660330164	0.2476526572577156	0.9791675283298941
12.774387193596798	0.24983598120301242	0.9806009942217584
12.907453726863432	0.2521460448095028	0.981445187971705
13.040520260130064	0.2541154719511655	0.9803103310053153
13.173586793396698	0.25697500047902216	0.9798038868839413
13.306653326663332	0.2594137230717796	0.9786246605244675
13.439719859929964	0.26127693842445715	0.9787572979297785
13.572786393196598	0.26375363691351056	0.9798728844640221
13.705852926463232	0.2662951785928114	0.9787788300816224
13.838919459729865	0.2676595735495276	0.9800127905920984
13.971985992996498	0.26948478813268445	0.9796711188837287
14.105052526263131	0.2706589385059169	0.9783582408889456
14.238119059529765	0.27318652636155805	0.9797107115739213
14.371185592796397	0.2754050383816379	0.9788864546509806
14.504252126063031	0.27700039823570544	0.9795887942759783
14.637318659329665	0.2788328905540168	0.9806276016335377
14.770385192596297	0.28171303416694093	0.9799842365700361
14.903451725862931	0.2839283528262507	0.9799162445962424
15.036518259129565	0.28651119037730505	0.9802673310613691
15.169584792396197	0.28769891228536554	0.9791529170876675
15.302651325662831	0.28925280088773414	0.9781844846711879
15.435717858929465	0.2919940728433306	0.9779205140260887
15.568784392196097	0.29443873559746714	0.9784422055066251
15.70185092546273	0.29595396590619893	0.9779159464583014
15.834917458729365	0.29788334493954693	0.9780813692729459
15.967983991995997	0.29985019309951616	0.9770859254862061
16.101050525262632	0.3017256075435632	0.9775399836899751
16.234117058529264	0.3037381869075768	0.9771876541432405
16.367183591795897	0.30644468838117195	0.9782278180185453
16.500250125062532	0.30879795826091055	0.9782410926229264
16.633316658329164	0.3117543302741179	0.9782011928758896
16.766383191595796	0.3145704454718961	0.9779608658688498
16.899449724862432	0.3168379090348055	0.9780452496055013
17.032516258129064	0.319858247089858	0.9786428500211568
17.165582791395696	0.3227957646347987	0.9768631125901749
17.298649324662332	0.32414778725441995	0.9780879005363586
17.431715857928964	0.3254305592984573	0.9773288085251228
17.564782391195596	0.3269747450978958	0.9768416096382554
17.69784892446223	0.32911665709413607	0.9767153438780658
17.830915457728864	0.3321173774618645	0.9778068194572941
17.963981990995496	0.33399640885360526	0.9766472629551067
18.09704852426213	0.3363888480247264	0.9761430306470601
18.230115057528764	0.33760712685616295	0.9762671744440031
18.363181590795396	0.3402264512775491	0.9770461225354985
18.49624812406203	0.34176862936851327	0.9750609928363855
18.629314657328663	0.34312095371372764	0.9757230516557643
18.762381190595296	0.3447589034475639	0.9745986101362731
18.89544772386193	0.34649912393827786	0.9747919832744905
19.028514257128563	0.3492200302739429	0.9759128078742176
19.1615807903952	0.35145493346691103	0.9763940053075824
19.29464732366183	0.35330041504230697	0.9755946702667383
19.427713856928463	0.35385136824207725	0.9751266593276285
19.5607803901951	0.3555418433918064	0.9754970783750859
19.69384692346173	0.35851141085931054	0.9757339422682396
19.826913456728363	0.3601765036438296	0.9754120620800895
19.959979989995	0.3610685186675526	0.9751246816209173
20.09304652326163	0.3629900372788164	0.9739212656717496
20.226113056528263	0.36415713952867684	0.9746960659998636
20.3591795897949	0.3664720309288334	0.9731726292597656
20.49224612306153	0.3684290324063122	0.9730571477873423
20.625312656328163	0.3700243388149015	0.9727906090259711
20.758379189594798	0.37208332675501093	0.974125998394754
20.89144572286143	0.37348559065860076	0.9726866757047802
21.024512256128062	0.3748959600625288	0.9727521344800345
21.157578789394698	0.3773230604813381	0.9738282534985795
21.29064532266133	0.3788228442339018	0.9751859905938346
21.423711855927962	0.38058526725057956	0.9763746094603054
21.556778389194598	0.3821208418331048	0.976585917490336
21.68984492246123	0.38454923895091214	0.977728768559918
21.822911455727862	0.3860946092853133	0.9764990936670189
21.955977988994498	0.3881827418174506	0.9765287525981569
22.08904452226113	0.3900157137154432	0.9759943614005666
22.222111055527762	0.39095647349871965	0.9750493344696496
22.355177588794398	0.39286343810013125	0.9755818158745432
22.48824412206103	0.3939193123219083	0.9760509274442946
22.62131065532766	0.39552660968240183	0.9739280952759701
22.754377188594297	0.39747224688497923	0.9737380267467467
22.88744372186093	0.399473635344661	0.9747526818164142
23.02051025512756	0.400816134532456	0.9760366500527837
23.153576788394197	0.4017624376879927	0.97649383041056
23.28664332166083	0.4041022581594771	0.9757442855381533
23.41970985492746	0.4050398214685944	0.9746589900965332
23.552776388194097	0.40728284615647165	0.9748157176497826
23.68584292146073	0.40973376234412295	0.9739985191459742
23.818909454727365	0.4121499238950926	0.9737044987185861
23.951975987993997	0.41374842175481086	0.9731937813709042
24.08504252126063	0.41583808824690044	0.9716256078478996
24.218109054527265	0.4170091562044214	0.9719482312579741
24.351175587793897	0.4183031219309629	0.9733863928490963
24.48424212106053	0.4204647134708646	0.9731149814404708
24.617308654327164	0.422347177068456	0.9720848545653672
24.750375187593797	0.42367945736221907	0.9716462571808776
24.88344172086043	0.42480962714180714	0.971583445350225
25.016508254127064	0.4266552863138456	0.9721661092848423
25.149574787393696	0.4274440817191648	0.9727835985354217
25.28264132066033	0.4291691770234945	0.9730126327732304
25.415707853926964	0.4312595202023377	0.9738622265174063
25.548774387193596	0.4322370097077032	0.9737630130040182
25.68184092046023	0.43490958252920303	0.9729162250671858
25.814907453726864	0.4372197366205759	0.9733748547026619
25.947973986993496	0.4390957436581464	0.9732023038607469
26.081040520260128	0.4406930843390277	0.9724723090272542
26.214107053526764	0.44070251358373685	0.972691832569358
26.347173586793396	0.4421983881918878	0.9734824160829584
26.480240120060028	0.4434122101423085	0.9739136855530268
26.613306653326664	0.44464931883085373	0.9738145497405497
26.746373186593296	0.4470573939816385	0.9724261404742629
26.879439719859928	0.4485948005387441	0.9727744348519476
27.012506253126563	0.4497758606630244	0.9724279200876308
27.145572786393195	0.4510299074673068	0.9727653674606621
27.278639319659828	0.45324254033666167	0.971788978626946
27.411705852926463	0.45429946702693547	0.9717915196499053
27.544772386193095	0.4556493558455884	0.9700878844440347
27.67783891945973	0.45783358907661886	0.9702630700254489
27.810905452726363	0.46071109865160664	0.9688739539008502
27.943971985992995	0.46260558552465997	0.9694101876089796
28.07703851925963	0.46455097226684283	0.9698898066926214
28.210105052526263	0.46556818464124744	0.9712317428580206
28.343171585792895	0.46727995821156176	0.9705126626848252
28.47623811905953	0.4685964503291947	0.971455949930832
28.609304652326163	0.4698757889533875	0.9710957065411897
28.742371185592795	0.4709608793740159	0.971375332397714
28.87543771885943	0.47229726156825297	0.9719703729669372
29.008504252126063	0.4748129667193686	0.9713476610872865
29.141570785392695	0.47691957935881674	0.9724077597583687
29.27463731865933	0.4769565791848048	0.9710365015288869
29.407703851925962	0.47757584285310495	0.9713987536351868
29.540770385192594	0.47942034942615713	0.9706202473238534
29.67383691845923	0.48089555863529704	0.9702583915723256
29.806903451725862	0.48187928033044153	0.9698744730820078
29.939969984992494	0.48413655876374734	0.9702609353749891
30.07303651825913	0.485816259829414	0.971081806062594
30.206103051525762	0.487881956708686	0.9704733619700433
30.339169584792394	0.4887596455394474	0.9711985076414855
30.47223611805903	0.49044927170761926	0.9710862548613771
30.605302651325662	0.4917882188573126	0.969929311877514
30.738369184592294	0.4937774726908567	0.9697053923749399
30.87143571785893	0.4956945020436819	0.969996839521436
31.00450225112556	0.49716425101222694	0.9700277458350178
31.137568784392194	0.49858122533257826	0.9707484860363895
31.27063531765883	0.49940320048261533	0.9709620118525379
31.40370185092546	0.5002958369438809	0.9698752044423571
31.536768384192094	0.5012735021437758	0.9700027932368603
31.66983491745873	0.5021467525172251	0.9710375965690201
31.80290145072536	0.5035153618829746	0.9696631559187203
31.935967983991993	0.5049049391636301	0.9689625736344181
32.06903451725863	0.5065269142672846	0.9686170726241897
32.202101050525265	0.5084385606560835	0.9711981973819735
32.33516758379189	0.5092542986864692	0.9701806319412822
32.46823411705853	0.5097808985595194	0.9681410571435338
32.601300650325165	0.5111407297791065	0.9674254184780539
32.73436718359179	0.5136420006570166	0.9660556508102975
32.86743371685843	0.514712239777767	0.9656629650512738
33.000500250125064	0.5150510350610383	0.964960903612794
33.13356678339169	0.5165324032682694	0.9665603520687255
33.26663331665833	0.516714130804246	0.9652480145741518
33.399699849924964	0.5179707820437962	0.9654150876357854
33.53276638319159	0.5197286363132042	0.9650889141819086
33.66583291645823	0.5212297143061834	0.9657801083139576
33.798899449724864	0.522338827569474	0.96568523406454
33.93196598299149	0.5228851629965242	0.9648017564685711
34.06503251625813	0.5234654413914509	0.9647613399106248
34.198099049524764	0.5252043464939641	0.9633024880524778
34.33116558279139	0.5246402527494698	0.9633291048492364
34.46423211605803	0.5271052835873183	0.9610388709360035
34.597298649324664	0.5295079953007751	0.9615826662350839
34.73036518259129	0.5305318869148975	0.9606124667231181
34.86343171585793	0.5320192835512617	0.9615152453720268
34.99649824912456	0.5335593863370945	0.9619783859726371
35.12956478239119	0.5348668639686766	0.961550109526325
35.26263131565783	0.5364678003995701	0.9619740229148931
35.39569784892446	0.5380946154399522	0.9635181121452177
35.52876438219109	0.5390746766536981	0.9640493576809267
35.66183091545773	0.5404875634213591	0.9640470233942655
35.79489744872436	0.542743337899425	0.9644953254393925
35.92796398199099	0.5435019940268712	0.9635428587254905
36.06103051525763	0.544520379222262	0.9627348104844975
36.19409704852426	0.5461892552973474	0.9627850558113267
36.32716358179089	0.5462929447468292	0.9627601274094527
36.46023011505753	0.5467899819588983	0.9626127107480605
36.59329664832416	0.5490145073285987	0.9633215767302451
36.72636318159079	0.5495444295058782	0.9621029969770998
36.85942971485743	0.5498092094554536	0.9637150455107093
36.99249624812406	0.5508541742969871	0.9627339420151735
37.12556278139069	0.5521777198213682	0.9628511837534189
37.25862931465733	0.5524787894852992	0.9619164809323706
37.39169584792396	0.5543142302386548	0.9618827566333578
37.52476238119059	0.555217483780224	0.9620394524553196
37.65782891445723	0.5564000833152528	0.9640929319940343
37.79089544772386	0.556975358325707	0.9635873792786801
37.92396198099049	0.5570560412689376	0.9645439689569657
38.05702851425713	0.5587395219233324	0.963924045317487
38.19009504752376	0.5597911467818396	0.962569561871305
38.3231615807904	0.5606653658264115	0.9628872816564117
38.456228114057026	0.5614165555330625	0.9625874573375693
38.58929464732366	0.5621933640191533	0.9623401995625436
38.7223611805903	0.5646962428044593	0.9626084925255977
38.855427713856926	0.5671402549799557	0.9620083053973251
38.98849424712356	0.5677678399415906	0.9610748368983617
39.1215607803902	0.5677513221950169	0.9616680179963553
39.254627313656826	0.568492224111552	0.9611182381677068
39.38769384692346	0.5687941389303626	0.9614400157903861
39.5207603801901	0.5699704365804635	0.9622655210374373
39.653826913456726	0.571799144019414	0.9621991916063173
39.78689344672336	0.5725985676963521	0.9618794550000582
39.91995997999	0.5735316367300166	0.9630799858108882
40.053026513256626	0.5741283219120575	0.9629251467922951
40.18609304652326	0.5750850806368586	0.9627840549109635
40.3191595797899	0.5758188576274373	0.9620609431957785
40.452226113056525	0.575879070307226	0.9618933854006112
40.58529264632316	0.5765042368433008	0.9621625978434418
40.7183591795898	0.5773977180137468	0.9630623873162091
40.851425712856425	0.5781031032221429	0.9640042012620099
40.98449224612306	0.580385513980565	0.9629813378165184
41.1175587793897	0.5809411190080525	0.9631825294127904
41.250625312656325	0.5813065362626849	0.9634679463174592
41.38369184592296	0.5822136108308833	0.9650271847178314
41.516758379189596	0.5835108138963885	0.9660112384902853
41.649824912456225	0.5848613349877162	0.9658122237211352
41.78289144572286	0.585808754343532	0.9650421470541806
41.915957978989496	0.5866693772214473	0.9645620731404372
42.049024512256125	0.589056347421676	0.9637776613355494
42.18209104552276	0.5902692462455937	0.962366249911661
42.315157578789396	0.5915115999453378	0.9610839162446073
42.448224112056025	0.5931850987553166	0.9615563737830681
42.58129064532266	0.5949747398631848	0.9598329254909298
42.714357178589296	0.5960778314177131	0.959844950510578
42.847423711855924	0.597438231883943	0.9612300976459918
42.98049024512256	0.5977852864171885	0.9613217888587697
43.113556778389196	0.5989950847554182	0.9616073339496719
43.246623311655824	0.5991255134165816	0.9619116388412517
43.37968984492246	0.5998925857132394	0.9601099214764877
43.512756378189096	0.601247151901732	0.9600667185113299
43.645822911455724	0.6032531148318169	0.9604633604393361
43.77888944472236	0.6040083017597724	0.9606010300201993
43.911955977988995	0.6054224220310798	0.9603877357964333
44.045022511255624	0.6056017894956672	0.959202593321486
44.17808904452226	0.6064428846354725	0.9586440041617525
44.311155577788895	0.6082623084202438	0.9595505550868718
44.444222111055524	0.6080569497936235	0.9599692990308683
44.57728864432216	0.6090618304670555	0.9584819271025452
44.710355177588795	0.6105463614630793	0.957998498783978
44.843421710855424	0.6100584395495726	0.957559485165835
44.97648824412206	0.6112807265037198	0.9584009734372542
45.109554777388695	0.6120502062770173	0.9586192170187211
45.24262131065532	0.6147885620133976	0.9587809812875929
45.37568784392196	0.6160015896677741	0.9578652926830071
45.508754377188595	0.6173336940736145	0.9586732947404952
45.64182091045522	0.6171388358067053	0.9595263744788568
45.77488744372186	0.6186130887973857	0.9591986442148557
45.907953976988495	0.6196776116007019	0.9590636284883945
46.04102051025512	0.6205704175964898	0.957600097086658
46.17408704352176	0.6209577995504403	0.9569948310060498
46.307153576788394	0.6229634968572119	0.9570287906842797
46.44022011005502	0.6242194346895685	0.9562100634653875
46.57328664332166	0.6249432969825365	0.9570687765262204
46.706353176588294	0.6249490651337117	0.957592629532979
46.83941970985492	0.6265102496298012	0.9588303621053472
46.97248624312156	0.6278432568009102	0.9584463555793207
47.105552776388194	0.6281154871027484	0.956939948548524
47.23861930965483	0.6285120202924432	0.9563010937078389
47.37168584292146	0.6296110478643302	0.9558968619278321
47.504752376188094	0.6294337933015515	0.9547170159348722
47.63781890945473	0.6304894626397141	0.9563101816610097
47.77088544272136	0.6313288099429192	0.9565630179172143
47.903951975987994	0.6319329315045916	0.9551226363159538
48.03701850925463	0.6325192491534165	0.9549799869960717
48.17008504252126	0.6340182541123449	0.9553790715285388
48.30315157578789	0.6345978000539583	0.9563847398739285
48.43621810905453	0.6347587092763708	0.9564239957521619
48.56928464232116	0.6358763184555857	0.9577125450197272
48.70235117558779	0.6365427418972688	0.9568094778594569
48.83541770885443	0.6381789733259126	0.9563722262946576
48.96848424212106	0.6400789065443131	0.9563086491651045
49.10155077538769	0.6415647474318416	0.9546245554525689
49.23461730865433	0.6431875805109484	0.9534305748663339
49.36768384192096	0.6430902934864142	0.953764161577134
49.50075037518759	0.6435663899280388	0.9535583344558772
49.63381690845423	0.6456346893595606	0.9520265228415606
49.76688344172086	0.6467508662336595	0.9515138154918713
49.89994997498749	0.6461588966865411	0.9517185507788353
50.03301650825413	0.646863044603212	0.95149835127034
50.16608304152076	0.6483784960001971	0.9515654281196004
50.29914957478739	0.6496650989911247	0.9531715896590554
50.43221610805403	0.649914039547345	0.9542656067512678
50.56528264132066	0.6501699718686402	0.9545155571925207
50.69834917458729	0.651426494924539	0.9546345941167848
50.83141570785393	0.6534422703909432	0.9531729950784062
50.96448224112056	0.6528596061217762	0.9523782681087488
51.09754877438719	0.6532493722529342	0.9525288769964714
51.23061530765383	0.6529088917841216	0.952932925133026
51.36368184092046	0.6537752875703008	0.9531083774562054
51.49674837418709	0.6544538117367619	0.9528886967087863
51.62981490745373	0.654297498393931	0.9516543526089615
51.762881440720356	0.6554207475903141	0.9510855075661288
51.89594797398699	0.656887366593419	0.9502625032929208
52.02901450725363	0.6571940515799642	0.9516400497818934
52.162081040520256	0.658044819825435	0.9517982858702483
52.29514757378689	0.6584492518906622	0.9512287167209709
52.42821410705353	0.6589198922687821	0.9514001183711162
52.561280640320156	0.6590846946365619	0.9513705934407348
52.69434717358679	0.6593527397708395	0.9510844781596396
52.82741370685343	0.6604085188740016	0.9516979062527096
52.960480240120056	0.661579016611327	0.952741390045045
53.09354677338669	0.6623464303534272	0.9518909713836026
53.22661330665333	0.6638412001140075	0.9530654628871097
53.359679839919956	0.6641593108853906	0.9530303643682034
53.49274637318659	0.6646492748013854	0.9526905740237035
53.62581290645323	0.6655362717123833	0.9527262609658155
53.758879439719855	0.6653609570552895	0.9524998988362443
53.89194597298649	0.665782476024891	0.9522941673097056
54.02501250625313	0.6667398837293974	0.9519861680605765
54.158079039519755	0.6671464098500732	0.9513378804217701
54.29114557278639	0.6668386086988282	0.9517329840921452
54.42421210605303	0.6669306263491915	0.9524276553814826
54.557278639319655	0.6679582002057758	0.9518104241933407
54.69034517258629	0.6694411283769284	0.9510662434848118
54.823411705852926	0.6699766373771088	0.9513927433179094
54.956478239119555	0.6710427040860099	0.9517826226652799
55.08954477238619	0.6711098307072093	0.9518506104511908
55.222611305652826	0.6716626783588326	0.9499784676486582
55.35567783891946	0.6723641411016912	0.9493064393192454
55.48874437218609	0.6734223438801415	0.9494642013718556
55.621810905452726	0.6738856616866477	0.9485765119509172
55.75487743871936	0.6743631531798822	0.9474366380683384
55.88794397198599	0.6746145887396516	0.9488041177205453
56.021010505252626	0.6765223192047287	0.9498883343302936
56.15407703851926	0.6772840556510896	0.9502976119843031
56.28714357178589	0.6780568432524061	0.9499446928967065
56.420210105052526	0.677923985241853	0.9487348865713918
56.55327663831916	0.6783939870193814	0.9483072006219099
56.68634317158579	0.6795944553932852	0.9486090369829447
56.819409704852426	0.6803773096527684	0.9477708728150129
56.95247623811906	0.6816818751801756	0.9479383216893869
57.08554277138569	0.681561847968032	0.94839348835329
57.218609304652325	0.6814700577745348	0.9477405331245733
57.35167583791896	0.6824651425365693	0.9468294231833344
57.48474237118559	0.6827740163766483	0.945703139825203
57.617808904452225	0.6834933482801482	0.9456108810843153
57.75087543771886	0.6845781877634315	0.9452347509169202
57.88394197098549	0.6859053415015612	0.9450359370726414
58.017008504252125	0.6867416990376303	0.9456858678081315
58.15007503751876	0.6881407049914396	0.9459106885250852
58.28314157078539	0.6892750906344353	0.9441196703697293
58.416208104052025	0.6902414400787903	0.9446156114433917
58.54927463731866	0.6918339256917793	0.9443703231690536
58.68234117058529	0.692361172405526	0.9445414584760751
58.815407703851925	0.6929350559743214	0.9444279949533475
58.94847423711856	0.6936028511273779	0.9440604593111639
59.08154077038519	0.6931288416995646	0.9452007877598282
59.214607303651825	0.6946529006867962	0.9462263497430624
59.34767383691846	0.6961007219146709	0.945859894197899
59.48074037018509	0.6967428647488595	0.9442036785070457
59.613806903451724	0.6982638277408075	0.9446572997089804
59.74687343671836	0.6992094946294635	0.9456079847380554
59.87993996998499	0.6996743930364789	0.9447485148843972
60.013006503251624	0.7002090379201932	0.9440580178193585
60.14607303651826	0.7001283767399752	0.9445975720763181
60.27913956978489	0.699433669944303	0.9452155945167159
60.412206103051524	0.6995275097971094	0.9458953248823917
60.54527263631816	0.7006412016926489	0.9456964013138331
60.67833916958479	0.7016844060002897	0.9455848941846161
60.811405702851424	0.7016019794581525	0.9440831681673801
60.94447223611806	0.7016748880741335	0.9441759866735087
61.07753876938469	0.7025147313468085	0.9438294484041866
61.210605302651324	0.702629183910935	0.9451604000138402
61.34367183591796	0.7029163709737769	0.9459326147340893
61.47673836918459	0.703092074622911	0.9464790153730384
61.60980490245122	0.7024987513321007	0.9449656765118591
61.74287143571786	0.702398631897855	0.9441447032216058
61.87593796898449	0.703194775552306	0.9438369141675955
62.00900450225112	0.7047211131623115	0.9436520244047398
62.14207103551776	0.7063156325280097	0.9442632117627872
62.27513756878439	0.7061395850180354	0.94354244260601
62.40820410205102	0.7061928925532911	0.9430270396175663
62.54127063531766	0.7070116676103537	0.9432937283541594
62.67433716858429	0.7078873015212941	0.942718981068779
62.80740370185092	0.7088478715762543	0.9421087451239132
62.94047023511756	0.7098508572705751	0.9407985526437272
63.07353676838419	0.710200075142355	0.9406446340908987
63.20660330165082	0.7103344502582345	0.941820075216085
63.33966983491746	0.7112480953014491	0.94244342863534
63.47273636818409	0.7119799058281973	0.941643295358756
63.60580290145072	0.7117064268404255	0.9423506025566292
63.73886943471736	0.711587867718786	0.9423526025211366
63.87193596798399	0.7125098119869632	0.9423668347654032
64.00500250125063	0.7134905966555913	0.9413985767210798
64.13806903451726	0.7129681458266324	0.9410216491591716
64.27113556778389	0.7123190168940461	0.9413725001145506
64.40420210105053	0.7122089208388148	0.942381212956244
64.53726863431716	0.7128582010488512	0.9414933994800488
64.67033516758379	0.7131734119950995	0.9425218322228042
64.80340170085043	0.7138878293970885	0.9421127272981438
64.93646823411706	0.7148619291065585	0.9409217582196308
65.06953476738369	0.7154500264515815	0.940829480732049
65.20260130065033	0.7152176135420498	0.9399556353491927
65.33566783391696	0.71484410269028	0.940057889334628
65.46873436718359	0.7172980035656641	0.9404367599592636
65.60180090045023	0.7183643334170737	0.9398876930042684
65.73486743371686	0.7190736768405488	0.9388502017835261
65.86793396698349	0.7187130681809137	0.9396005428147794
66.00100050025013	0.7184987782562895	0.9389044839872476
66.13406703351676	0.7187209501865273	0.9379134782743047
66.26713356678339	0.7197286356860153	0.9385529384393453
66.40020010005003	0.7201573261627126	0.9379623990827317
66.53326663331666	0.7217824883595153	0.9390187427249292
66.66633316658329	0.7226645015596225	0.9393399730538999
66.79939969984993	0.7220085149072039	0.9386560862994735
66.93246623311656	0.7217818456588733	0.9382507380385319
67.06553276638319	0.7219422666881067	0.9386605679247296
67.19859929964983	0.7228171642497061	0.938843337950794
67.33166583291646	0.7225084053812414	0.9395223671719749
67.46473236618309	0.721923679398975	0.9401348736750094
67.59779889944973	0.7222512197349782	0.9402208695946482
67.73086543271636	0.7226104312318412	0.9410279191505567
67.86393196598299	0.7223036749296259	0.9406484476852985
67.99699849924963	0.7231599890055681	0.9392716690835389
68.13006503251626	0.7228089076313766	0.9374456315812976
68.26313156578288	0.7241111071906245	0.9377299049268386
68.39619809904953	0.7241993306277044	0.9382385479110164
68.52926463231616	0.7239319590929939	0.9390213582391302
68.66233116558278	0.7233775784526751	0.9384367563204672
68.79539769884943	0.725146191452754	0.9372499217151586
68.92846423211606	0.7255929006502948	0.9360233678709714
69.06153076538268	0.7260968192037728	0.9370062321435781
69.19459729864933	0.7266170370987614	0.9365563668376166
69.32766383191596	0.7265161580898377	0.9378149816783939
69.46073036518258	0.727857697248894	0.9367851005612361
69.59379689844923	0.7279355344269693	0.9364034566571888
69.72686343171586	0.7281923585373912	0.9364600509227706
69.85992996498248	0.73001149153675	0.9364268077127714
69.99299649824913	0.7312295192816092	0.936189444677765
70.12606303151576	0.7318645416892722	0.9352798033026173
70.25912956478238	0.7329696561565975	0.9349509276611394
70.39219609804903	0.733285652823576	0.9347396970358984
70.52526263131566	0.7349185222516393	0.9348394774191727
70.65832916458228	0.7362282602868485	0.9327615311027808
70.79139569784893	0.7355805442407001	0.9310490032188402
70.92446223111556	0.7355416149806809	0.9330374280609988
71.05752876438218	0.7355399544417909	0.9327987730067914
71.19059529764883	0.7359818076652537	0.9333757969439571
71.32366183091546	0.7377252543305312	0.9331939884255843
71.45672836418208	0.738316203945535	0.9330824577445724
71.58979489744873	0.7378425469679581	0.9344212157309105
71.72286143071535	0.7379461166067354	0.9342864628198653
71.85592796398198	0.7386710813046625	0.9336162959755299
71.98899449724863	0.738566085519562	0.9354522726462977
72.12206103051525	0.7376072665615098	0.9359273110645825
72.25512756378188	0.7378334877294124	0.9358006341294776
72.38819409704853	0.7372024362167968	0.9359397872077635
72.52126063031515	0.7378862801043575	0.9358728543475507
72.65432716358178	0.738127992177176	0.9350499378073961
72.78739369684843	0.7380513819801922	0.9359062188426293
72.92046023011505	0.7383294784090974	0.9358467501731095
73.05352676338168	0.7384062857920602	0.9359474055757957
73.18659329664833	0.7388838701054536	0.9357820891837186
73.31965982991495	0.7403669150685269	0.9361607839182059
73.45272636318158	0.7412131127788282	0.93562771562416
73.58579289644823	0.741434828139564	0.9355846641739187
73.71885942971485	0.7415937967980261	0.9358446895301439
73.85192596298148	0.7423613941622819	0.9355095220428827
73.98499249624813	0.7437336172402512	0.9351028964998567
74.11805902951475	0.7448947787914898	0.9356680890406551
74.25112556278138	0.7450415958484571	0.935391619792597
74.38419209604803	0.7459448235813113	0.9353472805230147
74.51725862931465	0.7446887085919531	0.9349183316441496
74.65032516258128	0.7446177709184595	0.9349033271064805
74.78339169584793	0.7453796987748449	0.9341570208954796
74.91645822911455	0.7473083620260936	0.9342688392275587
75.04952476238118	0.7478097743222989	0.935315846648593
75.18259129564782	0.7478116396954195	0.9347335491611216
75.31565782891445	0.7477893144174429	0.9352687361536305
75.44872436218108	0.7488113339312412	0.9356965309990607
75.58179089544772	0.7499081080111774	0.9350026273581531
75.71485742871435	0.7502514975472911	0.9354749025949181
75.84792396198098	0.7494956720689302	0.9346748836555999
75.98099049524762	0.7497332023983346	0.9341911963308597
76.11405702851425	0.749411764019334	0.9353387731872945
76.24712356178088	0.7500153696434395	0.934906345702416
76.38019009504752	0.7510960379047997	0.933968631858946
76.51325662831415	0.7518572902256275	0.9351656189959248
76.6463231615808	0.7521646286652001	0.9345740663994497
76.77938969484742	0.7529887929427493	0.9350649918397426
76.91245622811405	0.7529945853882473	0.9364971936643893
77.0455227613807	0.7505342359304793	0.9352515378237446
77.17858929464732	0.7509329879240862	0.9337157643409713
77.31165582791395	0.7515054180165405	0.9342940193101885
77.4447223611806	0.7513354687075888	0.9345577039474026
77.57778889444722	0.751470001301288	0.9344278413435556
77.71085542771385	0.7525869092373735	0.9361818369480283
77.8439219609805	0.7524282823243563	0.9368636537499535
77.97698849424712	0.7523578053378368	0.9375134701839657
78.11005502751375	0.7530700997438128	0.9364110052405374
78.2431215607804	0.7543697201692705	0.9366830642664227
78.37618809404702	0.7550645759612967	0.936235137561524
78.50925462731365	0.7559947828603462	0.9357542140224236
78.6423211605803	0.7559079476980038	0.9341010795002334
78.77538769384692	0.7561441091710549	0.9336167671997823
78.90845422711355	0.7567914554395824	0.9352431462912599
79.0415207603802	0.7564146108732559	0.934483746305442
79.17458729364682	0.7571929374431189	0.9336472939644089
79.30765382691345	0.7569720484457428	0.9330135365652401
79.4407203601801	0.7577919046970956	0.9340232943201142
79.57378689344672	0.7578242692717333	0.9341466441560962
79.70685342671335	0.7577547691093677	0.9333416894986166
79.83991995998	0.7580491021803728	0.9329847430705035
79.97298649324662	0.7581845525250385	0.933254822745992
80.10605302651325	0.7594351142494172	0.9325781888401872
80.2391195597799	0.760497713011386	0.932640902995182
80.37218609304652	0.7602769376886961	0.9327809868136452
80.50525262631315	0.7600094713222755	0.9315861972651686
80.6383191595798	0.7611178805489074	0.9320421766042715
80.77138569284642	0.760290279524458	0.9319346112238512
80.90445222611305	0.7597573231839954	0.932096078299521
81.0375187593797	0.7595579662651877	0.9320874493062472
81.17058529264632	0.7595820912344363	0.9333517500228239
81.30365182591295	0.7598913333661903	0.9328355933237985
81.4367183591796	0.7611531200167068	0.9330079899385127
81.56978489244622	0.7618465164418821	0.9342200873409741
81.70285142571285	0.7615138049602519	0.9326663600008789
81.8359179589795	0.7606318549262928	0.9330492322575031
81.96898449224612	0.7622923663666702	0.9333273200934776
82.10205102551275	0.7632665325810479	0.9312855779162872
82.2351175587794	0.7628351113787678	0.9299549703993967
82.36818409204602	0.7644748168451851	0.9298579723133558
82.50125062531265	0.7656858112551157	0.9295868662080968
82.6343171585793	0.765919381256446	0.9294962430155779
82.76738369184592	0.7661473082397252	0.9299467291875007
82.90045022511255	0.7669142508699437	0.929894466543284
83.03351675837919	0.7686730935354985	0.9304725168923866
83.16658329164582	0.7685498388563466	0.9311938374082408
83.29964982491245	0.7685454339408924	0.9302431797195501
83.43271635817909	0.7682411550286794	0.9306337583282991
83.56578289144572	0.7682621591047284	0.9300219514599809
83.69884942471235	0.7685073511477432	0.9298053039708746
83.83191595797899	0.7688387246381204	0.9295810068358287
83.96498249124562	0.7692378457745873	0.9292557224843035
84.09804902451225	0.7690727355266395	0.9287276011298348
84.23111555777889	0.7691393999423869	0.9285430997797846
84.36418209104552	0.7700472866460679	0.9289812749808233
84.49724862431215	0.7707642894263277	0.9292794715051865
84.63031515757879	0.7697955388035239	0.9289171127515652
84.76338169084542	0.7709074598387783	0.9283613118373767
84.89644822411205	0.771712224607186	0.9277495703752763
85.02951475737869	0.7699973899214305	0.928749987345534
85.16258129064532	0.7704292483797912	0.928752314155295
85.29564782391195	0.7714003868405458	0.9298789341189135
85.42871435717859	0.7708600404991601	0.9298851824562787
85.56178089044522	0.7702059540489359	0.9304554376934272
85.69484742371185	0.7704918458710986	0.9301746163591523
85.82791395697849	0.7707994097197515	0.929884528952321
85.96098049024512	0.769256359030555	0.9310059882416288
86.09404702351175	0.7683825321058233	0.9316363825936754
86.22711355677839	0.7690442793357081	0.9320418274867701
86.36018009004502	0.7697864828154153	0.9316479492458085
86.49324662331165	0.7710081514537357	0.9306542275240285
86.62631315657829	0.7702244615124125	0.930238029578009
86.75937968984492	0.7713176045477816	0.9303881621422211
86.89244622311155	0.771318308716119	0.9296751443977002
87.02551275637819	0.7721293858023504	0.9300873036632952
87.15857928964482	0.7729303538085612	0.9289132301183928
87.29164582291145	0.7725589310191	0.9283533496451682
87.42471235617809	0.7714225743616292	0.9277617552754341
87.55777888944472	0.7719737267734484	0.9272995431087465
87.69084542271135	0.7727724506135402	0.9277204737957923
87.82391195597799	0.7733981885429293	0.9268164142989788
87.95697848924462	0.7741601213122488	0.9262293091286862
88.09004502251125	0.7737963873191595	0.9265092157558293
88.22311155577789	0.7739717043817148	0.9266975125218532
88.35617808904452	0.7738387186489551	0.925036228702575
88.48924462231115	0.7747961767200635	0.9251711119025718
88.62231115557779	0.7743007409844024	0.9254706547828472
88.75537768884442	0.7748578254433467	0.925139169146543
88.88844422211105	0.7750007472056246	0.9245076132402783
89.02151075537769	0.7742730336853375	0.9242208991323718
89.15457728864432	0.7752060775133667	0.9250387235152591
89.28764382191095	0.7748268570778216	0.9244878608206009
89.42071035517759	0.7758820185808045	0.9258318492869314
89.55377688844422	0.7771637526609445	0.9268805837024281
89.68684342171085	0.778111402399683	0.9257946896381191
89.81990995497749	0.7780342367887426	0.924505768994047
89.95297648824412	0.777686463614484	0.9243929829755033
90.08604302151075	0.7775361809957603	0.9234618682979765
90.21910955477739	0.7784316780869895	0.9233109110267248
90.35217608804402	0.7790480455206668	0.9238992706228176
90.48524262131065	0.7792751600601691	0.9239465273086683
90.61830915457729	0.7795445185380743	0.9241135681492247
90.75137568784392	0.779256085418276	0.9245460695374553
90.88444222111055	0.7792261341860801	0.9239610190890403
91.01750875437719	0.7792508514843398	0.9231278401225191
91.15057528764382	0.7792175256580157	0.9243564247953362
91.28364182091045	0.7798944845494815	0.9243662728015147
91.41670835417709	0.7797684018298343	0.9239978163043863
91.54977488744372	0.7803271560645305	0.9236831309377388
91.68284142071035	0.7805402721617423	0.9237814887434616
91.81590795397699	0.7799558646698916	0.9230945411189104
91.94897448724362	0.7792873536851482	0.922451973530458
92.08204102051025	0.7787425955681169	0.9241773710727128
92.21510755377689	0.779508442568502	0.9242261028844484
92.34817408704352	0.7791334383304768	0.923857805821206
92.48124062031015	0.7787025129531159	0.9250339020141087
92.61430715357679	0.779451740584937	0.9253771410270061
92.74737368684342	0.7798277826840827	0.9231598376924841
92.88044022011005	0.7812104002185775	0.9223770740566648
93.01350675337669	0.7808902299643989	0.9227257141744127
93.14657328664332	0.7809948928088681	0.9220559376154105
93.27963981990995	0.780519664417036	0.9226756287103839
93.41270635317659	0.7804623783592195	0.9225976235350423
93.54577288644322	0.780691223818604	0.9218919609076665
93.67883941970985	0.7806177545985556	0.9228840597872034
93.81190595297649	0.7823190449803634	0.9240417484839671
93.94497248624312	0.7844080184508385	0.9235605919027297
94.07803901950976	0.7835257841277686	0.9234272372927474
94.21110555277639	0.7843549554393161	0.924150421478692
94.34417208604302	0.7849739431028052	0.9225159130671542
94.47723861930966	0.7845365391349935	0.9216742011676583
94.61030515257629	0.7840794746199112	0.9214746889385605
94.74337168584292	0.7841734483260403	0.9226241902792867
94.87643821910956	0.7855220568318182	0.922632015630161
95.00950475237619	0.78549058485209	0.923277640964263
95.14257128564282	0.7852500144617373	0.9227902131294944
95.27563781890946	0.7851151016728354	0.9232361148849667
95.40870435217609	0.7847235766372025	0.9230935040336866
95.54177088544272	0.7843012415992969	0.9226678188050147
95.67483741870936	0.7851458582506549	0.923050324707835
95.80790395197599	0.7855903024323249	0.9222115168745013
95.94097048524262	0.784341656766261	0.9207459762924779
96.07403701850926	0.7839715049656861	0.9199995944451931
96.20710355177589	0.7844553433866631	0.9190275376996663
96.34017008504252	0.784855374782467	0.9196413698463936
96.47323661830916	0.78653060927987	0.9200032227421352
96.60630315157579	0.7874695410481314	0.9187175330089812
96.73936968484242	0.7871650588114621	0.9181620643809539
96.87243621810906	0.786758880020523	0.9183700287449352
97.00550275137569	0.7869817029967004	0.9183098964389816
97.13856928464232	0.788354893282059	0.9189150408026718
97.27163581790896	0.7896797707999844	0.9190073904167448
97.40470235117559	0.7899157312394678	0.919518579634938
97.53776888444222	0.7896435332214926	0.9204444407518279
97.67083541770886	0.7890896365681678	0.9192387346569898
97.80390195097549	0.789699652876152	0.9196032193443769
97.93696848424212	0.7894711104725907	0.9187699986393483
98.07003501750876	0.7898443691173054	0.9187950616565802
98.20310155077539	0.7900492629936152	0.9196492288636184
98.33616808404201	0.7897346992205372	0.9193540919192139
98.46923461730866	0.7891251803046662	0.9185228959107945
98.60230115057529	0.7882205484282403	0.918066380620951
98.73536768384191	0.7890716639484565	0.9195260751164251
98.86843421710856	0.7899821534687027	0.9201242998538746
99.00150075037519	0.7907108328803784	0.920434744313918
99.13456728364181	0.7915762454573276	0.9198150952934853
99.26763381690846	0.7927779236733944	0.9197006288509613
99.40070035017509	0.7932551004203795	0.9199388298208421
99.53376688344171	0.7931090291896981	0.9184134931235315
99.66683341670836	0.7934072465107714	0.9174898319235554
99.79989994997499	0.7942442422163556	0.916684144053191
99.93296648324161	0.7942993374884078	0.9159460822282728
100.06603301650826	0.7948248989531853	0.9157616305217904
100.19909954977489	0.7956021038544058	0.9151892795012062
100.33216608304151	0.7953143067863464	0.9149560836609077
100.46523261630816	0.7958494303421414	0.916631022719264
100.59829914957479	0.7971243141063847	0.9176583847896383
100.73136568284141	0.7968948292130453	0.9173117898817135
100.86443221610806	0.7969584020928016	0.917608788029153
100.99749874937469	0.7977869659650603	0.9186184383153004
101.13056528264131	0.7979818984668332	0.9179236438764565
101.26363181590796	0.7977563139125652	0.9166221519345432
101.39669834917459	0.7982203208175906	0.9155897727118474
101.52976488244121	0.7987663804549472	0.915881452283038
101.66283141570786	0.7990272403542226	0.9172269327899565
101.79589794897448	0.7991554324468104	0.9167265299440164
101.92896448224111	0.7988756794031213	0.9150173936797703
102.06203101550776	0.7984959698823556	0.9141143666542946
102.19509754877438	0.7987862160623286	0.9157601410817868
102.32816408204101	0.7997127461814741	0.9157613204116141
102.46123061530766	0.799974087695538	0.9147873989919862
102.59429714857428	0.7997159389669906	0.914655671703953
102.72736368184091	0.8001690186407068	0.914802807955561
102.86043021510756	0.8005710391631852	0.9141811627691957
102.99349674837418	0.8010288107973569	0.9146796574267444
103.12656328164081	0.8020768064109549	0.9149884502017864
103.25962981490746	0.8024561295576372	0.91486990400709
103.39269634817408	0.8010945818258413	0.9146520449072354
103.52576288144071	0.8017495783913129	0.9139670996382968
103.65882941470736	0.8032744105569685	0.9142732687888229
103.79189594797398	0.8032694467942562	0.9154711275962718
103.92496248124061	0.802668038873101	0.9146036997794371
104.05802901450726	0.8018225168273379	0.9144952802106547
104.19109554777388	0.8020717162295059	0.9145801866885822
104.32416208104051	0.8034115311662889	0.9145435247776776
104.45722861430716	0.8026704357550661	0.9153790815947626
104.59029514757378	0.8014208475850396	0.913963659525418
104.72336168084041	0.8006806593279255	0.912095784820856
104.85642821410705	0.7999219869781949	0.91131625009962
104.98949474737368	0.8001154994696065	0.9116842474387052
105.12256128064031	0.8001031525500162	0.9120906475667323
105.25562781390695	0.799906026154777	0.9118754734446043
105.38869434717358	0.7996554065652403	0.9118430189721074
105.52176088044021	0.7997980407385862	0.9113679542075058
105.65482741370685	0.8003459040573813	0.9112926384705315
105.78789394697348	0.8003464181301803	0.911570071114608
105.92096048024011	0.8004449698029333	0.9113333557709448
106.05402701350675	0.8000277430466634	0.9124254333448627
106.18709354677338	0.8012891041020107	0.9128907216205061
106.32016008004001	0.8011878235206936	0.9114672717418738
106.45322661330665	0.799780385113093	0.9109389298753497
106.58629314657328	0.7996742826157178	0.9116688979351217
106.71935967983991	0.7994598954304194	0.9108847752246669
106.85242621310655	0.8009497771591518	0.9106917649769714
106.98549274637318	0.8026070055317698	0.9113126755706058
107.11855927963981	0.8028205276544726	0.911227625403421
107.25162581290645	0.8025397477586939	0.9109538384430176
107.38469234617308	0.8018050702235366	0.9121525815531474
107.51775887943971	0.8020107777289998	0.912844159374262
107.65082541270635	0.8035868088858864	0.9133791126139932
107.78389194597298	0.8051479111935366	0.9131926302929879
107.91695847923961	0.804362484645694	0.9123600625605403
108.05002501250625	0.8035799213072348	0.9118329187212263
108.18309154577288	0.8038761688541547	0.9120787480221506
108.31615807903951	0.8036723682750435	0.9104893485289068
108.44922461230615	0.8044013381835794	0.9096159392404004
108.58229114557278	0.8048621123209377	0.9094846796397006
108.71535767883941	0.804373355213488	0.9083003709425135
108.84842421210605	0.8028686707160484	0.9089611498140693
108.98149074537268	0.8012113241494292	0.9103849143901617
109.11455727863931	0.8005832983830966	0.9106233577587487
109.24762381190595	0.80067082370377	0.9098466382288994
109.38069034517258	0.8014229529011954	0.9097826835581183
109.51375687843921	0.8027841944757244	0.9107756325663342
109.64682341170585	0.8028014320157243	0.9112108404053747
109.77988994497248	0.8026824965451338	0.9110883554957593
109.91295647823911	0.8030168063582466	0.9110036246617789
110.04602301150575	0.803118066532472	0.9103855423689982
110.17908954477238	0.8044248886720772	0.9098936443477891
110.31215607803901	0.8061252227114684	0.9089141487554173
110.44522261130565	0.8055720708245443	0.9075988403015443
110.57828914457228	0.8052789667898632	0.9069841670489857
110.71135567783892	0.805576416095646	0.9065917233023698
110.84442221110555	0.8060223095097088	0.9064661178932407
110.97748874437218	0.8067269240891576	0.9058493346817157
111.11055527763882	0.8072722474371241	0.9051651119280637
111.24362181090545	0.8074490939846578	0.9052331197619062
111.37668834417208	0.8074796148346671	0.9057793583920026
111.50975487743872	0.8067834566368554	0.9071287611814631
111.64282141070535	0.8069510003349938	0.9083258998071825
111.77588794397198	0.8072094348157145	0.9069118857686912
111.90895447723862	0.8066421884750844	0.9065801830806367
112.04202101050525	0.8063398086076407	0.9063239263581196
112.17508754377188	0.8064039973569749	0.9067638314924497
112.30815407703852	0.8069155907462628	0.9062878303244677
112.44122061030515	0.8066922434816526	0.9045379253803008
112.57428714357178	0.8063072856509366	0.9036198476494691
112.70735367683842	0.8062937756244084	0.9022859181831582
112.84042021010505	0.8062527351421739	0.9024639046647869
112.97348674337168	0.8058280147263089	0.9028770773205954
113.10655327663832	0.8059216449708361	0.9033379377714831
113.23961980990495	0.8062642815648932	0.9038163682927244
113.37268634317158	0.8069676487351162	0.9041890277568492
113.50575287643822	0.8077877899042882	0.9050700770762159
113.63881940970485	0.8075465723216015	0.9060215432012886
113.77188594297148	0.8081680712840544	0.9048546119527123
113.90495247623812	0.8091888470838857	0.9042035741869696
114.03801900950475	0.8097128428050779	0.9044370557990571
114.17108554277138	0.8093198494659603	0.9038082107823318
114.30415207603802	0.8096940271598558	0.9025951128231866
114.43721860930465	0.8105888802348288	0.9040044340313036
114.57028514257128	0.8100285711115435	0.9048246997878516
114.70335167583792	0.8095952440478114	0.903303248570976
114.83641820910455	0.810161064901915	0.9037452867556445
114.96948474237118	0.8110912494453445	0.9038573704054318
115.10255127563782	0.8113646924134523	0.9045782568094687
115.23561780890445	0.8114293744056693	0.9054047879417771
115.36868434217108	0.8106261105438066	0.9050891385601547
115.50175087543772	0.810174088134349	0.9055963645176571
115.63481740870435	0.810795016013298	0.9056362256925431
115.76788394197098	0.8101979181216021	0.9052956802455476
115.90095047523762	0.8103640424488303	0.9055170243862162
116.03401700850425	0.8108556700632601	0.9053407209513518
116.16708354177088	0.8104765286196965	0.905243938614544
116.30015007503752	0.8099822305338322	0.9054799213346557
116.43321660830415	0.8090132403591591	0.9050190866784453
116.56628314157078	0.8090693484650321	0.9048201380321439
116.69934967483742	0.8095445013376656	0.9040549096533601
116.83241620810405	0.8097787962753783	0.9036731746471991
116.96548274137068	0.8098400030063069	0.9045597697966675
117.09854927463732	0.8093634340652363	0.904663035130038
117.23161580790395	0.8107146363302793	0.9034251646692621
117.36468234117058	0.811203099957094	0.9032269611294131
117.49774887443722	0.8111783307112401	0.903195570124941
117.63081540770385	0.8119978612387311	0.903025260169466
117.76388194097048	0.8113130698305058	0.9019843901654989
117.89694847423712	0.8104627074273588	0.9020013430860305
118.03001500750375	0.8097861405824406	0.9031487898897765
118.16308154077038	0.8101467355444565	0.9025744282508745
118.29614807403702	0.8115776884442505	0.9021113857913284
118.42921460730365	0.8108028977022728	0.9016347883315717
118.56228114057028	0.8106110609589764	0.9019112804818579
118.69534767383692	0.8099771165651691	0.9017481169565182
118.82841420710355	0.8093417889548163	0.9023808443850653
118.96148074037018	0.8103972651515531	0.9028074059666452
119.09454727363682	0.8097583908645556	0.9023328985797507
119.22761380690345	0.8092050370874277	0.9026558744583449
119.36068034017008	0.8088505966208717	0.9028359434337832
119.49374687343672	0.8085310266568919	0.9029576336651189
119.62681340670335	0.8088608896734233	0.9029770091223015
119.75987993996998	0.8090451549377915	0.9036064880732956
119.89294647323662	0.808999180822678	0.9031537806427598
120.02601300650325	0.8084254405998964	0.9019306026560227
120.15907953976988	0.8086685598467683	0.9017939711568882
120.29214607303652	0.8076483135415454	0.9015165442460731
120.42521260630315	0.8068433135625072	0.9007216253924417
120.55827913956978	0.8062300981578723	0.9005940990072583
120.69134567283642	0.806392190386745	0.9009738280500597
120.82441220610305	0.8074417840817795	0.9006258234989089
120.95747873936968	0.806752472186135	0.899883230251074
121.09054527263632	0.8060584283927125	0.8999527830636042
121.22361180590295	0.8068031823543428	0.9006547567509475
121.35667833916958	0.8065338171969301	0.9007519734925324
121.48974487243622	0.8054758114569863	0.8999145463727127
121.62281140570285	0.8047159142481681	0.9001594378220762
121.75587793896948	0.8036990595833986	0.9003185110031476
121.88894447223612	0.8053449264316674	0.9006169671258215
122.02201100550275	0.8067243387932107	0.9003808231301418
122.15507753876938	0.8068453123145318	0.900361782637163
122.28814407203602	0.8071185276515301	0.8994914342695446
122.42121060530265	0.8082249901651353	0.8990924561642153
122.55427713856928	0.8078907661524949	0.8997383316926544
122.68734367183592	0.8076834158438244	0.899690777951226
122.82041020510255	0.8092112094119608	0.9003599898829675
122.95347673836918	0.809062845906465	0.9006083793694618
123.08654327163582	0.8089976341860093	0.9000691982849259
123.21960980490245	0.8082351155190824	0.8993608037869406
123.35267633816908	0.8078377562079417	0.899185042255894
123.48574287143572	0.8080073885161727	0.8979398290448567
123.61880940470235	0.8073185080569146	0.897162974004357
123.75187593796898	0.8073131633813294	0.8978353045110571
123.88494247123562	0.8075449059183616	0.8973854332192854
124.01800900450225	0.8078255324853612	0.8967876189957196
124.15107553776888	0.8078797068334953	0.8961866554649904
124.28414207103552	0.8081364952683758	0.89606877493257
124.41720860430215	0.8078576206490728	0.8964123490682451
124.55027513756878	0.8078589233448187	0.8969947514012663
124.68334167083542	0.8086276862385027	0.8971478921885085
124.81640820410205	0.8084165116004383	0.8969219377592923
124.94947473736867	0.8091456271119787	0.8972896441279429
125.08254127063532	0.8100103526083721	0.8978890144573982
125.21560780390195	0.8096069098773069	0.8982249399606974
125.34867433716857	0.8091367534421876	0.8978771962692069
125.48174087043522	0.8082197224441704	0.8977808905410358
125.61480740370185	0.807995777650896	0.8981018151302453
125.74787393696847	0.8090478136115293	0.8981569664280834
125.88094047023512	0.8104616389744775	0.8978463586406402
126.01400700350175	0.8105322786473708	0.8988102911845574
126.14707353676837	0.8099445048418187	0.8998177823942187
126.28014007003502	0.8092298446259159	0.8994711511754616
126.41320660330165	0.8090759773446433	0.8978550298437556
126.54627313656827	0.8093095843447319	0.8969190341265382
126.67933966983492	0.8084488137060898	0.8974698997915473
126.81240620310155	0.8081869250417524	0.8978652120069502
126.94547273636817	0.8083612170008869	0.8974600170101603
127.07853926963482	0.8082344730840668	0.8967295105459342
127.21160580290145	0.8092627995840919	0.8967793294365273
127.34467233616807	0.8085540215449855	0.8969327153107567
127.47773886943472	0.8081614403875812	0.897269882085352
127.61080540270135	0.8081621745141673	0.8972229226718678
127.74387193596797	0.8069692590912225	0.8970690921305079
127.87693846923462	0.8061600054964888	0.896642275888947
128.01000500250126	0.8062062338055266	0.8974312363690577
128.1430715357679	0.8068531317317303	0.8978148591124304
128.27613806903452	0.8067235934266401	0.8966183352100169
128.40920460230114	0.8065150622902256	0.8956702879067079
128.54227113556777	0.8055770827844319	0.8950564153046542
128.6753376688344	0.8052270178048779	0.8952534355088446
128.80840420210106	0.8052395485712371	0.8941995278077204
128.9414707353677	0.8053882313674947	0.8931813808745874
129.07453726863432	0.8066162778726828	0.8931241352590833
129.20760380190094	0.8073826714023922	0.892379160109717
129.34067033516757	0.8075968103983775	0.8926228370245587
129.4737368684342	0.8069321319457954	0.8926091893937825
129.60680340170086	0.8071147365708872	0.892097756451067
129.7398699349675	0.8074567881388631	0.8932117297708696
129.87293646823412	0.8075905768842807	0.8948130026613517
130.00600300150074	0.8083750047980767	0.8956635905151206
130.13906953476737	0.8083807908704861	0.8956300398108266
130.272136068034	0.8089929539867915	0.8941958682211611
130.40520260130066	0.8080683717811488	0.8928700949312129
130.5382691345673	0.8066233207475088	0.892234483335425
130.67133566783392	0.8065721273208608	0.8916669369531917
130.80440220110054	0.8064626003834339	0.8920300825037076
130.93746873436717	0.8063215142332719	0.8924455404263414
131.0705352676338	0.8062021075454295	0.8922668609748351
131.20360180090046	0.8045554200942457	0.8914870904790102
131.3366683341671	0.804062720931497	0.8911334283552316
131.46973486743371	0.8046558201601322	0.8917702516500572
131.60280140070034	0.804962783250085	0.8930064682032433
131.73586793396697	0.8060094879469019	0.8928859022543076
131.8689344672336	0.8067543797634024	0.8923608776348316
132.00200100050026	0.8072949733250588	0.8938167084970521
132.1350675337669	0.8074675428267732	0.893498940976734
132.26813406703351	0.8066111546479642	0.8931756940724903
132.40120060030014	0.8053327512744907	0.893915369311111
132.53426713356677	0.8059280494577848	0.8930153642374458
132.6673336668334	0.8061246709610184	0.8932548399324597
132.80040020010006	0.8053989353386585	0.8939065120729122
132.93346673336669	0.8061726916146791	0.8934958135841965
133.06653326663331	0.8061881902977655	0.8938995935827213
133.19959979989994	0.8065471252670882	0.8947943287958746
133.33266633316657	0.8077722598693092	0.8933569433026206
133.4657328664332	0.8082939093876877	0.8917735973828821
133.59879939969986	0.8080400390617252	0.8917435975215258
133.73186593296649	0.8073823085188614	0.8925586317166739
133.8649324662331	0.8077132550924669	0.8932232636634149
133.99799899949974	0.8081750595287401	0.8930594914575439
134.13106553276637	0.8076333082142174	0.8926350187002505
134.264132066033	0.8085075644168664	0.8915571615651339
134.39719859929966	0.8099964720660163	0.8909451656881346
134.53026513256629	0.8103570750833669	0.8906159286685674
134.6633316658329	0.8107985487259551	0.8898196290662594
134.79639819909954	0.8106644878927479	0.8908078165000326
134.92946473236617	0.8102086412009658	0.8901326187140297
135.0625312656328	0.8107516742785105	0.8894623303405693
135.19559779889946	0.8101336774596382	0.8903109175343047
135.32866433216608	0.8091962009220075	0.8890470397454586
135.4617308654327	0.8093454154656523	0.8901629217411478
135.59479739869934	0.8079982096076389	0.8910928886386673
135.72786393196597	0.8071047153923879	0.889653143539808
135.8609304652326	0.80786390282729	0.8902634577321797
135.99399699849926	0.807860368423559	0.8904613005220863
136.12706353176588	0.8066743182542997	0.8902293835486104
136.2601300650325	0.8060492845004412	0.890013703926964
136.39319659829914	0.8061158926905587	0.8899431117044568
136.52626313156577	0.8072918561956258	0.8906611053200254
136.65932966483243	0.808571319970072	0.8894954246369896
136.79239619809906	0.808659600844025	0.8885871606020831
136.92546273136568	0.8079419034862461	0.888410312998015
137.0585292646323	0.8071810911588123	0.8893052367714881
137.19159579789894	0.8068567942764161	0.8905589595895825
137.32466233116557	0.8072904547357032	0.8902738128621465
137.45772886443223	0.8067342289907978	0.8896699759536507
137.59079539769886	0.8067055838609192	0.8895184928180891
137.72386193096548	0.8073237027269533	0.8888219599057865
137.8569284642321	0.8079931065554556	0.8896225164372877
137.98999499749874	0.8089824462128904	0.8904337436063415
138.12306153076537	0.8096024440012947	0.8894354967227238
138.25612806403203	0.8092099331602782	0.88944387167889
138.38919459729865	0.8089841449796052	0.8899676387412998
138.52226113056528	0.8096869394745556	0.8904560058707977
138.6553276638319	0.8097563519927066	0.8899743456081054
138.78839419709854	0.8096497474009281	0.8895613243184202
138.92146073036517	0.8097436286879542	0.8896643516097353
139.05452726363183	0.810051143893345	0.8893101056104064
139.18759379689845	0.8099926542866617	0.8890456602395556
139.32066033016508	0.8095375201764913	0.8884360930999037
139.4537268634317	0.8092891941124611	0.8881890242333362
139.58679339669834	0.8089809274014923	0.8874806128652039
139.71985992996497	0.8092089319321306	0.8869012923549751
139.85292646323163	0.8096805120552507	0.8871307816970432
139.98599299649825	0.8102233819847308	0.8873986608224477
140.11905952976488	0.810954193174463	0.887014249085945
140.2521260630315	0.8110341144226143	0.8862027602577253
140.38519259629814	0.8112684827475674	0.8859836416832034
140.51825912956477	0.8104843155550712	0.8853719393291251
140.65132566283143	0.8098456138090308	0.884867891599848
140.78439219609805	0.8103674340544331	0.8848871130723509
140.91745872936468	0.8109788822415427	0.8839939927508212
141.0505252626313	0.8120220238066022	0.8824611636220878
141.18359179589794	0.8122205027609095	0.8824441057047078
141.31665832916457	0.8120850304059503	0.8836946728383351
141.44972486243122	0.8124461480828673	0.884028654432001
141.58279139569785	0.8128307712348458	0.8828075361344185
141.71585792896448	0.8130550502688204	0.8823162830007283
141.8489244622311	0.8125813110944936	0.8826363884720893
141.98199099549774	0.8114410798053461	0.8821053535757991
142.11505752876437	0.8097909461631174	0.8822351103284396
142.24812406203102	0.8088619290334896	0.8822448451353049
142.38119059529765	0.809145972350949	0.8821667292605466
142.51425712856428	0.8089297972531667	0.8813551458630636
142.6473236618309	0.8096089981796273	0.8807242811940673
142.78039019509754	0.8100532103433947	0.8809440065518451
142.91345672836417	0.8092259263671812	0.8805690141991772
143.04652326163082	0.8092926541934112	0.8801549151150674
143.17958979489745	0.8081646660442123	0.8806061000266259
143.31265632816408	0.8082524975819342	0.8811376504224351
143.4457228614307	0.8092460755773399	0.8815324608193872
143.57878939469734	0.8087649435944995	0.8817855885426545
143.71185592796397	0.8082347652163109	0.8821478022184106
143.84492246123062	0.8083704128073654	0.8826506221773331
143.97798899449725	0.8084575460966463	0.8824670953283323
144.11105552776388	0.8099942375028092	0.8827117469434257
144.2441220610305	0.8113504517258928	0.8824506498641288
144.37718859429714	0.811489101453178	0.8817355115994059
144.51025512756377	0.8120151246640107	0.8834010798273133
144.64332166083042	0.81125554145329	0.8838209817181075
144.77638819409705	0.8102706825216626	0.8828989932093408
144.90945472736368	0.8101663875094254	0.8819132881482009
145.0425212606303	0.8107538252055057	0.8814443713104883
145.17558779389694	0.8118691044976254	0.88172551311401
145.30865432716357	0.8122964182529245	0.8816850490866586
145.44172086043022	0.8117597125460928	0.8823032190993386
145.57478739369685	0.8115320739274227	0.8818680374911099
145.70785392696348	0.8116971517050271	0.8819046949198186
145.8409204602301	0.8116520715979325	0.8810557759260584
145.97398699349674	0.8119607304695147	0.8810188425385259
146.10705352676337	0.8128490538044663	0.8816358854795079
146.24012006003002	0.8125491526396321	0.880688089838285
146.37318659329665	0.81089051329468	0.8810116074741335
146.50625312656328	0.8106753865664134	0.8822880441187889
146.6393196598299	0.8107031382951784	0.8824751418536181
146.77238619309654	0.8096457465051418	0.8822106658247756
146.90545272636317	0.8099730118443866	0.8826133137278781
147.03851925962982	0.8107093817017049	0.8824559891936364
147.17158579289645	0.8101859650015548	0.8815970513835889
147.30465232616308	0.809539752083092	0.8810033179321041
147.4377188594297	0.810760638160222	0.8812138609432673
147.57078539269634	0.8120122761864057	0.8806553013550676
147.70385192596297	0.8123584175876084	0.8793405398655174
147.83691845922962	0.811756240085582	0.8790572653571813
147.96998499249625	0.811767984448019	0.8785700300189753
148.10305152576288	0.8113834791865069	0.8779276476048387
148.2361180590295	0.8099841516660004	0.8784879183482811
148.36918459229614	0.8093533830896587	0.8793283213497959
148.50225112556276	0.8098428935977737	0.878740842989738
148.63531765882942	0.8102462881867124	0.877046236445026
148.76838419209605	0.8103630207735213	0.8766158144656683
148.90145072536268	0.8106318655803806	0.8763512615443803
149.0345172586293	0.8098679162687993	0.8765505191535692
149.16758379189594	0.8093506515497234	0.8765168150572379
149.30065032516256	0.8106502922521179	0.8769296435677603
149.43371685842922	0.8100474469177348	0.8773056597257147
149.56678339169585	0.8092431136692196	0.877657440551587
149.69984992496248	0.8095141731247758	0.878040168568278
149.8329164582291	0.809504993368724	0.8775328519233594
149.96598299149574	0.8096726413130974	0.8783009459963148
150.09904952476236	0.8095459274972918	0.8770350758060933
150.23211605802902	0.8087909668461224	0.8776396039239314
150.36518259129565	0.8089981225176467	0.8790105437126451
150.49824912456228	0.8091645299707113	0.880033270177157
150.6313156578289	0.8089533809133108	0.8801152115500082
150.76438219109554	0.8090959572914581	0.8797495698194139
150.89744872436216	0.8087908926292424	0.879913000922046
151.03051525762882	0.8085952681886277	0.8795220063914224
151.16358179089545	0.8088526114647074	0.878731111331437
151.29664832416208	0.8082704647903165	0.8777037654240734
151.4297148574287	0.8075322861864689	0.876869319372733
151.56278139069533	0.807550151415604	0.8768771560811784
151.69584792396196	0.8069982692463579	0.8771706781490308
151.82891445722862	0.8069020357451109	0.877721280201558
151.96198099049525	0.8056375727827817	0.877955867620524
152.09504752376188	0.8051946188315593	0.877481145304012
152.2281140570285	0.8042718758370372	0.8787454201667761
152.36118059029513	0.8040782407386149	0.878816266495805
152.49424712356176	0.8049775706715364	0.8781542104741397
152.62731365682842	0.8047355881236989	0.8779369954613242
152.76038019009505	0.8052588958741537	0.8770606357494631
152.89344672336168	0.8062604284968666	0.8769296485529477
153.0265132566283	0.8052894514582136	0.8786357678375519
153.15957978989493	0.8042189138129464	0.8794553194093917
153.2926463231616	0.8027124269632671	0.8785765048919579
153.42571285642822	0.8029085004437221	0.8768264331241614
153.55877938969485	0.8039338997618088	0.8764751880292747
153.69184592296148	0.8041096829733998	0.8773146711219983
153.8249124562281	0.8038077792046364	0.877238978076854
153.95797898949473	0.8031630334358073	0.8768569415541317
154.0910455227614	0.8028216229982706	0.8769971124854192
154.22411205602802	0.8035149229610041	0.8771081859074158
154.35717858929465	0.8031451062974997	0.8767746574104339
154.49024512256128	0.8028471942905941	0.8768846966665106
154.6233116558279	0.8035108404678227	0.8766967057467506
154.75637818909453	0.8029463554195616	0.8750722411015789
154.8894447223612	0.803039174638646	0.8755031908869348
155.02251125562782	0.8037130978233304	0.8757099446070716
155.15557778889445	0.8030408808571953	0.8769023920341545
155.28864432216108	0.8035709356254448	0.8769173521602444
155.4217108554277	0.8044049115605779	0.8756806053221969
155.55477738869433	0.8052087248982857	0.8764384267877949
155.687843921961	0.8057605621524189	0.8765879695102766
155.82091045522762	0.8051373778377497	0.8767034072929486
155.95397698849425	0.8036122375681731	0.8773161376079276
156.08704352176088	0.8037274861926691	0.8777050697152896
156.2201100550275	0.8040260472848325	0.8762738405146581
156.35317658829413	0.8034433024704619	0.8757391790744457
156.4862431215608	0.8030513332034309	0.8764344065536253
156.61930965482742	0.8028893848167641	0.876042494120819
156.75237618809405	0.8025700516678524	0.8766313010515026
156.88544272136068	0.8008984806165869	0.8778925510279363
157.0185092546273	0.8001916175738395	0.87876287223607
157.15157578789393	0.8009680438981412	0.8784237917800689
157.2846423211606	0.8015587419455665	0.8779942544904263
157.41770885442722	0.8014255774648555	0.8775837133718573
157.55077538769385	0.8006153011213167	0.8775552890457579
157.68384192096048	0.8008172198714416	0.8773747393093018
157.8169084542271	0.8017385006074992	0.8778788587057168
157.94997498749373	0.801879919272635	0.8787932512166727
158.0830415207604	0.8019880159722287	0.8775393219934928
158.21610805402702	0.8013887495667728	0.877796821739306
158.34917458729365	0.8012587958087197	0.878091664439471
158.48224112056027	0.8010306420572412	0.8769332703241436
158.6153076538269	0.80163353264938	0.8760377163474273
158.74837418709353	0.8016857765822263	0.8762718627178999
158.8814407203602	0.8017942030700469	0.8768404141495602
159.01450725362682	0.8028314454574144	0.8761040933276257
159.14757378689345	0.8023786822827925	0.8759809673041504
159.28064032016007	0.8018188391580897	0.8763424266787528
159.4137068534267	0.8019968967971869	0.8754298778185435
159.54677338669333	0.8016248640425778	0.8737607031786568
159.67983991996	0.8016958664508426	0.872875840295379
159.81290645322662	0.8023116723117585	0.8724687398425723
159.94597298649325	0.8026266519946693	0.8725669525748735
160.07903951975987	0.8035286508420045	0.8732030716111088
160.2121060530265	0.8030986838053159	0.8730563208029277
160.34517258629313	0.803855323600075	0.872931700424633
160.4782391195598	0.8049900595232475	0.8731256580329757
160.61130565282642	0.8038408391037569	0.8727928263137048
160.74437218609305	0.8028219021138924	0.8723175270763567
160.87743871935967	0.8023566955736166	0.8732278252746706
161.0105052526263	0.8017272902235496	0.8741758416914025
161.14357178589293	0.8021223744765726	0.8742095504297209
161.2766383191596	0.8015827929558974	0.873404431999323
161.40970485242622	0.8013469229555092	0.8725688914190993
161.54277138569284	0.801572760844318	0.8723393187182323
161.67583791895947	0.8018512322969913	0.8715274236285698
161.8089044522261	0.8028368203983675	0.8717442841374454
161.94197098549273	0.8016842228140855	0.8727265027594655
162.0750375187594	0.8017998277335632	0.8721388819997605
162.20810405202602	0.8013537916743421	0.8717923813084634
162.34117058529264	0.8017348211764662	0.8727038983704574
162.47423711855927	0.8025839523821033	0.8725236767979632
162.6073036518259	0.802351901894981	0.8726951280842445
162.74037018509253	0.8027405769084587	0.8723804575162979
162.8734367183592	0.8031833698854496	0.8716279366937669
163.00650325162582	0.8038380005798423	0.8712520575456175
163.13956978489244	0.8047065373008537	0.870497868273431
163.27263631815907	0.8041840591167702	0.8694432722387087
163.4057028514257	0.8050172741148567	0.8693120637347856
163.53876938469233	0.8043698208303238	0.8692127992389558
163.671835917959	0.803188156398825	0.8695795355730497
163.80490245122562	0.8024462883868086	0.8704516688023911
163.93796898449224	0.8025906727154104	0.8706024280510046
164.07103551775887	0.8014289596516679	0.8702731618972245
164.2041020510255	0.8011921192236955	0.8698449204103671
164.33716858429213	0.8003712571134062	0.8703855426503416
164.4702351175588	0.800287663077368	0.8708365630302578
164.60330165082541	0.8015299756771403	0.8699601202588095
164.73636818409204	0.800902889653069	0.8703417579637793
164.86943471735867	0.7998651471295175	0.8699909239403127
165.0025012506253	0.8002032756407106	0.8706067364146372
165.13556778389193	0.8005426463806867	0.8718327408753783
165.2686343171586	0.8013194041261463	0.8718171905107228
165.40170085042521	0.801170047718102	0.8713529084835359
165.53476738369184	0.8006168802732857	0.8714499208541638
165.66783391695847	0.8005534013304832	0.8696409435934482
165.8009004502251	0.7998863750063137	0.8694461452691455
165.93396698349173	0.8000840946390253	0.8704177127154926
166.06703351675839	0.7998505633652401	0.8711185298047787
166.20010005002501	0.7995802330858176	0.8713313005143858
166.33316658329164	0.7988181496876444	0.8696039076674184
166.46623311655827	0.7997211501965285	0.8689889760701089
166.5992996498249	0.7997179220247043	0.869987961944843
166.73236618309153	0.7988291986945608	0.8695027390183863
166.86543271635819	0.7993454561650029	0.869232954490064
166.9984992496248	0.8002329091153773	0.8692126088457113
167.13156578289144	0.8003089754865805	0.869401563693054
167.26463231615807	0.8001983251140367	0.8699009184869022
167.3976988494247	0.7991459054054698	0.8685682938849614
167.53076538269133	0.7990945577370911	0.8678428043426588
167.66383191595799	0.7994446780074437	0.8675613197544108
167.7968984492246	0.7997492005733523	0.8680491658559824
167.92996498249124	0.7988799296778517	0.8670820906849606
168.06303151575787	0.7991839003389456	0.8661273878913263
168.1960980490245	0.8003661446369265	0.8659490288363848
168.32916458229113	0.8010276135064229	0.8649402890201737
168.46223111555778	0.800261512172797	0.8643947707690275
168.5952976488244	0.7997302480767783	0.8642238076697193
168.72836418209104	0.7996037007310224	0.865109290009734
168.86143071535767	0.7988732509734165	0.8649862787800102
168.9944972486243	0.7979092279260901	0.8642765314911945
169.12756378189093	0.798290578843602	0.8638423894863051
169.26063031515758	0.798910330497924	0.8644854203955185
169.3936968484242	0.7988397649455778	0.8643613692413108
169.52676338169084	0.7985719108442489	0.864135043257586
169.65982991495747	0.7983980314881045	0.8643422455079295
169.7928964482241	0.7988531438022104	0.8651542035394753
169.92596298149073	0.7994983182933008	0.8644871455443712
170.05902951475738	0.798639854935427	0.8644833650634233
170.192096048024	0.7975729926741927	0.8654285920491771
170.32516258129064	0.7974951811169377	0.8646786695373129
170.45822911455727	0.7970847114581678	0.8648625954705336
170.5912956478239	0.7979081439330693	0.865956546814488
170.72436218109056	0.7976700133437394	0.8654045124974198
170.85742871435718	0.7977744887175858	0.8653538795977485
170.9904952476238	0.7985466653012782	0.8660245538459603
171.12356178089044	0.7990890427046462	0.8661205802251251
171.25662831415707	0.799837180406195	0.8665036479676063
171.3896948474237	0.7988231999999267	0.866357940630602
171.52276138069035	0.7971598142278601	0.8660126262340689
171.65582791395698	0.7959178035713091	0.8648502663356971
171.7888944472236	0.7969540201274519	0.862552207748188
171.92196098049024	0.7970729562448018	0.8617966712639519
172.05502751375687	0.7964911538599446	0.8623052285298092
172.1880940470235	0.79634813120287	0.8612316910677053
172.32116058029015	0.7966731328587124	0.8624740948663189
172.45422711355678	0.7974132644718709	0.8628390576701952
172.5872936468234	0.7979491247187551	0.8616766366263479
172.72036018009004	0.7984386570645379	0.861722013321925
172.85342671335667	0.7998886814215742	0.8608298337048459
172.9864932466233	0.8008510711003892	0.8610358997030787
173.11955977988995	0.8007997256135208	0.8609871893531601
173.25262631315658	0.8014171341161253	0.8609442777667494
173.3856928464232	0.8004574151995426	0.861658885541001
173.51875937968984	0.8001116099825295	0.8610619281012404
173.65182591295647	0.8002786036409796	0.8602213113127485
173.7848924462231	0.8003827513544406	0.8600686138141331
173.91795897948975	0.7994086166459992	0.8606729193795162
174.05102551275638	0.7994805658128726	0.860298615680218
174.184092046023	0.8004777184483706	0.8606023790657139
174.31715857928964	0.8004130080163041	0.8617151145538134
174.45022511255627	0.8002038624854667	0.8606037391783351
174.5832916458229	0.8000018393011916	0.859325267678259
174.71635817908955	0.7993961745827626	0.8594062686243563
174.84942471235618	0.7995249805053113	0.8578485754031544
174.9824912456228	0.8000507433401005	0.8582166997782352
175.11555777888944	0.8005390954672639	0.8588777842429881
175.24862431215607	0.7997574267568078	0.8582911262971189
175.3816908454227	0.7989419020584759	0.8592707196329197
175.51475737868935	0.7988603279531025	0.8601423811766858
175.64782391195598	0.7997894716274343	0.8586760981945719
175.7808904452226	0.7995667044149681	0.8577967127981713
175.91395697848924	0.7988540607158342	0.8573780554565346
176.04702351175587	0.7992594126681435	0.8576015992250777
176.1800900450225	0.7993191892757787	0.8582721946524187
176.31315657828915	0.7991899972021191	0.8572501890188798
176.44622311155578	0.7991747253703826	0.8564567922522234
176.5792896448224	0.7990673430459682	0.856188815906299
176.71235617808904	0.7991326381515693	0.8570602328748957
176.84542271135567	0.7974107772917384	0.8574757793187998
176.9784892446223	0.7974118573083003	0.8576236825893196
177.11155577788895	0.797693638961999	0.8565057619943327
177.24462231115558	0.7966579065712306	0.8562884541966193
177.3776888444222	0.7966560218967836	0.8560291497323994
177.51075537768884	0.7967553807428713	0.8558869546281616
177.64382191095547	0.7967496306685172	0.8576118558622225
177.7768884442221	0.7970523011499548	0.8575708469586673
177.90995497748875	0.7974537705420047	0.8563602241669822
178.04302151075538	0.7973986754876793	0.8553875228714586
178.176088044022	0.7981199408964506	0.8553227607760927
178.30915457728864	0.798391900989641	0.8539396083855836
178.44222111055527	0.797461087190267	0.8536093925351089
178.5752876438219	0.796278908846789	0.8538896164789369
178.70835417708855	0.79601351977138	0.8538386057565016
178.84142071035518	0.7954927460233846	0.8544589656258367
178.9744872436218	0.7950806417922953	0.8545516930274389
179.10755377688844	0.7959095991946358	0.85466042941412
179.24062031015507	0.7959744533806024	0.8558474550021409
179.3736868434217	0.7960070297093303	0.856201614310111
179.50675337668835	0.7951717543869872	0.8561015999218088
179.63981990995498	0.7943390182248005	0.8579517319981659
179.7728864432216	0.7944698313155024	0.8575601144707591
179.90595297648824	0.7941415292842853	0.8565187097212664
180.03901950975487	0.7941506420592859	0.8564269422543471
180.1720860430215	0.7945560572076257	0.8558313493619468
180.30515257628815	0.7942884844711927	0.8567647014570073
180.43821910955478	0.7946785359899274	0.8563529092711077
180.5712856428214	0.7959864012104869	0.8570850876383314
180.70435217608804	0.7957820266204972	0.8570570778896559
180.83741870935467	0.7957431628848058	0.8569164907565573
180.9704852426213	0.7955001536155353	0.8568019579504933
181.10355177588795	0.7950850989062024	0.8559152509672144
181.23661830915458	0.7946283747159674	0.8550196115860575
181.3696848424212	0.7964998269446418	0.854403689803684
181.50275137568784	0.7972274842772934	0.8547244691178624
181.63581790895446	0.797577460195759	0.8543608794756347
181.7688844422211	0.7977533805959062	0.8533605027294665
181.90195097548775	0.7981922970262817	0.8529777270203418
182.03501750875438	0.7993979137121104	0.8527630772941277
182.168084042021	0.7996231379096599	0.8524780548713897
182.30115057528764	0.7989177200251014	0.8521114212058175
182.43421710855426	0.799214597158571	0.8516344998936068
182.5672836418209	0.798987066870189	0.8516003596067309
182.70035017508755	0.7981627835792593	0.851115738441727
182.83341670835418	0.7978686751848969	0.8503841234230245
182.9664832416208	0.7965679458480316	0.8499902470741814
183.09954977488744	0.796228054858709	0.8508088124289379
183.23261630815406	0.7956129533276022	0.8507707074999155
183.3656828414207	0.7949511641677668	0.8515281077950151
183.49874937468735	0.7948024629710009	0.8528128589521384
183.63181590795398	0.7945249308126998	0.8527895541043157
183.7648824412206	0.7946193711158239	0.852200159185286
183.89794897448724	0.794866496330981	0.8530738049273392
184.03101550775386	0.794075897061188	0.8519112079028736
184.1640820410205	0.7927220144061613	0.8512432546472225
184.29714857428715	0.7923165969206402	0.8526889593158948
184.43021510755378	0.792800752054757	0.8527638061828755
184.5632816408204	0.7927665317362264	0.8522591824125911
184.69634817408703	0.7929190696408657	0.8533062877993683
184.82941470735366	0.7937553610245719	0.8541296577956086
184.9624812406203	0.7943880892516266	0.8541145639563944
185.09554777388695	0.7952706856389239	0.8545436783919264
185.22861430715358	0.7955676999563301	0.8542747974639495
185.3616808404202	0.7947310990146921	0.8547769710592882
185.49474737368683	0.7930372002955872	0.853191368954178
185.62781390695346	0.7918948329520118	0.8535743770315213
185.7608804402201	0.7928017227447359	0.8534439217767281
185.89394697348675	0.7930088356570008	0.8520102592662845
186.02701350675338	0.7934419897736849	0.851901355620637
186.16008004002	0.7945378429969974	0.8518181665072991
186.29314657328663	0.7945078945578028	0.8518294883354255
186.42621310655326	0.7942469595554956	0.8528037989604733
186.5592796398199	0.7938712242276378	0.8522687256057573
186.69234617308655	0.7929326263819899	0.8518915746487195
186.82541270635318	0.7930825367980451	0.8522561396654408
186.9584792396198	0.7928668558384108	0.8514514674540368
187.09154577288643	0.7925958993541979	0.8516245536984888
187.22461230615306	0.7927901045156945	0.8517254304857703
187.3576788394197	0.79259060278791	0.8515061740843296
187.49074537268635	0.7918114481696704	0.8506205392486373
187.62381190595298	0.791253159645296	0.8500958680570331
187.7568784392196	0.7909701212339935	0.850915334877186
187.88994497248623	0.789488744916574	0.8509939740331025
188.02301150575286	0.7884950206390922	0.8504434889883632
188.15607803901952	0.7885097835458563	0.8507265401854477
188.28914457228615	0.7882681832654536	0.8514830354424474
188.42221110555278	0.7875696393465984	0.8511589828289501
188.5552776388194	0.7875067036489317	0.8520542571021325
188.68834417208603	0.7877262235548377	0.8516660214192571
188.82141070535266	0.7876397522146936	0.8512100065658621
188.95447723861932	0.7875367882110326	0.8513593946905536
189.08754377188595	0.7875294014617189	0.8505325245599381
189.22061030515258	0.7887461131195751	0.8502796853389951
189.3536768384192	0.7890368419961907	0.8508318059606313
189.48674337168583	0.7888954066853923	0.8502614811883895
189.61980990495246	0.7887963968982534	0.8500136162735964
189.75287643821912	0.788746899116499	0.8508508332639749
189.88594297148575	0.7891357157437113	0.8514387321866261
190.01900950475238	0.7906657974524349	0.8503942805801373
190.152076038019	0.7899871028894891	0.8509323279827428
190.28514257128563	0.7902581221265831	0.8511478348736978
190.41820910455226	0.7903398591886832	0.8496366265320795
190.55127563781892	0.7894901351482855	0.8499789053897842
190.68434217108555	0.7882773756788519	0.8487045258159462
190.81740870435218	0.7878403341980672	0.8487931284550657
190.9504752376188	0.7886488166750768	0.8497310872105515
191.08354177088543	0.7884265916103939	0.8498751735634715
191.21660830415206	0.788395363685948	0.849580796176533
191.34967483741872	0.7884200143910913	0.8492926955801061
191.48274137068535	0.7877539720606036	0.8489834755923563
191.61580790395197	0.7872370801684663	0.8504785704621649
191.7488744372186	0.7873057077405119	0.8508568102268085
191.88194097048523	0.7877083884642078	0.8511362794322137
192.01500750375186	0.7871259333302107	0.8512127104981805
192.14807403701852	0.7877229894044229	0.8512696896436267
192.28114057028515	0.7866281287537708	0.8514596028889923
192.41420710355177	0.7869039410252427	0.851708561079253
192.5472736368184	0.7864484913311082	0.8514396811266327
192.68034017008503	0.7859900167922317	0.8508560076082734
192.81340670335166	0.7837000022594938	0.8491797020862858
192.94647323661832	0.7847770094126665	0.8488039593105967
193.07953976988495	0.7855260652435629	0.8488712699405088
193.21260630315157	0.7862516745992068	0.8478033147946524
193.3456728364182	0.787133777765817	0.8477987295323498
193.47873936968483	0.7855428252172636	0.8473131595502139
193.61180590295146	0.7856304669259907	0.84796130668218
193.74487243621812	0.7856622651960764	0.8485028111527118
193.87793896948475	0.7843087713238737	0.8465074818084017
194.01100550275137	0.783070873898114	0.847774726057737
194.144072036018	0.7849084221982896	0.847886458463851
194.27713856928463	0.7856453957201035	0.8467870322611347
194.41020510255126	0.7853946643015466	0.8472275558887109
194.54327163581792	0.7861354108922349	0.8469609196572834
194.67633816908454	0.7850167439569585	0.8460232367197555
194.80940470235117	0.7845272140537828	0.8448281152252674
194.9424712356178	0.7852934374974305	0.8451715629619012
195.07553776888443	0.7865927751757612	0.8447569258702167
195.20860430215106	0.78784376712351	0.8458753783482993
195.34167083541772	0.7869839690831402	0.8455377673004588
195.47473736868434	0.7875293884065439	0.8446539305854335
195.60780390195097	0.7877236184475974	0.8457887908141448
195.7408704352176	0.7881518516087292	0.8450760731412972
195.87393696848423	0.7898627168760332	0.846599171061267
196.00700350175086	0.7898217061988724	0.8459916624478762
196.14007003501752	0.7880401391482406	0.845855242224751
196.27313656828414	0.7873949673753777	0.8460869657340959
196.40620310155077	0.7871103221517897	0.8459670825712327
196.5392696348174	0.7878491761728884	0.8465246927774428
196.67233616808403	0.7867054568845113	0.8445062729168795
196.80540270135066	0.7862590524117523	0.8426429758680579
196.93846923461732	0.786806547194282	0.843558328435267
197.07153576788394	0.787161038251958	0.8439564844921189
197.20460230115057	0.7874671227399167	0.8438517300992259
197.3376688344172	0.7877056451106442	0.8433493507974984
197.47073536768383	0.7883648464956865	0.8430749591493373
197.60380190095046	0.7889896304247079	0.8416342990608356
197.73686843421712	0.7888004060432621	0.8417781458348363
197.86993496748374	0.7877359056427853	0.8409962873784502
198.00300150075037	0.7867209638889507	0.8408722488321491
198.136068034017	0.7867647044465759	0.8411003140143207
198.26913456728363	0.7870258447096927	0.840805431735713
198.40220110055026	0.7881844729398485	0.8406860085062059
198.53526763381691	0.7876063978482855	0.8400931992747995
198.66833416708354	0.7865448693592751	0.8400834750951545
198.80140070035017	0.7871022602269693	0.838919644084577
198.9344672336168	0.7866745301930895	0.8385175422906631
199.06753376688343	0.7870999461797434	0.8390458301415068
199.20060030015006	0.7871982713814701	0.8392670145547885
199.33366683341671	0.7865685580579672	0.8397900163204604
199.46673336668334	0.7862509294913798	0.8406092393664155
199.59979989994997	0.7859960195505804	0.8408849137987647
199.7328664332166	0.7845156840335257	0.8419724630742775
199.86593296648323	0.7849072721451885	0.8420097669866525
199.99899949974986	0.7850376251600583	0.8424495230367165
200.1320660330165	0.7844528782962253	0.842647474157906
200.26513256628314	0.7842535155700049	0.842436703723493
200.39819909954977	0.7841236262185483	0.8419080234033574
200.5312656328164	0.7828445484447781	0.841409365370417
200.66433216608303	0.7827687683603705	0.8400533791568663
200.79739869934966	0.7829694920192952	0.8385632188692375
200.9304652326163	0.7841083417662821	0.8383181176840349
201.06353176588294	0.7849164017513128	0.8379165878086833
201.19659829914957	0.7852798556961271	0.8381277047314214
201.3296648324162	0.7848487410706002	0.8396244881996525
201.46273136568283	0.7835067512710016	0.8394989545911468
201.59579789894946	0.7844418604234343	0.8399075392854224
201.7288644322161	0.7843100136316534	0.8407525450154486
201.86193096548274	0.7836181076848417	0.8391675802942534
201.99499749874937	0.7835861766256124	0.8394260809536612
202.128064032016	0.7829243852236916	0.839145465031357
202.26113056528263	0.7834481075502535	0.8390083190869034
202.39419709854926	0.7843920062018609	0.8407698776198779
202.5272636318159	0.7837201608480292	0.840828892462347
202.66033016508254	0.7822954689174932	0.8416070656121802
202.79339669834917	0.7820038371425422	0.8419866974699521
202.9264632316158	0.7811448307772878	0.8409075419646583
203.05952976488243	0.7806577282247994	0.8411899785342277
203.19259629814906	0.7808172302821609	0.8414784018377388
203.3256628314157	0.7805567201539991	0.8407813687286626
203.45872936468234	0.7811951055086832	0.840208390683951
203.59179589794897	0.7817863397568502	0.8400512333634053
203.7248624312156	0.7815890083383195	0.8405889313246415
203.85792896448223	0.7814194974282291	0.8397842287832836
203.99099549774886	0.781992877380667	0.8395565372614981
204.1240620310155	0.7814439944555119	0.8389434041591248
204.25712856428214	0.7828950772671003	0.8384104828204254
204.39019509754877	0.7836061070024526	0.8372057360455817
204.5232616308154	0.7826109610314658	0.8371123535229648
204.65632816408203	0.7812290490384415	0.8380648692790421
204.78939469734868	0.7811628548516125	0.8392617321751955
204.9224612306153	0.7810900541604757	0.8382553758510598
205.05552776388194	0.7813695328675019	0.8382800387953724
205.18859429714857	0.7824391731039381	0.8390832737087216
205.3216608304152	0.7828807998255982	0.8386817821654858
205.45472736368183	0.781852255371144	0.8378433657818608
205.58779389694848	0.7820245304064085	0.8378470607892355
205.7208604302151	0.7834039422873705	0.8386525536893314
205.85392696348174	0.7842333043350276	0.8380555156555739
205.98699349674837	0.7832640669257294	0.8373993393216855
206.120060030015	0.7829518938299518	0.8366005004882626
206.25312656328163	0.7833025540451454	0.8356991474521921
206.38619309654828	0.7835932948478459	0.8345001151283783
206.5192596298149	0.7841737593176196	0.8354133875695904
206.65232616308154	0.7841230119556543	0.8358775042207679
206.78539269634817	0.7836101459358623	0.8367442378583996
206.9184592296148	0.78222591843116	0.8372227909857552
207.05152576288143	0.7811960309939187	0.8371720441481534
207.18459229614808	0.7809649355093975	0.8374990329036635
207.3176588294147	0.7814878689756675	0.8373295571601853
207.45072536268134	0.7808499268598261	0.836818435618207
207.58379189594797	0.7813509224419122	0.8367783827755424
207.7168584292146	0.7824517742706402	0.8363245580504165
207.84992496248123	0.7825594211911685	0.836103587301982
207.98299149574788	0.7823400665472341	0.83617919744423
208.1160580290145	0.7820967565021052	0.8358911093098395
208.24912456228114	0.781320136083364	0.836180038624996
208.38219109554777	0.781176333597911	0.8360657053579225
208.5152576288144	0.7811695433741963	0.8359611666242224
208.64832416208102	0.7816608399048631	0.8353104346128464
208.78139069534768	0.7814598140511404	0.835797846334329
208.9144572286143	0.7810213849872002	0.8360679669890356
209.04752376188094	0.7811504100961648	0.8353823242927897
209.18059029514757	0.7803442870156139	0.8349674159221356
209.3136568284142	0.7802687112915486	0.8348472936126773
209.44672336168082	0.7800214442482678	0.8351345672232563
209.57978989494748	0.7804636283682138	0.8344678428547885
209.7128564282141	0.781148019627104	0.8341169571347161
209.84592296148074	0.7815068543007935	0.8337429766443398
209.97898949474737	0.7817888386757981	0.834444732559611
210.112056028014	0.7803165369644071	0.8340364895397697
210.24512256128062	0.7801847781652463	0.8340372542229935
210.37818909454728	0.7801960698057054	0.8339710209616803
210.5112556278139	0.7807264411093143	0.8330452091408499
210.64432216108054	0.7790700518891184	0.8339884308988877
210.77738869434717	0.7781024199786878	0.8325426988762482
210.9104552276138	0.7786963394302571	0.8331900674479654
211.04352176088042	0.7790718788961322	0.8330716899696553
211.17658829414708	0.7780851550120284	0.8330022721752065
211.3096548274137	0.7786884311358201	0.8338782492140479
211.44272136068034	0.7800423527422354	0.8330305767078011
211.57578789394697	0.7805503278602813	0.8336562558952246
211.7088544272136	0.7808076789893968	0.8322996296809846
211.84192096048022	0.7807568411337323	0.8322185749443721
211.97498749374688	0.7800731823382318	0.8313946613813932
212.1080540270135	0.7794662548415802	0.832294896773467
212.24112056028014	0.7795273831925914	0.8326335169984598
212.37418709354677	0.779716794707637	0.8320374519882002
212.5072536268134	0.7795747655070315	0.8318122778006181
212.64032016008002	0.7784764807337478	0.8311327360107411
212.77338669334668	0.7794113908294887	0.8305925041454749
212.9064532266133	0.778909232347784	0.8312206176326598
213.03951975987994	0.7786335128795587	0.8312925955736153
213.17258629314657	0.7783655076841172	0.8307525686050434
213.3056528264132	0.7779354891027596	0.8298740259167429
213.43871935967982	0.7782726142249464	0.8303080606494435
213.57178589294648	0.7770053722743967	0.8312111925588921
213.7048524262131	0.7772631284924524	0.8309093162253265
213.83791895947974	0.776860818078047	0.8299260555434679
213.97098549274637	0.7760248538018772	0.8310941064294403
214.104052026013	0.7769049613268806	0.8306984973926231
214.23711855927962	0.777544250991918	0.8310896884974911
214.37018509254628	0.7793310863645247	0.8312106106974666
214.5032516258129	0.7796442865740169	0.8296714459768788
214.63631815907954	0.7796738160006097	0.8289332195415264
214.76938469234616	0.7785322761186296	0.8293765075067034
214.9024512256128	0.7785437845545105	0.8308816120709158
215.03551775887942	0.778454149875731	0.8320737719015697
215.16858429214608	0.7775405388846401	0.8310412186395036
215.3016508254127	0.7766316408719581	0.8306643590762057
215.43471735867934	0.7765013941746506	0.831558879646031
215.56778389194596	0.7775502822274123	0.8319324839095281
215.7008504252126	0.7775070495652779	0.8311092298640287
215.83391695847922	0.7764513783079285	0.8295489039233933
215.96698349174588	0.7767608093640349	0.8306272179864156
216.1000500250125	0.7771331789068754	0.8312226637546889
216.23311655827914	0.776869043928487	0.8318109778663746
216.36618309154576	0.7777226350408398	0.8316047445207602
216.4992496248124	0.7779352103455632	0.8319809505281248
216.63231615807902	0.7779770504802292	0.8330064722970714
216.76538269134568	0.7774018034640731	0.8323590577552125
216.8984492246123	0.7771636185321898	0.8318103720660722
217.03151575787894	0.7781555781379508	0.8323843171418338
217.16458229114556	0.778116009325622	0.8316340017323997
217.2976488244122	0.7768961227621144	0.8318249259370768
217.43071535767882	0.7759286003162353	0.8321558046041894
217.56378189094548	0.7763719301625863	0.8325910923198044
217.6968484242121	0.7767237991180499	0.832743567603482
217.82991495747874	0.7763233999525655	0.8321526944014545
217.96298149074536	0.7756137742567062	0.8312806438630854
218.096048024012	0.7758636919113123	0.8317088972679021
218.22911455727862	0.7761018668388857	0.8326210947375714
218.36218109054528	0.7762440077699053	0.8311162819572535
218.4952476238119	0.7760642645485574	0.8298653412240495
218.62831415707853	0.7764858676726272	0.829528689216417
218.76138069034516	0.7762509606944786	0.8284132779311769
218.8944472236118	0.7751951576079503	0.8285319119279385
219.02751375687842	0.7752993425779509	0.827813715964396
219.16058029014508	0.7750058095238483	0.8280762463266184
219.2936468234117	0.7750826524483856	0.8286758995476619
219.42671335667833	0.7750827398205792	0.8278461084291338
219.55977988994496	0.7744894980327459	0.8286789160079955
219.6928464232116	0.7737028200850448	0.8298558792617825
219.82591295647822	0.7730450800496027	0.8302583780051204
219.95897948974488	0.7725698932000544	0.8305269272717271
220.0920460230115	0.7734642092386204	0.8292690816906048
220.22511255627813	0.7746777162488659	0.8289541301462071
220.35817908954476	0.7733425905531306	0.8298119550552185
220.4912456228114	0.7732169985700897	0.8293208022881721
220.62431215607802	0.774470708144783	0.8290696916547352
220.75737868934468	0.7750891778272905	0.8295641482964203
220.8904452226113	0.7730329716287478	0.8298843211443451
221.02351175587793	0.7731188919895847	0.8293985175167753
221.15657828914456	0.7736972948770121	0.8292115569862683
221.2896448224112	0.7739928367764041	0.8298904348875177
221.42271135567785	0.7735183138935342	0.8286456626179103
221.55577788894448	0.774743104638691	0.8279275350560803
221.6888444222111	0.7743313909684822	0.8278183675187146
221.82191095547773	0.7737996263705897	0.8265533501260075
221.95497748874436	0.7740868963563459	0.8266129860093469
222.088044022011	0.7738601459142123	0.8275765398293847
222.22111055527765	0.77337894528095	0.8274036796026188
222.35417708854428	0.7730792208941412	0.8273751192883266
222.4872436218109	0.7729113510774672	0.8271394187415249
222.62031015507753	0.7713589142515669	0.8281676086582042
222.75337668834416	0.7710867469354828	0.8271377294020686
222.8864432216108	0.7724576030804191	0.8272774232683842
223.01950975487745	0.7729336547319152	0.8257384968804776
223.15257628814408	0.7721764872236261	0.8241685907772146
223.2856428214107	0.7702356009459006	0.8238738046576665
223.41870935467733	0.7713813629104915	0.8239777007619457
223.55177588794396	0.7724312681572709	0.8244836585847977
223.6848424212106	0.7721297762716625	0.8233455090954529
223.81790895447725	0.7740199843441845	0.8231063636261623
223.95097548774388	0.773550592746243	0.8224618829693002
224.0840420210105	0.773938398412964	0.8240340486075352
224.21710855427713	0.7736274034028788	0.8238689405815143
224.35017508754376	0.7732897349560218	0.8238234851065385
224.4832416208104	0.7736741257697374	0.8249249599629112
224.61630815407705	0.7727463038395755	0.824797649940295
224.74937468734367	0.7719638550120891	0.8241693134645219
224.8824412206103	0.7718405922938945	0.8248163866125279
225.01550775387693	0.7720484375264517	0.8248259976193911
225.14857428714356	0.7728334024504053	0.8255572433398647
225.2816408204102	0.7731570892271903	0.8260166424911962
225.41470735367685	0.7733146309188954	0.8258783446574339
225.54777388694347	0.7730596169829314	0.8249750950414376
225.6808404202101	0.7728429726802966	0.8235188710763554
225.81390695347673	0.7732107226794416	0.824603334500193
225.94697348674336	0.7731312401878933	0.8247177853539909
226.08004002001	0.7731077892834528	0.8254407940065579
226.21310655327665	0.7723794836504808	0.8247759899394833
226.34617308654327	0.7712600613010889	0.8251126518545588
226.4792396198099	0.7711705984259901	0.8236495943486604
226.61230615307653	0.7715692713749736	0.8231581447906229
226.74537268634316	0.7716477528228678	0.8237658939886601
226.8784392196098	0.7716996133843259	0.822427398415729
227.01150575287645	0.7716671941449598	0.8227222034621341
227.14457228614307	0.7722968108142101	0.8236919751466054
227.2776388194097	0.7721439207711878	0.8234857553996943
227.41070535267633	0.7715630273069541	0.8229475074648794
227.54377188594296	0.771795242945866	0.8231994272211549
227.6768384192096	0.7718917600272919	0.8224438905391038
227.80990495247624	0.7714410559535859	0.8229753175945487
227.94297148574287	0.7712856200289044	0.8235565342238044
228.0760380190095	0.7713654848547522	0.8241235365387252
228.20910455227613	0.7711032050029721	0.8221896805365126
228.34217108554276	0.7702750215355616	0.8220181824208789
228.4752376188094	0.770322356933715	0.8217757517937838
228.60830415207604	0.7716703544537239	0.8220595282223987
228.74137068534267	0.771099797840834	0.8218635434902616
228.8744372186093	0.7711770652638152	0.8207726589390963
229.00750375187593	0.7710164411162039	0.8197231911888915
229.14057028514256	0.771109927347794	0.819527080857492
229.2736368184092	0.7696710712921774	0.8192160936787674
229.40670335167584	0.7687298155736897	0.8190646705106335
229.53976988494247	0.7695524261419326	0.8200870366542322
229.6728364182091	0.7693348862150966	0.8207281811600469
229.80590295147573	0.7700013646416837	0.8203561196058342
229.93896948474236	0.7690142864037787	0.821004272856611
230.072036018009	0.7687739952458125	0.8202177994067655
230.20510255127564	0.7696517877645703	0.8200511292675954
230.33816908454227	0.7704639194203677	0.8194829492854689
230.4712356178089	0.7703072529062863	0.8200345171354446
230.60430215107553	0.7705326760966321	0.8197535326992145
230.73736868434216	0.7715153465275221	0.8198253785914295
230.8704352176088	0.7709546828904784	0.8206434147820729
231.00350175087544	0.7715088731846087	0.819590554498458
231.13656828414207	0.7714387353713514	0.8197539578523151
231.2696348174087	0.7715444757378225	0.81946415217247
231.40270135067533	0.7714847457758242	0.8203725969124922
231.53576788394196	0.7699708816018643	0.8200438901780729
231.6688344172086	0.7692171071005379	0.820187136983232
231.80190095047524	0.7686599352218606	0.819184654359387
231.93496748374187	0.7679907625393387	0.8190034968218771
232.0680340170085	0.7689775238245509	0.8202733644520194
232.20110055027513	0.7679584063934908	0.8194691894868031
232.33416708354176	0.7686788964804686	0.8198358794218795
232.4672336168084	0.7685863029999941	0.8203400634476141
232.60030015007504	0.7679565604612311	0.8195520974527125
232.73336668334167	0.76839185037462	0.818515279211462
232.8664332166083	0.7686969438265444	0.8183335346017174
232.99949974987493	0.7690989303052146	0.817649014968923
233.13256628314156	0.7695796385053257	0.8174870238404978
233.26563281640819	0.769453929365557	0.8180847358844943
233.39869934967484	0.7699508237127461	0.8164677818257202
233.53176588294147	0.7691114221551982	0.8167417150469707
233.6648324162081	0.7687314971061981	0.8160349153881201
233.79789894947473	0.7688288478276756	0.8163527768796388
233.93096548274136	0.7684232724195931	0.8164057513783842
234.06403201600799	0.7692956725170655	0.816585200624637
234.19709854927464	0.7683920070337394	0.8158383392444776
234.33016508254127	0.7677243062110608	0.8166327197311696
234.4632316158079	0.7677013859382334	0.8173352964600273
234.59629814907453	0.7675953862798404	0.8163159733601311
234.72936468234116	0.7666622676351329	0.8173296086666479
234.86243121560778	0.7659035312158209	0.818576140037449
234.99549774887444	0.7663483531457893	0.8180154120926912
235.12856428214107	0.7668360229656298	0.8190246192343574
235.2616308154077	0.7658371111818684	0.8197516677458873
235.39469734867433	0.7667324205734168	0.8179389916635303
235.52776388194096	0.7673864169610364	0.8176355851751631
235.66083041520758	0.7666125716788504	0.8162813112677219
235.79389694847424	0.7659609070355217	0.8158351571276931
235.92696348174087	0.7653311902164569	0.8179870410860484
236.0600300150075	0.7652828740902988	0.8163348892887582
236.19309654827413	0.765103898099829	0.8168944464131709
236.32616308154076	0.7660126897444262	0.816505264036547
236.45922961480738	0.7666175260233548	0.8157743627755443
236.59229614807404	0.7662939908675976	0.8155193682474194
236.72536268134067	0.7672771643205408	0.815671141939674
236.8584292146073	0.7670220700980007	0.8151779521235973
236.99149574787393	0.7678629256879175	0.8148460560954235
237.12456228114056	0.7665063117764469	0.815512609162542
237.25762881440718	0.7656438380767762	0.8152545141198982
237.39069534767384	0.7646206996298874	0.8151832142382816
237.52376188094047	0.7649788294492487	0.8149299498347491
237.6568284142071	0.766100043482069	0.8151525558021723
237.78989494747373	0.7666011407504072	0.8144569565215337
237.92296148074036	0.7658679371063476	0.8131634823693176
238.05602801400698	0.76504359805461	0.8135779456902067
238.18909454727364	0.7651808631684383	0.8124310919472497
238.32216108054027	0.7659266209489922	0.812855565450677
238.4552276138069	0.7660430982218238	0.8128324596261516
238.58829414707353	0.7660028178142203	0.8137138295973018
238.72136068034015	0.7669469380974758	0.8147768892958851
238.8544272136068	0.7678063280149687	0.8136643425491064
238.98749374687344	0.7657422727519104	0.8140825228033308
239.12056028014007	0.7644478201297019	0.8138251348152109
239.2536268134067	0.7641740677378303	0.8135525719390394
239.38669334667333	0.7650905006427209	0.8128334411910036
239.51975987993995	0.7645325922901969	0.8122391296449039
239.6528264132066	0.7648686152635132	0.8114982786112098
239.78589294647324	0.7647211308504973	0.8107479809569503
239.91895947973987	0.7652468558108679	0.8109551669581142
240.0520260130065	0.7640178502423755	0.809503550298737
240.18509254627313	0.7631496172758294	0.8096243034060423
240.31815907953975	0.7629140939323475	0.8110339486222699
240.4512256128064	0.7639615091050367	0.8114590251012037
240.58429214607304	0.7639796355897442	0.810895599628335
240.71735867933967	0.7640587187318473	0.8108797793503892
240.8504252126063	0.7636270434902042	0.8113423101538205
240.98349174587293	0.7630713026353119	0.8112120658054093
241.11655827913955	0.7628244612081913	0.8111997971040681
241.2496248124062	0.7627812098559289	0.8120047508860387
241.38269134567284	0.7629066046642234	0.8117857112730708
241.51575787893947	0.7627575539941823	0.8111028187138787
241.6488244122061	0.7632951557188344	0.8112830479738573
241.78189094547272	0.7638003425909127	0.8116927893408568
241.91495747873935	0.7630653356508517	0.8105282266110846
242.048024012006	0.7622564379412428	0.8102797292166677
242.18109054527264	0.7626278789451172	0.8108752550641048
242.31415707853927	0.7633965972228193	0.8112630516981716
242.4472236118059	0.7634907687159485	0.8119168547714475
242.58029014507252	0.7639200235892342	0.8114080950701388
242.71335667833915	0.7643912469193493	0.8120649278507108
242.8464232116058	0.7630955929114001	0.8116217080447006
242.97948974487244	0.7628182080733655	0.8116193797657352
243.11255627813907	0.7617626173739543	0.8112036505204331
243.2456228114057	0.7621669013203256	0.8116736419331531
243.37868934467232	0.7613502429037836	0.8109989365267395
243.51175587793895	0.7612356183339098	0.8112187576082549
243.6448224112056	0.7611215979828952	0.8107724156478088
243.77788894447224	0.7613323129576581	0.8105051883696524
243.91095547773887	0.7604481379710087	0.8109248177013081
244.0440220110055	0.7603660854311783	0.8111851054586818
244.17708854427212	0.7615518680506159	0.810889293583961
244.31015507753875	0.7609365908089849	0.810226749160456
244.4432216108054	0.7597389808541319	0.8107842416083606
244.57628814407204	0.7600534613967452	0.8101225425016982
244.70935467733867	0.759690056199742	0.8108259685360502
244.8424212106053	0.7600569051373531	0.8117307779201337
244.97548774387192	0.7606926040982158	0.8120347309962972
245.10855427713855	0.7591749042394011	0.8109950836940624
245.2416208104052	0.7590153362699641	0.8097657100239956
245.37468734367184	0.757922480458943	0.8105063094139039
245.50775387693847	0.7583043104883367	0.8113932459782115
245.6408204102051	0.7585583583124539	0.8108748168625542
245.77388694347172	0.758313210392234	0.8121960118260815
245.90695347673835	0.7591693651349477	0.8124108951735143
246.040020010005	0.759326926664841	0.8112485845755523
246.17308654327164	0.7592576083732663	0.809460139258731
246.30615307653827	0.7595229760489517	0.8088719843348987
246.4392196098049	0.7596012423374103	0.8081010244968565
246.57228614307152	0.7600732131293224	0.8075615361127152
246.70535267633815	0.7599573127338975	0.8076058660480097
246.8384192096048	0.7601189107899156	0.8074715887565119
246.97148574287144	0.7596157009889078	0.8083748249283597
247.10455227613807	0.7590497999864181	0.8080040375326861
247.2376188094047	0.7573153707241003	0.8087451590578149
247.37068534267132	0.7572140104647983	0.8071707796351411
247.50375187593795	0.7576450172896992	0.8069082479098361
247.6368184092046	0.7574175766256965	0.8075602523455242
247.76988494247124	0.7569523502340973	0.8078464049578054
247.90295147573786	0.7565462028898108	0.8102006047005543
248.0360180090045	0.7563592991274937	0.8100709098515931
248.16908454227112	0.7566448929441313	0.8101805428497812
248.30215107553775	0.7565911596251441	0.8103084131040462
248.4352176088044	0.756948457345028	0.8092646292363905
248.56828414207104	0.7578149991660448	0.8079796352521113
248.70135067533766	0.756567583639043	0.8076569816442106
248.8344172086043	0.755323271537199	0.8071350443079918
248.96748374187092	0.7549778980176538	0.8065784228719556
249.10055027513755	0.7543580073085775	0.8068877588936278
249.2336168084042	0.7543707354431008	0.8069730019235706
249.36668334167084	0.7549324186754425	0.8095685853927251
249.49974987493746	0.7555176007005762	0.8099802532572372
249.6328164082041	0.7555777048739659	0.8089190196928796
249.76588294147072	0.7541999187435433	0.8088042680726507
249.89894947473735	0.7533019595023684	0.8081956066448331
250.032016008004	0.7511778927591396	0.8076602084792149
250.16508254127064	0.7519503112274347	0.8073967878253804
250.29814907453726	0.7530744501656489	0.8067497241743139
250.4312156078039	0.752850252491808	0.8057957735285285
250.56428214107052	0.7533148533219721	0.8059949638971655
250.69734867433715	0.7537349853442512	0.8053693650439772
250.8304152076038	0.7533205690487699	0.8064172070442834
250.96348174087044	0.7529425922835244	0.8061180731194999
251.09654827413706	0.7531214379751756	0.8074959409013239
251.2296148074037	0.7538629892159125	0.8079871823621837
251.36268134067032	0.7539267173874211	0.8073472521725585
251.49574787393695	0.7539655456165305	0.8061971806444453
251.6288144072036	0.752712753052123	0.8062074668572069
251.76188094047023	0.7520050994977441	0.8068510953167277
251.89494747373686	0.7520324428538553	0.8061320147133216
252.0280140070035	0.7536678025121315	0.806245518137023
252.16108054027012	0.7531990239722245	0.8052890809339825
252.29414707353675	0.7528714496824799	0.8059767095373902
252.4272136068034	0.7527839996493438	0.8058288362444136
252.56028014007003	0.7524509577804048	0.8033772366868736
252.69334667333666	0.7511861235184514	0.8036673210992614
252.8264132066033	0.751167333789265	0.8048879076029267
252.95947973986992	0.7519004376800398	0.8044186772229833
253.09254627313655	0.750789999216159	0.8053521272821222
253.2256128064032	0.7499625869470018	0.8041338006091866
253.35867933966983	0.7506970292170412	0.8034195544989832
253.49174587293646	0.7512697602256169	0.8048132176063431
253.6248124062031	0.7511011915416689	0.8046373382449252
253.75787893946972	0.7512409786229157	0.805125877395057
253.89094547273635	0.7514775821068177	0.8056376699093901
254.024012006003	0.7520799366984555	0.8057689855080958
254.15707853926963	0.7527261431518085	0.806301592031273
254.29014507253626	0.7527205895928001	0.8069607625455942
254.4232116058029	0.7531514280767796	0.8068682816069506
254.55627813906952	0.7523075589919607	0.8061789018903378
254.68934467233615	0.7535226282743551	0.8056141187358411
254.8224112056028	0.7528640489233265	0.8038808077843611
254.95547773886943	0.7516313341617029	0.803827385635595
255.08854427213606	0.7514603423988975	0.8041225456433319
255.2216108054027	0.7510552529988098	0.803132412720362
255.35467733866932	0.7515108554069126	0.803790013396737
255.48774387193595	0.7516671554780293	0.8035180850445428
255.6208104052026	0.7502121099473372	0.8033448872324463
255.75387693846923	0.7505041433904625	0.8035201447397684
255.88694347173586	0.7498240195831061	0.8042635850743544
256.0200100050025	0.7509716878804614	0.8042559253942589
256.15307653826915	0.7502055206829401	0.8051306521745942
256.2861430715358	0.7507193872647738	0.8040195340340406
256.4192096048024	0.7507325443055627	0.8024698996151731
256.55227613806903	0.7502766951815786	0.8037419661663682
256.68534267133566	0.7499474106008068	0.8018095586791297
256.8184092046023	0.7509696232482618	0.8003852138890953
256.9514757378689	0.7507004014915308	0.7997390883794009
257.08454227113555	0.7510322558820044	0.8000495133926879
257.2176088044022	0.7501428683102461	0.8003948996670256
257.3506753376688	0.7489777984900077	0.8001156799457589
257.4837418709355	0.7484004349385829	0.7991725094339349
257.6168084042021	0.7484955617771529	0.7995493932601403
257.74987493746875	0.7488680531376966	0.8003880444641025
257.8829414707354	0.7492309881831057	0.7999681909593415
258.016008004002	0.7492150578225105	0.7989814227777975
258.14907453726863	0.7488306084852816	0.7998028539725291
258.28214107053526	0.7469169937288623	0.7998865465206533
258.4152076038019	0.7461284636711454	0.8001367204557617
258.5482741370685	0.7466023230847236	0.7997129493224713
258.68134067033515	0.746008923366698	0.8003109877228504
258.8144072036018	0.7464112403377784	0.8007304439033612
258.9474737368684	0.746265075971495	0.8009044606903908
259.0805402701351	0.7456433286173069	0.8020391386695936
259.2136068034017	0.7464728702053	0.8008013635204603
259.34667333666835	0.7466584602126067	0.8005218697757452
259.479739869935	0.746989279440624	0.7993041359906093
259.6128064032016	0.7459036218350903	0.7984288662032919
259.74587293646823	0.7459927158609214	0.7986760287024111
259.87893946973486	0.7448799009953165	0.797930974737948
260.0120060030015	0.745674034046186	0.7979974958182332
260.1450725362681	0.7455142648599778	0.7985627796018112
260.27813906953475	0.7444017955775786	0.7991491564634353
260.4112056028014	0.7441434431736037	0.7980712534911192
260.544272136068	0.7440099207009039	0.7989464441245122
260.6773386693347	0.7443030803281663	0.796993113039041
260.8104052026013	0.7450293695536158	0.7970297985385976
260.94347173586794	0.7444513217338566	0.7968439550240455
261.0765382691346	0.7453643178085592	0.7983548648415967
261.2096048024012	0.7459247712477131	0.7991956863864291
261.34267133566783	0.746889967056509	0.7992757367536775
261.47573786893446	0.7479168544490415	0.7982997536740145
261.6088044022011	0.7482817463903481	0.7969249670943575
261.7418709354677	0.7483478488437401	0.7975596307138204
261.87493746873434	0.7484622449454569	0.7969750096400315
262.008004002001	0.747943562644255	0.7968548008176303
262.1410705352676	0.7472805370580696	0.7968939752489537
262.2741370685343	0.7484502560072734	0.7975334338795108
262.4072036018009	0.7482884479567489	0.7975937853908641
262.54027013506754	0.7480681635259204	0.7967090873439643
262.6733366683342	0.747636963292064	0.7966907994188689
262.8064032016008	0.7486069887475229	0.7975593791174249
262.93946973486743	0.7484907236634532	0.797258842328171
263.07253626813406	0.7476080707503323	0.7968621684186801
263.2056028014007	0.7468242310412717	0.7961270796920995
263.3386693346673	0.7470618364930279	0.7964503580698437
263.47173586793394	0.7474567595982866	0.7966815878839343
263.6048024012006	0.7481519940357438	0.7961450867575944
263.7378689344672	0.7474865325475203	0.7970024947036433
263.8709354677339	0.748148234236891	0.797666786718328
264.0040020010005	0.7477326889118487	0.7990370874767504
264.13706853426714	0.7479034376620857	0.7995850335588718
264.2701350675338	0.7483702372655465	0.7977751377297805
264.4032016008004	0.7482647893453334	0.7969848090179541
264.53626813406703	0.748012512186217	0.797916441737625
264.66933466733366	0.7491938149032081	0.7974105645734401
264.8024012006003	0.7471834592430481	0.7974317819980579
264.9354677338669	0.7470410544210525	0.7967032777027107
265.06853426713354	0.7475065772699084	0.7960593796446096
265.2016008004002	0.7477530774441035	0.7955937556915877
265.3346673336668	0.7469121976052928	0.7949748870342644
265.4677338669335	0.7465122441322188	0.793932214713461
265.6008004002001	0.746245852173687	0.7936452339975657
265.73386693346674	0.7467100466940858	0.7918282515116074
265.86693346673337	0.7477072803413575	0.7923138788064124
266.0	0.7474418604651163	0.792890365448505
