0.0	0.0	0.0
0.1330665332666333	4.433187351197182e-05	4.437961500785475e-05
0.2661330665332666	0.0002218092062893998	0.00037704489226902797
0.39919959979989994	0.0006874364745501947	0.0010420815933243662
0.5322661330665333	0.0013750057638105772	0.0018624259262518296
0.6653326663331666	0.002572927982468075	0.0029706989283884546
0.7983991995997999	0.004213195601682639	0.004034102156938755
0.9314657328664332	0.005763547547120968	0.005120469361184031
1.0645322661330665	0.007092680948579673	0.006562973060552325
1.1975987993997	0.008377630593540911	0.008446328551024637
1.3306653326663331	0.009529258603095217	0.010109402016613223
1.4637318659329663	0.010727840745734928	0.012416250201939023
1.5967983991995998	0.012390925934998149	0.014833185224957746
1.7298649324662332	0.013850954096421631	0.017692830962557565
1.8629314657328664	0.015115425708655861	0.020531129293414132
1.9959979989994996	0.016620381743997055	0.023788089056501375
2.129064532266133	0.01768558478006698	0.0265786662113465
2.2621310655327664	0.019461009734261597	0.029639075278844556
2.3951975987994	0.020852202510011388	0.03280922355466579
2.528264132066033	0.022004870728740297	0.0362461054774813
2.6613306653326663	0.023153985075144854	0.0399516832523447
2.7943971985992997	0.024044984735547583	0.04429990815332443
2.9274637318659327	0.025753899148043123	0.0486829990423285
3.060530265132566	0.02708158582333049	0.05262693746978799
3.1935967983991995	0.02854082984358544	0.05695300255070656
3.326663331665833	0.029380178804220232	0.06172725417811918
3.4597298649324664	0.030444028650538853	0.06740526665742136
3.5927963981990994	0.03135704633853183	0.07285061108643523
3.7258629314657328	0.03295634724304779	0.07831172292337282
3.858929464732366	0.034305596019426864	0.08460709831652426
3.991995997998999	0.03569923783222838	0.09026920477145103
4.125062531265633	0.0367619577970316	0.09560839816352533
4.258129064532266	0.03807216763520939	0.10122875782588658
4.391195597798899	0.039171280703513424	0.1077683236252649
4.524262131065533	0.03986035958729493	0.11411620436999596
4.657328664332166	0.04106320786207835	0.12182194475911948
4.7903951975988	0.042164972232252684	0.12922290423800134
4.923461730865433	0.043006341861152965	0.13567754103263646
5.056528264132066	0.0440072158374263	0.14338278864742915
5.1895947973986996	0.04502215420703504	0.15107025214809403
5.3226613306653325	0.04586890365798628	0.1589855662241331
5.4557278639319655	0.04703890098903771	0.16656408931228947
5.588794397198599	0.04756327679354047	0.17314790549364945
5.721860930465232	0.04830280236999537	0.1806941949819606
5.854927463731865	0.049280794017851556	0.18814251300852486
5.987993996998499	0.050250847416912534	0.1961504247333909
6.121060530265132	0.05095852199026316	0.20400758495857801
6.254127063531766	0.051850553811945005	0.21139642020128582
6.387193596798399	0.05279895941004646	0.21825530569175391
6.520260130065032	0.05353066110430688	0.2248335369698962
6.653326663331666	0.05439185724635401	0.231441723477194
6.786393196598299	0.05494336116651187	0.23803109141799564
6.919459729864933	0.0557265340056761	0.24408953246033804
7.052526263131566	0.05663442211247511	0.251224928780399
7.185592796398199	0.057524106678550777	0.25822525953686765
7.318659329664833	0.058564100791086704	0.2643334244339756
7.4517258629314655	0.05938021234087064	0.2705293632157127
7.5847923961980985	0.060222981974678326	0.27596568679690453
7.717858929464732	0.06114033107616979	0.28164083206863505
7.850925462731365	0.062356231733537784	0.28785252117861454
7.983991995997998	0.06321718421246765	0.2933667742439657
8.117058529264632	0.0642846292863971	0.2998039193710196
8.250125062531266	0.06520841583443926	0.304075341315688
8.383191595797898	0.06600540481524883	0.30981362214664115
8.516258129064532	0.06675239866364151	0.3136769448255275
8.649324662331166	0.06728481665867311	0.31775041759649236
8.782391195597798	0.0680683788953451	0.32119027571347736
8.915457728864432	0.06885885042256881	0.32557300857298355
9.048524262131066	0.06953318076132443	0.32968444057151336
9.181590795397698	0.07061934821234188	0.33405085224309894
9.314657328664332	0.0713679209161451	0.3385783737495432
9.447723861930966	0.07227889874877481	0.34149847146479356
9.5807903951976	0.07285377363385064	0.3446239513034534
9.713856928464232	0.07301897516926774	0.34749495045964407
9.846923461730865	0.07387581134956724	0.3511382265120761
9.9799899949975	0.07457302898860903	0.35438554533942085
10.113056528264131	0.07515207187056523	0.3575593091831651
10.246123061530765	0.07566437286248393	0.36005417928180666
10.379189594797399	0.07572102554444211	0.3627349327441795
10.512256128064031	0.07655086012026861	0.36527375969803305
10.645322661330665	0.07698314430621919	0.36812999084143777
10.778389194597299	0.07754143498576363	0.36999061007959694
10.911455727863931	0.0781021648856356	0.3724851817697421
11.044522261130565	0.07887458647907943	0.3738035748063397
11.177588794397199	0.07933189433315405	0.3757130286131068
11.31065532766383	0.07987066770787841	0.3786908402288446
11.443721860930465	0.08044101324408505	0.3800377226358141
11.576788394197099	0.08106424547094233	0.38269883124412585
11.70985492746373	0.08217501830601208	0.3842955613175371
11.842921460730365	0.08216378858604964	0.38498811026106117
11.975987993996998	0.08232520718974556	0.3857340232049879
12.109054527263632	0.08310007487451328	0.38675478141288655
12.242121060530264	0.08397090903364497	0.3878165242921766
12.375187593796898	0.08440830560141796	0.38951352087456687
12.508254127063532	0.08506029401396743	0.3907023781213633
12.641320660330164	0.08577427858716695	0.3908593065158651
12.774387193596798	0.08674352014345357	0.39146029011836414
12.907453726863432	0.0877607484566098	0.392637009860347
13.040520260130064	0.08818033638754107	0.39311211435081134
13.173586793396698	0.0889286721783771	0.39430014732087737
13.306653326663332	0.08926431648968959	0.39465125845465526
13.439719859929964	0.09004179593995092	0.39560087566705987
13.572786393196598	0.09053636874412392	0.39614290459262724
13.705852926463232	0.09162061848152268	0.39800484949194453
13.838919459729865	0.09242081393618516	0.3991159768440711
13.971985992996498	0.0925521107286291	0.40002537682653694
14.105052526263131	0.0933261430060632	0.4008065500099604
14.238119059529765	0.09444275599884427	0.4015242416842301
14.371185592796397	0.09502262017314586	0.40286454519847265
14.504252126063031	0.09552339116036367	0.4032950071123624
14.637318659329665	0.09578806525059863	0.4036451614269435
14.770385192596297	0.09634228678725584	0.40377530311692433
14.903451725862931	0.09695723191892108	0.4040454989145079
15.036518259129565	0.09708002677295542	0.4042137511554003
15.169584792396197	0.0980001898915322	0.40446117323300074
15.302651325662831	0.09902071891448846	0.4047517351139214
15.435717858929465	0.09989136101424304	0.4040232087288779
15.568784392196097	0.10011959470200801	0.4048529861833026
15.70185092546273	0.10092239041824926	0.4041251397752186
15.834917458729365	0.10126285526105	0.40477178545705705
15.967983991995997	0.10180525102384524	0.40593225486210716
16.101050525262632	0.10215400214086547	0.4077181279132036
16.234117058529264	0.10226258189379177	0.40804691140878
16.367183591795897	0.10275237541614683	0.4094321088681128
16.500250125062532	0.10273257646396033	0.40969892110435036
16.633316658329164	0.10362743237437004	0.40943796530415594
16.766383191595796	0.10387469295486614	0.40918480491477666
16.899449724862432	0.10449622228372211	0.41043402507458565
17.032516258129064	0.10510604035875758	0.4097186603003624
17.165582791395696	0.1056965440800106	0.41128411195015435
17.298649324662332	0.10656506781386524	0.41210795490069935
17.431715857928964	0.1071823049759791	0.41249243740754504
17.564782391195596	0.10756036625248877	0.4122074020560095
17.69784892446223	0.10820337291616229	0.4124921463509524
17.830915457728864	0.1089383998886959	0.4135560999952975
17.963981990995496	0.10928355999540101	0.4133918318636263
18.09704852426213	0.10975371167433619	0.4143998246941159
18.230115057528764	0.11004134830534844	0.4155594182322692
18.363181590795396	0.11021884529380192	0.41598568722031415
18.49624812406203	0.1108180122880728	0.41617964869792284
18.629314657328663	0.11109706891056834	0.4165789753914733
18.762381190595296	0.11165845580768986	0.41768498077221333
18.89544772386193	0.11242742134160806	0.418734168136887
19.028514257128563	0.1129486372679903	0.41990571775455277
19.1615807903952	0.1132901832108815	0.42043596661642824
19.29464732366183	0.1133789769210723	0.421008726595029
19.427713856928463	0.11441498069164234	0.42118949685006224
19.5607803901951	0.11478179258437234	0.42098652221883986
19.69384692346173	0.1150624947058758	0.42070127487034825
19.826913456728363	0.1159717461023831	0.42009803534991985
19.959979989995	0.11672454993245843	0.4205963329580183
20.09304652326163	0.11713248506786324	0.4201242813795048
20.226113056528263	0.11722997731328338	0.4205119825750527
20.3591795897949	0.11782332714544327	0.42041650103888406
20.49224612306153	0.1185298832519206	0.4203495174714813
20.625312656328163	0.11891613107790457	0.42095201506342994
20.758379189594798	0.11975719695382334	0.4208042093985371
20.89144572286143	0.12016162431157743	0.42236401150548214
21.024512256128062	0.11997323157601265	0.42327729022936295
21.157578789394698	0.12096048183364763	0.42376695924013885
21.29064532266133	0.12104012322540135	0.42535809837774413
21.423711855927962	0.12121650122314999	0.4248706967809745
21.556778389194598	0.12156853609743033	0.42507816159485245
21.68984492246123	0.12197984999481516	0.42528014006090176
21.822911455727862	0.12213661718089894	0.4268316255495335
21.955977988994498	0.12300074716973312	0.4275584738856763
22.08904452226113	0.12301176325296252	0.4275440179142909
22.222111055527762	0.12371889084890514	0.42838963155478077
22.355177588794398	0.1243728406991865	0.4286549791538722
22.48824412206103	0.12512299211748634	0.42818687823944906
22.62131065532766	0.125691093587956	0.4275410044820976
22.754377188594297	0.1253776941995437	0.42829672387117457
22.88744372186093	0.12569574493942892	0.42861827499601035
23.02051025512756	0.12600843840944018	0.42903127322551043
23.153576788394197	0.12662115455481182	0.4295876797467323
23.28664332166083	0.12659111559923175	0.4300942800030304
23.41970985492746	0.1269264381173223	0.4294834607806214
23.552776388194097	0.1271701847431858	0.42884077321228437
23.68584292146073	0.1280408386703794	0.42812028401943725
23.818909454727365	0.12819884555117775	0.4277529835176993
23.951975987993997	0.12881076319775453	0.427211525406371
24.08504252126063	0.12944695338125756	0.4262022609404494
24.218109054527265	0.12998067867689744	0.4266262862649313
24.351175587793897	0.1301116469712099	0.4268133360904816
24.48424212106053	0.13020044496321978	0.427830181208471
24.617308654327164	0.13120157334838267	0.4280914549316114
24.750375187593797	0.13166780067317976	0.42762829269235314
24.88344172086043	0.13180414744132934	0.4273900159544274
25.016508254127064	0.13209028324397903	0.4279305970955806
25.149574787393696	0.132277876744924	0.428035822702441
25.28264132066033	0.13273528287254124	0.4294714400030483
25.415707853926964	0.13315083716788165	0.42852722269057364
25.548774387193596	0.13366108796038165	0.4285482601212471
25.68184092046023	0.13410857825186775	0.4300371295220362
25.814907453726864	0.133947211086903	0.42928960379423003
25.947973986993496	0.1344929209814055	0.4295483798970567
26.081040520260128	0.13490689241066967	0.42939688264913356
26.214107053526764	0.13523716286058463	0.42993808828080793
26.347173586793396	0.13509222632232032	0.429687194925003
26.480240120060028	0.1353873872732281	0.4302106770944819
26.613306653326664	0.13569880448346552	0.4310691668662221
26.746373186593296	0.13712391538996258	0.4306595229148359
26.879439719859928	0.1382662169786289	0.4313448071153776
27.012506253126563	0.13870707739429716	0.43110390417334515
27.145572786393195	0.139571895387565	0.43203043142593983
27.278639319659828	0.13958712829697323	0.4316677641789133
27.411705852926463	0.14020566611404658	0.43192682438542535
27.544772386193095	0.14038566778828684	0.4317358787863157
27.67783891945973	0.14079794298633327	0.43242136917301083
27.810905452726363	0.14174494259518053	0.43225012109840316
27.943971985992995	0.1421292489031191	0.4327151304710758
28.07703851925963	0.14298997510968858	0.4321027171139581
28.210105052526263	0.14325209790579668	0.4318073362522883
28.343171585792895	0.14342114362100677	0.43206846507725194
28.47623811905953	0.14358234636764347	0.43156746201563534
28.609304652326163	0.14407713808557476	0.43176609655608256
28.742371185592795	0.14433896802323765	0.43195811869284995
28.87543771885943	0.144456651648858	0.4322099985703044
29.008504252126063	0.14472341300336736	0.430513849155019
29.141570785392695	0.1455916029680765	0.43217849505461675
29.27463731865933	0.1460541574935229	0.4325948613152775
29.407703851925962	0.14646570356800354	0.4321778352883097
29.540770385192594	0.14665496468845876	0.43233441219611635
29.67383691845923	0.14719430241105372	0.432752376201019
29.806903451725862	0.14725169219540193	0.4328820326740166
29.939969984992494	0.1478530517916402	0.43257253343925434
30.07303651825913	0.14762671151077297	0.432458746366339
30.206103051525762	0.14808819563697873	0.4334766288307187
30.339169584792394	0.14854747630961618	0.43414097134056767
30.47223611805903	0.14944577678320167	0.4344547270705101
30.605302651325662	0.14992490248113644	0.43553931133507
30.738369184592294	0.15047936298013237	0.4359530090129994
30.87143571785893	0.15056064316657425	0.43580077984835014
31.00450225112556	0.1509378519985881	0.4371341229781548
31.137568784392194	0.15092437048559648	0.43690264189021755
31.27063531765883	0.15183451925696675	0.43714787943135053
31.40370185092546	0.15198221273495657	0.4378021020613669
31.536768384192094	0.15284391207436765	0.43738500024233
31.66983491745873	0.15303793061797116	0.43766636970190753
31.80290145072536	0.15360270659789216	0.43764645477557734
31.935967983991993	0.15406661757995216	0.43847425108079613
32.06903451725863	0.1546332191247933	0.4379867157384499
32.202101050525265	0.15541020502104821	0.4384691147392689
32.33516758379189	0.15569317221411025	0.4383009252683768
32.46823411705853	0.1567161493453811	0.4381042578607056
32.601300650325165	0.15678181786507323	0.43754607544735696
32.73436718359179	0.15737409600663554	0.43892977706700936
32.86743371685843	0.15788125044332588	0.4372173697082086
33.000500250125064	0.15907143281127428	0.4377408468571654
33.13356678339169	0.1594093625607305	0.43781583759279574
33.26663331665833	0.1593426242685928	0.43771731341841924
33.399699849924964	0.1593654329201181	0.4370989528206799
33.53276638319159	0.15975895685856012	0.4375287873508212
33.66583291645823	0.15983979895827108	0.43800706257099015
33.798899449724864	0.1598253919197844	0.4384466910503133
33.93196598299149	0.16067124196896332	0.43911768820959046
34.06503251625813	0.1609310210088636	0.43922014980486324
34.198099049524764	0.1616811375960257	0.4392866188590956
34.33116558279139	0.1624429107092149	0.43880551172731813
34.46423211605803	0.16239888306716	0.43849959546576844
34.597298649324664	0.16294163395472092	0.43900679508196194
34.73036518259129	0.16315684225016788	0.44038101510331384
34.86343171585793	0.16325439587635765	0.4401925166685129
34.99649824912456	0.16339264614306226	0.43921200694076445
35.12956478239119	0.1633738151300332	0.439151417271088
35.26263131565783	0.16338946374615115	0.4392287400993351
35.39569784892446	0.16331372808103947	0.43896715413119236
35.52876438219109	0.16384839901424308	0.43872946494644677
35.66183091545773	0.16410349711959965	0.4397461245444294
35.79489744872436	0.16438936562471168	0.44014875527197816
35.92796398199099	0.16492338385857225	0.44146203012076407
36.06103051525763	0.1656361515918747	0.44164492038610886
36.19409704852426	0.1658335812429358	0.4412479207823712
36.32716358179089	0.16544114880892344	0.4414603154296892
36.46023011505753	0.16535199777310175	0.44251940468807277
36.59329664832416	0.16610123325801007	0.4432489222124019
36.72636318159079	0.16588463628518496	0.4429525017584913
36.85942971485743	0.16631168998244583	0.44390004098639396
36.99249624812406	0.1670082722999316	0.44481423984817253
37.12556278139069	0.16755835250436205	0.4453746124598958
37.25862931465733	0.1677863349759208	0.44599512672308467
37.39169584792396	0.16807768687022362	0.44638570331808086
37.52476238119059	0.16818768004511211	0.44681367770238123
37.65782891445723	0.16811199592201115	0.4478195730801405
37.79089544772386	0.16815612012573072	0.4474271078471462
37.92396198099049	0.16806257986445838	0.4463339991084178
38.05702851425713	0.1685420774914074	0.446870703648433
38.19009504752376	0.1688596304962616	0.44728907183873706
38.3231615807904	0.16862866597333745	0.447895488173192
38.456228114057026	0.16884576162047707	0.4483058327262139
38.58929464732366	0.16974703071697084	0.4471153856912679
38.7223611805903	0.17024653265131975	0.447527304438631
38.855427713856926	0.17034736244484405	0.4474328858425284
38.98849424712356	0.17010306621740381	0.44745268201372557
39.1215607803902	0.1706288664175707	0.4474281945307083
39.254627313656826	0.17066694840472593	0.4476916701335523
39.38769384692346	0.17084447918160336	0.4471030518337287
39.5207603801901	0.17206101337420754	0.4458438961808464
39.653826913456726	0.17253562081155724	0.44544855048064935
39.78689344672336	0.17276004820413635	0.445674218971939
39.91995997999	0.17329254218199813	0.4451060608734037
40.053026513256626	0.17450433784074706	0.4444904847553368
40.18609304652326	0.17457655459330698	0.44384675323075096
40.3191595797899	0.17463794798383608	0.4433303297654994
40.452226113056525	0.17616348073033042	0.44306441491380466
40.58529264632316	0.1765436335066286	0.44258460750593787
40.7183591795898	0.17654156052820794	0.4422139945762021
40.851425712856425	0.17670262751210053	0.44310192967375295
40.98449224612306	0.17758858315651613	0.44299345036248444
41.1175587793897	0.1779390214712702	0.44276427167887517
41.250625312656325	0.1787106975250349	0.4431582574314781
41.38369184592296	0.1782182042379275	0.4434691619276883
41.516758379189596	0.1786221898404943	0.4436843169209433
41.649824912456225	0.17878169080075174	0.4438163127141968
41.78289144572286	0.17952042259859183	0.44439622636400045
41.915957978989496	0.1799890443264583	0.4436341362891962
42.049024512256125	0.18013304205985708	0.4441525373613935
42.18209104552276	0.18075446000822282	0.4438337358318521
42.315157578789396	0.1817264176312014	0.44309537077520844
42.448224112056025	0.18237194872542542	0.4427866037519174
42.58129064532266	0.182291423191151	0.44258378886032307
42.714357178589296	0.18231585504004447	0.44242175516742926
42.847423711855924	0.18310844555830097	0.4428799920496728
42.98049024512256	0.1839310539544675	0.44327352009821835
43.113556778389196	0.18437860820668067	0.4436259981980428
43.246623311655824	0.18524944714787087	0.44278450679461223
43.37968984492246	0.1854346673035069	0.441812178196799
43.512756378189096	0.18584934436270154	0.442533827301733
43.645822911455724	0.18623852564605556	0.4424080363036833
43.77888944472236	0.1862335406736677	0.4417717099319474
43.911955977988995	0.18649964688134812	0.44178571473912576
44.045022511255624	0.18625845733710145	0.44219402980478295
44.17808904452226	0.18623661229672125	0.4427632547400305
44.311155577788895	0.1865747074723969	0.44326791644940094
44.444222111055524	0.18649522362134863	0.44400504827143583
44.57728864432216	0.18692478937951634	0.44464146920844155
44.710355177588795	0.18686183987067223	0.4449327201657649
44.843421710855424	0.1874509792038019	0.4449430290927287
44.97648824412206	0.18781484651706776	0.4445845851539008
45.109554777388695	0.18804534609811094	0.4449110223163174
45.24262131065532	0.18852037783450637	0.4455634591467375
45.37568784392196	0.18901080719716445	0.44511874272733026
45.508754377188595	0.18929657583380577	0.4456646651278036
45.64182091045522	0.18995335265658764	0.4456206042428215
45.77488744372186	0.18970949664559963	0.445524262950492
45.907953976988495	0.18919534891278136	0.44647625145297715
46.04102051025512	0.1891999022262854	0.44642832825469364
46.17408704352176	0.18982195176176755	0.44619397396299926
46.307153576788394	0.19011815577489757	0.44688494283388897
46.44022011005502	0.19156001628490354	0.44729656266652246
46.57328664332166	0.1916172466733484	0.44790856198320145
46.706353176588294	0.1912005951544633	0.4473712047064508
46.83941970985492	0.19228163569393322	0.4468335592738893
46.97248624312156	0.19293040739542605	0.44663174838257097
47.105552776388194	0.1935486903926521	0.4458975563816098
47.23861930965483	0.1931116277606348	0.44593701246150125
47.37168584292146	0.1940897586004191	0.4461826680044248
47.504752376188094	0.19404442447610376	0.4462365651392031
47.63781890945473	0.19390290561863385	0.44642781740788945
47.77088544272136	0.1941158103272188	0.44626943806304503
47.903951975987994	0.19460586135407773	0.44552070717218156
48.03701850925463	0.1947641030131203	0.44549989748351004
48.17008504252126	0.1948444715619304	0.4450228358748937
48.30315157578789	0.19528784014626283	0.4459186471220663
48.43621810905453	0.19467773807636	0.44642554404753443
48.56928464232116	0.19399354410992992	0.4460504145686002
48.70235117558779	0.19451631156826443	0.4466680421174843
48.83541770885443	0.1939705014822066	0.4467329705613445
48.96848424212106	0.19443919813606073	0.4465802361238361
49.10155077538769	0.19500465902826486	0.44648522494169196
49.23461730865433	0.19476209389887997	0.4463420277095459
49.36768384192096	0.19518332928758667	0.44640754761910534
49.50075037518759	0.1958838702567987	0.44650644460567873
49.63381690845423	0.19591371537881624	0.4463831733426056
49.76688344172086	0.19527709675672206	0.4467245814032708
49.89994997498749	0.1956411070416041	0.44755791102108733
50.03301650825413	0.19623651860126906	0.44768190395859375
50.16608304152076	0.19647256823079653	0.4474731993643613
50.29914957478739	0.19670565287984149	0.4470550066040761
50.43221610805403	0.19709724020917557	0.44779860819508127
50.56528264132066	0.1967568258572286	0.44806345629043587
50.69834917458729	0.19655902210079557	0.44819415234696125
50.83141570785393	0.19648780712519567	0.4475288330727774
50.96448224112056	0.19674064248639503	0.4481370715781374
51.09754877438719	0.19649374794137597	0.4485644730721413
51.23061530765383	0.19697704529585183	0.44924878850649175
51.36368184092046	0.19739470899522626	0.4491052786687138
51.49674837418709	0.1976153207990739	0.44864859642816257
51.62981490745373	0.19790844612426836	0.4482934861799682
51.762881440720356	0.19888911018806646	0.4477096751839228
51.89594797398699	0.1991596881344778	0.4476854242858303
52.02901450725363	0.19939587503901854	0.44699929124225596
52.162081040520256	0.20027429970511312	0.4462021617953089
52.29514757378689	0.2006040027089814	0.4458384794146621
52.42821410705353	0.20072331031811522	0.4454208819376319
52.561280640320156	0.20082562189018038	0.4456217100292245
52.69434717358679	0.20056772797903427	0.4462393768465323
52.82741370685343	0.20059218225864908	0.446086114589751
52.960480240120056	0.201091085016799	0.44629638903439167
53.09354677338669	0.20127344014366996	0.4449080984594146
53.22661330665333	0.20126496795091384	0.44473666895839564
53.359679839919956	0.20165246533093648	0.4449868204195594
53.49274637318659	0.20169005961382122	0.4449484624239414
53.62581290645323	0.2018431783751668	0.4451801823746323
53.758879439719855	0.2022451442140493	0.44553782081276855
53.89194597298649	0.20208697230801245	0.44540082835547584
54.02501250625313	0.2023979049156809	0.44575229589734566
54.158079039519755	0.20272207767961392	0.44505889161177453
54.29114557278639	0.20252333355134206	0.44504459368252564
54.42421210605303	0.20184672166650444	0.4457425264998285
54.557278639319655	0.20235372496395365	0.4455570850201038
54.69034517258629	0.2023957949965219	0.44561244073271805
54.823411705852926	0.20209370907574134	0.4458360877704763
54.956478239119555	0.20203724775238044	0.4460020150842218
55.08954477238619	0.20249866900823715	0.4454534199482959
55.222611305652826	0.2031953601877739	0.44589431992347545
55.35567783891946	0.2033340047310638	0.44580782911244954
55.48874437218609	0.203370523243646	0.44530247616403595
55.621810905452726	0.2036770457315185	0.4455658339477099
55.75487743871936	0.20452819869980157	0.445619057768362
55.88794397198599	0.20506864080067333	0.44523392157059866
56.021010505252626	0.2054538724239972	0.4453574908497047
56.15407703851926	0.20610210426977993	0.4457492019241015
56.28714357178589	0.2066311806880733	0.44583313761713766
56.420210105052526	0.20669272254342566	0.44615006912926775
56.55327663831916	0.20729535532862303	0.445804768779586
56.68634317158579	0.20757275846312606	0.445568444223343
56.819409704852426	0.20762380623813267	0.4462576431157495
56.95247623811906	0.2075682309970157	0.44582412585849046
57.08554277138569	0.2077079295321692	0.445526447850996
57.218609304652325	0.2089421203294407	0.4452649372362367
57.35167583791896	0.20900686289070833	0.44593671179578137
57.48474237118559	0.20928737218397614	0.44481303818426676
57.617808904452225	0.210199925762622	0.4450531850149205
57.75087543771886	0.2103061881723976	0.44509460367407494
57.88394197098549	0.21034697668084595	0.4460002812566065
58.017008504252125	0.21110025564370616	0.44654889031976275
58.15007503751876	0.21143594712612254	0.446100144444279
58.28314157078539	0.2113407696092142	0.44706976051752556
58.416208104052025	0.2119252392643881	0.4476928277270735
58.54927463731866	0.21277137926238993	0.44801692840052026
58.68234117058529	0.21270910802302223	0.4474458841844331
58.815407703851925	0.21302036794606982	0.44623729540629187
58.94847423711856	0.2131448944674916	0.4458729373935329
59.08154077038519	0.2137243207899331	0.4459631215295883
59.214607303651825	0.21385834713096621	0.4462721897000325
59.34767383691846	0.21436366451535283	0.4468642464609055
59.48074037018509	0.21451785108821703	0.4470757787566871
59.613806903451724	0.2136474574864238	0.44658867049033685
59.74687343671836	0.2137578848431233	0.44553317072627757
59.87993996998499	0.21363733055679646	0.44551873842772044
60.013006503251624	0.2138080649111813	0.44599706394946476
60.14607303651826	0.21412780589928732	0.4455039196714684
60.27913956978489	0.21436119835120443	0.44584626417491185
60.412206103051524	0.214525055801511	0.44710586343333525
60.54527263631816	0.21522943666234887	0.44632443752518464
60.67833916958479	0.21555400504516856	0.44615264519622005
60.811405702851424	0.21566933832755866	0.4465704261984799
60.94447223611806	0.21565204684116976	0.4467708953688146
61.07753876938469	0.21538691217265743	0.4473735280060033
61.210605302651324	0.21592292060166476	0.44798798587212857
61.34367183591796	0.21595215566961048	0.4479968838746965
61.47673836918459	0.21619126015149587	0.4478745877908682
61.60980490245122	0.2160969894323041	0.4486722232458278
61.74287143571786	0.2160644657892932	0.44827897096776764
61.87593796898449	0.21681556232842952	0.44806724009027143
62.00900450225112	0.2173599625982196	0.4481734208992329
62.14207103551776	0.21785301564868573	0.4482777393529827
62.27513756878439	0.2180154097522123	0.4480965654903988
62.40820410205102	0.2181417890967391	0.4489469482085456
62.54127063531766	0.2183562518065086	0.44883075883888934
62.67433716858429	0.21839424898977586	0.44871241768767717
62.80740370185092	0.21876427635364593	0.44866322932782654
62.94047023511756	0.21879209920264397	0.4483721581995185
63.07353676838419	0.2193214545770611	0.44792815494473676
63.20660330165082	0.22000709000612848	0.4476097265487204
63.33966983491746	0.22040683634386699	0.4477784968368615
63.47273636818409	0.2199591000530574	0.4490632000577166
63.60580290145072	0.21918426523490012	0.449492389615903
63.73886943471736	0.21831905337773672	0.4497362922862159
63.87193596798399	0.2185192734735865	0.4488558931929143
64.00500250125063	0.21821842282118362	0.44919379998129855
64.13806903451726	0.21827563120731158	0.4500520054044373
64.27113556778389	0.2182223652862321	0.4507144842563773
64.40420210105053	0.21839747518714447	0.4499005620471585
64.53726863431716	0.21918480394083242	0.4499179609057716
64.67033516758379	0.21996039375634546	0.4495352090520628
64.80340170085043	0.21988946961762665	0.44899714707180993
64.93646823411706	0.22020677566048177	0.4492713384478536
65.06953476738369	0.22046533415235187	0.44968751301089344
65.20260130065033	0.2212815766437476	0.44934369879034064
65.33566783391696	0.2211147822573347	0.4495973366886933
65.46873436718359	0.22060971664607262	0.44958675008221
65.60180090045023	0.22108866768959765	0.45027191362519087
65.73486743371686	0.2216129492373921	0.4505271201018777
65.86793396698349	0.22229432274582492	0.44958123940187994
66.00100050025013	0.2219798043487102	0.450929698423756
66.13406703351676	0.22258838977262121	0.45123592046300887
66.26713356678339	0.2235628467265454	0.4501902739741365
66.40020010005003	0.2232210953235925	0.44959084936998295
66.53326663331666	0.22357830256830225	0.44910578832505704
66.66633316658329	0.22418516821961207	0.44827164139192527
66.79939969984993	0.2240978927834078	0.44754385627196147
66.93246623311656	0.22374151132205428	0.44738044254547926
67.06553276638319	0.22382075366424317	0.44760921491701705
67.19859929964983	0.2243256661852095	0.4480356746366348
67.33166583291646	0.22415590118291653	0.44769961293515703
67.46473236618309	0.22429428140304328	0.4469065475711856
67.59779889944973	0.2248616176409512	0.4470156099736206
67.73086543271636	0.2250648799606732	0.44805847550889566
67.86393196598299	0.22513903542276512	0.4474288113902644
67.99699849924963	0.22544191764248556	0.447793218611313
68.13006503251626	0.22561758663180745	0.44868348622250603
68.26313156578288	0.22614040598312984	0.44914818109886756
68.39619809904953	0.22697908693506708	0.4492038827861674
68.52926463231616	0.22662906569373198	0.448997795241156
68.66233116558278	0.22665294922181375	0.44980668749080605
68.79539769884943	0.22682293529682154	0.44937626687152654
68.92846423211606	0.22714948176342065	0.45009577189033295
69.06153076538268	0.22712823463943843	0.45038907266070355
69.19459729864933	0.2272956941900336	0.4505631827791239
69.32766383191596	0.22740322666847984	0.4499589666089064
69.46073036518258	0.2272701185452562	0.4496395614030405
69.59379689844923	0.22770873027604058	0.4502201629321379
69.72686343171586	0.22807384633681732	0.45126849072530795
69.85992996498248	0.2277382795300998	0.45071424452743325
69.99299649824913	0.227289628493376	0.450480169919478
70.12606303151576	0.22778839618055105	0.4504064432008699
70.25912956478238	0.22812058190467568	0.45066275889280305
70.39219609804903	0.22867572785386506	0.450653320593494
70.52526263131566	0.2291759225643889	0.449988959440854
70.65832916458228	0.22948025075142478	0.45019722801030065
70.79139569784893	0.22960371908620728	0.4500922886619399
70.92446223111556	0.23027340443732772	0.45021711789252317
71.05752876438218	0.2303976249062968	0.4508569488518005
71.19059529764883	0.2305012274955704	0.45055781996174843
71.32366183091546	0.2299352610892984	0.4502166062223778
71.45672836418208	0.2308729175911702	0.4501291812601701
71.58979489744873	0.23178539138030926	0.4500942263469489
71.72286143071535	0.23223133898618809	0.4500682762162583
71.85592796398198	0.2324414490754699	0.450429790462799
71.98899449724863	0.23252144049809814	0.45104219938702306
72.12206103051525	0.23277889267193594	0.45061184735292786
72.25512756378188	0.2326341984888308	0.4499724699127219
72.38819409704853	0.23277076077825987	0.4497373362559045
72.52126063031515	0.23271437408079837	0.4499637646978294
72.65432716358178	0.23306737693588203	0.44988256063852383
72.78739369684843	0.2332459806547211	0.44968379448208967
72.92046023011505	0.23400949934114948	0.4495439778502843
73.05352676338168	0.2342268807268699	0.4482000321697437
73.18659329664833	0.23369221719098	0.4481597339918734
73.31965982991495	0.23351426205439962	0.4479442315545944
73.45272636318158	0.23304477382624295	0.44847083951482736
73.58579289644823	0.23365876336162963	0.45015170854674846
73.71885942971485	0.23467912264983398	0.4500099181737731
73.85192596298148	0.23520937661941885	0.44915788013004637
73.98499249624813	0.23556088854180776	0.44942072913714964
74.11805902951475	0.23529893216149977	0.44939034899202596
74.25112556278138	0.23534369270669434	0.44944856462595445
74.38419209604803	0.2360157752997082	0.44999529030774005
74.51725862931465	0.23633371808493642	0.44899828312236395
74.65032516258128	0.23620416659403015	0.44819570684442345
74.78339169584793	0.23565596653149076	0.4479833095231208
74.91645822911455	0.23613721720073905	0.44747063035278656
75.04952476238118	0.23552105633476259	0.4483958177704096
75.18259129564782	0.23599237866789846	0.44796927966963934
75.31565782891445	0.23648106976931962	0.44778961275887047
75.44872436218108	0.2371190948647149	0.44782453245889436
75.58179089544772	0.23787941493052855	0.446908191730315
75.71485742871435	0.23844100609013755	0.4456824423240037
75.84792396198098	0.23877931234634586	0.44525207104485803
75.98099049524762	0.23883100287062647	0.44602041217104693
76.11405702851425	0.23928363085482438	0.4465805359471066
76.24712356178088	0.23966130180278833	0.44646611435607025
76.38019009504752	0.23938179257632342	0.4462041103616624
76.51325662831415	0.2385091088097524	0.44587012239300855
76.6463231615808	0.2379376832569812	0.44686737698904083
76.77938969484742	0.2374023648303008	0.44711562585199116
76.91245622811405	0.23817052679650885	0.44712312394028136
77.0455227613807	0.23820337131264335	0.44683365937910813
77.17858929464732	0.23847728565414142	0.4464448812858082
77.31165582791395	0.2390315822446196	0.4461682541911863
77.4447223611806	0.2393894782385857	0.44628106133268247
77.57778889444722	0.23966637380761902	0.44703235242145717
77.71085542771385	0.23995960175458272	0.44621772131280085
77.8439219609805	0.24030993116994104	0.4465332680802096
77.97698849424712	0.24021226161599726	0.4475732957602678
78.11005502751375	0.2404877391711798	0.4483052505552061
78.2431215607804	0.24154613949388234	0.449119932147152
78.37618809404702	0.2416708723725841	0.44962068816769807
78.50925462731365	0.2417693730320213	0.45011400049435707
78.6423211605803	0.24204902306050838	0.45099986394144026
78.77538769384692	0.24184137706254472	0.45107885724137997
78.90845422711355	0.2426233820134682	0.45053549413783994
79.0415207603802	0.24294803392789666	0.4493298593599241
79.17458729364682	0.24325608858721565	0.4485458498275742
79.30765382691345	0.24358338561598047	0.44785263505588463
79.4407203601801	0.24330228264544193	0.44660299358554933
79.57378689344672	0.2434432467479856	0.44679415289091995
79.70685342671335	0.24350739725065026	0.44802584703174225
79.83991995998	0.24352263447593947	0.44757029134536697
79.97298649324662	0.24418015394656947	0.4473212376783844
80.10605302651325	0.24415591521909483	0.44684293274287407
80.2391195597799	0.2443470027970228	0.44538158877989903
80.37218609304652	0.24470001576477526	0.4445527939460998
80.50525262631315	0.24488887316734478	0.44515516052513454
80.6383191595798	0.24456238691700982	0.44457293476509474
80.77138569284642	0.244456046538819	0.44414528893776895
80.90445222611305	0.24576739748149828	0.4453116551286454
81.0375187593797	0.2463369873551786	0.4449722898964629
81.17058529264632	0.2457983734665509	0.44527653864993233
81.30365182591295	0.2459218772810629	0.4444075793656595
81.4367183591796	0.24645000852594343	0.44494447804624365
81.56978489244622	0.24647849205976244	0.4451217757764033
81.70285142571285	0.24645906591597236	0.44476788090225383
81.8359179589795	0.24580068710656733	0.44501385129511717
81.96898449224612	0.2466426544948959	0.4460996137166022
82.10205102551275	0.24655456544620657	0.44607677835914555
82.2351175587794	0.24652400626275783	0.4459505496495477
82.36818409204602	0.2472937258786525	0.4457805480302583
82.50125062531265	0.24702039126986233	0.44614074762123435
82.6343171585793	0.24668924598348368	0.4459797840322432
82.76738369184592	0.24649855829869888	0.44610491729721663
82.90045022511255	0.2466277164611506	0.44656449378930735
83.03351675837919	0.24758097801954657	0.44682050747535423
83.16658329164582	0.24800500531986433	0.447119655950207
83.29964982491245	0.24798773163522647	0.4478238145406817
83.43271635817909	0.2485151734910479	0.44809609975291437
83.56578289144572	0.2490405611603889	0.44703287910548223
83.69884942471235	0.24943797641586476	0.44745568660173274
83.83191595797899	0.249347818241199	0.4478892992443526
83.96498249124562	0.24972285348014495	0.44831434679049004
84.09804902451225	0.2496602322195833	0.44848022806319393
84.23111555777889	0.24968159339445964	0.4485797464286736
84.36418209104552	0.24884833398111267	0.4478263699111182
84.49724862431215	0.24881287133486726	0.44836487546282333
84.63031515757879	0.2489112145523793	0.44801070428814643
84.76338169084542	0.2491241529165848	0.44774724601721994
84.89644822411205	0.2507507883700119	0.44809902921905154
85.02951475737869	0.2512507724629109	0.44858118080326814
85.16258129064532	0.2514418088098518	0.44862172207786755
85.29564782391195	0.25146969472298475	0.447921250717045
85.42871435717859	0.25245555022001676	0.4469576216433296
85.56178089044522	0.25252721999488126	0.44724984722868044
85.69484742371185	0.25269232867532465	0.4485758040625633
85.82791395697849	0.2519641452313232	0.4488226440309899
85.96098049024512	0.25229571557933145	0.4488342737119174
86.09404702351175	0.2529364518355258	0.448260065050635
86.22711355677839	0.25298077045702977	0.4486324787358081
86.36018009004502	0.25374374614787776	0.4489340247238827
86.49324662331165	0.2537880452460929	0.4497763119328639
86.62631315657829	0.2541467391286551	0.45076979493138014
86.75937968984492	0.25440515946606057	0.45049565451476836
86.89244622311155	0.2537264611359839	0.4497866629652266
87.02551275637819	0.2546899471847217	0.4486050403471803
87.15857928964482	0.25512699215218937	0.4476260584536261
87.29164582291145	0.25484269327105324	0.4477642887789852
87.42471235617809	0.25542768540437066	0.44787276767886897
87.55777888944472	0.2558511565467496	0.4475023782084705
87.69084542271135	0.2563532168813232	0.44708529482327286
87.82391195597799	0.25644889195435133	0.44654685506148034
87.95697848924462	0.25652015035752246	0.4464749137339174
88.09004502251125	0.2562544867409371	0.4469930788900917
88.22311155577789	0.25556217607096815	0.44762304642585754
88.35617808904452	0.2546607725301312	0.44786650970616443
88.48924462231115	0.25438094902193586	0.44653458023484954
88.62231115557779	0.2551570000041608	0.44652803666025537
88.75537768884442	0.2555097036004018	0.4466710182987386
88.88844422211105	0.2549503413740363	0.44713987692762364
89.02151075537769	0.25502252351795063	0.4481196823375422
89.15457728864432	0.2554152335500186	0.4479487061871867
89.28764382191095	0.2556735132035774	0.4467975607367981
89.42071035517759	0.25623417476835836	0.44689616073967825
89.55377688844422	0.2562466675032271	0.4474833678750846
89.68684342171085	0.2559764188099411	0.4473666088508777
89.81990995497749	0.2567099837853759	0.447172822293653
89.95297648824412	0.25672069730453256	0.4467837858197349
90.08604302151075	0.2560809960311263	0.4472458668067128
90.21910955477739	0.2564615114452974	0.4472135755929673
90.35217608804402	0.2572100291495501	0.4475729285913084
90.48524262131065	0.25760268721812146	0.4472104370857195
90.61830915457729	0.2573241449401847	0.4468030611532199
90.75137568784392	0.2576086905923327	0.44631178200363264
90.88444222111055	0.2582050436922351	0.4457628940511504
91.01750875437719	0.2587620639309461	0.4464781596532331
91.15057528764382	0.2589384989410128	0.4468593966595898
91.28364182091045	0.25885663801623426	0.44727922570262396
91.41670835417709	0.2593092797634058	0.44735494847267354
91.54977488744372	0.2589201024299398	0.4472355165526543
91.68284142071035	0.25877719158798934	0.4474065354671998
91.81590795397699	0.2591148906617013	0.4469989139942938
91.94897448724362	0.25885553023635116	0.44745175135905685
92.08204102051025	0.25849747714340876	0.4491162299226562
92.21510755377689	0.2585420143594701	0.4492461975470098
92.34817408704352	0.2587958833910469	0.4486890201570082
92.48124062031015	0.25886478030071697	0.44807980312775597
92.61430715357679	0.25946936360131323	0.4471550660494496
92.74737368684342	0.26036187235279784	0.44619639708266967
92.88044022011005	0.2601504602778217	0.4457442639118169
93.01350675337669	0.25960128496256185	0.4465713958025152
93.14657328664332	0.2600302773489526	0.445897927927139
93.27963981990995	0.2596230336108627	0.445712829258016
93.41270635317659	0.2591326092292457	0.4454216181086417
93.54577288644322	0.25955340744097466	0.4446889514189512
93.67883941970985	0.2601475814115895	0.4446989409503917
93.81190595297649	0.260077277491707	0.4442896076305317
93.94497248624312	0.2604865599288277	0.44426766082438324
94.07803901950976	0.2612664066453393	0.44423026586360803
94.21110555277639	0.26148980113875736	0.4449229299165669
94.34417208604302	0.26167802154402553	0.44517206914963703
94.47723861930966	0.261458702522906	0.4449392865109866
94.61030515257629	0.2613099666080296	0.44470313549575274
94.74337168584292	0.2615511896183852	0.44481820057746546
94.87643821910956	0.26115994813957927	0.44446413032786664
95.00950475237619	0.261650644890629	0.44485702298606056
95.14257128564282	0.26194268738452847	0.4453730371160693
95.27563781890946	0.26232898409034083	0.4455710223256767
95.40870435217609	0.26284951352322566	0.4452886578478153
95.54177088544272	0.2627101804502853	0.44587514331815
95.67483741870936	0.2630528717451685	0.4466640570444222
95.80790395197599	0.26285289786462707	0.4459983132543274
95.94097048524262	0.2627147610542327	0.446292963044884
96.07403701850926	0.26304120629694266	0.44664808744260004
96.20710355177589	0.2633457512441576	0.4462754582243198
96.34017008504252	0.26281349054471276	0.4463478966718341
96.47323661830916	0.2632468350889222	0.4461162355152724
96.60630315157579	0.2637241059682644	0.4455161647383997
96.73936968484242	0.26348476779290747	0.44638092202369994
96.87243621810906	0.2639241564133532	0.4463993904992368
97.00550275137569	0.26484524854295655	0.445973565360944
97.13856928464232	0.2649888495892351	0.4459987085270733
97.27163581790896	0.2656415075230952	0.44622803812251094
97.40470235117559	0.2655969179401918	0.4465023774513327
97.53776888444222	0.2652992992403445	0.445619915126363
97.67083541770886	0.2661282049242773	0.4441787229046562
97.80390195097549	0.26657084844092305	0.4445418224361438
97.93696848424212	0.2658955686988936	0.44456985024919904
98.07003501750876	0.26580175611957735	0.4455048328134287
98.20310155077539	0.2661516663978202	0.44619303617619355
98.33616808404201	0.26684726570415235	0.44496708082519654
98.46923461730866	0.26665352560920963	0.44519844699982186
98.60230115057529	0.26718819382933323	0.4458484052253978
98.73536768384191	0.2669989355014936	0.44617621280196285
98.86843421710856	0.2666120834930885	0.44573832498557203
99.00150075037519	0.26651415568039327	0.44606333053107367
99.13456728364181	0.266514350153149	0.4463557633984821
99.26763381690846	0.2668861533294056	0.4456225145099427
99.40070035017509	0.2677810588506887	0.4456061979497754
99.53376688344171	0.26786081857119304	0.4462840467600696
99.66683341670836	0.2675762582214854	0.44622225557058665
99.79989994997499	0.2673703081609896	0.44566276678134376
99.93296648324161	0.26691893749945195	0.44646787370155017
100.06603301650826	0.26720964492615007	0.44680672346909617
100.19909954977489	0.26735072086215317	0.44648244163546
100.33216608304151	0.267380539937874	0.44649792184503206
100.46523261630816	0.2676159121245148	0.4460556161306765
100.59829914957479	0.2678050511265348	0.445357864426726
100.73136568284141	0.26777000729699413	0.4455227948809599
100.86443221610806	0.26757658630610687	0.44613822282410603
100.99749874937469	0.26868179814887055	0.4463580529520616
101.13056528264131	0.2694529420492563	0.4462510613903193
101.26363181590796	0.26986326811148204	0.4465667731826965
101.39669834917459	0.2697750570309831	0.4469224455769835
101.52976488244121	0.269955311112043	0.446476932167867
101.66283141570786	0.2699919949748578	0.44682400572431374
101.79589794897448	0.270048065859891	0.4465767276528938
101.92896448224111	0.27093433591491717	0.44522398297154125
102.06203101550776	0.2707563146764706	0.4454510771476341
102.19509754877438	0.2708329544883101	0.4456266913616166
102.32816408204101	0.27071107718449866	0.44684390693708875
102.46123061530766	0.2705187348722296	0.44697560842281786
102.59429714857428	0.27107649562683156	0.44654448348168463
102.72736368184091	0.2706485817659366	0.4458882029727535
102.86043021510756	0.27076253470133993	0.4458736661285903
102.99349674837418	0.27127053950743374	0.4462060199439627
103.12656328164081	0.2712722671421924	0.4467990254789549
103.25962981490746	0.271413592034055	0.44739565217507193
103.39269634817408	0.2712802734934085	0.4476770297531869
103.52576288144071	0.271429407877359	0.4480132515635163
103.65882941470736	0.2715043249248742	0.44740815072595336
103.79189594797398	0.2713504694194044	0.44767930804604866
103.92496248124061	0.2710922889786622	0.44807948924821234
104.05802901450726	0.27097307258590686	0.4482762571530162
104.19109554777388	0.27121559036596016	0.4481279659502507
104.32416208104051	0.27151480516664245	0.4474913071947269
104.45722861430716	0.2708154218430541	0.4476435154070641
104.59029514757378	0.27066985718636793	0.44813477316571626
104.72336168084041	0.2713216660063291	0.44838971246002013
104.85642821410705	0.2711151954605615	0.4486204792078407
104.98949474737368	0.2707400303848188	0.44928557565205207
105.12256128064031	0.27109389985186616	0.449320536204216
105.25562781390695	0.2705549198429771	0.44915432161577046
105.38869434717358	0.2702487601738366	0.4491422573972647
105.52176088044021	0.270455510722662	0.44960590010646584
105.65482741370685	0.27052048441844145	0.45030082137967115
105.78789394697348	0.2706866032551351	0.45139252196495194
105.92096048024011	0.2702473373027587	0.45142277170360395
106.05402701350675	0.2702424031130725	0.45073443418790654
106.18709354677338	0.27009068488415605	0.4514176845373644
106.32016008004001	0.2701093149921661	0.45149128810145106
106.45322661330665	0.2704202041382434	0.45027006387167406
106.58629314657328	0.2708486901729935	0.44930392994106455
106.71935967983991	0.2716529517470914	0.449361924172139
106.85242621310655	0.2716330183853284	0.4498738900577679
106.98549274637318	0.2714426941121917	0.44947773531575497
107.11855927963981	0.2707590699022242	0.44895608636749224
107.25162581290645	0.2705703346690479	0.449285001766616
107.38469234617308	0.26970222926440046	0.45001071621770516
107.51775887943971	0.27006228423146933	0.4502231937077769
107.65082541270635	0.27105870168587476	0.44989959766221527
107.78389194597298	0.2710586652029178	0.44934384136554106
107.91695847923961	0.2714794047710013	0.4495180861355313
108.05002501250625	0.2717245108580803	0.4495748703511861
108.18309154577288	0.2717253775182009	0.44940162883541424
108.31615807903951	0.2713619030743766	0.44907298084492253
108.44922461230615	0.27071615779691377	0.44969459554595037
108.58229114557278	0.27056049371958457	0.4502117925614863
108.71535767883941	0.27063546888973816	0.44958738363614065
108.84842421210605	0.27053659364435667	0.4497931297552816
108.98149074537268	0.2706544497197927	0.4495191192972433
109.11455727863931	0.27088262742965197	0.44901313000461246
109.24762381190595	0.2712622409319332	0.4488262753234083
109.38069034517258	0.2712507873584545	0.4492115496104847
109.51375687843921	0.2712308446881195	0.4491362801173983
109.64682341170585	0.271424501003579	0.4485226608804082
109.77988994497248	0.27195446857263317	0.4478342861999396
109.91295647823911	0.2723818213309988	0.4473511174525494
110.04602301150575	0.27232806227958944	0.4469836146413175
110.17908954477238	0.27202268251530937	0.44698227393265577
110.31215607803901	0.27236944854702794	0.4476275351737257
110.44522261130565	0.27291000807866284	0.4482277477582274
110.57828914457228	0.2734249328936024	0.4475930853056193
110.71135567783892	0.2736675524623034	0.4474418190984527
110.84442221110555	0.2730283899827846	0.4476713754249004
110.97748874437218	0.27298984225348	0.4485956591148374
111.11055527763882	0.2732681429328077	0.44861753007665733
111.24362181090545	0.27317997680817935	0.44800033080862306
111.37668834417208	0.273108782565765	0.4492254335459355
111.50975487743872	0.2727906540116964	0.4489274448162293
111.64282141070535	0.273276639016403	0.44820911220181764
111.77588794397198	0.27344914981692037	0.44797974526721007
111.90895447723862	0.27341056744943854	0.4471556272802392
112.04202101050525	0.27353507922497783	0.44667378212437175
112.17508754377188	0.27333509929837785	0.4468620419443318
112.30815407703852	0.274301801525077	0.4478520352523324
112.44122061030515	0.27495357018126065	0.44856975602125404
112.57428714357178	0.2748601109268664	0.44847079826736913
112.70735367683842	0.2748004767558206	0.44798354676550456
112.84042021010505	0.2744033355274406	0.4480609998864288
112.97348674337168	0.27446850879388957	0.44871165572385213
113.10655327663832	0.2751682438694585	0.44912145155706523
113.23961980990495	0.2756175318432897	0.44918373725414573
113.37268634317158	0.27540048023609115	0.44975419657214244
113.50575287643822	0.2761333554925892	0.4504409582839198
113.63881940970485	0.27644747818016147	0.4502153286358245
113.77188594297148	0.2760891275023566	0.44998273211275436
113.90495247623812	0.2767100938825096	0.4511657529832288
114.03801900950475	0.27717551475255914	0.4518953439369315
114.17108554277138	0.27764228202725977	0.4509208551805906
114.30415207603802	0.2780287426598593	0.450875874812399
114.43721860930465	0.27809007222887044	0.45047385523175193
114.57028514257128	0.27754996802725207	0.45045506443754685
114.70335167583792	0.27776393386291787	0.45120564818137054
114.83641820910455	0.27804639813377996	0.45123606043841935
114.96948474237118	0.2783032942570489	0.45155183633520196
115.10255127563782	0.278531314896542	0.4526550764579088
115.23561780890445	0.27844329614100266	0.45268719564965926
115.36868434217108	0.2787271603511534	0.4527007434760982
115.50175087543772	0.27891644168723173	0.45262946899180007
115.63481740870435	0.2779917507291891	0.4522212477579711
115.76788394197098	0.277570676176172	0.4516886232845331
115.90095047523762	0.2781264446877066	0.45121513503639554
116.03401700850425	0.2782333709936439	0.45047883277665585
116.16708354177088	0.2777645426835098	0.4505202545285916
116.30015007503752	0.27785812713753066	0.45080245790521134
116.43321660830415	0.2781450652111484	0.45039780172125105
116.56628314157078	0.2789141939771983	0.449895505566232
116.69934967483742	0.27911840358792867	0.45020129635214373
116.83241620810405	0.27864365698304994	0.45056831735743363
116.96548274137068	0.2785839431645438	0.45021509585846414
117.09854927463732	0.2790441754044697	0.4494447014863597
117.23161580790395	0.2791117003849322	0.4498853994140961
117.36468234117058	0.27940147545662647	0.44962100719636733
117.49774887443722	0.2799424973426338	0.4497890417947243
117.63081540770385	0.28019139666492554	0.4503267251378039
117.76388194097048	0.2796597616149102	0.4514381996247064
117.89694847423712	0.27885732100981975	0.45163832517305313
118.03001500750375	0.27928886430893013	0.45103275837504847
118.16308154077038	0.2795604609278081	0.4510317986323276
118.29614807403702	0.28007037073461793	0.4509407452436652
118.42921460730365	0.28009697411740253	0.4503024926717685
118.56228114057028	0.2794743228054316	0.45007545435583984
118.69534767383692	0.2794253199902495	0.4506236414834092
118.82841420710355	0.2794340850523255	0.4509984145137183
118.96148074037018	0.2794310693530363	0.4508349764493897
119.09454727363682	0.2798153405399888	0.45122247121559333
119.22761380690345	0.27939626258363126	0.45057551363093123
119.36068034017008	0.27811959295457195	0.4498598912916058
119.49374687343672	0.2781185859887027	0.4504779207936076
119.62681340670335	0.27872553954329715	0.4507082616125004
119.75987993996998	0.27907941138001874	0.44994565852042984
119.89294647323662	0.27851022804421766	0.4506771310118915
120.02601300650325	0.27880486714210134	0.45127443517930316
120.15907953976988	0.2788262286965091	0.4510527271415517
120.29214607303652	0.27842787917182915	0.451050654429028
120.42521260630315	0.27835925360943553	0.4508982350819792
120.55827913956978	0.27846381412978966	0.45015500994634877
120.69134567283642	0.2788573634033167	0.451188845797453
120.82441220610305	0.27835721853939394	0.45214235613231946
120.95747873936968	0.2781620851951799	0.4520589391374879
121.09054527263632	0.2782103805029062	0.4515055272578135
121.22361180590295	0.27841875549458706	0.45077148494585145
121.35667833916958	0.27904162799880183	0.4513930306293954
121.48974487243622	0.27848944436343986	0.4526809492341014
121.62281140570285	0.2780261341731152	0.4527407288316366
121.75587793896948	0.27855142213831996	0.4521034093788587
121.88894447223612	0.2783879294488054	0.4527067444567025
122.02201100550275	0.2780449948589685	0.45258163877360974
122.15507753876938	0.2782212219698249	0.45140765043718495
122.28814407203602	0.2780604135900495	0.4507708431177887
122.42121060530265	0.27819111417562453	0.4507311951930914
122.55427713856928	0.27847776390655504	0.45093353095165395
122.68734367183592	0.2784046204492944	0.45010935248816203
122.82041020510255	0.2781030190174404	0.45005580129021583
122.95347673836918	0.2780887072301345	0.45130133760133206
123.08654327163582	0.2782707163248076	0.4514003077264214
123.21960980490245	0.2780598338313513	0.4517513917637823
123.35267633816908	0.2781483508476677	0.45235531431964826
123.48574287143572	0.2781988409949146	0.45235981085004956
123.61880940470235	0.27835087370632	0.4530588967417521
123.75187593796898	0.2789885326642104	0.45271185915338913
123.88494247123562	0.27932394339478833	0.45199646539069327
124.01800900450225	0.279576743153176	0.45239136251130097
124.15107553776888	0.2799888828014684	0.45265088723411007
124.28414207103552	0.27988401782657635	0.45259724612146357
124.41720860430215	0.28020424022989143	0.45197498797640157
124.55027513756878	0.2802574306783112	0.4513348698122786
124.68334167083542	0.2807189639882748	0.4508134022372575
124.81640820410205	0.2815313671274779	0.45005389703221726
124.94947473736867	0.28207355747546414	0.44963041829713707
125.08254127063532	0.282212359527236	0.4488362231281053
125.21560780390195	0.28277151442926574	0.44832782965370477
125.34867433716857	0.2832955576081807	0.44925713166638487
125.48174087043522	0.2825173518510864	0.4501552266131547
125.61480740370185	0.28226072638298577	0.45056010736771424
125.74787393696847	0.2830395418750293	0.4510502608111668
125.88094047023512	0.2834792000186377	0.45053923314979133
126.01400700350175	0.28394943193390665	0.4504703283306593
126.14707353676837	0.2842993900439376	0.44991452457205305
126.28014007003502	0.28475747557252806	0.44939055786480747
126.41320660330165	0.28437150467887007	0.44872284276794344
126.54627313656827	0.28492204688583167	0.4474644846716848
126.67933966983492	0.28580757281173214	0.4471692951761279
126.81240620310155	0.2859969475717284	0.4468795434761233
126.94547273636817	0.2861674333965978	0.44674788339874005
127.07853926963482	0.2858631187650538	0.4463966559324817
127.21160580290145	0.286201301613679	0.44610667183120545
127.34467233616807	0.28653249148272686	0.4473488217090386
127.47773886943472	0.2868789665313738	0.4484736228845628
127.61080540270135	0.287025275922724	0.44817009409379727
127.74387193596797	0.2872492824070615	0.4478260013071581
127.87693846923462	0.28718244764533335	0.4486102773452829
128.01000500250126	0.28740205674324326	0.4486641770339337
128.1430715357679	0.2880664648374456	0.44753356063303507
128.27613806903452	0.28803631833138754	0.44743508776487123
128.40920460230114	0.28832429450933844	0.4472922831523044
128.54227113556777	0.2884965108773342	0.4470384225171325
128.6753376688344	0.28828203775405564	0.44670807980835764
128.80840420210106	0.28836662999828694	0.4466784009618069
128.9414707353677	0.28826366874757936	0.44712959603506613
129.07453726863432	0.2878972904128127	0.4476903276103494
129.20760380190094	0.28736624652525444	0.4477096233491579
129.34067033516757	0.2877377912922745	0.4478802135819809
129.4737368684342	0.2886427723067516	0.4487557361364497
129.60680340170086	0.2889176115859413	0.4492968278410352
129.7398699349675	0.2895192527870915	0.44819626006667357
129.87293646823412	0.28997875196054945	0.44740438145447164
130.00600300150074	0.28956088728053797	0.4475267201982325
130.13906953476737	0.2894166475274495	0.44687635037561246
130.272136068034	0.2893017450992617	0.4468135428074627
130.40520260130066	0.2898021798314878	0.4470518836561321
130.5382691345673	0.2897165684215062	0.447079280713718
130.67133566783392	0.2895016855956957	0.44716893143825975
130.80440220110054	0.290732260933698	0.44780188399286025
130.93746873436717	0.29081466966087194	0.4487086954356742
131.0705352676338	0.2905103897757348	0.44840628043397696
131.20360180090046	0.2904883462692364	0.44902591540438525
131.3366683341671	0.2901478613657677	0.44980303523668974
131.46973486743371	0.2893898308246718	0.44888474505662684
131.60280140070034	0.2890043455604317	0.4481783462024982
131.73586793396697	0.2890920596107684	0.44818778980584034
131.8689344672336	0.28881288970803515	0.4482829656045993
132.00200100050026	0.2886979022645542	0.4484559556864092
132.1350675337669	0.2886481369779941	0.4485072145831345
132.26813406703351	0.2886679766400117	0.44867170698259123
132.40120060030014	0.28834981615894106	0.4482918677512496
132.53426713356677	0.2888022535418764	0.44839569703281973
132.6673336668334	0.2887324311417555	0.44841533402668654
132.80040020010006	0.28870617654550446	0.4482002196501807
132.93346673336669	0.28925980689529746	0.4480000782828769
133.06653326663331	0.28863641229372805	0.4474495738711064
133.19959979989994	0.2885724410618478	0.4470324872183179
133.33266633316657	0.2893079550282196	0.4475904614560815
133.4657328664332	0.28928894468575983	0.4480961509431355
133.59879939969986	0.2887711042138917	0.44709585291338444
133.73186593296649	0.2884612267534805	0.44718039515539776
133.8649324662331	0.28809118330287464	0.4474658681356366
133.99799899949974	0.288138953609084	0.4479973737789297
134.13106553276637	0.28801521018370646	0.4485834446714068
134.264132066033	0.28710138991899764	0.4482149774917387
134.39719859929966	0.28684633346298416	0.44829098032099945
134.53026513256629	0.28678431464596593	0.4482255984826679
134.6633316658329	0.2872049389397637	0.44748143766938714
134.79639819909954	0.2884210759268723	0.4480471509889472
134.92946473236617	0.28902993278941375	0.44897827744574803
135.0625312656328	0.2894014719581692	0.4478661770097794
135.19559779889946	0.2890467268790544	0.4474090902334245
135.32866433216608	0.28865031283887266	0.44753303311826065
135.4617308654327	0.2887012801747707	0.44708591585995905
135.59479739869934	0.28816160041374306	0.4469337564485354
135.72786393196597	0.28841148254265436	0.446777774263369
135.8609304652326	0.2891580070242861	0.4467602450179855
135.99399699849926	0.2892967689638075	0.4464235572798707
136.12706353176588	0.28903787688799476	0.44712025409021466
136.2601300650325	0.28884110979336325	0.4477588168258175
136.39319659829914	0.2892781953981024	0.4478007195874742
136.52626313156577	0.2897991118491952	0.4481044962004801
136.65932966483243	0.2900157933844102	0.44781340457131397
136.79239619809906	0.2897083586615684	0.44804453784090176
136.92546273136568	0.2895162777828036	0.4474345423975561
137.0585292646323	0.2891571704210871	0.4462053826126589
137.19159579789894	0.28935296481623773	0.44631107249273705
137.32466233116557	0.2900450781355849	0.44615934599295387
137.45772886443223	0.28974067556691213	0.4456965544964924
137.59079539769886	0.2900142583572364	0.44548623680854244
137.72386193096548	0.2910502907758752	0.4454890777446068
137.8569284642321	0.2907226481810289	0.4457244636335456
137.98999499749874	0.2899912912442852	0.44625370203169207
138.12306153076537	0.2898516389261429	0.44653360643032497
138.25612806403203	0.29009202834848485	0.4461859600491799
138.38919459729865	0.29046838211096315	0.44671800275092316
138.52226113056528	0.29086572482266343	0.44697710179484895
138.6553276638319	0.2912638193615355	0.4465062392491911
138.78839419709854	0.29202324329487833	0.4455838143242802
138.92146073036517	0.29237530694946595	0.4452742254993319
139.05452726363183	0.2925898815037216	0.4445777821421233
139.18759379689845	0.2927008768075077	0.44464791765631506
139.32066033016508	0.2925607078022088	0.44586629984586
139.4537268634317	0.29288033430804244	0.44580836936958096
139.58679339669834	0.29259890496465396	0.44465006528958023
139.71985992996497	0.2928352899954445	0.4447857575671963
139.85292646323163	0.29273699321621993	0.4455292107478467
139.98599299649825	0.2924762366126343	0.44469522548834833
140.11905952976488	0.29276233442091193	0.4453299328846958
140.2521260630315	0.29314872736649245	0.4455960978479301
140.38519259629814	0.2932043103981213	0.445538008388071
140.51825912956477	0.29380350808063654	0.4459218063325419
140.65132566283143	0.29438491015906276	0.4456214312368101
140.78439219609805	0.2945370579995001	0.4457492896757651
140.91745872936468	0.2950663621636576	0.4450468319701797
141.0505252626313	0.2946269495075614	0.44441214643068416
141.18359179589794	0.2942314615498701	0.4445378512288469
141.31665832916457	0.29463817245214974	0.4448550040852509
141.44972486243122	0.29469598896501087	0.4456633319871399
141.58279139569785	0.2951766683131961	0.44602589322697395
141.71585792896448	0.2958894227143448	0.4459232331599611
141.8489244622311	0.2964093266097457	0.4465814568541268
141.98199099549774	0.2965345668852111	0.4470826454626544
142.11505752876437	0.29611792991483393	0.44709460677877333
142.24812406203102	0.29611815511693873	0.44741463177221225
142.38119059529765	0.2955230096854296	0.4479678135728476
142.51425712856428	0.2954834892068673	0.44834456614461105
142.6473236618309	0.2950892723066831	0.4479801944891233
142.78039019509754	0.29481250501608103	0.448169132033274
142.91345672836417	0.29536858142864447	0.44779366030291085
143.04652326163082	0.2951542220456112	0.447086794576166
143.17958979489745	0.2955489899069413	0.4475232092112588
143.31265632816408	0.29504494226567457	0.447076526835502
143.4457228614307	0.29432884139719057	0.44711616735947946
143.57878939469734	0.2947360608809867	0.4475968517866875
143.71185592796397	0.29509587820071553	0.4478986757534225
143.84492246123062	0.29563253720029403	0.4478089260425485
143.97798899449725	0.29593205388899296	0.44679075767218684
144.11105552776388	0.2958620191310307	0.4462285105982999
144.2441220610305	0.2957378626763338	0.446521033396772
144.37718859429714	0.2959199966521665	0.44726774624523435
144.51025512756377	0.29615190774906774	0.4479049563430279
144.64332166083042	0.2962869732461963	0.44837680761317555
144.77638819409705	0.29607637403359927	0.4484156715869688
144.90945472736368	0.2963980734616654	0.44834573863847516
145.0425212606303	0.2965980887695311	0.448537425332459
145.17558779389694	0.29678706034160324	0.44799197010618125
145.30865432716357	0.29668130103520785	0.4474807863578925
145.44172086043022	0.2968041912534723	0.4474991989601852
145.57478739369685	0.2974946878017663	0.44702156556886163
145.70785392696348	0.2978770650459041	0.44584284076881014
145.8409204602301	0.29776221971066835	0.44502789560866657
145.97398699349674	0.2982048093871509	0.446235775094391
146.10705352676337	0.2990031931044367	0.44664535750669826
146.24012006003002	0.2989132964800946	0.4468279038549941
146.37318659329665	0.2993515480416717	0.4472720805718269
146.50625312656328	0.29927359360185635	0.44627378122719313
146.6393196598299	0.29902728441983334	0.44569129910102645
146.77238619309654	0.299493474127117	0.4461287463616582
146.90545272636317	0.30005331651822315	0.44577937662484024
147.03851925962982	0.3003560675959219	0.44571612441817166
147.17158579289645	0.301017358769695	0.4457211440017241
147.30465232616308	0.3017432359860597	0.44541401630802224
147.4377188594297	0.3015758337515869	0.4455280022722272
147.57078539269634	0.30143923105887904	0.44467989871741265
147.70385192596297	0.3017414756958745	0.4443963603544863
147.83691845922962	0.30180364214172845	0.4443702999211721
147.96998499249625	0.30166179362758966	0.44501876168884935
148.10305152576288	0.3013359243569237	0.44510228892787534
148.2361180590295	0.3008073234547954	0.44376627343914776
148.36918459229614	0.30115877480992614	0.44354784427490057
148.50225112556276	0.30138807515694493	0.4435770170075362
148.63531765882942	0.3018561172426802	0.4428462532510335
148.76838419209605	0.3017256028614837	0.4428173706667134
148.90145072536268	0.3011399804808574	0.44261996378760765
149.0345172586293	0.3016272148339175	0.4430803114650639
149.16758379189594	0.3014117570383146	0.4429523959501957
149.30065032516256	0.30134299863836467	0.4421299136331896
149.43371685842922	0.302322303767237	0.4421607332271096
149.56678339169585	0.3020945949749494	0.44216985676681053
149.69984992496248	0.30200537681204614	0.4425884112169692
149.8329164582291	0.30186525978382595	0.44331546814189043
149.96598299149574	0.3009188862665602	0.4437159311755801
150.09904952476236	0.3004965798228399	0.44384411851978123
150.23211605802902	0.3000724820067186	0.4437822187146394
150.36518259129565	0.30058200782876693	0.443149663977371
150.49824912456228	0.30101241799646317	0.4430293680224236
150.6313156578289	0.3012412179868342	0.44322510352416133
150.76438219109554	0.30176851018290085	0.4436506168955942
150.89744872436216	0.30219317009462887	0.44377098850006036
151.03051525762882	0.30219865534595014	0.44409512421556036
151.16358179089545	0.3022411378137184	0.4444221662313601
151.29664832416208	0.3019583466593239	0.4441508718018205
151.4297148574287	0.30192268186447385	0.4442168830109971
151.56278139069533	0.30216606072219815	0.444528748498486
151.69584792396196	0.3014804450187775	0.44533716074976604
151.82891445722862	0.30111233456690767	0.44590461434541506
151.96198099049525	0.30128753818810017	0.44573324067656844
152.09504752376188	0.3016025937875101	0.4457250485086834
152.2281140570285	0.3009949169437622	0.44573280222317047
152.36118059029513	0.30054585991338933	0.44526925039967963
152.49424712356176	0.3005122458004248	0.44521788589824574
152.62731365682842	0.3002755753704174	0.44603084884224625
152.76038019009505	0.29991984922888615	0.44697515555199474
152.89344672336168	0.2996998223885009	0.44738274340506784
153.0265132566283	0.29935992706458936	0.4482859918608403
153.15957978989493	0.29847189724319423	0.4485722828701538
153.2926463231616	0.2987763276234077	0.4482480811649257
153.42571285642822	0.2996313071301019	0.4481249990869195
153.55877938969485	0.29966213377487805	0.447405369733248
153.69184592296148	0.29998571725063544	0.446432134088577
153.8249124562281	0.3003550086175947	0.4456615712611084
153.95797898949473	0.3006111567037362	0.4458722365734044
154.0910455227614	0.30074585802812215	0.4461398607077792
154.22411205602802	0.30065867398023893	0.4458699908847679
154.35717858929465	0.30014874555146565	0.445842033349287
154.49024512256128	0.2997118526968486	0.44518112663752707
154.6233116558279	0.3002945077348717	0.4447876335196968
154.75637818909453	0.29997941147036467	0.4455273724990955
154.8894447223612	0.29997154622335254	0.4458336179417286
155.02251125562782	0.29985484469546175	0.4452051649774042
155.15557778889445	0.29993884330637877	0.44413856224279347
155.28864432216108	0.2995435367963209	0.44376426760559057
155.4217108554277	0.29953535564997674	0.444625812209076
155.55477738869433	0.29942915126309905	0.4441410351421425
155.687843921961	0.2986988225618641	0.44344009131621076
155.82091045522762	0.2986280258970005	0.4440956131092908
155.95397698849425	0.2984899765378636	0.44515151038259854
156.08704352176088	0.29895079195287805	0.44533539588771115
156.2201100550275	0.2991478975766904	0.4444082376923515
156.35317658829413	0.2988483354114319	0.444472969900782
156.4862431215608	0.29895110799784474	0.4457302452780163
156.61930965482742	0.2991276968831461	0.4460705153543221
156.75237618809405	0.29872644334330933	0.44623959934383645
156.88544272136068	0.2975295059230153	0.4461955588760601
157.0185092546273	0.29746894066798246	0.4463588034063426
157.15157578789393	0.29790804234496826	0.44811560916186666
157.2846423211606	0.2981742778526776	0.44911925854193385
157.41770885442722	0.29799250204109934	0.44887127895621504
157.55077538769385	0.29817875867917926	0.4487456889279796
157.68384192096048	0.29841573210478556	0.44844050966120486
157.8169084542271	0.29830539582633786	0.4477664461826855
157.94997498749373	0.29791061650967043	0.44690731401065786
158.0830415207604	0.297568396669374	0.4470277997696981
158.21610805402702	0.2973021206308873	0.4476743957852823
158.34917458729365	0.2975267372253065	0.44734699873265166
158.48224112056027	0.29718698372933033	0.44655359953871626
158.6153076538269	0.29705926835678004	0.4465217266668608
158.74837418709353	0.29690251015592567	0.44607975535535127
158.8814407203602	0.2974030784983847	0.4456232331474708
159.01450725362682	0.29823846209351207	0.44584271442609785
159.14757378689345	0.29851772647167435	0.44581515994049425
159.28064032016007	0.29808230962491417	0.44566578355776093
159.4137068534267	0.29803211215329944	0.4453451625104767
159.54677338669333	0.2976259885653446	0.44531709410895365
159.67983991996	0.29680324547792686	0.444916671649611
159.81290645322662	0.29672982950642846	0.44460670019880766
159.94597298649325	0.29673871179019795	0.44571591677807226
160.07903951975987	0.29696700001923465	0.44767404657626686
160.2121060530265	0.29686625510011877	0.4490859948159627
160.34517258629313	0.2972048858242624	0.4495366146495743
160.4782391195598	0.29776261677045557	0.4500521598278189
160.61130565282642	0.29781950846644106	0.45009388905822867
160.74437218609305	0.297866830951222	0.44994260759647164
160.87743871935967	0.29772121822007364	0.44963304015851074
161.0105052526263	0.2976748377242559	0.4496022894861357
161.14357178589293	0.2976739647363089	0.4498481145649479
161.2766383191596	0.29817005841093724	0.4495812251961821
161.40970485242622	0.29818456305539565	0.4502604934091645
161.54277138569284	0.297270722665425	0.45093591089874896
161.67583791895947	0.2971829148419003	0.450795752924976
161.8089044522261	0.29776769846121803	0.4510645794966204
161.94197098549273	0.2975302325462873	0.45036806623883024
162.0750375187594	0.2976225442653828	0.44953936548032375
162.20810405202602	0.2976366543489146	0.44971901933902103
162.34117058529264	0.29757728874404665	0.4499156021869271
162.47423711855927	0.2978394195033662	0.45010429500518234
162.6073036518259	0.29773536563544895	0.4499412658020575
162.74037018509253	0.29768456610005767	0.4499327923763999
162.8734367183592	0.2973151768892032	0.44950741133852634
163.00650325162582	0.2986323877344387	0.4495791380003005
163.13956978489244	0.3002276472001232	0.44940245009860647
163.27263631815907	0.3003782088031864	0.44905450859095797
163.4057028514257	0.3002913386535628	0.4493416943846929
163.53876938469233	0.3000538056640269	0.4490902378923536
163.671835917959	0.2995600163374391	0.44943609481523866
163.80490245122562	0.2998555150928217	0.44979569851877366
163.93796898449224	0.29950353504343163	0.44927563817268446
164.07103551775887	0.2997441749798673	0.44959396348044206
164.2041020510255	0.3009152508948795	0.44872203253555754
164.33716858429213	0.301037929851787	0.4483816571570768
164.4702351175588	0.3015664415401213	0.4474603603138572
164.60330165082541	0.30198529314298833	0.4473355505557079
164.73636818409204	0.3019400113642241	0.4479741515107435
164.86943471735867	0.3012024467940441	0.4479417081525169
165.0025012506253	0.30127353515599875	0.4480032748302664
165.13556778389193	0.3018693702139068	0.4486647079260939
165.2686343171586	0.3019695782067089	0.44938932916194235
165.40170085042521	0.30194721332404273	0.4492277536841593
165.53476738369184	0.30197722066363764	0.4491745306099118
165.66783391695847	0.30153789204343084	0.4497276996084572
165.8009004502251	0.3011048576859241	0.4489719156311615
165.93396698349173	0.3007283740536056	0.4490361687567636
166.06703351675839	0.300729930736678	0.44888975020106064
166.20010005002501	0.30027955177896515	0.44951792331291224
166.33316658329164	0.30111309388136204	0.4502161062833363
166.46623311655827	0.30193925015376794	0.44928105579212435
166.5992996498249	0.3024591972340414	0.44912049896800166
166.73236618309153	0.30286824654940164	0.4489639992899753
166.86543271635819	0.30304630613539313	0.44844818402491843
166.9984992496248	0.3028225245623351	0.447931699392726
167.13156578289144	0.30295854789918886	0.4479321106932384
167.26463231615807	0.3027454471622388	0.44791288552762404
167.3976988494247	0.3025196576305532	0.4487743856603346
167.53076538269133	0.3026529706650876	0.44973845213476377
167.66383191595799	0.302583972026615	0.4496728494039779
167.7968984492246	0.3031816489361011	0.44973757466383274
167.92996498249124	0.3036859532852444	0.4491557933283544
168.06303151575787	0.30384987418458703	0.44895793793243527
168.1960980490245	0.30446938837330906	0.4487645218490596
168.32916458229113	0.30407014105905067	0.44853123403785583
168.46223111555778	0.3035573436138869	0.4482791558343088
168.5952976488244	0.30355046228982696	0.4479933123140226
168.72836418209104	0.30351943991921654	0.44797933872462564
168.86143071535767	0.30412917433923164	0.4479431633963747
168.9944972486243	0.3037765522723754	0.4482705246214242
169.12756378189093	0.30365529170180355	0.44842368615172923
169.26063031515758	0.30412429330185126	0.4491280672773559
169.3936968484242	0.30418198966809573	0.4487950362633737
169.52676338169084	0.30383747515792353	0.4487103311617911
169.65982991495747	0.3037711355239475	0.4487281294515815
169.7928964482241	0.3033294208083886	0.44781742751238723
169.92596298149073	0.3032811876145355	0.44749060922009815
170.05902951475738	0.3031531788889315	0.44838207633687677
170.192096048024	0.3034441959939724	0.4485592730169519
170.32516258129064	0.3040206412636991	0.4488965623952285
170.45822911455727	0.3039333915995054	0.4487938435665439
170.5912956478239	0.3039984138460166	0.44923651110672386
170.72436218109056	0.30339551937028203	0.44866686608235623
170.85742871435718	0.3028245326321791	0.44859386662458944
170.9904952476238	0.3034660920114116	0.448978293144076
171.12356178089044	0.3033814136524965	0.44863454463089464
171.25662831415707	0.30339092889944635	0.44923022906997045
171.3896948474237	0.303389589272643	0.4483714973723914
171.52276138069035	0.30323178913849463	0.4473326987412154
171.65582791395698	0.3021279574411352	0.44750881869717346
171.7888944472236	0.3022991391516096	0.448400262094613
171.92196098049024	0.30310531195238655	0.4483351508205257
172.05502751375687	0.3031821530574759	0.4481292248729139
172.1880940470235	0.3040914887757567	0.44726145748978563
172.32116058029015	0.30407226664179393	0.44649170804057586
172.45422711355678	0.3038341187939015	0.44683672943889496
172.5872936468234	0.3035215823251365	0.4458934950700741
172.72036018009004	0.30335233905625064	0.44554835554836136
172.85342671335667	0.3043474913436423	0.44570642844784275
172.9864932466233	0.304755376163974	0.4455018641677614
173.11955977988995	0.30468498274170297	0.4462437778072381
173.25262631315658	0.30563932253106413	0.4465981970159672
173.3856928464232	0.3057496537377295	0.44632145499740183
173.51875937968984	0.3052978476282382	0.44655865120340327
173.65182591295647	0.3059418334700324	0.4463423707151867
173.7848924462231	0.3069355312917579	0.4465997302227842
173.91795897948975	0.30681830687622624	0.4471437718811086
174.05102551275638	0.30719639889921163	0.44796446931923894
174.184092046023	0.30692049876467664	0.44791215073365337
174.31715857928964	0.3064898935235071	0.4475359479803491
174.45022511255627	0.30599812669965376	0.44680765213313745
174.5832916458229	0.30525926873449494	0.44612101464480536
174.71635817908955	0.30470483009211524	0.44546674445823653
174.84942471235618	0.3047731736978619	0.4455573494127503
174.9824912456228	0.30518510693011586	0.44601900955225116
175.11555777888944	0.30575529482085617	0.44642130907916744
175.24862431215607	0.30566436518593715	0.44678280118783575
175.3816908454227	0.3057163452445062	0.44647874249053954
175.51475737868935	0.3054992390657033	0.4470445359978372
175.64782391195598	0.3051298853265105	0.4466593338776173
175.7808904452226	0.305165150200461	0.4460308159714177
175.91395697848924	0.30498352343513724	0.44598118681512566
176.04702351175587	0.3044669447460659	0.4458716431063987
176.1800900450225	0.30396930442118153	0.44632404117226976
176.31315657828915	0.30406437266442826	0.44681434034334905
176.44622311155578	0.30401208116876344	0.44767753906943475
176.5792896448224	0.3041797256263622	0.44795365423696726
176.71235617808904	0.304172375414413	0.4478954748827707
176.84542271135567	0.3046654507008933	0.44799901954872673
176.9784892446223	0.304936029781426	0.44860158936450323
177.11155577788895	0.3055130389675527	0.44846055492669584
177.24462231115558	0.30575177997010294	0.4481518257419762
177.3776888444222	0.3057078332393727	0.4472712719224073
177.51075537768884	0.30693117004037823	0.44692231621322354
177.64382191095547	0.30763982709931215	0.4466864249760459
177.7768884442221	0.30812638719533114	0.44706125387088014
177.90995497748875	0.30773748812638274	0.44774172855624716
178.04302151075538	0.30716573494224614	0.4477164887469159
178.176088044022	0.3072313207586548	0.4468759751066139
178.30915457728864	0.3072854504830861	0.4468174992984634
178.44222111055527	0.307697422265604	0.4465018027756702
178.5752876438219	0.30803637329904854	0.4461372520749273
178.70835417708855	0.3083546149350146	0.4471441714713986
178.84142071035518	0.30742968249532476	0.4469853476682037
178.9744872436218	0.30665146278023087	0.44633743067606646
179.10755377688844	0.3057852412069105	0.44746977581004077
179.24062031015507	0.3059375876185078	0.4479844582839844
179.3736868434217	0.30607340490318025	0.4483490532077278
179.50675337668835	0.30592116080572307	0.4492649036444926
179.63981990995498	0.30521330088376375	0.4489854225135802
179.7728864432216	0.30509126778635964	0.44806454582462263
179.90595297648824	0.3051728113368671	0.44772844763181274
180.03901950975487	0.30578550866039644	0.4471460050907172
180.1720860430215	0.3059027934433769	0.44690309555724955
180.30515257628815	0.30607277895270263	0.44711707854703997
180.43821910955478	0.3063203151811379	0.4468949991229793
180.5712856428214	0.3058230373614142	0.44673916984601086
180.70435217608804	0.30610363351498426	0.44620905934522015
180.83741870935467	0.307207292990588	0.44516686870793265
180.9704852426213	0.3076184591289664	0.4445106449743723
181.10355177588795	0.30741310771609887	0.4446644172252205
181.23661830915458	0.30719877725240813	0.4440597908523111
181.3696848424212	0.3072107669888739	0.44496448297564145
181.50275137568784	0.3071953336353738	0.44526778491014785
181.63581790895446	0.3075258229454391	0.44523021419672015
181.7688844422211	0.30740015519728775	0.4455231449312371
181.90195097548775	0.307070657914617	0.44584963693121793
182.03501750875438	0.30654223281678594	0.4456908150249974
182.168084042021	0.307502931815816	0.4455859111883952
182.30115057528764	0.30782225392127677	0.44616373050559893
182.43421710855426	0.30763131824303186	0.44625426776596605
182.5672836418209	0.30724042059794043	0.44553381003534714
182.70035017508755	0.30781752608683277	0.4444518476226046
182.83341670835418	0.307416206512101	0.44538125482857394
182.9664832416208	0.3072704198800333	0.44516262494962855
183.09954977488744	0.3067687417476127	0.44496008365807516
183.23261630815406	0.3066348770227687	0.4449277902971229
183.3656828414207	0.3068579441259204	0.4444975544137994
183.49874937468735	0.30703422827868815	0.44384275468589157
183.63181590795398	0.30708831108194	0.4443212244916195
183.7648824412206	0.30706092687556175	0.4441521078419425
183.89794897448724	0.30732609962153995	0.44441787178042397
184.03101550775386	0.3073401111542794	0.4451856605428495
184.1640820410205	0.30680988638843193	0.4450486762828271
184.29714857428715	0.3063712498533487	0.4459452368965498
184.43021510755378	0.30684703545957975	0.4466464467683921
184.5632816408204	0.3077661233803755	0.44625345803148136
184.69634817408703	0.3084087513216492	0.4464301891948606
184.82941470735366	0.3081143241689929	0.44597844534072584
184.9624812406203	0.308713616623993	0.4460143830307469
185.09554777388695	0.30905302715310873	0.4459516630666946
185.22861430715358	0.30946265849977705	0.4470789726557874
185.3616808404202	0.3093733225222152	0.44724075982784894
185.49474737368683	0.3095377944420605	0.44821167195879114
185.62781390695346	0.30974003836673947	0.44794645825781787
185.7608804402201	0.30931755048589954	0.4464484721317628
185.89394697348675	0.3104006000627701	0.4460312986328763
186.02701350675338	0.31079769310873734	0.44660066058718284
186.16008004002	0.31099894650867177	0.44726265790163644
186.29314657328663	0.3111060111495686	0.4478606302913406
186.42621310655326	0.3112198483448996	0.44690033230940907
186.5592796398199	0.31205040242571036	0.4473238291428658
186.69234617308655	0.31236013989409694	0.4469650394531475
186.82541270635318	0.3118520807662052	0.4461952046769495
186.9584792396198	0.31188472815533475	0.446107982800856
187.09154577288643	0.31180779883676873	0.44696617398562755
187.22461230615306	0.3116761269264321	0.4472982476839691
187.3576788394197	0.31106493116344947	0.44703671318799487
187.49074537268635	0.3106711563482586	0.446598613282963
187.62381190595298	0.3109524441399873	0.44644149660293075
187.7568784392196	0.310668638323853	0.44677070906930316
187.88994497248623	0.3108558406619262	0.44790371739422863
188.02301150575286	0.3104313223447013	0.44834901447874165
188.15607803901952	0.31101258487391825	0.44809217636332815
188.28914457228615	0.3115708303203892	0.4478698939168953
188.42221110555278	0.3108222756896198	0.44773687230765546
188.5552776388194	0.31130219126050723	0.447947919527512
188.68834417208603	0.3114778613501867	0.448342931849072
188.82141070535266	0.31088002597218894	0.4486008988685248
188.95447723861932	0.3110357075764367	0.447412899225399
189.08754377188595	0.31065114779946346	0.4467162449616305
189.22061030515258	0.3105854145550763	0.44683880924141206
189.3536768384192	0.30996681200122395	0.4462109510313296
189.48674337168583	0.3100310730690471	0.44604458259255664
189.61980990495246	0.30970594268473833	0.445540243188749
189.75287643821912	0.3090927737686861	0.44592412605882453
189.88594297148575	0.30840766409702447	0.44564367682925454
190.01900950475238	0.3085690123986609	0.4453133090636664
190.152076038019	0.3092342013871007	0.445734246324979
190.28514257128563	0.3097480586554406	0.4456759588685586
190.41820910455226	0.3090815994708891	0.44560702499679855
190.55127563781892	0.3091128115149824	0.4458495213796703
190.68434217108555	0.3094287548221529	0.44559138866730946
190.81740870435218	0.30909680072914175	0.44560703354882625
190.9504752376188	0.30958034422993186	0.4458061169307973
191.08354177088543	0.30974908896409437	0.44682287115711145
191.21660830415206	0.31000368848063525	0.4470970842261487
191.34967483741872	0.31000839852949225	0.4463390684271308
191.48274137068535	0.31038495387038867	0.4465508541137562
191.61580790395197	0.30992280609034767	0.44685925618226685
191.7488744372186	0.3101987212773167	0.4469874231020267
191.88194097048523	0.31011132429588045	0.44651758292519084
192.01500750375186	0.3093853388255673	0.4469372457681629
192.14807403701852	0.30888714850061444	0.4471897590120806
192.28114057028515	0.3089156244275355	0.44699617448021267
192.41420710355177	0.3090610204747621	0.4465503647730833
192.5472736368184	0.3092880015295608	0.44630316953861576
192.68034017008503	0.3094863477022881	0.44657129308688037
192.81340670335166	0.3090445541592377	0.4456439995007035
192.94647323661832	0.30893020557914164	0.44515038652830025
193.07953976988495	0.30899398523648614	0.44550742672509047
193.21260630315157	0.3091836665199961	0.4457641107186528
193.3456728364182	0.3093556695878163	0.4458969160099687
193.47873936968483	0.30910014555912124	0.4460863033200083
193.61180590295146	0.30921161524736723	0.44651485122406614
193.74487243621812	0.30930587926991476	0.4467923432091065
193.87793896948475	0.3093643097248113	0.4472134863262333
194.01100550275137	0.30939669649103174	0.44773133042066626
194.144072036018	0.3092349959072717	0.4473541425330362
194.27713856928463	0.3091745372167842	0.4463382119852927
194.41020510255126	0.3094211212794771	0.4462399190363089
194.54327163581792	0.3096219672698423	0.4462347314981884
194.67633816908454	0.3094619267770961	0.4454361082217064
194.80940470235117	0.3093058942365644	0.4459288256468845
194.9424712356178	0.3084688475284321	0.44658174465670736
195.07553776888443	0.30828514100572757	0.4455937560918218
195.20860430215106	0.3081279942965522	0.4464824893283701
195.34167083541772	0.3085945620919477	0.44670550197813014
195.47473736868434	0.30920095549564336	0.4458214071328744
195.60780390195097	0.30911345401616336	0.4450464018387743
195.7408704352176	0.3092243669875089	0.44598181617511157
195.87393696848423	0.3095927047573863	0.44730807743244705
196.00700350175086	0.30979459053479097	0.44702030604928167
196.14007003501752	0.31046712509259444	0.4467687808489978
196.27313656828414	0.3097938835308217	0.4461816365199144
196.40620310155077	0.30916430824940155	0.44546112073532723
196.5392696348174	0.30914367352925726	0.44474369732475183
196.67233616808403	0.3091958432039415	0.44414597078151175
196.80540270135066	0.30957545586803414	0.4448790400869624
196.93846923461732	0.3097894183342932	0.44539998458278185
197.07153576788394	0.30949343594864354	0.4449534709441112
197.20460230115057	0.30835859980033903	0.4450040114386067
197.3376688344172	0.3075301407259864	0.44496594922645083
197.47073536768383	0.30806626843278045	0.44402029455152997
197.60380190095046	0.3080108457424632	0.44418238460655063
197.73686843421712	0.3077611055340172	0.4447921571764097
197.86993496748374	0.308152966542021	0.4449700529131855
198.00300150075037	0.3080598796404648	0.44490647876358913
198.136068034017	0.3079022158109874	0.4452353302740068
198.26913456728363	0.3083058247187585	0.44529296521086764
198.40220110055026	0.3090513764473578	0.44507153240474295
198.53526763381691	0.309457415503166	0.44417625713444464
198.66833416708354	0.30926289974403737	0.4438628294923015
198.80140070035017	0.3089638444571404	0.4433449540779244
198.9344672336168	0.30908220772832784	0.4433681486220735
199.06753376688343	0.30920357306027435	0.44361692387163487
199.20060030015006	0.3087354677576557	0.442988667898307
199.33366683341671	0.3093921511341024	0.44255218359932474
199.46673336668334	0.30913170891401925	0.4420458491076781
199.59979989994997	0.30896366912284345	0.4423884153326681
199.7328664332166	0.3090152167170968	0.4434387972937197
199.86593296648323	0.3089703207824455	0.44402827409033974
199.99899949974986	0.30922676826191603	0.44297276282280723
200.1320660330165	0.3100221824324511	0.4425836579476426
200.26513256628314	0.3098623211700842	0.4428181168818842
200.39819909954977	0.3097212596765946	0.4427618965606075
200.5312656328164	0.31002602563296977	0.44244395910624523
200.66433216608303	0.30987060538492744	0.44217319505016256
200.79739869934966	0.3093639610005534	0.4428329525634856
200.9304652326163	0.309581148380889	0.44321239515027916
201.06353176588294	0.3099289700691389	0.4434962157276649
201.19659829914957	0.3099688970496009	0.4432177006175476
201.3296648324162	0.30962256479256983	0.4425016892736467
201.46273136568283	0.31045398025992615	0.4428363472489571
201.59579789894946	0.31061820203792484	0.44306116151661834
201.7288644322161	0.3106618585069976	0.4432915437128541
201.86193096548274	0.31039779428135017	0.4433884333224692
201.99499749874937	0.3098569475529312	0.4439169506282473
202.128064032016	0.3098256968364443	0.4439611473232749
202.26113056528263	0.31003825741673074	0.4446242293359534
202.39419709854926	0.3102111074984213	0.44487957639240144
202.5272636318159	0.3107990533264006	0.4456649888312606
202.66033016508254	0.3115003877195434	0.4456941504825447
202.79339669834917	0.31171153819124514	0.44546771914810085
202.9264632316158	0.3115483303441721	0.4460675637065583
203.05952976488243	0.31134182493070706	0.4467717632557297
203.19259629814906	0.3124967899524945	0.44681254068544224
203.3256628314157	0.31285973671923106	0.44691874710935553
203.45872936468234	0.31280538346124936	0.4469939157054619
203.59179589794897	0.3131140652373064	0.44745717800165163
203.7248624312156	0.3128103295827544	0.4479879981762581
203.85792896448223	0.3132198221472982	0.44744238304414347
203.99099549774886	0.31384458110644586	0.44685768197151426
204.1240620310155	0.31326445217555976	0.44695202923152794
204.25712856428214	0.3130041262837944	0.44622621706152127
204.39019509754877	0.31271514799157196	0.4463197508247125
204.5232616308154	0.31301155419651094	0.4466295437272115
204.65632816408203	0.31348818812327256	0.44556976188524117
204.78939469734868	0.31463938829538485	0.4458239870143719
204.9224612306153	0.3143414256587012	0.44572140381100134
205.05552776388194	0.3141731743386692	0.44608356012019995
205.18859429714857	0.3134810254648619	0.4456975403052704
205.3216608304152	0.31428571879092276	0.445718060168983
205.45472736368183	0.3147831764331879	0.44587235474362585
205.58779389694848	0.3148037746881881	0.44573108895355484
205.7208604302151	0.31448349782714713	0.4456884175961916
205.85392696348174	0.31455958780393517	0.4451749912764253
205.98699349674837	0.314205855447504	0.44504612642159114
206.120060030015	0.31442795002063517	0.44505840344259656
206.25312656328163	0.31455263953226303	0.4448217682414997
206.38619309654828	0.3139440447448401	0.4443026478635446
206.5192596298149	0.313566037435015	0.4443029394792819
206.65232616308154	0.313866831050653	0.44324906159924976
206.78539269634817	0.3132653526198977	0.4427365941982268
206.9184592296148	0.3133734459877797	0.44313931286599645
207.05152576288143	0.31325087733496243	0.4436077182314492
207.18459229614808	0.31288486697249	0.44366797852112416
207.3176588294147	0.3135129904473936	0.44281769692633927
207.45072536268134	0.3136280831913598	0.4428944853734773
207.58379189594797	0.3135366369401282	0.44276926773887476
207.7168584292146	0.3135945255386209	0.443226795518572
207.84992496248123	0.31326660034899206	0.44336666096069316
207.98299149574788	0.31362353376287816	0.44351487097870884
208.1160580290145	0.3143570170467772	0.44424667276158536
208.24912456228114	0.31443653441947517	0.4437132767431515
208.38219109554777	0.31456866863013616	0.443851716897788
208.5152576288144	0.3152126234117081	0.44455544915263906
208.64832416208102	0.31508664204542747	0.44425857141376224
208.78139069534768	0.31496088104559256	0.44423568173646927
208.9144572286143	0.31453971804356723	0.4438630025674404
209.04752376188094	0.3139389011227345	0.44465532075485703
209.18059029514757	0.31378145998625057	0.4440345426967899
209.3136568284142	0.31357405938332766	0.44382787787111627
209.44672336168082	0.3138259929692476	0.4442021365955875
209.57978989494748	0.3135624474530784	0.44452937708482004
209.7128564282141	0.3138452757738739	0.4445585725027799
209.84592296148074	0.3137469876726876	0.4447572592214322
209.97898949474737	0.3135893421322259	0.4440103807097309
210.112056028014	0.31281226609726065	0.4443263713193907
210.24512256128062	0.31180873943561593	0.44438123602363033
210.37818909454728	0.3112639929979793	0.44507200192310303
210.5112556278139	0.3111027700857226	0.4446317633202327
210.64432216108054	0.31111066456029807	0.44490704509449897
210.77738869434717	0.31116114650579696	0.44486126431268586
210.9104552276138	0.3112940636071549	0.4447319472256116
211.04352176088042	0.31117791332727723	0.4452159079852102
211.17658829414708	0.31121099375651	0.44614921188903894
211.3096548274137	0.310817702005933	0.4469363118918341
211.44272136068034	0.3105732582047783	0.4465361744612903
211.57578789394697	0.31077793530928527	0.44644086718007314
211.7088544272136	0.31109730869576824	0.44595240203885267
211.84192096048022	0.31074337002869323	0.4465223882318626
211.97498749374688	0.310206186241335	0.4466338144064449
212.1080540270135	0.3103665947073007	0.4474304385528527
212.24112056028014	0.30983282775286436	0.44734387669267534
212.37418709354677	0.31017316156425817	0.44755409833450654
212.5072536268134	0.3106285351962652	0.4478683444663997
212.64032016008002	0.31060391992854336	0.4475175102659007
212.77338669334668	0.3102846641157921	0.44749807469123676
212.9064532266133	0.31077828488599313	0.44722509321185283
213.03951975987994	0.309748258121539	0.4474969957465475
213.17258629314657	0.3100443085400372	0.44806134115188123
213.3056528264132	0.310327317403143	0.44843742273497655
213.43871935967982	0.31012102241615697	0.44878477273873557
213.57178589294648	0.31048331648978517	0.44889226821949696
213.7048524262131	0.31051628498106243	0.44863593241364425
213.83791895947974	0.3107236309975653	0.4487505947319106
213.97098549274637	0.3105289747938047	0.4487379872541471
214.104052026013	0.3104872676015167	0.44935094107340356
214.23711855927962	0.3106880145954781	0.44919058530531836
214.37018509254628	0.31088562657512897	0.448693843222373
214.5032516258129	0.31033543581876005	0.44929077580031185
214.63631815907954	0.3109610630973018	0.44907049494390355
214.76938469234616	0.3111839419695285	0.44884157778977113
214.9024512256128	0.31210601446369474	0.4488472253173984
215.03551775887942	0.3127682235021044	0.4493032885064563
215.16858429214608	0.3131279916466189	0.4488430066288444
215.3016508254127	0.3137989541022235	0.448228534937151
215.43471735867934	0.3135680728042963	0.44832348760855295
215.56778389194596	0.3138487774796682	0.44834772528635297
215.7008504252126	0.31395225051440323	0.44751580564670457
215.83391695847922	0.31358287585239597	0.4478022210386499
215.96698349174588	0.31271450856712213	0.4478194647332921
216.1000500250125	0.3127035997225162	0.4481625608389135
216.23311655827914	0.31226344702420367	0.4483407889136376
216.36618309154576	0.3126881841006456	0.4486389282875151
216.4992496248124	0.31299062520490933	0.44838436640899487
216.63231615807902	0.31230356133127135	0.44786872568700103
216.76538269134568	0.3124969328819579	0.447411614851906
216.8984492246123	0.31297266986111094	0.4474807866472506
217.03151575787894	0.31238348868028687	0.4476919281021147
217.16458229114556	0.31269766047409375	0.4476330847226314
217.2976488244122	0.3121900382561028	0.4472721564244184
217.43071535767882	0.31281418015824936	0.4476410018665233
217.56378189094548	0.312521620538989	0.44794079434034706
217.6968484242121	0.31226038376461757	0.44709042213393707
217.82991495747874	0.31212090960751154	0.4468091290837602
217.96298149074536	0.31252919526089534	0.4463642858137832
218.096048024012	0.31275372105241483	0.4461102288210342
218.22911455727862	0.3121733065172993	0.44520290827869463
218.36218109054528	0.3122279054171355	0.44564389490575984
218.4952476238119	0.3116541504385957	0.44565092769535763
218.62831415707853	0.3119194752783342	0.4464277593662081
218.76138069034516	0.31245754918468804	0.44609882540520673
218.8944472236118	0.3123952143139866	0.4459469094307962
219.02751375687842	0.3120192094453389	0.44517486779700866
219.16058029014508	0.31189694993406736	0.44492369722890546
219.2936468234117	0.31240386458190306	0.44445620349907594
219.42671335667833	0.31170906967323614	0.44429935250780933
219.55977988994496	0.3110948031727529	0.4451115486450324
219.6928464232116	0.3107141984673626	0.4455500831054049
219.82591295647822	0.31067237945085424	0.4457764618933682
219.95897948974488	0.3106013771310428	0.4459774123177058
220.0920460230115	0.31058533557144624	0.44558426941139606
220.22511255627813	0.3105793932046981	0.44522120089325024
220.35817908954476	0.31073194396714277	0.44525977855563015
220.4912456228114	0.311119738747673	0.44517497793062394
220.62431215607802	0.3113642187074577	0.44466860796430147
220.75737868934468	0.3112871637160694	0.4441539562302323
220.8904452226113	0.31172959198704436	0.444253415162606
221.02351175587793	0.3116787694810553	0.444711600302347
221.15657828914456	0.31181635753484366	0.445117155546062
221.2896448224112	0.3124113552665407	0.4442808783136382
221.42271135567785	0.31187946760148155	0.44372484404150275
221.55577788894448	0.3126604662775733	0.4435835640222357
221.6888444222111	0.31253592207701064	0.4445535709158779
221.82191095547773	0.31238570408917954	0.44415638301443117
221.95497748874436	0.3126507536817949	0.4442798126329966
222.088044022011	0.3125518940584767	0.44412953134774885
222.22111055527765	0.31231179235493084	0.4441714921789793
222.35417708854428	0.31191259685015965	0.4438581491430751
222.4872436218109	0.3122609406445796	0.44392371705783695
222.62031015507753	0.31173656193047683	0.4445016706881039
222.75337668834416	0.3115480017294185	0.44446869612675244
222.8864432216108	0.3119518206305093	0.4450383681081193
223.01950975487745	0.31168437276971944	0.44370660226197156
223.15257628814408	0.31197280631861823	0.44376450223489183
223.2856428214107	0.311445201540074	0.442992252805182
223.41870935467733	0.31094651958873615	0.4434661975855334
223.55177588794396	0.3110226848295327	0.4427850537433511
223.6848424212106	0.31182748495812374	0.4417928567352043
223.81790895447725	0.3116856584555718	0.4419444062212084
223.95097548774388	0.3118084623784494	0.4417863539193587
224.0840420210105	0.31156021148594615	0.44192104564883866
224.21710855427713	0.3110278697499513	0.4428961831497916
224.35017508754376	0.3106150199955504	0.443200255095695
224.4832416208104	0.3096200754628763	0.44363979070657494
224.61630815407705	0.3094055122089489	0.4438256216524092
224.74937468734367	0.30952848407928013	0.4443604122503898
224.8824412206103	0.30939441749473484	0.4440962877059136
225.01550775387693	0.30922244875996363	0.4431808083657631
225.14857428714356	0.308836107246798	0.44287220269586697
225.2816408204102	0.30921900956228215	0.44276069231224635
225.41470735367685	0.3091832755855122	0.44293972117530367
225.54777388694347	0.31007519356738034	0.4427913582565404
225.6808404202101	0.31022622473913974	0.44311708978606257
225.81390695347673	0.3104524676546705	0.44328575406868004
225.94697348674336	0.30954357889229767	0.44251285135490775
226.08004002001	0.3093727331270041	0.442756862208414
226.21310655327665	0.30966950870958954	0.44265037699104454
226.34617308654327	0.3090874090638013	0.4436273935956092
226.4792396198099	0.30931947987132286	0.4435793142725139
226.61230615307653	0.309503529683588	0.4432370961630154
226.74537268634316	0.30928556886666214	0.4432440633276079
226.8784392196098	0.30962284190287903	0.4438017357937251
227.01150575287645	0.31056176649363876	0.4423134650745104
227.14457228614307	0.3107709442324298	0.4425368422516535
227.2776388194097	0.3110356539553058	0.44174227331875193
227.41070535267633	0.31073834033979714	0.44137590332851595
227.54377188594296	0.3099545720686205	0.44261345109340183
227.6768384192096	0.3097671022470242	0.4417622099949012
227.80990495247624	0.30979084435263243	0.4418095348663352
227.94297148574287	0.3103782106913178	0.4414582411601774
228.0760380190095	0.31075271796306064	0.4413028300270487
228.20910455227613	0.3101751295177199	0.44067062268289314
228.34217108554276	0.31025887385814144	0.44036134382705727
228.4752376188094	0.31168850606868564	0.44051030906979527
228.60830415207604	0.3118269142638583	0.4400208320796673
228.74137068534267	0.31169200080278536	0.4399810374007698
228.8744372186093	0.31140444420004476	0.44068538894794507
229.00750375187593	0.3113198024057545	0.4416177485995804
229.14057028514256	0.31199945180806726	0.44191280799074484
229.2736368184092	0.3130776029244767	0.44189362366602447
229.40670335167584	0.31260744753836683	0.44090434083988533
229.53976988494247	0.3130193523373975	0.4405229708246887
229.6728364182091	0.3136774399750553	0.4409380003295732
229.80590295147573	0.3141019834209459	0.44122978984513933
229.93896948474236	0.3136320620157096	0.44141420561945344
230.072036018009	0.31385963074949325	0.4407897807798302
230.20510255127564	0.313676322321048	0.4393286738282
230.33816908454227	0.31376378502937435	0.4385415014722119
230.4712356178089	0.31412265908483605	0.4382789923839761
230.60430215107553	0.3136327847111191	0.43811265917583375
230.73736868434216	0.313649116139189	0.43818206259037223
230.8704352176088	0.31385407411819144	0.43763201168082094
231.00350175087544	0.31382417991778594	0.43845853462146583
231.13656828414207	0.313677327479096	0.43936651194147264
231.2696348174087	0.3142460946083935	0.43919342837368563
231.40270135067533	0.3144128372556686	0.4389993528385129
231.53576788394196	0.31474414490546504	0.4397921071722801
231.6688344172086	0.31405754876899034	0.4403243397727886
231.80190095047524	0.313725117227943	0.440095142407828
231.93496748374187	0.31414758838716184	0.4411796279624124
232.0680340170085	0.31426379065282484	0.44086990470336807
232.20110055027513	0.3140489779348327	0.4409333660261176
232.33416708354176	0.31419490035730746	0.4416078330685097
232.4672336168084	0.3141612539140767	0.4415265229513579
232.60030015007504	0.31350959013727114	0.4422604114544784
232.73336668334167	0.3129220104195027	0.4426948342331931
232.8664332166083	0.31238557068062134	0.4423160767247827
232.99949974987493	0.3126599352061035	0.4421169375602268
233.13256628314156	0.3121376315578749	0.4426366492408022
233.26563281640819	0.3130639111723501	0.44297586179865805
233.39869934967484	0.313980041598732	0.443123857959436
233.53176588294147	0.3145419601747753	0.44223570173275567
233.6648324162081	0.3143686544002526	0.44299183852317237
233.79789894947473	0.3150748169198874	0.4428910231487019
233.93096548274136	0.3148296498188956	0.44276405690388365
234.06403201600799	0.3148152292315036	0.442980206684876
234.19709854927464	0.31560121278264286	0.4425420884025287
234.33016508254127	0.31593250849805876	0.4422043799258976
234.4632316158079	0.31574937554838095	0.44179459850572583
234.59629814907453	0.31420381122919794	0.44131279838301385
234.72936468234116	0.31474327205521396	0.4416250949348789
234.86243121560778	0.3142307869875651	0.44161570199133715
234.99549774887444	0.3142025097654321	0.4414191228725962
235.12856428214107	0.31439309564591067	0.4410560013725936
235.2616308154077	0.3142508496946195	0.44172702994632507
235.39469734867433	0.31383200321203714	0.441308674450206
235.52776388194096	0.3145460519303594	0.44211951613968775
235.66083041520758	0.31365326746764705	0.44228051445052957
235.79389694847424	0.3135423759466149	0.44235840644944324
235.92696348174087	0.31319916664224945	0.4431133763303238
236.0600300150075	0.3123377850810191	0.4439019515021532
236.19309654827413	0.31167567591167233	0.4445049162829407
236.32616308154076	0.3110108045632379	0.44422498606723154
236.45922961480738	0.31049801825096784	0.44408776770647423
236.59229614807404	0.31015537339917176	0.44401243345447156
236.72536268134067	0.3099568739173281	0.4446796420723098
236.8584292146073	0.31024853772762256	0.44463721160732367
236.99149574787393	0.310334888085644	0.44524584017939667
237.12456228114056	0.31072582914270974	0.4439452943488693
237.25762881440718	0.31175801713423656	0.4447087309138212
237.39069534767384	0.311206324359068	0.4451042918866987
237.52376188094047	0.3115632091105835	0.44533733845967427
237.6568284142071	0.31188509705061335	0.445004553677547
237.78989494747373	0.3120960648937465	0.4448730830177935
237.92296148074036	0.3112416932237856	0.4450570591229763
238.05602801400698	0.3116470105012681	0.444425821283968
238.18909454727364	0.3112768697202579	0.44455942032889995
238.32216108054027	0.3117645298904893	0.4444344877030023
238.4552276138069	0.3125722303517025	0.4438357853562809
238.58829414707353	0.31206177169462956	0.44337433915030583
238.72136068034015	0.31192946287758044	0.44390398811212095
238.8544272136068	0.3120182297056214	0.44363564168860947
238.98749374687344	0.31251120526652176	0.44280207988502734
239.12056028014007	0.3128312906002722	0.443290968502698
239.2536268134067	0.31326507258368436	0.44305131609123605
239.38669334667333	0.31334707396212336	0.4434791574804066
239.51975987993995	0.3138817999439461	0.44428711963993295
239.6528264132066	0.31353557478348637	0.4446162497600313
239.78589294647324	0.3126075874350924	0.445067178832613
239.91895947973987	0.3125558098628774	0.445125865769841
240.0520260130065	0.3123239498980085	0.44552613818445597
240.18509254627313	0.31200875742175677	0.4458197944827293
240.31815907953975	0.31148115457750714	0.4449467951625103
240.4512256128064	0.3117742547949162	0.44443134360423875
240.58429214607304	0.31140149494839764	0.44312476394394085
240.71735867933967	0.3114593949277246	0.4431606504101731
240.8504252126063	0.31203884347673316	0.44251235776627945
240.98349174587293	0.31133475277648676	0.44323937203605995
241.11655827913955	0.31164781226696225	0.443272865079243
241.2496248124062	0.3119187517230432	0.44394276585077214
241.38269134567284	0.31265308033780226	0.44497528506529876
241.51575787893947	0.3129991467915792	0.44453414531893404
241.6488244122061	0.31326820958574686	0.4440196825441921
241.78189094547272	0.31281373848384575	0.44502211731069913
241.91495747873935	0.31211200456827914	0.4453775031192579
242.048024012006	0.31268307524111183	0.44458949897469935
242.18109054527264	0.3122777928091673	0.4441834414683643
242.31415707853927	0.31175119093355697	0.4444404934521935
242.4472236118059	0.312105341905799	0.4447619185331031
242.58029014507252	0.31147151980394966	0.44495068257467607
242.71335667833915	0.31190847615960693	0.44502499804294327
242.8464232116058	0.31176265153804156	0.4450467644818357
242.97948974487244	0.3120684235974185	0.4451766078808674
243.11255627813907	0.3117555596854605	0.44558144298113694
243.2456228114057	0.3123441881657691	0.4456086713257739
243.37868934467232	0.312293688564602	0.4456386665090882
243.51175587793895	0.3125682220008294	0.44595600974765615
243.6448224112056	0.3123954227123365	0.4469177099674786
243.77788894447224	0.3124402266141905	0.44669529328006347
243.91095547773887	0.3126487902747709	0.4465807258817196
244.0440220110055	0.31372641718519845	0.44596267984249705
244.17708854427212	0.3136703577151213	0.44576170404141074
244.31015507753875	0.3142391891605444	0.4460836081347438
244.4432216108054	0.3152516669928061	0.44598832336774225
244.57628814407204	0.3150394992714559	0.44644903756949444
244.70935467733867	0.31505862671147083	0.4463818723952757
244.8424212106053	0.314880677672839	0.4471677864610437
244.97548774387192	0.3147175559907272	0.44775913511249144
245.10855427713855	0.3145792328705045	0.44766828074118403
245.2416208104052	0.3144699053431094	0.44719955707933573
245.37468734367184	0.3140048507085622	0.4466850945433391
245.50775387693847	0.314346968378425	0.4465998633145645
245.6408204102051	0.31431366881623524	0.44609410956391915
245.77388694347172	0.31396099344710426	0.44608816718131394
245.90695347673835	0.31423933968967643	0.4458960390190349
246.040020010005	0.31496106582382344	0.44594184588780417
246.17308654327164	0.3153888164153431	0.4475355206106003
246.30615307653827	0.31472514823909986	0.44735465388001916
246.4392196098049	0.3145787357541681	0.4479584094852142
246.57228614307152	0.31434537022026854	0.4475511762542134
246.70535267633815	0.3144090506744862	0.44837763819094756
246.8384192096048	0.31498629067894834	0.4485305127375158
246.97148574287144	0.3149830574928028	0.4482884460340921
247.10455227613807	0.3144025942907194	0.4488558763417016
247.2376188094047	0.3144663422682858	0.44872796306620144
247.37068534267132	0.3151464819052539	0.44822983552007883
247.50375187593795	0.3150390764699015	0.4467938667286665
247.6368184092046	0.3149683050903729	0.4469950130240898
247.76988494247124	0.3154391722194085	0.44789272940678154
247.90295147573786	0.31492963496165927	0.44743732703545774
248.0360180090045	0.3149961650353932	0.44729148024232934
248.16908454227112	0.314765600979878	0.447664179376086
248.30215107553775	0.31533407005453373	0.44788757576415844
248.4352176088044	0.31552522385258996	0.4481747842954057
248.56828414207104	0.3155691234157735	0.44762212029973053
248.70135067533766	0.3156209409591673	0.4464797994366054
248.8344172086043	0.31608601537534675	0.4460171728609182
248.96748374187092	0.31659068880150154	0.4457914773449591
249.10055027513755	0.3165772588782666	0.4456591202573401
249.2336168084042	0.3159212930643011	0.4454734413919096
249.36668334167084	0.3161795274544007	0.44562976111144137
249.49974987493746	0.3164473363868544	0.44580990540698745
249.6328164082041	0.31594969347856766	0.44557932738000666
249.76588294147072	0.3158745300242488	0.4458823269050463
249.89894947473735	0.31592446837941546	0.44577840520401246
250.032016008004	0.31599651213162655	0.4460959239650765
250.16508254127064	0.31611863202704416	0.44610167251969857
250.29814907453726	0.3150620635644572	0.44573635766216946
250.4312156078039	0.31541546479020466	0.44515485179364167
250.56428214107052	0.31474870173171776	0.4463248176038387
250.69734867433715	0.31512645342101614	0.44579553342514955
250.8304152076038	0.31518253434686894	0.4457695616101679
250.96348174087044	0.31569955755926193	0.44572907940674145
251.09654827413706	0.31581905452015874	0.44543614896284445
251.2296148074037	0.3158780488058861	0.4454608843871986
251.36268134067032	0.3165773589623799	0.4454360610840496
251.49574787393695	0.31662908521093375	0.4444939643617743
251.6288144072036	0.31569901698571395	0.4442847520632562
251.76188094047023	0.31600583613760796	0.44455485853379245
251.89494747373686	0.31568761925166644	0.4444476469978284
252.0280140070035	0.31618835407928425	0.44404888995965314
252.16108054027012	0.31692536775746427	0.44404564402986635
252.29414707353675	0.3168135467292446	0.4446028724359896
252.4272136068034	0.3163153439521442	0.4435892365953897
252.56028014007003	0.31648778761220075	0.44401573656845766
252.69334667333666	0.3172580073423938	0.4436917130666821
252.8264132066033	0.3172248562876794	0.44391523052172016
252.95947973986992	0.31762457558044865	0.44428013279956563
253.09254627313655	0.3173878815761011	0.4437900007897725
253.2256128064032	0.31778618973255995	0.44356656625556984
253.35867933966983	0.3177502587215238	0.44377928771434855
253.49174587293646	0.31691825415990266	0.44460191412066624
253.6248124062031	0.316893440280924	0.44487665442004
253.75787893946972	0.31622005684256516	0.4455123473271982
253.89094547273635	0.3167435115206942	0.44554188732089167
254.024012006003	0.316790638759567	0.4449533449876315
254.15707853926963	0.31677981387114273	0.4457195756983251
254.29014507253626	0.31617211677783386	0.4454525171799186
254.4232116058029	0.31586288347868796	0.44595340028497954
254.55627813906952	0.3158145476473204	0.44647600801945925
254.68934467233615	0.316046286483303	0.44754108594427006
254.8224112056028	0.3171696398890817	0.4477588234314777
254.95547773886943	0.3176228465317336	0.44736396831704084
255.08854427213606	0.317760827713165	0.44646705110941654
255.2216108054027	0.3176249679920499	0.44641916748993654
255.35467733866932	0.317209566610184	0.44659615734743513
255.48774387193595	0.3174566999429266	0.447352818393905
255.6208104052026	0.31689714026911336	0.44672167462134077
255.75387693846923	0.3168041578999684	0.44721858855680174
255.88694347173586	0.3166273860358325	0.44753979798950216
256.0200100050025	0.31546312562462553	0.4481037028335225
256.15307653826915	0.3162307061922376	0.4484294932908216
256.2861430715358	0.3153273969880303	0.44762306347695585
256.4192096048024	0.3156001372066986	0.4474337044429283
256.55227613806903	0.31583395364698397	0.4474260119473385
256.68534267133566	0.31673779991740253	0.4461039101015436
256.8184092046023	0.3161199967801389	0.44608418102636443
256.9514757378689	0.3160444928560272	0.44678653636722043
257.08454227113555	0.3157491191808968	0.4456805248492071
257.2176088044022	0.31713071314667185	0.44536534266596184
257.3506753376688	0.31736006505725606	0.44493469046950407
257.4837418709355	0.3177361425991505	0.44468477598380846
257.6168084042021	0.3173043585400258	0.44522485072678036
257.74987493746875	0.31668831126525854	0.4450941601401438
257.8829414707354	0.31757942875551565	0.4465883124011949
258.016008004002	0.3168932014590741	0.4466785593992215
258.14907453726863	0.31706660461544545	0.44668920551734875
258.28214107053526	0.3170612963048944	0.4475313270463835
258.4152076038019	0.31679432974356864	0.4468666865063186
258.5482741370685	0.3166799782901786	0.44767241543657854
258.68134067033515	0.31675418526295046	0.4473204306443642
258.8144072036018	0.31733499119979375	0.4476138993824124
258.9474737368684	0.31727385007563486	0.44867061627673605
259.0805402701351	0.3175614867664242	0.44848625338232945
259.2136068034017	0.3172645428787234	0.4487011313100075
259.34667333666835	0.3168876442961288	0.44842963968546923
259.479739869935	0.31644230700837794	0.4478546347475797
259.6128064032016	0.31642451555986156	0.44750615296019836
259.74587293646823	0.3170825294201661	0.4476715814296493
259.87893946973486	0.3174540737077471	0.44679601097341526
260.0120060030015	0.3173979560906282	0.4466751473112865
260.1450725362681	0.31846751900757425	0.44741419866380505
260.27813906953475	0.3191790042181842	0.4469703854458198
260.4112056028014	0.31885563538682293	0.4465332213603152
260.544272136068	0.318696166461418	0.4469636037727049
260.6773386693347	0.3185175729995378	0.44727243974012254
260.8104052026013	0.31849706871460265	0.446645102105506
260.94347173586794	0.318418707866752	0.44721456557842576
261.0765382691346	0.3191534148593529	0.4468748237289734
261.2096048024012	0.31887303859091776	0.4465210804541464
261.34267133566783	0.3191114210802635	0.4459393148448936
261.47573786893446	0.31881470545555396	0.44630060078326184
261.6088044022011	0.31812730034865333	0.4467778666966283
261.7418709354677	0.3178702269449924	0.4460675645454394
261.87493746873434	0.31827005176023426	0.44481550057296815
262.008004002001	0.31805503239450106	0.44465900861631574
262.1410705352676	0.31775034006780206	0.4438982137557536
262.2741370685343	0.31714041572768825	0.44453822714766034
262.4072036018009	0.3178484556066035	0.4436931423402207
262.54027013506754	0.3174333655482792	0.44273350367438324
262.6733366683342	0.3178876575009013	0.44209106582997076
262.8064032016008	0.318164560492089	0.44139964366920936
262.93946973486743	0.31767830399384195	0.4415228364411205
263.07253626813406	0.31778030923398487	0.44201190360870635
263.2056028014007	0.3182686897522396	0.44229761120481603
263.3386693346673	0.3184267230277948	0.4429218904526818
263.47173586793394	0.31838614851102137	0.4422071892122377
263.6048024012006	0.31805040453555894	0.44077962771706297
263.7378689344672	0.3185553861746794	0.44106261121015145
263.8709354677339	0.3188266575976997	0.4406649598502272
264.0040020010005	0.31856268159287554	0.44117007878772063
264.13706853426714	0.31842671320794524	0.44115509122003027
264.2701350675338	0.31840913090880324	0.4407736643968611
264.4032016008004	0.3174351787865511	0.44161135332812235
264.53626813406703	0.31710086050302705	0.4420163751534764
264.66933466733366	0.31680791568090455	0.4416399801739785
264.8024012006003	0.31784942058075083	0.4417053344560088
264.9354677338669	0.317367555242178	0.4415072005579424
265.06853426713354	0.31687776074627066	0.44161396139896214
265.2016008004002	0.3169206219760517	0.4426345310709893
265.3346673336668	0.31714288294399673	0.44226009599640326
265.4677338669335	0.31670162770967986	0.44239117575776815
265.6008004002001	0.3160572378842166	0.44283438180609586
265.73386693346674	0.31714159400541153	0.4432773622690277
265.86693346673337	0.3178294404493237	0.4438536963061324
266.0	0.3170542635658915	0.44316722037652273
