0.0	0.0	0.0
0.1330665332666333	2.2238693821980676e-05	4.4300847624978865e-05
0.2661330665332666	0.00035485547025622947	0.00028854504116403905
0.39919959979989994	0.0010424053927856082	0.0012864867938422431
0.5322661330665333	0.002261981689290201	0.0026162153295881947
0.6653326663331666	0.003836005871374228	0.004079590309352618
0.7983991995997999	0.005586244163271726	0.005985761404888359
0.9314657328664332	0.007092986823037564	0.007802744354877681
1.0645322661330665	0.008777452435380981	0.009865230172251636
1.1975987993997	0.010372548214396113	0.012393156333901664
1.3306653326663331	0.012080495218992182	0.015208190553881208
1.4637318659329663	0.014051790254995825	0.018088820732604156
1.5967983991995998	0.015714688616740337	0.021037821720208693
1.7298649324662332	0.0177518612980475	0.024656093594592966
1.8629314657328664	0.019215341944610397	0.029247232408091094
1.9959979989994996	0.02147863334386017	0.0341698031190285
2.129064532266133	0.02342549675844524	0.039486833034575196
2.2621310655327664	0.025241734839167067	0.04440756303437145
2.3951975987994	0.026948761720779993	0.05024529375122085
2.528264132066033	0.02880930245396829	0.05660198129191348
2.6613306653326663	0.03040409054852291	0.06268245976054132
2.7943971985992997	0.03220109000809584	0.07031169159955923
2.9274637318659327	0.03397146657698184	0.07803881953078076
3.060530265132566	0.035567802570280534	0.08815634822246125
3.1935967983991995	0.03738573863260274	0.09765350285750299
3.326663331665833	0.038976400640278235	0.10734692544846813
3.4597298649324664	0.040398514417117795	0.11781261971632828
3.5927963981990994	0.042282984033885015	0.12831103141174866
3.7258629314657328	0.04380789226605028	0.13869244669831757
3.858929464732366	0.045338028370038724	0.15033655514192237
3.991995997998999	0.046982537667604976	0.16208631806860418
4.125062531265633	0.04890814536361814	0.1745452378284274
4.258129064532266	0.050365893618670166	0.18725974195127312
4.391195597798899	0.051688748771021	0.20133472722844073
4.524262131065533	0.052532002538899614	0.21481103145026503
4.657328664332166	0.05386486704241108	0.22919254770165695
4.7903951975988	0.05504144592366461	0.24265977013383813
4.923461730865433	0.0567569673010603	0.256809675478325
5.056528264132066	0.05838195017987249	0.27147906999681454
5.1895947973986996	0.059341581043280876	0.2872725273483716
5.3226613306653325	0.06113560727542981	0.30187223538107666
5.4557278639319655	0.06203548580272225	0.31696614969943737
5.588794397198599	0.06332733688796784	0.33035203296626336
5.721860930465232	0.06459445528138795	0.3451530622630967
5.854927463731865	0.06628192114490938	0.35804077075444785
5.987993996998499	0.0677387627008992	0.3710377143586412
6.121060530265132	0.06911145250857788	0.383610139428247
6.254127063531766	0.07037141718770945	0.3946437975856216
6.387193596798399	0.07159328463678699	0.40689931457024775
6.520260130065032	0.07306150457789762	0.41857416168689227
6.653326663331666	0.07468211552060879	0.42842581111021627
6.786393196598299	0.0762453546612964	0.4389058977977464
6.919459729864933	0.07727931162609876	0.4480856083673683
7.052526263131566	0.07834529141390666	0.45645594880869145
7.185592796398199	0.07945700583949344	0.4649028948344484
7.318659329664833	0.08069498436155989	0.47295558603383164
7.4517258629314655	0.08171420475187867	0.47959160042025606
7.5847923961980985	0.08286341927379724	0.48647103559574606
7.717858929464732	0.08379818869726158	0.4922865236803593
7.850925462731365	0.08508329509819716	0.4984014228704641
7.983991995997998	0.08603256134458771	0.503640107109815
8.117058529264632	0.08718909591446823	0.508257657135262
8.250125062531266	0.0883942027653764	0.5133923205412879
8.383191595797898	0.08979894946025228	0.51784516201261
8.516258129064532	0.09055328303512847	0.5224664400932254
8.649324662331166	0.09196165113544559	0.52580818575852
8.782391195597798	0.0930747271877572	0.5308464088586033
8.915457728864432	0.09401582984724176	0.5345964851136545
9.048524262131066	0.09534303095359481	0.5387906956201901
9.181590795397698	0.09624518905667803	0.5417547825008071
9.314657328664332	0.09736073081676944	0.5453739717444755
9.447723861930966	0.09844027821366139	0.5475191452303748
9.5807903951976	0.09934445391872233	0.5498593657504439
9.713856928464232	0.10035724635121625	0.5511795266785458
9.846923461730865	0.10194706966388319	0.5526365645533297
9.9799899949975	0.10349932596721731	0.5549260666967426
10.113056528264131	0.10442287784209056	0.5562091965820698
10.246123061530765	0.10545729343954531	0.558224565871895
10.379189594797399	0.10610011991982095	0.5594105300604346
10.512256128064031	0.1072264737381188	0.5610562408842942
10.645322661330665	0.10846246491513721	0.5622604169370498
10.778389194597299	0.10954534471121045	0.5632589383774705
10.911455727863931	0.11065490347825221	0.5636796921854664
11.044522261130565	0.11166200071099906	0.5645775849751351
11.177588794397199	0.11246813750479025	0.5653982799920297
11.31065532766383	0.113669115963786	0.5661448630772394
11.443721860930465	0.11456176045166787	0.5661522993700749
11.576788394197099	0.11539382046001109	0.5674395846325525
11.70985492746373	0.11674919908711032	0.569332543848382
11.842921460730365	0.11810211453589184	0.5697561806439735
11.975987993996998	0.11834087308716609	0.5704407352541424
12.109054527263632	0.11941062239614864	0.5718143516678553
12.242121060530264	0.12039668360789534	0.5725073072857605
12.375187593796898	0.12122640778268001	0.573156603823137
12.508254127063532	0.12172778127073598	0.5746117737879418
12.641320660330164	0.12246782053886937	0.5738532210439604
12.774387193596798	0.12369911478545524	0.5738592446139641
12.907453726863432	0.12430607947786335	0.5744937079236297
13.040520260130064	0.1252113616852693	0.5758784087976645
13.173586793396698	0.12617479082471747	0.5768454719266178
13.306653326663332	0.12672853708686935	0.5774641746422969
13.439719859929964	0.1272216714567474	0.5782738696163888
13.572786393196598	0.12842978662100143	0.5789478220646932
13.705852926463232	0.12929789333248543	0.5791046859598953
13.838919459729865	0.13014915816354494	0.5800973205083789
13.971985992996498	0.131146770127694	0.5807524950667857
14.105052526263131	0.1321819820748251	0.5829527093192949
14.238119059529765	0.13360605759844854	0.5830373340453161
14.371185592796397	0.1348897424576625	0.5832419945332659
14.504252126063031	0.13625863472413627	0.5844967040431356
14.637318659329665	0.1371740153600124	0.5844661713563387
14.770385192596297	0.13767064763435946	0.5837712813121896
14.903451725862931	0.13839866245348165	0.5837552198856792
15.036518259129565	0.1385046971063077	0.585345843811969
15.169584792396197	0.13961859494480097	0.5857161244331437
15.302651325662831	0.14039456670354133	0.5852686619312985
15.435717858929465	0.14130952935989935	0.5857244653731448
15.568784392196097	0.1427211492373859	0.5857914810388221
15.70185092546273	0.14408351162622188	0.5853715244764254
15.834917458729365	0.14495761101135937	0.5864173276367706
15.967983991995997	0.14513101681064042	0.5859005845858468
16.101050525262632	0.1460884349507459	0.5865001141227186
16.234117058529264	0.1466652499714974	0.5874390212565751
16.367183591795897	0.14803310679678527	0.58809809719153
16.500250125062532	0.14859639480960649	0.5876990929381085
16.633316658329164	0.14978104429035852	0.5885739047377713
16.766383191595796	0.15097076846921126	0.5890858597028126
16.899449724862432	0.15193038116102134	0.5900527723664205
17.032516258129064	0.15227717176489916	0.589914861102447
17.165582791395696	0.1530390850434312	0.5891647336955042
17.298649324662332	0.1539637366756003	0.5898441799297905
17.431715857928964	0.15473680122178068	0.5904650311419573
17.564782391195596	0.15544633208991884	0.5910055813634859
17.69784892446223	0.15588382071421977	0.5913692391652388
17.830915457728864	0.1569284618056113	0.5909436873574481
17.963981990995496	0.15802256196226372	0.5914554950965728
18.09704852426213	0.15892677576941167	0.5916803023568942
18.230115057528764	0.15891611422682825	0.592191217426892
18.363181590795396	0.16028792222850763	0.5918635011318463
18.49624812406203	0.16081250389523058	0.5920041237981993
18.629314657328663	0.1606627270177022	0.5930389548170749
18.762381190595296	0.1617544770783496	0.5923193954498774
18.89544772386193	0.16347159475892448	0.5919420771134669
19.028514257128563	0.16453272797658594	0.5924674693152641
19.1615807903952	0.1651713929313331	0.5933510033651129
19.29464732366183	0.16554479594715077	0.5938429217958131
19.427713856928463	0.16612175948141095	0.5948197030475437
19.5607803901951	0.16708816558788378	0.5946731862603507
19.69384692346173	0.16820299719523532	0.5947845901349641
19.826913456728363	0.16893984430614117	0.5934663371696465
19.959979989995	0.17087854433786995	0.5934178540146745
20.09304652326163	0.17191942805027693	0.5938345457029296
20.226113056528263	0.17217126081166725	0.5945952441050746
20.3591795897949	0.1734564694783574	0.5945146062063411
20.49224612306153	0.17442902723748552	0.5951048392662742
20.625312656328163	0.17521255126707405	0.5954048833841017
20.758379189594798	0.17649977147894763	0.5943738854904693
20.89144572286143	0.17730676874801132	0.5949220110918576
21.024512256128062	0.17802463601889773	0.595248445836078
21.157578789394698	0.1787603436234499	0.5956707049754549
21.29064532266133	0.17936322815430045	0.5947544301462885
21.423711855927962	0.18022844668879393	0.5959930093727928
21.556778389194598	0.1802691385004655	0.5957286239913399
21.68984492246123	0.1812694980125872	0.5960911561173289
21.822911455727862	0.18253887446112022	0.5958913903783846
21.955977988994498	0.18265433609829007	0.59682594556517
22.08904452226113	0.18290687463559624	0.5958244342117147
22.222111055527762	0.18391690227025284	0.5956958948290013
22.355177588794398	0.18498472317643913	0.5951606066836366
22.48824412206103	0.1853902445792281	0.5957663341903086
22.62131065532766	0.18658303952933494	0.596513496020518
22.754377188594297	0.18691152937257496	0.5963575324515192
22.88744372186093	0.18743465682362878	0.5970692916704584
23.02051025512756	0.18819416732885283	0.5976232887708524
23.153576788394197	0.1888083683241014	0.5978720805724141
23.28664332166083	0.18944787863654866	0.5995208718884301
23.41970985492746	0.19077799990318695	0.597980695095125
23.552776388194097	0.19114260118079154	0.5973794001960465
23.68584292146073	0.1918150296757461	0.5980042868256626
23.818909454727365	0.1930444140016802	0.5997633246897958
23.951975987993997	0.19369887149695744	0.5998773981770162
24.08504252126063	0.19430512839961972	0.5990246112069003
24.218109054527265	0.19468341515613619	0.5993638055529515
24.351175587793897	0.19532363977789535	0.5985876163566676
24.48424212106053	0.19598181052691846	0.599546178636383
24.617308654327164	0.1968089834696774	0.5997203099851005
24.750375187593797	0.1981042590508762	0.5994614975864112
24.88344172086043	0.19896567335898466	0.5993861896399874
25.016508254127064	0.19997125693324624	0.5995270378866862
25.149574787393696	0.2005395956904855	0.5985707443884265
25.28264132066033	0.20187361399157366	0.5984839336507171
25.415707853926964	0.20254150715822497	0.5982948044474639
25.548774387193596	0.2031917206805707	0.5987177742991909
25.68184092046023	0.2035958034201218	0.599251767071733
25.814907453726864	0.2044730737720425	0.5992580794284876
25.947973986993496	0.20540116217792156	0.5996925668891391
26.081040520260128	0.20546613101431316	0.5985836875395694
26.214107053526764	0.20606346806108708	0.5993533336041774
26.347173586793396	0.20664982693236172	0.5991293855647177
26.480240120060028	0.2066606538944181	0.598617998958972
26.613306653326664	0.20769345080863016	0.5990509092577652
26.746373186593296	0.20821512757643648	0.5989656977373079
26.879439719859928	0.20943779731331869	0.5997316580770562
27.012506253126563	0.2102033593145442	0.5995358091655562
27.145572786393195	0.2106976440237794	0.6000542993823252
27.278639319659828	0.2111198412268106	0.5993868206229753
27.411705852926463	0.2115865884313401	0.5984085474123805
27.544772386193095	0.2122957690232958	0.5978907361467887
27.67783891945973	0.21361032905550126	0.597535109205687
27.810905452726363	0.21426373563369833	0.5967693722582187
27.943971985992995	0.21427232419037426	0.5969138978630536
28.07703851925963	0.21481028757952594	0.5972075648754395
28.210105052526263	0.21575228281682163	0.5972760757729813
28.343171585792895	0.2158676797351961	0.5972496769902514
28.47623811905953	0.2166582574517237	0.5976533216375487
28.609304652326163	0.21776345564869656	0.5983787454322198
28.742371185592795	0.2184346323373499	0.5977785301614378
28.87543771885943	0.2188176553760918	0.5994899231934534
29.008504252126063	0.21990223083375357	0.5997406649099906
29.141570785392695	0.22008647433793974	0.6006752471583985
29.27463731865933	0.2211181253452956	0.6002408353582234
29.407703851925962	0.2216070829115437	0.6003092805780302
29.540770385192594	0.22213592428468545	0.6007377494273352
29.67383691845923	0.2233252877592777	0.6008937168133212
29.806903451725862	0.22443970153036383	0.6014905473831106
29.939969984992494	0.22555837970773757	0.6021454487625616
30.07303651825913	0.22644883488698128	0.6016249876074984
30.206103051525762	0.2267684837776253	0.600933048428568
30.339169584792394	0.22759890658775137	0.6013864634102416
30.47223611805903	0.22794966997544638	0.6018780701224937
30.605302651325662	0.22915800989927823	0.6015420573154509
30.738369184592294	0.2295040553464035	0.6011819041722926
30.87143571785893	0.23023770898815693	0.6018212761000282
31.00450225112556	0.22984957580227738	0.6019814932913912
31.137568784392194	0.23120585872426666	0.6019455875814818
31.27063531765883	0.23165771008358169	0.6009860697612699
31.40370185092546	0.23229166766581	0.6012929444495289
31.536768384192094	0.23346512341078635	0.6010596740326439
31.66983491745873	0.23380535915680353	0.6014941020520871
31.80290145072536	0.2346342312935211	0.6019065530525796
31.935967983991993	0.23548748089732965	0.601635034090605
32.06903451725863	0.235405809937021	0.6019982294044682
32.202101050525265	0.23539052394888196	0.6027579216839062
32.33516758379189	0.2358385090822393	0.60217123583
32.46823411705853	0.23598101975316235	0.6022892039050912
32.601300650325165	0.23683428410203883	0.6016629421886013
32.73436718359179	0.2374121958463533	0.6018992957376809
32.86743371685843	0.23792199580394646	0.6024935271944932
33.000500250125064	0.23928899844964346	0.6025662466589695
33.13356678339169	0.23884832892679256	0.6021188287407765
33.26663331665833	0.2386376683260379	0.6033949417337652
33.399699849924964	0.23883160887558202	0.6025263894666826
33.53276638319159	0.23946408838684766	0.6022107346365696
33.66583291645823	0.23969846868381375	0.6016281948013277
33.798899449724864	0.24051790403482667	0.6022660117518908
33.93196598299149	0.24103951979544633	0.6029962708119511
34.06503251625813	0.2421004324203565	0.603051619975587
34.198099049524764	0.24251105825970168	0.6031903766085431
34.33116558279139	0.24302103763587557	0.6036972153104792
34.46423211605803	0.2439640443285459	0.6041598524054016
34.597298649324664	0.24414093531001993	0.6042570907236857
34.73036518259129	0.24462653756464817	0.603593113557693
34.86343171585793	0.2451496478441452	0.6037431131125164
34.99649824912456	0.24644669716555764	0.6034446962607398
35.12956478239119	0.2465507632849873	0.6027706286964746
35.26263131565783	0.24685453503195745	0.6027393388682903
35.39569784892446	0.24810108358863545	0.6018538468242017
35.52876438219109	0.24883525508028617	0.6021467362152263
35.66183091545773	0.250955864324482	0.602739457902123
35.79489744872436	0.25110826473073744	0.6022702985123911
35.92796398199099	0.2518274643204867	0.6023191436481414
36.06103051525763	0.2519375603596616	0.602297447669495
36.19409704852426	0.2527895657630174	0.6030268753310015
36.32716358179089	0.2532013892994144	0.6036555481288283
36.46023011505753	0.2536913942922247	0.6036752209315986
36.59329664832416	0.254511361982594	0.6040193898707166
36.72636318159079	0.25526671818024255	0.6035605858769093
36.85942971485743	0.25563686760025645	0.6034415445480392
36.99249624812406	0.25577695806860345	0.6034720442528833
37.12556278139069	0.25684534842868256	0.6038352512008623
37.25862931465733	0.25729382643273874	0.6034092140264223
37.39169584792396	0.2577197614079473	0.6022280851781455
37.52476238119059	0.2584822049944735	0.602124257560145
37.65782891445723	0.25928891370016616	0.6033287077349844
37.79089544772386	0.2602764130822152	0.6035757262318905
37.92396198099049	0.26062430522763325	0.6034027442528859
38.05702851425713	0.2614221562705773	0.6031935889367052
38.19009504752376	0.2616078249215564	0.60167655607157
38.3231615807904	0.26220220032759634	0.602498593536288
38.456228114057026	0.2627767404086246	0.6025599305182493
38.58929464732366	0.26250993848053983	0.6020553701848876
38.7223611805903	0.26305079374096085	0.6016152073324345
38.855427713856926	0.2639841118507191	0.6024852284127995
38.98849424712356	0.2644014224639463	0.6026956246706865
39.1215607803902	0.26584483392251385	0.6024608457397113
39.254627313656826	0.2665906849563102	0.6032120227628539
39.38769384692346	0.26728758697410965	0.60431664291253
39.5207603801901	0.2678778660251434	0.6042578664283845
39.653826913456726	0.268390142403242	0.6051223633008993
39.78689344672336	0.2684954077854985	0.604580036303984
39.91995997999	0.2694728791215448	0.6032652868118487
40.053026513256626	0.27020933193363056	0.6031195233441257
40.18609304652326	0.27090734718309273	0.6031112397898238
40.3191595797899	0.2719321531777372	0.6025794444845978
40.452226113056525	0.272501515755924	0.6039512289380451
40.58529264632316	0.2732480461080269	0.602796982990846
40.7183591795898	0.27422465042171434	0.6037329310259951
40.851425712856425	0.2747508112426309	0.6038923822843312
40.98449224612306	0.2759090419885261	0.6045539340919676
41.1175587793897	0.2765984860797295	0.6039727422392225
41.250625312656325	0.27694117770672183	0.6045287929581984
41.38369184592296	0.2773847894478399	0.6041938399570104
41.516758379189596	0.27841051621674034	0.6038128298562827
41.649824912456225	0.2792992704972182	0.6035468245827691
41.78289144572286	0.2796909087295768	0.6037758708827785
41.915957978989496	0.2806675314534431	0.6026582839715483
42.049024512256125	0.28149024840789827	0.602720943511595
42.18209104552276	0.2823372918692275	0.603863136436345
42.315157578789396	0.28252299509097484	0.603876462669472
42.448224112056025	0.2832614985930926	0.6040955417850072
42.58129064532266	0.2836723472611748	0.6042980772893609
42.714357178589296	0.28454332254630077	0.6043316887508093
42.847423711855924	0.2847948829392503	0.6044534535053769
42.98049024512256	0.2856267799279158	0.6049659668101094
43.113556778389196	0.2856995114267355	0.6047998365776148
43.246623311655824	0.2857231924483298	0.6044073608074536
43.37968984492246	0.28598883604671704	0.6045472227928987
43.512756378189096	0.28626268588201703	0.6044235915040376
43.645822911455724	0.2872632233032501	0.603637321791705
43.77888944472236	0.28855539270580527	0.603092558597046
43.911955977988995	0.28913461897291987	0.6033098545368469
44.045022511255624	0.28942630663207103	0.6032852017684912
44.17808904452226	0.2892578601395628	0.6037734186351617
44.311155577788895	0.2892143431372563	0.6043091556942773
44.444222111055524	0.2898894411372948	0.6046795701107367
44.57728864432216	0.29083697668957914	0.6047940503628861
44.710355177588795	0.29164346927037066	0.6044927566021971
44.843421710855424	0.29188574759010455	0.60415556093824
44.97648824412206	0.2915863560369912	0.6041134255774033
45.109554777388695	0.29185054427231477	0.6043609487969143
45.24262131065532	0.29296222285549894	0.6050752606620657
45.37568784392196	0.2925582541213488	0.6048310158666809
45.508754377188595	0.29261709223896554	0.6041092604480929
45.64182091045522	0.29336611794749273	0.6037607305529002
45.77488744372186	0.29328200500572316	0.603115339641032
45.907953976988495	0.2934883132917693	0.6024595916881398
46.04102051025512	0.29503649539449517	0.6034513455901734
46.17408704352176	0.2963393799681072	0.6038138178158802
46.307153576788394	0.2970598788566141	0.6038117991533054
46.44022011005502	0.29774996220983047	0.6035101512690334
46.57328664332166	0.298618856250436	0.6028500253211978
46.706353176588294	0.2992053900455646	0.6024795062316738
46.83941970985492	0.2988742024822449	0.6030517549160381
46.97248624312156	0.2997967097306193	0.6030860025592633
47.105552776388194	0.29961705802650507	0.6028788140756854
47.23861930965483	0.2994272015767577	0.6021006037481834
47.37168584292146	0.30020060901697243	0.6022134166636669
47.504752376188094	0.30028904457423683	0.602338062647534
47.63781890945473	0.30025467135804323	0.6018447682437132
47.77088544272136	0.3010661463518295	0.6028050924191634
47.903951975987994	0.3015101426494311	0.6026864723557926
48.03701850925463	0.3015872645255412	0.6018846300677638
48.17008504252126	0.3017833345320483	0.6018676071570912
48.30315157578789	0.30219479530564347	0.6010247364371845
48.43621810905453	0.3019308565773957	0.6006591286299885
48.56928464232116	0.3021842781510403	0.6010950086210501
48.70235117558779	0.30183863160890967	0.6019710895640171
48.83541770885443	0.30246405579455365	0.6005710057805628
48.96848424212106	0.3033279028387634	0.6003356994215348
49.10155077538769	0.30352879691724916	0.6006960491704869
49.23461730865433	0.3027374933434857	0.6006067264162555
49.36768384192096	0.3026916822435162	0.6015899142287068
49.50075037518759	0.3041905791604555	0.6024370668244332
49.63381690845423	0.30493525572980756	0.6024974633054386
49.76688344172086	0.3051216648278305	0.6015851915686121
49.89994997498749	0.3053203561485542	0.6013686678200342
50.03301650825413	0.3059670964813502	0.6011858448212918
50.16608304152076	0.30672048455790996	0.6014053927235309
50.29914957478739	0.3080018677147454	0.601630842740306
50.43221610805403	0.30852008669742476	0.6010391394848831
50.56528264132066	0.3094311283382077	0.6017598731803471
50.69834917458729	0.31032638334935364	0.6015344146675883
50.83141570785393	0.3112492626121868	0.6024703363677711
50.96448224112056	0.31182499363992683	0.6030844111219625
51.09754877438719	0.31221347804099786	0.6037853215104304
51.23061530765383	0.3129424025596697	0.6034984192999505
51.36368184092046	0.3137461968312737	0.6024709981998962
51.49674837418709	0.3138652612114791	0.600858341820808
51.62981490745373	0.3151127358251893	0.6015819360402255
51.762881440720356	0.3156863847900984	0.6016645981431612
51.89594797398699	0.31584394362344287	0.6007867510940418
52.02901450725363	0.31649816786237545	0.6007290201644251
52.162081040520256	0.3167402625750136	0.6013893696983178
52.29514757378689	0.3171073830138756	0.6021445415434048
52.42821410705353	0.3175282913349448	0.603273114689407
52.561280640320156	0.3182413844054259	0.6029966083846394
52.69434717358679	0.3187224837933882	0.6027420144265287
52.82741370685343	0.31978431304836147	0.6027183646542341
52.960480240120056	0.3198172852914199	0.6017059829507957
53.09354677338669	0.3195482972120816	0.6014660631067076
53.22661330665333	0.3202291926415342	0.6024059741828911
53.359679839919956	0.3216758169097698	0.6020872903258835
53.49274637318659	0.3219963331336637	0.6020837646901821
53.62581290645323	0.32292395559027187	0.6019294970728997
53.758879439719855	0.32310945701397015	0.6010134179127382
53.89194597298649	0.323280400852879	0.6024146475011458
54.02501250625313	0.32413119369789156	0.6038369130335407
54.158079039519755	0.32509148822917777	0.6031949656029827
54.29114557278639	0.32520837866916746	0.6021833181821048
54.42421210605303	0.3260969803029048	0.6020431120298628
54.557278639319655	0.32663812674033404	0.6020932044290692
54.69034517258629	0.32724202901054933	0.6028983271782834
54.823411705852926	0.3271917673961574	0.6033959771368604
54.956478239119555	0.3275618987744224	0.6029521871657852
55.08954477238619	0.32832089461429315	0.6035854789602411
55.222611305652826	0.32908277913667483	0.6028140399490302
55.35567783891946	0.32899292901059657	0.602867849487529
55.48874437218609	0.32961544406956783	0.6016707172784358
55.621810905452726	0.3305485177107766	0.6020820743210068
55.75487743871936	0.330920874486687	0.6010561654180677
55.88794397198599	0.33043545656497825	0.6018878089099516
56.021010505252626	0.33064558280549894	0.6024498529198787
56.15407703851926	0.33160367899101206	0.6025346619969306
56.28714357178589	0.3309300100023771	0.6014131273235004
56.420210105052526	0.33032883005254093	0.6014504905506409
56.55327663831916	0.33121682800344776	0.6019052252077728
56.68634317158579	0.3316017510087681	0.6023016905385087
56.819409704852426	0.3325467834220447	0.6017922394029219
56.95247623811906	0.3329820155272402	0.6020721411200814
57.08554277138569	0.33333122836745005	0.6013336127531201
57.218609304652325	0.33378517017961484	0.6010513041036806
57.35167583791896	0.3341453898477047	0.6002284482890823
57.48474237118559	0.33431171130229936	0.6011515269088116
57.617808904452225	0.33434224828092646	0.6007962004396074
57.75087543771886	0.3342057175819908	0.6005485837211205
57.88394197098549	0.3346246309146822	0.5999510818923058
58.017008504252125	0.33580468806741753	0.6004938937189312
58.15007503751876	0.33597386395072837	0.6017622164607787
58.28314157078539	0.3359547421111451	0.6027483120092604
58.416208104052025	0.33598505295805176	0.6015787544272314
58.54927463731866	0.3363559028885579	0.6015953788930801
58.68234117058529	0.337063136430836	0.6021976133415524
58.815407703851925	0.3379039967627425	0.6028239646512739
58.94847423711856	0.33831298798454557	0.6031618683539759
59.08154077038519	0.3390781311682404	0.6029036959590088
59.214607303651825	0.34024418042699317	0.6027630441574832
59.34767383691846	0.3415994674633395	0.6028733818105246
59.48074037018509	0.3411798147089069	0.6036486472162053
59.613806903451724	0.34092946615539355	0.6037325655508331
59.74687343671836	0.3411820300155179	0.603254530553419
59.87993996998499	0.34138084725389006	0.6030089879942784
60.013006503251624	0.3410015727830406	0.6036360015111595
60.14607303651826	0.34030412979177443	0.6033401723364159
60.27913956978489	0.34045422730419855	0.6032706392133074
60.412206103051524	0.34107445076771625	0.6035908989254057
60.54527263631816	0.34108036849871703	0.6032688437379273
60.67833916958479	0.3418991644899854	0.6034409834149369
60.811405702851424	0.34289406734609396	0.6028375431811441
60.94447223611806	0.3430990032286553	0.603356055732274
61.07753876938469	0.34360719820277313	0.6030752213789649
61.210605302651324	0.34360731136326	0.6031724020048127
61.34367183591796	0.34384414762081955	0.603049266524456
61.47673836918459	0.3439296933529445	0.6030234910444727
61.60980490245122	0.34415496381174626	0.6044599858713483
61.74287143571786	0.34405545544142185	0.6051379324707059
61.87593796898449	0.3442784915273724	0.6047510360361642
62.00900450225112	0.34403667854255515	0.6040080990564664
62.14207103551776	0.3450898605997464	0.6049023477315739
62.27513756878439	0.3456438905965371	0.6057536934128149
62.40820410205102	0.34502860918701744	0.6055050579466349
62.54127063531766	0.3455744530857172	0.6044598684459724
62.67433716858429	0.3464872261108009	0.6043848754056816
62.80740370185092	0.34571468516318254	0.6034013354483887
62.94047023511756	0.34663831461303035	0.602279625931069
63.07353676838419	0.34651338991155345	0.6026933536415192
63.20660330165082	0.3463704916940616	0.6029653467142073
63.33966983491746	0.3474369938148386	0.6029584441968558
63.47273636818409	0.3484351207461884	0.6018422635790841
63.60580290145072	0.3495375087080773	0.6020651388983633
63.73886943471736	0.3500484581267098	0.6031672707548625
63.87193596798399	0.35079850021883974	0.6025923038015568
64.00500250125063	0.351304919585598	0.6019992517848305
64.13806903451726	0.35082186750076705	0.6027472526998559
64.27113556778389	0.35101873023415253	0.6027744794950874
64.40420210105053	0.35201402456397146	0.6029145548580033
64.53726863431716	0.3521017141172198	0.6037833452135728
64.67033516758379	0.3525629943507439	0.6042110284364103
64.80340170085043	0.35246904135131574	0.6037986580618909
64.93646823411706	0.3527881958646899	0.6038322270318739
65.06953476738369	0.3531769543771348	0.6041501946300044
65.20260130065033	0.35380794362958895	0.6032916973528382
65.33566783391696	0.35411460456107363	0.6027319945412304
65.46873436718359	0.35450344065977896	0.6019260359886499
65.60180090045023	0.35538879146665303	0.6019478380613892
65.73486743371686	0.3557753028137045	0.6028387346361266
65.86793396698349	0.35616514633752105	0.6027819236521306
66.00100050025013	0.35615501958379164	0.6040004853136461
66.13406703351676	0.35646957193368256	0.60410500597773
66.26713356678339	0.35701320367200845	0.6044746772315746
66.40020010005003	0.3573164093396749	0.6052567514981764
66.53326663331666	0.3575607863697915	0.6055331215071837
66.66633316658329	0.3577925756474989	0.6049423688189527
66.79939969984993	0.35847716940937874	0.6038268477916414
66.93246623311656	0.35959012801699886	0.6030286217101987
67.06553276638319	0.3596979384030981	0.6030166668687935
67.19859929964983	0.35999579281064786	0.601944044900257
67.33166583291646	0.3606431546006567	0.6014419687749858
67.46473236618309	0.36085793846535213	0.601453989046242
67.59779889944973	0.36064986911046104	0.6012976588537597
67.73086543271636	0.36070794257302	0.6016814156598825
67.86393196598299	0.36093436737930745	0.6027181140540113
67.99699849924963	0.36158549239857324	0.6043159941080622
68.13006503251626	0.3615152785928685	0.604400611048982
68.26313156578288	0.36157904151707837	0.6047185787136007
68.39619809904953	0.362479594158683	0.6044491285668276
68.52926463231616	0.36289651302989173	0.6044561604870752
68.66233116558278	0.36336974610679706	0.6048750708734429
68.79539769884943	0.36320927268504893	0.6042982556694492
68.92846423211606	0.3637274351960611	0.6044118604970481
69.06153076538268	0.36383844434668866	0.60553975277099
69.19459729864933	0.36432592687429527	0.6046485238268173
69.32766383191596	0.3636599410629139	0.6052410940055051
69.46073036518258	0.36363081655795154	0.6047418390467582
69.59379689844923	0.36341896896663406	0.6049166630303114
69.72686343171586	0.364175944137173	0.6056394147635675
69.85992996498248	0.3644949837586004	0.6051072794092832
69.99299649824913	0.364764971095226	0.6045155591945167
70.12606303151576	0.3653396161711731	0.6048965008013423
70.25912956478238	0.365640575560942	0.6041191167774479
70.39219609804903	0.36591952368177755	0.6032336268839592
70.52526263131566	0.36548225985826455	0.6030893626137909
70.65832916458228	0.36589989552769503	0.6033126581723046
70.79139569784893	0.3659837547505832	0.6027256196029408
70.92446223111556	0.36710871586404936	0.6031023596871451
71.05752876438218	0.3680040519385315	0.6028653371995883
71.19059529764883	0.3682618616268884	0.602971583382142
71.32366183091546	0.3693867636323537	0.603513874465335
71.45672836418208	0.36993437582806044	0.6029140925024542
71.58979489744873	0.3701277441957758	0.6029898520759394
71.72286143071535	0.3699558164325773	0.6024764038965176
71.85592796398198	0.3699231073481174	0.6015725666163574
71.98899449724863	0.37019137659564727	0.6014899289544468
72.12206103051525	0.36997410718149765	0.6022320301455039
72.25512756378188	0.3706986991919356	0.6024448992463846
72.38819409704853	0.3711316219734972	0.6024341074416064
72.52126063031515	0.370778830487488	0.6038377511020594
72.65432716358178	0.36984360984733056	0.6038325568200374
72.78739369684843	0.370170460950414	0.6023310221416532
72.92046023011505	0.370570562378081	0.6025424873034152
73.05352676338168	0.37077954145423403	0.6024868375540638
73.18659329664833	0.37030982615539765	0.6024652514279047
73.31965982991495	0.3697855633724445	0.6023333889656205
73.45272636318158	0.36956755075669645	0.6015071780440642
73.58579289644823	0.36970444469652364	0.6015347379607651
73.71885942971485	0.3705793516837161	0.6024261280511399
73.85192596298148	0.37059638896649244	0.6031721002053483
73.98499249624813	0.37061659332484626	0.6046089336346268
74.11805902951475	0.3705394701042053	0.6037558388187797
74.25112556278138	0.3717600034737857	0.6036917644132186
74.38419209604803	0.3723143579425578	0.6044552577719172
74.51725862931465	0.37217781151377677	0.6035283951943953
74.65032516258128	0.3725929900151753	0.603358855805875
74.78339169584793	0.37305167859645555	0.6030496321233981
74.91645822911455	0.37386307300279553	0.6020620141490816
75.04952476238118	0.3744286758716431	0.6020850395767247
75.18259129564782	0.3745157441614806	0.6030885256395787
75.31565782891445	0.3743225528215534	0.6036843021911713
75.44872436218108	0.37461830762718606	0.6040377259824712
75.58179089544772	0.37493607927806527	0.6039621579086042
75.71485742871435	0.3749959301095403	0.6029248126360489
75.84792396198098	0.37588359645469716	0.6026908595441847
75.98099049524762	0.3759970548660394	0.6029832337869104
76.11405702851425	0.37584643224795083	0.6019089387320741
76.24712356178088	0.37644630281232727	0.6037720438803447
76.38019009504752	0.37646052311683453	0.6037535386834759
76.51325662831415	0.37709315180502645	0.6043429561998438
76.6463231615808	0.37723974131196597	0.6041592197078595
76.77938969484742	0.3771522207224676	0.6033493794234289
76.91245622811405	0.3767453256968749	0.6036217180321927
77.0455227613807	0.37644099040561374	0.6033963419209055
77.17858929464732	0.3765315274560307	0.6025372902204691
77.31165582791395	0.37720346836302154	0.6028666506008895
77.4447223611806	0.37808706726107066	0.6016616678984714
77.57778889444722	0.37863894090835926	0.6017538704995965
77.71085542771385	0.3785720403869802	0.6026167080631922
77.8439219609805	0.37924316027800375	0.6025837048101106
77.97698849424712	0.37886246324078077	0.6025530175930565
78.11005502751375	0.3789698105674036	0.6035004975957801
78.2431215607804	0.3793280444661801	0.6039720468677208
78.37618809404702	0.37882386636411214	0.6035043805692732
78.50925462731365	0.379499540496146	0.6035249272280119
78.6423211605803	0.379423282628248	0.604152738713537
78.77538769384692	0.37914396534415734	0.6050809657474144
78.90845422711355	0.3805022137272412	0.605513533614939
79.0415207603802	0.3818206671009487	0.6047989161586191
79.17458729364682	0.3822777713155252	0.6044628888290042
79.30765382691345	0.3827474452427701	0.6044234560083899
79.4407203601801	0.38279410491451715	0.604527848332709
79.57378689344672	0.38401326865783925	0.6039798409811696
79.70685342671335	0.383773371312417	0.6035049617788587
79.83991995998	0.3837651550088719	0.6037985509741883
79.97298649324662	0.3838840851271001	0.6028277548173328
80.10605302651325	0.38382791875631955	0.6022887411887401
80.2391195597799	0.38440416413192197	0.6033435697039866
80.37218609304652	0.38487927658858323	0.6024297549897331
80.50525262631315	0.38481058290388964	0.602819296099994
80.6383191595798	0.38429987505319796	0.6032825431565558
80.77138569284642	0.3838921347739783	0.6027708802266067
80.90445222611305	0.38415366047550736	0.6037884423389448
81.0375187593797	0.38453713490567043	0.6036225281899349
81.17058529264632	0.3843906269506991	0.603674619879292
81.30365182591295	0.38428094331616036	0.6032923575327002
81.4367183591796	0.3841706013292438	0.6043299908478665
81.56978489244622	0.38475098290301946	0.6044649921526788
81.70285142571285	0.3849093862766826	0.6047271543950704
81.8359179589795	0.3843446587237332	0.6039629374421649
81.96898449224612	0.3844639763641852	0.6034022252301425
82.10205102551275	0.38514847880585423	0.6026261910403972
82.2351175587794	0.3857041595481884	0.6022878367738951
82.36818409204602	0.38684147919669193	0.6018090759106843
82.50125062531265	0.38848535048949556	0.6016548765953738
82.6343171585793	0.38897215111950284	0.6014476026402962
82.76738369184592	0.3896163776812416	0.6024285778451468
82.90045022511255	0.389793724716814	0.6025115880416829
83.03351675837919	0.38968493538595483	0.601936746377164
83.16658329164582	0.3889675091410012	0.6019090010107465
83.29964982491245	0.3887782402862015	0.6012185761836867
83.43271635817909	0.38928690964342816	0.6011167302751647
83.56578289144572	0.3909307002465617	0.601367894820308
83.69884942471235	0.3910408428135695	0.6012663491086112
83.83191595797899	0.3912956104300954	0.6011533632458234
83.96498249124562	0.39150551155010593	0.6002458099596749
84.09804902451225	0.3920722951800656	0.6009158267046507
84.23111555777889	0.3924249093510721	0.6012368787396075
84.36418209104552	0.3925271638608119	0.6023600005974511
84.49724862431215	0.3926744480347837	0.6027759438891398
84.63031515757879	0.39313939200067155	0.6032977183354643
84.76338169084542	0.3940727526308724	0.6032792903582644
84.89644822411205	0.39471703166565775	0.6023866944183838
85.02951475737869	0.3950969367064667	0.6033439786528393
85.16258129064532	0.39586262993428356	0.6029569435555739
85.29564782391195	0.39602441439193037	0.6026332227175512
85.42871435717859	0.3956346704298712	0.6026403241032459
85.56178089044522	0.39597214278403425	0.6028121196051113
85.69484742371185	0.3956597167449755	0.6032838478165068
85.82791395697849	0.3959594566667951	0.6036950245047993
85.96098049024512	0.3964422452668219	0.6029444310120629
86.09404702351175	0.3967163939956567	0.6033236155260369
86.22711355677839	0.3967591855122834	0.6039342057114077
86.36018009004502	0.3966592935086184	0.6034007410006988
86.49324662331165	0.39657665545508464	0.6017960010518609
86.62631315657829	0.39656143887513656	0.6019795842780248
86.75937968984492	0.3971198002929565	0.6011978823080666
86.89244622311155	0.3982036833871243	0.5996549854491058
87.02551275637819	0.39828674297726324	0.6004654563075759
87.15857928964482	0.39830404718823353	0.5999630512079048
87.29164582291145	0.39843561848579034	0.6004276992613333
87.42471235617809	0.3984705805389975	0.6007220359644206
87.55777888944472	0.3997897812976665	0.6012791865520998
87.69084542271135	0.40063238636413245	0.6009137959050083
87.82391195597799	0.40117396662330995	0.6004656591398053
87.95697848924462	0.4014679575731398	0.6002704230696514
88.09004502251125	0.40133145929946756	0.5998000960892103
88.22311155577789	0.4012531495911134	0.6007105722764795
88.35617808904452	0.40051508491650784	0.6009457013496831
88.48924462231115	0.4005678091036898	0.6011893439417563
88.62231115557779	0.400955957497586	0.6015040996039853
88.75537768884442	0.4011492742290308	0.6014017041462397
88.88844422211105	0.4010157530013713	0.6020144692755361
89.02151075537769	0.4001311500661308	0.6020604514797554
89.15457728864432	0.40050254820440023	0.6021956129800086
89.28764382191095	0.4010391950406037	0.6031201435725579
89.42071035517759	0.40037574261867337	0.6037269227052253
89.55377688844422	0.40069240703359316	0.6032783260226917
89.68684342171085	0.40135855184646146	0.602133103439515
89.81990995497749	0.4013800812496671	0.602489591825963
89.95297648824412	0.40075665371963354	0.6034254634586824
90.08604302151075	0.40091542182644324	0.6029409188352103
90.21910955477739	0.4013385293776296	0.6024387935697825
90.35217608804402	0.40170221767346154	0.6028984210264277
90.48524262131065	0.4008974593882839	0.6033104764983023
90.61830915457729	0.4007466909338527	0.6030587229381285
90.75137568784392	0.40125110528999935	0.602992723309099
90.88444222111055	0.40118568464561216	0.6028349475352787
91.01750875437719	0.4017245178491256	0.6032141793828436
91.15057528764382	0.40215414375802955	0.6023580485791734
91.28364182091045	0.40290741194567303	0.6027106957971647
91.41670835417709	0.4033177554626494	0.602860323849637
91.54977488744372	0.40370461662983176	0.601632462112042
91.68284142071035	0.4040447323781923	0.6008663435601042
91.81590795397699	0.4039025579969762	0.6017209363446678
91.94897448724362	0.403061934337733	0.602749483176768
92.08204102051025	0.4031128823473467	0.6025589596120273
92.21510755377689	0.4033107918687999	0.6018603479988051
92.34817408704352	0.40340497837616013	0.6022474418561081
92.48124062031015	0.402720402412758	0.6016616359282763
92.61430715357679	0.4027566607978726	0.6018692845303147
92.74737368684342	0.40348158495765374	0.6011738621659619
92.88044022011005	0.4038173763087386	0.6008199047875308
93.01350675337669	0.40377123355459765	0.6016506730577517
93.14657328664332	0.4045914663885249	0.6022114097370436
93.27963981990995	0.4053904263315221	0.6016802342641316
93.41270635317659	0.40659980173387594	0.6009570106967043
93.54577288644322	0.40715300531764764	0.6019001752607721
93.67883941970985	0.40705792778343314	0.6017291544330736
93.81190595297649	0.4072172078064984	0.6007987773798986
93.94497248624312	0.4070267112476919	0.6004589093189148
94.07803901950976	0.4079428991319078	0.6003170486309185
94.21110555277639	0.40847576269439667	0.599517820245576
94.34417208604302	0.4080364395244493	0.5998789331332167
94.47723861930966	0.40801125519698245	0.5994611675535592
94.61030515257629	0.40847327685301144	0.5991801751762368
94.74337168584292	0.40900411806624154	0.6004073872963129
94.87643821910956	0.4095541808151974	0.6005315768844246
95.00950475237619	0.4092392103663216	0.5997950114178439
95.14257128564282	0.40855205687645446	0.5995809409264613
95.27563781890946	0.4085818422295501	0.600060554684928
95.40870435217609	0.4085587199506192	0.6005511868749341
95.54177088544272	0.4092468772762732	0.6010337560266484
95.67483741870936	0.40984756939384986	0.6017509407687334
95.80790395197599	0.40956677740922875	0.6018767384385988
95.94097048524262	0.40970943953512895	0.6017304380524284
96.07403701850926	0.41049555458426396	0.6018867708274743
96.20710355177589	0.4118818042581003	0.6019155111083554
96.34017008504252	0.412132917108567	0.600965343435798
96.47323661830916	0.41165855573890525	0.5997940431788792
96.60630315157579	0.41188077291536973	0.5999110097003079
96.73936968484242	0.4118159398290144	0.5996492733846561
96.87243621810906	0.41226748177352657	0.5999146785263842
97.00550275137569	0.41249664314481643	0.6006213212176437
97.13856928464232	0.41293227565260715	0.6006451764207403
97.27163581790896	0.413624559962534	0.6014717359176539
97.40470235117559	0.41309633652949	0.600853605219071
97.53776888444222	0.4132143680099932	0.5992890179956822
97.67083541770886	0.41414000294504993	0.60024463786539
97.80390195097549	0.41392431649798367	0.5998253289671399
97.93696848424212	0.41462268147920145	0.5997637755382185
98.07003501750876	0.4151642506067383	0.5997324878452083
98.20310155077539	0.4152244300817266	0.5984659731498196
98.33616808404201	0.41506710471224584	0.5984824768130826
98.46923461730866	0.4143720101841844	0.599013550508453
98.60230115057529	0.4143480200525973	0.5989639801556305
98.73536768384191	0.41450091867946703	0.5993423733436524
98.86843421710856	0.4148263540266887	0.5991815132372857
99.00150075037519	0.4150129147730524	0.5984975917226038
99.13456728364181	0.41575431074974234	0.5996540716268731
99.26763381690846	0.4151973147701406	0.6003787361196792
99.40070035017509	0.4137814159548819	0.5996894220575897
99.53376688344171	0.41344063368606615	0.5995581260929176
99.66683341670836	0.4134881015369308	0.6005185381551765
99.79989994997499	0.4136034421781059	0.600789507384927
99.93296648324161	0.4139802611837406	0.6008573122680271
100.06603301650826	0.41404056766088465	0.6016021893117491
100.19909954977489	0.41406453798368636	0.6006978342379878
100.33216608304151	0.4144665519041884	0.6015106006178347
100.46523261630816	0.4147403269974878	0.6022975561689724
100.59829914957479	0.4151273804279112	0.6016127017875044
100.73136568284141	0.4157083297224439	0.5999321520511902
100.86443221610806	0.41600065117406926	0.5999087167904121
100.99749874937469	0.4160564617354964	0.6001997085175556
101.13056528264131	0.41643018891483263	0.6005084090701457
101.26363181590796	0.4160570790967468	0.6008622759527893
101.39669834917459	0.41572059424806185	0.6017507235109257
101.52976488244121	0.416284818057808	0.6022965758646012
101.66283141570786	0.41630059852807383	0.6020028218455008
101.79589794897448	0.41576698997210215	0.6016381874473241
101.92896448224111	0.4154121493428487	0.6015712850794377
102.06203101550776	0.4165668856435501	0.6017725727216187
102.19509754877438	0.4163858933615581	0.6021913419514152
102.32816408204101	0.41606705762384705	0.6027138641160744
102.46123061530766	0.41618094275708434	0.6025398553006572
102.59429714857428	0.4152752393103854	0.6014677835813306
102.72736368184091	0.4153815155065203	0.6014017861702153
102.86043021510756	0.415685798877513	0.6013977297981902
102.99349674837418	0.4155471271520128	0.6018243877256156
103.12656328164081	0.4157995609790596	0.602084365354595
103.25962981490746	0.4163803408473188	0.6031021577227039
103.39269634817408	0.4165387242056554	0.6040374286724518
103.52576288144071	0.4167119242912105	0.6032485022322813
103.65882941470736	0.4177295942827581	0.6024415110112592
103.79189594797398	0.418919885036008	0.6024992722241839
103.92496248124061	0.4189691308130977	0.6027110048532129
104.05802901450726	0.4193966569522903	0.6021257463819593
104.19109554777388	0.41944628292832936	0.6013553011620569
104.32416208104051	0.4195596822202676	0.6024281827431451
104.45722861430716	0.42043533823873575	0.6028021826494835
104.59029514757378	0.42001213886085376	0.6022841234543869
104.72336168084041	0.420123035342234	0.6019406540240763
104.85642821410705	0.4196369587800937	0.6016460083254624
104.98949474737368	0.41946926133105084	0.6011666971998683
105.12256128064031	0.420054396101153	0.601198088746783
105.25562781390695	0.4202188253602982	0.6005750953296857
105.38869434717358	0.42042266365906616	0.6000915698390945
105.52176088044021	0.4200892544483557	0.6007810232973118
105.65482741370685	0.4209186419975176	0.6007182082321209
105.78789394697348	0.42164046473556116	0.5999545953238179
105.92096048024011	0.4207826500995496	0.6003528987854345
106.05402701350675	0.4205982579486305	0.6005069097538029
106.18709354677338	0.4210694686703698	0.5998307876045542
106.32016008004001	0.42097454432373427	0.5997720997116234
106.45322661330665	0.42121506230152084	0.5996905833977468
106.58629314657328	0.42130087228792856	0.5992058364825004
106.71935967983991	0.4215255101375482	0.6002175487147371
106.85242621310655	0.4217806936571562	0.6011900949784491
106.98549274637318	0.42087164785628206	0.601671215843764
107.11855927963981	0.4212258149420807	0.6022067754425371
107.25162581290645	0.42203286255242056	0.6026178703492147
107.38469234617308	0.42225156463649943	0.6031176447190366
107.51775887943971	0.42229686961763685	0.6025305421812616
107.65082541270635	0.4222207861234519	0.6023269856773701
107.78389194597298	0.4224472122879981	0.6029837126435781
107.91695847923961	0.4220818008803898	0.6025736894486906
108.05002501250625	0.4231772124631677	0.6016488331289495
108.18309154577288	0.4243681603982295	0.6014586584663629
108.31615807903951	0.4246266385324205	0.6009986537962314
108.44922461230615	0.42578456032654194	0.6012375881116278
108.58229114557278	0.426033112853034	0.6007654268149683
108.71535767883941	0.42613371723958143	0.6000804925068013
108.84842421210605	0.42635620917763695	0.6001104766609178
108.98149074537268	0.42638018468493954	0.6007026929166355
109.11455727863931	0.42663989467857966	0.6000007583876432
109.24762381190595	0.42635154361216876	0.5998639305586478
109.38069034517258	0.4267191528211195	0.6002418411343069
109.51375687843921	0.42668784469227206	0.6009902198735494
109.64682341170585	0.4269042858650541	0.6009353041636823
109.77988994497248	0.427073179390511	0.600674543855703
109.91295647823911	0.4263757346245712	0.6012721778616165
110.04602301150575	0.4258027458365188	0.6019204633236543
110.17908954477238	0.42622239026781134	0.6022724776817252
110.31215607803901	0.42597341844233066	0.6018782221729757
110.44522261130565	0.42589694037709985	0.6023133332621246
110.57828914457228	0.4262485725004686	0.6031817117008542
110.71135567783892	0.42551413065921423	0.602867342478272
110.84442221110555	0.42534187548299607	0.6028239645221296
110.97748874437218	0.42599141412829	0.6012926715247316
111.11055527763882	0.42668066813702926	0.6008238709935563
111.24362181090545	0.42671062121962405	0.6010448034616945
111.37668834417208	0.4260731428664267	0.6012062338204676
111.50975487743872	0.42640702791476287	0.6011553021879994
111.64282141070535	0.42657532776890916	0.6017671633886937
111.77588794397198	0.4261764857584116	0.6017745736459225
111.90895447723862	0.4257376632290914	0.6016078979940104
112.04202101050525	0.4257589332751728	0.6021110091092603
112.17508754377188	0.42619411736979806	0.6022549483143347
112.30815407703852	0.4268191933658227	0.6024363461645528
112.44122061030515	0.42656133295209037	0.6022849930243163
112.57428714357178	0.4258479376638768	0.6003685226539784
112.70735367683842	0.4273743206984922	0.5999203662555699
112.84042021010505	0.4279573977765989	0.600528678260282
112.97348674337168	0.4286079585752386	0.5998737868697118
113.10655327663832	0.42968923227999517	0.5993262318508601
113.23961980990495	0.42968041838347026	0.5999670864270513
113.37268634317158	0.42910629027039826	0.5999839294393942
113.50575287643822	0.4288669089615985	0.5994107630980274
113.63881940970485	0.4288005767771319	0.5997512118481347
113.77188594297148	0.42826722934463896	0.600284413143398
113.90495247623812	0.42798270403482574	0.5998190885675547
114.03801900950475	0.4282967412697241	0.5992139441452293
114.17108554277138	0.4289784088170565	0.5998688999937728
114.30415207603802	0.4291180901977356	0.5997171202775413
114.43721860930465	0.4274766111834094	0.5993081189919748
114.57028514257128	0.42694131103213656	0.5996396248363018
114.70335167583792	0.4268207877035086	0.599592871061845
114.83641820910455	0.42671330760662063	0.5989304930777272
114.96948474237118	0.427375571224327	0.5988570555119125
115.10255127563782	0.4282058964082774	0.5990646810832475
115.23561780890445	0.42883752362119865	0.598554847488969
115.36868434217108	0.42879042871840484	0.5992119608171711
115.50175087543772	0.430163047739788	0.5994539199739145
115.63481740870435	0.4301068257209636	0.5994519650601491
115.76788394197098	0.42913180131381806	0.5998107750324739
115.90095047523762	0.4295504589773691	0.6008194441902409
116.03401700850425	0.4299023252266997	0.6006854214449439
116.16708354177088	0.42981754737893707	0.5997040614322725
116.30015007503752	0.4297066253073058	0.5999313599749158
116.43321660830415	0.42988299307227706	0.5997544730596779
116.56628314157078	0.4299436356010778	0.5996621251401435
116.69934967483742	0.4300346262610606	0.5998776398264674
116.83241620810405	0.4305692883925574	0.5995769034386044
116.96548274137068	0.43024873142732334	0.5982264265157209
117.09854927463732	0.4296647432148426	0.5976829389455436
117.23161580790395	0.4306241817826087	0.5976097650312278
117.36468234117058	0.43112597836883265	0.5976115406993829
117.49774887443722	0.4318178585988066	0.5977939108904009
117.63081540770385	0.4318439236619187	0.5974653933118578
117.76388194097048	0.4319563277406817	0.5980238488219798
117.89694847423712	0.43279349533587214	0.5983362222234373
118.03001500750375	0.4332251773720287	0.5987585356662654
118.16308154077038	0.43350632378668347	0.5993674172794061
118.29614807403702	0.4345016648268852	0.599640174618618
118.42921460730365	0.4341591603849826	0.6000051101910483
118.56228114057028	0.43350435306229573	0.6001876540987504
118.69534767383692	0.43349274091868895	0.6009178234866024
118.82841420710355	0.4324238192932716	0.6011358236797051
118.96148074037018	0.4322303464771697	0.6006964095054151
119.09454727363682	0.43251722342337895	0.6017757084693003
119.22761380690345	0.4335165243807865	0.6010478884412428
119.36068034017008	0.43360074502055196	0.6006399366548668
119.49374687343672	0.43274419495958044	0.6008960808783866
119.62681340670335	0.4317880297097546	0.5995803108159277
119.75987993996998	0.43244730232781986	0.5979425822376379
119.89294647323662	0.43330682076591404	0.5972203002628287
120.02601300650325	0.4334473219417097	0.5978819619016816
120.15907953976988	0.43439063065507655	0.5987253839397864
120.29214607303652	0.43497795580609094	0.5986176885460373
120.42521260630315	0.4349643981284111	0.5989476130736152
120.55827913956978	0.4346389285557715	0.5997373997663992
120.69134567283642	0.43538045066765285	0.599266799783804
120.82441220610305	0.436159331273377	0.5991445281995513
120.95747873936968	0.4360808971578012	0.5985275945429763
121.09054527263632	0.43528632041040344	0.5982905129551276
121.22361180590295	0.4350249381782695	0.5990063452332596
121.35667833916958	0.43529860095806566	0.5994094591266851
121.48974487243622	0.43589664992835	0.5997663754848329
121.62281140570285	0.43613088849505316	0.599654920642409
121.75587793896948	0.43625261479598765	0.5992693895708366
121.88894447223612	0.4369731180381936	0.5995937448972065
122.02201100550275	0.43644354799118446	0.5995921446946337
122.15507753876938	0.436336377120307	0.5995580794476315
122.28814407203602	0.4360491940962456	0.59986993610362
122.42121060530265	0.4357026975564881	0.5992617187363012
122.55427713856928	0.43611109154983596	0.5986633225082287
122.68734367183592	0.4368990423135693	0.5991402018420026
122.82041020510255	0.436962975125939	0.6001002289390992
122.95347673836918	0.43566745071240304	0.6003031526828512
123.08654327163582	0.4353376613926735	0.599551101607569
123.21960980490245	0.4359081860223389	0.5988894908105339
123.35267633816908	0.43525698234494226	0.5989153910063814
123.48574287143572	0.43476258919648564	0.5995097445499652
123.61880940470235	0.43557192787872034	0.5992285425326419
123.75187593796898	0.4363261526691114	0.5986305925985541
123.88494247123562	0.4358911984517527	0.5990032163190507
124.01800900450225	0.4358975003735433	0.5989741244355604
124.15107553776888	0.43544166068100326	0.5986188593681318
124.28414207103552	0.43479944259231507	0.5984981736015021
124.41720860430215	0.43524541368077374	0.5989989327206183
124.55027513756878	0.4363848316179907	0.5989304650283076
124.68334167083542	0.4363200952726652	0.5989084228069358
124.81640820410205	0.43623108778132774	0.5984800581703815
124.94947473736867	0.43670050171319225	0.598770294802156
125.08254127063532	0.43633389706186726	0.6002359048647196
125.21560780390195	0.4369246138494045	0.600642459645311
125.34867433716857	0.43754325172376785	0.6005543501707357
125.48174087043522	0.4373663221051666	0.6006293489087262
125.61480740370185	0.4375391001402981	0.6006617764861572
125.74787393696847	0.43839261288570097	0.6002064815563669
125.88094047023512	0.43874317307855715	0.5996297427700726
126.01400700350175	0.43840297983819854	0.5997402600469672
126.14707353676837	0.43879765095361817	0.6000535372195905
126.28014007003502	0.43892457884310687	0.5999246819179478
126.41320660330165	0.43908935478365974	0.5998336866616402
126.54627313656827	0.4393353870010142	0.5998165331463468
126.67933966983492	0.43960047896337645	0.6004491969708479
126.81240620310155	0.4397772881738684	0.5998447316564772
126.94547273636817	0.44012635439597847	0.5995625122918445
127.07853926963482	0.44001206938567	0.599478799529287
127.21160580290145	0.4396160054285366	0.5995672354704631
127.34467233616807	0.4397447630464137	0.6000201820991388
127.47773886943472	0.4391012043684815	0.599742290697613
127.61080540270135	0.43855666988506115	0.5998777801689132
127.74387193596797	0.43942221788630637	0.5989088692609864
127.87693846923462	0.43969470987720516	0.5986901776345422
128.01000500250126	0.4395093688087969	0.5999650470173077
128.1430715357679	0.43958952755246067	0.5994113956239693
128.27613806903452	0.4398322312509905	0.5994555472627608
128.40920460230114	0.4403213315192236	0.5996659430457107
128.54227113556777	0.4413530469916583	0.5992121907315692
128.6753376688344	0.4419747929463403	0.5997854517081322
128.80840420210106	0.4411318536788609	0.5994799120368863
128.9414707353677	0.44099230873748335	0.5995609108344905
129.07453726863432	0.441997266661334	0.599823069770955
129.20760380190094	0.44342970919834224	0.599541439873299
129.34067033516757	0.44367811282386443	0.5996583281230027
129.4737368684342	0.4428828428724115	0.600822720259531
129.60680340170086	0.4422297351408177	0.6013729215896514
129.7398699349675	0.44183631235698184	0.600675554426898
129.87293646823412	0.4423342297600867	0.5995588775988053
130.00600300150074	0.44284396593058917	0.5994081443933699
130.13906953476737	0.4429722536904799	0.6000508169229891
130.272136068034	0.44247514174688485	0.5993215980279553
130.40520260130066	0.4429694357888465	0.5990323546500411
130.5382691345673	0.44358179367777745	0.599164121953259
130.67133566783392	0.4435116475044569	0.5988144207431283
130.80440220110054	0.4437401128891616	0.5985941269277867
130.93746873436717	0.44428880216025635	0.5978667149467323
131.0705352676338	0.4445650072894937	0.5976866556664433
131.20360180090046	0.4448435411363344	0.5976226187333434
131.3366683341671	0.4443820144666205	0.5979899379424192
131.46973486743371	0.4443396713178356	0.5994109836313695
131.60280140070034	0.44429375552456807	0.6004582546002942
131.73586793396697	0.4437496444865606	0.600195401517155
131.8689344672336	0.4437930751913685	0.5993249739193969
132.00200100050026	0.4439815312382857	0.5995140966758801
132.1350675337669	0.44410727746457074	0.6001633622326829
132.26813406703351	0.4438574196000252	0.5997131381177879
132.40120060030014	0.44407672838382817	0.5992351490922116
132.53426713356677	0.44483785935648756	0.5991712964623888
132.6673336668334	0.4449712031528433	0.5991279544145101
132.80040020010006	0.44491230206436694	0.5994101695831067
132.93346673336669	0.4446375261876481	0.600214648989455
133.06653326663331	0.4443926252730018	0.601050511999233
133.19959979989994	0.4445781671434518	0.6010178950802324
133.33266633316657	0.4446368667921033	0.6011790358780669
133.4657328664332	0.44397936196538695	0.6009943680446477
133.59879939969986	0.4432599612239152	0.6009454080853244
133.73186593296649	0.4427760357288985	0.6021523769865293
133.8649324662331	0.4429784753530192	0.6027133493893198
133.99799899949974	0.44337984155881294	0.6022790997601148
134.13106553276637	0.44350274526949757	0.6020604960369738
134.264132066033	0.4430256239385025	0.6020943881322544
134.39719859929966	0.44258577704612007	0.6022181350138289
134.53026513256629	0.4427100974684177	0.6025100281793024
134.6633316658329	0.4417930801290961	0.6031716939965739
134.79639819909954	0.4422872762564659	0.6036073211976358
134.92946473236617	0.4430397009682157	0.6023385777381437
135.0625312656328	0.44263966814246436	0.6011788298118077
135.19559779889946	0.44250739529421523	0.6007365807686061
135.32866433216608	0.44325120026738574	0.5997221977883621
135.4617308654327	0.4437803000162068	0.5998168294171692
135.59479739869934	0.44397129191122464	0.6006735498655731
135.72786393196597	0.44444838392773095	0.6009685813019058
135.8609304652326	0.44484296513577964	0.6012987676736896
135.99399699849926	0.4454767433877704	0.6015594897395389
136.12706353176588	0.4457631439781844	0.601948372160859
136.2601300650325	0.4453381279079211	0.6026090711614908
136.39319659829914	0.4447471395568606	0.6026184324727639
136.52626313156577	0.4441111088527504	0.6026008837231327
136.65932966483243	0.44330241929606345	0.6036663405685571
136.79239619809906	0.44424125177813845	0.603990014524714
136.92546273136568	0.44530057699255654	0.602935740387361
137.0585292646323	0.44588843366901576	0.6024320685668095
137.19159579789894	0.4466517556607775	0.6016201537437308
137.32466233116557	0.44725197738516725	0.6009986642415985
137.45772886443223	0.44752110016174396	0.6007349135398571
137.59079539769886	0.4477223466720842	0.6001852709483401
137.72386193096548	0.4486964500997194	0.6004893660761467
137.8569284642321	0.4493790342862685	0.6018599855571781
137.98999499749874	0.4499103229494957	0.6024941127255814
138.12306153076537	0.45093897049958576	0.6018495764102134
138.25612806403203	0.4517086280381756	0.6014040679852686
138.38919459729865	0.451685119775422	0.6012078605893393
138.52226113056528	0.4517955809996262	0.6014975623940492
138.6553276638319	0.45235100146570206	0.6016745440218748
138.78839419709854	0.45268773283241565	0.6017644760236783
138.92146073036517	0.45199573881173927	0.602063801455051
139.05452726363183	0.4519676491537342	0.6014389664864428
139.18759379689845	0.4521653198645601	0.6008170234960899
139.32066033016508	0.4513172348237722	0.6003498386013741
139.4537268634317	0.4511144121517986	0.5990734716390814
139.58679339669834	0.4506156041408763	0.5985592075062829
139.71985992996497	0.4500236539739768	0.5988729537487921
139.85292646323163	0.44994781093397757	0.5985809172649139
139.98599299649825	0.44994139472477174	0.5986195488689225
140.11905952976488	0.45013127980406015	0.5984891154483845
140.2521260630315	0.44994928274635865	0.5979005342456515
140.38519259629814	0.44995300007042116	0.5976833612856731
140.51825912956477	0.45048468835826255	0.5977808470658433
140.65132566283143	0.4500936549509518	0.5990556604264061
140.78439219609805	0.4506253420607619	0.5993760581417819
140.91745872936468	0.4512447437890682	0.5987794766062363
141.0505252626313	0.45095984473141926	0.5997829163151193
141.18359179589794	0.4514628002174603	0.6000358307647655
141.31665832916457	0.45271515601247586	0.5998698871795175
141.44972486243122	0.4533359207658358	0.59999490825888
141.58279139569785	0.4535237339540705	0.5993626535306785
141.71585792896448	0.4531212416247212	0.5985980369655487
141.8489244622311	0.4523846371662642	0.5983453875634702
141.98199099549774	0.45224454970546557	0.5989113676007548
142.11505752876437	0.4519848721987989	0.5993246929597038
142.24812406203102	0.4525546148948068	0.5991275321729407
142.38119059529765	0.45215803382126457	0.599421679991239
142.51425712856428	0.4519105382254172	0.599333756074519
142.6473236618309	0.4525089688228033	0.5989560525623318
142.78039019509754	0.4521403476098586	0.5982424757181279
142.91345672836417	0.45169137726716396	0.5975075979045646
143.04652326163082	0.45177322257902974	0.5988271015549617
143.17958979489745	0.45188141496848083	0.599493988979941
143.31265632816408	0.45130279763597597	0.5990169497774941
143.4457228614307	0.45095970909448585	0.5987216899935611
143.57878939469734	0.4505095153241139	0.5985698105125123
143.71185592796397	0.45024927164659134	0.5989503813248291
143.84492246123062	0.45042720592193336	0.5991070802190588
143.97798899449725	0.44991893971791214	0.5992523293189497
144.11105552776388	0.4500483996023188	0.5995253517678675
144.2441220610305	0.45065960498759106	0.5999165225774415
144.37718859429714	0.45122907364012693	0.5994214474987688
144.51025512756377	0.4516260722778395	0.5989474146868713
144.64332166083042	0.451401136327777	0.598906058989486
144.77638819409705	0.45118136808621456	0.5983288317699607
144.90945472736368	0.4508612936682396	0.5989913439673621
145.0425212606303	0.4510729531933711	0.5999909951675193
145.17558779389694	0.45145059890777767	0.5995333245585548
145.30865432716357	0.45167281696514056	0.5989555505343036
145.44172086043022	0.4520867932670611	0.5996630934818316
145.57478739369685	0.4525228358675703	0.5996879449544906
145.70785392696348	0.4527869415655103	0.599441840517707
145.8409204602301	0.4530754470955497	0.6000020253112215
145.97398699349674	0.453516535071215	0.6014256257636372
146.10705352676337	0.4536872120144782	0.602298133682685
146.24012006003002	0.45336081862060407	0.6019576392707663
146.37318659329665	0.45335544600723526	0.6020350772313187
146.50625312656328	0.4532972098413521	0.6026527291725784
146.6393196598299	0.45434064133164975	0.6025664358153456
146.77238619309654	0.4543230221652771	0.602074244058576
146.90545272636317	0.453824445150981	0.6016166576271985
147.03851925962982	0.45384063925073886	0.6008998534004389
147.17158579289645	0.45341238742779305	0.601175528655703
147.30465232616308	0.4541783223953226	0.6003306711996643
147.4377188594297	0.45438222992627	0.5986230330940144
147.57078539269634	0.45491107336988645	0.5976574714632055
147.70385192596297	0.4550477917342171	0.5972903757607235
147.83691845922962	0.45530255866606145	0.5973070693076177
147.96998499249625	0.45594958059202295	0.5977054070009156
148.10305152576288	0.4549636604195799	0.5976737899613177
148.2361180590295	0.45509313998308465	0.596916310759615
148.36918459229614	0.4560929122405484	0.5972376656159272
148.50225112556276	0.45527082400826896	0.5976248049836883
148.63531765882942	0.4548755355924687	0.5978777347274097
148.76838419209605	0.4544366420959597	0.5981045347897052
148.90145072536268	0.4541009501418125	0.5985944838216998
149.0345172586293	0.4546208394642644	0.5990311754451934
149.16758379189594	0.45442027562290166	0.5993643398124343
149.30065032516256	0.4539896783103675	0.5994585563680579
149.43371685842922	0.4548068316617333	0.5992240931925471
149.56678339169585	0.4546459220792118	0.5991402003966462
149.69984992496248	0.453859860214397	0.6000880117304799
149.8329164582291	0.4541474107613636	0.6001349196245548
149.96598299149574	0.454687531654431	0.5994805802499343
150.09904952476236	0.45477105156935055	0.5992867534130019
150.23211605802902	0.4552836912829648	0.5989338537628958
150.36518259129565	0.45513859277303553	0.5988760253420249
150.49824912456228	0.4551991121298721	0.5985136897637383
150.6313156578289	0.45521891210870596	0.5986612923721907
150.76438219109554	0.4551139329438351	0.5985886004571751
150.89744872436216	0.4556599235988446	0.5979173759933367
151.03051525762882	0.45611947917911666	0.5976977798988689
151.16358179089545	0.45620404264666153	0.5983320391019785
151.29664832416208	0.45627579673061264	0.5983751576555453
151.4297148574287	0.4567221666780671	0.5988092147759856
151.56278139069533	0.4566171036517374	0.5987353141062659
151.69584792396196	0.4570581559123925	0.5981821461131419
151.82891445722862	0.4570914450654113	0.5973261402716775
151.96198099049525	0.4568562860922848	0.5970243221361863
152.09504752376188	0.45713607647830573	0.5968713923927654
152.2281140570285	0.45718097226561055	0.5960800612139819
152.36118059029513	0.45761510778212805	0.5959907671292727
152.49424712356176	0.45837202787113374	0.596125880884708
152.62731365682842	0.45790758594777714	0.5960139379920579
152.76038019009505	0.4571234863602321	0.5957579904701149
152.89344672336168	0.4580263684665074	0.5949701980623485
153.0265132566283	0.45811494334338776	0.5949600211236202
153.15957978989493	0.4571966393622796	0.5945658054112566
153.2926463231616	0.4577896758273556	0.5945039043786704
153.42571285642822	0.4582385124162718	0.5949228589152645
153.55877938969485	0.4581469019221007	0.5949478507535315
153.69184592296148	0.4581328788279918	0.595804623509557
153.8249124562281	0.45787623655336657	0.5961624781928283
153.95797898949473	0.4582087057125035	0.5964064771236168
154.0910455227614	0.4585613632166076	0.5958475862349996
154.22411205602802	0.45884312687080725	0.5951927318664255
154.35717858929465	0.45998144123041623	0.5952233514357219
154.49024512256128	0.46016375377460617	0.5950284990787784
154.6233116558279	0.45963684578597025	0.5951411891186003
154.75637818909453	0.4591413252100119	0.5947928416998579
154.8894447223612	0.45872064321582623	0.5949471630710186
155.02251125562782	0.45876976526832297	0.5958801305649681
155.15557778889445	0.4582331118425768	0.5956943297567284
155.28864432216108	0.4583544665710683	0.5955918090465484
155.4217108554277	0.45868314581221026	0.5960183276382657
155.55477738869433	0.45798752364529244	0.5955587260994618
155.687843921961	0.4570821857801838	0.5946677844577357
155.82091045522762	0.45705936620088916	0.5934747932208683
155.95397698849425	0.4569521912021626	0.5929927407516198
156.08704352176088	0.4571714647811893	0.5934283907816195
156.2201100550275	0.45726783235581353	0.5936280061454046
156.35317658829413	0.45757949453173463	0.5929405460548931
156.4862431215608	0.4578011555643508	0.5926053545972872
156.61930965482742	0.45744195347955885	0.5948325803668785
156.75237618809405	0.45780776395292466	0.5951901215759349
156.88544272136068	0.45795032071064834	0.5952926248755351
157.0185092546273	0.4575855326896744	0.5958868605824046
157.15157578789393	0.4575563936274234	0.5950497667806189
157.2846423211606	0.4578358000437046	0.5946922887350138
157.41770885442722	0.45803698377787505	0.59491204278589
157.55077538769385	0.4586023690748733	0.594865001502922
157.68384192096048	0.45883713318680236	0.5946658508665487
157.8169084542271	0.45911651209066323	0.5943233216575884
157.94997498749373	0.45898857923142405	0.5948968362355344
158.0830415207604	0.45895869878446716	0.5958585929886261
158.21610805402702	0.45935798685009743	0.596533979252734
158.34917458729365	0.4595653506409713	0.5968465229729828
158.48224112056027	0.45975507117153175	0.5969440470282192
158.6153076538269	0.4597924363761284	0.5976466072565366
158.74837418709353	0.45962675797604713	0.5978727812560066
158.8814407203602	0.4600284313014596	0.5979356503318528
159.01450725362682	0.46075741097590556	0.5981235118087121
159.14757378689345	0.461136078097412	0.5988351850803202
159.28064032016007	0.4613212021633859	0.5982877617799105
159.4137068534267	0.46144268189649273	0.5983718248193715
159.54677338669333	0.46177151522280085	0.5979930801659896
159.67983991996	0.4608659272834734	0.5980194709297134
159.81290645322662	0.46032232141742735	0.5988750573382657
159.94597298649325	0.4606931941909906	0.5980722265471587
160.07903951975987	0.460679090778883	0.5979442748506819
160.2121060530265	0.4603058455664806	0.5976600210769951
160.34517258629313	0.46094064826974496	0.5978862168551347
160.4782391195598	0.46116403689632934	0.5984703332511291
160.61130565282642	0.4611733585448361	0.598237849031983
160.74437218609305	0.46050888432201087	0.5985101998856984
160.87743871935967	0.4605616155150365	0.5990699149820803
161.0105052526263	0.460930347393416	0.5983697767804301
161.14357178589293	0.46092919252343867	0.597088637959909
161.2766383191596	0.4606592506751174	0.5968132110809143
161.40970485242622	0.4602629735499215	0.5968168223178665
161.54277138569284	0.46009942019265115	0.5976362483738971
161.67583791895947	0.46008770471266075	0.5974018390593393
161.8089044522261	0.45991163830289455	0.5971495761309628
161.94197098549273	0.4600147575446943	0.5972664065538561
162.0750375187594	0.45987898131905997	0.5972084212813591
162.20810405202602	0.46000898431677745	0.5979874115070422
162.34117058529264	0.46015235173639546	0.5976787609843525
162.47423711855927	0.46061701547489936	0.5968139641757189
162.6073036518259	0.4613573056333628	0.5969176387736754
162.74037018509253	0.46207955768136666	0.5965564838186987
162.8734367183592	0.46186972863780323	0.5965085634840523
163.00650325162582	0.46153163015447674	0.5967440592841157
163.13956978489244	0.4614188017150294	0.5967033378740926
163.27263631815907	0.46054326494150044	0.5964521787034119
163.4057028514257	0.45978511541294215	0.5960476226388834
163.53876938469233	0.4595894054893705	0.5963679467074107
163.671835917959	0.4598812044070505	0.5974506962719941
163.80490245122562	0.4596747864815616	0.5967379222174221
163.93796898449224	0.4595344501000257	0.5962244111000552
164.07103551775887	0.45933983203548545	0.5956817533400649
164.2041020510255	0.4588595100208354	0.5952077865994501
164.33716858429213	0.4598442108488725	0.5959714787852173
164.4702351175588	0.46023653095919503	0.5967199207529436
164.60330165082541	0.45948856015430795	0.596971677837035
164.73636818409204	0.4596376248839823	0.5974798486674827
164.86943471735867	0.45953330875194265	0.5975280457326441
165.0025012506253	0.45881968505118276	0.5976850636531366
165.13556778389193	0.45886500930088	0.5977196072095501
165.2686343171586	0.45867313832654716	0.59893546293573
165.40170085042521	0.4589812229936441	0.5987585936305875
165.53476738369184	0.4595460740268386	0.5987293294078154
165.66783391695847	0.460822745092072	0.5996087443506304
165.8009004502251	0.4602827333813514	0.5993777086580319
165.93396698349173	0.4602067968889333	0.5998008260814588
166.06703351675839	0.46050610767977795	0.6009417544275424
166.20010005002501	0.4605611138404075	0.6005278630992675
166.33316658329164	0.46042995716908797	0.6000975242272115
166.46623311655827	0.4602983596806377	0.5991678402466502
166.5992996498249	0.46005223908513043	0.5988783686539416
166.73236618309153	0.4603521322157059	0.599348484152153
166.86543271635819	0.4609326036995412	0.5998357930450307
166.9984992496248	0.4610571005801652	0.5995782385649265
167.13156578289144	0.46182228025581745	0.6002455638174287
167.26463231615807	0.46234665678183473	0.5991863951004255
167.3976988494247	0.46279529242612377	0.598834437734316
167.53076538269133	0.46296596043317145	0.5986953309664639
167.66383191595799	0.46300117690795545	0.5982026739007282
167.7968984492246	0.4631840960538703	0.5985071523551574
167.92996498249124	0.4636371337537685	0.5991232164085436
168.06303151575787	0.4636857728146887	0.599346569122527
168.1960980490245	0.46369852045664384	0.5989892270113536
168.32916458229113	0.46428374232306924	0.5984451612460459
168.46223111555778	0.46438716321469947	0.597844066147323
168.5952976488244	0.46460395901091994	0.597108999568347
168.72836418209104	0.4638776242242277	0.5970132428996981
168.86143071535767	0.463391502543045	0.5960888382586191
168.9944972486243	0.46288826852873516	0.5965072227098406
169.12756378189093	0.461663977523311	0.5955233972489448
169.26063031515758	0.46183892430786444	0.5945402129221505
169.3936968484242	0.4621165849311785	0.595856514042563
169.52676338169084	0.4627979921642699	0.5959225975792891
169.65982991495747	0.46308223632449186	0.5947490406120995
169.7928964482241	0.4614353258088854	0.5937790834811699
169.92596298149073	0.460925820144715	0.5949380178533041
170.05902951475738	0.4608101224636102	0.5945951658126948
170.192096048024	0.46044676947799834	0.5934895395306511
170.32516258129064	0.46083614993358646	0.5934140199178662
170.45822911455727	0.4613642758264283	0.5930534611544032
170.5912956478239	0.46118307230094924	0.5919511112354614
170.72436218109056	0.4612164009754689	0.592690148247665
170.85742871435718	0.4616565092394657	0.5936909944149131
170.9904952476238	0.4609985932469093	0.5936973860438365
171.12356178089044	0.46058790154911766	0.5939155190800816
171.25662831415707	0.46048657595363857	0.5941324982855988
171.3896948474237	0.4599540285542813	0.5944518816504127
171.52276138069035	0.4602916069094052	0.5941710623372966
171.65582791395698	0.46079086778310535	0.5947795525188894
171.7888944472236	0.46111238707481045	0.5955581523840257
171.92196098049024	0.46216750494854525	0.5957743721490165
172.05502751375687	0.4626522201516979	0.5958372496205704
172.1880940470235	0.46286556365066467	0.5952666207868864
172.32116058029015	0.4633976777437755	0.5956842653303787
172.45422711355678	0.46334423675391967	0.5949385075520053
172.5872936468234	0.4632901052019899	0.5948167112560602
172.72036018009004	0.46354262193128054	0.5942079383243639
172.85342671335667	0.46422108558519176	0.5938612431172381
172.9864932466233	0.4643586080502477	0.5943088687665485
173.11955977988995	0.46425210811804285	0.594645528087191
173.25262631315658	0.46524319569827305	0.5943286515280903
173.3856928464232	0.46502581996150694	0.5935527463382141
173.51875937968984	0.4641105106464067	0.5935518423361305
173.65182591295647	0.46573038666018124	0.5942354344645208
173.7848924462231	0.46616847150808705	0.5950061113819993
173.91795897948975	0.46596145744978235	0.5944118158296643
174.05102551275638	0.4660556640437192	0.5938420849090349
174.184092046023	0.4662772130843152	0.5936092264762961
174.31715857928964	0.4657709895197034	0.5938059593208281
174.45022511255627	0.46549000207445623	0.5925154796075064
174.5832916458229	0.4658864980508095	0.5914279970487484
174.71635817908955	0.4657402516800902	0.5912179643274952
174.84942471235618	0.4650473845417514	0.5917555472462916
174.9824912456228	0.46539307271753	0.5918442745736745
175.11555777888944	0.4656738334092241	0.5925065790657009
175.24862431215607	0.4655070329028475	0.5931421570991728
175.3816908454227	0.46513656884716814	0.5933194528186753
175.51475737868935	0.46473544752790213	0.5937695027538779
175.64782391195598	0.4639032511573114	0.5942232793457479
175.7808904452226	0.46428935350077416	0.5939163586825004
175.91395697848924	0.46457254195152464	0.5941904632381164
176.04702351175587	0.4648679884759255	0.5946610923836503
176.1800900450225	0.4644111141963591	0.5942535370437197
176.31315657828915	0.46384799891525447	0.5947178619713024
176.44622311155578	0.4638754547079607	0.5950791260712915
176.5792896448224	0.46449846249110194	0.5946466598847366
176.71235617808904	0.4644548751657591	0.5950627215850346
176.84542271135567	0.4641097326894611	0.5952227819023509
176.9784892446223	0.4655062505400871	0.5949726042594505
177.11155577788895	0.46573934471017236	0.5951692021375814
177.24462231115558	0.46606273046676877	0.5949878416057447
177.3776888444222	0.46721151570675007	0.5951590916364119
177.51075537768884	0.46711463649006596	0.5954980854073366
177.64382191095547	0.466988064765438	0.5953977175437708
177.7768884442221	0.4663208090457783	0.5951811435944342
177.90995497748875	0.46623769342667787	0.5959507914184181
178.04302151075538	0.46560519486303203	0.5956005697903297
178.176088044022	0.46578437304451487	0.5954467850649597
178.30915457728864	0.4658976199933316	0.5964541302660321
178.44222111055527	0.4659546991569761	0.5964905356032235
178.5752876438219	0.4662372723289936	0.5957420136702679
178.70835417708855	0.46614656329487303	0.5962146039317864
178.84142071035518	0.4657049498907496	0.5967888461999185
178.9744872436218	0.4660625427582538	0.5964899329024654
179.10755377688844	0.4668329793037934	0.5968696847026442
179.24062031015507	0.466584346781177	0.5968335839736328
179.3736868434217	0.4650672599690365	0.5969568188701587
179.50675337668835	0.464820660557723	0.5974406146637187
179.63981990995498	0.46512117112094487	0.5976019552613915
179.7728864432216	0.4650524744755029	0.5967173153702019
179.90595297648824	0.46533345528342834	0.5959619120492654
180.03901950975487	0.4654763056679413	0.5951762023663024
180.1720860430215	0.46596923481411684	0.5950240437792501
180.30515257628815	0.46585781837992335	0.594242795870737
180.43821910955478	0.46636918440820835	0.5939032409227806
180.5712856428214	0.4662135389036202	0.5933691193553335
180.70435217608804	0.4662543402803047	0.5935989546373667
180.83741870935467	0.46575155868074225	0.5931968388127423
180.9704852426213	0.46607579456425885	0.593459825173884
181.10355177588795	0.4654263817366775	0.5944978176303958
181.23661830915458	0.46423201929845265	0.5946447355474249
181.3696848424212	0.46441546681609536	0.5941116244557701
181.50275137568784	0.46535658423954984	0.593926869527585
181.63581790895446	0.46544756205023297	0.5939817606461463
181.7688844422211	0.46514807572855627	0.5940859386772387
181.90195097548775	0.46513590325294907	0.5943641665710497
182.03501750875438	0.464226719166755	0.5948063098879404
182.168084042021	0.464052010460819	0.5941582423883622
182.30115057528764	0.4643510848290817	0.5936162582372709
182.43421710855426	0.4642082043850559	0.5945801944279614
182.5672836418209	0.46500540547618185	0.5951762145811001
182.70035017508755	0.46480884936629735	0.5947683429606281
182.83341670835418	0.46477386461125986	0.595791641096426
182.9664832416208	0.4644199052063618	0.5957409611227205
183.09954977488744	0.46357791029135265	0.5958775866647965
183.23261630815406	0.46355449676857324	0.595689389158179
183.3656828414207	0.46432816292796125	0.594912041548748
183.49874937468735	0.46480062968720604	0.5943916955455814
183.63181590795398	0.464568525978511	0.594176417660501
183.7648824412206	0.4644314674823028	0.5941681912081258
183.89794897448724	0.4646319402289207	0.5936245932817401
184.03101550775386	0.46467793047056216	0.5941454349238069
184.1640820410205	0.46389808909517477	0.5934556320775989
184.29714857428715	0.46430961743926197	0.5923786375725636
184.43021510755378	0.4649777640007856	0.5924469590269682
184.5632816408204	0.46502470305365673	0.5924862697773265
184.69634817408703	0.46566585851722636	0.5924733384756844
184.82941470735366	0.4653614134096469	0.593064749461657
184.9624812406203	0.46570784041988816	0.593694655964419
185.09554777388695	0.4663908440191998	0.593263666461151
185.22861430715358	0.466649084686045	0.5931473080312402
185.3616808404202	0.4663226142734834	0.5927780121137698
185.49474737368683	0.46641620635911496	0.5930953574117624
185.62781390695346	0.46634393823295645	0.5931449042155753
185.7608804402201	0.4658565145679628	0.5933464712233174
185.89394697348675	0.4654223507260782	0.5929299835038301
186.02701350675338	0.46508572621881655	0.5936568529067414
186.16008004002	0.46465028236555617	0.5945964164268205
186.29314657328663	0.46495991224872607	0.5952527566685292
186.42621310655326	0.4650927563675355	0.5950329449716385
186.5592796398199	0.46518847931686025	0.5952189791786259
186.69234617308655	0.46505110523529786	0.5951272472891389
186.82541270635318	0.464053018286689	0.5958391062637041
186.9584792396198	0.4636181548509193	0.5965999644638141
187.09154577288643	0.463754898703286	0.5975141599429442
187.22461230615306	0.46384923088352764	0.5981992125752317
187.3576788394197	0.4640317521675381	0.5984682017297299
187.49074537268635	0.4635537372083664	0.5981570046219761
187.62381190595298	0.46341502728210066	0.5967645067753149
187.7568784392196	0.4630163150729081	0.5957062325380496
187.88994497248623	0.4631124262447309	0.597268506390944
188.02301150575286	0.46280521260825774	0.5977576095784229
188.15607803901952	0.4629865638630997	0.5978379016402883
188.28914457228615	0.4625201720931019	0.5976272455205063
188.42221110555278	0.46294706107277755	0.5975237036745547
188.5552776388194	0.4635929573972115	0.5968200894367752
188.68834417208603	0.46451034800391217	0.5961961141429287
188.82141070535266	0.4650283302812827	0.595846389558345
188.95447723861932	0.46499582417105517	0.5959578297248035
189.08754377188595	0.4650779789125696	0.5955920164041968
189.22061030515258	0.4660917404422729	0.5960241536221579
189.3536768384192	0.4659663347867856	0.5961989261211966
189.48674337168583	0.46522224051677086	0.5963943444805302
189.61980990495246	0.4654192202696371	0.5979935884109538
189.75287643821912	0.46547895158530195	0.5974842751005744
189.88594297148575	0.4666210955068328	0.5963204368925332
190.01900950475238	0.46706741883869696	0.5961698628580833
190.152076038019	0.4673470813294724	0.594812564333914
190.28514257128563	0.46672984204329265	0.5942323260000123
190.41820910455226	0.4660998665771426	0.5942733967313721
190.55127563781892	0.4669930365008514	0.5941816662056308
190.68434217108555	0.4668847447447272	0.592697753726919
190.81740870435218	0.4669522995847925	0.5926215303069647
190.9504752376188	0.4670581583064554	0.5923844695402541
191.08354177088543	0.4669998684904469	0.5928077399700943
191.21660830415206	0.46669134450252975	0.592507892070836
191.34967483741872	0.4667841640248345	0.5923705643226485
191.48274137068535	0.4664328115817542	0.5929245101447249
191.61580790395197	0.4669416130401244	0.593614411350475
191.7488744372186	0.46732520131326105	0.5938123290594068
191.88194097048523	0.4669907682085197	0.5946386681317163
192.01500750375186	0.46641729415589245	0.5945793953953197
192.14807403701852	0.4661522762969394	0.5941794975063387
192.28114057028515	0.46618504673294925	0.5944899663875354
192.41420710355177	0.46708360223123774	0.5953434417846482
192.5472736368184	0.4673472826558317	0.5949016697621712
192.68034017008503	0.46712469724811584	0.5943152394938737
192.81340670335166	0.4671670617840562	0.5930882984378036
192.94647323661832	0.46749579916810324	0.5923778668831083
193.07953976988495	0.46841904247504423	0.5938557761077945
193.21260630315157	0.46789121288134095	0.5950556711746389
193.3456728364182	0.4671513181516723	0.5951114599941865
193.47873936968483	0.4673489230398463	0.5956792013743879
193.61180590295146	0.4667663332153901	0.5958838213243891
193.74487243621812	0.46727979092986155	0.5962766908453169
193.87793896948475	0.46768120246554373	0.5968831583822742
194.01100550275137	0.4678048680562927	0.5962941171899855
194.144072036018	0.4685319925421081	0.5952369663660303
194.27713856928463	0.46902404992735325	0.595476721870806
194.41020510255126	0.4693034187753279	0.5953738389843447
194.54327163581792	0.469095022357004	0.5944146783648423
194.67633816908454	0.46952546639081083	0.5937077608991591
194.80940470235117	0.4692719884823122	0.5929641447935313
194.9424712356178	0.46896809375944	0.5927773527954812
195.07553776888443	0.4692582041650093	0.592775547258899
195.20860430215106	0.46942413868963856	0.5942032656625895
195.34167083541772	0.46886433216999795	0.5955273805686968
195.47473736868434	0.4685755226248593	0.5950639429223831
195.60780390195097	0.4689347945638084	0.5954428107872989
195.7408704352176	0.4698434940785443	0.5945593399474729
195.87393696848423	0.46832282843039524	0.594695304962413
196.00700350175086	0.46866980986803297	0.5956013244906191
196.14007003501752	0.4691193175217011	0.5959569076588641
196.27313656828414	0.4688579031566734	0.5955176409829731
196.40620310155077	0.46890870369098653	0.5961922239926674
196.5392696348174	0.4684251623161753	0.595879155248661
196.67233616808403	0.46805483644487356	0.5948269144904729
196.80540270135066	0.46842317740196004	0.5940429118038403
196.93846923461732	0.4690401035392778	0.5928493157646484
197.07153576788394	0.46911449933269883	0.593644166768811
197.20460230115057	0.46920754887313576	0.5916590268707338
197.3376688344172	0.4691225216844993	0.5913886938456541
197.47073536768383	0.468598733331643	0.5919270911291713
197.60380190095046	0.4682593103289771	0.5919669479834968
197.73686843421712	0.46733093696371275	0.5916773521598939
197.86993496748374	0.46691755000186824	0.5921711331055045
198.00300150075037	0.4665902273075358	0.5928776127045003
198.136068034017	0.4660956682212313	0.5930422525590355
198.26913456728363	0.46626406521864944	0.593554545920114
198.40220110055026	0.46596672468042505	0.5936991847222941
198.53526763381691	0.4654909870802346	0.5929474849243781
198.66833416708354	0.4658053572586085	0.5933625280743596
198.80140070035017	0.4660406753493532	0.5929287469181159
198.9344672336168	0.4663133349247078	0.5927651684703893
199.06753376688343	0.4659138585624917	0.592198098885316
199.20060030015006	0.4668132235972594	0.5921669767535164
199.33366683341671	0.46732799690622934	0.5914692366103549
199.46673336668334	0.46705161090749386	0.5911452031730744
199.59979989994997	0.46581894112646033	0.5915315405767967
199.7328664332166	0.465363487063216	0.5914711467236907
199.86593296648323	0.4659893484340579	0.5912350981728742
199.99899949974986	0.46645959517759966	0.5919918228050418
200.1320660330165	0.4663260772395343	0.592333118672885
200.26513256628314	0.4654173537716039	0.5927775843417445
200.39819909954977	0.46527251293790756	0.5928207656459374
200.5312656328164	0.46562724921145804	0.5932342288988222
200.66433216608303	0.4662900503721744	0.5940920893019672
200.79739869934966	0.46634171645070704	0.5933348917405356
200.9304652326163	0.46609658674458787	0.5934223249539096
201.06353176588294	0.4659035249793628	0.5935771936364291
201.19659829914957	0.46598115381793553	0.5938648994069464
201.3296648324162	0.4659504496615569	0.5942735527830953
201.46273136568283	0.4659932696468627	0.5939822608383255
201.59579789894946	0.46609597884096493	0.5941249765672127
201.7288644322161	0.46612353909902027	0.5928803411302319
201.86193096548274	0.4658788250472364	0.5924380057815506
201.99499749874937	0.46579895501549995	0.5929412266167279
202.128064032016	0.4658169996378379	0.5931745446775671
202.26113056528263	0.4661225386894455	0.5937439428164087
202.39419709854926	0.4656193208756016	0.593679394113455
202.5272636318159	0.46661306680886877	0.5941778195610667
202.66033016508254	0.46765487294979824	0.594275769514574
202.79339669834917	0.46846800850290143	0.5942332156880766
202.9264632316158	0.4691252764199644	0.5933692264890409
203.05952976488243	0.46968547343427414	0.5932675027294845
203.19259629814906	0.4697269172955753	0.5931665813230281
203.3256628314157	0.46919601189062254	0.5934858801145284
203.45872936468234	0.4687781856225205	0.5936385867240538
203.59179589794897	0.4687952435932744	0.5932031316654518
203.7248624312156	0.46749049048176616	0.5949365159005082
203.85792896448223	0.4674184520298106	0.5946073164722101
203.99099549774886	0.46783136849704976	0.5934320424463136
204.1240620310155	0.4681308602215125	0.5925151943913178
204.25712856428214	0.4683618953720205	0.5924127288580676
204.39019509754877	0.4689554634839549	0.5913937300116064
204.5232616308154	0.4687763685752983	0.5902837541665127
204.65632816408203	0.4681321759173547	0.5916218139195
204.78939469734868	0.46914522011059073	0.5921653058151045
204.9224612306153	0.4681682234981561	0.5922174555824761
205.05552776388194	0.468349500473864	0.5916371564745017
205.18859429714857	0.4683398536243089	0.5912585901482156
205.3216608304152	0.46884672191007415	0.5926108581172089
205.45472736368183	0.46983256756357494	0.5928203428934233
205.58779389694848	0.4700352819916286	0.5924972268987257
205.7208604302151	0.4707840973331143	0.5916507790523035
205.85392696348174	0.47074309225029315	0.591189919145488
205.98699349674837	0.471388098195091	0.5917263086916985
206.120060030015	0.47087149628935193	0.5930583597593999
206.25312656328163	0.47014518205325306	0.5937683600134981
206.38619309654828	0.4697112430400362	0.5943744079187633
206.5192596298149	0.4704831465519017	0.593846989662107
206.65232616308154	0.47018895743679484	0.5933425172296869
206.78539269634817	0.47065079860217873	0.5928705333043304
206.9184592296148	0.4709872159203283	0.5938862242885221
207.05152576288143	0.47091379995318605	0.5939687438089281
207.18459229614808	0.47111785685917235	0.5943841862755842
207.3176588294147	0.47202072014707663	0.5947694305546438
207.45072536268134	0.47175170559869717	0.5943989770602158
207.58379189594797	0.47162117018955263	0.5956629209686942
207.7168584292146	0.4715967425197858	0.5952937889774171
207.84992496248123	0.4702696057307154	0.5957281279891404
207.98299149574788	0.4703573753651378	0.5948127931524212
208.1160580290145	0.4705364727033406	0.5944237494563146
208.24912456228114	0.47009316038330834	0.5940298882855453
208.38219109554777	0.46995146802888915	0.594184246237837
208.5152576288144	0.4690862555439961	0.5947540177369877
208.64832416208102	0.46855761261875034	0.5941504748554187
208.78139069534768	0.4686509916301688	0.5932499332779428
208.9144572286143	0.46895499152925096	0.5936199871642938
209.04752376188094	0.4693007921507541	0.5931889942148361
209.18059029514757	0.4692353825306691	0.592897469604699
209.3136568284142	0.4694336385153696	0.5926514175387314
209.44672336168082	0.4692997488729006	0.5932077378029499
209.57978989494748	0.4694544352709465	0.5936934773951393
209.7128564282141	0.469444722529116	0.5934422583971063
209.84592296148074	0.47041299022035454	0.5933213125492933
209.97898949474737	0.47015461097202943	0.5934619433151016
210.112056028014	0.4699208475180191	0.5940787937168914
210.24512256128062	0.469950969056944	0.5941559496365865
210.37818909454728	0.4699764779474015	0.5939926747042618
210.5112556278139	0.4701926405860436	0.5940909109478469
210.64432216108054	0.46993733350966066	0.595224856631175
210.77738869434717	0.4687740316034123	0.5955658442568162
210.9104552276138	0.4688120933790411	0.5947230565704605
211.04352176088042	0.46962078621389536	0.5935154743541576
211.17658829414708	0.4691814770761949	0.5936509129437987
211.3096548274137	0.46879417607455737	0.5942083497296148
211.44272136068034	0.4684918702678123	0.5953091617841092
211.57578789394697	0.46867978970313295	0.5944933260116017
211.7088544272136	0.4694173696809081	0.5932161438048207
211.84192096048022	0.4694091279283803	0.5920478901858263
211.97498749374688	0.46941464448661474	0.5919695870376946
212.1080540270135	0.46943078461029597	0.5918453595396445
212.24112056028014	0.4695628538304985	0.5916693301673452
212.37418709354677	0.4698239633279191	0.5917246632842734
212.5072536268134	0.470078354665771	0.5915433228471024
212.64032016008002	0.47009571868951106	0.59132577604333
212.77338669334668	0.46900165418903283	0.5908757386803714
212.9064532266133	0.46848725113963147	0.5910712138148388
213.03951975987994	0.4683890772554808	0.5904518631963714
213.17258629314657	0.46911044652698297	0.5905556777714238
213.3056528264132	0.4689782696348517	0.5912768140288671
213.43871935967982	0.4681978213665445	0.5931143892983585
213.57178589294648	0.46718675999742887	0.5932443070637137
213.7048524262131	0.4676590637017214	0.594498582445557
213.83791895947974	0.467826313446835	0.5939678778819166
213.97098549274637	0.46757395004979846	0.5933401124354315
214.104052026013	0.4671570474206843	0.5925918652565897
214.23711855927962	0.4669992147919788	0.5915279885403087
214.37018509254628	0.4673191976134665	0.5921440253735981
214.5032516258129	0.4681235718431986	0.5922931939002777
214.63631815907954	0.4676317833802308	0.5923909892861154
214.76938469234616	0.46811938468377373	0.5932955942851781
214.9024512256128	0.4684532777228475	0.5925870200620657
215.03551775887942	0.4692714509441357	0.5920891946893249
215.16858429214608	0.4699532708825585	0.5923391394629975
215.3016508254127	0.4702287713028817	0.5924921391126354
215.43471735867934	0.46984590545971494	0.5931435754126992
215.56778389194596	0.47089217627324004	0.5938280383127585
215.7008504252126	0.47089135469239846	0.5936050955789458
215.83391695847922	0.46998048168007484	0.5944004264232569
215.96698349174588	0.4696286178448724	0.5940965608248288
216.1000500250125	0.46955372244232385	0.5935598162994528
216.23311655827914	0.4694962888155917	0.5940377837810542
216.36618309154576	0.46916169169581257	0.5947098621426743
216.4992496248124	0.46896525146568296	0.5954993461475623
216.63231615807902	0.46857574014966025	0.5963203300910956
216.76538269134568	0.4682157352786387	0.5968651209671573
216.8984492246123	0.4698425286584933	0.5964717447845744
217.03151575787894	0.469547171959021	0.5954339823381163
217.16458229114556	0.4696107508273844	0.5948620227714249
217.2976488244122	0.4698565908816146	0.5951649872826497
217.43071535767882	0.4702539171463581	0.5942051287607758
217.56378189094548	0.47007451564565855	0.5945608877976126
217.6968484242121	0.46936480187405577	0.5938269495334959
217.82991495747874	0.4698037093958167	0.5937489798074568
217.96298149074536	0.4696936690241853	0.5943154207810055
218.096048024012	0.471081202574156	0.5941611978252258
218.22911455727862	0.4710513037359553	0.5938895443259751
218.36218109054528	0.47139168253132413	0.5941230849401213
218.4952476238119	0.4719176822092483	0.5933103008693745
218.62831415707853	0.4713657041754108	0.5926022259472293
218.76138069034516	0.47109139597318644	0.5929473378089479
218.8944472236118	0.4714697896880404	0.592874945498174
219.02751375687842	0.4723722059109095	0.592495713551208
219.16058029014508	0.4726095133308182	0.5911216937342251
219.2936468234117	0.47257332475328395	0.5915932868158016
219.42671335667833	0.47346432896209356	0.5919157550896471
219.55977988994496	0.47320042553385844	0.5914816983893664
219.6928464232116	0.472654338688844	0.5918353637196346
219.82591295647822	0.47233281618513295	0.5918666561373203
219.95897948974488	0.47166256742893414	0.5922202280383648
220.0920460230115	0.47246407311437855	0.591342836108747
220.22511255627813	0.47250007099353963	0.5914790382069123
220.35817908954476	0.4719650258385319	0.5912610513459483
220.4912456228114	0.47149036099537395	0.5906893640333009
220.62431215607802	0.47188905541555193	0.5908779312902189
220.75737868934468	0.47301208850672477	0.5900793746935871
220.8904452226113	0.47271410799511165	0.5892649887386611
221.02351175587793	0.47262379028177764	0.5895876567287728
221.15657828914456	0.47256225086076853	0.5889450702458245
221.2896448224112	0.4722801508117293	0.588343072013011
221.42271135567785	0.47251552122135837	0.5878905635273625
221.55577788894448	0.4730947154613236	0.588699470224654
221.6888444222111	0.4736459328852057	0.5900393640261592
221.82191095547773	0.47363935489929876	0.5898157148266414
221.95497748874436	0.4736262682587891	0.5900723167442008
222.088044022011	0.4735062448911011	0.5901823274976212
222.22111055527765	0.47357776543411956	0.5900034361713568
222.35417708854428	0.4740982333271572	0.5891569555957242
222.4872436218109	0.4741356026173058	0.5894813080900873
222.62031015507753	0.47437024310201475	0.5891864785131862
222.75337668834416	0.4749543507097523	0.5893718759251525
222.8864432216108	0.47485789300737735	0.5887786519831166
223.01950975487745	0.474980792625411	0.5886021559905015
223.15257628814408	0.4748670597967862	0.5895218215005587
223.2856428214107	0.4748865986398173	0.5898694140381576
223.41870935467733	0.473700483262422	0.5908847259302731
223.55177588794396	0.47312852190159455	0.5907416583405821
223.6848424212106	0.4730133665293891	0.5907428157795724
223.81790895447725	0.4731161855814191	0.5907821795789241
223.95097548774388	0.4736152099099211	0.5897903010303059
224.0840420210105	0.47207400480978057	0.588856033087203
224.21710855427713	0.4713526646224433	0.5892911193115062
224.35017508754376	0.4720979898361868	0.5892848252750836
224.4832416208104	0.47160644480212166	0.5889548864541599
224.61630815407705	0.47130868589690844	0.5896025964020291
224.74937468734367	0.47105414549883146	0.5894698356065373
224.8824412206103	0.4706095236826411	0.5888278731261333
225.01550775387693	0.47068839126390777	0.5885658108118003
225.14857428714356	0.47166725752845295	0.5889241314218234
225.2816408204102	0.47119327726343985	0.5888185772323515
225.41470735367685	0.4714469225925758	0.5894095051428345
225.54777388694347	0.47208091140940484	0.5899934572787607
225.6808404202101	0.47250585095827197	0.5907967124080177
225.81390695347673	0.4724975516170967	0.5906696736361184
225.94697348674336	0.47240699529373953	0.590879513119401
226.08004002001	0.47308187603441926	0.5903467171098442
226.21310655327665	0.47414141430565027	0.5901438105029573
226.34617308654327	0.4744163039237375	0.5903198983446364
226.4792396198099	0.47480694114646754	0.5901097493826569
226.61230615307653	0.4751273775767214	0.5884377438423031
226.74537268634316	0.4746236825378338	0.5891670720569218
226.8784392196098	0.4741022223423438	0.5887271123565112
227.01150575287645	0.47342682430980165	0.5894555987059903
227.14457228614307	0.4732348768478531	0.5900366852930715
227.2776388194097	0.4747020531932177	0.5903733570642375
227.41070535267633	0.4752962283647898	0.5889659970163368
227.54377188594296	0.4749879736223293	0.5894466863648634
227.6768384192096	0.4756992840032983	0.5904007490071967
227.80990495247624	0.47581245405660694	0.589206694198275
227.94297148574287	0.4757572411993059	0.5897059392894483
228.0760380190095	0.47535846271193444	0.5900472481172552
228.20910455227613	0.47537442102093846	0.5889961434482722
228.34217108554276	0.47491150217010386	0.5892138486724344
228.4752376188094	0.47515211820328856	0.5886016794474526
228.60830415207604	0.4748753372432373	0.5892054504616128
228.74137068534267	0.4749567749382832	0.5889463964692607
228.8744372186093	0.4749650045654244	0.5885291924276608
229.00750375187593	0.475612455671474	0.587893877880783
229.14057028514256	0.47504127581854394	0.5878229894936865
229.2736368184092	0.47465926614931214	0.5872617261376689
229.40670335167584	0.47480065209542505	0.5870251853881118
229.53976988494247	0.4750153290952058	0.587705678913797
229.6728364182091	0.4745356289783553	0.5885749248406124
229.80590295147573	0.47401018024178465	0.587270871799007
229.93896948474236	0.472500845204348	0.5887803059102734
230.072036018009	0.4721634277641725	0.5895459510544171
230.20510255127564	0.47273936880651396	0.5911692600244945
230.33816908454227	0.47291034760558964	0.5904521409947673
230.4712356178089	0.47273053726499054	0.5898089399026731
230.60430215107553	0.472948160192962	0.5898023682404477
230.73736868434216	0.47276748957519815	0.5904415992898199
230.8704352176088	0.47301692961507175	0.5903619955870955
231.00350175087544	0.47326780243424177	0.5899442385283141
231.13656828414207	0.4733401997820483	0.5901139292740605
231.2696348174087	0.4728569758914352	0.5904783244994609
231.40270135067533	0.4725141857751891	0.5892098663511123
231.53576788394196	0.4729308829381666	0.5902511797342135
231.6688344172086	0.47285613238459456	0.5902053065067236
231.80190095047524	0.4735054488643623	0.5901519277045899
231.93496748374187	0.47307635166801554	0.5900940575555941
232.0680340170085	0.4733914519638462	0.5903576597770308
232.20110055027513	0.4727366576216174	0.5919519840449984
232.33416708354176	0.4722188482458113	0.5910069339355113
232.4672336168084	0.47199229002851495	0.5914337027718984
232.60030015007504	0.47244669868348677	0.5921708202199619
232.73336668334167	0.47283024862033474	0.5917238478355555
232.8664332166083	0.47171955136539356	0.5921269310434022
232.99949974987493	0.47201292922817695	0.5913158635312844
233.13256628314156	0.4714261603582217	0.591666789032877
233.26563281640819	0.47188266022844483	0.5916876991638746
233.39869934967484	0.4721574217015521	0.5911760900990024
233.53176588294147	0.4727247375784004	0.591258735059139
233.6648324162081	0.4723371004470899	0.5917925485145028
233.79789894947473	0.47303188124013595	0.5916526283679442
233.93096548274136	0.4731191385413122	0.5911687884625435
234.06403201600799	0.4733116757412079	0.5918087124559909
234.19709854927464	0.4732485827036315	0.591774364335212
234.33016508254127	0.4731688760603227	0.5917404284841281
234.4632316158079	0.4735824582191328	0.5924306153038107
234.59629814907453	0.47346416607823427	0.5933660360586589
234.72936468234116	0.47422241082951205	0.592878342818416
234.86243121560778	0.47474497963618467	0.593722480283949
234.99549774887444	0.474640027036317	0.5942049598206705
235.12856428214107	0.474779985965329	0.592622489724504
235.2616308154077	0.4745716560479048	0.5920002705811055
235.39469734867433	0.47525910331595	0.5924742506823287
235.52776388194096	0.4751269658799534	0.5927687699328519
235.66083041520758	0.4741902270168266	0.5925658407285004
235.79389694847424	0.4751032507758886	0.5929862364381585
235.92696348174087	0.47480866261520727	0.5924844411468101
236.0600300150075	0.4751246038886173	0.5916103644596677
236.19309654827413	0.4752072765475822	0.5911942483902692
236.32616308154076	0.4754821344165187	0.592520320872259
236.45922961480738	0.47518198180876725	0.5920375273851427
236.59229614807404	0.4738733532140474	0.5912318760095008
236.72536268134067	0.473965224837604	0.5909015346006976
236.8584292146073	0.47359886777562127	0.5921845066222781
236.99149574787393	0.4738158525533401	0.5929949744969697
237.12456228114056	0.4733229433683201	0.5929130865713023
237.25762881440718	0.47295450915967874	0.5922450743421859
237.39069534767384	0.4736922609403817	0.5927525636704711
237.52376188094047	0.47473715009475304	0.5916307861883511
237.6568284142071	0.4744068404387947	0.5915067411223425
237.78989494747373	0.4742367616217026	0.5919535039354524
237.92296148074036	0.4741021901707218	0.5920521771004125
238.05602801400698	0.4732095820089207	0.5918971048383876
238.18909454727364	0.4725065512639852	0.5914859287459183
238.32216108054027	0.47213660897208326	0.5924093218917227
238.4552276138069	0.4728174026626197	0.5926306011417815
238.58829414707353	0.4729401223879852	0.5929786814617152
238.72136068034015	0.47202033593539383	0.5924835456237336
238.8544272136068	0.4724577207501315	0.5922665140860937
238.98749374687344	0.4728510657807366	0.5923116621682415
239.12056028014007	0.47265533470890764	0.5922666862094623
239.2536268134067	0.4726085733712518	0.5920535416518097
239.38669334667333	0.4716354264033682	0.5922058032076424
239.51975987993995	0.47139100260894634	0.5923890872121323
239.6528264132066	0.47261723131517014	0.5927834095513266
239.78589294647324	0.4724776899288607	0.5922475600182265
239.91895947973987	0.4724874828310928	0.5918470811210101
240.0520260130065	0.47379283642689207	0.5917642244725044
240.18509254627313	0.47383523816130835	0.5919990293783504
240.31815907953975	0.47482081421181754	0.5915444802588659
240.4512256128064	0.4749957795356126	0.5919520762535243
240.58429214607304	0.47476111564093704	0.5914134875108358
240.71735867933967	0.47434009801408394	0.5914331641939398
240.8504252126063	0.47431055704841674	0.5919574584355877
240.98349174587293	0.47513141055234365	0.5925825688753638
241.11655827913955	0.4761921450494208	0.5919750682940336
241.2496248124062	0.4764753991540983	0.5918460996142705
241.38269134567284	0.4762881453810427	0.5922260457538958
241.51575787893947	0.47514905881542574	0.5926499477475528
241.6488244122061	0.4750995990773644	0.5928346827137136
241.78189094547272	0.4748569156672461	0.5934972088129786
241.91495747873935	0.4749870212053901	0.5924948113491045
242.048024012006	0.4751654637981085	0.5935517564499335
242.18109054527264	0.4748423352902584	0.5925060342026047
242.31415707853927	0.47505250383696535	0.5932017339110945
242.4472236118059	0.4742866782620552	0.5934039974940362
242.58029014507252	0.47341274144796774	0.5931314893651147
242.71335667833915	0.47255250822614847	0.5928980844399743
242.8464232116058	0.47253063043073246	0.5925124863389092
242.97948974487244	0.4724627640376746	0.5922321842834605
243.11255627813907	0.4728247521228246	0.5910801808802091
243.2456228114057	0.47342844350474883	0.5913257487428112
243.37868934467232	0.4743643187713039	0.5912644554247455
243.51175587793895	0.47362927359142926	0.5911102849358686
243.6448224112056	0.4732528222834188	0.5918487002812842
243.77788894447224	0.4733256876349048	0.5900946328563796
243.91095547773887	0.47417259826464	0.5898406443108426
244.0440220110055	0.47371647098029174	0.5899088213974009
244.17708854427212	0.4734908225011404	0.5891921949205359
244.31015507753875	0.473252259374317	0.5904291465515695
244.4432216108054	0.47253456780146963	0.5904084199588376
244.57628814407204	0.4728173215650915	0.5892373556096596
244.70935467733867	0.4728544102653608	0.5893189326511121
244.8424212106053	0.4727374763032911	0.5888877498266994
244.97548774387192	0.47259028178545925	0.5886966812494724
245.10855427713855	0.47376530655405025	0.5897597730022851
245.2416208104052	0.473314317367342	0.5898542590438356
245.37468734367184	0.47430460742050506	0.5905638857220539
245.50775387693847	0.4751163685248174	0.5901605410211145
245.6408204102051	0.4761977011410061	0.5899479262923135
245.77388694347172	0.47552208665570783	0.589377828783372
245.90695347673835	0.47563570035182917	0.5892849956606623
246.040020010005	0.4750732876288028	0.5889310090228648
246.17308654327164	0.4746775394598621	0.5880030373748597
246.30615307653827	0.4753328609918403	0.5868642021518821
246.4392196098049	0.47672132995696664	0.5874833565967159
246.57228614307152	0.47581990500275695	0.5882947380944467
246.70535267633815	0.4751316803135442	0.5894050031191959
246.8384192096048	0.47542098474250577	0.5891731852603337
246.97148574287144	0.47590499895450156	0.5897944628044046
247.10455227613807	0.47582846693268893	0.5902781736616218
247.2376188094047	0.4752863301896528	0.5899701923306658
247.37068534267132	0.4757724448322955	0.5897736057971971
247.50375187593795	0.47599959917061474	0.5897394620852087
247.6368184092046	0.4757267958788843	0.5900711496996407
247.76988494247124	0.47535992876404853	0.5911592474652148
247.90295147573786	0.4747334389288044	0.5921207899346571
248.0360180090045	0.47407472034938214	0.5912605643334199
248.16908454227112	0.4738399530488349	0.5911293467927181
248.30215107553775	0.4740083600846278	0.5908229464798718
248.4352176088044	0.4741757253240366	0.5895049715828801
248.56828414207104	0.47449136837660477	0.5907887836527729
248.70135067533766	0.4740591976815882	0.5910014415550319
248.8344172086043	0.4740045437957678	0.5903891882838237
248.96748374187092	0.47314937957950737	0.5902649572749827
249.10055027513755	0.47316373715411897	0.5899403427271889
249.2336168084042	0.4730949507971394	0.5897259723360727
249.36668334167084	0.4724476629852686	0.589080953718124
249.49974987493746	0.47209273133119223	0.5885829794942004
249.6328164082041	0.4728576489942344	0.588646255573554
249.76588294147072	0.47278200868939113	0.5883195244465768
249.89894947473735	0.4724972626752915	0.5859438782719074
250.032016008004	0.47271688796222816	0.5857408264850046
250.16508254127064	0.4736183213003531	0.5857880507303072
250.29814907453726	0.474018077973654	0.5860554596853679
250.4312156078039	0.47395232539620535	0.5850611507384886
250.56428214107052	0.4741942275306236	0.5858385494841883
250.69734867433715	0.47441968179977073	0.5852748637181695
250.8304152076038	0.4734239990381791	0.5843901248677728
250.96348174087044	0.4725960477026103	0.5851142087354344
251.09654827413706	0.4729420606977607	0.5858489475285175
251.2296148074037	0.47387383536187	0.5847887897681969
251.36268134067032	0.4726904283468596	0.5852091226508579
251.49574787393695	0.4722500201354395	0.5848359582152302
251.6288144072036	0.4721838623336951	0.5848525048114246
251.76188094047023	0.4722008593511371	0.5857695484194413
251.89494747373686	0.47249151616653634	0.585398535447642
252.0280140070035	0.47328180638667483	0.5861216185227187
252.16108054027012	0.4721879880676888	0.5858478508036984
252.29414707353675	0.47251391492716405	0.5871068558699953
252.4272136068034	0.47172841326819104	0.5874579510391373
252.56028014007003	0.4718412987738344	0.589119362240911
252.69334667333666	0.4724808501029153	0.5890226932528839
252.8264132066033	0.47318269423857356	0.589130633044308
252.95947973986992	0.47379890750961734	0.5879430774528053
253.09254627313655	0.4733280739690173	0.5882245568683093
253.2256128064032	0.4735083813228938	0.5886050309849274
253.35867933966983	0.4737324355126678	0.5879987337701109
253.49174587293646	0.47271709730180494	0.5881834960823977
253.6248124062031	0.4721278207571102	0.5897402182062607
253.75787893946972	0.47217484614895766	0.5900657470265058
253.89094547273635	0.47327552456324307	0.5903815708579596
254.024012006003	0.47410623206447683	0.589385158900626
254.15707853926963	0.4736408944434424	0.5892817400233551
254.29014507253626	0.4734387500794657	0.589816722118592
254.4232116058029	0.47278192965684723	0.5898301581213284
254.55627813906952	0.47238431298243105	0.5891568226466474
254.68934467233615	0.471742681788757	0.5888203385289347
254.8224112056028	0.4721297581107443	0.589300310433526
254.95547773886943	0.4720141081392953	0.5881064382305784
255.08854427213606	0.4727029618036327	0.5888718532260483
255.2216108054027	0.472268075490016	0.5900674612300036
255.35467733866932	0.47241328313172815	0.5911217069304533
255.48774387193595	0.4733231912887852	0.5898387774017522
255.6208104052026	0.47288614706451687	0.5885655711937476
255.75387693846923	0.4731386259770411	0.5888175658078919
255.88694347173586	0.4742075707421375	0.5890620958400239
256.0200100050025	0.4737678255260195	0.5889002689097489
256.15307653826915	0.47358705262777195	0.5894062464706099
256.2861430715358	0.4722879226352002	0.5900868326385922
256.4192096048024	0.4728087624572223	0.5900049100357418
256.55227613806903	0.4726663793864103	0.5893146236318483
256.68534267133566	0.47322778925376086	0.5885290961627473
256.8184092046023	0.4732922242993697	0.5891048175481037
256.9514757378689	0.4733481220677729	0.5891802360670618
257.08454227113555	0.4737544137200225	0.5887620317788811
257.2176088044022	0.4744074421626216	0.588548061043458
257.3506753376688	0.4746196915706772	0.5887015701204583
257.4837418709355	0.47553295250155014	0.5885000844544399
257.6168084042021	0.47511680430908143	0.5882580541893067
257.74987493746875	0.4740623717464335	0.5894340107403849
257.8829414707354	0.4738057473678742	0.5883468080053563
258.016008004002	0.4735705802170222	0.5887004542356661
258.14907453726863	0.47426307509453786	0.5880999835320024
258.28214107053526	0.4748446455307117	0.5880609340269775
258.4152076038019	0.4755491639137548	0.5879311060812206
258.5482741370685	0.47601536966066127	0.5879542051236911
258.68134067033515	0.4757231099878057	0.5876100381878812
258.8144072036018	0.4762049981937335	0.5871435100066028
258.9474737368684	0.4758575939998855	0.5867432557194948
259.0805402701351	0.47484782300814526	0.5867548549150742
259.2136068034017	0.4739983291477723	0.5882259602574414
259.34667333666835	0.4746862465967592	0.5888619731342971
259.479739869935	0.4750816882682414	0.5884679313941691
259.6128064032016	0.47508009642218607	0.5886650934694201
259.74587293646823	0.4753640599396002	0.5894685762273651
259.87893946973486	0.4755871515363072	0.5895236848174944
260.0120060030015	0.4758321648315721	0.589821303920016
260.1450725362681	0.47596445012559746	0.5903388268600044
260.27813906953475	0.476127002227574	0.5900487217556963
260.4112056028014	0.47583660412835294	0.5894357564231141
260.544272136068	0.47601590469508553	0.5897264793325432
260.6773386693347	0.4755748351321563	0.5892542197201909
260.8104052026013	0.47580631537072265	0.5898611811247159
260.94347173586794	0.47603438251052277	0.5889475326725369
261.0765382691346	0.47607614075812776	0.5898756237360279
261.2096048024012	0.4762391025047488	0.588746746717615
261.34267133566783	0.4755198552501614	0.5883544744002333
261.47573786893446	0.4749496731532236	0.5879540642685308
261.6088044022011	0.47559700152220863	0.58810373475365
261.7418709354677	0.476410679443094	0.5882749349158315
261.87493746873434	0.4759942274594767	0.5889236373021991
262.008004002001	0.47638061762064327	0.5886800164321904
262.1410705352676	0.4767228606233608	0.5892544542568903
262.2741370685343	0.476458500694625	0.5885699154253928
262.4072036018009	0.4766916463511537	0.5871625164109562
262.54027013506754	0.4772523263740403	0.587156880907192
262.6733366683342	0.47701047129912993	0.5865161265888795
262.8064032016008	0.47725305253896144	0.586386889629859
262.93946973486743	0.4769900061219959	0.5856847979614385
263.07253626813406	0.4772459240295883	0.5877925212714722
263.2056028014007	0.4780020178565144	0.5890577581788087
263.3386693346673	0.4780728809522664	0.5887687584085637
263.47173586793394	0.47807615452724816	0.5894116945604727
263.6048024012006	0.4773718799062219	0.5886912258225463
263.7378689344672	0.47674688329012976	0.5881714609364165
263.8709354677339	0.47661262305436264	0.5887224554640267
264.0040020010005	0.47641206964716554	0.5887950577095165
264.13706853426714	0.4769350822564432	0.5886568829994983
264.2701350675338	0.4782240554137643	0.5893240161574969
264.4032016008004	0.4781401086168992	0.589142791360361
264.53626813406703	0.47816413263419694	0.5905395545361796
264.66933466733366	0.4774319744475027	0.5903838045922949
264.8024012006003	0.47782773842418036	0.5922631857299494
264.9354677338669	0.4778298128815578	0.5923630582716706
265.06853426713354	0.47787338213529496	0.5913183544049554
265.2016008004002	0.4778743634926357	0.5920685334367287
265.3346673336668	0.4776961263107747	0.5917429008805586
265.4677338669335	0.4781609686508983	0.5897912119325593
265.6008004002001	0.4783604333097094	0.5903862858162443
265.73386693346674	0.4789585527095667	0.5904988963083665
265.86693346673337	0.4790919590984281	0.5895907717023738
266.0	0.4790254706533776	0.5888815060908084
