0.0	0.0	0.0
0.1330665332666333	8.864915890670993e-05	2.216679114694671e-05
0.2661330665332666	0.00026604606571122485	0.00022192042215682246
0.39919959979989994	0.0006207903084947204	0.0007759114568111168
0.5322661330665333	0.0011308360972545784	0.0011525985423591369
0.6653326663331666	0.0018623765821789706	0.0017960631536591538
0.7983991995997999	0.002615795959329515	0.002682591226518436
0.9314657328664332	0.003413800036415786	0.003479818364478296
1.0645322661330665	0.004300480914685508	0.004256335275242177
1.1975987993997	0.00518625062408232	0.005409718167451724
1.3306653326663331	0.005940069955807108	0.0066286464947798345
1.4637318659329663	0.006893089223894047	0.007913946983236397
1.5967983991995998	0.007757926130595089	0.009154806054488256
1.7298649324662332	0.008820891877729754	0.010327422092495089
1.8629314657328664	0.009574118723847473	0.011282394890667334
1.9959979989994996	0.010594366393721646	0.012857789233739671
2.129064532266133	0.011457306594284428	0.014297881564480967
2.2621310655327664	0.012367601076800813	0.01589284998054001
2.3951975987994	0.013385037679589514	0.017267298899380626
2.528264132066033	0.014140024638479536	0.018997922048637338
2.6613306653326663	0.015223620796651724	0.02068107353315973
2.7943971985992997	0.015710020271813188	0.022274092742076545
2.9274637318659327	0.01664342662024527	0.023763731346458022
3.060530265132566	0.017349476430425538	0.025799744802191174
3.1935967983991995	0.018014796403218982	0.027197575185492595
3.326663331665833	0.01870206112904887	0.029508464273488008
3.4597298649324664	0.01943396603856933	0.031519668329946855
3.5927963981990994	0.020140881516697316	0.03363242869799749
3.7258629314657328	0.020695836158490608	0.03631567988661884
3.858929464732366	0.021519171208009568	0.038565447847201104
3.991995997998999	0.022335347039207254	0.04029298277745254
4.125062531265633	0.02305101121434691	0.04233726685756828
4.258129064532266	0.024219646932148963	0.04441453088762054
4.391195597798899	0.024502825515765218	0.04612183092007152
4.524262131065533	0.025286193438235963	0.04851037789451514
4.657328664332166	0.02610624682575161	0.05149527667508165
4.7903951975988	0.02703640757135034	0.05364000534123624
4.923461730865433	0.027787882995395148	0.056215498527052966
5.056528264132066	0.028422945341987603	0.058840508221695495
5.1895947973986996	0.028740399353926104	0.06204435888260338
5.3226613306653325	0.02971481877123444	0.06421477833304809
5.4557278639319655	0.030017985306453308	0.06713961862183275
5.588794397198599	0.030553143097238684	0.06907537953909695
5.721860930465232	0.031021704128935942	0.0714484066521594
5.854927463731865	0.0317971652619361	0.07454268908576514
5.987993996998499	0.03223491581651913	0.0766125930946671
6.121060530265132	0.032702082219738846	0.07904540790014573
6.254127063531766	0.03316718633614186	0.08206692084709853
6.387193596798399	0.03360785726045781	0.08507194800391128
6.520260130065032	0.03403621417017579	0.08787471568761202
6.653326663331666	0.03488150685323784	0.091260192583765
6.786393196598299	0.03542324265752586	0.09403487255872635
6.919459729864933	0.03561949432209541	0.09748548184635018
7.052526263131566	0.035913339940342785	0.10003340787529964
7.185592796398199	0.036356023563832246	0.10335877503656805
7.318659329664833	0.036759551758481064	0.10609012778314983
7.4517258629314655	0.037376985577574226	0.10987336107064749
7.5847923961980985	0.03773405384230421	0.11314844687721913
7.717858929464732	0.03849360534979994	0.11573103837035117
7.850925462731365	0.039011725961469276	0.11828365788691844
7.983991995997998	0.03930763789715427	0.12108737515071727
8.117058529264632	0.03992008974602946	0.12394609000365782
8.250125062531266	0.039890871671091364	0.12608710004216594
8.383191595797898	0.04030924527204136	0.1296444194506229
8.516258129064532	0.040991325045006986	0.13309543070545662
8.649324662331166	0.04138795449628748	0.13589352990876113
8.782391195597798	0.04182241155916399	0.13935727090681366
8.915457728864432	0.041843159993193275	0.14220843269832914
9.048524262131066	0.042255127145562864	0.1443134466614253
9.181590795397698	0.042860283145986146	0.14621739413852028
9.314657328664332	0.04351098255913106	0.14907243349734062
9.447723861930966	0.043617940472778324	0.15183560632032572
9.5807903951976	0.044120200281988674	0.15453306748077703
9.713856928464232	0.044689882964517924	0.15698957215786954
9.846923461730865	0.04506423656260652	0.15956601932651088
9.9799899949975	0.04558411055036131	0.16210283858080288
10.113056528264131	0.04624264354478805	0.16436741084174117
10.246123061530765	0.04656735853799048	0.1668878956265324
10.379189594797399	0.046999538488908144	0.1691395714882514
10.512256128064031	0.04764200488362202	0.17196751938719113
10.645322661330665	0.04802517285704663	0.17397112078595928
10.778389194597299	0.04833491269474411	0.17625297523823372
10.911455727863931	0.04928773879020852	0.17800753117322776
11.044522261130565	0.049646895283738626	0.17994431380319076
11.177588794397199	0.050050667537434604	0.18238504651201004
11.31065532766383	0.050450349726429845	0.18352682015006153
11.443721860930465	0.050815764216432927	0.18438282673028103
11.576788394197099	0.05088237843014691	0.18642464590306046
11.70985492746373	0.05114769581664505	0.1882251329933087
11.842921460730365	0.0511636206516809	0.18985627471868868
11.975987993996998	0.05133201161563042	0.19119683922636915
12.109054527263632	0.05176069841331196	0.19256529981872705
12.242121060530264	0.05224802407269605	0.1943422224660853
12.375187593796898	0.05261031800721674	0.19590834570273974
12.508254127063532	0.05264951251731949	0.19750527745999963
12.641320660330164	0.05283711172668938	0.19900343013709781
12.774387193596798	0.05317442029979366	0.2004554033967661
12.907453726863432	0.053497737293711205	0.20197608370167877
13.040520260130064	0.053580653620172274	0.20288739187632182
13.173586793396698	0.053744245726504075	0.2047624012222334
13.306653326663332	0.05408543682291224	0.2057200925289895
13.439719859929964	0.05447597877187538	0.20773518488668155
13.572786393196598	0.05460068794800624	0.20891730236940517
13.705852926463232	0.05478817340833321	0.2097243251137104
13.838919459729865	0.05514533363449614	0.21103429353139544
13.971985992996498	0.05532454186554534	0.21080140323876626
14.105052526263131	0.05526962096027357	0.21150373433029754
14.238119059529765	0.05562866007815953	0.21327184550784883
14.371185592796397	0.05573245008872473	0.21441849626592285
14.504252126063031	0.056089113521614935	0.2147386384314114
14.637318659329665	0.05678098086262042	0.21620379505903028
14.770385192596297	0.057270548766407525	0.21673973037610644
14.903451725862931	0.05743726915357985	0.21781992305394368
15.036518259129565	0.05754631587278405	0.21839413445621128
15.169584792396197	0.057611977587350406	0.2184859098058407
15.302651325662831	0.057859716641760504	0.2191512558153385
15.435717858929465	0.05855248821025899	0.22043462343881517
15.568784392196097	0.05895085259291113	0.22188611821441226
15.70185092546273	0.05917668082523074	0.22336914050619944
15.834917458729365	0.05952880656443152	0.2243137268772782
15.967983991995997	0.059753098230565155	0.22538884816065058
16.101050525262632	0.060075618373825794	0.22612647277920359
16.234117058529264	0.0600939706428133	0.2273373626423739
16.367183591795897	0.06035277324793233	0.2281794756035059
16.500250125062532	0.06079035832805945	0.22872535848706652
16.633316658329164	0.06116017223436141	0.2298109908156204
16.766383191595796	0.06070768615547257	0.22965157479667136
16.899449724862432	0.061309543396312394	0.2307149123158446
17.032516258129064	0.06184006779169933	0.23194939686993357
17.165582791395696	0.06219978591126878	0.2328725240736104
17.298649324662332	0.0626011487240296	0.23299908607721473
17.431715857928964	0.06262657907259837	0.2336720948458921
17.564782391195596	0.06303767289771625	0.2344268350668446
17.69784892446223	0.06323908394992624	0.2353257798780999
17.830915457728864	0.06325449359074156	0.23613106105139195
17.963981990995496	0.06328687411579433	0.2362926246517855
18.09704852426213	0.0637061888270604	0.2366871371524564
18.230115057528764	0.06442726221935775	0.2372892113557402
18.363181590795396	0.06439418367074212	0.2381053698469899
18.49624812406203	0.06484010860148569	0.23826482875130572
18.629314657328663	0.06514975706049515	0.2385190111732772
18.762381190595296	0.06528690618515504	0.23881374074986386
18.89544772386193	0.06565854916005105	0.24002090220073924
19.028514257128563	0.06614734530585284	0.23951916606455612
19.1615807903952	0.06650251931445245	0.24013808167584955
19.29464732366183	0.06656023923229137	0.2407475340180291
19.427713856928463	0.06678509395057208	0.2407336213912665
19.5607803901951	0.06730130936443966	0.24198814856329512
19.69384692346173	0.06763055579069491	0.24149966785930257
19.826913456728363	0.06780148126747185	0.24264767457509093
19.959979989995	0.06837184483321807	0.243206200224759
20.09304652326163	0.06878950411612506	0.24371702817058477
20.226113056528263	0.06890969181995776	0.24386388849163462
20.3591795897949	0.06897143824624968	0.2447333750254318
20.49224612306153	0.06902821991988874	0.24556837905292733
20.625312656328163	0.06932683122104233	0.24571253219807518
20.758379189594798	0.06955693212653727	0.24638838960034887
20.89144572286143	0.06978004582954453	0.2472859992845399
21.024512256128062	0.07030495160718045	0.2474721993114658
21.157578789394698	0.0703568978080751	0.24779788348542947
21.29064532266133	0.07027966140385948	0.24831914210646733
21.423711855927962	0.07042197990329895	0.24832853243917544
21.556778389194598	0.07055519832833992	0.249038483893032
21.68984492246123	0.07076160242122981	0.24949281600929185
21.822911455727862	0.07100372821841112	0.2493086906203523
21.955977988994498	0.07117281740594687	0.24996568810976355
22.08904452226113	0.07125709339989136	0.25006826371286334
22.222111055527762	0.07126681851442071	0.25135091355723155
22.355177588794398	0.07132842198870268	0.2520099863097711
22.48824412206103	0.07188132252475778	0.2519681878553541
22.62131065532766	0.07215677093156074	0.2513930212817882
22.754377188594297	0.07268521322381746	0.2516431905860658
22.88744372186093	0.07260732173221676	0.25274469652022274
23.02051025512756	0.0728909209044157	0.2527463606173126
23.153576788394197	0.07297751599266639	0.2529632292794813
23.28664332166083	0.07301707640750822	0.2538382951056671
23.41970985492746	0.07331403049777192	0.25453615132571017
23.552776388194097	0.07344186066953103	0.25463138768568117
23.68584292146073	0.07338007408315522	0.2549618244992088
23.818909454727365	0.07366868965616848	0.25557021136749364
23.951975987993997	0.07417536585538832	0.2566030051212514
24.08504252126063	0.07420352107711613	0.2570880041901263
24.218109054527265	0.07450458031554438	0.2581891368518452
24.351175587793897	0.07501684840865092	0.258602539049974
24.48424212106053	0.07528224219106106	0.25900544490765987
24.617308654327164	0.07523012769071957	0.2590938866328855
24.750375187593797	0.07548848707100383	0.26019733727847544
24.88344172086043	0.07533464181277032	0.2603476490481581
25.016508254127064	0.07539431608995169	0.2605744501287447
25.149574787393696	0.07584827503543641	0.2603389682041588
25.28264132066033	0.07620123757403316	0.2604767451371976
25.415707853926964	0.0758169652254473	0.26072339254939464
25.548774387193596	0.07603017451159963	0.26056988961064953
25.68184092046023	0.07638976675806373	0.26112034229822517
25.814907453726864	0.0765725337565358	0.2615641986692314
25.947973986993496	0.07698435743425906	0.26188758326917677
26.081040520260128	0.07717912811036245	0.26197897359689
26.214107053526764	0.07689175432712658	0.2618251627626376
26.347173586793396	0.07688960960547045	0.2619814081538153
26.480240120060028	0.07737382801131981	0.26184559867412277
26.613306653326664	0.07748878490457037	0.26224974608678364
26.746373186593296	0.0776304843995015	0.2618875371600435
26.879439719859928	0.07771703329445519	0.26227034483527345
27.012506253126563	0.07851970588389406	0.2619284567622195
27.145572786393195	0.07910857708799769	0.26178656426136554
27.278639319659828	0.07902737202339823	0.26223435046898663
27.411705852926463	0.07913054062333008	0.2628406540544281
27.544772386193095	0.07892078686368928	0.2629657419303908
27.67783891945973	0.07886202603785183	0.2626176040800005
27.810905452726363	0.07881271344733218	0.26263290227825825
27.943971985992995	0.07911685864909664	0.26281480709501953
28.07703851925963	0.0796343604059237	0.26343038179613415
28.210105052526263	0.08011338462593098	0.2628830961109915
28.343171585792895	0.08047087470693055	0.2627330205265932
28.47623811905953	0.08063181961090596	0.2625489311075385
28.609304652326163	0.08077672376898783	0.2633563284866844
28.742371185592795	0.08101535500162453	0.26319844529610265
28.87543771885943	0.08111947506204645	0.2626947816112781
29.008504252126063	0.08134423985068683	0.26280561954549436
29.141570785392695	0.08177610345153663	0.26317528431978654
29.27463731865933	0.08204175835376264	0.26327886958740976
29.407703851925962	0.08197361436970013	0.2634958621779173
29.540770385192594	0.08214984778705005	0.2641340890888823
29.67383691845923	0.08231807263111955	0.26405515596732887
29.806903451725862	0.08245651849941459	0.26420469535354846
29.939969984992494	0.08274584680710854	0.2648105993677545
30.07303651825913	0.08313443622523543	0.26459483036852743
30.206103051525762	0.0831638685965859	0.26450991851633077
30.339169584792394	0.08282708392089272	0.26467881026944895
30.47223611805903	0.08293354188229898	0.26466148363337505
30.605302651325662	0.08358657262615314	0.2650876816800636
30.738369184592294	0.08401733295081715	0.2653857838662644
30.87143571785893	0.08440735667581256	0.26452785127534284
31.00450225112556	0.08462120970054716	0.26482813131205857
31.137568784392194	0.0850669608292639	0.26489157142740977
31.27063531765883	0.08463804897040876	0.2655401296265842
31.40370185092546	0.08472610312945887	0.2656836815388133
31.536768384192094	0.08498594979455898	0.26541226226226583
31.66983491745873	0.08531829557549311	0.2657996522227707
31.80290145072536	0.08593611310367143	0.26594550706357745
31.935967983991993	0.08597131722046224	0.2657241370988126
32.06903451725863	0.08606133263278253	0.26479327649194184
32.202101050525265	0.08642752477721248	0.2644691285781859
32.33516758379189	0.08653406457804105	0.26468395680059925
32.46823411705853	0.08680466076262307	0.26458629170806774
32.601300650325165	0.08688770302757017	0.26541000163705286
32.73436718359179	0.08696168028582513	0.2654224159293327
32.86743371685843	0.08729971278406563	0.26470021437711316
33.000500250125064	0.08754886060151783	0.26531480268925095
33.13356678339169	0.0879869790807149	0.26493469318405005
33.26663331665833	0.0882975545046497	0.2640512243348145
33.399699849924964	0.08838159440708863	0.2638599569230657
33.53276638319159	0.08895662165134033	0.2649397183545934
33.66583291645823	0.08974281296309751	0.26462440369502527
33.798899449724864	0.0901113982460361	0.2642861482328096
33.93196598299149	0.0901787400009496	0.2645949798008675
34.06503251625813	0.09057705212098083	0.2655004081703766
34.198099049524764	0.09044012611325535	0.2663980222749246
34.33116558279139	0.09017605340250516	0.26655459252910946
34.46423211605803	0.09084334845224613	0.26683653235066795
34.597298649324664	0.09107061013194682	0.26751923345595097
34.73036518259129	0.09089200582221059	0.26875081431750747
34.86343171585793	0.0908834939007278	0.26879399054917513
34.99649824912456	0.09118067031041745	0.2696392632994659
35.12956478239119	0.09119970837056099	0.27008229635600306
35.26263131565783	0.09133929270048034	0.27010316961662945
35.39569784892446	0.09128640060112132	0.27029772626049525
35.52876438219109	0.09161757286601831	0.2694780026852449
35.66183091545773	0.09200337372590352	0.26954347092302483
35.79489744872436	0.09225708876957409	0.2688256833566631
35.92796398199099	0.09250597889401492	0.2680839262435887
36.06103051525763	0.09266858374747716	0.26777476790165106
36.19409704852426	0.09273781898279358	0.2677500713765539
36.32716358179089	0.09325570852134697	0.26816493087816506
36.46023011505753	0.09334015943453035	0.2674275809126941
36.59329664832416	0.09335299423641735	0.26716195787625474
36.72636318159079	0.0936289610119834	0.2670879729612083
36.85942971485743	0.09329211071131321	0.26778757651765284
36.99249624812406	0.09357663345946741	0.2679173308951016
37.12556278139069	0.09421860025493252	0.2675402841601875
37.25862931465733	0.09486281210916957	0.2686424141800568
37.39169584792396	0.09514363107618036	0.26872508348440405
37.52476238119059	0.09562167798001601	0.2692733334522807
37.65782891445723	0.0952040956837884	0.2700833480839894
37.79089544772386	0.09551749159400591	0.2705731551675263
37.92396198099049	0.0956132539116464	0.2703396034741751
38.05702851425713	0.0958762668213717	0.27048713573883215
38.19009504752376	0.09597469194033365	0.2710855736354026
38.3231615807904	0.09591090350242386	0.2715585659828055
38.456228114057026	0.09629389494691296	0.271170974392498
38.58929464732366	0.0960852621546709	0.2708079500002992
38.7223611805903	0.09563820083503498	0.271425595974905
38.855427713856926	0.09604460121423761	0.27114234568270107
38.98849424712356	0.096175236683951	0.27089420589750673
39.1215607803902	0.09645505000310012	0.27098910856809266
39.254627313656826	0.09705043392249954	0.27127677488564605
39.38769384692346	0.09710581717302492	0.27200091701017814
39.5207603801901	0.09744362383100784	0.27190873837004215
39.653826913456726	0.09756749956804696	0.2725419175291431
39.78689344672336	0.09792257795700937	0.27219557022046453
39.91995997999	0.0982961447574718	0.2720270898230678
40.053026513256626	0.09826915720881388	0.2722814523535351
40.18609304652326	0.09843072256575722	0.2729396969402961
40.3191595797899	0.09881048348016612	0.27206986186554905
40.452226113056525	0.09899123285994205	0.27186022007088534
40.58529264632316	0.09894260105228694	0.2720648941408996
40.7183591795898	0.0989398218036325	0.27139155622178984
40.851425712856425	0.09928656745545113	0.2717237633528592
40.98449224612306	0.09944497815113405	0.27182886226211594
41.1175587793897	0.09922550619521141	0.2729860347148575
41.250625312656325	0.09948837028896275	0.2734339881303313
41.38369184592296	0.09963673982783722	0.2736965002898672
41.516758379189596	0.09980387095098815	0.27344716015485865
41.649824912456225	0.10018513648765044	0.27344940837227155
41.78289144572286	0.10060793087281253	0.2739305023812054
41.915957978989496	0.10123666632034363	0.2731521436428621
42.049024512256125	0.10146789238157769	0.27304050486336445
42.18209104552276	0.1019016498186881	0.27265506980608695
42.315157578789396	0.10235683791133748	0.27267024824172575
42.448224112056025	0.10296888395757309	0.2724043597629885
42.58129064532266	0.10313771519443497	0.2725359721215548
42.714357178589296	0.10322400192559454	0.2722534728800728
42.847423711855924	0.10332112879483557	0.2732488117871471
42.98049024512256	0.10351578550996399	0.27301344521817583
43.113556778389196	0.10365007449672964	0.27332607381275204
43.246623311655824	0.10356877838393606	0.2737395025541534
43.37968984492246	0.10359118056086575	0.2734111597415956
43.512756378189096	0.10370447322496656	0.27354784502093527
43.645822911455724	0.10414983550963476	0.27302272061277744
43.77888944472236	0.10385649711379123	0.27259823240979486
43.911955977988995	0.1048047638298849	0.27311367287825256
44.045022511255624	0.10502178280634371	0.2727936597937696
44.17808904452226	0.10546904980867194	0.27296836937278995
44.311155577788895	0.10585970060570206	0.27378479836156777
44.444222111055524	0.10589060809526556	0.2740149941824195
44.57728864432216	0.10602984747697518	0.2737362172731752
44.710355177588795	0.10645000767142937	0.2737661415747358
44.843421710855424	0.10673713159414476	0.27384823796597757
44.97648824412206	0.1064975596850674	0.2747294475340949
45.109554777388695	0.10592113221108715	0.27550171752097324
45.24262131065532	0.10618160356441692	0.27566341901060276
45.37568784392196	0.1066117421966408	0.27606378134373544
45.508754377188595	0.10696783548407444	0.275931633312261
45.64182091045522	0.10702527906863966	0.27576402102442993
45.77488744372186	0.1070062322924747	0.27623728002405545
45.907953976988495	0.10689903634936379	0.2757052886010741
46.04102051025512	0.10681463211582748	0.2761227285544963
46.17408704352176	0.10651598345849571	0.27583478907302517
46.307153576788394	0.10609986104060576	0.27576871730618896
46.44022011005502	0.10585350039739079	0.2759154022999777
46.57328664332166	0.10578880009480371	0.27641828497185283
46.706353176588294	0.10537878477837019	0.2768024481158803
46.83941970985492	0.1058177948988252	0.2768280788762503
46.97248624312156	0.10569114858809134	0.2767737804527609
47.105552776388194	0.10552335729908571	0.27697926827908753
47.23861930965483	0.10502462858994369	0.2775952054634471
47.37168584292146	0.10469058157301211	0.2775922724987949
47.504752376188094	0.10481312832370401	0.2779593450844289
47.63781890945473	0.1048894519194739	0.27839302063311283
47.77088544272136	0.10481073227557886	0.2782594919741435
47.903951975987994	0.10548101736120176	0.2786504407227616
48.03701850925463	0.10508379727687372	0.27905204377996123
48.17008504252126	0.10505566510447824	0.27942728690764995
48.30315157578789	0.1054270271627335	0.28028715398714577
48.43621810905453	0.10564934389220645	0.2804180258495414
48.56928464232116	0.10585975695982558	0.2799310559978305
48.70235117558779	0.10569530810099238	0.2806915201127542
48.83541770885443	0.10610314568317526	0.2807017562618354
48.96848424212106	0.1058701225837168	0.2812866298961397
49.10155077538769	0.10620434400972435	0.28116096820148473
49.23461730865433	0.10662142718727165	0.28135166270788725
49.36768384192096	0.10639332507144728	0.28063639506358734
49.50075037518759	0.10673584763873258	0.28021424279630125
49.63381690845423	0.10742669271374596	0.2804785642432674
49.76688344172086	0.10794290023138246	0.28101175254439226
49.89994997498749	0.10759197763828246	0.2812842805053075
50.03301650825413	0.10787812606372797	0.28144207399987037
50.16608304152076	0.10831382445680568	0.2809506289147423
50.29914957478739	0.10843154243337899	0.2813144586741544
50.43221610805403	0.10842589264705149	0.2807038563845611
50.56528264132066	0.10894446742556699	0.28058085849394143
50.69834917458729	0.10892489681384951	0.28060526050037515
50.83141570785393	0.10903477804453245	0.28001418283539975
50.96448224112056	0.10887465290037918	0.28035104826615204
51.09754877438719	0.10902211377887	0.2801523208947171
51.23061530765383	0.10867989065546031	0.28026001453691646
51.36368184092046	0.1086834179202784	0.2804106504302449
51.49674837418709	0.10932016573766776	0.28054814088101715
51.62981490745373	0.1097012327543425	0.28102095326792514
51.762881440720356	0.1096934964383514	0.28146667646868895
51.89594797398699	0.10978300361492896	0.28217138985056145
52.02901450725363	0.10959261587204583	0.2832071659366323
52.162081040520256	0.10966323705227407	0.2839257768145624
52.29514757378689	0.11002848874276301	0.2839117570509226
52.42821410705353	0.10980843986036447	0.28351899491004773
52.561280640320156	0.10992173985259145	0.28373080179945753
52.69434717358679	0.1105733343551032	0.2838876090137982
52.82741370685343	0.1107886787628756	0.2840630188725806
52.960480240120056	0.11060349382162134	0.28443554833406703
53.09354677338669	0.11104957575304504	0.2838124553520251
53.22661330665333	0.11156176073321027	0.28312338546230364
53.359679839919956	0.11131754154848154	0.28351794053615725
53.49274637318659	0.11142354722978107	0.28287613546310586
53.62581290645323	0.11105618770073057	0.2837369255386426
53.758879439719855	0.11104419475894446	0.283313407594649
53.89194597298649	0.11121050825507713	0.28409122644367724
54.02501250625313	0.1111045185106985	0.2845530000436542
54.158079039519755	0.11139867581194556	0.28431065309270787
54.29114557278639	0.11188951977807217	0.28421682746203686
54.42421210605303	0.11162670634150645	0.28486513650427886
54.557278639319655	0.11154739844603614	0.2845815014242423
54.69034517258629	0.11180542192214377	0.2842244393462243
54.823411705852926	0.1123933265652294	0.28367260773822306
54.956478239119555	0.11231718380202743	0.2830918821017655
55.08954477238619	0.11246770845147275	0.2836938800053655
55.222611305652826	0.1122026628314754	0.2830616052916062
55.35567783891946	0.11228690936565985	0.2827172718971367
55.48874437218609	0.11236602627343281	0.28304511183652115
55.621810905452726	0.11254440615219186	0.28328177931765164
55.75487743871936	0.11252683928383059	0.2832636359423844
55.88794397198599	0.11232738725461146	0.283464622097741
56.021010505252626	0.1123385981805812	0.2826116094964367
56.15407703851926	0.1124206747286948	0.28282058290391854
56.28714357178589	0.11251843279300283	0.28352305300847036
56.420210105052526	0.11287587963219069	0.2830524893499243
56.55327663831916	0.11266230061820229	0.2837367023493783
56.68634317158579	0.11243475270188868	0.283612465092824
56.819409704852426	0.11222252437189015	0.2835048798087493
56.95247623811906	0.11161996088390645	0.2832074307757508
57.08554277138569	0.11185822917709164	0.2829606707964172
57.218609304652325	0.1120948638149646	0.28354056757403434
57.35167583791896	0.11177684438511996	0.28369220661328937
57.48474237118559	0.1120947665583678	0.2835944513297712
57.617808904452225	0.1118073624692503	0.2832837036179379
57.75087543771886	0.11200658452074712	0.2837177236270335
57.88394197098549	0.11178237127521018	0.2834227657418291
58.017008504252125	0.11179815455329845	0.2836880532957417
58.15007503751876	0.11225927983623613	0.28455690900257136
58.28314157078539	0.11303279295328005	0.28498150236399394
58.416208104052025	0.11360570475271117	0.2852493029199137
58.54927463731866	0.1136539555468024	0.28586750957793144
58.68234117058529	0.11343129159310902	0.28637578848328316
58.815407703851925	0.11364526826319174	0.28705740602547863
58.94847423711856	0.11366253655684481	0.28684927249075076
59.08154077038519	0.11387458695330364	0.28653202791794574
59.214607303651825	0.11411896566166799	0.28681678453177994
59.34767383691846	0.11440086238870421	0.2857761006094546
59.48074037018509	0.11469325656630185	0.2859293995555693
59.613806903451724	0.11504767412414796	0.2864628597279233
59.74687343671836	0.11587474134966261	0.2865448171163264
59.87993996998499	0.1164626173515482	0.28644819139169153
60.013006503251624	0.11644178771199315	0.2858165205243712
60.14607303651826	0.116646917213452	0.2858286146300512
60.27913956978489	0.11646697446948208	0.2860160027295155
60.412206103051524	0.11684594074857432	0.28605905376246366
60.54527263631816	0.11696077729177036	0.28599690017530055
60.67833916958479	0.11730606774441976	0.28538000290418575
60.811405702851424	0.11778819948018682	0.2853995587565496
60.94447223611806	0.11809877541124779	0.28593030570770017
61.07753876938469	0.1180311931821403	0.28661678800023155
61.210605302651324	0.11796997869668001	0.2874779762042128
61.34367183591796	0.11786313616725848	0.2872660422893415
61.47673836918459	0.11779044184242021	0.2869025721004504
61.60980490245122	0.1176522314139742	0.2865806266925402
61.74287143571786	0.11762927198945627	0.28639314914775704
61.87593796898449	0.11826123404024476	0.28565122852592095
62.00900450225112	0.11791672847554249	0.28591434462127485
62.14207103551776	0.11809489902059457	0.2859993502676448
62.27513756878439	0.11846555948638447	0.286034263109282
62.40820410205102	0.11845503351996207	0.2862471204672349
62.54127063531766	0.11890509391815587	0.28655038860734455
62.67433716858429	0.11914244006551866	0.2866803418617
62.80740370185092	0.11910821199335635	0.2864309662650782
62.94047023511756	0.11873355319328079	0.28676993474823315
63.07353676838419	0.11835661008786064	0.28648709052424653
63.20660330165082	0.11839160149888703	0.28688778364984624
63.33966983491746	0.11803821339995793	0.28728542151354586
63.47273636818409	0.11827024518604647	0.28686468212849625
63.60580290145072	0.11842727002239753	0.28650726347705074
63.73886943471736	0.1183577747712155	0.28612454753942657
63.87193596798399	0.11863861780287908	0.2856192452727005
64.00500250125063	0.11880153323874681	0.2851282532563526
64.13806903451726	0.11914182313183837	0.2852944947770785
64.27113556778389	0.1188915350770476	0.28632803830073433
64.40420210105053	0.11912756788322494	0.2855324331240087
64.53726863431716	0.12002613024603082	0.28547293826846887
64.67033516758379	0.12009913392615146	0.2848815799853518
64.80340170085043	0.12054557464683628	0.28425180766573216
64.93646823411706	0.12048193696051755	0.2844400720467448
65.06953476738369	0.12053355685584134	0.28482762102248566
65.20260130065033	0.12052092854298915	0.28479559422105827
65.33566783391696	0.1203442265073291	0.28491330665247194
65.46873436718359	0.12071485204491243	0.28494975848942145
65.60180090045023	0.12062370900480658	0.2853487281398376
65.73486743371686	0.12109588895681592	0.2853557667522232
65.86793396698349	0.12170231587254352	0.2858919573471523
66.00100050025013	0.12153224626579387	0.28570171167226616
66.13406703351676	0.12168092978735512	0.2853615670356987
66.26713356678339	0.12219980866742683	0.28554820767846195
66.40020010005003	0.12189850144480407	0.2859043574488535
66.53326663331666	0.12172507614782686	0.2868648735590177
66.66633316658329	0.12172924066303012	0.28676027015373284
66.79939969984993	0.12144397568746727	0.2863828630532392
66.93246623311656	0.12203017665017812	0.28691640987101114
67.06553276638319	0.12188617435278074	0.28797701496630745
67.19859929964983	0.1219124726196658	0.28841999859037554
67.33166583291646	0.12213168725933438	0.2884537988548898
67.46473236618309	0.12198647692883517	0.2880795724588583
67.59779889944973	0.12238296667161654	0.2882163734339939
67.73086543271636	0.12264069231969676	0.2890321704579013
67.86393196598299	0.12267652778660788	0.2896402845509749
67.99699849924963	0.12315954931414025	0.2886926777180009
68.13006503251626	0.1232692355987818	0.2884663371443627
68.26313156578288	0.12315738107936466	0.2880824673089206
68.39619809904953	0.1235706328646116	0.28811290479617163
68.52926463231616	0.12369523392811789	0.2876997824597904
68.66233116558278	0.12372326663403682	0.2871852697918055
68.79539769884943	0.12361679641136926	0.28724628404386315
68.92846423211606	0.1237080017253051	0.2881829674436945
69.06153076538268	0.12360411009410052	0.28807574007933684
69.19459729864933	0.12354609113995317	0.2876183634016377
69.32766383191596	0.12288704834057408	0.28759696269038193
69.46073036518258	0.12295501540093315	0.2875242377716794
69.59379689844923	0.12317185742137635	0.2876000403020359
69.72686343171586	0.12322103730639536	0.2876475317834433
69.85992996498248	0.12317584668035367	0.2871103101174039
69.99299649824913	0.12359436334306909	0.2873214225593162
70.12606303151576	0.1240260872288118	0.28798830939676057
70.25912956478238	0.12380914220589839	0.287823550390868
70.39219609804903	0.12416950739940359	0.2877166964015457
70.52526263131566	0.12456804273377155	0.2880996983387926
70.65832916458228	0.12480277403586319	0.28813726274895946
70.79139569784893	0.12476031442816878	0.288281432714866
70.92446223111556	0.12444515435708477	0.2882249040373782
71.05752876438218	0.12419147011765894	0.2882943921963709
71.19059529764883	0.12402738697519654	0.2880095870182245
71.32366183091546	0.12403736684660217	0.28804184196181376
71.45672836418208	0.12436808348031711	0.28752738113146814
71.58979489744873	0.1240632343020955	0.2872729437036959
71.72286143071535	0.12410448594364092	0.28711818919925935
71.85592796398198	0.12459139622918124	0.28728900405177565
71.98899449724863	0.12473149532340358	0.28694743007148565
72.12206103051525	0.12439329387960439	0.28700092218039625
72.25512756378188	0.12426600389794946	0.28705003354602715
72.38819409704853	0.12411117072629733	0.28698273629930815
72.52126063031515	0.1242198629810462	0.2866166391847922
72.65432716358178	0.12441709733730869	0.2866198016041939
72.78739369684843	0.12477405086806473	0.28686949297554093
72.92046023011505	0.12539263386227847	0.286369308486999
73.05352676338168	0.1260332970142185	0.2868472804884939
73.18659329664833	0.12600962471284594	0.2868209579167654
73.31965982991495	0.1262926217111878	0.28693833544926656
73.45272636318158	0.12695923452412888	0.2868156482603972
73.58579289644823	0.12753359638507095	0.2871627636936789
73.71885942971485	0.12759640053869248	0.2867846179930314
73.85192596298148	0.12776634597505837	0.2857867795461576
73.98499249624813	0.12786998936095526	0.28594493447578073
74.11805902951475	0.12804931126514243	0.2864172556983957
74.25112556278138	0.12793820030569347	0.2856052329362489
74.38419209604803	0.12804654225775775	0.285555335323079
74.51725862931465	0.1280338140785557	0.28585862081972263
74.65032516258128	0.12844278271490445	0.2852677621626045
74.78339169584793	0.1290294227170052	0.28505368327206915
74.91645822911455	0.12924878781451357	0.285111545014446
75.04952476238118	0.12939462140661515	0.28517416364165965
75.18259129564782	0.1292470246500014	0.28527559468863034
75.31565782891445	0.12945258808326393	0.285627051032623
75.44872436218108	0.12942567530004895	0.2851643440856943
75.58179089544772	0.12944837154531033	0.2854940694750764
75.71485742871435	0.12999478683626747	0.2857276340619333
75.84792396198098	0.12946713026262163	0.2861535167183206
75.98099049524762	0.1293644500911563	0.28687152329497173
76.11405702851425	0.1297293408060351	0.2870558557853969
76.24712356178088	0.1302133270981113	0.2873641660747499
76.38019009504752	0.13083182841129595	0.28683315543049875
76.51325662831415	0.1311634865690751	0.286251686275597
76.6463231615808	0.13085251155204733	0.28666118211011266
76.77938969484742	0.13061991426970357	0.2865314160308892
76.91245622811405	0.13058943225585884	0.2867225484591484
77.0455227613807	0.130559369415825	0.2864922253710765
77.17858929464732	0.13085114323926894	0.28644116612454806
77.31165582791395	0.13050800839245633	0.28617170351151844
77.4447223611806	0.13061684483907846	0.2864553869286683
77.57778889444722	0.13033012595606805	0.286152697661292
77.71085542771385	0.1307616297068926	0.28662530671806297
77.8439219609805	0.13121560798325818	0.2869474978819265
77.97698849424712	0.13134960199999193	0.2871546553994069
78.11005502751375	0.13133114737444496	0.2869467350807245
78.2431215607804	0.13132029034973425	0.28657545051089856
78.37618809404702	0.13161533746201243	0.28670913207547066
78.50925462731365	0.1310207108506523	0.2866445446615111
78.6423211605803	0.13048479704561894	0.28682945219916217
78.77538769384692	0.13038622495386362	0.2876126945349423
78.90845422711355	0.13060543496653693	0.28840025416287995
79.0415207603802	0.1303731241959861	0.28817066425378524
79.17458729364682	0.13051851196952974	0.28805412348872134
79.30765382691345	0.13080964622304572	0.2887264791797784
79.4407203601801	0.130636797470798	0.2880279210667291
79.57378689344672	0.1303372009530833	0.2879205648193975
79.70685342671335	0.1301712720919836	0.28874120866003467
79.83991995998	0.13022611342002235	0.28917185941086954
79.97298649324662	0.13032427670828434	0.28951552659822166
80.10605302651325	0.13096933126764168	0.28997825629145096
80.2391195597799	0.1309123513064753	0.28955726194051795
80.37218609304652	0.13094535216653783	0.28864524314927587
80.50525262631315	0.13129664785448958	0.288353499424301
80.6383191595798	0.1313765155685249	0.2890554455521085
80.77138569284642	0.13160255019152356	0.2895848352252111
80.90445222611305	0.13227634806174837	0.2894101798833403
81.0375187593797	0.13253200609567692	0.2893500175775425
81.17058529264632	0.1325912513974241	0.2900114725073068
81.30365182591295	0.1328318087426322	0.28959370512353333
81.4367183591796	0.13261472294785978	0.28995099095064925
81.56978489244622	0.132114984343433	0.2903727807193259
81.70285142571285	0.13188887254898318	0.28996955559999665
81.8359179589795	0.13225711345505922	0.2901718190935198
81.96898449224612	0.13321571696032378	0.29075727928237693
82.10205102551275	0.13339019545821829	0.29065001455743555
82.2351175587794	0.13333381273338288	0.2907702905640637
82.36818409204602	0.13308442286737213	0.29083332603354417
82.50125062531265	0.1331311642230825	0.29061007444539844
82.6343171585793	0.13343409241313683	0.28992645377281806
82.76738369184592	0.13378609165956734	0.2897754158905852
82.90045022511255	0.1333325891865754	0.2902722976203964
83.03351675837919	0.13282873080454455	0.2907712999029205
83.16658329164582	0.1331093019496202	0.2909281253966348
83.29964982491245	0.1327333910060608	0.2910206855132707
83.43271635817909	0.13290829557369446	0.2908753529296937
83.56578289144572	0.1331852004497257	0.2905773521331949
83.69884942471235	0.13376479226714583	0.29125698860343713
83.83191595797899	0.13428077556977944	0.29101951757602873
83.96498249124562	0.13409178356812518	0.2910988641468614
84.09804902451225	0.13371549400325158	0.29098700602030225
84.23111555777889	0.13372860592562566	0.29054467642244153
84.36418209104552	0.13402045861078224	0.2906098273426213
84.49724862431215	0.13492034313639487	0.29044718098993944
84.63031515757879	0.13508546722401946	0.289774677151606
84.76338169084542	0.13482666906143162	0.2895618339909625
84.89644822411205	0.13499903166151828	0.2889710842203155
85.02951475737869	0.13526139536187504	0.28921225842254195
85.16258129064532	0.13548256447561935	0.28932787549246874
85.29564782391195	0.1357517442861658	0.28937781329029144
85.42871435717859	0.1352243878025278	0.29058035101937363
85.56178089044522	0.13505539792900248	0.2905406901808116
85.69484742371185	0.1350863724579088	0.29087947403916653
85.82791395697849	0.13488962321202322	0.2909998753734933
85.96098049024512	0.13463226032321646	0.2911000328778595
86.09404702351175	0.1346492609105752	0.2906526434449432
86.22711355677839	0.1350358226324793	0.29114849975883106
86.36018009004502	0.13465581768846938	0.29075248742901
86.49324662331165	0.134721674168371	0.29085286998753085
86.62631315657829	0.13487842588687826	0.2909635451415865
86.75937968984492	0.13497181234612868	0.29083163797945083
86.89244622311155	0.1349721399219812	0.2903061413412545
87.02551275637819	0.13488737916351257	0.29012435521830465
87.15857928964482	0.13471990455938965	0.2899232315558397
87.29164582291145	0.1350607648165946	0.2897160380611468
87.42471235617809	0.1353361361920407	0.2892825394555108
87.55777888944472	0.13553994575729011	0.2893142214078008
87.69084542271135	0.135783103264145	0.2890570374265589
87.82391195597799	0.13614000212947583	0.28917079394749834
87.95697848924462	0.1365948539371505	0.28959456404253353
88.09004502251125	0.1367613343695404	0.2888484666685809
88.22311155577789	0.13723514137522688	0.2888978487166824
88.35617808904452	0.13735752414217237	0.2883255922270184
88.48924462231115	0.13765476491510906	0.28788989743977966
88.62231115557779	0.13757092138075427	0.28794918185604307
88.75537768884442	0.13790304633643166	0.2876915283779717
88.88844422211105	0.13800144587579194	0.2882271413816195
89.02151075537769	0.13788783069599414	0.28883465452125767
89.15457728864432	0.13764347319341574	0.2898039097998197
89.28764382191095	0.13735958514005936	0.290634475810531
89.42071035517759	0.13745133599594075	0.29065162974461645
89.55377688844422	0.13727499295386592	0.29029475029587465
89.68684342171085	0.13747865622535924	0.2909634453623973
89.81990995497749	0.13774300035211517	0.291103076649523
89.95297648824412	0.13819196997124655	0.29057912824924215
90.08604302151075	0.13861799123265137	0.2905375171726295
90.21910955477739	0.13882108942417692	0.290438841616124
90.35217608804402	0.13863992997580687	0.2904642641814299
90.48524262131065	0.13831390339293817	0.29048511260081034
90.61830915457729	0.13798627292414864	0.2908247908848584
90.75137568784392	0.13771526430190034	0.2913287988999554
90.88444222111055	0.13781112009516164	0.2910373748594994
91.01750875437719	0.1375435985230963	0.29035477595408593
91.15057528764382	0.1375818590194296	0.29015931961785424
91.28364182091045	0.13753815004032632	0.29024885575003473
91.41670835417709	0.13722440436399772	0.2905285094126127
91.54977488744372	0.13716051687074898	0.29146901571209577
91.68284142071035	0.13719398003091918	0.29221553125357097
91.81590795397699	0.13731351441048825	0.2923100511827742
91.94897448724362	0.13752152721489255	0.29210897718730505
92.08204102051025	0.1374796498363845	0.29195541387250334
92.21510755377689	0.13749466634079205	0.29194834319318536
92.34817408704352	0.1374077987968591	0.2928618271550073
92.48124062031015	0.13726795977176767	0.2933904328868829
92.61430715357679	0.1368889582707513	0.2934901581419876
92.74737368684342	0.13713314484658856	0.29324988111360767
92.88044022011005	0.1372792077766999	0.29326001254638767
93.01350675337669	0.13687245796894193	0.2936586055053234
93.14657328664332	0.1366420924305277	0.2932374211632676
93.27963981990995	0.13639403866968397	0.2928900166817751
93.41270635317659	0.13585636327503106	0.293123124847164
93.54577288644322	0.13613916641570542	0.2933454389500934
93.67883941970985	0.1364880097650184	0.2932272863418137
93.81190595297649	0.13691647153545516	0.2927745909628297
93.94497248624312	0.13708143932076713	0.29284939168119256
94.07803901950976	0.13685839749880235	0.2925117059869175
94.21110555277639	0.13683817492139635	0.2923600074602041
94.34417208604302	0.1370524853432105	0.29290213287736405
94.47723861930966	0.13726408393473472	0.2932058711545917
94.61030515257629	0.13711111615293442	0.29277540078420256
94.74337168584292	0.13741611627307446	0.29286093633375393
94.87643821910956	0.13747685241264554	0.29211029751649725
95.00950475237619	0.13754378581836144	0.29153983544923173
95.14257128564282	0.13796505334169	0.29101919139171395
95.27563781890946	0.1383478759447879	0.29072470780750925
95.40870435217609	0.13857190316325138	0.2910512333504684
95.54177088544272	0.13846267443508622	0.2901135603651766
95.67483741870936	0.13854526267877593	0.2896906671820071
95.80790395197599	0.1382174931551504	0.2903439716196912
95.94097048524262	0.13793772658760364	0.29069755698166055
96.07403701850926	0.1379283355556288	0.29052135037846266
96.20710355177589	0.1382257003325326	0.28975517254017086
96.34017008504252	0.13851061597768544	0.28993872011231525
96.47323661830916	0.13884333153145076	0.29036071618388365
96.60630315157579	0.13906825404178288	0.28980618586645734
96.73936968484242	0.1389401626061139	0.2902928850122018
96.87243621810906	0.13850776830877662	0.29042042194198775
97.00550275137569	0.138210159920968	0.29056174097599935
97.13856928464232	0.13809269583529213	0.2911641857706716
97.27163581790896	0.13779103387612424	0.29124284150174584
97.40470235117559	0.1378556806022805	0.29124268060328384
97.53776888444222	0.1376497743992229	0.2916462694090433
97.67083541770886	0.13720527811297362	0.2914563368771721
97.80390195097549	0.13747805898647839	0.29126627805117516
97.93696848424212	0.13746064423665447	0.2909935098262045
98.07003501750876	0.13758789153452855	0.2911319738687144
98.20310155077539	0.13783686830025213	0.29122002256436186
98.33616808404201	0.13775138076923046	0.29088020067002607
98.46923461730866	0.13820807505361235	0.2907963000039201
98.60230115057529	0.138077617530035	0.29066966949791984
98.73536768384191	0.13792075016295846	0.29019128981246883
98.86843421710856	0.13791330922330194	0.2896166326048709
99.00150075037519	0.13781513436371517	0.2889686001445898
99.13456728364181	0.13782288974892284	0.28815430492735983
99.26763381690846	0.1383718464389244	0.2883041197954288
99.40070035017509	0.13920610689241777	0.2886199511010589
99.53376688344171	0.1390019967378898	0.2889833861667334
99.66683341670836	0.13901503254747996	0.28939520667397445
99.79989994997499	0.13903827144565462	0.2896029177123387
99.93296648324161	0.13886403880813977	0.28974078983101037
100.06603301650826	0.13891558172353888	0.2901107821952138
100.19909954977489	0.13912029530682332	0.289678999522901
100.33216608304151	0.13954106705720068	0.28932896800792
100.46523261630816	0.13995402202978358	0.28915432658029455
100.59829914957479	0.14021940298668625	0.2893429860613908
100.73136568284141	0.14023072548117071	0.28969241828191783
100.86443221610806	0.14031515587632407	0.28947494501776827
100.99749874937469	0.14075399889144047	0.28970188419067594
101.13056528264131	0.1408329025722237	0.2893545312290722
101.26363181590796	0.14095767745481563	0.28936658228628487
101.39669834917459	0.14169368464825038	0.28934729996607317
101.52976488244121	0.14165810846764026	0.28914649517305413
101.66283141570786	0.14161987041487803	0.28811174854697047
101.79589794897448	0.14207137788782223	0.28837653517083855
101.92896448224111	0.14228100365147647	0.2883549901054458
102.06203101550776	0.14232538322679816	0.28773416236364885
102.19509754877438	0.14278979247808984	0.28755412658829277
102.32816408204101	0.1430669092291922	0.28828183132903096
102.46123061530766	0.14316115321063713	0.2887282413344469
102.59429714857428	0.1429546795244726	0.28849743702176583
102.72736368184091	0.14271431233597692	0.2884307722145925
102.86043021510756	0.14260638678349372	0.2886704872043526
102.99349674837418	0.14265863064322745	0.2890641131264372
103.12656328164081	0.14259678857197144	0.28965513818435734
103.25962981490746	0.14241017674587092	0.28961983338625813
103.39269634817408	0.14243637006173349	0.28930751778664104
103.52576288144071	0.14246622857192057	0.2902484403479807
103.65882941470736	0.1424856400024128	0.2906637917069139
103.79189594797398	0.14273149770882929	0.29059161087875846
103.92496248124061	0.1430261319561067	0.29109375272257054
104.05802901450726	0.14309994561626252	0.2912051767809957
104.19109554777388	0.14353590570029165	0.2908733930731879
104.32416208104051	0.1436007621301829	0.2901858139651952
104.45722861430716	0.14334603044690544	0.2898031677074874
104.59029514757378	0.14347264383353833	0.2898023035433975
104.72336168084041	0.14360544928203983	0.28963608482649733
104.85642821410705	0.14349028459599772	0.2900804484926918
104.98949474737368	0.1438800693967286	0.2897201739478716
105.12256128064031	0.14380091114767746	0.2897060408147641
105.25562781390695	0.1433169954228795	0.2903105741961833
105.38869434717358	0.14338086471657469	0.29018517832177954
105.52176088044021	0.14399837853445846	0.2899554703763581
105.65482741370685	0.1443364003243605	0.29035893245406713
105.78789394697348	0.14403313365282083	0.29064257576894925
105.92096048024011	0.14383271984900473	0.290460805259376
106.05402701350675	0.14437347867422662	0.29108879550494504
106.18709354677338	0.1445906151833961	0.2909796311055652
106.32016008004001	0.14479991515113932	0.29044878200327884
106.45322661330665	0.14493774060239387	0.2904175215022896
106.58629314657328	0.14502206952991312	0.29059643742369645
106.71935967983991	0.14530471332749775	0.2900073627180026
106.85242621310655	0.14527662941628905	0.28955619657545906
106.98549274637318	0.14567873040961984	0.2898429406726288
107.11855927963981	0.14624390380810662	0.2901188769117287
107.25162581290645	0.14643246880149777	0.29012884443530185
107.38469234617308	0.1463463640218007	0.28941708604386346
107.51775887943971	0.1466023146770336	0.2887883025791735
107.65082541270635	0.14628310176313872	0.289401757618382
107.78389194597298	0.14568331615733993	0.2895651527528208
107.91695847923961	0.14571012295183677	0.28969880752475247
108.05002501250625	0.14586633724149575	0.2898617752927592
108.18309154577288	0.1459163632604042	0.28960057153613655
108.31615807903951	0.14609510941266923	0.2898383109128508
108.44922461230615	0.14590110780005902	0.2889521713199972
108.58229114557278	0.1460733687368068	0.2887409103235373
108.71535767883941	0.14635694271594044	0.28883402737642583
108.84842421210605	0.1461127532095589	0.2885150707831729
108.98149074537268	0.14653170510616645	0.28853815715089226
109.11455727863931	0.14657773508435074	0.2886704997305559
109.24762381190595	0.14644138780610677	0.28904485185130846
109.38069034517258	0.1465866718042581	0.28871584532747185
109.51375687843921	0.1471349324349495	0.2884602861747856
109.64682341170585	0.14722115260753538	0.2883871087662078
109.77988994497248	0.14726702210679418	0.2883528984419007
109.91295647823911	0.14700053477195227	0.2884690343449528
110.04602301150575	0.14697275393412232	0.28832453975752764
110.17908954477238	0.14696251100601967	0.2880460398237411
110.31215607803901	0.1470134359942188	0.28782344971799845
110.44522261130565	0.14710227188711078	0.28847067443133334
110.57828914457228	0.1473745589691567	0.2883875133737004
110.71135567783892	0.14740378214015168	0.28803197001253233
110.84442221110555	0.1466978917039252	0.2872712637136486
110.97748874437218	0.14643587508605965	0.2869573656542644
111.11055527763882	0.1464898774574672	0.2877256733561714
111.24362181090545	0.14673953367053724	0.28815134795002834
111.37668834417208	0.14642795749368362	0.28812256509781664
111.50975487743872	0.14684154802274457	0.2887324527947787
111.64282141070535	0.14748676380237477	0.28889699775048927
111.77588794397198	0.14773941016412484	0.28797761159013374
111.90895447723862	0.14785026939142315	0.28815009691612686
112.04202101050525	0.1474742171867467	0.28843525983521084
112.17508754377188	0.1471863903397308	0.2875435725075811
112.30815407703852	0.1474321105049127	0.2872399976016276
112.44122061030515	0.14744708826539984	0.28744056485717123
112.57428714357178	0.14729885527173991	0.28824601931443283
112.70735367683842	0.14695130471368098	0.28833989811962385
112.84042021010505	0.14713336207089753	0.28764667562328333
112.97348674337168	0.14711894971027478	0.28740709098749817
113.10655327663832	0.1465657505294283	0.28724573821816246
113.23961980990495	0.14684508137506144	0.28671133556405903
113.37268634317158	0.1467488573049445	0.2862523971375449
113.50575287643822	0.1471714960566245	0.28697205748976023
113.63881940970485	0.14711293591522812	0.28734599149987733
113.77188594297148	0.14680725746181442	0.28699395291246704
113.90495247623812	0.14730453577824718	0.287153210365468
114.03801900950475	0.1477070850642949	0.28758081637798427
114.17108554277138	0.14784686365326657	0.28766130627167796
114.30415207603802	0.1473910303026958	0.2878041394216334
114.43721860930465	0.14707732254429515	0.2878830841710431
114.57028514257128	0.14658494852239437	0.2883166116342654
114.70335167583792	0.14720932905325762	0.2888959568849039
114.83641820910455	0.147592615686516	0.28899576614103134
114.96948474237118	0.1475554434469978	0.28869107559766954
115.10255127563782	0.1477325611776427	0.2890046405306513
115.23561780890445	0.1476666013202697	0.2887645075927481
115.36868434217108	0.1481993130623584	0.2885503861078964
115.50175087543772	0.1487421434552866	0.28860710912760984
115.63481740870435	0.1493925022346473	0.2880179522638867
115.76788394197098	0.14918070451522553	0.2876325565815039
115.90095047523762	0.1489605036378432	0.28720130852638664
116.03401700850425	0.14885861691080524	0.28739720476293695
116.16708354177088	0.14849165271566864	0.2874144447052611
116.30015007503752	0.14825407488783743	0.2875363513082743
116.43321660830415	0.14777054666319892	0.28774313207670893
116.56628314157078	0.14777360091663877	0.28761600522268654
116.69934967483742	0.14795989918369865	0.2876344740855051
116.83241620810405	0.14831650983148398	0.28820999213567283
116.96548274137068	0.14816421790278567	0.28838772001697727
117.09854927463732	0.14813037565881468	0.28833369580549434
117.23161580790395	0.148322755577859	0.28852454591121124
117.36468234117058	0.14797175225603665	0.2885256417751309
117.49774887443722	0.14819576749690966	0.2887373233015643
117.63081540770385	0.14880305477208183	0.2882051523792542
117.76388194097048	0.14894889859638313	0.28735516305004183
117.89694847423712	0.1495165024661252	0.28734326341542127
118.03001500750375	0.14945703879379216	0.28792762342637823
118.16308154077038	0.14940610228391366	0.28841729111937586
118.29614807403702	0.1498985927925476	0.2888383136881469
118.42921460730365	0.1502741476843408	0.28862811430014246
118.56228114057028	0.15029129982825937	0.28852244408336725
118.69534767383692	0.15019967250498442	0.2889708796707135
118.82841420710355	0.15041399538229472	0.28902539681209344
118.96148074037018	0.15037067419050013	0.28907382001174564
119.09454727363682	0.1502748257197891	0.28960688261375017
119.22761380690345	0.15016850851285724	0.289489987712203
119.36068034017008	0.14970185025109456	0.28914275432282266
119.49374687343672	0.14939367279639454	0.2893232918282812
119.62681340670335	0.14991742681765466	0.28899096641483024
119.75987993996998	0.15002227699109458	0.289665553380984
119.89294647323662	0.15028181597348086	0.2903790578555766
120.02601300650325	0.15032666741762823	0.2908715812193774
120.15907953976988	0.14978358749908513	0.29147786577743395
120.29214607303652	0.14929639425761806	0.29153698103096726
120.42521260630315	0.14907955994415995	0.292017841671504
120.55827913956978	0.14942272899615866	0.2922799385218265
120.69134567283642	0.14930485272646032	0.2920399225167391
120.82441220610305	0.1492920643462103	0.2918754638292068
120.95747873936968	0.15009636501683224	0.29184699280011933
121.09054527263632	0.1502636362794477	0.2921196608225823
121.22361180590295	0.15052011847122673	0.29283419412932815
121.35667833916958	0.1508866185793013	0.2923843331212378
121.48974487243622	0.15051355727017354	0.29147353823579747
121.62281140570285	0.15031821081789562	0.29102988986696365
121.75587793896948	0.15040574411907748	0.2914248290352229
121.88894447223612	0.14992183095098796	0.2915642457560808
122.02201100550275	0.14975809986361868	0.29114023462579885
122.15507753876938	0.14985454645503052	0.2912859934064231
122.28814407203602	0.1499086291438433	0.2914103275309299
122.42121060530265	0.14933865655576473	0.2917733647437027
122.55427713856928	0.14905493676185483	0.2920583600340726
122.68734367183592	0.14919316152552511	0.29161721911648664
122.82041020510255	0.14910762777515113	0.2920794807995552
122.95347673836918	0.14907272807272434	0.2928843798477322
123.08654327163582	0.14918217005956969	0.2926546219949743
123.21960980490245	0.14931001514874154	0.2926831156862818
123.35267633816908	0.14923397148581202	0.29266085961148663
123.48574287143572	0.1494008376279912	0.2923600783574978
123.61880940470235	0.14970452267509304	0.29210023035454175
123.75187593796898	0.15054976493507677	0.2920310505283359
123.88494247123562	0.15046719954628082	0.29228350868349284
124.01800900450225	0.15018377131858102	0.292173340733239
124.15107553776888	0.15083674519476442	0.29155946955773593
124.28414207103552	0.150925210180761	0.2913227951829143
124.41720860430215	0.15054684569317997	0.29130755154888405
124.55027513756878	0.1502590817232989	0.2913900330747508
124.68334167083542	0.15039638904227845	0.2910647855218547
124.81640820410205	0.15029522595762485	0.2902797736278343
124.94947473736867	0.15087564535003856	0.29032042910130934
125.08254127063532	0.15124345925462498	0.2903928028586028
125.21560780390195	0.15094076637228365	0.29032191722879475
125.34867433716857	0.15068932265372675	0.28992126269819607
125.48174087043522	0.15083689333651254	0.29028066226174126
125.61480740370185	0.15084578172011756	0.2908654571958906
125.74787393696847	0.15099068626377127	0.2902609480679637
125.88094047023512	0.15111452096074676	0.29009787187248676
126.01400700350175	0.15097846054498656	0.29061429293640856
126.14707353676837	0.15093731245317346	0.29068687749132155
126.28014007003502	0.1504397171717034	0.2911955697707729
126.41320660330165	0.15026106410104806	0.2920325654889515
126.54627313656827	0.15023494609371477	0.2919514979907097
126.67933966983492	0.15051541025480555	0.29178321201392565
126.81240620310155	0.15083353738249947	0.2917534704204342
126.94547273636817	0.15065925513876927	0.2914342080725954
127.07853926963482	0.15082900044196312	0.2913222430204059
127.21160580290145	0.15097928989196538	0.2909901517624834
127.34467233616807	0.15092070198224913	0.2909153982059176
127.47773886943472	0.15054636198480162	0.29119651651719397
127.61080540270135	0.15037171333612825	0.29190717128313676
127.74387193596797	0.15054218026226507	0.2924772106535169
127.87693846923462	0.15064120462084246	0.2924667180632049
128.01000500250126	0.15062722771232953	0.29229078243149315
128.1430715357679	0.15027473723200319	0.2920636077283052
128.27613806903452	0.15005538847392688	0.29153344101245987
128.40920460230114	0.15026336986679473	0.2913479679591444
128.54227113556777	0.15062299010422603	0.2911748604729001
128.6753376688344	0.15101369216220226	0.29060836739701595
128.80840420210106	0.15136915850845004	0.29069024639245744
128.9414707353677	0.15134732411746593	0.2906701203039869
129.07453726863432	0.15158065928066145	0.290121010392399
129.20760380190094	0.15211483433490292	0.2891025693072505
129.34067033516757	0.15227660630181897	0.2886352985705883
129.4737368684342	0.15201117910957954	0.2881724679433176
129.60680340170086	0.1524112289492421	0.2878697039259219
129.7398699349675	0.15294089085295193	0.2881794398294886
129.87293646823412	0.15277060998351757	0.2889077063715312
130.00600300150074	0.1526713159030162	0.2894332080378182
130.13906953476737	0.15301917238385782	0.2890170368351027
130.272136068034	0.15305836101719403	0.28913545195343276
130.40520260130066	0.15276682664951718	0.2894952618111021
130.5382691345673	0.1526649150977487	0.2897214041006078
130.67133566783392	0.15291400056583118	0.28963981357299773
130.80440220110054	0.15298208747135453	0.29007003049955316
130.93746873436717	0.15288271170221834	0.29031047971192114
131.0705352676338	0.1532112610870903	0.2890646579262568
131.20360180090046	0.15314814127384013	0.2884420071402815
131.3366683341671	0.15313578840858783	0.28855530420952963
131.46973486743371	0.1531881603363978	0.288495382813793
131.60280140070034	0.15326579324554268	0.28850917251292735
131.73586793396697	0.15356593264935148	0.28877157701028633
131.8689344672336	0.15347048651758963	0.2898828596941521
132.00200100050026	0.1534150516549236	0.2903344971778054
132.1350675337669	0.15349746349590457	0.2893931820923608
132.26813406703351	0.1536806989780235	0.2889273823722182
132.40120060030014	0.15391909701004317	0.28961792364113453
132.53426713356677	0.1542412342535026	0.29047972528703186
132.6673336668334	0.15447545222476547	0.2898478453397375
132.80040020010006	0.15452528427653056	0.28895262116216736
132.93346673336669	0.15444155932647247	0.2893466982854112
133.06653326663331	0.15451652927497075	0.2887760612920856
133.19959979989994	0.1547657285471737	0.2888959183495875
133.33266633316657	0.15482078974992028	0.2900195856040588
133.4657328664332	0.15459092787092205	0.2897559274019802
133.59879939969986	0.1542262966966774	0.2895898556982816
133.73186593296649	0.15404854660947392	0.28944652507689755
133.8649324662331	0.15401627876093163	0.28964532154825995
133.99799899949974	0.15448270581952198	0.2902756878424203
134.13106553276637	0.15441641310144827	0.29085450224137865
134.264132066033	0.1540269732727615	0.2911009315309704
134.39719859929966	0.15414547634569972	0.29115605594960836
134.53026513256629	0.15443463928254697	0.2898041588954237
134.6633316658329	0.15484858505897645	0.28908112361452976
134.79639819909954	0.1547316331866606	0.2894174391383553
134.92946473236617	0.15480077804782666	0.2891354920581172
135.0625312656328	0.15478402666661906	0.2892912300240198
135.19559779889946	0.15516484018930865	0.2890009242746085
135.32866433216608	0.1554682633822682	0.28910459827594853
135.4617308654327	0.15539050811222652	0.2893531133942659
135.59479739869934	0.15562291553892288	0.288587537329252
135.72786393196597	0.15524118877158385	0.28828937660722437
135.8609304652326	0.15495916849974042	0.2886170549184637
135.99399699849926	0.1550910007433461	0.2887312865130503
136.12706353176588	0.1550199904000433	0.2886959987232019
136.2601300650325	0.15484729568506772	0.28815782895383657
136.39319659829914	0.15527729381706779	0.28823585121214773
136.52626313156577	0.15585061203008574	0.2883400774355711
136.65932966483243	0.1552210440855336	0.2889298290731052
136.79239619809906	0.15520052751636867	0.2895361578120254
136.92546273136568	0.15585016510218305	0.2886559166449794
137.0585292646323	0.15611113995995873	0.2880111293425522
137.19159579789894	0.1558418366642147	0.2881250574956167
137.32466233116557	0.15612288535084148	0.2882278828843831
137.45772886443223	0.15628874683399116	0.28808118512752423
137.59079539769886	0.15537243144572738	0.2880258072446027
137.72386193096548	0.15521520238214634	0.2881823898722297
137.8569284642321	0.15499721361886507	0.2888037120677035
137.98999499749874	0.15455015178646217	0.2891874266440977
138.12306153076537	0.15437496481613394	0.28931302600091513
138.25612806403203	0.15394897692479068	0.28983501312766685
138.38919459729865	0.15398726067429264	0.28944367642149993
138.52226113056528	0.15404979605656588	0.28941127770512576
138.6553276638319	0.15364400849160398	0.2904399879412732
138.78839419709854	0.15392063470813916	0.29047450387635015
138.92146073036517	0.15412152666856133	0.290094449499357
139.05452726363183	0.1543210194354263	0.28943981693204934
139.18759379689845	0.15463496767421098	0.2891456760599499
139.32066033016508	0.15469716360189475	0.28931269611187477
139.4537268634317	0.15494329501258763	0.2881806765479982
139.58679339669834	0.1555376173697588	0.2879264966323926
139.71985992996497	0.1556454584836906	0.28851080077562824
139.85292646323163	0.15543613680513307	0.2883958051541794
139.98599299649825	0.1561229197853425	0.28858506074360013
140.11905952976488	0.15615270690609345	0.28914376511819384
140.2521260630315	0.15616161571431947	0.28926341867107924
140.38519259629814	0.15660605102182354	0.289388647349308
140.51825912956477	0.1566272459653701	0.28921842461415714
140.65132566283143	0.15611701909143838	0.2886838398842474
140.78439219609805	0.15647342911657067	0.2887346614350118
140.91745872936468	0.15711733595013416	0.2890312210116396
141.0505252626313	0.15702863436311962	0.2892739391328674
141.18359179589794	0.15720772670678426	0.2894295911499179
141.31665832916457	0.15769171475759078	0.28940992580027747
141.44972486243122	0.15754949805678575	0.28957764590566976
141.58279139569785	0.15708749667319116	0.2898929499345539
141.71585792896448	0.1573067514449605	0.2897234459339706
141.8489244622311	0.1572982931464219	0.2895748974549743
141.98199099549774	0.157446344199462	0.2897437692946008
142.11505752876437	0.15798169213724614	0.2889250079268673
142.24812406203102	0.15822262655928301	0.2882713612546943
142.38119059529765	0.15791754756918233	0.28850105375381924
142.51425712856428	0.15750530576625807	0.28866992176038114
142.6473236618309	0.1575437995970312	0.2886227164441053
142.78039019509754	0.1575333685199432	0.28849134054761894
142.91345672836417	0.1577482724116302	0.2885958906130778
143.04652326163082	0.1580037366375253	0.28829940201300885
143.17958979489745	0.15814341103309038	0.28837907635451643
143.31265632816408	0.1580368167558452	0.2887369770317555
143.4457228614307	0.1579915695993055	0.28844817532260436
143.57878939469734	0.15837149969680053	0.2877933193298352
143.71185592796397	0.15889022257010507	0.2877446834586558
143.84492246123062	0.15922647532914072	0.2878277425379232
143.97798899449725	0.15909039306394693	0.288033241711427
144.11105552776388	0.15906547147271127	0.2886350457639463
144.2441220610305	0.15898356669637295	0.2883021100082796
144.37718859429714	0.1585736561700598	0.28824638878010717
144.51025512756377	0.1585199900254229	0.2883840457335913
144.64332166083042	0.15828967457120963	0.28853928462652634
144.77638819409705	0.15828120940356988	0.2890010667581162
144.90945472736368	0.1589652221438928	0.288266504002146
145.0425212606303	0.15905466200281254	0.28758550487453566
145.17558779389694	0.15903867681203823	0.2876527887120011
145.30865432716357	0.15904767591454047	0.2877993542907193
145.44172086043022	0.1592961121060248	0.28842375887479527
145.57478739369685	0.159367162325827	0.28854256894367225
145.70785392696348	0.15912727003490346	0.28863894333573903
145.8409204602301	0.15880394685195703	0.28816967742294314
145.97398699349674	0.15879336678007538	0.2876424194654875
146.10705352676337	0.15902188795265607	0.2879760345154812
146.24012006003002	0.15909018630039698	0.28789764500097254
146.37318659329665	0.15939808937980252	0.2877450518952977
146.50625312656328	0.15977996987534177	0.28807738055062654
146.6393196598299	0.15982999441451903	0.2884570734516645
146.77238619309654	0.1596100326621157	0.2886359834191603
146.90545272636317	0.15938647134843378	0.2887114047718182
147.03851925962982	0.15901332299202778	0.2888742496607894
147.17158579289645	0.15874529345735414	0.28951084761904167
147.30465232616308	0.1584892389051678	0.2892057599666962
147.4377188594297	0.15798362529354612	0.2892430031918467
147.57078539269634	0.15809305719362063	0.2894258112331873
147.70385192596297	0.15836607637990663	0.28859971566187487
147.83691845922962	0.1585839662503089	0.28885196258737683
147.96998499249625	0.15863707939741734	0.28843422759289894
148.10305152576288	0.1586722436643153	0.2885913943927432
148.2361180590295	0.15874777549363828	0.2900631485527338
148.36918459229614	0.15874655390020254	0.2904554888770079
148.50225112556276	0.15876725828869145	0.2902642680887899
148.63531765882942	0.15863360255632492	0.2905233788669793
148.76838419209605	0.15861948666158848	0.2904604633874775
148.90145072536268	0.15812766433998415	0.290152011949802
149.0345172586293	0.15796631199206848	0.2902944092352538
149.16758379189594	0.15769617072293515	0.29011696876151527
149.30065032516256	0.15737893041865972	0.29013475336260686
149.43371685842922	0.15704518283049115	0.29046233444680136
149.56678339169585	0.15693546958428028	0.2900161130552762
149.69984992496248	0.1569134328644719	0.28958239429673005
149.8329164582291	0.15660792457234432	0.28942400145107144
149.96598299149574	0.15646566833056216	0.28917627914447874
150.09904952476236	0.156362474522794	0.28902620257697104
150.23211605802902	0.15625194694939293	0.28892436848864395
150.36518259129565	0.1561359394329767	0.2893737997144461
150.49824912456228	0.15634139019072377	0.2899074756053048
150.6313156578289	0.156544185665836	0.2900123254858412
150.76438219109554	0.15654190646382016	0.2893719039972998
150.89744872436216	0.15646260422413105	0.2890648759303076
151.03051525762882	0.15646937181562925	0.2882792923875649
151.16358179089545	0.15658483740952622	0.28802789042135374
151.29664832416208	0.1567354015779078	0.2886756904746242
151.4297148574287	0.15726326391090586	0.2883120567771835
151.56278139069533	0.1577573114697754	0.28845852362338575
151.69584792396196	0.15766719233412702	0.2890399891607543
151.82891445722862	0.157441198240408	0.28910099832190395
151.96198099049525	0.15760049426780667	0.288793412160455
152.09504752376188	0.15798959569180354	0.28870751259987826
152.2281140570285	0.15847164926548746	0.28819915005387936
152.36118059029513	0.15856351625141699	0.2876383742082628
152.49424712356176	0.15832000005899313	0.2876983896205181
152.62731365682842	0.15828902617500587	0.2875196423322569
152.76038019009505	0.15838940184928557	0.2873163909752047
152.89344672336168	0.15803604251075587	0.28789612466457165
153.0265132566283	0.15817583320432999	0.28766635152459946
153.15957978989493	0.15791291032390045	0.28737106399306184
153.2926463231616	0.15758335446511829	0.28752696617582557
153.42571285642822	0.15786086821440176	0.2873156080101029
153.55877938969485	0.15795642726065304	0.28756895547346445
153.69184592296148	0.15803324513977385	0.287663830424955
153.8249124562281	0.157856709000851	0.28813870352238274
153.95797898949473	0.15816594008832324	0.28855090269261
154.0910455227614	0.15846201685330397	0.2882875834940532
154.22411205602802	0.1584851954270993	0.28756533099229287
154.35717858929465	0.1588203099855035	0.2870968034152969
154.49024512256128	0.15897328719002185	0.28753698007932593
154.6233116558279	0.15908866809708744	0.2866284939134195
154.75637818909453	0.15962497209527463	0.28616453461560215
154.8894447223612	0.15968935258285388	0.2865963248190597
155.02251125562782	0.15979476316762578	0.28690273743418016
155.15557778889445	0.16005224380907168	0.28672522861077926
155.28864432216108	0.16069565804691774	0.28631545028107946
155.4217108554277	0.1612200455641467	0.2855860164664375
155.55477738869433	0.16118105191996607	0.28613268870334063
155.687843921961	0.16080506739999564	0.2872201735410964
155.82091045522762	0.16044940456700105	0.28763479485034765
155.95397698849425	0.16075256376516814	0.28848374442529884
156.08704352176088	0.16137960824482533	0.28860338100153865
156.2201100550275	0.1615653502262305	0.2883449872687493
156.35317658829413	0.1607766848601892	0.288436283295597
156.4862431215608	0.16063270792708265	0.28908962426839807
156.61930965482742	0.16039460278190498	0.28865708594079986
156.75237618809405	0.16069890055846822	0.2884668300029508
156.88544272136068	0.16144533727771415	0.2888659386899188
157.0185092546273	0.16143366884171306	0.28964074759601527
157.15157578789393	0.16160772461324896	0.2897647948450259
157.2846423211606	0.1617665086786671	0.2892380391153553
157.41770885442722	0.16184125324966514	0.2887136640422657
157.55077538769385	0.1617989193942071	0.28843210771874467
157.68384192096048	0.1622536371284753	0.288179870957875
157.8169084542271	0.1625156274497332	0.28812350965625466
157.94997498749373	0.16214235631801316	0.2883634760003886
158.0830415207604	0.1621909839865443	0.2885215804427631
158.21610805402702	0.16204683018052743	0.2894161067400604
158.34917458729365	0.1615218696383118	0.29034465441014334
158.48224112056027	0.1617178987974077	0.2903950979565421
158.6153076538269	0.16149696681961606	0.29019317963529734
158.74837418709353	0.16151236194315793	0.28999553458983857
158.8814407203602	0.16152302277084402	0.2900774024656684
159.01450725362682	0.16104234075507465	0.2901575024746329
159.14757378689345	0.16084843613380517	0.28958182480678335
159.28064032016007	0.1606365992494183	0.2889106737929565
159.4137068534267	0.1600920549316344	0.2889764262772638
159.54677338669333	0.16044125891879005	0.28906861130646433
159.67983991996	0.16062930254388377	0.2892043554980583
159.81290645322662	0.1609342547147537	0.28950875906343915
159.94597298649325	0.16112894318354096	0.2896296398050769
160.07903951975987	0.16134911121172418	0.29014737143701336
160.2121060530265	0.16125957167499463	0.2896432290266979
160.34517258629313	0.1609724973564461	0.28961279850250493
160.4782391195598	0.16112545645421275	0.2903438417367133
160.61130565282642	0.16096144085662864	0.2901061902940133
160.74437218609305	0.16082607187431558	0.2897645657341412
160.87743871935967	0.16132816644084835	0.2899365890820777
161.0105052526263	0.1618755223206582	0.2901179862898896
161.14357178589293	0.1619331282787398	0.2904745055725333
161.2766383191596	0.1622549485868251	0.2905088704076306
161.40970485242622	0.16271786691295917	0.2904792310788854
161.54277138569284	0.16291133374956232	0.29061747278189276
161.67583791895947	0.16292627699408108	0.28991918703242164
161.8089044522261	0.16248738825424888	0.2893111782962111
161.94197098549273	0.1625206671913488	0.2886534186031178
162.0750375187594	0.1624954315819408	0.28817886661388264
162.20810405202602	0.16282084327189955	0.28847774966702133
162.34117058529264	0.16296376228248863	0.28871686112186407
162.47423711855927	0.16342433615574214	0.2892215951577347
162.6073036518259	0.16325459999612824	0.2891892053309004
162.74037018509253	0.16342026820280442	0.28906086344297344
162.8734367183592	0.16393264686185166	0.2891265389389607
163.00650325162582	0.16389415554498618	0.2893948757613937
163.13956978489244	0.16412562889411525	0.28912194070800434
163.27263631815907	0.16382750711621058	0.2890188876563019
163.4057028514257	0.16342429031152214	0.29002214439785634
163.53876938469233	0.16351701110184552	0.2903164344934018
163.671835917959	0.16346238038742256	0.2892930646487226
163.80490245122562	0.16322523992886578	0.2887658916840714
163.93796898449224	0.16325392747031187	0.2891561521018307
164.07103551775887	0.16338354007659553	0.28981724921537766
164.2041020510255	0.16327830352471362	0.28931130903126695
164.33716858429213	0.16358080215218065	0.2890704991142308
164.4702351175588	0.1640103757337301	0.28906995913065353
164.60330165082541	0.16450828575981344	0.28820379017048575
164.73636818409204	0.16436205451528413	0.288356548523981
164.86943471735867	0.16371767937661377	0.2883614413421209
165.0025012506253	0.16316020701867065	0.2881338003976233
165.13556778389193	0.1631252361550352	0.2881501808436097
165.2686343171586	0.16297851439830183	0.2881504715123513
165.40170085042521	0.1634687619974449	0.28805699602790685
165.53476738369184	0.1639959817165842	0.28786392627265656
165.66783391695847	0.1644134912295522	0.2878768644650294
165.8009004502251	0.16396111849570663	0.28784155966035785
165.93396698349173	0.1631749611643698	0.28824964397170955
166.06703351675839	0.16314555598249483	0.2880451758323049
166.20010005002501	0.16306532161849543	0.2877556426578906
166.33316658329164	0.16295712771079968	0.28793594198949374
166.46623311655827	0.16302037749718581	0.28854153431656593
166.5992996498249	0.16352612477027842	0.2891964010553764
166.73236618309153	0.1634700914968459	0.28946666002387056
166.86543271635819	0.1632978668749122	0.2887251261657454
166.9984992496248	0.1630052865608384	0.2890578931633826
167.13156578289144	0.1624001295862722	0.2886860205052256
167.26463231615807	0.16211059546852855	0.28896106164019764
167.3976988494247	0.16238393026513442	0.2894736218686092
167.53076538269133	0.16260111071560968	0.2893938591565743
167.66383191595799	0.16236010297712564	0.2893358925029856
167.7968984492246	0.16240602196174134	0.2891344522978841
167.92996498249124	0.16235431284263233	0.2889902267920835
168.06303151575787	0.16219363775866452	0.28984154185810257
168.1960980490245	0.16233866279807135	0.2900948973408446
168.32916458229113	0.16267948773449417	0.2894023638436292
168.46223111555778	0.16245048253406516	0.28958668415138256
168.5952976488244	0.16220620717893838	0.28958867063227317
168.72836418209104	0.16251808675746496	0.28946116174163167
168.86143071535767	0.16260495069472564	0.2900690780063968
168.9944972486243	0.16276657228920424	0.290652582512672
169.12756378189093	0.16243197501462237	0.29052491331242497
169.26063031515758	0.1622323450343324	0.2898933307140409
169.3936968484242	0.16277740474819236	0.2894665022997136
169.52676338169084	0.16281891563464188	0.28952827059110703
169.65982991495747	0.16312588162972336	0.2900499862658659
169.7928964482241	0.16306227360177164	0.2900139039665712
169.92596298149073	0.16276525310462983	0.2896769410022601
170.05902951475738	0.16312008033617503	0.28939800130091065
170.192096048024	0.16329621142913192	0.2893864660497011
170.32516258129064	0.16329032957160217	0.29009602711870036
170.45822911455727	0.16320924622012972	0.2902928561184358
170.5912956478239	0.1636747912255757	0.28954753138755246
170.72436218109056	0.16347982591657176	0.2893636994251582
170.85742871435718	0.16338349026511326	0.28939793871061725
170.9904952476238	0.1634123084664413	0.28909809811093057
171.12356178089044	0.1632766926074273	0.2891221586468052
171.25662831415707	0.1637993319281037	0.2894979543643072
171.3896948474237	0.1636033716870554	0.28881450383841295
171.52276138069035	0.1638486408812219	0.28835370404030913
171.65582791395698	0.16403542978469585	0.28842958664132584
171.7888944472236	0.16445263742516816	0.28902388202860746
171.92196098049024	0.16439834348374202	0.2887489631137517
172.05502751375687	0.16429414359932706	0.2880300976805944
172.1880940470235	0.16410860397006266	0.2877881027517555
172.32116058029015	0.16397933894491126	0.2882704248193259
172.45422711355678	0.16410729130245277	0.2882616202683756
172.5872936468234	0.16433462309303667	0.2882990120407747
172.72036018009004	0.16452352830572484	0.2892840820462862
172.85342671335667	0.16431443852491048	0.2898630926086189
172.9864932466233	0.16436610480469213	0.28988574800701433
173.11955977988995	0.16476886192454465	0.29015034896089165
173.25262631315658	0.1654037620490371	0.2897873187117605
173.3856928464232	0.1656542545031568	0.2901121602874101
173.51875937968984	0.16558551670260754	0.2904254120329649
173.65182591295647	0.16548695059214297	0.2902690950921106
173.7848924462231	0.16552360452707798	0.2906269270358201
173.91795897948975	0.16562206818923553	0.28997596968676037
174.05102551275638	0.1661540574786038	0.29054784904264225
174.184092046023	0.16625256769537275	0.29011834371177475
174.31715857928964	0.16611348674411452	0.28959078553252166
174.45022511255627	0.16628720836292393	0.28997662137201924
174.5832916458229	0.1662162549023761	0.29024250973049526
174.71635817908955	0.16623029841570772	0.2899962534186309
174.84942471235618	0.1659319969415733	0.2902414165772101
174.9824912456228	0.16613429370401142	0.29065288398492184
175.11555777888944	0.16618570447986336	0.29038653539166287
175.24862431215607	0.16600766955377225	0.2899083785096368
175.3816908454227	0.16557736202912926	0.28979433522232206
175.51475737868935	0.16603547639028207	0.2900985285611035
175.64782391195598	0.16578595570104804	0.2908823653120643
175.7808904452226	0.16588757721755604	0.29094963974588456
175.91395697848924	0.1663596005045456	0.2911225475312732
176.04702351175587	0.16647734707419642	0.29111924123748073
176.1800900450225	0.16641047512317494	0.2909197110212398
176.31315657828915	0.16617912394605497	0.2910807505237672
176.44622311155578	0.16618216779216632	0.29141836454318704
176.5792896448224	0.1664315890929851	0.29175065593222704
176.71235617808904	0.1657974151255074	0.2918487717758365
176.84542271135567	0.16569462376405025	0.29132656440977595
176.9784892446223	0.1657927560982978	0.29154836253030003
177.11155577788895	0.16513462391331857	0.292110434793432
177.24462231115558	0.16493432572353606	0.29168497621705647
177.3776888444222	0.16464328416488777	0.2908893455427707
177.51075537768884	0.1646265826641621	0.2913117036928197
177.64382191095547	0.16453191242889198	0.29170586448240243
177.7768884442221	0.16432842811601223	0.2919237673878331
177.90995497748875	0.16422357273808744	0.2915361941311915
178.04302151075538	0.16437346122320598	0.2916291548894596
178.176088044022	0.16436176944981426	0.2919602026099909
178.30915457728864	0.16401168528096136	0.2920809880336888
178.44222111055527	0.16437817884758613	0.29134828365397164
178.5752876438219	0.1648991355265522	0.29182915549250316
178.70835417708855	0.16509450481917437	0.2923252687255459
178.84142071035518	0.16503320555878767	0.29182015156261837
178.9744872436218	0.16567993874403927	0.2910922451964813
179.10755377688844	0.1663400229576005	0.2910455476220166
179.24062031015507	0.16666465676614325	0.2911193837236905
179.3736868434217	0.166990643377048	0.2913609528440696
179.50675337668835	0.16700818010982715	0.2913752069157004
179.63981990995498	0.1669960915555454	0.2907276568670391
179.7728864432216	0.16717595872814137	0.29079470397027896
179.90595297648824	0.16724041805249634	0.29080231461575856
180.03901950975487	0.16739413298878358	0.29073227463264806
180.1720860430215	0.16725312367623152	0.2911297046371338
180.30515257628815	0.16671731066722645	0.2910646264123086
180.43821910955478	0.1669507110985697	0.2906262210102453
180.5712856428214	0.16704781730402482	0.290367632672807
180.70435217608804	0.16681607899813006	0.2900529593049509
180.83741870935467	0.16691501652977234	0.29047930182494947
180.9704852426213	0.1675029523477897	0.2900866207378796
181.10355177588795	0.16733637090659195	0.2904990223263423
181.23661830915458	0.16698934277560418	0.2910980050972196
181.3696848424212	0.1672020976601914	0.2909064135846345
181.50275137568784	0.16700711092269208	0.29058247517844527
181.63581790895446	0.16719994733205304	0.29003387680607207
181.7688844422211	0.16748373053091553	0.2900712496448575
181.90195097548775	0.1673515690211496	0.2897225855397188
182.03501750875438	0.16736228195738861	0.2898313532298299
182.168084042021	0.1667446861384703	0.2898809463172807
182.30115057528764	0.16719334816170986	0.2900420504509346
182.43421710855426	0.1670448440227081	0.2899351696454289
182.5672836418209	0.16700993673032385	0.2898057413742763
182.70035017508755	0.1673351755963219	0.290109082841998
182.83341670835418	0.16677789662635006	0.2899998032790391
182.9664832416208	0.16720838159532794	0.29044724814663125
183.09954977488744	0.16739928877776736	0.2908007941453216
183.23261630815406	0.16677850541825276	0.2910089801672717
183.3656828414207	0.16646374851459037	0.29109044695292846
183.49874937468735	0.1664606279951208	0.2913532982877167
183.63181590795398	0.16673460839058804	0.291581512429066
183.7648824412206	0.16703290832972775	0.2911494807892241
183.89794897448724	0.16731850424081662	0.29096369784426923
184.03101550775386	0.1677162813110499	0.29111613922121676
184.1640820410205	0.16746306992457793	0.2914324707276679
184.29714857428715	0.16778421672764418	0.2918452140703895
184.43021510755378	0.16793887082098125	0.29093460272658184
184.5632816408204	0.1676587927833325	0.2911079701941864
184.69634817408703	0.16771829255383963	0.291077666906543
184.82941470735366	0.16735828949886605	0.2908110190525853
184.9624812406203	0.16756946035170137	0.2900809211389108
185.09554777388695	0.16788252231418652	0.29011846413995285
185.22861430715358	0.16820493183900534	0.2906689549235115
185.3616808404202	0.16772433421993838	0.2912708650015046
185.49474737368683	0.16760430027141326	0.2911913693869256
185.62781390695346	0.1673998903718676	0.29123061549081053
185.7608804402201	0.16702819384528864	0.2911218097863235
185.89394697348675	0.16726396867942608	0.29096690927201185
186.02701350675338	0.1669893169750885	0.2911789869593754
186.16008004002	0.16705191782120926	0.291061987061789
186.29314657328663	0.16748391769013113	0.2909652607776285
186.42621310655326	0.1678946324291635	0.2912449781807522
186.5592796398199	0.16834467199451394	0.29089541443371664
186.69234617308655	0.16815428210710895	0.29035933334307157
186.82541270635318	0.1683425144259615	0.2912114819857495
186.9584792396198	0.16831439330332157	0.29115044765629755
187.09154577288643	0.16773101614240563	0.2907489627250751
187.22461230615306	0.16792017157749026	0.29041823666642624
187.3576788394197	0.16826890891583712	0.2900751030552701
187.49074537268635	0.16786936226670482	0.29058887776470227
187.62381190595298	0.168057065797703	0.29102392120252596
187.7568784392196	0.16847490110107893	0.2902926053617159
187.88994497248623	0.16914263389548778	0.29011460740832795
188.02301150575286	0.16944956860346086	0.28967270122473526
188.15607803901952	0.16941323903569497	0.2896649957647923
188.28914457228615	0.16945856574160578	0.28912386805506474
188.42221110555278	0.16968093760898278	0.28876404363156805
188.5552776388194	0.16880024036090985	0.2884561630333034
188.68834417208603	0.1690831602553058	0.28867703160865016
188.82141070535266	0.168715815695584	0.2885107274614906
188.95447723861932	0.1684522170267281	0.28826153265291554
189.08754377188595	0.1682871778440165	0.28850360074303927
189.22061030515258	0.1681325549144062	0.28833434330082375
189.3536768384192	0.16793093772865805	0.28835120002877385
189.48674337168583	0.16793633871161273	0.2889389080891277
189.61980990495246	0.16785150217750344	0.28939319598577445
189.75287643821912	0.16782419113622116	0.28889506006591503
189.88594297148575	0.16742159258241993	0.28911240943427013
190.01900950475238	0.16732543240384173	0.28967510870177804
190.152076038019	0.16741985794753175	0.289732743785226
190.28514257128563	0.16739651256697252	0.2891692678200223
190.41820910455226	0.167151506329817	0.2898676658684173
190.55127563781892	0.16701965215132586	0.29015813546450203
190.68434217108555	0.16657177679869123	0.2904672328528599
190.81740870435218	0.1660703416233607	0.29074955390094215
190.9504752376188	0.1657055079052911	0.2911472855791322
191.08354177088543	0.16577441929957434	0.2914447549819383
191.21660830415206	0.1657415666141831	0.29057083176778414
191.34967483741872	0.16618351146914215	0.2906012852587721
191.48274137068535	0.16628434511529896	0.2916848339243812
191.61580790395197	0.16620593441276096	0.29145058907973226
191.7488744372186	0.16656956274837545	0.29147987126011016
191.88194097048523	0.1668358547637845	0.2914075281814536
192.01500750375186	0.16654250351131866	0.2909174873327038
192.14807403701852	0.16675260664917566	0.29036929771066
192.28114057028515	0.16657672849085808	0.2904426920482707
192.41420710355177	0.1669795483765858	0.29070924656206376
192.5472736368184	0.1671058113601794	0.2907730932789357
192.68034017008503	0.16705610170806964	0.2907342192404367
192.81340670335166	0.16739367117505377	0.2910429248133589
192.94647323661832	0.16717981655019562	0.29168232981646447
193.07953976988495	0.16706483225488866	0.2920206114831308
193.21260630315157	0.16697894518249745	0.2920276063660367
193.3456728364182	0.16724834059644136	0.29157833100917274
193.47873936968483	0.16688895778537716	0.2921708513596329
193.61180590295146	0.16681782114984692	0.29221100606082406
193.74487243621812	0.1673505572581962	0.2914130462460956
193.87793896948475	0.16715687770302634	0.29101866289583483
194.01100550275137	0.16727646240094313	0.2903244002458472
194.144072036018	0.16758870812831236	0.28989989067463545
194.27713856928463	0.16755576027833488	0.28904599325633296
194.41020510255126	0.1680705547971804	0.28945610502892566
194.54327163581792	0.16797728623727748	0.28937053223668885
194.67633816908454	0.16779184408861378	0.28943192611384744
194.80940470235117	0.1679659417444507	0.28873892715469174
194.9424712356178	0.16724370655375556	0.2892940485104774
195.07553776888443	0.16709715214791543	0.2897822447248519
195.20860430215106	0.16695560484654326	0.29041489412464133
195.34167083541772	0.16702171878998714	0.2906407638228953
195.47473736868434	0.1667643924156563	0.2906715310281712
195.60780390195097	0.16713186749809517	0.2908099832066077
195.7408704352176	0.1665262594987199	0.28936686390059535
195.87393696848423	0.16651391371618582	0.28895390466174603
196.00700350175086	0.16698593094174635	0.2890144731530303
196.14007003501752	0.16666289980666185	0.289250548490349
196.27313656828414	0.16654371858296232	0.2895550994246771
196.40620310155077	0.16697919731304736	0.2903472887882768
196.5392696348174	0.167565366270657	0.2902126071456256
196.67233616808403	0.16800567544103506	0.2897450479645556
196.80540270135066	0.16792995917695613	0.2900817804175515
196.93846923461732	0.1679874247974532	0.2898203353844586
197.07153576788394	0.16891457015289033	0.28988903175618325
197.20460230115057	0.16941272130527632	0.2893524381689537
197.3376688344172	0.16950508506306758	0.2891642796071525
197.47073536768383	0.16947854556929576	0.2901555450555098
197.60380190095046	0.16899170822338253	0.2904648557538508
197.73686843421712	0.1691212985192654	0.29061091498658415
197.86993496748374	0.16913026240035928	0.2907148601613875
198.00300150075037	0.16920600004705447	0.2904237276789091
198.136068034017	0.16931458085351014	0.2898180744457631
198.26913456728363	0.16921574172359574	0.2888423580962846
198.40220110055026	0.16918446467412557	0.28861094449563096
198.53526763381691	0.1691793507780887	0.2879859748164786
198.66833416708354	0.16905778875553812	0.2878338141036061
198.80140070035017	0.16966999959992998	0.28733134669417143
198.9344672336168	0.16977956119221427	0.2876245118375202
199.06753376688343	0.16969967513544823	0.2873194836506854
199.20060030015006	0.1695693261026087	0.2879460492793821
199.33366683341671	0.16901894337450984	0.28833019825925393
199.46673336668334	0.16918708164155138	0.2888133883749821
199.59979989994997	0.1697567690619676	0.2890026875096157
199.7328664332166	0.16971699877610613	0.28867623492665256
199.86593296648323	0.16985026457601438	0.28795553715468797
199.99899949974986	0.16952767384567854	0.287784593207801
200.1320660330165	0.16922756523430174	0.2881694433880894
200.26513256628314	0.16987251559793884	0.2883524708133514
200.39819909954977	0.1703122407066608	0.2890431955791995
200.5312656328164	0.17043865263749924	0.2887370949381906
200.66433216608303	0.17065827357321994	0.28854555376968694
200.79739869934966	0.1711671232985141	0.2884301939881803
200.9304652326163	0.17106195930834855	0.28883715936227894
201.06353176588294	0.1709411818172859	0.2883885380493707
201.19659829914957	0.17100899543896822	0.2887757236868123
201.3296648324162	0.17078955123796905	0.2893617655534319
201.46273136568283	0.1707707404936851	0.2895030648801363
201.59579789894946	0.17091473752861489	0.2895838453772563
201.7288644322161	0.17097774601503513	0.28951900551748144
201.86193096548274	0.170863270340382	0.28914831814485104
201.99499749874937	0.1709891702890874	0.2887795589566445
202.128064032016	0.17137820917770227	0.2889284716337226
202.26113056528263	0.17162314652920477	0.2885715251432982
202.39419709854926	0.17237985884245793	0.28829714832194225
202.5272636318159	0.1728230809641629	0.28755907371900385
202.66033016508254	0.17316785656028025	0.28723072429624324
202.79339669834917	0.17290837794936548	0.2866209590130266
202.9264632316158	0.17336594545583872	0.28668798910234444
203.05952976488243	0.17390636159615133	0.28715879843960956
203.19259629814906	0.17403156576897733	0.2870759070176959
203.3256628314157	0.17421175189648505	0.2868253553540308
203.45872936468234	0.17407982856712792	0.2871036681727257
203.59179589794897	0.17420777666137932	0.2868626137158072
203.7248624312156	0.17401163064675046	0.28677960199473557
203.85792896448223	0.17409581013397732	0.2869620832804443
203.99099549774886	0.17371335568358381	0.2873007573851867
204.1240620310155	0.17365137427522026	0.2876358828987825
204.25712856428214	0.17349909823823237	0.2874105634089288
204.39019509754877	0.17351251498984308	0.2873141068639375
204.5232616308154	0.17425090910678048	0.2880250399324285
204.65632816408203	0.1738611214623866	0.2880807402512277
204.78939469734868	0.17404488767527657	0.28768722732971
204.9224612306153	0.17463550861601188	0.28685997678555325
205.05552776388194	0.17447166992524432	0.2871187063213051
205.18859429714857	0.1745302504685702	0.28714959296580467
205.3216608304152	0.1736790054685543	0.2873309391074463
205.45472736368183	0.17310584420621775	0.2870818254822355
205.58779389694848	0.1731119367503221	0.2871391354397465
205.7208604302151	0.17321524299989827	0.288447149200127
205.85392696348174	0.17311956787187524	0.28865152064355143
205.98699349674837	0.17260022146073517	0.2889833417403791
206.120060030015	0.1715870783202235	0.2888218629514024
206.25312656328163	0.17103841760342792	0.28940657052508334
206.38619309654828	0.1711928510332466	0.288952982586548
206.5192596298149	0.17135550103604538	0.28876776161335843
206.65232616308154	0.1712938120400086	0.28873121109609706
206.78539269634817	0.1709366488224192	0.2892211845733374
206.9184592296148	0.1711262528875454	0.2893278068521026
207.05152576288143	0.1705710266897198	0.29066798189633336
207.18459229614808	0.1700334463674028	0.2902059668024411
207.3176588294147	0.16995011901112178	0.2893047428979182
207.45072536268134	0.17026148272319938	0.28945884202451583
207.58379189594797	0.17033795729532775	0.28907377800095996
207.7168584292146	0.17022556257338875	0.28900548203599014
207.84992496248123	0.16971742077156587	0.28825364871925413
207.98299149574788	0.17007150614168795	0.2877588138008123
208.1160580290145	0.17065706147107307	0.2874689478586567
208.24912456228114	0.17094828793559383	0.28752372220418265
208.38219109554777	0.17091130229385262	0.2871795522012893
208.5152576288144	0.17112548967560787	0.2871636238131401
208.64832416208102	0.17129093086918373	0.2872028772457016
208.78139069534768	0.17145511694407353	0.2872882062580089
208.9144572286143	0.17142946960304561	0.28771554234633445
209.04752376188094	0.17156085083636116	0.2880674553815465
209.18059029514757	0.17167172133458086	0.28801469941667573
209.3136568284142	0.17146505734400597	0.28830996673079257
209.44672336168082	0.17152537197942763	0.2889589596182645
209.57978989494748	0.17222147097714027	0.2881014590134701
209.7128564282141	0.1727371196314718	0.287908458643194
209.84592296148074	0.17256706792161006	0.2869405369853109
209.97898949474737	0.17214841172196893	0.2868681162030417
210.112056028014	0.1723771024496629	0.2872677210655979
210.24512256128062	0.17210463427955833	0.28811855158117355
210.37818909454728	0.17183541414470468	0.2893370561282237
210.5112556278139	0.17176354107177	0.2886296905135496
210.64432216108054	0.17135543460452027	0.287951739425018
210.77738869434717	0.17195722798020838	0.2884204581647183
210.9104552276138	0.17127799619688938	0.2879128714640782
211.04352176088042	0.17180296799403164	0.28790250724309496
211.17658829414708	0.17184838795858864	0.28799482941899573
211.3096548274137	0.17183342734184065	0.2875459046320665
211.44272136068034	0.17162334799516935	0.2874702996710367
211.57578789394697	0.17093081269301008	0.28700941995647605
211.7088544272136	0.17101320194975367	0.28774063555957174
211.84192096048022	0.17144341156587087	0.2878209616196333
211.97498749374688	0.17115371314750363	0.2883619082532217
212.1080540270135	0.17100791414620883	0.28898628397584575
212.24112056028014	0.17103950570519547	0.2885158171154697
212.37418709354677	0.17048124472705867	0.28855596471128064
212.5072536268134	0.17114423997654465	0.28827436928272876
212.64032016008002	0.17129727057954186	0.2881128805621099
212.77338669334668	0.17133421657381268	0.28789644173258727
212.9064532266133	0.17189667596784872	0.287093020022566
213.03951975987994	0.17169034978632924	0.28674347042421494
213.17258629314657	0.17180737293990408	0.2866810751154861
213.3056528264132	0.17130739111851492	0.28664688176976516
213.43871935967982	0.17076159238472238	0.28674329599755594
213.57178589294648	0.17139732581806275	0.28617751823575227
213.7048524262131	0.1709589581484876	0.2863596301773793
213.83791895947974	0.1710155150148401	0.2864256008351839
213.97098549274637	0.17111582668006067	0.28689488494528703
214.104052026013	0.17048754840476676	0.2865361954711368
214.23711855927962	0.17046097777803015	0.28758613631162794
214.37018509254628	0.17009141944929432	0.28724972269084265
214.5032516258129	0.1699259212028207	0.2873411009477264
214.63631815907954	0.16968004815277543	0.2870739021274635
214.76938469234616	0.17005548243659324	0.28636065498284086
214.9024512256128	0.1703735064321894	0.2872569603553494
215.03551775887942	0.16997631866533386	0.2884091097738006
215.16858429214608	0.16976843209959583	0.2888550141665722
215.3016508254127	0.16941189357170608	0.28862590157911683
215.43471735867934	0.1696139179651836	0.28806190150933964
215.56778389194596	0.16933623749588925	0.28766762868953
215.7008504252126	0.16913111571671127	0.28694499345181773
215.83391695847922	0.16888752926069475	0.28734423626276306
215.96698349174588	0.16892760840831025	0.2869752354760701
216.1000500250125	0.16905153768551556	0.2868045642378388
216.23311655827914	0.1699067353625377	0.2868020106922751
216.36618309154576	0.17022232334387577	0.286785794924187
216.4992496248124	0.17003624518095392	0.2862770387474303
216.63231615807902	0.17042237767151186	0.2863122533509991
216.76538269134568	0.17063120887485356	0.28704607631098605
216.8984492246123	0.17101526541221304	0.2872946646621309
217.03151575787894	0.17087980009447454	0.2872728976411679
217.16458229114556	0.1708823503164423	0.2874060939282836
217.2976488244122	0.1714566989658556	0.28745141646006944
217.43071535767882	0.17136516996871312	0.2880668041190875
217.56378189094548	0.17104587412725797	0.28846018340713264
217.6968484242121	0.17069113971869498	0.2880906781010972
217.82991495747874	0.170678285344548	0.2879687403138614
217.96298149074536	0.1706629017963305	0.28843562641529674
218.096048024012	0.17026120604076198	0.28903612117342825
218.22911455727862	0.17036149259111363	0.2894631907437144
218.36218109054528	0.16979554888805037	0.29004266953766417
218.4952476238119	0.16926432615737977	0.2905994246834848
218.62831415707853	0.16915161419781827	0.29029604109075174
218.76138069034516	0.16984510071579864	0.2904632312488592
218.8944472236118	0.17038274714961935	0.2905341523106589
219.02751375687842	0.17032416807303408	0.29041206115727813
219.16058029014508	0.1700202826849965	0.2909208295177422
219.2936468234117	0.16982123603377675	0.2896459154110767
219.42671335667833	0.17008759004349738	0.28984026152393416
219.55977988994496	0.17024447217986374	0.2897845895608283
219.6928464232116	0.17007367615026758	0.2894534104056914
219.82591295647822	0.16990427627989843	0.2891307768654015
219.95897948974488	0.1699000008473685	0.2886094935287809
220.0920460230115	0.16930227805378117	0.28920174115983627
220.22511255627813	0.1685049586076237	0.2894132438370736
220.35817908954476	0.1683932067748054	0.28903489537658167
220.4912456228114	0.16782658519681937	0.28988495480466275
220.62431215607802	0.1677767030727998	0.29000028543825984
220.75737868934468	0.16754007382743855	0.29030531849743163
220.8904452226113	0.16787308020019864	0.2905980811129316
221.02351175587793	0.16816173532780512	0.2904764737142136
221.15657828914456	0.1686516781361875	0.2896624457056003
221.2896448224112	0.16883421600856877	0.2888784351109318
221.42271135567785	0.1687210097557358	0.2885779026796234
221.55577788894448	0.16918479023216665	0.2887322929824833
221.6888444222111	0.16955003877338606	0.289230877241667
221.82191095547773	0.16955495422509673	0.28861292007873407
221.95497748874436	0.16948786301862856	0.28895144526015365
222.088044022011	0.1692095813385258	0.289265730629812
222.22111055527765	0.16893581934983584	0.2893812548457023
222.35417708854428	0.1677959761696537	0.28934150970944655
222.4872436218109	0.16726020816130194	0.28929004044725276
222.62031015507753	0.167453409894001	0.2893860858303317
222.75337668834416	0.16779228780450572	0.2890276952761919
222.8864432216108	0.16804485351355355	0.28857299976351414
223.01950975487745	0.16830898136651912	0.28799043590781304
223.15257628814408	0.16846981233225064	0.2881844924002519
223.2856428214107	0.168298013186201	0.2883997028561358
223.41870935467733	0.16845777108694648	0.28759385312850627
223.55177588794396	0.16899866019067938	0.2876096193179781
223.6848424212106	0.16957601703210998	0.28726427288889705
223.81790895447725	0.16943686576602354	0.28713284058003224
223.95097548774388	0.1691309979503333	0.2870995832412184
224.0840420210105	0.1696226754828343	0.2876037771239326
224.21710855427713	0.17032786355641472	0.2880830557603845
224.35017508754376	0.1706592826006182	0.2880730898088065
224.4832416208104	0.17075706157947415	0.28830821466775747
224.61630815407705	0.1712244621300615	0.2882073046297462
224.74937468734367	0.17093389762423467	0.28832799285598504
224.8824412206103	0.17049692208816725	0.28831699266811495
225.01550775387693	0.1697466984996112	0.288291549308416
225.14857428714356	0.16926707663737478	0.28822502219755985
225.2816408204102	0.16930538967590067	0.28855321956519137
225.41470735367685	0.1700936174470664	0.2890517851522037
225.54777388694347	0.16998888924272915	0.2888875162977241
225.6808404202101	0.16979872943554325	0.2885825236393029
225.81390695347673	0.17010373401869114	0.2893125816510131
225.94697348674336	0.16943510798087055	0.28887550619164387
226.08004002001	0.1693133908451246	0.2895787595292459
226.21310655327665	0.16886834451612198	0.28937366151150734
226.34617308654327	0.16842215935713065	0.28862569553600437
226.4792396198099	0.16862782657999079	0.2891096835319665
226.61230615307653	0.16855155102179342	0.28937086609673157
226.74537268634316	0.16812305991810542	0.2901704557527569
226.8784392196098	0.16892248848132188	0.29045340911968737
227.01150575287645	0.16932939561467683	0.2905263712815232
227.14457228614307	0.16901274861601784	0.2906877271832861
227.2776388194097	0.16910525958325529	0.2912348793424854
227.41070535267633	0.16875699102310193	0.2916397202132313
227.54377188594296	0.1684628775812817	0.29183327092657313
227.6768384192096	0.1687813147997743	0.29213848571697937
227.80990495247624	0.16843028896129145	0.2920985948712195
227.94297148574287	0.16810167477613924	0.29205334965776786
228.0760380190095	0.16824783941255259	0.29114659433696155
228.20910455227613	0.16813207875370786	0.2907988568227263
228.34217108554276	0.16931429555301772	0.29062763312135387
228.4752376188094	0.16910956462881566	0.29050967706764136
228.60830415207604	0.16955657840521035	0.2898239881221249
228.74137068534267	0.16931604450455626	0.2894857800541691
228.8744372186093	0.1689362577098342	0.2899818827999326
229.00750375187593	0.1686533906699308	0.28971051117201285
229.14057028514256	0.1682705454714054	0.28960743784482895
229.2736368184092	0.16873330796200192	0.28952946011878566
229.40670335167584	0.1685226862866546	0.2890494837625055
229.53976988494247	0.16856425679417394	0.28754612497093973
229.6728364182091	0.16872043095424133	0.2877668804721022
229.80590295147573	0.16903290852128536	0.28755108614860714
229.93896948474236	0.1693336737715018	0.28755829855008175
230.072036018009	0.16966801696725486	0.2872960124897153
230.20510255127564	0.17031883273257284	0.2876233854612627
230.33816908454227	0.1701888186257327	0.28781652033644295
230.4712356178089	0.16986492860387892	0.28738046113175797
230.60430215107553	0.17053663145978132	0.28632794533011097
230.73736868434216	0.17050178590625253	0.28585575084925025
230.8704352176088	0.17005598550685994	0.28649764133095423
231.00350175087544	0.1704406899834194	0.28650062742349997
231.13656828414207	0.17066406455904856	0.2852449996298049
231.2696348174087	0.17109160175301324	0.28534095396911185
231.40270135067533	0.17124846388162368	0.2861054878775609
231.53576788394196	0.17129176210834626	0.28610292842157986
231.6688344172086	0.17125087569262964	0.28591781174955005
231.80190095047524	0.17102883233436553	0.2859153236896489
231.93496748374187	0.17093878025399528	0.2855964911029084
232.0680340170085	0.1707553985308612	0.28590967367976045
232.20110055027513	0.17106664539245198	0.28664909697325763
232.33416708354176	0.1710385638910173	0.28679231419582196
232.4672336168084	0.17108178771320534	0.2867055252672856
232.60030015007504	0.17080950854308158	0.28671604194213735
232.73336668334167	0.17052731204773883	0.2860339851594466
232.8664332166083	0.17034513480286148	0.2861509472921869
232.99949974987493	0.17044651395680252	0.2863038826871862
233.13256628314156	0.17040695739950318	0.28568500409911013
233.26563281640819	0.17061064642424645	0.2849818106151754
233.39869934967484	0.17101111227980226	0.28500507656680835
233.53176588294147	0.1714658913952155	0.2853217859717748
233.6648324162081	0.1711004397214484	0.28485201296442353
233.79789894947473	0.17072329941602019	0.28434906508109703
233.93096548274136	0.1708970627360327	0.2848833391796655
234.06403201600799	0.17098489234182132	0.2848248273136096
234.19709854927464	0.17132701167911896	0.284227850260467
234.33016508254127	0.1713991822696597	0.2839175248101549
234.4632316158079	0.17116831940574367	0.28413182817901605
234.59629814907453	0.17078161846045747	0.28424467385269975
234.72936468234116	0.17117499226072214	0.2839198938055039
234.86243121560778	0.17106955557138556	0.2835855508818684
234.99549774887444	0.17108879964960036	0.28485790638026354
235.12856428214107	0.17071497046505765	0.2850853761754671
235.2616308154077	0.17061092425284002	0.2848824276581999
235.39469734867433	0.1704965316890186	0.28486603566277685
235.52776388194096	0.17027481381481535	0.2848126925878051
235.66083041520758	0.1699823929408315	0.2840843079863337
235.79389694847424	0.1706301420309302	0.28394170922128004
235.92696348174087	0.17046599897337947	0.284851845352507
236.0600300150075	0.17055477156109103	0.28519198113902555
236.19309654827413	0.17112940999064458	0.2854442931222774
236.32616308154076	0.17134019064477068	0.2858716942354848
236.45922961480738	0.17098514759917993	0.28576244163316195
236.59229614807404	0.1710778711075265	0.2855839175562481
236.72536268134067	0.171053708856804	0.2854686683953296
236.8584292146073	0.17085213891851625	0.2861916246380041
236.99149574787393	0.170989371623184	0.28576591970123044
237.12456228114056	0.17070403692162583	0.28541576346355135
237.25762881440718	0.1707315880946035	0.2854985296582771
237.39069534767384	0.1710705572695173	0.2864119803114982
237.52376188094047	0.17106649682581987	0.2868370485205072
237.6568284142071	0.1703797304337812	0.28607783489789523
237.78989494747373	0.1692795685970308	0.28556263985883973
237.92296148074036	0.1700460029821994	0.28434348239832646
238.05602801400698	0.17086567098764574	0.28425305196104816
238.18909454727364	0.17157061523502837	0.28463738003903843
238.32216108054027	0.17143279636289396	0.28479441688729884
238.4552276138069	0.1710452554063489	0.28433417886027257
238.58829414707353	0.1713128019491184	0.2848626110552895
238.72136068034015	0.17235795428597422	0.2842122682686116
238.8544272136068	0.17213230734198293	0.284019282488472
238.98749374687344	0.17244370307926052	0.28371774285719353
239.12056028014007	0.17234160160933504	0.2837803938942362
239.2536268134067	0.17261171238711023	0.28365464632111714
239.38669334667333	0.17267960128409057	0.2835205103112452
239.51975987993995	0.17221060242695488	0.283782716417624
239.6528264132066	0.17224955654046012	0.28472674813723275
239.78589294647324	0.1723280393376793	0.28516075328552215
239.91895947973987	0.17212047402280298	0.28521071651165253
240.0520260130065	0.17212805730633454	0.28450099376627125
240.18509254627313	0.1714826032643797	0.2851601223439663
240.31815907953975	0.17160646553946324	0.28466483384086677
240.4512256128064	0.17114693713355789	0.2834795029426793
240.58429214607304	0.171020509221148	0.2838155643729233
240.71735867933967	0.17151931108047136	0.2846117196693143
240.8504252126063	0.1716688806764073	0.2850726757969103
240.98349174587293	0.1713091831964692	0.28525875673795015
241.11655827913955	0.17104646804781948	0.285606099378374
241.2496248124062	0.17100297681442247	0.28498360167342557
241.38269134567284	0.17146847033845758	0.2859163858575429
241.51575787893947	0.17145451877361584	0.2864071834938851
241.6488244122061	0.17155775213541877	0.2857841474204278
241.78189094547272	0.17157290202381525	0.2855589954753825
241.91495747873935	0.1721935800086506	0.2851787869325283
242.048024012006	0.17207170889535564	0.28521037509817
242.18109054527264	0.1720237116818098	0.28491829418111747
242.31415707853927	0.1718711132036585	0.2849023817258413
242.4472236118059	0.1714277744612437	0.28491196507403
242.58029014507252	0.1723793355327678	0.2843904394543322
242.71335667833915	0.17272989986494966	0.28524210965284735
242.8464232116058	0.17219141454600748	0.28514654381041277
242.97948974487244	0.17297592180242138	0.2852843125159456
243.11255627813907	0.1727246990975554	0.28410661279044996
243.2456228114057	0.172286525479044	0.28302914048942
243.37868934467232	0.17232816177881582	0.28217250978503106
243.51175587793895	0.17269546877665592	0.2824101062346941
243.6448224112056	0.17223864874343764	0.282404822474738
243.77788894447224	0.17224340329590734	0.28217426124466316
243.91095547773887	0.17249558159115702	0.2814646750158524
244.0440220110055	0.17234087145596852	0.2817156821860046
244.17708854427212	0.17283838170509683	0.28198408640819467
244.31015507753875	0.17242271915274332	0.2826701601718535
244.4432216108054	0.17251720461369247	0.2835422704169489
244.57628814407204	0.17172820109250092	0.2837464985486227
244.70935467733867	0.1718440904246956	0.2837514026487563
244.8424212106053	0.17095033056841888	0.284156528328649
244.97548774387192	0.17057601513058548	0.28469497049379616
245.10855427713855	0.17090652229168782	0.28433013955275854
245.2416208104052	0.17124439754463547	0.2846297530114659
245.37468734367184	0.17100983048833285	0.2846597712821796
245.50775387693847	0.17038706566723374	0.2852128257381157
245.6408204102051	0.17048590743972059	0.2858582533595652
245.77388694347172	0.17058152139146696	0.28603405417049227
245.90695347673835	0.17129893450044087	0.28588104129936126
246.040020010005	0.17184438375078806	0.28625337917482946
246.17308654327164	0.17155121901940498	0.2861408816826924
246.30615307653827	0.17130730268493413	0.2862987066503375
246.4392196098049	0.17170795808797334	0.2865125378537194
246.57228614307152	0.1718429917290361	0.2871785720082602
246.70535267633815	0.17145605438248746	0.2863223285628003
246.8384192096048	0.1712366131524114	0.28567627482504887
246.97148574287144	0.1712541418923566	0.2853487480415441
247.10455227613807	0.17172395044932304	0.28537240557868643
247.2376188094047	0.17204741727276807	0.28557754375542954
247.37068534267132	0.17198986700686922	0.2858804595249713
247.50375187593795	0.17251941623413558	0.2852740282775448
247.6368184092046	0.17278276675228385	0.2848315148662245
247.76988494247124	0.17257756145673195	0.28448325345189024
247.90295147573786	0.1724363363058194	0.2843770067363798
248.0360180090045	0.17269371905703748	0.2835176548029371
248.16908454227112	0.17231533983428196	0.2834845897278872
248.30215107553775	0.1723190777924006	0.28371242853344003
248.4352176088044	0.17250093870696914	0.28422509569658727
248.56828414207104	0.1719880180139735	0.28392638621675775
248.70135067533766	0.17151909678963786	0.28430925278044944
248.8344172086043	0.17228712381123365	0.2845925779375422
248.96748374187092	0.17190372170321364	0.2848948615644139
249.10055027513755	0.17117243008775165	0.28491951158460727
249.2336168084042	0.17082999792407486	0.2838425692898794
249.36668334167084	0.17068472607081972	0.2840809913020865
249.49974987493746	0.17169627005032329	0.2840371746502974
249.6328164082041	0.1716688965093305	0.2846539988325501
249.76588294147072	0.1715238853599128	0.2843337051876684
249.89894947473735	0.1713506035496417	0.28405784694568315
250.032016008004	0.17123302281274497	0.28466564906809877
250.16508254127064	0.17122471826816205	0.28495332440475174
250.29814907453726	0.17120656145870103	0.285650030947269
250.4312156078039	0.1706497156064569	0.2854479314623446
250.56428214107052	0.17080509217609896	0.28534950244784263
250.69734867433715	0.1711553714893506	0.2854848807697763
250.8304152076038	0.17113864254324612	0.2852558619964582
250.96348174087044	0.1713643796107853	0.2865392361915177
251.09654827413706	0.1716082808339687	0.2863364128034994
251.2296148074037	0.171483046779957	0.28689250686878476
251.36268134067032	0.1720451872306124	0.2864862965243299
251.49574787393695	0.17202913588521532	0.2859303752929753
251.6288144072036	0.1714554333884365	0.2856351196977032
251.76188094047023	0.1712824599167846	0.2848946612220422
251.89494747373686	0.17164501390596282	0.2848015047880323
252.0280140070035	0.17141708720079712	0.28425591364682273
252.16108054027012	0.171465616932278	0.284554321358142
252.29414707353675	0.17155598772824748	0.2834714509289229
252.4272136068034	0.171500309863317	0.2830167933175547
252.56028014007003	0.17083376503059675	0.28363530644056856
252.69334667333666	0.1713668437937597	0.283726024748665
252.8264132066033	0.17121185752704823	0.2843290689165196
252.95947973986992	0.17146110385864224	0.2840846131363753
253.09254627313655	0.17145520091275013	0.28412883199221745
253.2256128064032	0.17142869686891482	0.28351311606419793
253.35867933966983	0.17136957875818748	0.2830394793779334
253.49174587293646	0.17126562264855372	0.28331268768920626
253.6248124062031	0.17148329556114647	0.283822938897109
253.75787893946972	0.17085290657478605	0.28318185327889667
253.89094547273635	0.17084281989700054	0.28410336560437727
254.024012006003	0.17117559013999378	0.28365494469437036
254.15707853926963	0.17187161821042377	0.2844481729377183
254.29014507253626	0.17122989491341298	0.2842111765907791
254.4232116058029	0.17138162966485912	0.28380211929879473
254.55627813906952	0.17199897486463298	0.2833893427273508
254.68934467233615	0.1725635787178327	0.2828319420338138
254.8224112056028	0.17265899539169263	0.28255413839742005
254.95547773886943	0.17231334985691665	0.2825739630502524
255.08854427213606	0.1726426629570444	0.28305780714794615
255.2216108054027	0.17230894056432855	0.2826963550542957
255.35467733866932	0.17194189557843076	0.2835123380722756
255.48774387193595	0.17111695255336942	0.2839034130120044
255.6208104052026	0.17120711932650637	0.2844237293008869
255.75387693846923	0.17181217759941206	0.284428143290526
255.88694347173586	0.17199524013775358	0.2855541215743622
256.0200100050025	0.17209392448179303	0.2854223001827273
256.15307653826915	0.17107130358257927	0.2851620937254051
256.2861430715358	0.1713069965954349	0.28504579243081146
256.4192096048024	0.17111375089297953	0.28437439819695903
256.55227613806903	0.1707247948991122	0.2845338546979476
256.68534267133566	0.17070433249020395	0.28435711945114595
256.8184092046023	0.17042976113913774	0.2840464186844303
256.9514757378689	0.17088114007075234	0.2847334105921446
257.08454227113555	0.17091333636376663	0.28526706036798183
257.2176088044022	0.17032733420493634	0.2850633370006374
257.3506753376688	0.17065987488355805	0.2847823384998224
257.4837418709355	0.1708568074958727	0.28508531683663674
257.6168084042021	0.17059301631817686	0.28489908409190906
257.74987493746875	0.17054419790464617	0.2838108904659588
257.8829414707354	0.17037332350203296	0.2837917753363474
258.016008004002	0.1703493711051894	0.28423867755131277
258.14907453726863	0.1710487050109615	0.28336654191361454
258.28214107053526	0.17051232456001636	0.28318669421283243
258.4152076038019	0.17055619466979077	0.28331401690739644
258.5482741370685	0.1709454250815571	0.28369153109083983
258.68134067033515	0.17151805161335618	0.2838255095300202
258.8144072036018	0.17107691879038162	0.2841170314882201
258.9474737368684	0.1715074869992407	0.2840099471928739
259.0805402701351	0.1715580032931895	0.2839749995320519
259.2136068034017	0.17190880451155327	0.2833316336495404
259.34667333666835	0.1718989563010223	0.2834480310323559
259.479739869935	0.1715524911946232	0.28375188931434664
259.6128064032016	0.1712204648372232	0.2844397923966263
259.74587293646823	0.1719951708292954	0.2845034343753381
259.87893946973486	0.17178778862075003	0.2841247545385194
260.0120060030015	0.17191225821012207	0.28434598553889334
260.1450725362681	0.17181264638178373	0.28507233661900916
260.27813906953475	0.17141277874836053	0.2842103364489201
260.4112056028014	0.171316913549835	0.2836074665605687
260.544272136068	0.17138335894973092	0.28417500391463874
260.6773386693347	0.17148887861526568	0.2844674710406197
260.8104052026013	0.17180551124742266	0.28474319521626085
260.94347173586794	0.17137308110575097	0.28429888045521207
261.0765382691346	0.17107186635953017	0.2845826773848717
261.2096048024012	0.17146626544321253	0.28449094310050277
261.34267133566783	0.171563468298015	0.28511110245118404
261.47573786893446	0.1714711426422749	0.2847724966242585
261.6088044022011	0.17167176954611096	0.2840481912417865
261.7418709354677	0.1716446777924872	0.2832936752003905
261.87493746873434	0.1722852462450627	0.28444244973311994
262.008004002001	0.17218974605524393	0.28408169051970705
262.1410705352676	0.17163174628980923	0.28407600165188285
262.2741370685343	0.17167155619381477	0.2837057292813548
262.4072036018009	0.1715204684277956	0.28313395369367683
262.54027013506754	0.17134080308223687	0.2821810359792463
262.6733366683342	0.17134048003858188	0.2817722528022999
262.8064032016008	0.17150816808343272	0.28190342784260586
262.93946973486743	0.1724435168356036	0.28203324147105724
263.07253626813406	0.17192522052902007	0.28237270121486296
263.2056028014007	0.17149276816973552	0.2817302554305799
263.3386693346673	0.1720450828768023	0.2820996121056777
263.47173586793394	0.17202714074542447	0.2821939725836099
263.6048024012006	0.17215766014043155	0.28208167319938354
263.7378689344672	0.17227031959069689	0.28217104980154617
263.8709354677339	0.1720525152782596	0.2818640393577225
264.0040020010005	0.1716496757546764	0.28172372221672726
264.13706853426714	0.17189515090959095	0.2823922443110471
264.2701350675338	0.17131909287667166	0.28177336137583925
264.4032016008004	0.17164862858462562	0.28206020098259244
264.53626813406703	0.17140906934430303	0.2815294525946803
264.66933466733366	0.17107439509291586	0.28181514475285685
264.8024012006003	0.1712506353667072	0.28179310228444115
264.9354677338669	0.17133928694196005	0.28241111045698414
265.06853426713354	0.1715612107897322	0.2829231586573057
265.2016008004002	0.17138524242116504	0.2827691074377888
265.3346673336668	0.17118471626387718	0.28292203978877484
265.4677338669335	0.1714503961327823	0.28374182159330175
265.6008004002001	0.17149472336709673	0.2841409616012289
265.73386693346674	0.17198163141674289	0.2847836599578616
265.86693346673337	0.17258005701839968	0.28471779195077945
266.0	0.17273532668881506	0.28436323366555927
