0.0	0.0	0.0
0.1330665332666333	3.097721116774714e-08	3.945194997981801e-08
0.2661330665332666	0.00011089514703111062	0.00013306504557561967
0.39919959979989994	0.0002882137262873241	0.000332555502885263
0.5322661330665333	0.0005545457581339404	0.0006209738621852027
0.6653326663331666	0.0010642893713876708	0.0010862809667758968
0.7983991995997999	0.001440767030045514	0.0014632961697716692
0.9314657328664332	0.0018619768108834919	0.0020392397600991516
1.0645322661330665	0.0022829833857085946	0.0024387565743207236
1.1975987993997	0.0027038837399975457	0.003191952919125278
1.3306653326663331	0.0030355920812684335	0.0035233264085337197
1.4637318659329663	0.0033022498766007856	0.00401162356977202
1.5967983991995998	0.0038126594796980217	0.004454434668702897
1.7298649324662332	0.004277531051361638	0.004942680669731095
1.8629314657328664	0.004652721786747904	0.005473563296483619
1.9959979989994996	0.004898719636391665	0.005828332068164786
2.129064532266133	0.005585283952193589	0.006428523295486169
2.2621310655327664	0.005850413754346038	0.007092633986422984
2.3951975987994	0.006496011164809195	0.007668851967860121
2.528264132066033	0.007114427437210701	0.008265820164276926
2.6613306653326663	0.007534204664203995	0.008642125013199343
2.7943971985992997	0.007911042446232098	0.009152455214242098
2.9274637318659327	0.008332974465582434	0.009572453454435968
3.060530265132566	0.008751557455622836	0.010039981710020577
3.1935967983991995	0.008929315708100773	0.010659574748240587
3.326663331665833	0.00939731363126902	0.011057006030687601
3.4597298649324664	0.00986192421150404	0.01152356749124228
3.5927963981990994	0.010304420383000513	0.012057198567327941
3.7258629314657328	0.010704204445257059	0.012675286554949537
3.858929464732366	0.011213803776747779	0.01300674836000229
3.991995997998999	0.011519139751472814	0.01354148607451709
4.125062531265633	0.011585619507764825	0.0140944079597477
4.258129064532266	0.011878321916926922	0.014627486437300132
4.391195597798899	0.012320706129699268	0.015247276935484722
4.524262131065533	0.01256025093000141	0.01580366622117553
4.657328664332166	0.012718776842144442	0.01655508496068689
4.7903951975988	0.013140087340087802	0.017020845977463953
4.923461730865433	0.01333659433961065	0.01779879557240407
5.056528264132066	0.013605888353161696	0.018370356772445712
5.1895947973986996	0.014005572973788656	0.018928116527547428
5.3226613306653325	0.014381735601599992	0.019775712924508047
5.4557278639319655	0.014782064563287253	0.020678796362445514
5.588794397198599	0.015200449333414523	0.02120718401138338
5.721860930465232	0.015466915275674158	0.021782604595349052
5.854927463731865	0.01586531668440222	0.022202652852630192
5.987993996998499	0.01606109026524787	0.02266571622793324
6.121060530265132	0.016262730888521128	0.023002125247690366
6.254127063531766	0.016575706468626192	0.023620140964312846
6.387193596798399	0.01695145671989696	0.02386214007913998
6.520260130065032	0.017238676934886087	0.024422364821685798
6.653326663331666	0.01750097707276696	0.024998973033364714
6.786393196598299	0.017685362829741983	0.02568780172403858
6.919459729864933	0.018285212220021673	0.026327049972352086
7.052526263131566	0.01851876101318379	0.026810405697828082
7.185592796398199	0.01863094589776429	0.02721030304215712
7.318659329664833	0.018808199660126604	0.027770447114820223
7.4517258629314655	0.018917315121392504	0.028599544799062793
7.5847923961980985	0.01900542591289814	0.029614310100872895
7.717858929464732	0.01912023373460301	0.030152657769982393
7.850925462731365	0.019362127273609933	0.030421319549798147
7.983991995997998	0.019548208236533325	0.031030338801751538
8.117058529264632	0.02000078701956271	0.031756833007025594
8.250125062531266	0.0197580410676827	0.03228985552455172
8.383191595797898	0.020212559380060186	0.03294948626757249
8.516258129064532	0.02040416345616387	0.033256771352377194
8.649324662331166	0.020698459200954224	0.03379491848980512
8.782391195597798	0.02105096595969564	0.03432513715749176
8.915457728864432	0.021218220732927458	0.03483253910337471
9.048524262131066	0.02115167488612188	0.03537539641342213
9.181590795397698	0.02136586470024729	0.0361121156143217
9.314657328664332	0.021826835728514085	0.03608490018132756
9.447723861930966	0.02200222033321872	0.03663614260225267
9.5807903951976	0.022358902597337173	0.03717622568302087
9.713856928464232	0.022528023050084344	0.03742375804602177
9.846923461730865	0.02256920219142063	0.03807809217472893
9.9799899949975	0.022595616845547204	0.03876169058116327
10.113056528264131	0.02277470280276613	0.03952932403095058
10.246123061530765	0.022907775785700548	0.040558299097384135
10.379189594797399	0.02310796436924122	0.041022346269699035
10.512256128064031	0.023162483037772807	0.0418883945623285
10.645322661330665	0.023087095208443615	0.04231889041651094
10.778389194597299	0.023413007764893454	0.042862669220821596
10.911455727863931	0.02323285914628309	0.04356931924000106
11.044522261130565	0.02346373287109901	0.04407197414052101
11.177588794397199	0.02357328353688483	0.04456357888610952
11.31065532766383	0.02381670722748739	0.04506406530052767
11.443721860930465	0.023853258028857745	0.04540846575405513
11.576788394197099	0.0238794606985828	0.046182841387676046
11.70985492746373	0.024016412086932594	0.04655307985536404
11.842921460730365	0.024168346913398454	0.04705801646756505
11.975987993996998	0.02423402318372281	0.0474842264259635
12.109054527263632	0.024396744560056957	0.048699194067853994
12.242121060530264	0.024609521580070123	0.049024440579089515
12.375187593796898	0.024588680463849568	0.0494378354236411
12.508254127063532	0.02486800381485673	0.0499154529767397
12.641320660330164	0.025168121811872793	0.050211091185175756
12.774387193596798	0.025282255773451605	0.050935710744651704
12.907453726863432	0.025643151247612354	0.051530209763788
13.040520260130064	0.025849180598321704	0.05169078436968057
13.173586793396698	0.025878211303348317	0.052245637693189996
13.306653326663332	0.026116465635922827	0.05246267310288959
13.439719859929964	0.026022165208659225	0.05288521032506566
13.572786393196598	0.026119615223873363	0.05315372204897552
13.705852926463232	0.026230024969627074	0.053642359865621464
13.838919459729865	0.026336637776068053	0.053949088490024576
13.971985992996498	0.026206551337864304	0.05445252418298705
14.105052526263131	0.025860405330726473	0.055086774991013984
14.238119059529765	0.025894763638128915	0.05556343062593571
14.371185592796397	0.02591661943514081	0.05643116339217279
14.504252126063031	0.0261093304885862	0.056915679023928946
14.637318659329665	0.026378593035773504	0.0571562881896507
14.770385192596297	0.02624969591773333	0.05734459518851061
14.903451725862931	0.02660044962882439	0.057454894284070114
15.036518259129565	0.02685036692650261	0.058024016497476544
15.169584792396197	0.02689004909742204	0.05800507166114074
15.302651325662831	0.026959637243908284	0.05812626396617844
15.435717858929465	0.027021882008449426	0.05831117750548644
15.568784392196097	0.026997263683140416	0.05874681791158169
15.70185092546273	0.026974612225282253	0.059167810187917426
15.834917458729365	0.02693062308374047	0.05932097040500434
15.967983991995997	0.02696085911186867	0.06015995609339653
16.101050525262632	0.027093412246429218	0.06081423640140372
16.234117058529264	0.02723883526798664	0.061263759680697714
16.367183591795897	0.027639578879380594	0.0611434016839505
16.500250125062532	0.027772766720117404	0.06181826515031686
16.633316658329164	0.02765307187985184	0.062427418488102286
16.766383191595796	0.02747372228853211	0.06289725056777756
16.899449724862432	0.027382011877226605	0.06312445582611063
17.032516258129064	0.027741572753818937	0.06366696621609355
17.165582791395696	0.028265267214205907	0.06409921860418626
17.298649324662332	0.028490962840422317	0.06450608978029486
17.431715857928964	0.028629169436123106	0.06495591073048171
17.564782391195596	0.028846035248512397	0.06508589812947131
17.69784892446223	0.028856160192372655	0.06545329830452319
17.830915457728864	0.02875985617518271	0.06571979828995819
17.963981990995496	0.028585835272641677	0.06580016818487508
18.09704852426213	0.02868308455478858	0.06630274783556615
18.230115057528764	0.029073656027378072	0.06674184881988159
18.363181590795396	0.029079098828561457	0.06717769831221902
18.49624812406203	0.029185387762409587	0.06762774934270384
18.629314657328663	0.029449645476889812	0.06866688728156113
18.762381190595296	0.029576243923332524	0.06944990251931321
18.89544772386193	0.029764653740943024	0.06981522754884026
19.028514257128563	0.0300483697418976	0.07015974407211205
19.1615807903952	0.030119468521094064	0.07015283685538948
19.29464732366183	0.03005193993664992	0.07001711556722466
19.427713856928463	0.030030690094557055	0.07035146765741333
19.5607803901951	0.029987613850506797	0.07063971390989772
19.69384692346173	0.029987625596373566	0.07074008060386795
19.826913456728363	0.029940590963824176	0.07114218812282792
19.959979989995	0.02995304120823636	0.07130572603882682
20.09304652326163	0.030135094461145723	0.07146117795298061
20.226113056528263	0.03023508731258073	0.07159668880955831
20.3591795897949	0.030260120444203564	0.07187999323864228
20.49224612306153	0.03037330952553224	0.07223964401582966
20.625312656328163	0.030435189983261578	0.0722760303497398
20.758379189594798	0.030480463080245112	0.07232547820280437
20.89144572286143	0.03043743854721553	0.07205722279884828
21.024512256128062	0.030261718898441366	0.07216245110315311
21.157578789394698	0.030505470481806882	0.0723427343735593
21.29064532266133	0.030432938714641367	0.07208512447255155
21.423711855927962	0.030517208453179012	0.07263543011261021
21.556778389194598	0.030356880464187885	0.07271410066716578
21.68984492246123	0.030396309664526666	0.07292512724330784
21.822911455727862	0.030366071223716512	0.0733219880626065
21.955977988994498	0.030156999844046427	0.0732161518475443
22.08904452226113	0.030535103930231896	0.0731610371533155
22.222111055527762	0.03053543144460731	0.0731319473221705
22.355177588794398	0.030924604224203928	0.07381803939370149
22.48824412206103	0.03105600825313507	0.0735881217658863
22.62131065532766	0.031044479921927732	0.07377473528103722
22.754377188594297	0.031022069506883986	0.0739454527125831
22.88744372186093	0.03123053353014655	0.07432101049495005
23.02051025512756	0.03117740974463775	0.07494808599864054
23.153576788394197	0.031626726374053914	0.07483458020967283
23.28664332166083	0.0320371169595826	0.07501662586474439
23.41970985492746	0.03230131720253907	0.07531818372121032
23.552776388194097	0.03237903845898346	0.07569930846602885
23.68584292146073	0.0327702785898474	0.07572594650829673
23.818909454727365	0.033067156588214124	0.07574397862611525
23.951975987993997	0.03325680100056922	0.07568070410790388
24.08504252126063	0.03328086184031327	0.07572703500609414
24.218109054527265	0.03309096124295799	0.07587397765322905
24.351175587793897	0.03298748969340777	0.07637120034944134
24.48424212106053	0.033306978175606565	0.0765628565607855
24.617308654327164	0.0338043593257199	0.07710076688922807
24.750375187593797	0.03412600791928152	0.0770787415136262
24.88344172086043	0.03379006595947643	0.07733177101033242
25.016508254127064	0.0337239751195905	0.07762144672565509
25.149574787393696	0.03385806537651096	0.07774472511146607
25.28264132066033	0.033627997664715775	0.07809362042277808
25.415707853926964	0.033625638454956745	0.07814373434515917
25.548774387193596	0.03367162293984538	0.07823571273362791
25.68184092046023	0.03361892509139984	0.07824571833929678
25.814907453726864	0.03326293046465289	0.07815007432295167
25.947973986993496	0.03317873596106975	0.07818991988859773
26.081040520260128	0.03323200373241514	0.07867459539635385
26.214107053526764	0.03334274228143243	0.07896998291590787
26.347173586793396	0.03346268475854603	0.07892667304547663
26.480240120060028	0.03371302421159301	0.07896113332588164
26.613306653326664	0.033956993534177984	0.07920250901380661
26.746373186593296	0.034163620616681406	0.07910418531403474
26.879439719859928	0.03423281806481467	0.07936623310471638
27.012506253126563	0.03443811801738756	0.07923652055217174
27.145572786393195	0.03458874889277555	0.0794277678956422
27.278639319659828	0.034832567174815546	0.08000464040418616
27.411705852926463	0.034986961623743054	0.08010795249431284
27.544772386193095	0.034447368501017914	0.07996690996136063
27.67783891945973	0.03445795107684354	0.08072055382382039
27.810905452726363	0.034725058463827306	0.08117883549432688
27.943971985992995	0.03510915649951567	0.08125708711113644
28.07703851925963	0.0351100932635577	0.08125858864169544
28.210105052526263	0.03503394462499453	0.08143482877959923
28.343171585792895	0.035291643098239525	0.08140863106153293
28.47623811905953	0.035244501284698734	0.08193574856699752
28.609304652326163	0.03533997809792993	0.08195873981652817
28.742371185592795	0.03513991206903587	0.0824033568789708
28.87543771885943	0.035319749229820875	0.08298537233869357
29.008504252126063	0.035602587564130414	0.0828569146733474
29.141570785392695	0.03560560926312711	0.08307963145547391
29.27463731865933	0.035831560364720884	0.08332527251598053
29.407703851925962	0.03585614936015774	0.08385632852224972
29.540770385192594	0.035922937302919615	0.08406526515591843
29.67383691845923	0.03607848479977648	0.08424274084425869
29.806903451725862	0.03605703659370147	0.08446799627952437
29.939969984992494	0.03633151469197635	0.08451406507665618
30.07303651825913	0.036081433673222266	0.08538882615695462
30.206103051525762	0.03576910334231731	0.08567858277892756
30.339169584792394	0.035702674053742896	0.08597912896723614
30.47223611805903	0.035731785977725986	0.0859976763255807
30.605302651325662	0.035767986075601645	0.08601297793198301
30.738369184592294	0.03569154785673314	0.08623967668576142
30.87143571785893	0.035669836463197255	0.08640566859407067
31.00450225112556	0.035612213508310446	0.08621654460857388
31.137568784392194	0.035128243064875546	0.08661294461731761
31.27063531765883	0.035338407590724166	0.08672583108083116
31.40370185092546	0.035423289042122906	0.08693549387596769
31.536768384192094	0.03519310215652568	0.08691829197510549
31.66983491745873	0.035190345967169155	0.08674993389045418
31.80290145072536	0.03535316428254848	0.08734959465138258
31.935967983991993	0.0353384781371768	0.08726611537342123
32.06903451725863	0.035578794598133394	0.08732237946280982
32.202101050525265	0.03585796763824886	0.08747477555626244
32.33516758379189	0.036127444291918956	0.08696263186705352
32.46823411705853	0.03597930285197097	0.08698242533109751
32.601300650325165	0.03602345259720898	0.08698343157663348
32.73436718359179	0.03608542405412722	0.08706905918390642
32.86743371685843	0.03613097450621584	0.08700999456465731
33.000500250125064	0.036136178906130946	0.08701640171002847
33.13356678339169	0.03612430031833523	0.08737236565768894
33.26663331665833	0.03628964246481955	0.08773556251412984
33.399699849924964	0.03617181985042566	0.0875620511858263
33.53276638319159	0.03653832844462113	0.08753675058295718
33.66583291645823	0.03637073954773749	0.087528078386008
33.798899449724864	0.03650179525158797	0.08800622177591456
33.93196598299149	0.03694757510299961	0.08809039467671533
34.06503251625813	0.0371250979462151	0.0884513932492491
34.198099049524764	0.03716153599074512	0.0884302202786219
34.33116558279139	0.037420525530113706	0.08837344489810146
34.46423211605803	0.03766386775400593	0.08879663854598409
34.597298649324664	0.037797751658734925	0.08857362307167763
34.73036518259129	0.03764953042318981	0.08902564682168557
34.86343171585793	0.03765090302948056	0.08952925206178314
34.99649824912456	0.037428209947463605	0.08970426501587782
35.12956478239119	0.037539972310723695	0.08965027533530272
35.26263131565783	0.03736450743283903	0.08950279277625356
35.39569784892446	0.037294003261500036	0.08910978647582582
35.52876438219109	0.037272421737984014	0.08900948883949733
35.66183091545773	0.03718871924612817	0.08912263056069959
35.79489744872436	0.03720869655778366	0.08952123279310048
35.92796398199099	0.03767165916369763	0.08976610536010908
36.06103051525763	0.03777804860228733	0.09017629198073991
36.19409704852426	0.037934283336997186	0.09035637679226269
36.32716358179089	0.03795768448196835	0.09017527010512143
36.46023011505753	0.037980914832381	0.09028382897334677
36.59329664832416	0.03808659622538286	0.09043404750237995
36.72636318159079	0.0378990086371609	0.09042585197151475
36.85942971485743	0.03777617684006502	0.09069318266064201
36.99249624812406	0.037619078624502506	0.09092396692403999
37.12556278139069	0.03788116646778545	0.09103261399079915
37.25862931465733	0.037973770695824235	0.0909747613899111
37.39169584792396	0.037992047298623856	0.09087957817127991
37.52476238119059	0.037807939823074156	0.09097935156725166
37.65782891445723	0.03770143380295309	0.09132494449418807
37.79089544772386	0.037671103978237724	0.09116855685689283
37.92396198099049	0.03786498311112163	0.09170440241667631
38.05702851425713	0.03781979321131686	0.0917211441659697
38.19009504752376	0.03774732510788412	0.09253465200851885
38.3231615807904	0.037579904481223045	0.09214060375550896
38.456228114057026	0.037547484094670326	0.09261125756109137
38.58929464732366	0.03793106771157131	0.09300103602168727
38.7223611805903	0.0381123993862826	0.09272249890263988
38.855427713856926	0.03800625108401189	0.09267361465106816
38.98849424712356	0.03807048943221788	0.09271774129532796
39.1215607803902	0.037942654145892984	0.09263970889746831
39.254627313656826	0.03780196596981908	0.09239807979016272
39.38769384692346	0.03774334107716927	0.09216952342657637
39.5207603801901	0.03803881436720675	0.09173592295718343
39.653826913456726	0.03809696540804741	0.09159092650087379
39.78689344672336	0.03815749588196563	0.0914768879485813
39.91995997999	0.038351418224521705	0.091372473253501
40.053026513256626	0.03863127797776272	0.09134006287761096
40.18609304652326	0.03899278183425183	0.09136800690392297
40.3191595797899	0.03923806951833629	0.0914143168088406
40.452226113056525	0.039228079446205315	0.09141975009819109
40.58529264632316	0.03933341271355305	0.09146621013179797
40.7183591795898	0.039433138077313024	0.09192822348120777
40.851425712856425	0.03941102172542139	0.09220058187123968
40.98449224612306	0.03926447545264703	0.09214318293413326
41.1175587793897	0.03915667851590166	0.09247823313620385
41.250625312656325	0.03930994782386475	0.09232477527531834
41.38369184592296	0.039661053749617765	0.09217764152116455
41.516758379189596	0.03996362959012095	0.09268285595625723
41.649824912456225	0.04029604012688194	0.09288556319393904
41.78289144572286	0.04077161664622565	0.09285143659293933
41.915957978989496	0.04041257304206616	0.09224288039625167
42.049024512256125	0.04043419905571211	0.0926063401081064
42.18209104552276	0.04037281708475989	0.09283264983363185
42.315157578789396	0.040560684149657585	0.09273223363489536
42.448224112056025	0.04038210448583585	0.09282497196090388
42.58129064532266	0.040310108635254784	0.09326645412493123
42.714357178589296	0.04052708320301892	0.09322116759902223
42.847423711855924	0.04054197782987704	0.09345536267524363
42.98049024512256	0.040723312798435114	0.09340962392586363
43.113556778389196	0.0410422885022496	0.09350246812315492
43.246623311655824	0.04133641482271169	0.09337128910486847
43.37968984492246	0.041239381770608895	0.09325028376597705
43.512756378189096	0.04130312692871736	0.09273783699450484
43.645822911455724	0.04121093644163774	0.0926314926219239
43.77888944472236	0.04107314215161281	0.0929366479319873
43.911955977988995	0.04063120555640669	0.09347121580935161
44.045022511255624	0.04060730893352921	0.0934086182686582
44.17808904452226	0.04087714339763583	0.09333857199537966
44.311155577788895	0.040988732494631364	0.09363475807652909
44.444222111055524	0.04097213376169344	0.09379575707213679
44.57728864432216	0.04084601154567396	0.09407141253604714
44.710355177588795	0.040886754241472034	0.09407440053211034
44.843421710855424	0.04063154711613374	0.09401884080281514
44.97648824412206	0.040467604026482376	0.09404287470496421
45.109554777388695	0.04032951299509533	0.09397892609719395
45.24262131065532	0.04068211928396471	0.09394899037025001
45.37568784392196	0.04090816475965835	0.09409739637841183
45.508754377188595	0.041061540761993226	0.09412720091455473
45.64182091045522	0.04127018246138397	0.09427993250251006
45.77488744372186	0.04118786368620582	0.0945312637383005
45.907953976988495	0.0411561993382873	0.09491439961171508
46.04102051025512	0.04106673297652315	0.09460953017054795
46.17408704352176	0.041159475208469756	0.09506513922118115
46.307153576788394	0.04101216058811025	0.09560176620469604
46.44022011005502	0.040759644372637606	0.09580121037923037
46.57328664332166	0.04094189355573155	0.09617095672074728
46.706353176588294	0.04118858978936695	0.09618915287750418
46.83941970985492	0.04111427416368971	0.09608543627701197
46.97248624312156	0.04119397435077948	0.09623608931114798
47.105552776388194	0.041508587569966636	0.09620612438409695
47.23861930965483	0.04158336587037786	0.095977044601127
47.37168584292146	0.04147289229602768	0.09580151580082666
47.504752376188094	0.0414542622856756	0.09571788344550695
47.63781890945473	0.041458185622063534	0.09587103374798463
47.77088544272136	0.04161466406374125	0.09582557601964763
47.903951975987994	0.041564726246260106	0.09581992245299122
48.03701850925463	0.04147914524051507	0.09589890040898362
48.17008504252126	0.04154137766999024	0.09586518025746456
48.30315157578789	0.041333710817654794	0.09575703610615299
48.43621810905453	0.04151973813453435	0.09617223152104046
48.56928464232116	0.041454773986298474	0.09639465998434785
48.70235117558779	0.04152916705367023	0.09663872145781657
48.83541770885443	0.04158532055208021	0.09706991708398569
48.96848424212106	0.0414676478049518	0.09707994082657276
49.10155077538769	0.04147230090620879	0.09683784981543778
49.23461730865433	0.04160860816397963	0.09680442472571946
49.36768384192096	0.04161159352826681	0.09655176444362133
49.50075037518759	0.04120640874838821	0.0965477103777666
49.63381690845423	0.04120762704111388	0.09694552732517168
49.76688344172086	0.04130928355551723	0.09759961881027464
49.89994997498749	0.04126453601934381	0.0978678615935356
50.03301650825413	0.04155025472985016	0.09781145562229865
50.16608304152076	0.041514683150983916	0.09783961465568597
50.29914957478739	0.041831819597622576	0.09801578673254746
50.43221610805403	0.04150833990205471	0.09784618853866212
50.56528264132066	0.041517893830201755	0.0979280058762159
50.69834917458729	0.0417414978373677	0.09852375162828533
50.83141570785393	0.04210228915984286	0.09854242562096496
50.96448224112056	0.04215799637039375	0.09882425393967854
51.09754877438719	0.04254509897699935	0.09900976772149207
51.23061530765383	0.04254269491450328	0.09939281558314383
51.36368184092046	0.04273196822028222	0.09970579835033125
51.49674837418709	0.0431627365257768	0.09948917213338462
51.62981490745373	0.043400467974981295	0.09920405599650883
51.762881440720356	0.04365797618498685	0.0997592398881526
51.89594797398699	0.043573704063585496	0.09951684765516323
52.02901450725363	0.04372479204751807	0.09963556505414141
52.162081040520256	0.044232076246431794	0.09956072815204091
52.29514757378689	0.043921070802201465	0.09958446728973157
52.42821410705353	0.04407475810590562	0.09994585214355366
52.561280640320156	0.04404098112881409	0.1003775630159397
52.69434717358679	0.04396654768084223	0.10028237639937951
52.82741370685343	0.043820997956665324	0.09988271426698038
52.960480240120056	0.043753132483488166	0.09979011080723019
53.09354677338669	0.04375521274196182	0.10042233310862017
53.22661330665333	0.04351198725644999	0.10053554745414685
53.359679839919956	0.043432322890471387	0.10063777791582992
53.49274637318659	0.04338490081653587	0.10084576945550199
53.62581290645323	0.04349929099871267	0.10085852514056608
53.758879439719855	0.043472303544391785	0.10084293111189153
53.89194597298649	0.0435920912165327	0.10094655859372707
54.02501250625313	0.04354420318272326	0.10116652243697057
54.158079039519755	0.04351459373228215	0.10128068917711511
54.29114557278639	0.04339406458811298	0.10121607564513116
54.42421210605303	0.043432912079841186	0.1010113682324319
54.557278639319655	0.04338415767215292	0.1011273292094841
54.69034517258629	0.043765108626437295	0.10119413654058669
54.823411705852926	0.04383653659252948	0.10114114958193159
54.956478239119555	0.043664574079866604	0.10083278110343898
55.08954477238619	0.04350622252577397	0.10103276147237916
55.222611305652826	0.04349998313558772	0.10124040581143094
55.35567783891946	0.04384697144443365	0.10084697206849136
55.48874437218609	0.04401862502340899	0.10061803723039169
55.621810905452726	0.044130874982442406	0.10063914756958088
55.75487743871936	0.04410943559783428	0.10055346822404185
55.88794397198599	0.04411124345438142	0.10017219084405085
56.021010505252626	0.0441957876302453	0.10008806676293514
56.15407703851926	0.04417720453273365	0.09980490580268693
56.28714357178589	0.044016034239140134	0.0996367792921621
56.420210105052526	0.043918772831586364	0.10002012647045135
56.55327663831916	0.04416425896982718	0.10031364064232119
56.68634317158579	0.043796789281191406	0.10070015528214328
56.819409704852426	0.04350622564088482	0.10041907175548381
56.95247623811906	0.043607863545036936	0.10022048181132653
57.08554277138569	0.043517023939672196	0.10066909078691466
57.218609304652325	0.04334045585605529	0.10056572509077646
57.35167583791896	0.043411590701481935	0.10062548471285891
57.48474237118559	0.043368657917066844	0.10035719941450362
57.617808904452225	0.04345289458412237	0.1003807638585685
57.75087543771886	0.04354336715802084	0.10014679496142742
57.88394197098549	0.04357723665147812	0.10009130118930243
58.017008504252125	0.043447045662120674	0.10046681304439341
58.15007503751876	0.043473684455455755	0.10093936503715711
58.28314157078539	0.0434291472806317	0.10147182137594368
58.416208104052025	0.04295132378952587	0.10201770217744745
58.54927463731866	0.04307781716349308	0.10177691730661186
58.68234117058529	0.043165112791599486	0.10213572552002816
58.815407703851925	0.04324272465013836	0.10198041535887531
58.94847423711856	0.04314429170593381	0.10240008327085162
59.08154077038519	0.043300862803707665	0.10227079627235916
59.214607303651825	0.0430096511621661	0.10224384198993687
59.34767383691846	0.0430852724307979	0.10208559841226825
59.48074037018509	0.04281707676585044	0.102278125017459
59.613806903451724	0.04270741271505792	0.10222853148687389
59.74687343671836	0.04248577360739875	0.10211865131798879
59.87993996998499	0.04301282811773204	0.1023199696468898
60.013006503251624	0.04301522001349636	0.1023255568930969
60.14607303651826	0.04288552990792111	0.10255899882874547
60.27913956978489	0.04316519055646055	0.10211049960725997
60.412206103051524	0.0434347767604399	0.10222662342094231
60.54527263631816	0.04340750019322822	0.10286153106626254
60.67833916958479	0.04344051843398391	0.10332627130221794
60.811405702851424	0.043418475904587035	0.10373029854656032
60.94447223611806	0.0435282763795045	0.10413072996941368
61.07753876938469	0.043833916831349004	0.10415219357457016
61.210605302651324	0.04375022083209545	0.10403801731913194
61.34367183591796	0.04377705638154418	0.10415672389348793
61.47673836918459	0.04377281567394771	0.10388224697362437
61.60980490245122	0.043766810056640244	0.10412764901782938
61.74287143571786	0.04392328340472536	0.10367476328291504
61.87593796898449	0.04398087670106933	0.10424456208894743
62.00900450225112	0.04399035427623663	0.10463912118677363
62.14207103551776	0.04388739800502095	0.10430999652481761
62.27513756878439	0.0438986571628895	0.10452091717962946
62.40820410205102	0.0439072809802411	0.10463048955623182
62.54127063531766	0.043941990904635554	0.1049553630131054
62.67433716858429	0.0438764579169533	0.10480504099545582
62.80740370185092	0.043796417626206306	0.10450575435229696
62.94047023511756	0.043751141336852	0.10448364407094088
63.07353676838419	0.04360233140646428	0.10469027833556553
63.20660330165082	0.04344531350698545	0.10473692527224032
63.33966983491746	0.04330781760462016	0.10463608400211544
63.47273636818409	0.04307101194072494	0.10454148297560735
63.60580290145072	0.04330510960467553	0.10453946595858658
63.73886943471736	0.04319401168657859	0.10454637540137199
63.87193596798399	0.04305039359397	0.10477543616155562
64.00500250125063	0.04302188560703445	0.10468103725454941
64.13806903451726	0.043173091256997975	0.10449059597467424
64.27113556778389	0.04322012193013449	0.10429600308559663
64.40420210105053	0.043009580261098766	0.10447843439716069
64.53726863431716	0.04317375981203501	0.10420557783078835
64.67033516758379	0.04354023346774181	0.10441442957463687
64.80340170085043	0.04378476559530634	0.10420171749056392
64.93646823411706	0.043863910564334065	0.10410372884979362
65.06953476738369	0.04400666205746172	0.1043874423507943
65.20260130065033	0.04439879226583372	0.10391567865641196
65.33566783391696	0.04469576635086979	0.10380200332975861
65.46873436718359	0.04469754172840779	0.1042592831559106
65.60180090045023	0.044710513375206096	0.10473476799752286
65.73486743371686	0.0448974983223156	0.1049015442358299
65.86793396698349	0.04497952542697601	0.10496979503492619
66.00100050025013	0.04521209039938746	0.10516690694686016
66.13406703351676	0.045206710848948777	0.1057191657717082
66.26713356678339	0.04508477885382663	0.10576761840285216
66.40020010005003	0.04534435818454884	0.10533631808152619
66.53326663331666	0.04554688961491477	0.10542798286107884
66.66633316658329	0.04562596989584348	0.10527070645008764
66.79939969984993	0.045790424700272885	0.1055769886495593
66.93246623311656	0.04599942800818244	0.10570628487921345
67.06553276638319	0.04599062519978717	0.10539433446477302
67.19859929964983	0.04581595638487807	0.10558771005166605
67.33166583291646	0.04577454910868066	0.10581821178212451
67.46473236618309	0.04571037604788535	0.10584009392495276
67.59779889944973	0.045520104646114966	0.10583316487809995
67.73086543271636	0.04542416431385214	0.10565204246080434
67.86393196598299	0.04562466851830928	0.1053734496728417
67.99699849924963	0.04566371578697388	0.10556095978195595
68.13006503251626	0.04579499732250672	0.10544073301656619
68.26313156578288	0.04606551212010012	0.10523166160044212
68.39619809904953	0.046089974263555114	0.10471225850218799
68.52926463231616	0.046370114666098555	0.10455557850261925
68.66233116558278	0.04640712262459159	0.10443714140513748
68.79539769884943	0.04627673187244596	0.10479568157605434
68.92846423211606	0.04610061680599496	0.10471357195778591
69.06153076538268	0.04598455505301527	0.10452520451317886
69.19459729864933	0.046087574832428486	0.10469312112006642
69.32766383191596	0.04621585805543616	0.10506470785428057
69.46073036518258	0.0461641651522352	0.10503845335589869
69.59379689844923	0.04578539251117639	0.10534328211366178
69.72686343171586	0.046002492573235985	0.10555799008046585
69.85992996498248	0.045930262352618	0.10524923953993034
69.99299649824913	0.045847951412085086	0.10532063416292162
70.12606303151576	0.04608520840936648	0.1055544558444433
70.25912956478238	0.04631663966336469	0.10557438649020369
70.39219609804903	0.046469295144689685	0.10594389726259276
70.52526263131566	0.046437749517718625	0.1062693840511547
70.65832916458228	0.046644625108409506	0.10611025407574498
70.79139569784893	0.04678363824401947	0.10562886851398438
70.92446223111556	0.04680978731880392	0.10554270701199134
71.05752876438218	0.046992135242446546	0.10615294438708243
71.19059529764883	0.04691929244990706	0.10639677935187974
71.32366183091546	0.046790013046477355	0.10618457359697585
71.45672836418208	0.04687934552496421	0.10606848749529847
71.58979489744873	0.046621768785088565	0.10603051603916888
71.72286143071535	0.04648746221108948	0.10652954222001636
71.85592796398198	0.04658720794370263	0.10652662085610674
71.98899449724863	0.046265366421052646	0.10688005528775177
72.12206103051525	0.04600516071208209	0.10655350356119679
72.25512756378188	0.046133705198233364	0.10578615715350963
72.38819409704853	0.046339246505509114	0.10569428364459528
72.52126063031515	0.046674025460637765	0.10612319656373564
72.65432716358178	0.04684526257659204	0.10652500723806209
72.78739369684843	0.046912289536231	0.10693533175648216
72.92046023011505	0.047192148183084204	0.10709971542413307
73.05352676338168	0.04730689626878842	0.10764788984271303
73.18659329664833	0.04749048147040813	0.10801350427731797
73.31965982991495	0.04751585517362215	0.10811173561817078
73.45272636318158	0.047730887237502885	0.10810541328224334
73.58579289644823	0.047899175277898415	0.10830793661435036
73.71885942971485	0.04803215655538906	0.10805112552274643
73.85192596298148	0.04759773576401027	0.10808991144811313
73.98499249624813	0.04768277069105612	0.10873062793286915
74.11805902951475	0.047843885823416636	0.10839708223312183
74.25112556278138	0.0479758573081672	0.1083188192824304
74.38419209604803	0.047992460373726745	0.1086334124414872
74.51725862931465	0.048058590833411484	0.10861793153344779
74.65032516258128	0.0480942156437534	0.10897552891247704
74.78339169584793	0.048123309119874134	0.10915097197433532
74.91645822911455	0.04854562669543566	0.10926518611820656
75.04952476238118	0.04866428172401978	0.10939694618931341
75.18259129564782	0.04864264182704235	0.10924504846985605
75.31565782891445	0.0482434263790388	0.10938984380444784
75.44872436218108	0.047952681109754494	0.1097034432791176
75.58179089544772	0.048087040183887125	0.10927679053421893
75.71485742871435	0.048021264839091034	0.10901797248538354
75.84792396198098	0.0481439001967765	0.1089362256074113
75.98099049524762	0.04833268806256124	0.10921984449432494
76.11405702851425	0.048539146652309816	0.10936860761184275
76.24712356178088	0.048589107118880724	0.10912539854242864
76.38019009504752	0.048551750680608886	0.10920292996581847
76.51325662831415	0.048535959451391955	0.10934239616562964
76.6463231615808	0.048835772933438694	0.10973031601084719
76.77938969484742	0.048629596932224586	0.10953290773989288
76.91245622811405	0.04826388240474947	0.10933033270321403
77.0455227613807	0.04827523453145944	0.11012951857179022
77.17858929464732	0.047938068026284794	0.11067334774968299
77.31165582791395	0.04772275641416413	0.11107815074178934
77.4447223611806	0.04737697924458964	0.11073618306870092
77.57778889444722	0.04724947403823421	0.11077734340189198
77.71085542771385	0.04745788569021531	0.11088798771264767
77.8439219609805	0.04745926567352634	0.1106807188156101
77.97698849424712	0.047521290403327456	0.11071496660986056
78.11005502751375	0.04749990062318709	0.11050324461917956
78.2431215607804	0.047503366180223196	0.11037362078232117
78.37618809404702	0.047839691095842046	0.10965575040047307
78.50925462731365	0.047833326381979395	0.1094132925986119
78.6423211605803	0.04806022481577541	0.10971419884400582
78.77538769384692	0.048171981712088544	0.10945567229444128
78.90845422711355	0.04797009687095953	0.10972992017984469
79.0415207603802	0.0479795527138235	0.10977003802535196
79.17458729364682	0.04812267906799725	0.10949953666775028
79.30765382691345	0.048029851598829096	0.10926626798484632
79.4407203601801	0.04797919542785675	0.1090776589228697
79.57378689344672	0.04846063080338234	0.10865398785125663
79.70685342671335	0.04865322441464799	0.1087577424623326
79.83991995998	0.048502215806643205	0.1089077080501729
79.97298649324662	0.04846540686478996	0.10916291578226163
80.10605302651325	0.04850815275687762	0.10925091790498921
80.2391195597799	0.0482705167192373	0.10935093151668383
80.37218609304652	0.04849794628806005	0.10966382545496488
80.50525262631315	0.04871111603455221	0.10993975289576241
80.6383191595798	0.04872030398378347	0.10985316672221276
80.77138569284642	0.04863474282179382	0.10962062615602111
80.90445222611305	0.048701734251318206	0.10961606822271205
81.0375187593797	0.04878197997348625	0.10991300719613593
81.17058529264632	0.048924818455718534	0.11040107182237112
81.30365182591295	0.04884761028229313	0.11089567360660176
81.4367183591796	0.048457873511798186	0.11041346009977247
81.56978489244622	0.048246047814860527	0.11037143575859779
81.70285142571285	0.047962717033230844	0.11009602481099644
81.8359179589795	0.04770057642744883	0.10996623779090929
81.96898449224612	0.04776550918458987	0.11020084278107356
82.10205102551275	0.04753521134326693	0.10995522602361715
82.2351175587794	0.047742939891394276	0.1104672022059346
82.36818409204602	0.04796627783198595	0.11071869004075832
82.50125062531265	0.048089992949287425	0.11097171331791457
82.6343171585793	0.048141670583832494	0.11080726448593597
82.76738369184592	0.048339132890194265	0.11080573373833064
82.90045022511255	0.0484184262728687	0.11139880275630774
83.03351675837919	0.04813227752968726	0.11117377064221994
83.16658329164582	0.04814001048961577	0.11087674612585682
83.29964982491245	0.04807366990127557	0.11122100490692156
83.43271635817909	0.048040981102287404	0.11113047436826844
83.56578289144572	0.04794556857868777	0.11125947324158571
83.69884942471235	0.0478006434850574	0.11199735144210463
83.83191595797899	0.047779733300377075	0.11196644672712969
83.96498249124562	0.04788343047937958	0.11164393607030387
84.09804902451225	0.0477337556862143	0.11204358516903427
84.23111555777889	0.047794061455257775	0.11223595599011221
84.36418209104552	0.04792696551254729	0.11209769372699437
84.49724862431215	0.048030279382886336	0.11215518604654927
84.63031515757879	0.04788841197973159	0.1120962471816046
84.76338169084542	0.04778513870510872	0.1121459600400201
84.89644822411205	0.048082750100222255	0.11230046340835378
85.02951475737869	0.0485328271399767	0.11242817584845345
85.16258129064532	0.04847916997317376	0.1127152877952687
85.29564782391195	0.0485352221069986	0.11249467870459147
85.42871435717859	0.048306047415844634	0.11239643774459168
85.56178089044522	0.04823135321257256	0.11199756187551206
85.69484742371185	0.047919918477996294	0.11237275131558869
85.82791395697849	0.04786457044941775	0.1130082850464728
85.96098049024512	0.04778792865330081	0.11300278479791123
86.09404702351175	0.04790327209516571	0.1131531063788065
86.22711355677839	0.048346198873800955	0.11306268865834272
86.36018009004502	0.048218484367121	0.1129689740371257
86.49324662331165	0.04800875885920133	0.11264936252476034
86.62631315657829	0.04801978236326225	0.11280946477105222
86.75937968984492	0.048131617247814916	0.11317656026970574
86.89244622311155	0.04830504018515838	0.11277994151523443
87.02551275637819	0.048228167507819115	0.11233879225170634
87.15857928964482	0.04810907211889415	0.1123634390913426
87.29164582291145	0.04823686053519311	0.11258837395475768
87.42471235617809	0.048564869995171	0.112985755649952
87.55777888944472	0.048520157606072895	0.11310349273478384
87.69084542271135	0.04875608323205351	0.11301344850079864
87.82391195597799	0.049251497277631416	0.11251871676615119
87.95697848924462	0.04930068403830581	0.11244545765686706
88.09004502251125	0.04915643873984011	0.11257047846562077
88.22311155577789	0.04906516213123318	0.11270946809364069
88.35617808904452	0.049154563967887484	0.1127332703227045
88.48924462231115	0.04888503025446687	0.11270093545897732
88.62231115557779	0.04876839682134001	0.11266628061276078
88.75537768884442	0.049011505657608645	0.11227002573783205
88.88844422211105	0.04903088863670909	0.11230222702940376
89.02151075537769	0.04885551716821395	0.11212540768893493
89.15457728864432	0.04905469537859094	0.11181278487874971
89.28764382191095	0.04913694401556427	0.11173522324470088
89.42071035517759	0.048923380212184994	0.11193672822968251
89.55377688844422	0.048980648398262244	0.11215720591450881
89.68684342171085	0.049077438925735455	0.11200805773669452
89.81990995497749	0.04928889300184572	0.111739899420706
89.95297648824412	0.04921348962232128	0.11153550224679412
90.08604302151075	0.04923446386353536	0.11146856051040313
90.21910955477739	0.049473447598982576	0.11167562682708022
90.35217608804402	0.04921647995962355	0.1119535547214359
90.48524262131065	0.04930799018479713	0.1114657547493768
90.61830915457729	0.04956724522082549	0.1112071005208548
90.75137568784392	0.049333598675742094	0.11062801059933541
90.88444222111055	0.049210459522783925	0.11021317409974372
91.01750875437719	0.048994797781330916	0.11059890697169117
91.15057528764382	0.04886625192349634	0.11078951388625609
91.28364182091045	0.04877298147411652	0.1109848343836536
91.41670835417709	0.04894600143481516	0.11111903839411301
91.54977488744372	0.04867068694104648	0.1111981596643515
91.68284142071035	0.04851136507099132	0.11141410848027956
91.81590795397699	0.04846110329146294	0.11148754669137158
91.94897448724362	0.04862820271473077	0.11171474931130299
92.08204102051025	0.04889599257951507	0.11196381762498156
92.21510755377689	0.049348513075101845	0.112076526248682
92.34817408704352	0.049725484921331296	0.11182519862459302
92.48124062031015	0.04976055672314757	0.11157754308175981
92.61430715357679	0.04958726627375671	0.11175173128816192
92.74737368684342	0.0497868354502283	0.11206052582849192
92.88044022011005	0.04999077406601988	0.11135656910313035
93.01350675337669	0.050029436982318556	0.1110886735442207
93.14657328664332	0.05018311076134642	0.11135067218732145
93.27963981990995	0.050215225736941226	0.1116069883286497
93.41270635317659	0.05025482555965571	0.11173863514509863
93.54577288644322	0.05031004631126234	0.11202195710382094
93.67883941970985	0.050276006502558576	0.111972386155054
93.81190595297649	0.0501118443664833	0.11209081787036351
93.94497248624312	0.049967178724251764	0.11205949884432274
94.07803901950976	0.049897215366451	0.11183770268928703
94.21110555277639	0.04981369008379715	0.11166990915267513
94.34417208604302	0.04985545852070523	0.11153754728366694
94.47723861930966	0.049728433189169204	0.11174953391086313
94.61030515257629	0.04979066778544191	0.11176595738511022
94.74337168584292	0.05001617560974004	0.11215875725888833
94.87643821910956	0.04994792305231715	0.11255749073644784
95.00950475237619	0.04994540085589098	0.11257551342761472
95.14257128564282	0.04988467398167941	0.11240492664842384
95.27563781890946	0.04968273588258909	0.11230853000183937
95.40870435217609	0.04967129221019817	0.11257800441106744
95.54177088544272	0.04976118817247342	0.11225959356930719
95.67483741870936	0.04966473316205846	0.11217774191328263
95.80790395197599	0.049824213798694936	0.11271829365419819
95.94097048524262	0.04993189711373658	0.11323615832409689
96.07403701850926	0.049915502226980844	0.1134531253598507
96.20710355177589	0.049794423253594386	0.11308016099015343
96.34017008504252	0.04972786351226277	0.11272569172234068
96.47323661830916	0.049794256192440746	0.11296205191429463
96.60630315157579	0.049829088409073054	0.11300829500067068
96.73936968484242	0.049902912802498096	0.11328518263296192
96.87243621810906	0.0500141369122069	0.11323683623974364
97.00550275137569	0.04983173884715939	0.11340580236359409
97.13856928464232	0.04978567345184708	0.1135184971086802
97.27163581790896	0.049663821953951165	0.1135651967528213
97.40470235117559	0.04972932393955017	0.11374819509301828
97.53776888444222	0.04983757813867175	0.11383173438661937
97.67083541770886	0.049902761572247524	0.1137471253051617
97.80390195097549	0.04998522610204897	0.11369516543281359
97.93696848424212	0.049997967536640445	0.11416822241792138
98.07003501750876	0.049959946160825754	0.11411934522522528
98.20310155077539	0.05019030211821201	0.11395006929678232
98.33616808404201	0.05001878104651405	0.11367870974691713
98.46923461730866	0.05006292506921807	0.11376598361905182
98.60230115057529	0.050406588205273654	0.11395771031376882
98.73536768384191	0.050260670259070016	0.11399627342245658
98.86843421710856	0.050128336378469994	0.1138191273279817
99.00150075037519	0.05019538948099236	0.11399914114319872
99.13456728364181	0.05018313267371662	0.11438964775240248
99.26763381690846	0.0500508380315824	0.11457097099516295
99.40070035017509	0.05008068356386088	0.11499702081163116
99.53376688344171	0.04998760560442498	0.1150732503885441
99.66683341670836	0.04980399742853973	0.11479537419351146
99.79989994997499	0.050048201436873795	0.11443870686393906
99.93296648324161	0.050020382788231475	0.11432172785000415
100.06603301650826	0.04981397540403519	0.1146881231250836
100.19909954977489	0.04971496661193296	0.11473235832052783
100.33216608304151	0.04978075046831805	0.11435978610078376
100.46523261630816	0.049706607241736374	0.11373805179489066
100.59829914957479	0.04948353225448094	0.11366777759506236
100.73136568284141	0.04955272365502489	0.11402784302096548
100.86443221610806	0.049574325407290495	0.11425518671316627
100.99749874937469	0.04958429177539261	0.11404317628155534
101.13056528264131	0.049534998860467125	0.11392338905642149
101.26363181590796	0.04972247197648595	0.11369985341641377
101.39669834917459	0.04978938612812877	0.11356255251628047
101.52976488244121	0.04979049990010187	0.11350468163236159
101.66283141570786	0.049807225729026176	0.11354393314065414
101.79589794897448	0.050013543485971756	0.1135573774028113
101.92896448224111	0.05044496961704607	0.11321281565327894
102.06203101550776	0.05040297679412148	0.11309883741340182
102.19509754877438	0.0505508959302603	0.11332009991005564
102.32816408204101	0.05069626576667111	0.11377203617114295
102.46123061530766	0.05080554671150206	0.11376969773989541
102.59429714857428	0.050757932897384485	0.11364343868839413
102.72736368184091	0.05065598911534176	0.11356671413195918
102.86043021510756	0.050657941364666254	0.11344391392672887
102.99349674837418	0.050437755355595665	0.11361292253669811
103.12656328164081	0.0503292771198275	0.11362881595545661
103.25962981490746	0.05048334223011324	0.1129461027715126
103.39269634817408	0.0501390134673529	0.11294492848406679
103.52576288144071	0.05009447682151437	0.11332409603750848
103.65882941470736	0.0501127663694714	0.11310674948262354
103.79189594797398	0.0501026970249105	0.11315045761986191
103.92496248124061	0.04997341114054366	0.11295761140008202
104.05802901450726	0.04994506444475659	0.11338606611829581
104.19109554777388	0.04978884053943542	0.11352184123034399
104.32416208104051	0.0497263849816511	0.11338154206137438
104.45722861430716	0.049830653655735836	0.11319403009216417
104.59029514757378	0.04962769014364283	0.11284595704946263
104.72336168084041	0.04968892194209841	0.11284556314593015
104.85642821410705	0.049646837490297406	0.11296643232421927
104.98949474737368	0.04983658269839967	0.1128395037381829
105.12256128064031	0.049886921916655246	0.11275373835407052
105.25562781390695	0.049475366662169104	0.11316020579890967
105.38869434717358	0.04958920984856872	0.11358235529255463
105.52176088044021	0.04989346063283035	0.11401414660450801
105.65482741370685	0.04977788431277264	0.11399050741478338
105.78789394697348	0.04997872014100933	0.1137017563741066
105.92096048024011	0.04990464970491638	0.11377753657528701
106.05402701350675	0.05003267136844047	0.11422671943400066
106.18709354677338	0.049941480937990244	0.11453241060363163
106.32016008004001	0.049977564493872625	0.11440529572377793
106.45322661330665	0.04996576875672945	0.11445597146245627
106.58629314657328	0.04976927873153046	0.11457996124857403
106.71935967983991	0.049894000202239754	0.11478689298357984
106.85242621310655	0.05029034688604304	0.11490463603102802
106.98549274637318	0.05061897760705254	0.11467850647916496
107.11855927963981	0.05055762263115501	0.11437704006130911
107.25162581290645	0.05051415074734996	0.11466181385421764
107.38469234617308	0.05069386642774044	0.11514985357371801
107.51775887943971	0.050732194048747584	0.114950039163564
107.65082541270635	0.050647450402524295	0.1147218768336083
107.78389194597298	0.050748962073768125	0.11457428196982042
107.91695847923961	0.05106903749409567	0.11419563836446175
108.05002501250625	0.05115634732457114	0.11386694692736711
108.18309154577288	0.051053363208483846	0.11371564667812521
108.31615807903951	0.05123925169250856	0.1134076315210859
108.44922461230615	0.05125677387018122	0.113456397177686
108.58229114557278	0.051467804977434084	0.11376126779868918
108.71535767883941	0.05178219746427801	0.1138076133313064
108.84842421210605	0.051994584259768516	0.11355368814429626
108.98149074537268	0.05197248747892302	0.11362399611579634
109.11455727863931	0.05183173128804801	0.113718299979556
109.24762381190595	0.05173877969015217	0.11347768560092553
109.38069034517258	0.05175071365624836	0.11382221313315903
109.51375687843921	0.051811613962552835	0.11400609726869346
109.64682341170585	0.05173822537324666	0.11375323384195708
109.77988994497248	0.051660590248175126	0.11389602947805541
109.91295647823911	0.05165894576438112	0.11404552866103872
110.04602301150575	0.0515716376048223	0.11390531752795686
110.17908954477238	0.051576966345695065	0.11349862869411069
110.31215607803901	0.051559498650609575	0.11328503624574482
110.44522261130565	0.051371564977032824	0.11300146700194232
110.57828914457228	0.05150387657116745	0.11309879881993494
110.71135567783892	0.051634647642034966	0.1135662938757721
110.84442221110555	0.051452932763139496	0.11325001207816272
110.97748874437218	0.051766029976023004	0.11318826315044528
111.11055527763882	0.051819180297351865	0.11361913437879582
111.24362181090545	0.052014109055462346	0.1134856307429276
111.37668834417208	0.052172076779859335	0.11329786124039387
111.50975487743872	0.05234335581420988	0.1135097802589658
111.64282141070535	0.052542996680227425	0.11329690015240486
111.77588794397198	0.052595170520680995	0.11318753247631803
111.90895447723862	0.05280906454201907	0.11300904425289245
112.04202101050525	0.05272278396139001	0.11328840412194867
112.17508754377188	0.05294632405325647	0.1134760178513341
112.30815407703852	0.05314563698240913	0.11320126314892824
112.44122061030515	0.05312567388188972	0.11338659832639726
112.57428714357178	0.05328605114183457	0.11344626401789042
112.70735367683842	0.05305439532123647	0.11347282012261194
112.84042021010505	0.05312933610837976	0.11358677467971573
112.97348674337168	0.053428229897913924	0.11382534508740702
113.10655327663832	0.05345227968447632	0.1139061534283213
113.23961980990495	0.05355354576762286	0.11424891318261006
113.37268634317158	0.053787445209308796	0.11409992723521845
113.50575287643822	0.053732270002623844	0.11434573028556051
113.63881940970485	0.053582415483352554	0.1145947620298725
113.77188594297148	0.05364679888859454	0.11475344583701472
113.90495247623812	0.05366276352944368	0.1150222168981772
114.03801900950475	0.05370019377158444	0.1152739181864749
114.17108554277138	0.053618039218127723	0.11575017838351893
114.30415207603802	0.05337495099141286	0.11615782820916874
114.43721860930465	0.053616871277812186	0.11618039778436418
114.57028514257128	0.05383750868596077	0.11620350181301664
114.70335167583792	0.0536849400221572	0.11604607099334192
114.83641820910455	0.05347963300541928	0.11613049056285821
114.96948474237118	0.05347332168213885	0.11614180954569263
115.10255127563782	0.053485567314836696	0.11605714539396784
115.23561780890445	0.053457918956509254	0.11612787696943748
115.36868434217108	0.053404651408724094	0.11600216882309293
115.50175087543772	0.053228864636115834	0.1156890328357043
115.63481740870435	0.05314495105669994	0.11562630127861473
115.76788394197098	0.05323039267272924	0.11539079767146321
115.90095047523762	0.05315412545806394	0.11535027564767407
116.03401700850425	0.053096035779479155	0.1152557756860369
116.16708354177088	0.053373691656780825	0.11468722506482551
116.30015007503752	0.053332620424793635	0.11440855382570699
116.43321660830415	0.053447742729869276	0.11403794864164858
116.56628314157078	0.05360542267088349	0.11357564353436271
116.69934967483742	0.05363454811525694	0.11344440523165258
116.83241620810405	0.05388219738271952	0.11367678227371115
116.96548274137068	0.05400655979889512	0.11369993123330444
117.09854927463732	0.05403300979975053	0.11370686484497601
117.23161580790395	0.05403559579413691	0.1134263175679639
117.36468234117058	0.05415664194312322	0.11292547102364611
117.49774887443722	0.054465663608564474	0.11269415286136383
117.63081540770385	0.05451313591426522	0.11263796104044031
117.76388194097048	0.05454022117840437	0.11296893861593453
117.89694847423712	0.05514488714688747	0.11312416097904655
118.03001500750375	0.05540731112509996	0.1133027488086849
118.16308154077038	0.055193802217277654	0.11378486965650329
118.29614807403702	0.055221454176664825	0.11376680299096582
118.42921460730365	0.05528669774119685	0.1136593851634693
118.56228114057028	0.05522180816678014	0.11412566874700587
118.69534767383692	0.05509847862837631	0.11448002495612689
118.82841420710355	0.055248589232177146	0.11431353191532721
118.96148074037018	0.05543674051503738	0.11399295575332088
119.09454727363682	0.05576650151901516	0.1139648646563971
119.22761380690345	0.05578901785288908	0.1136364665653781
119.36068034017008	0.055781756276615156	0.11366719112625122
119.49374687343672	0.05585847277825225	0.11376654714687537
119.62681340670335	0.05567977705867871	0.1130211854847549
119.75987993996998	0.055738154101341024	0.11239621420201334
119.89294647323662	0.05563831480314892	0.11218564764870577
120.02601300650325	0.0554106807186397	0.11192306015050443
120.15907953976988	0.055003333532868556	0.11211172492057532
120.29214607303652	0.054747690210465945	0.11246041925639486
120.42521260630315	0.05471855758838795	0.11242387692701658
120.55827913956978	0.054785466421804256	0.11241691382144371
120.69134567283642	0.05494008777782538	0.112659922009195
120.82441220610305	0.05477205570604212	0.11290297310875265
120.95747873936968	0.0545947689990948	0.11312706824031185
121.09054527263632	0.05467966815293613	0.11326825276506197
121.22361180590295	0.05477600425295072	0.11348806411013049
121.35667833916958	0.05488805925865323	0.11343607433193899
121.48974487243622	0.05457387287516553	0.1135400090520343
121.62281140570285	0.05431088178878217	0.11373821109068144
121.75587793896948	0.054408269253466916	0.11360488791053909
121.88894447223612	0.05430445275002371	0.11381195536908621
122.02201100550275	0.05429388765003667	0.11431949478043942
122.15507753876938	0.054174111755989234	0.1148838308335025
122.28814407203602	0.05401366647162834	0.1149344052701288
122.42121060530265	0.053940445235201355	0.1146402873548838
122.55427713856928	0.05381233002881651	0.11433891920872684
122.68734367183592	0.0535700868224289	0.11420923841983992
122.82041020510255	0.05335519767705986	0.11417924177255354
122.95347673836918	0.05342843168523001	0.11437498265880565
123.08654327163582	0.05348050570335084	0.11492346811209771
123.21960980490245	0.05317500530442432	0.11500822259514903
123.35267633816908	0.053085595439616266	0.11478115889179687
123.48574287143572	0.05312755921991852	0.11495958916449195
123.61880940470235	0.05304897432430131	0.1147538641072722
123.75187593796898	0.05298610739294263	0.11491438170898617
123.88494247123562	0.05308048511907835	0.1155661342528467
124.01800900450225	0.05294528544478326	0.11548899664704143
124.15107553776888	0.05290847363860592	0.11521830026470295
124.28414207103552	0.05297705661303592	0.11550756730366547
124.41720860430215	0.052889295505103164	0.11552810285622285
124.55027513756878	0.05261675495596587	0.11531007105291319
124.68334167083542	0.052525173398930425	0.11568141818244738
124.81640820410205	0.052605572075904834	0.11552064975689352
124.94947473736867	0.05279444940218335	0.11571338085886099
125.08254127063532	0.05277076587464839	0.1162247423562043
125.21560780390195	0.05275223404791785	0.11619508508002893
125.34867433716857	0.05297294707606554	0.11622634959859116
125.48174087043522	0.05298646429014609	0.11649261701847813
125.61480740370185	0.05308550348198582	0.11641902588922697
125.74787393696847	0.053039128113351965	0.11636849461309212
125.88094047023512	0.05299236235774886	0.11641432972566848
126.01400700350175	0.05328768972644099	0.11674198110706499
126.14707353676837	0.053333412616224644	0.11732073800107123
126.28014007003502	0.053442354645060204	0.11747721055284935
126.41320660330165	0.053527769803123335	0.11723190523906676
126.54627313656827	0.053418670670558	0.1172140461276542
126.67933966983492	0.05334515823799293	0.11694932605339213
126.81240620310155	0.053511272898421704	0.1166203118148146
126.94547273636817	0.053634730683998495	0.11656124485492912
127.07853926963482	0.0535947255251282	0.11609960150944586
127.21160580290145	0.053790437694011005	0.11560627616723808
127.34467233616807	0.053720596378943615	0.1159105170712203
127.47773886943472	0.05367695417379577	0.1161914015703476
127.61080540270135	0.05408244265676271	0.11584039949993888
127.74387193596797	0.05430272488653127	0.1159623178668467
127.87693846923462	0.05415274384291145	0.11631942269565823
128.01000500250126	0.05408369666614041	0.11620776015982684
128.1430715357679	0.054049989202433354	0.11567828838449624
128.27613806903452	0.054112911451844936	0.11572196234292031
128.40920460230114	0.05398811979097534	0.11628915467696829
128.54227113556777	0.053954897299984095	0.11630370999558563
128.6753376688344	0.05412823167926538	0.1164039267621632
128.80840420210106	0.05401028584617441	0.11609894109807016
128.9414707353677	0.054047274419127676	0.11592706273934854
129.07453726863432	0.054274249351338455	0.11606506354230996
129.20760380190094	0.05440822553925348	0.11622295318671405
129.34067033516757	0.05444171166316104	0.11620695625458667
129.4737368684342	0.0544727225264757	0.11609470635262643
129.60680340170086	0.054738601199744726	0.11640859391114497
129.7398699349675	0.05491945589964466	0.11635570929542202
129.87293646823412	0.055130799202490366	0.11663382036652839
130.00600300150074	0.05498282351218141	0.11718058454565113
130.13906953476737	0.054855822587332764	0.1173619922089924
130.272136068034	0.05491054746217665	0.11751135828822894
130.40520260130066	0.05464364871559808	0.11738751271474586
130.5382691345673	0.0546709161604098	0.11702171990820254
130.67133566783392	0.0548028262975814	0.11684045392993643
130.80440220110054	0.054871591208885725	0.11694044701809488
130.93746873436717	0.05486272651712215	0.11723873669590097
131.0705352676338	0.054844284944457686	0.11769140573463653
131.20360180090046	0.05486917602351743	0.11775575711133822
131.3366683341671	0.05483664390442477	0.11746999196810037
131.46973486743371	0.05474633627707602	0.11755686104313019
131.60280140070034	0.054687788381569076	0.11801298790885321
131.73586793396697	0.05461664046342	0.11832702403527402
131.8689344672336	0.05470035402891616	0.11820307014032805
132.00200100050026	0.05443426106580629	0.11756442133306037
132.1350675337669	0.0542036305780003	0.11772539715747939
132.26813406703351	0.053862423111430954	0.11807534596474571
132.40120060030014	0.05380212791099699	0.11769754826602939
132.53426713356677	0.05411803841747804	0.1175478869697908
132.6673336668334	0.054209499448593	0.11783551404102476
132.80040020010006	0.05412340967305129	0.11785837107784902
132.93346673336669	0.05417845395744663	0.11797901138615566
133.06653326663331	0.054519703849179514	0.11807693684991886
133.19959979989994	0.054456311567400675	0.11844559234377434
133.33266633316657	0.05433504724559336	0.1182826777429337
133.4657328664332	0.05409642413681608	0.11796918367647807
133.59879939969986	0.05395319578661009	0.11838379814065689
133.73186593296649	0.054127803501832994	0.11820336349816768
133.8649324662331	0.05401326614601901	0.11851765385174146
133.99799899949974	0.053865882070097564	0.11922463773788822
134.13106553276637	0.054113310865226076	0.11907157466960998
134.264132066033	0.054248143906551985	0.11901941250856538
134.39719859929966	0.053927744316109215	0.11893539448516882
134.53026513256629	0.053777696386096446	0.1187728471017304
134.6633316658329	0.05393974150326826	0.11867404077397922
134.79639819909954	0.0538192437466616	0.11864064213964418
134.92946473236617	0.05386200939467866	0.11881452784662837
135.0625312656328	0.054089804055295676	0.11842728794368144
135.19559779889946	0.0539845010765209	0.11798953630263499
135.32866433216608	0.05395344278967283	0.1175778238839137
135.4617308654327	0.05392674781044683	0.11729885662225108
135.59479739869934	0.053867653671946326	0.11740948123256462
135.72786393196597	0.0542934069366818	0.11728587085950581
135.8609304652326	0.05486473741526599	0.11707550091001051
135.99399699849926	0.054952161066767355	0.11717738458991028
136.12706353176588	0.05482937831325775	0.11701640956759465
136.2601300650325	0.05460906660042068	0.1162895535783554
136.39319659829914	0.054609410187141945	0.11599583094252096
136.52626313156577	0.054934677235848994	0.11618447641904278
136.65932966483243	0.05500816335737	0.11652228314600468
136.79239619809906	0.05521608577305977	0.11647966287468191
136.92546273136568	0.05528757540270657	0.1162386390852337
137.0585292646323	0.05530977713257631	0.11635187106202789
137.19159579789894	0.055301573298695984	0.11620527467527189
137.32466233116557	0.05530489208920827	0.11632523619067874
137.45772886443223	0.05529424698167839	0.11629226299808486
137.59079539769886	0.05485325584985863	0.11607074414074647
137.72386193096548	0.05466504305309207	0.11639247392428873
137.8569284642321	0.0547859954479251	0.11649382763079809
137.98999499749874	0.054741203263372354	0.1162563058682864
138.12306153076537	0.054506370999213544	0.1168782310233323
138.25612806403203	0.054497676094787444	0.11677631875068901
138.38919459729865	0.054661013440964745	0.11627409939655156
138.52226113056528	0.05469904384113097	0.11650393925157027
138.6553276638319	0.054879419938192904	0.11634900047211742
138.78839419709854	0.055047722559052194	0.11638987292201315
138.92146073036517	0.05514416121638699	0.11672112807998525
139.05452726363183	0.054791404428904886	0.11712362884112838
139.18759379689845	0.05462724246334888	0.11741275845512195
139.32066033016508	0.05457449093185358	0.11778623098472014
139.4537268634317	0.05457775153919299	0.11796290313620866
139.58679339669834	0.05465975541812768	0.11788091552116552
139.71985992996497	0.054680479852692934	0.11781106185019245
139.85292646323163	0.054822449423267056	0.11778781008650716
139.98599299649825	0.05467778353241886	0.117919851667494
140.11905952976488	0.05438039883457887	0.11798472615452688
140.2521260630315	0.054411955486404685	0.11804177391148858
140.38519259629814	0.054700830527864584	0.11784422402242392
140.51825912956477	0.0547488476426898	0.11780375938317982
140.65132566283143	0.054714269561682634	0.11764183758120918
140.78439219609805	0.05461015921650789	0.11756981261197057
140.91745872936468	0.05453000827134063	0.11729876431836479
141.0505252626313	0.05434807405553575	0.11717082995212086
141.18359179589794	0.05424079272322743	0.11702547832857256
141.31665832916457	0.0544043285723933	0.11704572366738146
141.44972486243122	0.054714454511376666	0.11735369128214493
141.58279139569785	0.054619987392707146	0.1172911466723016
141.71585792896448	0.05470916058009287	0.11752169348594517
141.8489244622311	0.054929494123684336	0.11770416794037779
141.98199099549774	0.05498980067114869	0.11744569466797711
142.11505752876437	0.05494172070660129	0.11776245703781293
142.24812406203102	0.05502082158165742	0.11803835055399292
142.38119059529765	0.05529553359906086	0.11773711489049951
142.51425712856428	0.05545231174768426	0.11764061166321733
142.6473236618309	0.05572059340770101	0.11769699270711367
142.78039019509754	0.056097265514383626	0.11742896022903329
142.91345672836417	0.05618303368550248	0.1173433450876497
143.04652326163082	0.05621314707774005	0.11761192313533997
143.17958979489745	0.05599991016300673	0.11757082381548317
143.31265632816408	0.055889750236022905	0.11744736358975924
143.4457228614307	0.05605037319502547	0.11760068982846907
143.57878939469734	0.05579544484516915	0.11770609751139825
143.71185592796397	0.055938049326738716	0.11773611405575697
143.84492246123062	0.05606529493153133	0.11756074607474622
143.97798899449725	0.05595450464212399	0.11759415019204722
144.11105552776388	0.05592947222973606	0.11767768017596539
144.2441220610305	0.05584499473319748	0.11719648161927715
144.37718859429714	0.055652804613774545	0.11689840599604172
144.51025512756377	0.0553377780779243	0.1168073728901338
144.64332166083042	0.055095059721222646	0.11662492205201754
144.77638819409705	0.054953625303996494	0.11653006459413223
144.90945472736368	0.05493640367993128	0.11636305743019758
145.0425212606303	0.05512231959633561	0.11644333802360668
145.17558779389694	0.055155363006702374	0.11669870446602781
145.30865432716357	0.05504160071656559	0.11687941374321584
145.44172086043022	0.055126819857896726	0.11718283126313837
145.57478739369685	0.05499196862168262	0.1170936627421733
145.70785392696348	0.05487692546053418	0.11697131182819906
145.8409204602301	0.054710288128628	0.1171757799257788
145.97398699349674	0.05462401643566532	0.11775763472739062
146.10705352676337	0.05493982569229723	0.11826942521206553
146.24012006003002	0.055031222829716106	0.11825876709782794
146.37318659329665	0.05507741739008578	0.1186999363935392
146.50625312656328	0.0548444570240594	0.11921522772848404
146.6393196598299	0.054806725960131294	0.11906419999972807
146.77238619309654	0.0550847139191727	0.11901982688289714
146.90545272636317	0.055187779072529766	0.1188545307928859
147.03851925962982	0.055374152561129375	0.11870030826896852
147.17158579289645	0.055438693138403945	0.11844604781419206
147.30465232616308	0.055502353598362975	0.11806968065294114
147.4377188594297	0.0556110493252655	0.11789004852634875
147.57078539269634	0.05551645132370076	0.11833290387230701
147.70385192596297	0.0555241207902493	0.11854850020367598
147.83691845922962	0.055377863181906066	0.11859914284083671
147.96998499249625	0.0550858182234953	0.11875162960693986
148.10305152576288	0.055219267002794184	0.1186368067811681
148.2361180590295	0.05552266659658328	0.11857996467122768
148.36918459229614	0.055619964519012334	0.11880495799183365
148.50225112556276	0.05570055808694882	0.11897364448144138
148.63531765882942	0.05583963786296803	0.11899026175977878
148.76838419209605	0.055744827866712844	0.11929399125558936
148.90145072536268	0.0558729976356785	0.11908795087450284
149.0345172586293	0.05589388604351215	0.1188224395920592
149.16758379189594	0.055856995780422705	0.11881615622754596
149.30065032516256	0.055949304937871536	0.1191553624914741
149.43371685842922	0.056157156067171546	0.11919071557895668
149.56678339169585	0.056395337799688174	0.11914191496920473
149.69984992496248	0.05630948368336204	0.11889633280174434
149.8329164582291	0.05625015304294572	0.11888977496709284
149.96598299149574	0.055948904474886534	0.11901949350285054
150.09904952476236	0.05571166534294039	0.11928693171738192
150.23211605802902	0.055707747313594895	0.11912593864799065
150.36518259129565	0.05576827722475093	0.11879179304169933
150.49824912456228	0.05598292815316996	0.1193964499616337
150.6313156578289	0.056008558246642984	0.11960301183267096
150.76438219109554	0.05595374273057745	0.11972506468049475
150.89744872436216	0.05583350894651389	0.12003402825691258
151.03051525762882	0.056036354284711716	0.119911562692693
151.16358179089545	0.05621992671096596	0.11985409239986909
151.29664832416208	0.05631615779295954	0.11962178972457654
151.4297148574287	0.05663645655523257	0.11952265053664628
151.56278139069533	0.05654420157985015	0.11969788609385594
151.69584792396196	0.056469298986696496	0.11932145833530244
151.82891445722862	0.057056572373197924	0.11908054191820681
151.96198099049525	0.05735545027094621	0.1193265728140646
152.09504752376188	0.05734815128491101	0.11904097762667602
152.2281140570285	0.05746899254847067	0.11876060710634946
152.36118059029513	0.05724020758856374	0.11894928741684666
152.49424712356176	0.05722871006735252	0.11907466984481929
152.62731365682842	0.05731028381188888	0.11913975144120954
152.76038019009505	0.057396374858557024	0.11948368245859256
152.89344672336168	0.05746293942124145	0.1192708241792134
153.0265132566283	0.05715595938310702	0.11915512292746347
153.15957978989493	0.056986215840860256	0.1188188732546594
153.2926463231616	0.056844587602545446	0.1189316378084973
153.42571285642822	0.056478164839954964	0.11951536522945605
153.55877938969485	0.056268621123570124	0.1195243312752642
153.69184592296148	0.056450417009540406	0.11947672976808552
153.8249124562281	0.05666474251555379	0.11933039970488098
153.95797898949473	0.056900707007018034	0.11921472051302169
154.0910455227614	0.056722422319169075	0.11932899109191579
154.22411205602802	0.056818804738059996	0.11930105707275428
154.35717858929465	0.056805181588494846	0.11921550424628308
154.49024512256128	0.056556541125201094	0.11901183917362737
154.6233116558279	0.05685764972503259	0.1195874551957788
154.75637818909453	0.05689205605338474	0.12044281529451964
154.8894447223612	0.056650649008621615	0.12051975819416319
155.02251125562782	0.056775619499566846	0.12019248274603192
155.15557778889445	0.056640854865168684	0.12036268361574394
155.28864432216108	0.056291468592926774	0.12046501560154778
155.4217108554277	0.05659193513013782	0.12016561977607165
155.55477738869433	0.05669439909543984	0.12012168467150232
155.687843921961	0.05681906371479143	0.11980278878286656
155.82091045522762	0.056837130700563364	0.11987557470176674
155.95397698849425	0.056839163827535295	0.12023314216624673
156.08704352176088	0.05673667399747529	0.12002076922656632
156.2201100550275	0.05655894648528648	0.1201135575491803
156.35317658829413	0.05657292617490634	0.12043919441780684
156.4862431215608	0.056745370461972866	0.12039899497844203
156.61930965482742	0.05676456125673783	0.12007355214663352
156.75237618809405	0.0566653556915147	0.11993598628921402
156.88544272136068	0.056710336923107084	0.12034115040610711
157.0185092546273	0.05658195407248668	0.12063062440215591
157.15157578789393	0.056172491025980695	0.12049533637897203
157.2846423211606	0.05601113169997289	0.12067207355606689
157.41770885442722	0.05641230454985622	0.12108633312906639
157.55077538769385	0.056467313140244904	0.12097254277812577
157.68384192096048	0.05616580769603952	0.12050382623554266
157.8169084542271	0.056270399819151586	0.12058961957312489
157.94997498749373	0.05648371178414925	0.12028914884098107
158.0830415207604	0.05619425901936876	0.11968676254511684
158.21610805402702	0.05615604032267196	0.11959482031209538
158.34917458729365	0.056101490431691874	0.11975155358068122
158.48224112056027	0.056130406987957765	0.11981043303857156
158.6153076538269	0.05610480766144344	0.1200133495005272
158.74837418709353	0.05615986679922609	0.12020045011940379
158.8814407203602	0.0561140722924799	0.12005389818421489
159.01450725362682	0.056254287372290726	0.11956496168991546
159.14757378689345	0.05631265374430129	0.119679254179285
159.28064032016007	0.05613933260219397	0.11994198423509837
159.4137068534267	0.05632061165132156	0.11996775121540464
159.54677338669333	0.056540065281887666	0.11991276272429777
159.67983991996	0.056674563084381006	0.11986370775347066
159.81290645322662	0.05684539159810452	0.11982779024990681
159.94597298649325	0.05673310822112197	0.1197936296789058
160.07903951975987	0.05655559812039415	0.1196811581642498
160.2121060530265	0.05646204164761283	0.11933072501487325
160.34517258629313	0.05653879152623379	0.11949616524653674
160.4782391195598	0.05657464952927446	0.11938200402549358
160.61130565282642	0.056521111935286195	0.11956742859789465
160.74437218609305	0.05634835859739337	0.12028851194851706
160.87743871935967	0.0564813178577039	0.12006670780282151
161.0105052526263	0.05660318480070474	0.11953753964059803
161.14357178589293	0.056730762975045854	0.1192700973206687
161.2766383191596	0.05653269054594241	0.11927252859765206
161.40970485242622	0.05657700281347681	0.11921203830905465
161.54277138569284	0.056682587824060014	0.11938902212133115
161.67583791895947	0.05642066348231309	0.11960949471144373
161.8089044522261	0.05603174254175922	0.11927730325202225
161.94197098549273	0.05624717685502623	0.11917354691313262
162.0750375187594	0.056600682559401386	0.11879892241935623
162.20810405202602	0.05659053110166335	0.11853241980578597
162.34117058529264	0.05653602333967345	0.1188970683930274
162.47423711855927	0.056617876652584956	0.1186789799738662
162.6073036518259	0.05666013877182072	0.11853523385149388
162.74037018509253	0.05690466657775389	0.1184881717512221
162.8734367183592	0.05721425241256449	0.11827489828667985
163.00650325162582	0.057426956016641516	0.11829321835947185
163.13956978489244	0.05725036243843927	0.11869188068831368
163.27263631815907	0.05714395731692427	0.11859031690398983
163.4057028514257	0.057110018610736224	0.11812460367990411
163.53876938469233	0.057238295522819484	0.11777691879908835
163.671835917959	0.057615885896102115	0.11795516870015545
163.80490245122562	0.05767516903999052	0.11872465932163617
163.93796898449224	0.05760099292684461	0.1186584862598886
164.07103551775887	0.057549468377394074	0.11851237889562771
164.2041020510255	0.05777069230504981	0.11833392561016601
164.33716858429213	0.0575641113696172	0.11780660647065119
164.4702351175588	0.05730438703308326	0.11790785989884142
164.60330165082541	0.05733694207671458	0.11807582653146383
164.73636818409204	0.05744924917057434	0.11855677061704949
164.86943471735867	0.057283575689953244	0.11875171969145376
165.0025012506253	0.056864650033930104	0.11866392865799975
165.13556778389193	0.05663658830569211	0.1189227564218477
165.2686343171586	0.05659906998342116	0.11898623511665357
165.40170085042521	0.05652644119175847	0.11877060110813423
165.53476738369184	0.05620700108322423	0.118650234443302
165.66783391695847	0.05620171404745685	0.11907478809585026
165.8009004502251	0.056397388855239976	0.11916512857141168
165.93396698349173	0.05629416654488528	0.11905818686944608
166.06703351675839	0.05641508118105617	0.11943013305017534
166.20010005002501	0.056418386467416086	0.11934560612766716
166.33316658329164	0.05662141094680092	0.11898719594464671
166.46623311655827	0.05684909401616711	0.11863195164636739
166.5992996498249	0.056754599132912566	0.11877451835950598
166.73236618309153	0.05640690734890017	0.11889626867696872
166.86543271635819	0.05633503256096914	0.11923597448152294
166.9984992496248	0.05671976306580476	0.11909193571671003
167.13156578289144	0.056764300769553695	0.11877404644386137
167.26463231615807	0.056847554383649114	0.11867701104884998
167.3976988494247	0.05640810991119886	0.11849544185437291
167.53076538269133	0.05639769292395967	0.11851829600233545
167.66383191595799	0.0565159972066289	0.1185121399360672
167.7968984492246	0.05629329731955975	0.11884393554961506
167.92996498249124	0.056566580825167315	0.11897580849014627
168.06303151575787	0.05671301636075361	0.11907263543307713
168.1960980490245	0.056326193688312945	0.11890984813070397
168.32916458229113	0.055917040349770394	0.11913290219517596
168.46223111555778	0.05601857191154246	0.11906065510422806
168.5952976488244	0.056316165291879966	0.11891558950743739
168.72836418209104	0.0563773727945468	0.11914580619432108
168.86143071535767	0.056369400123162494	0.1191091506831035
168.9944972486243	0.056345341422969854	0.11873451125036823
169.12756378189093	0.05639816039090264	0.11818568618784482
169.26063031515758	0.05644995570926844	0.1181487955440637
169.3936968484242	0.05628240671662283	0.11843954253831157
169.52676338169084	0.05637935981609191	0.11821460138819069
169.65982991495747	0.05638353148402327	0.1185056379798676
169.7928964482241	0.056717765439869755	0.11861013923849546
169.92596298149073	0.05678006548727482	0.11870266332966495
170.05902951475738	0.056738235873779665	0.11849535934455203
170.192096048024	0.056892170214373525	0.11852478175600169
170.32516258129064	0.05678657538750875	0.11879370154559321
170.45822911455727	0.05732704961315414	0.11872076062825873
170.5912956478239	0.05760132884021503	0.11925303349487729
170.72436218109056	0.05753619878197589	0.11927101448878755
170.85742871435718	0.05747479975643057	0.11928393563420002
170.9904952476238	0.057411253758442214	0.11954529516604973
171.12356178089044	0.05749359791659027	0.1193306768779778
171.25662831415707	0.05750962649588315	0.1194693227319431
171.3896948474237	0.05739514503251903	0.11941077729191958
171.52276138069035	0.057469225592237994	0.11853360144604781
171.65582791395698	0.05745461851622887	0.11829795115643314
171.7888944472236	0.057821907323428935	0.11839819385511607
171.92196098049024	0.05800765347284436	0.11832338836288679
172.05502751375687	0.05781092683051471	0.11858325674222607
172.1880940470235	0.057522438735574735	0.11909267149210502
172.32116058029015	0.05768382695641935	0.11930522666815715
172.45422711355678	0.05764143271824868	0.1192095468090391
172.5872936468234	0.05738861569083827	0.11883158445783962
172.72036018009004	0.05746856415920363	0.11846699388437901
172.85342671335667	0.057313631093795454	0.11845338118588107
172.9864932466233	0.057112294664807876	0.11819128377037899
173.11955977988995	0.057010776261110466	0.11797070119839487
173.25262631315658	0.05733757857731328	0.11850043274262148
173.3856928464232	0.05739332473154178	0.1187557810041296
173.51875937968984	0.05731961462359137	0.118839874734492
173.65182591295647	0.05757867227128912	0.1193151721479372
173.7848924462231	0.057790907526399204	0.11915699351983632
173.91795897948975	0.05800028689039365	0.11927624692388251
174.05102551275638	0.05804467644605074	0.11947548642890642
174.184092046023	0.05816184548885342	0.11930827001604231
174.31715857928964	0.05814817729288407	0.11927059551962262
174.45022511255627	0.05797186306814621	0.11930589251978398
174.5832916458229	0.05836999945020641	0.11908922375321143
174.71635817908955	0.05828449532905773	0.11878823823435232
174.84942471235618	0.05844110995804029	0.11818900380157171
174.9824912456228	0.058799001122194605	0.11828936017613745
175.11555777888944	0.05863001762332203	0.11852747757642444
175.24862431215607	0.05879168188630696	0.11855460948976308
175.3816908454227	0.05889283618911536	0.11871426088856565
175.51475737868935	0.05879116685415298	0.1186928392492707
175.64782391195598	0.058654225484533515	0.11880182519281526
175.7808904452226	0.05843815216206262	0.11855727636451793
175.91395697848924	0.05833538185123182	0.1182690020817985
176.04702351175587	0.05822237147541485	0.11837808217711218
176.1800900450225	0.05783367179836524	0.11865773633975138
176.31315657828915	0.05790705453011299	0.11845892238862339
176.44622311155578	0.05804368095054703	0.11823651303503038
176.5792896448224	0.05802467948431847	0.1178643079783962
176.71235617808904	0.057933987023603715	0.11785520205668588
176.84542271135567	0.0582189329701225	0.11810391068433253
176.9784892446223	0.058256213175642266	0.11813087650144216
177.11155577788895	0.05822292094548224	0.1177741769707095
177.24462231115558	0.05788498521991787	0.11793160206222747
177.3776888444222	0.05777398884168656	0.11791142124173816
177.51075537768884	0.05761682537205141	0.11761966395050706
177.64382191095547	0.05747386057160364	0.11767990221250899
177.7768884442221	0.05768000303967573	0.1173686858611451
177.90995497748875	0.05773258098571737	0.1174389336395032
178.04302151075538	0.057504498235220865	0.11773327796063675
178.176088044022	0.057370943101808625	0.11731751946504147
178.30915457728864	0.05747237211446168	0.11725062513662775
178.44222111055527	0.05744935812671145	0.11732651024833332
178.5752876438219	0.0573363830214072	0.11750897537411538
178.70835417708855	0.057113379582600966	0.11746921713009915
178.84142071035518	0.057413779007945934	0.11728787187251212
178.9744872436218	0.057538988027695026	0.11732135164669029
179.10755377688844	0.057635097537593896	0.11756314020726712
179.24062031015507	0.057712407910736147	0.11742475310458299
179.3736868434217	0.05781268547999311	0.11745795686642693
179.50675337668835	0.05784308289601568	0.11752233547159012
179.63981990995498	0.05782951866615425	0.11759081487854342
179.7728864432216	0.057691691390153586	0.1175175771864492
179.90595297648824	0.057800763936214146	0.1173907205769358
180.03901950975487	0.05777847484767207	0.11762735968254595
180.1720860430215	0.057547092183821945	0.1173859107130392
180.30515257628815	0.057526205146873975	0.11695423215982828
180.43821910955478	0.05705276459016461	0.11678855315627296
180.5712856428214	0.057015882669614354	0.11697562403411506
180.70435217608804	0.056955451747727454	0.11686860739524911
180.83741870935467	0.056858988010668035	0.11688129936077775
180.9704852426213	0.05687773244020762	0.11682048354976413
181.10355177588795	0.056899497329180704	0.11631682817602661
181.23661830915458	0.05684994181888964	0.11674430454508525
181.3696848424212	0.05684961492045303	0.11666004004320442
181.50275137568784	0.05682772461129423	0.11624904010574055
181.63581790895446	0.056919219761998464	0.11655500205968598
181.7688844422211	0.05690064733643322	0.11689226148746185
181.90195097548775	0.057051827462211074	0.11698347123234085
182.03501750875438	0.057380745779953356	0.1166078995277199
182.168084042021	0.05730108651379411	0.11656458066682138
182.30115057528764	0.057571494725092355	0.11695545472511593
182.43421710855426	0.057833266949734084	0.11726919407711286
182.5672836418209	0.05756260327979909	0.11726767802238129
182.70035017508755	0.057694592941709075	0.11761849870379454
182.83341670835418	0.05780090453703071	0.11704996835680109
182.9664832416208	0.057818871108977536	0.1173223314808461
183.09954977488744	0.05776101754007422	0.11763134312049042
183.23261630815406	0.05750884204041532	0.11761320102441836
183.3656828414207	0.05721003770040933	0.11759290190553955
183.49874937468735	0.057334153167225746	0.11781856232426015
183.63181590795398	0.05746271814022603	0.11813739337607204
183.7648824412206	0.05770272252497763	0.11816998766555739
183.89794897448724	0.05794319689964071	0.11784265143728441
184.03101550775386	0.057811633479098165	0.11802116503592822
184.1640820410205	0.05775818290536437	0.11798928447257488
184.29714857428715	0.057609505655866436	0.1181758603665672
184.43021510755378	0.05785560442765058	0.11830229554808207
184.5632816408204	0.05794170453267851	0.11863706136691504
184.69634817408703	0.05750269198918645	0.11882636237693077
184.82941470735366	0.05767143736162994	0.11889698616175305
184.9624812406203	0.05759990212383605	0.1189608388436569
185.09554777388695	0.05790844880676642	0.11872503303518217
185.22861430715358	0.05783046696589671	0.11897698309605753
185.3616808404202	0.05798244885596752	0.11895347125780154
185.49474737368683	0.05837966385165331	0.11856960757559791
185.62781390695346	0.058432921451725094	0.11859124792715083
185.7608804402201	0.05835204825793778	0.11897759446023352
185.89394697348675	0.058611329066032454	0.11895868720498748
186.02701350675338	0.058720175004078716	0.11859189984855435
186.16008004002	0.05893701573460945	0.11876532535638173
186.29314657328663	0.059235957355471755	0.11908297420733194
186.42621310655326	0.0592264109907745	0.11906392278087678
186.5592796398199	0.059046214591311964	0.11872384473347511
186.69234617308655	0.05875152816202344	0.11894154881905668
186.82541270635318	0.05924833287856857	0.11918086004862619
186.9584792396198	0.059584307342129196	0.11918237170818742
187.09154577288643	0.05960753139335467	0.11926376403253948
187.22461230615306	0.05962213342612295	0.11890215858022514
187.3576788394197	0.0594876004172094	0.11861539077876558
187.49074537268635	0.05914187389170993	0.11875011217564929
187.62381190595298	0.059041595501370295	0.11884020615450168
187.7568784392196	0.058742658473995776	0.11870061476170418
187.88994497248623	0.0588044578596873	0.11935993957162082
188.02301150575286	0.05920006925286302	0.11945720305724426
188.15607803901952	0.05874361218075314	0.1197010403173357
188.28914457228615	0.058411556468348114	0.11971342039303977
188.42221110555278	0.05822320101978037	0.11975054473158893
188.5552776388194	0.0582651074277703	0.11956286043769591
188.68834417208603	0.05838502405807555	0.1197285908277877
188.82141070535266	0.058589611054377815	0.11917949163263573
188.95447723861932	0.05848245170013722	0.11911843784413495
189.08754377188595	0.05893897515857988	0.11924629265475722
189.22061030515258	0.05867091472037533	0.11912076997640189
189.3536768384192	0.05838760462052179	0.11917075187127811
189.48674337168583	0.05823145728038762	0.11924730109787188
189.61980990495246	0.057981097359169106	0.11917204394055157
189.75287643821912	0.058316563789411614	0.11878994318346965
189.88594297148575	0.05843781439205667	0.11862828282572499
190.01900950475238	0.05823960328553935	0.1185797448002201
190.152076038019	0.058069035493231	0.11856915557292746
190.28514257128563	0.05808365679780603	0.11874699248792127
190.41820910455226	0.058063788565745185	0.11875319691335742
190.55127563781892	0.05805654413744789	0.11876835437108436
190.68434217108555	0.057984106727222894	0.11875848625839085
190.81740870435218	0.057978606012576595	0.11870432237677027
190.9504752376188	0.05806107245683092	0.11887753235553389
191.08354177088543	0.05780518718573493	0.11952769664253249
191.21660830415206	0.057936194947838374	0.11942783548721064
191.34967483741872	0.05813707614121862	0.11953366190278694
191.48274137068535	0.058250524968098766	0.11970989905479501
191.61580790395197	0.05824255571977543	0.12027148189095956
191.7488744372186	0.058056309441663616	0.1200200717352665
191.88194097048523	0.05765227178123538	0.11984330232749218
192.01500750375186	0.05750466997020657	0.12006287371196381
192.14807403701852	0.057388894575699706	0.12010221521440695
192.28114057028515	0.05716112242006462	0.12044570489466437
192.41420710355177	0.0573908990938632	0.12028246097937113
192.5472736368184	0.05749518390558274	0.1206098266650941
192.68034017008503	0.05732502263879288	0.1202644430520264
192.81340670335166	0.05733002362355003	0.12028399669571553
192.94647323661832	0.057427482003471725	0.12035479760878882
193.07953976988495	0.05722834331411505	0.12020082730944487
193.21260630315157	0.05716265746458221	0.11954793314572283
193.3456728364182	0.057534651198677594	0.119252481159643
193.47873936968483	0.057705208066741405	0.11901404245720451
193.61180590295146	0.057657110715334685	0.11902304016803365
193.74487243621812	0.05750153977966372	0.11916503742474872
193.87793896948475	0.05721790895861289	0.11961390067923341
194.01100550275137	0.057133777188349937	0.11955460663315746
194.144072036018	0.057013233956098794	0.11950790943153063
194.27713856928463	0.05702277401593012	0.11941569254571933
194.41020510255126	0.05695976133018374	0.11963619605506311
194.54327163581792	0.05687679655529462	0.11930204768265328
194.67633816908454	0.05703527678106519	0.11935872856748914
194.80940470235117	0.056966099703137076	0.1197925681504404
194.9424712356178	0.057171220667439245	0.1200271507535393
195.07553776888443	0.05716148697856139	0.1205378238400724
195.20860430215106	0.05699655021457556	0.12023031382441395
195.34167083541772	0.05721229093350851	0.1204683514772561
195.47473736868434	0.057544001972577544	0.12061046374478802
195.60780390195097	0.05714469008926995	0.1206064369735589
195.7408704352176	0.05719336296673257	0.1207226622403163
195.87393696848423	0.05715870011559757	0.12071294572173842
196.00700350175086	0.05703715681066538	0.1209155642535893
196.14007003501752	0.05703635976048589	0.121154696388685
196.27313656828414	0.057323705221363284	0.12105896118697673
196.40620310155077	0.05750539264611289	0.12043268721750124
196.5392696348174	0.05739632561424815	0.12060052237541677
196.67233616808403	0.05720993073512928	0.12062879694198081
196.80540270135066	0.05731760931012425	0.1210245898820536
196.93846923461732	0.056975112377328135	0.1212723534568077
197.07153576788394	0.05705063841701155	0.12182915086251106
197.20460230115057	0.0573302354565667	0.12171410327288994
197.3376688344172	0.057866437202475966	0.12143618010108147
197.47073536768383	0.05786931869865046	0.12115195137500125
197.60380190095046	0.057610558552563945	0.12060251928502477
197.73686843421712	0.05740239425228884	0.12062266910785042
197.86993496748374	0.05702021897715693	0.12043646459159194
198.00300150075037	0.05692770092797077	0.12034853525784843
198.136068034017	0.05728153049355828	0.12085327925639679
198.26913456728363	0.05758747887633215	0.12072463255294187
198.40220110055026	0.05753721992045144	0.12144285982289146
198.53526763381691	0.057437944439685897	0.12189977995050856
198.66833416708354	0.05756168557816729	0.12179045392799641
198.80140070035017	0.05737465902573664	0.12146885612574333
198.9344672336168	0.05719777171020363	0.12151027323066563
199.06753376688343	0.05731051914336622	0.12188163343060428
199.20060030015006	0.05721420841197043	0.12217870582829453
199.33366683341671	0.057235665067690275	0.12240456846794928
199.46673336668334	0.057212048129330347	0.12256405765828923
199.59979989994997	0.057155341221275795	0.12235559616415273
199.7328664332166	0.05724674312889934	0.12247187634557884
199.86593296648323	0.057348750007116714	0.12250245484419625
199.99899949974986	0.057540192738216436	0.12235463889216222
200.1320660330165	0.05744951082052127	0.12257122665669704
200.26513256628314	0.05708144540878608	0.12249577728766553
200.39819909954977	0.0570783414193447	0.12217206548367526
200.5312656328164	0.0570284994771795	0.12193565269535542
200.66433216608303	0.05691438174763227	0.12165238845880941
200.79739869934966	0.0570455757761301	0.12103022400078914
200.9304652326163	0.05721866346636982	0.1207836407177109
201.06353176588294	0.057215401757885975	0.12058810368557875
201.19659829914957	0.057383062656931404	0.12088012504349771
201.3296648324162	0.05733266346409976	0.12058649507935928
201.46273136568283	0.05743761216608836	0.12065141383910827
201.59579789894946	0.05743928645230768	0.12050463176453186
201.7288644322161	0.057162411401965624	0.1205814025132699
201.86193096548274	0.05699438704343272	0.1201790205291196
201.99499749874937	0.057056375898755694	0.11974320176759583
202.128064032016	0.05744223021239078	0.1199547385123781
202.26113056528263	0.05773407947850239	0.12053602699150924
202.39419709854926	0.0577612195284533	0.12044695443953263
202.5272636318159	0.05750527117250277	0.1205200613801146
202.66033016508254	0.05759042718692682	0.1207027021642608
202.79339669834917	0.057648779829763123	0.12006173301714772
202.9264632316158	0.05788466130666303	0.12035475815517054
203.05952976488243	0.05780964023944335	0.12081910042937248
203.19259629814906	0.05787975480904433	0.12062660795776788
203.3256628314157	0.05778448628365205	0.12044491914187357
203.45872936468234	0.057883599847791324	0.12062099614886095
203.59179589794897	0.0580963990186065	0.12037809675140816
203.7248624312156	0.058419469204252866	0.12050798583601643
203.85792896448223	0.05829067291249476	0.1207322640046227
203.99099549774886	0.05816024680074907	0.12036638513426104
204.1240620310155	0.05815344550836086	0.12079773088727623
204.25712856428214	0.058094669961901546	0.1210117058465948
204.39019509754877	0.05834361248558391	0.1211787798400743
204.5232616308154	0.05845593464505151	0.12101306433177608
204.65632816408203	0.058465781468976366	0.12092660924856823
204.78939469734868	0.05862350253907965	0.12112925984496378
204.9224612306153	0.05847697145386722	0.12168513330749767
205.05552776388194	0.058558610568507675	0.12124764390045664
205.18859429714857	0.058677041230333266	0.12125632061823087
205.3216608304152	0.058699002164768144	0.12164222459643015
205.45472736368183	0.05813206826102063	0.1211954988800789
205.58779389694848	0.05807249401980862	0.12116227644946723
205.7208604302151	0.058128949786062194	0.12075614517683528
205.85392696348174	0.058155951009170107	0.12058886425690966
205.98699349674837	0.05846677983256929	0.12089226211976141
206.120060030015	0.05849137009440243	0.12109908632414099
206.25312656328163	0.05851586786352013	0.12157815950377314
206.38619309654828	0.058741145967838373	0.12159129904154768
206.5192596298149	0.05865554910607427	0.12101474161307497
206.65232616308154	0.05862377200274716	0.12096033551857692
206.78539269634817	0.058404255960143085	0.12105259937854368
206.9184592296148	0.05837320100545237	0.1213373635264148
207.05152576288143	0.0583441607106263	0.12157941456804258
207.18459229614808	0.05842518413437344	0.1214047009624953
207.3176588294147	0.05868472884564257	0.12139576578134287
207.45072536268134	0.058962062579008434	0.1210541999023127
207.58379189594797	0.0585690809477887	0.12076855716538167
207.7168584292146	0.05876423491397791	0.1209802702248659
207.84992496248123	0.058813366363934874	0.1212944524606333
207.98299149574788	0.05826404694704072	0.12120372138757296
208.1160580290145	0.058357559121662024	0.12158761387378555
208.24912456228114	0.05817897159725555	0.12189962603249183
208.38219109554777	0.058300059915205926	0.12164130049206844
208.5152576288144	0.05850405219718631	0.1214749186437466
208.64832416208102	0.05904099712240936	0.12160810307153519
208.78139069534768	0.05900017228207231	0.12177938475137544
208.9144572286143	0.059034109640169155	0.12118832898899029
209.04752376188094	0.05912071496328346	0.12081517364816582
209.18059029514757	0.05918210976266833	0.12095100869945877
209.3136568284142	0.05876262008756549	0.121062210060111
209.44672336168082	0.05892853932846751	0.12068876697676087
209.57978989494748	0.058872441718982295	0.12077266916365231
209.7128564282141	0.058796648009302475	0.12055225730590115
209.84592296148074	0.05881611350528396	0.11995084758004113
209.97898949474737	0.05890071751704796	0.12019228693435716
210.112056028014	0.0588707961244578	0.12037673429174209
210.24512256128062	0.058617343321436456	0.12009298847363463
210.37818909454728	0.05876208632893101	0.12041503863441391
210.5112556278139	0.058609384989061805	0.12068298592394151
210.64432216108054	0.058501831697321385	0.12100316458188783
210.77738869434717	0.058248724762505984	0.12103181678007618
210.9104552276138	0.05841676044803538	0.12155511715179536
211.04352176088042	0.05851710315731531	0.12115659686586704
211.17658829414708	0.05856545517345035	0.12107318679268113
211.3096548274137	0.058645263349821605	0.12141890628644574
211.44272136068034	0.058804305571141004	0.12132419684425909
211.57578789394697	0.058870753982882544	0.12148509658715836
211.7088544272136	0.059225550711505766	0.12192604519193183
211.84192096048022	0.05916411914977837	0.12204437945286518
211.97498749374688	0.05920526425821278	0.12165127984472128
212.1080540270135	0.0591454441499532	0.1215917163260073
212.24112056028014	0.058901614941520936	0.12131242879725002
212.37418709354677	0.05925508243402859	0.12151715301628584
212.5072536268134	0.05939557508970689	0.12177202185975337
212.64032016008002	0.05933976015873477	0.12196709643754736
212.77338669334668	0.059288599994854536	0.12148109366912473
212.9064532266133	0.05898009682647665	0.12180301418986143
213.03951975987994	0.05896370848809538	0.12182973353262846
213.17258629314657	0.058922370444761125	0.12217312236960114
213.3056528264132	0.05857453021488899	0.12199073576380237
213.43871935967982	0.05846664539546265	0.12207467505357639
213.57178589294648	0.05867730795554378	0.12176160471167269
213.7048524262131	0.058753166774725155	0.12147663374753222
213.83791895947974	0.05860404968820267	0.12185240871996104
213.97098549274637	0.05835359021360239	0.1219656634308002
214.104052026013	0.05804874168608433	0.12172766801251828
214.23711855927962	0.057978538681071445	0.1217641104148424
214.37018509254628	0.05819503008600072	0.12170229761097064
214.5032516258129	0.05824939994993367	0.12183999901894361
214.63631815907954	0.05832829315918849	0.12154734279026505
214.76938469234616	0.05848755105398441	0.12131360893158742
214.9024512256128	0.05840317288609246	0.1217379720988431
215.03551775887942	0.05840644340642	0.12190091164741225
215.16858429214608	0.0584743299891823	0.12200571145439672
215.3016508254127	0.05819230965324197	0.12211491669212969
215.43471735867934	0.058122228036999485	0.1219181010769166
215.56778389194596	0.05843096051388419	0.12165112836684135
215.7008504252126	0.058718062560917154	0.12157360224836188
215.83391695847922	0.059096238459273705	0.12175565281814904
215.96698349174588	0.05912424469948073	0.12165822420090576
216.1000500250125	0.05936393759734796	0.12147320072571646
216.23311655827914	0.05936825944314592	0.12123858331788195
216.36618309154576	0.059428213538559774	0.1209015373420235
216.4992496248124	0.05945065509272268	0.1210914197937506
216.63231615807902	0.05948217219784754	0.1212663828572921
216.76538269134568	0.05971934023231089	0.12117361688889565
216.8984492246123	0.05978927904874641	0.12109497268312565
217.03151575787894	0.059732572625524505	0.12108013820597953
217.16458229114556	0.05977035725793016	0.12126524411269408
217.2976488244122	0.05955546761026552	0.12084145397300199
217.43071535767882	0.059434706623924936	0.12113149472339722
217.56378189094548	0.05938500330489662	0.12171570771253536
217.6968484242121	0.05958312999958559	0.12161989538037715
217.82991495747874	0.05955318595930174	0.12164703052516151
217.96298149074536	0.05996971198263166	0.12139641982070595
218.096048024012	0.060101052166917066	0.1213786883359893
218.22911455727862	0.06015606030894957	0.1215363998732832
218.36218109054528	0.060656841939880295	0.12117210080597454
218.4952476238119	0.06065329042933599	0.12145605133152644
218.62831415707853	0.06104354332680617	0.12135763486334848
218.76138069034516	0.061308327575413255	0.1212374155562928
218.8944472236118	0.06145785469141232	0.12120619079904199
219.02751375687842	0.06158660733523511	0.1209156789218145
219.16058029014508	0.0618300502194125	0.1207028121310511
219.2936468234117	0.06207160472759237	0.1204586914337874
219.42671335667833	0.06197847017809763	0.12057705658290103
219.55977988994496	0.06184656096949693	0.12073279526884449
219.6928464232116	0.0616466320839734	0.12064852794981921
219.82591295647822	0.061685461852883094	0.1206682591655788
219.95897948974488	0.06114617703940008	0.12034510380219181
220.0920460230115	0.061512638571073586	0.12043076330603397
220.22511255627813	0.0617815441593818	0.12046421252083891
220.35817908954476	0.061742271841991075	0.12031654903316477
220.4912456228114	0.0620688441910708	0.12011825160565885
220.62431215607802	0.062027774169641184	0.11974773894727535
220.75737868934468	0.062153302893610644	0.11952875649779322
220.8904452226113	0.062323113970185445	0.11947158095969942
221.02351175587793	0.06245729193440167	0.11946669472062989
221.15657828914456	0.06233334863135945	0.11953613390462584
221.2896448224112	0.062223599708746274	0.1199307879289956
221.42271135567785	0.06213820610383672	0.12011355168019792
221.55577788894448	0.061946685359718465	0.11963821029716777
221.6888444222111	0.06236844125967777	0.11989207621075958
221.82191095547773	0.06223969202959556	0.12018574911871718
221.95497748874436	0.06208483699917262	0.11997131707468267
222.088044022011	0.06158236112383003	0.11988616389708555
222.22111055527765	0.06140503160491469	0.11995482352922196
222.35417708854428	0.06149556277883783	0.12034097617529674
222.4872436218109	0.0614851122748343	0.12026017144465125
222.62031015507753	0.061234867534630796	0.1201747589326478
222.75337668834416	0.060847245674630325	0.12038907360876117
222.8864432216108	0.06065731539097524	0.1202462075126057
223.01950975487745	0.06059434833350406	0.12030820573986999
223.15257628814408	0.06066207834475899	0.12058511745998857
223.2856428214107	0.06056250548780615	0.12042944997475004
223.41870935467733	0.06041755340061534	0.12014131678983801
223.55177588794396	0.06051686685034531	0.12002995806551982
223.6848424212106	0.060316478676503124	0.12001000876381288
223.81790895447725	0.06055669024693443	0.12012916170208421
223.95097548774388	0.0605748610046777	0.12000730395424586
224.0840420210105	0.06040074513088294	0.11990757774882443
224.21710855427713	0.05986527163154664	0.12009294540567333
224.35017508754376	0.060223694336139055	0.12072043570251839
224.4832416208104	0.06030258600873768	0.12043191518381205
224.61630815407705	0.060563723142940576	0.12046617358226483
224.74937468734367	0.060522634418853256	0.12057117957748052
224.8824412206103	0.06031721281614812	0.12020348882703284
225.01550775387693	0.06017427716601289	0.12066687435423287
225.14857428714356	0.060339420379894156	0.12117092750899884
225.2816408204102	0.06053127256632649	0.12141513810128099
225.41470735367685	0.06058708693002538	0.1215347902934728
225.54777388694347	0.060212649116826916	0.12155170226008002
225.6808404202101	0.0602378474843632	0.12109158004439545
225.81390695347673	0.06004948286405441	0.12125463962878412
225.94697348674336	0.05981100404389724	0.12093378142994546
226.08004002001	0.059813040150229604	0.1210035285794093
226.21310655327665	0.05959183568459737	0.12134141275714035
226.34617308654327	0.059529586391108065	0.12109723218204554
226.4792396198099	0.059824150240817386	0.12059561128203736
226.61230615307653	0.05997796843089498	0.12051675386702933
226.74537268634316	0.05997717429508082	0.12039364660066472
226.8784392196098	0.0602719207809856	0.1206731163672771
227.01150575287645	0.06033037952567231	0.12092509520168732
227.14457228614307	0.06015568316030601	0.12075641444783776
227.2776388194097	0.060012718183333494	0.12021529586551047
227.41070535267633	0.05975464516128206	0.12026292215631582
227.54377188594296	0.06010122151528419	0.12001715013584584
227.6768384192096	0.06047128393468488	0.12000611421802942
227.80990495247624	0.06047417628597771	0.12040433311909093
227.94297148574287	0.06069381275554728	0.12087782516707908
228.0760380190095	0.06060445639027707	0.12021819393840513
228.20910455227613	0.060751690989995166	0.11967807397635968
228.34217108554276	0.06074984831404768	0.1200540959123348
228.4752376188094	0.060629129781320366	0.12002055374790506
228.60830415207604	0.06056212038577899	0.1205588016092346
228.74137068534267	0.06024586924623922	0.12057335045784923
228.8744372186093	0.06028285040172662	0.12059431749870607
229.00750375187593	0.060211155387611494	0.120600823310321
229.14057028514256	0.06045442207022932	0.12127193959172718
229.2736368184092	0.06023432679565764	0.12194606086319375
229.40670335167584	0.06019326881281141	0.1218676231617829
229.53976988494247	0.06014677656247012	0.1223200050444156
229.6728364182091	0.06007139136042718	0.1222737244252642
229.80590295147573	0.0600636064868917	0.12214264083017243
229.93896948474236	0.06014455645172262	0.12219001906666836
230.072036018009	0.06041736349174182	0.12187373096738607
230.20510255127564	0.06018393428474326	0.12185709413283889
230.33816908454227	0.06016270474056024	0.12210260362955636
230.4712356178089	0.05993794096674964	0.12240955306147402
230.60430215107553	0.05995042812489692	0.12217074250394308
230.73736868434216	0.060104084331470756	0.12208122568656629
230.8704352176088	0.05980193461970345	0.12256639691664901
231.00350175087544	0.0599517696954654	0.12235571503002489
231.13656828414207	0.06026110518857553	0.12243344967175762
231.2696348174087	0.06035960034425115	0.12245606650305471
231.40270135067533	0.060199248944028186	0.12231890355381478
231.53576788394196	0.05985564385854367	0.12252692172680688
231.6688344172086	0.06008348894261229	0.12261144900441985
231.80190095047524	0.06032763487523482	0.12322481752765631
231.93496748374187	0.06023990278372782	0.12319580865000658
232.0680340170085	0.06014071838076353	0.12307850671520035
232.20110055027513	0.06015082706141903	0.1227519333149768
232.33416708354176	0.06038875217603874	0.12245497340055117
232.4672336168084	0.05995918746218284	0.12238110891672617
232.60030015007504	0.059903915709584955	0.12227582061129208
232.73336668334167	0.059850270568762624	0.12244782502275556
232.8664332166083	0.05988864222748054	0.12234350441497291
232.99949974987493	0.05979376190573522	0.12234925947340707
233.13256628314156	0.05974909705609384	0.12253554434338344
233.26563281640819	0.05983929380136462	0.12236125710217778
233.39869934967484	0.05982357191336869	0.1216035748322867
233.53176588294147	0.05983427672304338	0.12186869409106448
233.6648324162081	0.0597313524143663	0.1215125108415096
233.79789894947473	0.06015731713182332	0.12175492383364368
233.93096548274136	0.05999156290957607	0.12172220982431364
234.06403201600799	0.06042536943020456	0.12148992720903819
234.19709854927464	0.060042921113410024	0.1218143484226579
234.33016508254127	0.06017276314792433	0.12144417860449218
234.4632316158079	0.060438085982634275	0.12159120795156646
234.59629814907453	0.06036254575171146	0.12130037024351037
234.72936468234116	0.06037616421148951	0.12158977518277679
234.86243121560778	0.060330872321486526	0.12178869079604923
234.99549774887444	0.060462014778791456	0.12169649646409586
235.12856428214107	0.060636584382689075	0.12106154951470602
235.2616308154077	0.06061503239642086	0.12134635930757871
235.39469734867433	0.06070052124619354	0.12097080668909399
235.52776388194096	0.06044181650574593	0.12165956099868568
235.66083041520758	0.060833930480864315	0.12167158879482759
235.79389694847424	0.0610049343689547	0.12180337460322062
235.92696348174087	0.060911342784637626	0.12138754681570167
236.0600300150075	0.060950773869644294	0.12142337663474537
236.19309654827413	0.06089271035909934	0.12137400292972517
236.32616308154076	0.060885026691261855	0.12113747961964057
236.45922961480738	0.06091405118430427	0.120899015556795
236.59229614807404	0.061104086942309926	0.12094774911117395
236.72536268134067	0.06096286855161971	0.12127048633597662
236.8584292146073	0.060954207886444775	0.1214980501620825
236.99149574787393	0.06051920743907803	0.12159574303992228
237.12456228114056	0.06054226420685113	0.12219494515439668
237.25762881440718	0.06052878397134702	0.12218654152768053
237.39069534767384	0.06068770368938575	0.12221854002365695
237.52376188094047	0.06079583514414247	0.12231854534920931
237.6568284142071	0.06079282986396012	0.1220484961714261
237.78989494747373	0.06087999848940998	0.1221989632424348
237.92296148074036	0.060851525777390676	0.12220598843436267
238.05602801400698	0.06074398721393293	0.12250376656402387
238.18909454727364	0.06065944364830072	0.12280471570622326
238.32216108054027	0.060821769336783404	0.12271701801773424
238.4552276138069	0.060913290493169986	0.12272011220810133
238.58829414707353	0.06078839797090424	0.12299726567323072
238.72136068034015	0.06068215097394641	0.12250477834071555
238.8544272136068	0.0604097039125137	0.12213355721677942
238.98749374687344	0.060210609521874625	0.12247734922836653
239.12056028014007	0.06046071075554571	0.12220524622064581
239.2536268134067	0.06020360786837286	0.1228272392682791
239.38669334667333	0.06017065185672946	0.12265210519147632
239.51975987993995	0.060161170139514324	0.12167973689498286
239.6528264132066	0.06007949705216102	0.12119927191910229
239.78589294647324	0.05993969599825371	0.12142330594476913
239.91895947973987	0.05992272104377355	0.12168932833059072
240.0520260130065	0.0597046810598211	0.12141461465450502
240.18509254627313	0.0597066784777805	0.12137134634201108
240.31815907953975	0.059712135277540976	0.12093876456737242
240.4512256128064	0.0597825726373654	0.12092146815229632
240.58429214607304	0.060041598756853595	0.1208462974475708
240.71735867933967	0.06026474595200396	0.12062450427678592
240.8504252126063	0.060566335900175204	0.12110322569018367
240.98349174587293	0.06086567676360711	0.12098719642182468
241.11655827913955	0.06099218880912482	0.12112910137970748
241.2496248124062	0.06100071972135428	0.12119204693816792
241.38269134567284	0.06088563210349704	0.12083565328726832
241.51575787893947	0.060646937131655136	0.12060724125645503
241.6488244122061	0.06083452483218808	0.12103557443173771
241.78189094547272	0.060960039405383845	0.12134096018791186
241.91495747873935	0.06042089068593661	0.12097460658604947
242.048024012006	0.06062015430611968	0.12107904211273401
242.18109054527264	0.06065456822094846	0.12133734705323587
242.31415707853927	0.060920031152920454	0.12139644784161663
242.4472236118059	0.0607363317470076	0.1213580556675802
242.58029014507252	0.060537885364546955	0.12118355402470908
242.71335667833915	0.06052968483086899	0.12078877613259704
242.8464232116058	0.06048233573349318	0.12072886196206829
242.97948974487244	0.06018077285194848	0.11985485349556912
243.11255627813907	0.06002079935240679	0.11985838784553147
243.2456228114057	0.06007303866247484	0.12013775422405197
243.37868934467232	0.05987671789391564	0.12029972172922551
243.51175587793895	0.05996193691058539	0.12044465771928305
243.6448224112056	0.06006972152490077	0.12076974672087987
243.77788894447224	0.06001099478289644	0.12105898637658233
243.91095547773887	0.06031422314763793	0.12131027120619152
244.0440220110055	0.060280737929686606	0.12100282859738233
244.17708854427212	0.06015586226350978	0.12086086979983919
244.31015507753875	0.060234869195508745	0.12089398532093801
244.4432216108054	0.06035765940419196	0.12066197739494738
244.57628814407204	0.06063218568582838	0.12044732190256958
244.70935467733867	0.06051168288727262	0.12014641224091285
244.8424212106053	0.06016344382907349	0.12052519524777851
244.97548774387192	0.0599047124666659	0.1202099620427878
245.10855427713855	0.06022409653054388	0.1205766111884021
245.2416208104052	0.060192365367927665	0.12098953603008
245.37468734367184	0.06008301702968139	0.12126971023298896
245.50775387693847	0.06027453626347844	0.1209232436647874
245.6408204102051	0.06022782738590849	0.12099766030649999
245.77388694347172	0.05982384660951625	0.12074662474975346
245.90695347673835	0.06026713197556394	0.12073195907398171
246.040020010005	0.060590224602952394	0.12058857172791737
246.17308654327164	0.06061967241582702	0.1204385276230935
246.30615307653827	0.06067711622977618	0.12014622539706517
246.4392196098049	0.06074430308557717	0.12009526453363888
246.57228614307152	0.06039427388418755	0.11981243909293686
246.70535267633815	0.060357558416914495	0.11944424092763181
246.8384192096048	0.06027636262192476	0.11979876448276473
246.97148574287144	0.060576478708776776	0.11986961507837501
247.10455227613807	0.06030617367365013	0.11999493363918852
247.2376188094047	0.060758439805111704	0.12044848173051374
247.37068534267132	0.06047417458824484	0.12040519139960879
247.50375187593795	0.06023085112806098	0.12043948517284567
247.6368184092046	0.06014892778701972	0.12047635594906005
247.76988494247124	0.06025633242616022	0.12077491836350342
247.90295147573786	0.059785504315267045	0.12100900910358822
248.0360180090045	0.059571621367485145	0.12103202384172415
248.16908454227112	0.059279372695274626	0.12070619672415125
248.30215107553775	0.059383262137589585	0.12050419726035642
248.4352176088044	0.059618805901253194	0.12029845021975756
248.56828414207104	0.0595599113823264	0.12064780229435658
248.70135067533766	0.05967253069649394	0.12007427995655419
248.8344172086043	0.05994642322246899	0.12002460374343737
248.96748374187092	0.06004621730565291	0.11964249946819985
249.10055027513755	0.06055180242042277	0.11908401678794092
249.2336168084042	0.06060725577497841	0.11927984755552637
249.36668334167084	0.06045268519964699	0.11974922019700246
249.49974987493746	0.060371036631084965	0.11952924360258099
249.6328164082041	0.060548234439475226	0.1193919491776137
249.76588294147072	0.06039980282243039	0.11928636962259617
249.89894947473735	0.06004804401791238	0.12015622089457113
250.032016008004	0.060125083821854414	0.12033855953469089
250.16508254127064	0.059632312537400874	0.12017679631717477
250.29814907453726	0.05994236097942986	0.11968963547826425
250.4312156078039	0.05977204963445293	0.11955769220096957
250.56428214107052	0.05959575820126351	0.11953487805738043
250.69734867433715	0.05921510910611015	0.11953831734642886
250.8304152076038	0.05927929228283374	0.11940984078547505
250.96348174087044	0.0594594861460527	0.11933546448430517
251.09654827413706	0.05952153447609965	0.11930271543356936
251.2296148074037	0.05927354846564248	0.11908570463583304
251.36268134067032	0.05932259097194709	0.11949509242502415
251.49574787393695	0.0589654707531865	0.11953504260614446
251.6288144072036	0.05915366097245222	0.11966022437629284
251.76188094047023	0.05893046598669365	0.11965631413208354
251.89494747373686	0.058709598001625916	0.11933220760273841
252.0280140070035	0.05840479659784771	0.11917036389899571
252.16108054027012	0.05874049582171798	0.1195448947060366
252.29414707353675	0.058892163253591055	0.11957286254047715
252.4272136068034	0.058929502418985126	0.11980180112893668
252.56028014007003	0.05914903150376464	0.11942586044163254
252.69334667333666	0.059205657608890364	0.11908422164611977
252.8264132066033	0.05907887614931482	0.11890778646550589
252.95947973986992	0.05886073870337733	0.11912345253073836
253.09254627313655	0.05869026564004812	0.11869078978543902
253.2256128064032	0.058907351585643274	0.11929229337902177
253.35867933966983	0.05895210007143494	0.1192303282654565
253.49174587293646	0.05923630869873585	0.11933246067476903
253.6248124062031	0.05933064791167214	0.11932620876077209
253.75787893946972	0.05950638676592388	0.11987549791114059
253.89094547273635	0.059594404692485586	0.12057756700597659
254.024012006003	0.05979604206162867	0.12057854295718075
254.15707853926963	0.05979792427667007	0.11990191713025965
254.29014507253626	0.060009515645134535	0.12004191761223633
254.4232116058029	0.06014155515918806	0.11978770526291851
254.55627813906952	0.0598048606466702	0.11985788362914868
254.68934467233615	0.06009194382125832	0.12005784794376911
254.8224112056028	0.060412914393798776	0.12027799997604043
254.95547773886943	0.06054721386723282	0.12044337065065398
255.08854427213606	0.06078493656302837	0.12027492769252203
255.2216108054027	0.06099798640173467	0.12011467273846876
255.35467733866932	0.06080235370544529	0.11990970386128706
255.48774387193595	0.060820434656444086	0.11940015887300448
255.6208104052026	0.06053301229379239	0.12001859985402372
255.75387693846923	0.05988154415967278	0.12032649687973493
255.88694347173586	0.05984343252966335	0.12048379401554345
256.0200100050025	0.05983956086191181	0.12054767620307809
256.15307653826915	0.06008534632425671	0.12096883200815654
256.2861430715358	0.059940337199482316	0.12171591380605744
256.4192096048024	0.05986776247023285	0.12167917292822951
256.55227613806903	0.059924889028866515	0.12205349137030355
256.68534267133566	0.060218626614702876	0.12194823458712381
256.8184092046023	0.060070793782112004	0.12228922368806833
256.9514757378689	0.06010834677218422	0.12266228069429634
257.08454227113555	0.06011136743476192	0.12324418997120028
257.2176088044022	0.06009057271483942	0.1231396962530035
257.3506753376688	0.06012253025042556	0.12247972490125507
257.4837418709355	0.06062944876660505	0.12202255739171881
257.6168084042021	0.06085449464484941	0.12205058651570165
257.74987493746875	0.06123414310773708	0.1221857833977832
257.8829414707354	0.061238054991911504	0.12134206797509817
258.016008004002	0.06149770714790773	0.12158296997030368
258.14907453726863	0.06165874647048488	0.12166458001177567
258.28214107053526	0.06168498851326123	0.12157181170094354
258.4152076038019	0.06149413218656725	0.1216001557086377
258.5482741370685	0.06107301135635817	0.12124653473416994
258.68134067033515	0.060887165659800235	0.1213221084461951
258.8144072036018	0.06096793591065612	0.12154625294419334
258.9474737368684	0.061237211460949396	0.12149378639344016
259.0805402701351	0.061135212401799754	0.1210657545815518
259.2136068034017	0.06097561021719208	0.1212198414306071
259.34667333666835	0.06107943181145362	0.12088919866489671
259.479739869935	0.061242710119109395	0.12101992010833018
259.6128064032016	0.06099855933271619	0.12058978094706917
259.74587293646823	0.06114895660746415	0.1201810283687724
259.87893946973486	0.061129118256622074	0.12007370250860386
260.0120060030015	0.061238931315069474	0.11962828333180696
260.1450725362681	0.061217940594093606	0.11975194719172602
260.27813906953475	0.06136705154828817	0.11986405455424881
260.4112056028014	0.061740753885061284	0.12000083028218851
260.544272136068	0.06197510778316866	0.11978318336510414
260.6773386693347	0.06159657138648995	0.11966884197941424
260.8104052026013	0.06185661813092992	0.11968665827732262
260.94347173586794	0.06175367686696289	0.11982580740926352
261.0765382691346	0.06166046418171522	0.11945071623291825
261.2096048024012	0.06181166494813935	0.11944693852828485
261.34267133566783	0.06207809519060008	0.11927153958219551
261.47573786893446	0.0621715340251795	0.11922614316254088
261.6088044022011	0.0621237205724512	0.11911419935349091
261.7418709354677	0.06234829477421093	0.11932870628257039
261.87493746873434	0.06208383190023051	0.11964735561332719
262.008004002001	0.06217094522863569	0.11908083683402274
262.1410705352676	0.061993722054763806	0.11854200092784625
262.2741370685343	0.06206281122496179	0.11862080055068965
262.4072036018009	0.06166237356638498	0.11919562078990925
262.54027013506754	0.061924855311239736	0.11946811650194646
262.6733366683342	0.06179559682626343	0.11923148184043436
262.8064032016008	0.061880145686478934	0.11873841339314825
262.93946973486743	0.061994497334396804	0.11910875882109015
263.07253626813406	0.06183756942093007	0.11924955102526784
263.2056028014007	0.06214547909742663	0.11878702984924192
263.3386693346673	0.06223673953152295	0.11845144526205388
263.47173586793394	0.0623025852169907	0.11851208623897842
263.6048024012006	0.06239128050757273	0.11887254352387239
263.7378689344672	0.062414912165051774	0.11829558412114577
263.8709354677339	0.06234666165529246	0.11873525724577591
264.0040020010005	0.0625691316667619	0.11867020576814416
264.13706853426714	0.062262156201816285	0.11908986915129088
264.2701350675338	0.06192829019026527	0.1192223383859394
264.4032016008004	0.06185999207228241	0.11973356331305977
264.53626813406703	0.0620146307841338	0.11940347871547126
264.66933466733366	0.06216945831287686	0.11948942096015937
264.8024012006003	0.06247896610820572	0.11975457616331396
264.9354677338669	0.06281188484763855	0.12013248834996716
265.06853426713354	0.06290165966428617	0.12002213593099428
265.2016008004002	0.0627469578053852	0.12017714072533897
265.3346673336668	0.0625037446286761	0.12006627042044678
265.4677338669335	0.06203840861305267	0.12048600093737934
265.6008004002001	0.06179435811023259	0.12095228956269033
265.73386693346674	0.06157265218340811	0.12070895606253187
265.86693346673337	0.061594638769523015	0.12075296039754406
266.0	0.06161683277962348	0.12079734219269103
