0.0	0.0	0.0
0.1330665332666333	0.00011092148841768586	8.885175917560618e-05
0.2661330665332666	0.0007317860331523549	0.0008869422028411688
0.39919959979989994	0.0019514653990540898	0.002128608778092517
0.5322661330665333	0.003991649339299888	0.004079841670741599
0.6653326663331666	0.006651057189778321	0.006607177639385478
0.7983991995997999	0.009199653934664232	0.009689122828818654
0.9314657328664332	0.01217060238102998	0.013435924991716293
1.0645322661330665	0.015450772330550084	0.01789448262174644
1.1975987993997	0.01861734512179665	0.023614142343389703
1.3306653326663331	0.021186820317444295	0.029759083714627127
1.4637318659329663	0.024115642681649174	0.03780713877328234
1.5967983991995998	0.02752750833301118	0.045901880517901214
1.7298649324662332	0.03042812752692982	0.056170722518329996
1.8629314657328664	0.033308902776815676	0.06719611093691684
1.9959979989994996	0.03605570614659707	0.0809262972190148
2.129064532266133	0.03889528651935947	0.09565400005511183
2.2621310655327664	0.04215311986230592	0.11295330826338199
2.3951975987994	0.04507490235558964	0.13156746240942632
2.528264132066033	0.04802705972659354	0.15366102795196893
2.6613306653326663	0.05145972284995972	0.1771259075159166
2.7943971985992997	0.05418101058611133	0.20390737825958627
2.9274637318659327	0.05713346318139292	0.23345039817385804
3.060530265132566	0.06016250399948662	0.2655448512374762
3.1935967983991995	0.0625584240452196	0.299840228723665
3.326663331665833	0.06593616687784686	0.3353488101615814
3.4597298649324664	0.06925246791436314	0.3739252409234396
3.5927963981990994	0.07185821615463901	0.4119599646631287
3.7258629314657328	0.07435166230107494	0.44995181552796315
3.858929464732366	0.07785345953966877	0.4888490246510543
3.991995997998999	0.08071232923218687	0.527921965098156
4.125062531265633	0.08423603910339064	0.5671740191725133
4.258129064532266	0.08699862161207926	0.603995001513287
4.391195597798899	0.08987886122393608	0.6384501317097245
4.524262131065533	0.09261181436135067	0.6730197590329323
4.657328664332166	0.09599980275218518	0.7025032253032047
4.7903951975988	0.09863255329933286	0.7303423275608565
4.923461730865433	0.10164692219233697	0.7584165782085047
5.056528264132066	0.10414399480397002	0.7833163799694283
5.1895947973986996	0.10676441830837961	0.8052508279841558
5.3226613306653325	0.10965200597526101	0.8267726908555529
5.4557278639319655	0.11279695274295794	0.8456063737682332
5.588794397198599	0.11567664710635908	0.8598810933798533
5.721860930465232	0.1186648992090428	0.8730089485440578
5.854927463731865	0.12115785603307327	0.885410656875583
5.987993996998499	0.12374990871984566	0.8971537695779221
6.121060530265132	0.12741008118453548	0.906037536861449
6.254127063531766	0.13022326327038714	0.9146790110080972
6.387193596798399	0.13276077826662294	0.9232145740991059
6.520260130065032	0.1357668375774973	0.9281134731062239
6.653326663331666	0.13800032532495912	0.9338170851805088
6.786393196598299	0.14075745544911988	0.9390325304309034
6.919459729864933	0.1433426917495443	0.9422108337463081
7.052526263131566	0.14592008041480986	0.9468695192368867
7.185592796398199	0.14861239777751215	0.9491309834409837
7.318659329664833	0.1508601409963974	0.9525517771288329
7.4517258629314655	0.1537787852669513	0.9551295618826913
7.5847923961980985	0.15561983516405994	0.9591106199451613
7.717858929464732	0.15769895311645235	0.9620655117617102
7.850925462731365	0.16015834249687017	0.9647216055378762
7.983991995997998	0.16263490612568435	0.9675783682741013
8.117058529264632	0.16570491007033153	0.9682974464313622
8.250125062531266	0.16796637585350885	0.970582503150223
8.383191595797898	0.17098430576694754	0.9730948879677941
8.516258129064532	0.17348906873222375	0.9745354192406062
8.649324662331166	0.17674247806972723	0.9739636490072922
8.782391195597798	0.1797285944865265	0.9742335694395318
8.915457728864432	0.18203195601921945	0.9751752587260841
9.048524262131066	0.18483924871617816	0.9778804078136031
9.181590795397698	0.1874965864385638	0.979204520045524
9.314657328664332	0.18960999701671336	0.9808253771523849
9.447723861930966	0.19250817317182645	0.9822150195131127
9.5807903951976	0.19511883795600682	0.9840134854609093
9.713856928464232	0.19710396228100502	0.9833626223437753
9.846923461730865	0.1992427937804537	0.9823813259137602
9.9799899949975	0.2016439274907401	0.9828196613377301
10.113056528264131	0.20399739976698708	0.9831490371600757
10.246123061530765	0.2058835929831627	0.9825338660369908
10.379189594797399	0.20851496872946026	0.9836023986498178
10.512256128064031	0.2119734080628138	0.9836019917962358
10.645322661330665	0.21531875065648082	0.9826792998229319
10.778389194597299	0.21734056247894723	0.9827419659343586
10.911455727863931	0.21978493547019215	0.9834280170445464
11.044522261130565	0.2220092451055649	0.9844415771328318
11.177588794397199	0.2247840925924396	0.984227131545608
11.31065532766383	0.2275928712889977	0.9819461448101665
11.443721860930465	0.23120536334776035	0.9813567817217319
11.576788394197099	0.23281967748459523	0.9807005933848048
11.70985492746373	0.23533710334210017	0.9804364480565612
11.842921460730365	0.23711511647955408	0.9811816992139677
11.975987993996998	0.23940449651730555	0.9817153491681129
12.109054527263632	0.24175101978076408	0.9822754858809905
12.242121060530264	0.2435726449087633	0.9820215429092037
12.375187593796898	0.24618599396825816	0.9834711530614404
12.508254127063532	0.2490603572238958	0.9838626759347211
12.641320660330164	0.2508835299350725	0.9836515469791085
12.774387193596798	0.25242972398339414	0.9845542287595955
12.907453726863432	0.25397179063798225	0.9842973022675656
13.040520260130064	0.25603788913919984	0.9826032442563075
13.173586793396698	0.25845908956914504	0.9822949298291422
13.306653326663332	0.2608251597117225	0.9824968739304931
13.439719859929964	0.26330683018219636	0.9841702527537591
13.572786393196598	0.2659268409505386	0.9840980644458558
13.705852926463232	0.26741227487382535	0.9841551125354879
13.838919459729865	0.26936562192262786	0.9849517482230946
13.971985992996498	0.27137824500545854	0.9840446924325675
14.105052526263131	0.2735271478298706	0.9820998250383537
14.238119059529765	0.2762351788531204	0.9819186097566485
14.371185592796397	0.2790264785406275	0.9830095433053284
14.504252126063031	0.28096601084733047	0.9838286222966562
14.637318659329665	0.2823239209213142	0.9841925474690023
14.770385192596297	0.28428277317123885	0.9851149159946109
14.903451725862931	0.2866135770518528	0.9842342927549318
15.036518259129565	0.2891539079277546	0.9844869507901223
15.169584792396197	0.2905810862830025	0.9853102375934315
15.302651325662831	0.2917601571700168	0.9846117987792331
15.435717858929465	0.2940934431408826	0.9846434323470927
15.568784392196097	0.2971225503486601	0.9837422942652826
15.70185092546273	0.2983062070839394	0.983815254546068
15.834917458729365	0.300863973893203	0.9828790805824736
15.967983991995997	0.302989249832135	0.9821319912538905
16.101050525262632	0.30484076835877355	0.9823045126892831
16.234117058529264	0.3068584156254201	0.9824913651156081
16.367183591795897	0.3082095876656244	0.9817161145064789
16.500250125062532	0.30981955406918466	0.9808561153445174
16.633316658329164	0.311834088345237	0.9821816975685361
16.766383191595796	0.3137136548022746	0.9831080406009347
16.899449724862432	0.3161418264842019	0.9825397512489782
17.032516258129064	0.3186399420329074	0.9815801969678747
17.165582791395696	0.32152670411894557	0.9804560076646587
17.298649324662332	0.3228156360141216	0.9805610926756139
17.431715857928964	0.32463637815045426	0.9804876018932186
17.564782391195596	0.3265617576523599	0.9805731352002905
17.69784892446223	0.329233208143483	0.9797432893810184
17.830915457728864	0.33077033286911617	0.9779506776650521
17.963981990995496	0.33201071708347185	0.9788864283665343
18.09704852426213	0.3335715187399347	0.9795249094840301
18.230115057528764	0.33411304715190426	0.9793269092846439
18.363181590795396	0.3376324986162915	0.9787905307430657
18.49624812406203	0.3401956709701797	0.9786268297257349
18.629314657328663	0.34177370798849455	0.9789415078884489
18.762381190595296	0.34367210601023385	0.9781266252941648
18.89544772386193	0.3458896080573837	0.9777618915125141
19.028514257128563	0.34818690117769147	0.9782318461923926
19.1615807903952	0.3508772898421983	0.9790778706545731
19.29464732366183	0.35224468330271663	0.9787677221205754
19.427713856928463	0.35302301296264105	0.9792573001282372
19.5607803901951	0.35475736805430097	0.9789685342119187
19.69384692346173	0.3580692373298382	0.979158695654437
19.826913456728363	0.36008689654748216	0.9790627881768633
19.959979989995	0.3616321649823201	0.9781937308524671
20.09304652326163	0.3638461063599114	0.9783977801147835
20.226113056528263	0.3653810606971305	0.9784959500247173
20.3591795897949	0.3669749623467496	0.9774942097099295
20.49224612306153	0.3686699253382224	0.977318932780043
20.625312656328163	0.36995885465297507	0.9783005548001437
20.758379189594798	0.3712718574706852	0.9785697236856947
20.89144572286143	0.373215133567376	0.9779494282462369
21.024512256128062	0.3737336856189969	0.9787990946667187
21.157578789394698	0.3760108059464086	0.9799943059003157
21.29064532266133	0.37847246315773747	0.9792406193209215
21.423711855927962	0.38023643178666455	0.980031619820673
21.556778389194598	0.3826074992695959	0.9805469471110873
21.68984492246123	0.38426482345882673	0.9816179371165552
21.822911455727862	0.3861025727028821	0.9811137241144291
21.955977988994498	0.3885197713858881	0.9809834591194234
22.08904452226113	0.39039499471309536	0.9803213908191247
22.222111055527762	0.3928483617243055	0.9787880681519336
22.355177588794398	0.3946125689463195	0.9782191215339289
22.48824412206103	0.39672193580264586	0.9795479716316462
22.62131065532766	0.3989340922373152	0.9798483670302547
22.754377188594297	0.3999990929563122	0.9799768886619841
22.88744372186093	0.4006141869509649	0.9788652611046245
23.02051025512756	0.4022755812063652	0.9778521450742873
23.153576788394197	0.40359961453996135	0.9771550440563576
23.28664332166083	0.4051930057416669	0.9778545743662428
23.41970985492746	0.4057761296401601	0.9760391836642588
23.552776388194097	0.4074395639421968	0.9769896379099988
23.68584292146073	0.40848002381592585	0.9766961031030645
23.818909454727365	0.411112370042566	0.9773238594632586
23.951975987993997	0.4137720840464664	0.9774541894295397
24.08504252126063	0.4157846043372216	0.9764574817502335
24.218109054527265	0.41715122648518177	0.9764568212339487
24.351175587793897	0.4187096583145855	0.9759995547342684
24.48424212106053	0.42078612672658333	0.976203787711406
24.617308654327164	0.42264051185521045	0.9764270605786739
24.750375187593797	0.4239737831721168	0.9774887167360097
24.88344172086043	0.4245467936719656	0.9778975667562713
25.016508254127064	0.42593268720224736	0.9773406841902808
25.149574787393696	0.4275192298868135	0.9782217805898411
25.28264132066033	0.4281181015094414	0.9782910436172702
25.415707853926964	0.430127784199496	0.9779620601940392
25.548774387193596	0.4318657918510619	0.9770097402305813
25.68184092046023	0.4340485754706463	0.9771767265457512
25.814907453726864	0.43511482120955847	0.9765055309504113
25.947973986993496	0.4358550228396855	0.9770858711861903
26.081040520260128	0.43850337150016694	0.9774662440970686
26.214107053526764	0.43916412855733566	0.977530013155234
26.347173586793396	0.44017272596797585	0.97831906150238
26.480240120060028	0.44227292661199913	0.978112020264694
26.613306653326664	0.44310058382841827	0.9801893974542625
26.746373186593296	0.4450367165915183	0.9793018872077034
26.879439719859928	0.44567579460194423	0.9783337359664918
27.012506253126563	0.44768864896370664	0.979044443824025
27.145572786393195	0.45016619959068405	0.9785657474089531
27.278639319659828	0.4532222765535985	0.9785359615485139
27.411705852926463	0.4543662414773248	0.9780328499853778
27.544772386193095	0.45443629356100423	0.9767361257137045
27.67783891945973	0.45531933829872223	0.9758297797632951
27.810905452726363	0.45754505714832705	0.9750921509621887
27.943971985992995	0.459515309360282	0.9752886023642755
28.07703851925963	0.46079386741888567	0.976058299937287
28.210105052526263	0.46239464352916454	0.976875183888523
28.343171585792895	0.4637951906952997	0.9762924103733954
28.47623811905953	0.4653196784834197	0.9758186175868605
28.609304652326163	0.46635829477357016	0.9765095407526513
28.742371185592795	0.46758873280670005	0.9764981169255684
28.87543771885943	0.4688937908253692	0.976497758655
29.008504252126063	0.47029788644827286	0.9771989754573589
29.141570785392695	0.47271244619034636	0.977411654038682
29.27463731865933	0.47466780124758573	0.9771254327089162
29.407703851925962	0.47613574177797685	0.9777151916500908
29.540770385192594	0.4759914458245553	0.9764465100465122
29.67383691845923	0.4779983903454364	0.9755975582278187
29.806903451725862	0.48001461827817077	0.975792880130423
29.939969984992494	0.479979049998259	0.9755234884751478
30.07303651825913	0.48140720479902255	0.9754504244914232
30.206103051525762	0.4834619496981338	0.9750967057117496
30.339169584792394	0.48566093662351745	0.9741099067041367
30.47223611805903	0.4868954187392566	0.9723262086237755
30.605302651325662	0.4869557699795649	0.9702472571341589
30.738369184592294	0.4885920926365176	0.9709785334111397
30.87143571785893	0.4898242217319736	0.9702126220166455
31.00450225112556	0.4909157038094285	0.9692618782459852
31.137568784392194	0.4925725950695162	0.968923907092037
31.27063531765883	0.4929620075171163	0.9691648760035403
31.40370185092546	0.4941176130527081	0.9694622926415286
31.536768384192094	0.4947318404504326	0.9697867118121367
31.66983491745873	0.4958288512753211	0.9704282338028978
31.80290145072536	0.4961614530266685	0.9701267720509463
31.935967983991993	0.49698025178649297	0.9687420151810049
32.06903451725863	0.4978946939666547	0.9687920190405571
32.202101050525265	0.4992830058729307	0.968952847048629
32.33516758379189	0.5013013609885806	0.9702806001342243
32.46823411705853	0.5039080644640759	0.9688284170872208
32.601300650325165	0.5055096243945826	0.9687217419646359
32.73436718359179	0.5068585057714386	0.9692918353249498
32.86743371685843	0.508150090298428	0.9696643849271142
33.000500250125064	0.5082233552740174	0.9685271897151054
33.13356678339169	0.5107302746221941	0.9676773750120062
33.26663331665833	0.512526945367527	0.9665818757182296
33.399699849924964	0.514366830469947	0.9660784169421742
33.53276638319159	0.5159669408382561	0.9666390638904989
33.66583291645823	0.5165968338162579	0.966688551570568
33.798899449724864	0.5175297720893027	0.9660527746975747
33.93196598299149	0.5203628337153134	0.9667260120072838
34.06503251625813	0.521733002588195	0.9664430381641304
34.198099049524764	0.523067590525017	0.9669587551167397
34.33116558279139	0.5245875607322605	0.9667895158711797
34.46423211605803	0.525289035992914	0.9669917976484199
34.597298649324664	0.5265581152825461	0.9676977708506987
34.73036518259129	0.5278508548730662	0.9685132475371878
34.86343171585793	0.528464692602182	0.9674328742343566
34.99649824912456	0.5301802868078523	0.9680568839785365
35.12956478239119	0.531605350414421	0.9690558290457167
35.26263131565783	0.5323591774062069	0.9700704098686784
35.39569784892446	0.5345818396437397	0.9691376391821351
35.52876438219109	0.5352981492907782	0.9693757709226025
35.66183091545773	0.5358740105760326	0.9687481931899876
35.79489744872436	0.5374780564079807	0.9681448283432258
35.92796398199099	0.5388388673873353	0.9683476776110473
36.06103051525763	0.5396848675161428	0.9674220472126962
36.19409704852426	0.5404230846056753	0.967091839094461
36.32716358179089	0.5411351324363158	0.9661219772633514
36.46023011505753	0.542427351394423	0.9662818373733689
36.59329664832416	0.5443804741276166	0.9648240862440627
36.72636318159079	0.5462289459996037	0.9644725834748075
36.85942971485743	0.5479391795337345	0.9649130654507684
36.99249624812406	0.5490309467253651	0.9653864666606803
37.12556278139069	0.5509672603299917	0.964660204636718
37.25862931465733	0.5524592899390558	0.9658924591842311
37.39169584792396	0.5542301645123046	0.9657052657142994
37.52476238119059	0.5558416853393751	0.9648873110871794
37.65782891445723	0.556597404854306	0.9632455478345424
37.79089544772386	0.5582419438874979	0.96226489791074
37.92396198099049	0.5598485866899586	0.9631300404786977
38.05702851425713	0.561498450090668	0.96146468928281
38.19009504752376	0.5625720300665631	0.9606736281166375
38.3231615807904	0.5635858533731508	0.9613662231729254
38.456228114057026	0.5647052860521166	0.9618176416601142
38.58929464732366	0.5663136905958627	0.9632884737498107
38.7223611805903	0.5661725861687568	0.9635105125301391
38.855427713856926	0.5675301596912308	0.962693843100388
38.98849424712356	0.5671122688675043	0.9623879703366192
39.1215607803902	0.5678183262944458	0.963533687120571
39.254627313656826	0.5690299720909694	0.964031811879453
39.38769384692346	0.5703230363993131	0.9634486936529493
39.5207603801901	0.5710320655519865	0.9615119176958288
39.653826913456726	0.5711985228564848	0.9612486188889443
39.78689344672336	0.5722015576648103	0.9617543984998639
39.91995997999	0.5727127937822489	0.963048207496625
40.053026513256626	0.5738933429163772	0.9611104810589743
40.18609304652326	0.5749531739845078	0.9614663781865221
40.3191595797899	0.5758259683977065	0.9607860634688433
40.452226113056525	0.5777571451772185	0.960688493749986
40.58529264632316	0.5779846632794761	0.9609336120958138
40.7183591795898	0.5783836100850899	0.9612090147882256
40.851425712856425	0.5801289662958732	0.9623560150853662
40.98449224612306	0.580811229759328	0.9612444972368032
41.1175587793897	0.5799894682610582	0.9605909648842351
41.250625312656325	0.5808655455082581	0.9595461535424811
41.38369184592296	0.5830032454062604	0.9605259222412939
41.516758379189596	0.5839152670723392	0.9614233538067205
41.649824912456225	0.5853614569047629	0.9616377819561474
41.78289144572286	0.5857515109051367	0.960715022547837
41.915957978989496	0.5865725108873042	0.9610942214324111
42.049024512256125	0.5865988997227553	0.9609657798342195
42.18209104552276	0.5891095118442895	0.9612171076311699
42.315157578789396	0.5893431018503181	0.9614142251107557
42.448224112056025	0.5891833626087342	0.9613900173865553
42.58129064532266	0.5903521460819813	0.9619367782873057
42.714357178589296	0.5910937714057856	0.9614213240927469
42.847423711855924	0.5928170794367532	0.9613647151414555
42.98049024512256	0.5926250764666877	0.9603742678198156
43.113556778389196	0.5940987162680278	0.9598732305317208
43.246623311655824	0.5947300764036167	0.9612872360343258
43.37968984492246	0.5972760207914716	0.9608619143734447
43.512756378189096	0.59834462161014	0.960468095534261
43.645822911455724	0.5987002275744769	0.9602983563912638
43.77888944472236	0.6003502267796458	0.9595506461310273
43.911955977988995	0.6008534162932138	0.9589466169443022
44.045022511255624	0.6024289117980954	0.9589328148841362
44.17808904452226	0.6048330742784119	0.9598491086356099
44.311155577788895	0.6065188144358086	0.9586668054962459
44.444222111055524	0.6064439818948507	0.9567028448026235
44.57728864432216	0.6068468302593832	0.9567138773193334
44.710355177588795	0.6085883462880631	0.9569747801106028
44.843421710855424	0.6094869156147231	0.9572116584291493
44.97648824412206	0.6114624722609258	0.9566189229030042
45.109554777388695	0.6117808950725975	0.9563376294700957
45.24262131065532	0.6130669968960435	0.9561980513344451
45.37568784392196	0.6142931970730858	0.956606313675192
45.508754377188595	0.6142199979107994	0.9569609118899837
45.64182091045522	0.6145158120108561	0.9572204794647104
45.77488744372186	0.6147320869726777	0.9569718701269206
45.907953976988495	0.6162798207492831	0.9571149751966862
46.04102051025512	0.617843866718881	0.9567426903733812
46.17408704352176	0.6192156845417853	0.9571492090861844
46.307153576788394	0.6213477642836254	0.9562843113330196
46.44022011005502	0.6226543692272138	0.9566254905183745
46.57328664332166	0.6232703368669321	0.9562200561365465
46.706353176588294	0.6236966279448188	0.9559417755815405
46.83941970985492	0.6244246663323946	0.9559796891224953
46.97248624312156	0.6250267350414748	0.9564429415382881
47.105552776388194	0.6270516561557679	0.956943100377378
47.23861930965483	0.6278134138631006	0.9571275020576335
47.37168584292146	0.6272661985691018	0.9579548352104569
47.504752376188094	0.6280139081033813	0.9581755773377713
47.63781890945473	0.6286022680268184	0.9581436639112442
47.77088544272136	0.6292053542069691	0.9573441728702019
47.903951975987994	0.6304267320232408	0.9581059949666968
48.03701850925463	0.6313283637758436	0.956894532832084
48.17008504252126	0.6323325118948678	0.9560685507069752
48.30315157578789	0.6334434095047815	0.9553060840001064
48.43621810905453	0.633259397884256	0.9551878738330287
48.56928464232116	0.6346543905486566	0.9548663632268574
48.70235117558779	0.6351006735991243	0.9552450463307325
48.83541770885443	0.6365009772360561	0.9557264150598956
48.96848424212106	0.6376222355619066	0.955388745674168
49.10155077538769	0.6387502404080182	0.9550022075573421
49.23461730865433	0.6384377968706649	0.9551144632190817
49.36768384192096	0.6383152039090192	0.9555519298110368
49.50075037518759	0.6384047833758031	0.9558007836241214
49.63381690845423	0.6378604124989137	0.9552370004030915
49.76688344172086	0.6374364508419735	0.9543338570022378
49.89994997498749	0.6381249901727014	0.9540960313779706
50.03301650825413	0.6390274285334622	0.9542834728029654
50.16608304152076	0.6403607918699933	0.9542481883870101
50.29914957478739	0.6415730655572836	0.9552055849455341
50.43221610805403	0.6426968826193946	0.9545195547373515
50.56528264132066	0.6429895572425924	0.9546164317673269
50.69834917458729	0.6442488458548747	0.953083889731759
50.83141570785393	0.6456576129566969	0.9525648623734415
50.96448224112056	0.6461744446866465	0.9511995207251476
51.09754877438719	0.6469063868666077	0.9505054466648433
51.23061530765383	0.6481095058238822	0.9510367870936021
51.36368184092046	0.6489453949964595	0.9511423369096464
51.49674837418709	0.6495683246014912	0.9498133362380746
51.62981490745373	0.6507411820549057	0.9503568848650542
51.762881440720356	0.6519060005576167	0.9498814071474532
51.89594797398699	0.6529596137566316	0.949451113980832
52.02901450725363	0.6532711643346774	0.9496076388866296
52.162081040520256	0.6536746427053867	0.9492710008709767
52.29514757378689	0.653893768265127	0.9490902865472354
52.42821410705353	0.6555540805065797	0.9477126134452918
52.561280640320156	0.6567227336272718	0.9475784048609508
52.69434717358679	0.6567389467944672	0.9480297707569803
52.82741370685343	0.6579466423689954	0.9482312349632319
52.960480240120056	0.6587386948534794	0.947611901251142
53.09354677338669	0.6598950949267881	0.9477372456959942
53.22661330665333	0.6611152362399443	0.9486431563675893
53.359679839919956	0.6614907238335285	0.9474656515659884
53.49274637318659	0.6612975139470123	0.9487870168739899
53.62581290645323	0.662410988198607	0.9499180954759705
53.758879439719855	0.6620622157391799	0.9495070925604701
53.89194597298649	0.6618669496369152	0.9502112052652838
54.02501250625313	0.6627049590159011	0.9504357733964905
54.158079039519755	0.6637973477594078	0.951011374860141
54.29114557278639	0.6640900642208113	0.950489893450203
54.42421210605303	0.665636388801149	0.9502566172496895
54.557278639319655	0.6669472021792774	0.9494746280271107
54.69034517258629	0.6666831131324887	0.9494336604440148
54.823411705852926	0.6669056671776723	0.9489262766290588
54.956478239119555	0.6680360147441091	0.9484319156408374
55.08954477238619	0.6692909629518435	0.9486248268486491
55.222611305652826	0.6708169993190215	0.9472335935400501
55.35567783891946	0.6721977052064253	0.9475254043690495
55.48874437218609	0.6735428600502643	0.9472343914965017
55.621810905452726	0.6746532993702771	0.9461757614650795
55.75487743871936	0.6754885375415138	0.9459109752316381
55.88794397198599	0.6753956389427058	0.9456382528963029
56.021010505252626	0.6760740387082109	0.9448478831400168
56.15407703851926	0.6763654569897894	0.9442950262142004
56.28714357178589	0.6779219970182424	0.9446284635079293
56.420210105052526	0.6780971947253359	0.9449532198172648
56.55327663831916	0.6786961854044632	0.9455647367146096
56.68634317158579	0.6792435720933472	0.9450297467643639
56.819409704852426	0.6799217351808848	0.9453297450470524
56.95247623811906	0.6806379259355547	0.9467707521195271
57.08554277138569	0.6818984392808121	0.9460418387807425
57.218609304652325	0.6820644545341289	0.9453312856766279
57.35167583791896	0.6821188938578956	0.9449672834327025
57.48474237118559	0.6819019494120768	0.9451346998135334
57.617808904452225	0.6816308373145185	0.9453131816543107
57.75087543771886	0.6820866640590799	0.9447654043485036
57.88394197098549	0.6823163317136056	0.9455324825057152
58.017008504252125	0.6835088079906494	0.9453635558551703
58.15007503751876	0.6842011210357309	0.9457391413760037
58.28314157078539	0.6852749007841632	0.9457385432244124
58.416208104052025	0.6871634590585931	0.945182845999756
58.54927463731866	0.6878708182722238	0.9448252199449365
58.68234117058529	0.688560889523806	0.9446800893821875
58.815407703851925	0.6902913350451286	0.9447112808509519
58.94847423711856	0.6901714448210101	0.9437600832545295
59.08154077038519	0.6907524960850099	0.9434410672420297
59.214607303651825	0.6899666651688422	0.9419069315888327
59.34767383691846	0.6905542290993955	0.9427189154280846
59.48074037018509	0.6909250869496183	0.942024739169343
59.613806903451724	0.6913352926143357	0.9420094616498508
59.74687343671836	0.6900291775116341	0.9418056096019441
59.87993996998499	0.6908294385718499	0.9428653690786297
60.013006503251624	0.6917308756178607	0.9430299186173136
60.14607303651826	0.692659012744281	0.9435126817323167
60.27913956978489	0.6936223744218502	0.9443132353290079
60.412206103051524	0.6942935145333028	0.9436568827933592
60.54527263631816	0.6938515324487016	0.9442852724317496
60.67833916958479	0.6944307542552817	0.9443135277148995
60.811405702851424	0.6952434594739801	0.9446056709420614
60.94447223611806	0.6957575855341769	0.9447890590027448
61.07753876938469	0.6963555773193296	0.945412187061091
61.210605302651324	0.6964321216659063	0.9444449823736669
61.34367183591796	0.6978237196567777	0.9453610488628144
61.47673836918459	0.6995564691945984	0.9446449295288009
61.60980490245122	0.7012612468753536	0.943853615032938
61.74287143571786	0.702150202978467	0.9434910371902899
61.87593796898449	0.7031045164192131	0.9429077700392534
62.00900450225112	0.7032855306344818	0.9439047979353299
62.14207103551776	0.7037014756674338	0.9447670863367765
62.27513756878439	0.7036684132889373	0.9441984055917682
62.40820410205102	0.7043144298898704	0.9444028944239452
62.54127063531766	0.7046578224108114	0.9443976307518066
62.67433716858429	0.7061011721757812	0.9454483820423794
62.80740370185092	0.7059846505653614	0.944881578573448
62.94047023511756	0.7061371754617342	0.9451396463142466
63.07353676838419	0.7078941674564574	0.9469908559988055
63.20660330165082	0.7076364260994872	0.9456999431302169
63.33966983491746	0.7088752847237692	0.9461414078467623
63.47273636818409	0.7102123698335729	0.9443218585919247
63.60580290145072	0.7104964401751477	0.9432149543273495
63.73886943471736	0.7112184041834063	0.9427581508458749
63.87193596798399	0.712849555915761	0.9431494491853699
64.00500250125063	0.7141369376780461	0.9434066372743618
64.13806903451726	0.7150059526448089	0.9429969478035397
64.27113556778389	0.71514568781113	0.9438326947498202
64.40420210105053	0.714548174615732	0.943362407956448
64.53726863431716	0.7151523627078069	0.9437875677673587
64.67033516758379	0.7169375627786617	0.9430405317904793
64.80340170085043	0.7168192148586972	0.9421908940096483
64.93646823411706	0.716417167887174	0.9414073900955163
65.06953476738369	0.7167204366355028	0.9412407847996123
65.20260130065033	0.7174407223172852	0.9412720391909699
65.33566783391696	0.7180094869303268	0.9416444401567776
65.46873436718359	0.7182496123682521	0.9412244311426948
65.60180090045023	0.718442560669821	0.9409086263152161
65.73486743371686	0.7185681747487884	0.9404791121455244
65.86793396698349	0.7184191352919855	0.9410009633426457
66.00100050025013	0.7180893294702266	0.9410020472581506
66.13406703351676	0.7187856714523995	0.9430115534347185
66.26713356678339	0.719043717862942	0.9432697000218637
66.40020010005003	0.7207466132194773	0.9415522407892324
66.53326663331666	0.7207222525711559	0.9419940302147926
66.66633316658329	0.7209206055431895	0.9423279401457586
66.79939969984993	0.7207945698733945	0.9422739595372019
66.93246623311656	0.7213372295588254	0.9412818544794646
67.06553276638319	0.7220385364979912	0.9428422512903036
67.19859929964983	0.7223534005890254	0.9431012978337261
67.33166583291646	0.7241111307844028	0.9425221213814867
67.46473236618309	0.7245381695356177	0.9411758226565194
67.59779889944973	0.7250187903786368	0.9403848468374059
67.73086543271636	0.7249911863643569	0.9390158076410785
67.86393196598299	0.7260050024280313	0.9397661399814847
67.99699849924963	0.7263909779995047	0.9396289516230393
68.13006503251626	0.7270622609479357	0.9398187412159423
68.26313156578288	0.7275100641878355	0.9400676268956254
68.39619809904953	0.7281554406347822	0.9407683104723383
68.52926463231616	0.7291906899978432	0.9412880258799663
68.66233116558278	0.7293832854016115	0.9408879330771719
68.79539769884943	0.730002325933782	0.9408427811674543
68.92846423211606	0.7316195771847096	0.9401800361078291
69.06153076538268	0.7336304463509706	0.941153099900087
69.19459729864933	0.7328755581521261	0.9402310480541942
69.32766383191596	0.7329061592377266	0.9398121068541903
69.46073036518258	0.7328396615762556	0.9393380862133188
69.59379689844923	0.7328830329989513	0.9378473361592012
69.72686343171586	0.73259328012402	0.9360207257022022
69.85992996498248	0.7330936038987883	0.9359328911226106
69.99299649824913	0.7339643577016997	0.9367799333477704
70.12606303151576	0.7342868405076451	0.9368671027563396
70.25912956478238	0.735700211613446	0.9382236044415458
70.39219609804903	0.735462770030936	0.9371014383229666
70.52526263131566	0.7352336448177231	0.9379760407662278
70.65832916458228	0.7346789941183287	0.9368672192901284
70.79139569784893	0.7360440133579442	0.9371759232040892
70.92446223111556	0.7370479474283019	0.937288405451881
71.05752876438218	0.7369623013392964	0.938224161487011
71.19059529764883	0.7368949794644416	0.9388402873864602
71.32366183091546	0.7373987211142167	0.9380929939869775
71.45672836418208	0.7388701946450571	0.9385792198642259
71.58979489744873	0.740973364658074	0.9389594331733382
71.72286143071535	0.7402333716027271	0.9377635241755871
71.85592796398198	0.7398809922770756	0.936702870387827
71.98899449724863	0.7399986477400485	0.9363631610273152
72.12206103051525	0.7416254158103784	0.9351425512605575
72.25512756378188	0.7426095725401868	0.9345673121311159
72.38819409704853	0.7422169190905614	0.9367087178510762
72.52126063031515	0.7432447995584206	0.9375744701072412
72.65432716358178	0.7436600928522709	0.939128575880522
72.78739369684843	0.7441566910265062	0.9384109440338689
72.92046023011505	0.7438000862708161	0.9378732495998431
73.05352676338168	0.7442318729026327	0.9368972852662721
73.18659329664833	0.7446895101252345	0.9368497927880353
73.31965982991495	0.7449638777036854	0.9363292201870604
73.45272636318158	0.744811416879863	0.9366871155902232
73.58579289644823	0.7449761227479003	0.9381114137388522
73.71885942971485	0.745569146956461	0.9389012338400673
73.85192596298148	0.7455466275334585	0.9378121615678655
73.98499249624813	0.7451976784767625	0.9356084916085213
74.11805902951475	0.745787714653194	0.9352174695834755
74.25112556278138	0.7483481695657987	0.9345193804184015
74.38419209604803	0.7494674966747344	0.9345808798923122
74.51725862931465	0.7496786996557858	0.9354785373448579
74.65032516258128	0.7510533891742011	0.9357075501078169
74.78339169584793	0.7519981696777234	0.9364172500596227
74.91645822911455	0.7529682810813336	0.9352850427545266
75.04952476238118	0.7531901889055741	0.9348049459645147
75.18259129564782	0.7525963458127214	0.9340337601001888
75.31565782891445	0.7528447965372056	0.9358468338664648
75.44872436218108	0.7534795419344598	0.9343701498189951
75.58179089544772	0.7530332409048233	0.9330697864308737
75.71485742871435	0.7535996021680281	0.9334222230246924
75.84792396198098	0.7528615743542385	0.9333416564965514
75.98099049524762	0.7527161315546418	0.9313602548736154
76.11405702851425	0.7536433437840716	0.9319902443328215
76.24712356178088	0.7530306316638313	0.9323854387645536
76.38019009504752	0.7536376787597392	0.934016530764228
76.51325662831415	0.7533721453915598	0.9330857658230531
76.6463231615808	0.7521334973780728	0.931620632140519
76.77938969484742	0.7526905285850753	0.9308324149141266
76.91245622811405	0.7533916187537796	0.9302043389417838
77.0455227613807	0.7528675273393979	0.930525333997052
77.17858929464732	0.7531151626351331	0.9305931865089558
77.31165582791395	0.7526853079163857	0.9301232584406286
77.4447223611806	0.7536073493459671	0.9305867953734196
77.57778889444722	0.7535773438227537	0.9303470608767649
77.71085542771385	0.7540542025174732	0.9308824390627122
77.8439219609805	0.7541207013166785	0.931856204625334
77.97698849424712	0.7540486926318571	0.9316166810948513
78.11005502751375	0.754566057098326	0.9310163659636591
78.2431215607804	0.7552421275642748	0.9300969919115866
78.37618809404702	0.7563475993287254	0.9297962342614347
78.50925462731365	0.7565607525133969	0.9303256915192692
78.6423211605803	0.7571458323135998	0.9303290934185733
78.77538769384692	0.7578905201865801	0.9302251117458533
78.90845422711355	0.7585457057155115	0.9305192513824367
79.0415207603802	0.7598889483982522	0.9312327584361285
79.17458729364682	0.7609005680462154	0.9302363747726196
79.30765382691345	0.7616914458217945	0.9300503046743164
79.4407203601801	0.7619104501353029	0.9299770681288408
79.57378689344672	0.7611136791394545	0.9304899961130676
79.70685342671335	0.7609258870125025	0.9305365696623921
79.83991995998	0.7615322201807779	0.9304578438397016
79.97298649324662	0.762917825420083	0.9323815708535883
80.10605302651325	0.7616523016987918	0.9313996985041498
80.2391195597799	0.7601444144712636	0.9305158907933159
80.37218609304652	0.7613201847194582	0.9320268094420882
80.50525262631315	0.7617193994604102	0.9333516958449957
80.6383191595798	0.7614238846802223	0.9331303795453585
80.77138569284642	0.7619961600794283	0.9330196685765828
80.90445222611305	0.7625256875021533	0.9327329561164562
81.0375187593797	0.7621432433644941	0.9313380845321685
81.17058529264632	0.7621836688878897	0.9299650988390639
81.30365182591295	0.762844602638594	0.9295858723009055
81.4367183591796	0.7643527961844735	0.9290612626629103
81.56978489244622	0.7641968598058574	0.9290321726602085
81.70285142571285	0.7637245979408451	0.9287379400914982
81.8359179589795	0.763944482382922	0.928859586963513
81.96898449224612	0.7641078580945819	0.9288432943528111
82.10205102551275	0.765416092064051	0.9283477951972313
82.2351175587794	0.7656228866543169	0.9278586906636803
82.36818409204602	0.7666050090929408	0.9264685369534555
82.50125062531265	0.7671907724027153	0.9258739521898802
82.6343171585793	0.7674060223690117	0.925737921323587
82.76738369184592	0.7679044475351081	0.9251722868366
82.90045022511255	0.7675429909624677	0.9246981519821099
83.03351675837919	0.7689808500560998	0.9253972920868264
83.16658329164582	0.7701867969921636	0.9252682279012275
83.29964982491245	0.7701526656702258	0.9265136687921386
83.43271635817909	0.7711194872653261	0.9273464435659268
83.56578289144572	0.7711359360311497	0.9259054837095799
83.69884942471235	0.7720422899781079	0.9254887659718969
83.83191595797899	0.7725079781792762	0.926090583711524
83.96498249124562	0.7730427061962859	0.9259515363652234
84.09804902451225	0.7729377823685788	0.9248858981974993
84.23111555777889	0.7727412229965048	0.9241567613886983
84.36418209104552	0.7724777261643853	0.9236042536001051
84.49724862431215	0.7717555679094691	0.924243660334541
84.63031515757879	0.7727532263514498	0.9248734909324072
84.76338169084542	0.7731969279011881	0.9239990226401258
84.89644822411205	0.7729233927539222	0.9243960142409068
85.02951475737869	0.7737460263926044	0.9249052788232248
85.16258129064532	0.773817367958106	0.9245759585485268
85.29564782391195	0.773948280509382	0.9251339386262433
85.42871435717859	0.7732415945313496	0.9259747981482678
85.56178089044522	0.7719612525296936	0.9251783708881023
85.69484742371185	0.7723856478603958	0.9253677466445889
85.82791395697849	0.7727034991698504	0.9255544494480521
85.96098049024512	0.7735664196096607	0.925373258263548
86.09404702351175	0.7736839642683876	0.9251495113752494
86.22711355677839	0.7742007061841918	0.9249363662976943
86.36018009004502	0.7751156647679587	0.9246836770781732
86.49324662331165	0.7747562478790289	0.9233483547831572
86.62631315657829	0.7746561260169925	0.9224922432010021
86.75937968984492	0.7763085693625599	0.9226289546493003
86.89244622311155	0.7755758566176374	0.9209982425313425
87.02551275637819	0.7757965512073909	0.9203193471954769
87.15857928964482	0.7770959543341156	0.9204547972358232
87.29164582291145	0.7769834866430196	0.9194504649331694
87.42471235617809	0.7772956923635402	0.9192268503781814
87.55777888944472	0.7769878143396659	0.919137937862869
87.69084542271135	0.7762577689590818	0.9193211422769325
87.82391195597799	0.7759629246117967	0.919821326658307
87.95697848924462	0.7756088500702526	0.919043815649374
88.09004502251125	0.7764704093263624	0.9174893358538979
88.22311155577789	0.7779371506720915	0.9175404913298205
88.35617808904452	0.7780434528612752	0.9180815435209206
88.48924462231115	0.7787300007721644	0.9180242546692496
88.62231115557779	0.7790530467803344	0.917926563747767
88.75537768884442	0.7786765641718792	0.919100413051384
88.88844422211105	0.7777905930944173	0.9191547098581602
89.02151075537769	0.7782018178323323	0.9205136712846855
89.15457728864432	0.7780294038034282	0.9209391694196735
89.28764382191095	0.7770505369688996	0.921621886825664
89.42071035517759	0.7776147925765314	0.920736562581806
89.55377688844422	0.7783187881154984	0.9195383520868158
89.68684342171085	0.7780703978058667	0.9188046000683376
89.81990995497749	0.7782779239463806	0.9183111427812958
89.95297648824412	0.7779026136812474	0.9191425276051072
90.08604302151075	0.77837468421637	0.918918646893064
90.21910955477739	0.7787754580502481	0.9190890978427126
90.35217608804402	0.7791141522627343	0.9192916423736879
90.48524262131065	0.7799651761096532	0.9185906472093733
90.61830915457729	0.7797462686980329	0.9196557109205766
90.75137568784392	0.7801272815315137	0.9204189117705381
90.88444222111055	0.7808193614001279	0.9207961545314415
91.01750875437719	0.7807900526669054	0.9201804240223854
91.15057528764382	0.7811862646879834	0.9199012196713034
91.28364182091045	0.78185760803608	0.9197709996009249
91.41670835417709	0.7820323368310365	0.9187343431823968
91.54977488744372	0.7816054143714382	0.9184557202143433
91.68284142071035	0.7810684010266334	0.9180151286236063
91.81590795397699	0.7817457373435253	0.9167225331525077
91.94897448724362	0.7810473303094982	0.9170729352593799
92.08204102051025	0.7805181673136246	0.9166791127128268
92.21510755377689	0.7811600312720639	0.9168050740743591
92.34817408704352	0.7808506856907705	0.9172533854290504
92.48124062031015	0.7810634600742443	0.9167275219111218
92.61430715357679	0.7818425977118525	0.915703855160011
92.74737368684342	0.7818268337125787	0.9155864098445075
92.88044022011005	0.7821638312474166	0.9162209762988482
93.01350675337669	0.7833198568414873	0.9168844134509515
93.14657328664332	0.7821239177035887	0.9171381175774018
93.27963981990995	0.7818829723858771	0.9168037331830208
93.41270635317659	0.7830960678509229	0.9175627959654956
93.54577288644322	0.7832699775861404	0.9189680937356864
93.67883941970985	0.7839058822912043	0.9178801388602426
93.81190595297649	0.784145129902171	0.9175327838748131
93.94497248624312	0.7845462611513904	0.9189973790284608
94.07803901950976	0.786038998487571	0.9190695024748207
94.21110555277639	0.7858912174507522	0.9182895375696091
94.34417208604302	0.7849658077607824	0.9182794271467511
94.47723861930966	0.7857352689296856	0.9173806303882959
94.61030515257629	0.7859123473776322	0.9157387159984434
94.74337168584292	0.7855367769328813	0.916158058184944
94.87643821910956	0.7861093710565936	0.9165808623563129
95.00950475237619	0.7865157351073339	0.9161410009518747
95.14257128564282	0.7865268312906541	0.9147713250505859
95.27563781890946	0.7877716135752355	0.9140534808389245
95.40870435217609	0.7888244977205197	0.9139785302276099
95.54177088544272	0.7880466987097806	0.9135125439932466
95.67483741870936	0.7878225232696977	0.9139911852610179
95.80790395197599	0.7877466600599917	0.9145224705809637
95.94097048524262	0.7887105233146288	0.9141702803054947
96.07403701850926	0.789174224006049	0.915298286021242
96.20710355177589	0.7894313910602653	0.9159533579070164
96.34017008504252	0.7887002518801395	0.91529028409487
96.47323661830916	0.7883376672983318	0.9153999642236997
96.60630315157579	0.7886674754947863	0.9151437480398139
96.73936968484242	0.787786972249096	0.916431590513882
96.87243621810906	0.7870475317921194	0.9167750290587602
97.00550275137569	0.7866838073017054	0.9156619009858757
97.13856928464232	0.7876117680126672	0.9160240739145399
97.27163581790896	0.7856751496662212	0.915465268618449
97.40470235117559	0.7847401065355457	0.9158797245428847
97.53776888444222	0.7854990451492035	0.9157917696572937
97.67083541770886	0.785510487528481	0.914998980818926
97.80390195097549	0.7866685398922783	0.9157638507403034
97.93696848424212	0.7876680662214461	0.9156672694356971
98.07003501750876	0.7887911198487116	0.9154790189879184
98.20310155077539	0.7890780931808741	0.9151350608993181
98.33616808404201	0.7905044058641199	0.915071539497879
98.46923461730866	0.7901315802374068	0.9150365920504215
98.60230115057529	0.790624528424293	0.9150080384224322
98.73536768384191	0.7923390608271005	0.9148134354216062
98.86843421710856	0.7914459391952113	0.9141112106763025
99.00150075037519	0.7923089819138674	0.9135400532417742
99.13456728364181	0.7930515637247213	0.9133350272377271
99.26763381690846	0.7924694536807946	0.913544632774444
99.40070035017509	0.7922091296995201	0.9142407355973869
99.53376688344171	0.7923157512306176	0.9150588481592646
99.66683341670836	0.791978974839213	0.9135812275659788
99.79989994997499	0.7925769253931553	0.9116261958471521
99.93296648324161	0.7928439760049993	0.9116468885412918
100.06603301650826	0.7926766649366438	0.9113082273535652
100.19909954977489	0.7922534542890716	0.9109222936972832
100.33216608304151	0.7924666766857857	0.9121652037620418
100.46523261630816	0.7940369253603359	0.9132611125711795
100.59829914957479	0.7937411579509224	0.9136109932231538
100.73136568284141	0.7924617667031759	0.912860128934545
100.86443221610806	0.7937960853340578	0.9116790031558711
100.99749874937469	0.7943341816688322	0.9110441309243968
101.13056528264131	0.7945829753558867	0.9114561725150524
101.26363181590796	0.7945915494337524	0.9126513776219272
101.39669834917459	0.7948149122844849	0.9135986144055986
101.52976488244121	0.7951608755695245	0.9130237322465934
101.66283141570786	0.7947688635495695	0.9120420575957072
101.79589794897448	0.7948289859671267	0.9121827013094467
101.92896448224111	0.795356796593717	0.9126272518612756
102.06203101550776	0.797206554437498	0.9126025771276846
102.19509754877438	0.7979787269067273	0.9119418714382108
102.32816408204101	0.7971834602687086	0.9116202813340855
102.46123061530766	0.7968759650569207	0.911710481306682
102.59429714857428	0.7964548986050991	0.9121375382452522
102.72736368184091	0.7962610020249975	0.9126588258839031
102.86043021510756	0.7973447483470408	0.9126898564824545
102.99349674837418	0.7985771168702324	0.9124753316255517
103.12656328164081	0.7977941622542271	0.9122371432090118
103.25962981490746	0.7965341222678447	0.9127583176912368
103.39269634817408	0.7951888287174593	0.9126462854289967
103.52576288144071	0.794812709811465	0.9126778550794442
103.65882941470736	0.7956422592606226	0.9119844612847587
103.79189594797398	0.7961348083257743	0.9115732620190676
103.92496248124061	0.7971793217421963	0.9121936556157063
104.05802901450726	0.7977045408126637	0.9126000366872503
104.19109554777388	0.7972227270694482	0.9113515724154808
104.32416208104051	0.7966626735530545	0.9095178394949631
104.45722861430716	0.7970614667815291	0.9094178949783155
104.59029514757378	0.7974050928200853	0.9099593583124954
104.72336168084041	0.7978173020794975	0.9108211218800709
104.85642821410705	0.8002035384101926	0.9107530934580685
104.98949474737368	0.8005257253333042	0.9101130769584388
105.12256128064031	0.8003527375739747	0.90954781452637
105.25562781390695	0.8010965084281393	0.9082385521845071
105.38869434717358	0.8015544899507075	0.9093333675708912
105.52176088044021	0.8012478749899681	0.9097227885458783
105.65482741370685	0.8014751909378373	0.9090476271226783
105.78789394697348	0.8016500917607318	0.9093507254002685
105.92096048024011	0.8018099553442906	0.9085958569773593
106.05402701350675	0.8012184099421983	0.9085852891241433
106.18709354677338	0.801010107943264	0.909287762755889
106.32016008004001	0.8014632269422487	0.9106093445458763
106.45322661330665	0.8012698235035735	0.911086834933023
106.58629314657328	0.8008411028887104	0.9112463874188075
106.71935967983991	0.8010163199654989	0.9099491287707282
106.85242621310655	0.8017691500978257	0.9094501308902458
106.98549274637318	0.8021666285772996	0.9100824432918361
107.11855927963981	0.8017064774487974	0.9087533717302524
107.25162581290645	0.8028945140141783	0.9074893557133012
107.38469234617308	0.8039241061236575	0.9079045813047043
107.51775887943971	0.8033638091973181	0.9078363363460124
107.65082541270635	0.8022849710105451	0.9067493311936405
107.78389194597298	0.8031808470422002	0.9069289083399218
107.91695847923961	0.8049974379360002	0.9068062610288852
108.05002501250625	0.8051646716725198	0.907311455994884
108.18309154577288	0.804360084135036	0.9080435897414391
108.31615807903951	0.8059497400482564	0.9071704193549668
108.44922461230615	0.8063041645976853	0.9064366790964026
108.58229114557278	0.8073100983740897	0.9065748257754919
108.71535767883941	0.8073533698767899	0.9063455522559167
108.84842421210605	0.8066575435294248	0.9054881137412287
108.98149074537268	0.8070430791863585	0.906114553445509
109.11455727863931	0.8079929271722897	0.9061493552947585
109.24762381190595	0.8080866588001927	0.9060962656390195
109.38069034517258	0.8080074146409832	0.9054302421158499
109.51375687843921	0.8086258312591638	0.9046556219155167
109.64682341170585	0.809653259667445	0.9043105797170619
109.77988994497248	0.8086938881652184	0.9042644965855454
109.91295647823911	0.8082908536225919	0.904057508373603
110.04602301150575	0.8085028064362488	0.9043777273132182
110.17908954477238	0.8084500695695797	0.9045524933329571
110.31215607803901	0.8085327217034831	0.9049679384598884
110.44522261130565	0.8086064526778473	0.903790484798218
110.57828914457228	0.8077158643817723	0.9033006080196879
110.71135567783892	0.8081048625543009	0.9032333524787245
110.84442221110555	0.8089108594307869	0.901355903630114
110.97748874437218	0.8095856801344039	0.9002463083389949
111.11055527763882	0.8095984635643209	0.9001286131717651
111.24362181090545	0.8095579907434639	0.9016233145133526
111.37668834417208	0.8088509882091487	0.9012050138470008
111.50975487743872	0.8088996505166255	0.9003945687580847
111.64282141070535	0.8082693318953309	0.9007266692264121
111.77588794397198	0.8066916285860665	0.9005980399714419
111.90895447723862	0.8080333083040927	0.9016241477537569
112.04202101050525	0.8077842552615213	0.9029902059035312
112.17508754377188	0.8083521886203341	0.9031668140935539
112.30815407703852	0.8094640156660288	0.9031511379451364
112.44122061030515	0.8090676958827125	0.9037392798083544
112.57428714357178	0.8091012528150231	0.9030145594449024
112.70735367683842	0.809370575548291	0.9014559198111973
112.84042021010505	0.8085073714085159	0.9017140494019478
112.97348674337168	0.807709439910627	0.9018407605371156
113.10655327663832	0.8079638454768466	0.9011950124663619
113.23961980990495	0.8075446189571039	0.9015100393063823
113.37268634317158	0.8077790032408984	0.9017421328843985
113.50575287643822	0.8070340734596491	0.902638829845232
113.63881940970485	0.8066899942475277	0.9024249387126911
113.77188594297148	0.8077768179282995	0.9029847151021971
113.90495247623812	0.8075961927922537	0.9033210475618986
114.03801900950475	0.8076661945354948	0.9030804964656843
114.17108554277138	0.8091325337443321	0.9039513033456632
114.30415207603802	0.8098346860397266	0.9047751885412165
114.43721860930465	0.8100664190089809	0.9040251428433013
114.57028514257128	0.811341569774144	0.9023647007765642
114.70335167583792	0.8113413202904445	0.9006193686173838
114.83641820910455	0.8108948934204655	0.8997704473565132
114.96948474237118	0.8102909131632187	0.8990697835271534
115.10255127563782	0.8093422758907498	0.8979856766440069
115.23561780890445	0.8089589911309811	0.8981130798903575
115.36868434217108	0.8093140838516845	0.8983002374534585
115.50175087543772	0.8098643627906863	0.8998013545550493
115.63481740870435	0.8104384177797263	0.8997509554817756
115.76788394197098	0.8109680414822071	0.8994371229299812
115.90095047523762	0.8111634402638808	0.8997550513902415
116.03401700850425	0.810883539549173	0.8993945366419387
116.16708354177088	0.810700724306214	0.899264072400515
116.30015007503752	0.8110284262245828	0.8979585118871451
116.43321660830415	0.8110374954807469	0.8975146098176755
116.56628314157078	0.8127600170537499	0.8986505280013566
116.69934967483742	0.8119943227656373	0.8976753017147264
116.83241620810405	0.8110082703435587	0.8972379846791136
116.96548274137068	0.8124115618275602	0.8975940459870613
117.09854927463732	0.8130550347264122	0.8976524931437976
117.23161580790395	0.8132161563487158	0.8980451804558076
117.36468234117058	0.8131567666035687	0.8982939642550588
117.49774887443722	0.8126934305685112	0.8985513514205267
117.63081540770385	0.8126168391932976	0.8982512173106073
117.76388194097048	0.8124922864236975	0.8981168888930294
117.89694847423712	0.8125641105899573	0.8981367843426804
118.03001500750375	0.8127470583789705	0.899529710565718
118.16308154077038	0.8127646061928007	0.8998802599071112
118.29614807403702	0.8129957789750788	0.8994260313194757
118.42921460730365	0.813603845321663	0.9004911153642052
118.56228114057028	0.8139681554898025	0.9009071292056087
118.69534767383692	0.8128403164368287	0.9006080414674951
118.82841420710355	0.8117471606845512	0.9002658359691013
118.96148074037018	0.8116961523338408	0.8992687109111079
119.09454727363682	0.812391231300908	0.8993183886375306
119.22761380690345	0.8131829865743698	0.8998329552184544
119.36068034017008	0.8138846722531016	0.8989216610975367
119.49374687343672	0.8146735271204295	0.8991803182020114
119.62681340670335	0.8155837931347845	0.9004109350922332
119.75987993996998	0.8155826060916714	0.8996655678315187
119.89294647323662	0.8143224271619285	0.8975484034314304
120.02601300650325	0.8144399092188266	0.8973361925592497
120.15907953976988	0.8141679497638358	0.8986230903775684
120.29214607303652	0.8132755629101422	0.8994789868592651
120.42521260630315	0.8136254728375585	0.8993110577123197
120.55827913956978	0.8145212327480825	0.8992779881237574
120.69134567283642	0.814582065178697	0.900935654660183
120.82441220610305	0.8141860983889935	0.9011425721994795
120.95747873936968	0.814834014338855	0.900801778184107
121.09054527263632	0.814209462620755	0.9006728639481473
121.22361180590295	0.8131003075500637	0.9005411781472921
121.35667833916958	0.8143399761925828	0.9013075909289391
121.48974487243622	0.8148726282671898	0.9010708746230148
121.62281140570285	0.8146076376165065	0.9005472872710691
121.75587793896948	0.8137308085810934	0.9002471740269102
121.88894447223612	0.8130696157638604	0.8994979038611254
122.02201100550275	0.8127641767084831	0.8983068915872966
122.15507753876938	0.8134113788003787	0.8965169048380874
122.28814407203602	0.815291889218825	0.8956874123478739
122.42121060530265	0.8144622713785026	0.8952614516457764
122.55427713856928	0.8135673721761367	0.8962073543386602
122.68734367183592	0.8145129947255996	0.8979728288041486
122.82041020510255	0.8156339735320904	0.8985169382465273
122.95347673836918	0.8162814404425395	0.8980976066498757
123.08654327163582	0.8162353689603935	0.8973890971766546
123.21960980490245	0.8165529022828083	0.8971123508086223
123.35267633816908	0.8164130339334216	0.8964428307119214
123.48574287143572	0.8164648357044697	0.896155751144196
123.61880940470235	0.8171888174765897	0.8962429881077332
123.75187593796898	0.8165706829081618	0.8964329923601637
123.88494247123562	0.8160181164420006	0.8968781091919326
124.01800900450225	0.8169610415593581	0.8956329069993181
124.15107553776888	0.8166827784979972	0.8950239489403291
124.28414207103552	0.8157714103855392	0.8950066914269778
124.41720860430215	0.8153710387027249	0.895173692650107
124.55027513756878	0.8146107844693622	0.8951580795247513
124.68334167083542	0.8137737227851534	0.8943423971338378
124.81640820410205	0.8144520536366284	0.8944226859678645
124.94947473736867	0.8138795431471305	0.8952621338866538
125.08254127063532	0.8128340065144597	0.8957315639005345
125.21560780390195	0.8132328170989424	0.8961630784422566
125.34867433716857	0.8134025665509385	0.8953542888827651
125.48174087043522	0.8131454124905542	0.8931596391997112
125.61480740370185	0.813496861726462	0.8921614822534543
125.74787393696847	0.814408664817807	0.8922676943189188
125.88094047023512	0.8145264177280902	0.8909629881820342
126.01400700350175	0.8145270673245153	0.8891672677629547
126.14707353676837	0.8145758520609937	0.8896843045666152
126.28014007003502	0.8152096776064172	0.8905140044757169
126.41320660330165	0.8143572040195247	0.8915499900561372
126.54627313656827	0.8135822358971352	0.8914493103658229
126.67933966983492	0.8135940057398526	0.8910150689337079
126.81240620310155	0.8121368224435224	0.8917034384749046
126.94547273636817	0.8125900590131149	0.8921971737176618
127.07853926963482	0.8127909016951138	0.893375473756374
127.21160580290145	0.811815895823263	0.892882774354606
127.34467233616807	0.8108164330226106	0.8917052455895644
127.47773886943472	0.8100630201443669	0.8919309872584225
127.61080540270135	0.8116963883754785	0.8916261659939484
127.74387193596797	0.8117677709641817	0.8902213903394202
127.87693846923462	0.8112220670120672	0.8900375564435454
128.01000500250126	0.8120147640579374	0.8901620936358305
128.1430715357679	0.8125185878447648	0.889781817703499
128.27613806903452	0.8122072054754548	0.8891658294856221
128.40920460230114	0.8118097024159437	0.8885527753612302
128.54227113556777	0.8128017399526137	0.8891763187249538
128.6753376688344	0.8122472063848825	0.888891072361296
128.80840420210106	0.811514252365347	0.8875601926730087
128.9414707353677	0.8125673825895893	0.8878053171139648
129.07453726863432	0.8126581522181914	0.8880343596765057
129.20760380190094	0.8123238304780486	0.8887481264674338
129.34067033516757	0.8121058035627451	0.8890974643216161
129.4737368684342	0.8122679397711966	0.8882677359804633
129.60680340170086	0.8117320642433666	0.8883281407498763
129.7398699349675	0.8112251785743977	0.8880777690391551
129.87293646823412	0.8110599425449939	0.8872006938994084
130.00600300150074	0.8105272734432042	0.8867013985089176
130.13906953476737	0.8106537394203438	0.8870483509155718
130.272136068034	0.8105727159920707	0.8879171196373259
130.40520260130066	0.8106462159897314	0.8888698887544851
130.5382691345673	0.8102424472476852	0.8889993429135419
130.67133566783392	0.8104668209517405	0.8896654117154994
130.80440220110054	0.8118028766650537	0.8900514036641628
130.93746873436717	0.8118213089511863	0.8899487587324303
131.0705352676338	0.8109310353401217	0.8909360356625873
131.20360180090046	0.8111715805249818	0.891065851649413
131.3366683341671	0.8118377449543344	0.8907089712589739
131.46973486743371	0.8120946164357224	0.8914483485117983
131.60280140070034	0.8121323708369212	0.8919589310148984
131.73586793396697	0.8118012070039488	0.8920059283675982
131.8689344672336	0.8115449192895562	0.8908719271490693
132.00200100050026	0.8124413328480624	0.8892677193595541
132.1350675337669	0.8128424584749345	0.8892800318585575
132.26813406703351	0.8114954252016185	0.8890648031073012
132.40120060030014	0.8105578398190059	0.8892967582123178
132.53426713356677	0.8110151487460737	0.8898573290403263
132.6673336668334	0.8119299153823414	0.8893489257544825
132.80040020010006	0.8122405466971209	0.8883751558015729
132.93346673336669	0.8119117054280006	0.8874038534426416
133.06653326663331	0.8112039359109519	0.8872907190442924
133.19959979989994	0.8110409736829389	0.8874148770512656
133.33266633316657	0.8120519057313776	0.8872045864043907
133.4657328664332	0.8133440436675344	0.887571844497623
133.59879939969986	0.814525363166401	0.8876933474738576
133.73186593296649	0.8144410557477489	0.8866624180104485
133.8649324662331	0.8142516520420046	0.8869018905942605
133.99799899949974	0.8149872449493167	0.8873602468392011
134.13106553276637	0.814374240290371	0.8877648746211503
134.264132066033	0.8140769105288176	0.8878850261884456
134.39719859929966	0.8153409471781029	0.8870048931632301
134.53026513256629	0.8147718888041052	0.886344361997126
134.6633316658329	0.8133114439096507	0.8858459576329096
134.79639819909954	0.8130703090747304	0.885615101906055
134.92946473236617	0.812707789471788	0.885815860389935
135.0625312656328	0.8127247085192986	0.8865960275445768
135.19559779889946	0.8118182815478352	0.8867848997114253
135.32866433216608	0.811973010640418	0.8863548551069554
135.4617308654327	0.8128198580347984	0.8850255635288776
135.59479739869934	0.8125609308101641	0.8849921972528036
135.72786393196597	0.8132388362983868	0.8850989129248239
135.8609304652326	0.812606847859961	0.884186805751474
135.99399699849926	0.8111469533717953	0.8839923496288794
136.12706353176588	0.8118263170199171	0.8837401756130818
136.2601300650325	0.8122479320467548	0.8827505526825705
136.39319659829914	0.8120293461211965	0.8823123682471882
136.52626313156577	0.8125566765173172	0.8829083767893069
136.65932966483243	0.8122468554117795	0.883511475576281
136.79239619809906	0.8116740071996162	0.8831096887245321
136.92546273136568	0.8109138233322796	0.881765693752046
137.0585292646323	0.8112198520453748	0.8821587115161753
137.19159579789894	0.8106214640888092	0.8829746233348372
137.32466233116557	0.8098994416425137	0.8819099822821973
137.45772886443223	0.8106529549633441	0.8816508314971877
137.59079539769886	0.8107561515279604	0.8827248969493842
137.72386193096548	0.8102503741360809	0.8823797384546778
137.8569284642321	0.8102665732925642	0.8820858886026977
137.98999499749874	0.8104945033467056	0.8823986165149448
138.12306153076537	0.8104267462912081	0.883385373409531
138.25612806403203	0.8122081880074528	0.8841269692936335
138.38919459729865	0.8142429375725312	0.8835778871574754
138.52226113056528	0.8139366919756094	0.8830943349452655
138.6553276638319	0.8126964012472089	0.8834458905117513
138.78839419709854	0.8132347608893401	0.88376682956457
138.92146073036517	0.8134528488721673	0.882934180381642
139.05452726363183	0.8131837581006754	0.8829900355231729
139.18759379689845	0.8123081078146571	0.882509301148411
139.32066033016508	0.8111471705516717	0.88142200989436
139.4537268634317	0.8117326185227197	0.8814988375593981
139.58679339669834	0.811945519515824	0.8815503460725315
139.71985992996497	0.8115818622103845	0.8801806664568185
139.85292646323163	0.8116682186635443	0.8799842921652646
139.98599299649825	0.811763589836564	0.8802474446623789
140.11905952976488	0.8121557678775636	0.8796331658738751
140.2521260630315	0.8117448159027638	0.8796106512844082
140.38519259629814	0.8115682818238061	0.8799523776399655
140.51825912956477	0.8119663463327862	0.8798601147297126
140.65132566283143	0.8119041025266045	0.8789335569621541
140.78439219609805	0.8125051237290214	0.8793531683282083
140.91745872936468	0.8127232439519975	0.8795223732489226
141.0505252626313	0.8123286795727109	0.8782241177426363
141.18359179589794	0.8119877637063743	0.878395770783582
141.31665832916457	0.8103191503230494	0.8796626917132043
141.44972486243122	0.809400050495695	0.8814054304475843
141.58279139569785	0.8092944968430044	0.8813701250419114
141.71585792896448	0.809239637104816	0.8799905082891134
141.8489244622311	0.8097917921138806	0.880599068614493
141.98199099549774	0.8098138256440023	0.880644832314678
142.11505752876437	0.808861678724	0.8809189383508701
142.24812406203102	0.8074209836066955	0.8812293081121849
142.38119059529765	0.8071259651398044	0.8804211661149053
142.51425712856428	0.8077471496859367	0.8821624761483651
142.6473236618309	0.8073052599088436	0.8829409155742239
142.78039019509754	0.8072737200612817	0.8820101499826364
142.91345672836417	0.8072658847838754	0.8822532686660727
143.04652326163082	0.807168803083864	0.8820115638904636
143.17958979489745	0.8071749761518374	0.8809903894985578
143.31265632816408	0.8073308574257324	0.8809007138948629
143.4457228614307	0.8076566905824766	0.8804642868396125
143.57878939469734	0.8072381740038413	0.8791586884338229
143.71185592796397	0.8075561998531569	0.8780720864803857
143.84492246123062	0.8074670829031558	0.8774738089341917
143.97798899449725	0.8083505288283579	0.8771753293453104
144.11105552776388	0.8083295389588786	0.8762880982090255
144.2441220610305	0.807828067888096	0.874849751157617
144.37718859429714	0.8084131128454305	0.8746514713801534
144.51025512756377	0.8077755176270444	0.8751549289809982
144.64332166083042	0.8073800905180041	0.8750334727626834
144.77638819409705	0.8076480563306672	0.8747188688168471
144.90945472736368	0.8085537544711192	0.8749463058864985
145.0425212606303	0.8080556483421355	0.8758437828442128
145.17558779389694	0.8069670852568843	0.8753661134973403
145.30865432716357	0.8067489752370078	0.8743924258035976
145.44172086043022	0.807022371563086	0.8737230108795535
145.57478739369685	0.8078697373702219	0.8739523404997696
145.70785392696348	0.8076004781462475	0.8756321780093834
145.8409204602301	0.8069431751682439	0.8756156112986435
145.97398699349674	0.8076790926098586	0.8757154235171731
146.10705352676337	0.807513876672064	0.8759875185246448
146.24012006003002	0.8073300395368938	0.8757850796462677
146.37318659329665	0.8072748790994274	0.8767640603747127
146.50625312656328	0.8067524732284874	0.8782781469450749
146.6393196598299	0.8066866059151784	0.8782112840507317
146.77238619309654	0.8077444749883961	0.8770516762156846
146.90545272636317	0.8085341819403408	0.8768784420907929
147.03851925962982	0.8074011007404533	0.8763839024938158
147.17158579289645	0.8061534500829429	0.8765812922681218
147.30465232616308	0.8052716683686622	0.8770460075331169
147.4377188594297	0.8043666745679243	0.8764405115732038
147.57078539269634	0.8035205724771142	0.875207463907852
147.70385192596297	0.8032095045272902	0.87500670705277
147.83691845922962	0.8040901023213657	0.8748066893850662
147.96998499249625	0.8050964513713083	0.8747837984466489
148.10305152576288	0.8058728135675629	0.8751182171721146
148.2361180590295	0.8053217683586231	0.8745683686584835
148.36918459229614	0.8053386153378389	0.8753404018664999
148.50225112556276	0.806229481797703	0.8758522370200147
148.63531765882942	0.805212967624587	0.8750445847674733
148.76838419209605	0.8048010933703282	0.8740159219366525
148.90145072536268	0.8055664151034754	0.8731529835818701
149.0345172586293	0.8059422919898681	0.8727009423380211
149.16758379189594	0.805145222347819	0.8724805059228333
149.30065032516256	0.8055299954186548	0.8729500184982641
149.43371685842922	0.805881927099624	0.8718942728291704
149.56678339169585	0.8061201467362983	0.871009388336742
149.69984992496248	0.8065526953507898	0.8713390006825824
149.8329164582291	0.8064219691800077	0.8722047850739639
149.96598299149574	0.8056676035991561	0.8721499397758999
150.09904952476236	0.8050973192249709	0.871195763243666
150.23211605802902	0.8052053403186067	0.8712649580568246
150.36518259129565	0.8057094085901956	0.8710086022489842
150.49824912456228	0.8052102705073696	0.8712515268325107
150.6313156578289	0.8055359541390538	0.8711731741978046
150.76438219109554	0.806029463907	0.8704927339960274
150.89744872436216	0.8061582071246005	0.869908573361672
151.03051525762882	0.80728317004774	0.8696912989166732
151.16358179089545	0.8073966699951023	0.8701571927429945
151.29664832416208	0.8072556439424903	0.8711945384069575
151.4297148574287	0.8063873707109709	0.871680236067684
151.56278139069533	0.8054905340360433	0.8720960246361503
151.69584792396196	0.8060898080748106	0.8716338246974996
151.82891445722862	0.8068836036176502	0.8710408989470053
151.96198099049525	0.8070727054113492	0.8712035346924705
152.09504752376188	0.8069020253276304	0.8713343135590318
152.2281140570285	0.8076916543459777	0.8717480331082482
152.36118059029513	0.8086700951663555	0.8710980043893592
152.49424712356176	0.8073975833353743	0.8707448675556102
152.62731365682842	0.8073591458932675	0.8711341253598802
152.76038019009505	0.80730001907741	0.8717237498495832
152.89344672336168	0.8064216692439053	0.8721850218550274
153.0265132566283	0.8061866026979493	0.8721140225148308
153.15957978989493	0.8046535046571698	0.8716381492124856
153.2926463231616	0.8038358163117271	0.8722833154153714
153.42571285642822	0.8043306508617911	0.8727290081890345
153.55877938969485	0.8040015761452924	0.8721384905922795
153.69184592296148	0.8051485904719636	0.8716303039312436
153.8249124562281	0.8057227417305819	0.8701779566741936
153.95797898949473	0.805596779108322	0.8694801452623478
154.0910455227614	0.8044878056053302	0.8695629952510137
154.22411205602802	0.8037627696387265	0.8699129335076486
154.35717858929465	0.803306362147015	0.8700988042198408
154.49024512256128	0.8022707953319123	0.87021196161085
154.6233116558279	0.8028502702710765	0.8702755106602946
154.75637818909453	0.8015245302150542	0.870492194623913
154.8894447223612	0.8006853667494443	0.8700654496539239
155.02251125562782	0.8016389564368649	0.8692697119164748
155.15557778889445	0.8028514975239104	0.8690895119983907
155.28864432216108	0.8030104543438389	0.8693397267659677
155.4217108554277	0.8032839342143995	0.8676892465230562
155.55477738869433	0.8028729989332607	0.8669412728648821
155.687843921961	0.8019574370157406	0.8671436516187989
155.82091045522762	0.800684460372133	0.8678284677670023
155.95397698849425	0.7996035084811728	0.8678158630772407
156.08704352176088	0.7992116838298136	0.868540714450932
156.2201100550275	0.7993981098363299	0.8678466802173629
156.35317658829413	0.7988052804394611	0.8675816769139345
156.4862431215608	0.7987539430037451	0.8683212131350069
156.61930965482742	0.7993811184670315	0.8681985696989251
156.75237618809405	0.7993110184338242	0.8682530315301029
156.88544272136068	0.7994908821631015	0.868093095635582
157.0185092546273	0.7985528814697866	0.8677012158866655
157.15157578789393	0.7981506494990329	0.8676854850913126
157.2846423211606	0.7988903636936626	0.8683015923466312
157.41770885442722	0.7998990471563411	0.8677087160254591
157.55077538769385	0.7995056475543045	0.8679396933587488
157.68384192096048	0.7999590323537118	0.8688286013400426
157.8169084542271	0.8003356845131225	0.8678933508330743
157.94997498749373	0.800438953034219	0.8682724250342264
158.0830415207604	0.7999074853517106	0.869319289543825
158.21610805402702	0.7994396267661723	0.8688497218929897
158.34917458729365	0.7999148140688088	0.8696389034256121
158.48224112056027	0.8004402776415149	0.8682622705504032
158.6153076538269	0.8017232554091503	0.8670450505061195
158.74837418709353	0.8029470619641799	0.8676485694498216
158.8814407203602	0.8034143138770046	0.8677576101081438
159.01450725362682	0.8028596581651313	0.8678159154717834
159.14757378689345	0.8017595947063897	0.8684513189648585
159.28064032016007	0.8019159193108514	0.8684638356390073
159.4137068534267	0.802541346659804	0.8678645530300446
159.54677338669333	0.8022742046155416	0.8681545028130441
159.67983991996	0.8024879917263057	0.8678296098241568
159.81290645322662	0.8033349819997574	0.8683324266589261
159.94597298649325	0.803859710378374	0.8684029921925512
160.07903951975987	0.8033283087067077	0.8679458601896766
160.2121060530265	0.8023058191066973	0.8682639820059775
160.34517258629313	0.8010770978026365	0.8677646294836359
160.4782391195598	0.800970765220552	0.866390013566362
160.61130565282642	0.8016694495342728	0.866100732447078
160.74437218609305	0.8024270029875444	0.8663529206160006
160.87743871935967	0.8014877566298463	0.8664361845089278
161.0105052526263	0.8009342410348087	0.8654759818866924
161.14357178589293	0.8014389853873248	0.8657511488728755
161.2766383191596	0.8015020140645309	0.866166505104927
161.40970485242622	0.8007241690490078	0.8647252000722471
161.54277138569284	0.8012545649909962	0.8644498364344665
161.67583791895947	0.8006213412279121	0.8642127663848008
161.8089044522261	0.7998688661061256	0.8645720755935029
161.94197098549273	0.7995082786121385	0.8652269832931122
162.0750375187594	0.7988034526143593	0.8641883854667126
162.20810405202602	0.7992929544435364	0.86172651300059
162.34117058529264	0.7996143943243974	0.861267114667577
162.47423711855927	0.8012278340178269	0.8620200951342806
162.6073036518259	0.8026498577719423	0.8619552541506531
162.74037018509253	0.8026746672212453	0.8625566400044752
162.8734367183592	0.802255732285535	0.8630307222345696
163.00650325162582	0.8021474299949115	0.863177494897449
163.13956978489244	0.8026745805218446	0.8625182773351537
163.27263631815907	0.8023340724977078	0.861836578950439
163.4057028514257	0.8018867423168541	0.8613496286917633
163.53876938469233	0.8023160728821599	0.8611089577085451
163.671835917959	0.8034539631724202	0.8604435429600272
163.80490245122562	0.8042673905619165	0.8609813763835065
163.93796898449224	0.803798316496289	0.8603228925569505
164.07103551775887	0.8033504734454524	0.8608286736855171
164.2041020510255	0.8029291151754577	0.8619030689363706
164.33716858429213	0.8016107511596782	0.861755736002747
164.4702351175588	0.8018148263750174	0.8615720336751352
164.60330165082541	0.80209892929831	0.8614349468333811
164.73636818409204	0.8025898991569356	0.860628289311094
164.86943471735867	0.8028226518423449	0.8598829201186202
165.0025012506253	0.8029445430233906	0.8600732201841381
165.13556778389193	0.8026981092408724	0.8592794849741892
165.2686343171586	0.8024131388299958	0.8598004339120122
165.40170085042521	0.8020155527685592	0.8598658967589252
165.53476738369184	0.8014199343054936	0.8592167292143867
165.66783391695847	0.8021282693493238	0.8591857917977602
165.8009004502251	0.802020027194891	0.8595509235072067
165.93396698349173	0.8016316226889348	0.8600170870996685
166.06703351675839	0.8022554729433504	0.8608869923696914
166.20010005002501	0.8021984883568724	0.8619129950549241
166.33316658329164	0.8019679661944996	0.8619798390608723
166.46623311655827	0.801391688793562	0.861379866953051
166.5992996498249	0.8014664504884492	0.8612304416773627
166.73236618309153	0.800426054978826	0.8619295475385512
166.86543271635819	0.800424497605616	0.8606972918538544
166.9984992496248	0.8009251150637601	0.8592801897352247
167.13156578289144	0.80034810596184	0.8589475669820954
167.26463231615807	0.8001227871835354	0.8580089089185315
167.3976988494247	0.8007974088718364	0.8576976001893174
167.53076538269133	0.8003993931216354	0.8585464048578358
167.66383191595799	0.8010099699175288	0.8594113867893143
167.7968984492246	0.800891895180333	0.8598409421742049
167.92996498249124	0.8013932087032768	0.8597068412891076
168.06303151575787	0.8015773298642633	0.8603363130155911
168.1960980490245	0.8010768520563498	0.8601164099524439
168.32916458229113	0.8015839442222514	0.8606187396062062
168.46223111555778	0.8024184484518992	0.8604830658456817
168.5952976488244	0.8023357358000113	0.8597700274784075
168.72836418209104	0.8034055437095903	0.860142806563809
168.86143071535767	0.8050913399445992	0.8592650432323672
168.9944972486243	0.8044777508737532	0.8582458457263898
169.12756378189093	0.8033636707469937	0.8584292640438732
169.26063031515758	0.8027020315901097	0.8584164750589944
169.3936968484242	0.8029674038178655	0.8582107143207043
169.52676338169084	0.8028018341325002	0.8577879828994021
169.65982991495747	0.8022921469452197	0.85863233278124
169.7928964482241	0.8016049146215275	0.8587720294992689
169.92596298149073	0.8023799981545738	0.8584987359911747
170.05902951475738	0.8022729223599702	0.8580453791952056
170.192096048024	0.8019506417071296	0.8558958042751734
170.32516258129064	0.8026137153872107	0.855821552267442
170.45822911455727	0.8023940347499381	0.8572401822622487
170.5912956478239	0.8023929242410608	0.8569077449845582
170.72436218109056	0.8022972711546912	0.855635494870678
170.85742871435718	0.8029174045685794	0.8545230939264292
170.9904952476238	0.8032285613955398	0.8559058609440295
171.12356178089044	0.8024478571081579	0.856030570799215
171.25662831415707	0.8023900012808498	0.8557049163739869
171.3896948474237	0.8034479331456087	0.856764336051652
171.52276138069035	0.8033380034353738	0.8563097023431855
171.65582791395698	0.8032233870612115	0.8545655558992895
171.7888944472236	0.8036161257144125	0.8538546747477833
171.92196098049024	0.8031177251159739	0.8545614876649263
172.05502751375687	0.803599732926888	0.8549706385746146
172.1880940470235	0.8035325474135232	0.8546059187530001
172.32116058029015	0.8033060970384202	0.8558087798482568
172.45422711355678	0.8032948851518474	0.8566083435816868
172.5872936468234	0.8021703101710387	0.8560778405194137
172.72036018009004	0.8010032191195253	0.8559056775996575
172.85342671335667	0.8010265695992139	0.8551367289497803
172.9864932466233	0.8002966414815483	0.8542091578859086
173.11955977988995	0.800127328004616	0.8550921316143819
173.25262631315658	0.8001324130893521	0.8554341723254236
173.3856928464232	0.7996843648125727	0.8554406974616683
173.51875937968984	0.7981613558073228	0.8539406130489468
173.65182591295647	0.7984483805939895	0.8527624465069071
173.7848924462231	0.7982673721983141	0.8527568138767475
173.91795897948975	0.7982018776926323	0.8524885974448144
174.05102551275638	0.7981954597956007	0.8516893379987065
174.184092046023	0.798618105014927	0.8510652453684957
174.31715857928964	0.7986372248990246	0.8518492942362312
174.45022511255627	0.7980583689544413	0.8520957954074426
174.5832916458229	0.7988535645270111	0.8523491655849289
174.71635817908955	0.7994795165812176	0.8523277654477096
174.84942471235618	0.7998681911071569	0.8517787017627542
174.9824912456228	0.7996435687320085	0.8534596051137452
175.11555777888944	0.799522554098388	0.8538994785959063
175.24862431215607	0.7993344958663743	0.8538200267615804
175.3816908454227	0.7984380274408327	0.8542187999337779
175.51475737868935	0.7983631249002513	0.8543830577594506
175.64782391195598	0.798129158382273	0.853584351489386
175.7808904452226	0.7971890740465726	0.8545518219627231
175.91395697848924	0.7965308122359982	0.855287626103887
176.04702351175587	0.7963765567584249	0.8548582413046654
176.1800900450225	0.7950767539209521	0.8535194489052992
176.31315657828915	0.7951189329066278	0.8527443156473141
176.44622311155578	0.7961194431651388	0.8521615491462389
176.5792896448224	0.7960910067593786	0.8526070620126116
176.71235617808904	0.7962601577527963	0.8526749059048393
176.84542271135567	0.7959595508094349	0.8533797487028745
176.9784892446223	0.7954588453122204	0.8531970487329297
177.11155577788895	0.7953229926489792	0.8537706330282181
177.24462231115558	0.794131104723616	0.8537060637853158
177.3776888444222	0.793827206395932	0.8542410390686174
177.51075537768884	0.7924450458574259	0.8542175010979812
177.64382191095547	0.7917834309004677	0.8531433564484788
177.7768884442221	0.7926959867834672	0.8520447233596287
177.90995497748875	0.7927357557524553	0.8522797802078964
178.04302151075538	0.793412012452318	0.8529848784756779
178.176088044022	0.793281386077969	0.8535807685654174
178.30915457728864	0.7929906248440634	0.852533830159723
178.44222111055527	0.792966385390578	0.8514835329496796
178.5752876438219	0.7934917588441626	0.8510917784115197
178.70835417708855	0.7938218826313359	0.8509989249779176
178.84142071035518	0.793885378543659	0.8507781548926144
178.9744872436218	0.7936961451143747	0.8517890475405611
179.10755377688844	0.7944138399768006	0.8531517179159244
179.24062031015507	0.7938432000084402	0.8524390054467456
179.3736868434217	0.7937599732874812	0.8529449003590835
179.50675337668835	0.794229472196513	0.8527605730742416
179.63981990995498	0.7923593521692206	0.8531089332247486
179.7728864432216	0.7910800400715323	0.8523363423074161
179.90595297648824	0.7911562889296289	0.852605162858254
180.03901950975487	0.7912128147292847	0.8534133026748935
180.1720860430215	0.7916618726066614	0.8533282617538247
180.30515257628815	0.791726503205338	0.8527389630161705
180.43821910955478	0.7931638095019744	0.8535380964934659
180.5712856428214	0.7932112356326527	0.8535049127840395
180.70435217608804	0.7922353080595124	0.8515533242169075
180.83741870935467	0.7919804506857863	0.8516899134436416
180.9704852426213	0.7924096989915088	0.8523520579520002
181.10355177588795	0.7925539558875228	0.8509273747702137
181.23661830915458	0.7931001990418448	0.8504480228675448
181.3696848424212	0.792966458382061	0.8504212954267475
181.50275137568784	0.7933807403910211	0.8502217316741874
181.63581790895446	0.7934980627801966	0.8498102006617736
181.7688844422211	0.7938638188720621	0.8496766534719515
181.90195097548775	0.793272712834534	0.8489419465619117
182.03501750875438	0.7926771300854547	0.8489835069900219
182.168084042021	0.7924167188068895	0.8480593185552183
182.30115057528764	0.7915686757281898	0.8479515657081508
182.43421710855426	0.791259972735281	0.8483444634225533
182.5672836418209	0.7931058666347653	0.8491576801230409
182.70035017508755	0.7926689930198242	0.8490730911419068
182.83341670835418	0.7917581566086612	0.848885620763215
182.9664832416208	0.7931677805311249	0.8484361002949808
183.09954977488744	0.7931970243087307	0.8492935849752336
183.23261630815406	0.7935112945236136	0.8501444988856077
183.3656828414207	0.7932671568724807	0.849430483074261
183.49874937468735	0.7929347664969442	0.8483524856010508
183.63181590795398	0.7919998541922545	0.8470206090047697
183.7648824412206	0.7919299584145202	0.8467507262831403
183.89794897448724	0.792430616540422	0.8461741249110047
184.03101550775386	0.793183282928044	0.8454384857287879
184.1640820410205	0.7929887461390324	0.844986947990891
184.29714857428715	0.7925649947820186	0.8452961278093771
184.43021510755378	0.7921950769568165	0.8459164674243959
184.5632816408204	0.7918502509399049	0.8463383538455109
184.69634817408703	0.7909142866276548	0.8473777294574976
184.82941470735366	0.7910264037061728	0.8472798271054448
184.9624812406203	0.7907634224597951	0.8470224318911748
185.09554777388695	0.7911171520542183	0.8480908215114059
185.22861430715358	0.7911343100902062	0.846949653528775
185.3616808404202	0.7910855854378059	0.8473437341997518
185.49474737368683	0.7917975069645258	0.8473563219269736
185.62781390695346	0.7899011364049618	0.8468294037121594
185.7608804402201	0.7892280107417592	0.8468822117476057
185.89394697348675	0.7888175293676443	0.8480850969750384
186.02701350675338	0.7879705569691547	0.8487527873042131
186.16008004002	0.7878137788434652	0.8478984468688371
186.29314657328663	0.7880282151593688	0.8466256403153328
186.42621310655326	0.7879150122477445	0.8457023520269631
186.5592796398199	0.788524532906663	0.8456066261333993
186.69234617308655	0.7881859455630443	0.8457443225373378
186.82541270635318	0.786732790497625	0.8469605207517693
186.9584792396198	0.7870479507107672	0.8470950256442362
187.09154577288643	0.7866030654105921	0.8464806058321745
187.22461230615306	0.7875863236120458	0.8472369969848019
187.3576788394197	0.7887844245441435	0.8457925867401256
187.49074537268635	0.7895913369250883	0.8454167670545519
187.62381190595298	0.7901225545208891	0.846323311430989
187.7568784392196	0.7899774026472549	0.8458290831520876
187.88994497248623	0.7902888929792308	0.8454569585687679
188.02301150575286	0.7898374710399592	0.8442762457017371
188.15607803901952	0.7892075992595873	0.8441345203234679
188.28914457228615	0.7895532535636585	0.843990590342521
188.42221110555278	0.7897952854676112	0.8442453153788094
188.5552776388194	0.7881953204084998	0.8433453678224547
188.68834417208603	0.7878836673829261	0.8435888991163547
188.82141070535266	0.7879753141753023	0.8433939356893897
188.95447723861932	0.7875147384296992	0.8434666613059237
189.08754377188595	0.787289455559782	0.8436171552300623
189.22061030515258	0.7870568142081775	0.8422471995043381
189.3536768384192	0.7880913901066623	0.8426088424892892
189.48674337168583	0.7887139368807585	0.8424809906999136
189.61980990495246	0.7889942298779439	0.8431409296272078
189.75287643821912	0.7891823076177603	0.8436772511798818
189.88594297148575	0.7899968045925457	0.8432715751658213
190.01900950475238	0.7909142264462269	0.8430142424049055
190.152076038019	0.7911175994477915	0.8425377239745651
190.28514257128563	0.791864646229778	0.842379664507392
190.41820910455226	0.7918601266544539	0.8426174530028785
190.55127563781892	0.7906989904887459	0.8426734885703614
190.68434217108555	0.7900039433493536	0.8417583285408815
190.81740870435218	0.7891417995135321	0.8411351562575463
190.9504752376188	0.7884552867249232	0.8415206455134302
191.08354177088543	0.7877175462244967	0.8416680328546986
191.21660830415206	0.7876635582911173	0.8428030612753608
191.34967483741872	0.7881932212673767	0.8424131112230316
191.48274137068535	0.7889056101833541	0.8422551270633902
191.61580790395197	0.7883725413612901	0.8405316559968897
191.7488744372186	0.7883864879566527	0.8400509368293427
191.88194097048523	0.7889373537112038	0.8409990935806936
192.01500750375186	0.7892993088430046	0.8414717569351301
192.14807403701852	0.7900861484720849	0.841336296422944
192.28114057028515	0.7896329398650881	0.8425377947580046
192.41420710355177	0.7899135966616619	0.8425547030940328
192.5472736368184	0.7889026741313737	0.8424954066246113
192.68034017008503	0.7879498414150179	0.84130552206456
192.81340670335166	0.7876419319472223	0.8406935420394474
192.94647323661832	0.7882346206036863	0.8415917334947081
193.07953976988495	0.7883311073377907	0.8433564832940433
193.21260630315157	0.7885309303530404	0.843077083076959
193.3456728364182	0.7882184172029669	0.8428019464291787
193.47873936968483	0.7886822910299777	0.8435723084711515
193.61180590295146	0.7881279968376012	0.8434515353347563
193.74487243621812	0.7882034578438409	0.8444049368201122
193.87793896948475	0.7889121779362687	0.8437744901108245
194.01100550275137	0.7890494701748249	0.8428913201977015
194.144072036018	0.7884316033673758	0.8419144826766094
194.27713856928463	0.7881686679494951	0.8409523315024168
194.41020510255126	0.7887718217990833	0.840265655067788
194.54327163581792	0.788327176197056	0.8402777663086186
194.67633816908454	0.788436672105694	0.8403746587374918
194.80940470235117	0.7896351135332897	0.8396859753596702
194.9424712356178	0.7898142635856504	0.8391695966216273
195.07553776888443	0.7901663194983036	0.8382676422106091
195.20860430215106	0.7899188230963315	0.8379315963375195
195.34167083541772	0.7899826068824382	0.8368736156053658
195.47473736868434	0.7905346417788609	0.8372167563145319
195.60780390195097	0.7901506992073785	0.8375324494797343
195.7408704352176	0.7889528515554904	0.8375175647227243
195.87393696848423	0.7888172956723378	0.8369449312411065
196.00700350175086	0.7882466712493452	0.8368014895619019
196.14007003501752	0.7884910358072168	0.8361459635678475
196.27313656828414	0.7888633333958465	0.8359481944794814
196.40620310155077	0.7884260963927784	0.8357915647021035
196.5392696348174	0.7874544109118483	0.8357138252264054
196.67233616808403	0.7873422361988598	0.8355844610433207
196.80540270135066	0.7865893026856202	0.8347400542788455
196.93846923461732	0.7862616867956164	0.8351710360028463
197.07153576788394	0.7854936795074796	0.8353103563149481
197.20460230115057	0.7854303428239836	0.8367059702594684
197.3376688344172	0.7855927412389241	0.8367766916885222
197.47073536768383	0.7853629864742505	0.8370699833680881
197.60380190095046	0.7860647275851119	0.8368772213248556
197.73686843421712	0.787636343154475	0.8374959529240997
197.86993496748374	0.7879593836651	0.8363439914630835
198.00300150075037	0.7874716378930154	0.8354011968843433
198.136068034017	0.7871329219385275	0.8359769728259161
198.26913456728363	0.7874869406791166	0.8357038239175445
198.40220110055026	0.7875425018855484	0.8351037418964695
198.53526763381691	0.787659044738706	0.8352830462490645
198.66833416708354	0.787436208750118	0.836065193898294
198.80140070035017	0.7875632743125173	0.8345865445729153
198.9344672336168	0.7871924314265396	0.833037114052166
199.06753376688343	0.7866559271566725	0.834505316783509
199.20060030015006	0.7862696415074788	0.8337796962947888
199.33366683341671	0.7860384365198402	0.8335441134655942
199.46673336668334	0.7854458579372402	0.8333609739225963
199.59979989994997	0.7864814405414359	0.8344097975176276
199.7328664332166	0.7855346674932425	0.8352785424232341
199.86593296648323	0.7859530041638563	0.8356359056226349
199.99899949974986	0.7859971033937718	0.8350013310435238
200.1320660330165	0.7854262472424272	0.8352484623793308
200.26513256628314	0.7839421501416229	0.8359268085310343
200.39819909954977	0.7846902859356787	0.8362609431345166
200.5312656328164	0.7854134068827929	0.8363288558639225
200.66433216608303	0.784693264781262	0.8375841199491684
200.79739869934966	0.7850485646548282	0.8376704575398408
200.9304652326163	0.7846053588347531	0.836222148070673
201.06353176588294	0.784365704389774	0.8372823913138498
201.19659829914957	0.7840934484821025	0.8372732304506688
201.3296648324162	0.7839424493399487	0.8365684106157502
201.46273136568283	0.7836665251163388	0.8358384993055499
201.59579789894946	0.7830724709938182	0.8364101838244317
201.7288644322161	0.7823578033532986	0.8362261447562364
201.86193096548274	0.7831377623705791	0.8359849191473581
201.99499749874937	0.7822962228866253	0.8358662768965742
202.128064032016	0.780312349755189	0.8354314914990286
202.26113056528263	0.7795032602633821	0.8343565751937188
202.39419709854926	0.7809128335737406	0.8334699045064853
202.5272636318159	0.7823804802197538	0.8340952525524924
202.66033016508254	0.7825094120458647	0.8336693137802093
202.79339669834917	0.7823092751669769	0.8329209909229991
202.9264632316158	0.7826037560008172	0.8339251175574046
203.05952976488243	0.7820750086867889	0.8343465784725261
203.19259629814906	0.7830720742580337	0.8348155873545766
203.3256628314157	0.7823994807516106	0.8351854945588891
203.45872936468234	0.7824197576300876	0.8345653150737339
203.59179589794897	0.7822227723441776	0.833767229404607
203.7248624312156	0.7817612634806395	0.833421330149525
203.85792896448223	0.7819273126082827	0.8345063975296743
203.99099549774886	0.7821875342749686	0.8340711272395159
204.1240620310155	0.7815930584405864	0.8329356937847462
204.25712856428214	0.7817537439290436	0.8337305957023246
204.39019509754877	0.7816181865289767	0.8340455776234716
204.5232616308154	0.7817614311797938	0.8342949035299602
204.65632816408203	0.7818108600479882	0.8340054056880718
204.78939469734868	0.7823060833079594	0.8334549020223374
204.9224612306153	0.782041330148838	0.833868031378139
205.05552776388194	0.7815349375936358	0.8334921041090472
205.18859429714857	0.7802881772051551	0.8334740099945909
205.3216608304152	0.7803115813397937	0.8323441808718451
205.45472736368183	0.7799091587053422	0.8320729781891592
205.58779389694848	0.7797961423130318	0.8308092125165992
205.7208604302151	0.7786386495495539	0.830032923423121
205.85392696348174	0.7794383109266605	0.830769132226433
205.98699349674837	0.7791840161465602	0.8307406035179551
206.120060030015	0.778776195547708	0.8303619277543933
206.25312656328163	0.7781507891694809	0.8313764237486059
206.38619309654828	0.7776828574017809	0.832167862737097
206.5192596298149	0.7775245722206556	0.8325461067971544
206.65232616308154	0.7779315218775797	0.8319434742571699
206.78539269634817	0.7765922882944685	0.8328090240467525
206.9184592296148	0.7766619701062069	0.831469189266373
207.05152576288143	0.7770880045837256	0.8305609031991074
207.18459229614808	0.7781779750896369	0.8297148586023014
207.3176588294147	0.778059587198443	0.8288276220948761
207.45072536268134	0.7778931972485772	0.8289633089039388
207.58379189594797	0.7777439689311262	0.8291558364781727
207.7168584292146	0.7792262396598943	0.829418913287087
207.84992496248123	0.7793177127062719	0.8283689775163338
207.98299149574788	0.7792028931287281	0.8297122681692002
208.1160580290145	0.7788056961069307	0.8300418176334787
208.24912456228114	0.7791959025572137	0.8300405994394152
208.38219109554777	0.7787743709368079	0.8300777836969968
208.5152576288144	0.7784644082096338	0.8297739817684859
208.64832416208102	0.7780996679230653	0.8303278458287983
208.78139069534768	0.7780266282934776	0.8299039887954323
208.9144572286143	0.7782898665107281	0.8292504199511052
209.04752376188094	0.7797023673705717	0.8282242324926363
209.18059029514757	0.7785695499964499	0.8280356158590703
209.3136568284142	0.7778491970461706	0.8280125636527149
209.44672336168082	0.7793344597666289	0.8270975127225396
209.57978989494748	0.7795105325832308	0.8264244293919676
209.7128564282141	0.7791824139811905	0.8249826765929703
209.84592296148074	0.7798419067644253	0.8251704989878133
209.97898949474737	0.7787665656402966	0.8252253116012884
210.112056028014	0.7783816814181502	0.82565233805497
210.24512256128062	0.7791161562086117	0.8255320764945925
210.37818909454728	0.7792058521204315	0.824911925864645
210.5112556278139	0.7800794447564369	0.8243987448410057
210.64432216108054	0.7807526644761384	0.8244648530381652
210.77738869434717	0.7793107677196452	0.8242872450756008
210.9104552276138	0.7796804474785929	0.8243062222341617
211.04352176088042	0.7777665128127321	0.8239507289448615
211.17658829414708	0.7771332034299225	0.8234801814957527
211.3096548274137	0.7776083124762453	0.8247652545055918
211.44272136068034	0.7772021520831636	0.8251079289933503
211.57578789394697	0.7773961750082747	0.8242933576999972
211.7088544272136	0.7765575749889486	0.824433075614164
211.84192096048022	0.7762030015708132	0.8249651027564164
211.97498749374688	0.7758514466524764	0.8263628290599595
212.1080540270135	0.7752514488882125	0.8274641879364728
212.24112056028014	0.774896322909866	0.8278210417772753
212.37418709354677	0.7749482000067163	0.8268880361543229
212.5072536268134	0.7747604572574602	0.8268647636914965
212.64032016008002	0.7755590701625851	0.8274833393313452
212.77338669334668	0.7742566558299534	0.827513468048689
212.9064532266133	0.7736617238971476	0.8269916328991747
213.03951975987994	0.7742323446547283	0.8262157326768284
213.17258629314657	0.774604611731485	0.8259532682593014
213.3056528264132	0.7752407055151076	0.826868104081872
213.43871935967982	0.7749296091116566	0.8275160868183106
213.57178589294648	0.7749186825669134	0.8265827663624832
213.7048524262131	0.7739717472468186	0.826516244873405
213.83791895947974	0.7730213597116249	0.8269761242934103
213.97098549274637	0.7731291840454627	0.8270913155051439
214.104052026013	0.7727300065953476	0.825993116478217
214.23711855927962	0.7736812646840866	0.8251591058510234
214.37018509254628	0.773934216461499	0.8243359255623066
214.5032516258129	0.773411158196969	0.8238132622707443
214.63631815907954	0.7742881772605514	0.823354715303661
214.76938469234616	0.7750745289557729	0.8213459563404976
214.9024512256128	0.7744019136317443	0.8215024769456793
215.03551775887942	0.7731305215538385	0.8230112705023991
215.16858429214608	0.7728127491568725	0.8226237134329677
215.3016508254127	0.7723559022118206	0.8231741927266781
215.43471735867934	0.7720455847767995	0.8230539884723023
215.56778389194596	0.7723508225464442	0.8225121798421746
215.7008504252126	0.7721689097690123	0.8234832808143626
215.83391695847922	0.7719013857558663	0.8228840384898923
215.96698349174588	0.7718019469616416	0.8227155822180745
216.1000500250125	0.7708417855798949	0.8224985539210456
216.23311655827914	0.7718271659925456	0.8231618034514557
216.36618309154576	0.7715947854479608	0.8230272486911092
216.4992496248124	0.7719788919987349	0.8232098328538812
216.63231615807902	0.7723410855755856	0.8240112127971756
216.76538269134568	0.7725481643453594	0.8245549984750832
216.8984492246123	0.7714280789954278	0.8249759392428454
217.03151575787894	0.7705391269215133	0.8242061949107999
217.16458229114556	0.7711558194658719	0.8250675872055294
217.2976488244122	0.7709463785290149	0.8249060659319395
217.43071535767882	0.7712464091534277	0.8251656668646696
217.56378189094548	0.7718451214410239	0.8230625748125708
217.6968484242121	0.7715967011227806	0.8224867064669454
217.82991495747874	0.7711673370909133	0.8234139606754798
217.96298149074536	0.7713641826430816	0.8227169348171607
218.096048024012	0.7709090403502433	0.8226449215987431
218.22911455727862	0.7705914427660877	0.8233381304813666
218.36218109054528	0.7713534539573508	0.823203778303188
218.4952476238119	0.7708202305989686	0.8234510101349765
218.62831415707853	0.7715638603943585	0.8244406677492158
218.76138069034516	0.7715368455607579	0.8241157976387073
218.8944472236118	0.7706941229265911	0.8234895156096967
219.02751375687842	0.7704958798690744	0.8235075528094796
219.16058029014508	0.7696964841990382	0.8235077315369626
219.2936468234117	0.7688036617640943	0.8250537783610511
219.42671335667833	0.7674690119818398	0.8239104340610306
219.55977988994496	0.7681204459434382	0.8231861972990163
219.6928464232116	0.769619398370757	0.8220059600609438
219.82591295647822	0.769215358750815	0.8231466776772803
219.95897948974488	0.7679251213686594	0.8235668537671301
220.0920460230115	0.7687220343583415	0.8252295913464276
220.22511255627813	0.7692733062541417	0.8251835922072722
220.35817908954476	0.7691594346300364	0.8249487958380799
220.4912456228114	0.7696198791881897	0.8254643479779058
220.62431215607802	0.7695328001279084	0.8247227894429209
220.75737868934468	0.7690768059977499	0.8244475306100947
220.8904452226113	0.7687010893382361	0.8241727764760605
221.02351175587793	0.7691933991623358	0.8230550616302937
221.15657828914456	0.7690463547924573	0.8224417711621492
221.2896448224112	0.7697563349687881	0.8223025435176726
221.42271135567785	0.7689215567675397	0.821669277546568
221.55577788894448	0.7680060538560298	0.8213129770035252
221.6888444222111	0.7670756183437689	0.8207787193152611
221.82191095547773	0.7674674303989707	0.8211878616708486
221.95497748874436	0.7674952369590965	0.8203229821474143
222.088044022011	0.7663773869840662	0.8203731415298293
222.22111055527765	0.7678412080577417	0.8202507963604717
222.35417708854428	0.7679107527314306	0.8204446228497512
222.4872436218109	0.7667209640104314	0.8207146362926093
222.62031015507753	0.7667614268115018	0.8193234018894651
222.75337668834416	0.7658475871807487	0.8192201369075306
222.8864432216108	0.767748511870688	0.8201637756921705
223.01950975487745	0.767483051675418	0.8210101227841776
223.15257628814408	0.7686234693973485	0.8218439512417193
223.2856428214107	0.7690721219211974	0.8204490017807151
223.41870935467733	0.7688224964535261	0.820825986288577
223.55177588794396	0.7690138077257612	0.8203227341082399
223.6848424212106	0.7682380004265669	0.8212043425508828
223.81790895447725	0.7679598578479232	0.8217800512860836
223.95097548774388	0.7672153313951624	0.8208317380161252
224.0840420210105	0.7682142449909692	0.821597356786093
224.21710855427713	0.7682970557334609	0.8215700480717008
224.35017508754376	0.7678676077502038	0.821184184603118
224.4832416208104	0.7670527380546702	0.8208032858309784
224.61630815407705	0.7667825404599995	0.8206921273607948
224.74937468734367	0.7677911662634928	0.8197420625408968
224.8824412206103	0.7670503661063272	0.820136649779598
225.01550775387693	0.7664075889027969	0.8191657319728682
225.14857428714356	0.766451976235904	0.819068465525592
225.2816408204102	0.7658738871557215	0.8183781968263958
225.41470735367685	0.7651529111813963	0.8173857434721667
225.54777388694347	0.7654999528041102	0.8182074786542012
225.6808404202101	0.7651827602400348	0.8184596359014479
225.81390695347673	0.7647290276970643	0.817218129941553
225.94697348674336	0.7655587976131079	0.8168816344861252
226.08004002001	0.765096156209123	0.8190823842111448
226.21310655327665	0.764276446066644	0.8185918782847035
226.34617308654327	0.7642351165642159	0.8182096284283974
226.4792396198099	0.7652464465349683	0.8188487585330321
226.61230615307653	0.7651813491249344	0.8182412245356127
226.74537268634316	0.7651685006531006	0.8186840859301485
226.8784392196098	0.7649934024749399	0.819264032082683
227.01150575287645	0.7656633126520958	0.8185130849826124
227.14457228614307	0.7656831502491167	0.8183587855705765
227.2776388194097	0.7660690360197091	0.8174136381638405
227.41070535267633	0.7657134772977324	0.817543401274332
227.54377188594296	0.7654852066561498	0.8175233151133391
227.6768384192096	0.7649026779114656	0.8167532483674829
227.80990495247624	0.7654262399241947	0.8167516803469463
227.94297148574287	0.7650833725600463	0.815996421693367
228.0760380190095	0.7649085293087562	0.8167219912211517
228.20910455227613	0.7633856972166198	0.8156118013672337
228.34217108554276	0.7635019063922036	0.8162318636943131
228.4752376188094	0.762687119162107	0.8152959152885959
228.60830415207604	0.7630196069957529	0.8148650909709523
228.74137068534267	0.7626552949714286	0.8144135223456431
228.8744372186093	0.7633699255786082	0.8145397966674793
229.00750375187593	0.7641732321475885	0.8145772134707224
229.14057028514256	0.7631982949645134	0.8147765416209538
229.2736368184092	0.762367781602261	0.8153181473327255
229.40670335167584	0.7617135457604088	0.8140183855018469
229.53976988494247	0.762864291774008	0.8138821089931456
229.6728364182091	0.7620609626322866	0.8154872570253563
229.80590295147573	0.7622489620574141	0.8147333769776387
229.93896948474236	0.762421841816182	0.8140559326906501
230.072036018009	0.762662112671737	0.8142128481487022
230.20510255127564	0.7622527801807768	0.8136529073901662
230.33816908454227	0.7622590136619743	0.8147567892140867
230.4712356178089	0.7632215480944967	0.8158340079643194
230.60430215107553	0.7639084759992213	0.8153936390517674
230.73736868434216	0.764738326404905	0.8146695094837882
230.8704352176088	0.7643725010679142	0.8141647225600034
231.00350175087544	0.7633854333032195	0.8134055310939343
231.13656828414207	0.7623200677913802	0.8127213899693295
231.2696348174087	0.7625428973845622	0.8131395347072538
231.40270135067533	0.7631764342901252	0.8132089546293702
231.53576788394196	0.7632929284088983	0.8131396613226113
231.6688344172086	0.7624529289470013	0.8137393877785956
231.80190095047524	0.7618282792190748	0.813080787881454
231.93496748374187	0.7624183767870882	0.8152333792711568
232.0680340170085	0.7630494223055928	0.8143274931161452
232.20110055027513	0.7632235074094614	0.8137744901027485
232.33416708354176	0.762903102442938	0.8147633969645791
232.4672336168084	0.7638646239724466	0.8146438509374897
232.60030015007504	0.7638886165125552	0.8143160483730852
232.73336668334167	0.7634755564510661	0.8143888625187921
232.8664332166083	0.7629153622837418	0.8127629944442436
232.99949974987493	0.763130828550084	0.8122934966224777
233.13256628314156	0.7639396645934343	0.8126997458423929
233.26563281640819	0.7633748701256118	0.812696751928588
233.39869934967484	0.7640494247781433	0.8123685215993548
233.53176588294147	0.763102985611458	0.8135015934170209
233.6648324162081	0.7621146367075657	0.8138948560622196
233.79789894947473	0.7618638560447271	0.8145606242780575
233.93096548274136	0.7615919315922012	0.8134171074758983
234.06403201600799	0.7616068597467457	0.8138385377417118
234.19709854927464	0.761665503150026	0.8138047189058946
234.33016508254127	0.7618133064016223	0.8140227847791356
234.4632316158079	0.7614785662217131	0.8130246345984871
234.59629814907453	0.7619574132889599	0.8116654284767485
234.72936468234116	0.7617757243684845	0.8110682888058303
234.86243121560778	0.7618672648856949	0.8118370827075025
234.99549774887444	0.7620959464374932	0.8120424579967226
235.12856428214107	0.7636158068076189	0.8109013007399308
235.2616308154077	0.7634490772110695	0.8121108128634477
235.39469734867433	0.7633616333624728	0.812199301827577
235.52776388194096	0.7633506084227147	0.812066449422392
235.66083041520758	0.7637989066246667	0.8132671853713034
235.79389694847424	0.7626320451536396	0.8144057873994871
235.92696348174087	0.7620467319890252	0.8135822871213766
236.0600300150075	0.7627026915185436	0.8123146805100128
236.19309654827413	0.7629975710638365	0.8114208330594664
236.32616308154076	0.7635662952259474	0.8102632027211681
236.45922961480738	0.7638672368224615	0.8104786410321718
236.59229614807404	0.7635189959774766	0.810046565456382
236.72536268134067	0.7631692725403649	0.8095181082191406
236.8584292146073	0.7624386706142623	0.8094395534496373
236.99149574787393	0.7629196912068842	0.8102048042067633
237.12456228114056	0.763456579166703	0.809553554425651
237.25762881440718	0.7628478363194353	0.8103937613828304
237.39069534767384	0.7615840374485088	0.811524800452584
237.52376188094047	0.7625709556754329	0.8107032933141057
237.6568284142071	0.7628569770199084	0.8108442992494564
237.78989494747373	0.7628627379423775	0.8093683549377544
237.92296148074036	0.7599983760377365	0.8095938990868166
238.05602801400698	0.7607098188992486	0.8101133198711812
238.18909454727364	0.761757760940259	0.8108806547215146
238.32216108054027	0.7611784185942349	0.8115728368366417
238.4552276138069	0.761408731812979	0.8104105284044474
238.58829414707353	0.7623258849854996	0.809675190262029
238.72136068034015	0.7618465871252074	0.80939822993835
238.8544272136068	0.7619675734127608	0.8098757820607014
238.98749374687344	0.7627140800647232	0.8098730638767939
239.12056028014007	0.7628763389218631	0.8089902607033973
239.2536268134067	0.7623855765106899	0.8085884561111143
239.38669334667333	0.7612448959354557	0.809089247749958
239.51975987993995	0.7614634239623066	0.8089934666093543
239.6528264132066	0.7609874293134883	0.8103178770572921
239.78589294647324	0.7598351075214618	0.8100245932528343
239.91895947973987	0.7585730886281224	0.8106335718113574
240.0520260130065	0.7574267559799495	0.8104543940494553
240.18509254627313	0.7570244021158663	0.8107433400600128
240.31815907953975	0.7576388273026252	0.8097199900841576
240.4512256128064	0.7575692201359855	0.8109128129023232
240.58429214607304	0.7575781316092353	0.8098636994740416
240.71735867933967	0.75642383231813	0.8091712515202806
240.8504252126063	0.7564205687794955	0.8088780476425238
240.98349174587293	0.7564878105572963	0.8088007870080289
241.11655827913955	0.7561019039392913	0.8088460818281565
241.2496248124062	0.7563930419849074	0.8098515933808393
241.38269134567284	0.7557606158261257	0.8100035178709565
241.51575787893947	0.7552255954980542	0.8099470537803536
241.6488244122061	0.7556533695623517	0.8095019656779001
241.78189094547272	0.7571402521137894	0.8077262822044208
241.91495747873935	0.7572240421734213	0.8083844075095155
242.048024012006	0.7583804367039643	0.8082358668243025
242.18109054527264	0.7575909276722531	0.8071741365047418
242.31415707853927	0.7585265809088955	0.8064809854673537
242.4472236118059	0.759028544568846	0.8062517959063621
242.58029014507252	0.7598605474020527	0.8062274799731458
242.71335667833915	0.7601870685336042	0.8060409446606507
242.8464232116058	0.759733155603544	0.805603609215382
242.97948974487244	0.7603848031807493	0.8057109616767462
243.11255627813907	0.7591086832772028	0.8038626093336466
243.2456228114057	0.760121773125303	0.8019621654701814
243.37868934467232	0.760144151141858	0.8021217625796302
243.51175587793895	0.7592008732042353	0.8036763407306039
243.6448224112056	0.7592959997534231	0.803286561535222
243.77788894447224	0.7594716791567967	0.8025060990776368
243.91095547773887	0.7584987798483418	0.8032633563751869
244.0440220110055	0.7588265390287052	0.8024867660156499
244.17708854427212	0.7594367549909338	0.8023344108889293
244.31015507753875	0.7572628414748634	0.8030691935440221
244.4432216108054	0.756803861867075	0.804156848990819
244.57628814407204	0.7583056924285492	0.803323051126967
244.70935467733867	0.7574524658206259	0.803229580486031
244.8424212106053	0.7555235816855184	0.8035014928873829
244.97548774387192	0.7567070009595873	0.8037499715270039
245.10855427713855	0.7566125137474959	0.8041304725851223
245.2416208104052	0.7567997987534122	0.8052886699029796
245.37468734367184	0.7564102732494429	0.8048226255257231
245.50775387693847	0.755621941652925	0.8052243008700146
245.6408204102051	0.7554402112408038	0.8045599520231006
245.77388694347172	0.7539855448210634	0.8046158890666442
245.90695347673835	0.7521531430886584	0.8045784556984193
246.040020010005	0.7525642903341501	0.8049311868977339
246.17308654327164	0.7512847289260474	0.8050493616598479
246.30615307653827	0.7504586405081387	0.8046914197738995
246.4392196098049	0.751187275108458	0.8049975720088398
246.57228614307152	0.7514487084703935	0.8045636681342886
246.70535267633815	0.7526655263630772	0.8061951022383212
246.8384192096048	0.7533723249262104	0.8063924213590464
246.97148574287144	0.7534530075314305	0.8064325891187596
247.10455227613807	0.7545661641764646	0.8061838730461036
247.2376188094047	0.7536194070192906	0.8065080803636157
247.37068534267132	0.7539239071952589	0.804893280838352
247.50375187593795	0.7531267854882966	0.8062919455462396
247.6368184092046	0.7521922388259064	0.8062102228404807
247.76988494247124	0.75150125935419	0.8061677941550869
247.90295147573786	0.7512714907069794	0.8055520121272811
248.0360180090045	0.7507425954933669	0.8051930512906377
248.16908454227112	0.75004247724242	0.8065273869973483
248.30215107553775	0.7488918314482214	0.8055101928013458
248.4352176088044	0.7471587434701765	0.8046040734276299
248.56828414207104	0.7482244762668697	0.8054035593818556
248.70135067533766	0.7492786381193465	0.8064268113281637
248.8344172086043	0.7498924512039075	0.8055064963124935
248.96748374187092	0.7503459589822266	0.8049772209927442
249.10055027513755	0.751197644227475	0.8037278400610994
249.2336168084042	0.7514598489492006	0.8041148293468325
249.36668334167084	0.7500299605808959	0.8030775980615847
249.49974987493746	0.7494904478014417	0.801850241840604
249.6328164082041	0.7477610230209363	0.8030169166742369
249.76588294147072	0.748699775952635	0.8030792986068277
249.89894947473735	0.7482938217977038	0.8030305767609955
250.032016008004	0.7477442415128958	0.8037806666762383
250.16508254127064	0.7477519242349727	0.8039868212301244
250.29814907453726	0.7486700478233376	0.802102505009151
250.4312156078039	0.7503934735773202	0.8018474430582538
250.56428214107052	0.7501739460057114	0.8023687581925488
250.69734867433715	0.7510871466504953	0.8019492538627659
250.8304152076038	0.7501843533730758	0.8019192773947139
250.96348174087044	0.7501444447064112	0.801600508402013
251.09654827413706	0.749232599606127	0.7999783093046583
251.2296148074037	0.7501345322212939	0.8001704647827185
251.36268134067032	0.7516966613698686	0.7997439765327515
251.49574787393695	0.7516668511744379	0.8000592153706378
251.6288144072036	0.7517895383581018	0.7994289316271352
251.76188094047023	0.7526815031386365	0.798563548162399
251.89494747373686	0.7526522481303186	0.800591895380624
252.0280140070035	0.7518258306517575	0.8014545592136054
252.16108054027012	0.7507118632957058	0.8028761507484012
252.29414707353675	0.7508071214458252	0.8027050721683768
252.4272136068034	0.7492442257259543	0.8017077467324458
252.56028014007003	0.7500178108168938	0.8008303149649115
252.69334667333666	0.7499280572274225	0.7999291241468114
252.8264132066033	0.7501099535851934	0.8005988972632034
252.95947973986992	0.7493213558625278	0.7999059684699285
253.09254627313655	0.7490793158830396	0.8008761928405734
253.2256128064032	0.7496418725076108	0.8001140714281021
253.35867933966983	0.748688177387252	0.8008925587056631
253.49174587293646	0.7483101928973717	0.7998219766730515
253.6248124062031	0.7488544112758038	0.8014722921665771
253.75787893946972	0.7486848602534286	0.8018034444613434
253.89094547273635	0.749925324523822	0.8009789073158213
254.024012006003	0.7504257244451316	0.8008163488735912
254.15707853926963	0.749180558687819	0.8007279912930354
254.29014507253626	0.7500106703338247	0.7998769240586608
254.4232116058029	0.7495095208564808	0.7986058457201897
254.55627813906952	0.7491661013489604	0.7981092248993306
254.68934467233615	0.7484072902883944	0.7986113836833297
254.8224112056028	0.7478879332360852	0.7985120504376761
254.95547773886943	0.7479014408428533	0.7983373935888414
255.08854427213606	0.7469371431815655	0.7995476272672275
255.2216108054027	0.746080412891434	0.8004232897773895
255.35467733866932	0.7463706943206548	0.8008010972059508
255.48774387193595	0.747115500295772	0.8012378096723947
255.6208104052026	0.7471759701283505	0.8006665635982194
255.75387693846923	0.7470295353607452	0.7997458339495935
255.88694347173586	0.7458933332976297	0.8008014940089583
256.0200100050025	0.7456988342384904	0.8003225276644261
256.15307653826915	0.7443492002115117	0.8007721782134816
256.2861430715358	0.7446021353109249	0.8012650882410485
256.4192096048024	0.745246408105847	0.8017283844606291
256.55227613806903	0.7457421917869543	0.8014162575856691
256.68534267133566	0.7449907409509007	0.8018533495229073
256.8184092046023	0.7446830840962755	0.8016030971304567
256.9514757378689	0.7451030610381271	0.801656336608341
257.08454227113555	0.7442696763395596	0.8013250494944938
257.2176088044022	0.7442621871140459	0.7998265567157364
257.3506753376688	0.7434755600070053	0.8001899636226668
257.4837418709355	0.743384097038486	0.8007208805192078
257.6168084042021	0.7437959760669003	0.8000202341303506
257.74987493746875	0.7448007388675022	0.8010510538541266
257.8829414707354	0.7432906247853079	0.8014444880724332
258.016008004002	0.7444634084889179	0.8006324650886651
258.14907453726863	0.7446838019531834	0.7983419218130248
258.28214107053526	0.7453836234417512	0.7978524553970109
258.4152076038019	0.744534744582985	0.7978821779594404
258.5482741370685	0.7446079852634707	0.7983113365092483
258.68134067033515	0.7440494485931833	0.7967414359768085
258.8144072036018	0.7437401834499515	0.796163585210938
258.9474737368684	0.743882813378995	0.796292543608524
259.0805402701351	0.7433500855107826	0.79538280991376
259.2136068034017	0.7432752897017346	0.7956493617981671
259.34667333666835	0.7421338358043051	0.7957244739316307
259.479739869935	0.7428619279740445	0.7963086608891237
259.6128064032016	0.7426992057658238	0.7980923813462721
259.74587293646823	0.7418518889186142	0.7982877212978228
259.87893946973486	0.7414750511737671	0.79897312447272
260.0120060030015	0.7410505621666518	0.798930437345479
260.1450725362681	0.7426182171323532	0.7995943016088958
260.27813906953475	0.7435909825255774	0.7995081438154081
260.4112056028014	0.7427647062253728	0.799688565965462
260.544272136068	0.7424751813128053	0.7978120261983112
260.6773386693347	0.7430635416770414	0.7979217128720639
260.8104052026013	0.7434201267077012	0.7987291303193103
260.94347173586794	0.7426169561386867	0.7988879034790793
261.0765382691346	0.7431180559360855	0.7992450675744258
261.2096048024012	0.7423555473709053	0.7989665763224434
261.34267133566783	0.7407018190053509	0.7987577753909401
261.47573786893446	0.7404738691948827	0.7983916846675984
261.6088044022011	0.7398169099299051	0.7959250496447661
261.7418709354677	0.7408395325145728	0.7962229182055047
261.87493746873434	0.7398772898300664	0.796814520534764
262.008004002001	0.7398953825076571	0.7981149101269898
262.1410705352676	0.7385619582927875	0.7973241384217494
262.2741370685343	0.7376066169336369	0.7977226845880998
262.4072036018009	0.7383522765124978	0.796152260794418
262.54027013506754	0.7384300741560521	0.7948607784495691
262.6733366683342	0.7382523623207528	0.7957609327355082
262.8064032016008	0.7383744785680035	0.7954931047876866
262.93946973486743	0.7391586795142199	0.7946646405499955
263.07253626813406	0.738410751139453	0.7947771103477337
263.2056028014007	0.7384726318564588	0.7937644157162492
263.3386693346673	0.7379672075028458	0.793634734341207
263.47173586793394	0.7378501417698512	0.7947679770644851
263.6048024012006	0.7381144710588593	0.7944024965085867
263.7378689344672	0.7385114598178142	0.7943230277287632
263.8709354677339	0.7387641414601223	0.7953471193519224
264.0040020010005	0.7378753682637793	0.7950351669108574
264.13706853426714	0.7383813757133338	0.7960578222111363
264.2701350675338	0.7380091903167577	0.7944977398598774
264.4032016008004	0.7380491050670167	0.7929220880172634
264.53626813406703	0.7383379911760584	0.7917163951524567
264.66933466733366	0.7386447006256736	0.792577851388299
264.8024012006003	0.7398625403061375	0.792315214323792
264.9354677338669	0.7403316223002141	0.7923171471954636
265.06853426713354	0.7406836504304258	0.7914280489127286
265.2016008004002	0.7417255995485127	0.7926875183345976
265.3346673336668	0.7417723973692002	0.7929134369542286
265.4677338669335	0.741749222000793	0.7928004866332894
265.6008004002001	0.7423242816558664	0.7935772853667968
265.73386693346674	0.742813372255687	0.79264698046329
265.86693346673337	0.741506698662221	0.7934657909672092
266.0	0.7421262458471761	0.7923366555924695
