0.0	0.0	0.0
0.1330665332666333	4.453016955433021e-05	0.00013313349827238387
0.2661330665332666	0.0007761110411222225	0.0009535253090604214
0.39919959979989994	0.0019514329669852706	0.0023501084457976077
0.5322661330665333	0.003946937120458205	0.0041459242814668226
0.6653326663331666	0.006407726217529564	0.006629619198054789
0.7983991995997999	0.009221586914788568	0.009978189898648064
0.9314657328664332	0.011770864212197321	0.014034260755302676
1.0645322661330665	0.014872909978171754	0.01822419349730933
1.1975987993997	0.01737603245366925	0.02345981836466212
1.3306653326663331	0.020325744386247274	0.02984403305136211
1.4637318659329663	0.02349500549097472	0.03690168789540559
1.5967983991995998	0.026639974882535465	0.04659238560352621
1.7298649324662332	0.029454200067297594	0.05605521870956109
1.8629314657328664	0.03260319646450466	0.06699422093373443
1.9959979989994996	0.03576952252856518	0.07981275098504002
2.129064532266133	0.03858377689736544	0.09348783594749316
2.2621310655327664	0.04157397527097772	0.10804401401358738
2.3951975987994	0.04432544572502008	0.12645299439557972
2.528264132066033	0.047849947275788896	0.14834196558474055
2.6613306653326663	0.05077050753466555	0.17104100369289482
2.7943971985992997	0.05390078442604044	0.1950762864974632
2.9274637318659327	0.05740133036478967	0.22113016205199565
3.060530265132566	0.06054463775598263	0.25070129488516163
3.1935967983991995	0.06357889076048841	0.279518596558638
3.326663331665833	0.06620721351887994	0.31199307563184225
3.4597298649324664	0.06845256126885878	0.3468400339673316
3.5927963981990994	0.07146138053692806	0.3797674276013296
3.7258629314657328	0.07336427417560289	0.41522193226231024
3.858929464732366	0.07607300089226234	0.4523613134812313
3.991995997998999	0.07839854479609679	0.488486114661941
4.125062531265633	0.08117161071482558	0.5237967534742275
4.258129064532266	0.08341614214863334	0.5578231910633789
4.391195597798899	0.08520191013965042	0.5896894022224195
4.524262131065533	0.0883115882989767	0.621033343112658
4.657328664332166	0.09078388374079416	0.6502396960941752
4.7903951975988	0.09354540381766965	0.6760908760310178
4.923461730865433	0.09665879030689023	0.7030450689449991
5.056528264132066	0.09868679735184452	0.7267425190564462
5.1895947973986996	0.10093091439887275	0.7485250951915237
5.3226613306653325	0.10337866634174415	0.7672167507920865
5.4557278639319655	0.10632121378553501	0.7839594640560673
5.588794397198599	0.10862418034398698	0.7993420523136346
5.721860930465232	0.11149049950399481	0.813372854021767
5.854927463731865	0.11423609275012692	0.8239704426967652
5.987993996998499	0.11697746989360168	0.8348437641429813
6.121060530265132	0.1193031829025728	0.8452684485969368
6.254127063531766	0.12206340292085571	0.8542589246760974
6.387193596798399	0.1249332790958814	0.862954256525224
6.520260130065032	0.12723559201547363	0.8683358967124319
6.653326663331666	0.1300200121533376	0.8749999538719797
6.786393196598299	0.132982422972775	0.8805289177976297
6.919459729864933	0.13526246967980296	0.885122756076566
7.052526263131566	0.13714442263115664	0.8885047144107816
7.185592796398199	0.14028037452344266	0.8931249038135497
7.318659329664833	0.1425961359256871	0.8956532842374517
7.4517258629314655	0.14433186113798435	0.8980239014316799
7.5847923961980985	0.14685731221737622	0.8999662208591446
7.717858929464732	0.14966920323614497	0.901985319344155
7.850925462731365	0.1522556124297093	0.9043191334850598
7.983991995997998	0.15466337133207447	0.907858032224363
8.117058529264632	0.1567855852197169	0.9107163669419273
8.250125062531266	0.1589400519627623	0.9119329307305445
8.383191595797898	0.16114937743203384	0.9126505829952166
8.516258129064532	0.16302808480447228	0.9145950843516891
8.649324662331166	0.16500460610934617	0.9153864530849889
8.782391195597798	0.167094694517532	0.9169852350888412
8.915457728864432	0.16935062996427178	0.917599462821175
9.048524262131066	0.17124677284568454	0.9184813056706045
9.181590795397698	0.17338137401318296	0.9203386377374351
9.314657328664332	0.17618255741735517	0.9209520661055955
9.447723861930966	0.1783296130306206	0.9203058833196511
9.5807903951976	0.18159969218188118	0.9193564488260463
9.713856928464232	0.18339070935932225	0.9211658368221911
9.846923461730865	0.1857114079916726	0.9220019001707523
9.9799899949975	0.18778249837314323	0.9231417741992161
10.113056528264131	0.18994739422845397	0.9236214736304236
10.246123061530765	0.19242588368789743	0.9229493451537708
10.379189594797399	0.19442107161157318	0.9232775010634899
10.512256128064031	0.1963256493383955	0.924523203632442
10.645322661330665	0.19875337706345794	0.9249355948401599
10.778389194597299	0.20047504414085096	0.9260454166353472
10.911455727863931	0.2025575569378956	0.9248461136237822
11.044522261130565	0.20441634450231175	0.9243549849311263
11.177588794397199	0.20727504200425412	0.9242569517577601
11.31065532766383	0.20964542301357528	0.9243045654279787
11.443721860930465	0.21118865248914076	0.9238783358095733
11.576788394197099	0.21313851236920556	0.9248826323451788
11.70985492746373	0.2154107491256669	0.926350598873974
11.842921460730365	0.217667413204705	0.9255786279434733
11.975987993996998	0.21923609232108954	0.9248741492813963
12.109054527263632	0.2212434555694265	0.9246273971423326
12.242121060530264	0.22316904596349668	0.925077896424328
12.375187593796898	0.22531250814736503	0.9264274724528877
12.508254127063532	0.2277592653234059	0.9267188025776797
12.641320660330164	0.22998125746135717	0.9262294886185819
12.774387193596798	0.23159819447156801	0.9262341844890595
12.907453726863432	0.23402417991913732	0.9260927070711821
13.040520260130064	0.2355303320194466	0.9250822082623433
13.173586793396698	0.23814963627960448	0.9260367697271459
13.306653326663332	0.24080249211298999	0.9272613059688757
13.439719859929964	0.2425636544407394	0.9267322373836733
13.572786393196598	0.24376545386971865	0.9261791473624458
13.705852926463232	0.2459251820208628	0.9265505679905105
13.838919459729865	0.24740131637667753	0.9268023233462309
13.971985992996498	0.2487713467071391	0.92716064943656
14.105052526263131	0.24983611546272136	0.9266010973383155
14.238119059529765	0.25109693674629924	0.9268611106676276
14.371185592796397	0.25362790465508034	0.9257963607107661
14.504252126063031	0.2554434836788978	0.926115232755494
14.637318659329665	0.2581134733577948	0.9264789305166808
14.770385192596297	0.26051271245649193	0.9268343484284725
14.903451725862931	0.2623358745396032	0.925670649974719
15.036518259129565	0.26420975567067984	0.9257903951704356
15.169584792396197	0.26604055260584	0.9263353592186802
15.302651325662831	0.26733217279817656	0.9264602814770851
15.435717858929465	0.2693152403744752	0.9263142486814863
15.568784392196097	0.2710510173275229	0.9261807424266035
15.70185092546273	0.2722104565498597	0.9256707245025594
15.834917458729365	0.2744246803097891	0.9272563359018682
15.967983991995997	0.2751148452334299	0.9269209238915705
16.101050525262632	0.27772323792336795	0.92665653363677
16.234117058529264	0.27930472431636894	0.9280834689852914
16.367183591795897	0.2813417481243288	0.9278713230223151
16.500250125062532	0.2831164867683029	0.9280799338856215
16.633316658329164	0.2848800616383911	0.9276359451680454
16.766383191595796	0.28680359545789386	0.9258242905910034
16.899449724862432	0.2882880030625657	0.9259557028240087
17.032516258129064	0.2896101306274645	0.9263224502695987
17.165582791395696	0.29202057326253883	0.9252412579305902
17.298649324662332	0.29356295112192	0.9240418963351004
17.431715857928964	0.29582616507720333	0.9257019257825007
17.564782391195596	0.2977233089152623	0.9256648519460271
17.69784892446223	0.2996115169282343	0.9251192769398378
17.830915457728864	0.30181353257822524	0.9238377297663138
17.963981990995496	0.3032635854438464	0.9235133884873947
18.09704852426213	0.30455580091692525	0.9249681967589963
18.230115057528764	0.30705475014887684	0.9257885998659903
18.363181590795396	0.30934155049517015	0.9270858621714375
18.49624812406203	0.3110572454970492	0.9258054457579863
18.629314657328663	0.31463047725282933	0.925219155179514
18.762381190595296	0.3159683975074278	0.9245977118946092
18.89544772386193	0.3172035519953139	0.9248334530826223
19.028514257128563	0.31872660434964195	0.9267335279913312
19.1615807903952	0.320116332888674	0.9245814842527479
19.29464732366183	0.3218104636157088	0.9241863528761405
19.427713856928463	0.322933662587875	0.9233623661668121
19.5607803901951	0.3243765092222785	0.9236885613624669
19.69384692346173	0.32642444107222285	0.9225030967642044
19.826913456728363	0.3277375361009478	0.9224099227276494
19.959979989995	0.33020961110087405	0.9227075133523838
20.09304652326163	0.33239073004270475	0.9232997542899047
20.226113056528263	0.33501162733193884	0.9238832188549203
20.3591795897949	0.33661498330165396	0.9232597454327988
20.49224612306153	0.33735953445376965	0.9236484545262456
20.625312656328163	0.33782671336090364	0.9237396338130426
20.758379189594798	0.33987039437075045	0.9235586577067985
20.89144572286143	0.3408201381918776	0.924455603556469
21.024512256128062	0.34168573423878085	0.9249546401743519
21.157578789394698	0.3435019391549152	0.9260151098641538
21.29064532266133	0.34516782721152844	0.9248627181554049
21.423711855927962	0.34767911817394015	0.9235596694385275
21.556778389194598	0.3499475044731304	0.9240603332733984
21.68984492246123	0.35145245859056745	0.9244012399307647
21.822911455727862	0.3534139180472044	0.9252244772736509
21.955977988994498	0.3545466667160483	0.9269549207015704
22.08904452226113	0.3573050294717122	0.9258775102868996
22.222111055527762	0.35858216723121167	0.925640175131065
22.355177588794398	0.3595951150514577	0.9251242468323444
22.48824412206103	0.3607734242829442	0.9244469487066544
22.62131065532766	0.36372182889774635	0.9251074711002824
22.754377188594297	0.3651338567680468	0.9246702161068207
22.88744372186093	0.36636969372353656	0.9247459226003714
23.02051025512756	0.36746933072055693	0.924864848311365
23.153576788394197	0.3696966551118117	0.925435094216562
23.28664332166083	0.3710519062727875	0.9256658472656548
23.41970985492746	0.37355393819997446	0.925370824218188
23.552776388194097	0.37564534649439624	0.9230643200733185
23.68584292146073	0.37645910996215187	0.9239109937616857
23.818909454727365	0.3786728888751158	0.9240168906002769
23.951975987993997	0.3801489376527554	0.9229582835337918
24.08504252126063	0.38157468659219573	0.9229814272190404
24.218109054527265	0.38264601246856367	0.9222857904404762
24.351175587793897	0.3838314833841333	0.9228150799834273
24.48424212106053	0.3850847794802041	0.9211649793283936
24.617308654327164	0.38616558435193926	0.9213397930745252
24.750375187593797	0.3864738899718222	0.9216574126634395
24.88344172086043	0.38728578030016286	0.9216010757796214
25.016508254127064	0.3881250608970926	0.9218143371530805
25.149574787393696	0.3898706467169409	0.9209608804031132
25.28264132066033	0.39145119512330695	0.9208173988311585
25.415707853926964	0.39369095473547555	0.9196571953790702
25.548774387193596	0.3947473322239533	0.9191419196908684
25.68184092046023	0.3965275669212704	0.9183077016055163
25.814907453726864	0.39881530281268857	0.918721815898552
25.947973986993496	0.40007033777639556	0.9181321995229514
26.081040520260128	0.402046699535954	0.9181865930965041
26.214107053526764	0.40409764809109106	0.9199120927396649
26.347173586793396	0.4051839318737749	0.9204065335865043
26.480240120060028	0.4067553080307461	0.9202814951481812
26.613306653326664	0.40674460251552325	0.9195096191509133
26.746373186593296	0.40772360237716165	0.9187757503719913
26.879439719859928	0.4091854726038388	0.9207757042510025
27.012506253126563	0.4116498245304824	0.9217421948133409
27.145572786393195	0.41243202202483475	0.9224546736837607
27.278639319659828	0.41413534218494363	0.9221992129967436
27.411705852926463	0.41545861412163365	0.9207222225400954
27.544772386193095	0.41730267058837145	0.9185009851248777
27.67783891945973	0.4191550588484965	0.917470907193449
27.810905452726363	0.42045369397811866	0.9177156512886989
27.943971985992995	0.4210040218485088	0.9165002831620745
28.07703851925963	0.42171036697553904	0.9172954774543588
28.210105052526263	0.42343371007005265	0.9159804611160078
28.343171585792895	0.42394111721889205	0.9152584700548848
28.47623811905953	0.42534328080483497	0.916351808998841
28.609304652326163	0.4266357187066702	0.9174471423020012
28.742371185592795	0.42795212688990797	0.9172650275236858
28.87543771885943	0.43004200591233854	0.917542376488308
29.008504252126063	0.4319883742771511	0.9176921624142825
29.141570785392695	0.4326082070082257	0.9172723174492274
29.27463731865933	0.43342470622108453	0.9177271642138229
29.407703851925962	0.4348776832516692	0.9183331921752849
29.540770385192594	0.43627120483057036	0.9165398339432091
29.67383691845923	0.4378694222886174	0.9159907199540283
29.806903451725862	0.43871315823363805	0.916714342292158
29.939969984992494	0.44097344025654733	0.9153803398197715
30.07303651825913	0.44231389268114113	0.9161590992410052
30.206103051525762	0.4429962917941022	0.916238623895702
30.339169584792394	0.44442512175139753	0.9169738752269675
30.47223611805903	0.44527208861395196	0.9171613299957714
30.605302651325662	0.44745000647185523	0.9177002143698112
30.738369184592294	0.44861301492857275	0.9175504104492201
30.87143571785893	0.44908872317498466	0.9165748043184618
31.00450225112556	0.45055472889894865	0.9159529384775958
31.137568784392194	0.4521263190970858	0.9150734223017744
31.27063531765883	0.4529325490294948	0.9138079685893483
31.40370185092546	0.45425632276542804	0.9136721380615193
31.536768384192094	0.4553990352598498	0.9125311936788824
31.66983491745873	0.4575503644782731	0.9128502449831815
31.80290145072536	0.4590328065984392	0.9135518423622061
31.935967983991993	0.4601865468591912	0.9120659599069392
32.06903451725863	0.460792779998757	0.9113473571932998
32.202101050525265	0.4623416812354077	0.910296439321304
32.33516758379189	0.4650844053959241	0.9106992361538957
32.46823411705853	0.4665495377959126	0.910966050219299
32.601300650325165	0.4682553173705813	0.911149485532179
32.73436718359179	0.4690780447011885	0.9116479893237334
32.86743371685843	0.4694540748473107	0.9112331750922785
33.000500250125064	0.4697234814366284	0.9117877285241028
33.13356678339169	0.4705784673457582	0.9112670953674986
33.26663331665833	0.4729824674248365	0.9104800587548939
33.399699849924964	0.47387165231915296	0.908776818938153
33.53276638319159	0.4742583208829578	0.9095306161123472
33.66583291645823	0.475736789550218	0.9095009538238208
33.798899449724864	0.47693244855355704	0.9093147502277884
33.93196598299149	0.4789372940360889	0.9102977201164272
34.06503251625813	0.4806022946606881	0.9103237521539542
34.198099049524764	0.4805068525393285	0.9110456440090168
34.33116558279139	0.48035418317897344	0.9118021871198821
34.46423211605803	0.48043311572838143	0.9114660137634651
34.597298649324664	0.48196442500591874	0.9105937818899922
34.73036518259129	0.4830592101855895	0.9106313763200709
34.86343171585793	0.48475365620437283	0.912074337483425
34.99649824912456	0.48596204874806326	0.9123923273395064
35.12956478239119	0.4865847336678889	0.9125118739902246
35.26263131565783	0.4874252263153252	0.9128225766242395
35.39569784892446	0.48889517059193455	0.9129830846877546
35.52876438219109	0.48982122159313596	0.9120764544371203
35.66183091545773	0.4901858446298492	0.9108799864770998
35.79489744872436	0.4918588695418677	0.9089568607731743
35.92796398199099	0.4938457165692567	0.9092417816510561
36.06103051525763	0.4948427792395958	0.9076934407332448
36.19409704852426	0.4958211328671551	0.9064452297760388
36.32716358179089	0.49552229477744536	0.9074779873686074
36.46023011505753	0.4971519349396462	0.9081929104598423
36.59329664832416	0.4980550928351314	0.9086014536845458
36.72636318159079	0.5001391291808314	0.9082262808782338
36.85942971485743	0.5016736803794044	0.9075672498055104
36.99249624812406	0.5026619206177733	0.90655892525291
37.12556278139069	0.5029114118432846	0.9056834974569934
37.25862931465733	0.5032531218143567	0.906702161137367
37.39169584792396	0.503723015196394	0.9064673360515334
37.52476238119059	0.5058373201543377	0.9053384942980907
37.65782891445723	0.5067453433659983	0.9043383204433205
37.79089544772386	0.5082446200316328	0.9042480718148862
37.92396198099049	0.5089584932911826	0.9051447339504266
38.05702851425713	0.5094726299101878	0.9057865445333405
38.19009504752376	0.5105315806979276	0.9042079228362883
38.3231615807904	0.5106508017749796	0.9038313502002459
38.456228114057026	0.5104329876672755	0.9023757278390994
38.58929464732366	0.5117648064751996	0.903261310420903
38.7223611805903	0.5125588559436834	0.903625882458684
38.855427713856926	0.5134934451662492	0.9030749353843326
38.98849424712356	0.5148462096588555	0.9031045515833639
39.1215607803902	0.5151653637235174	0.9036566984206374
39.254627313656826	0.5162913413989031	0.905594864799017
39.38769384692346	0.5180035736251029	0.9040231574367604
39.5207603801901	0.519267210085324	0.9045215688906794
39.653826913456726	0.5211514955710471	0.9048985243321537
39.78689344672336	0.5211483538463196	0.9045792272559027
39.91995997999	0.5233780895933997	0.9054771915586085
40.053026513256626	0.525148976696074	0.9054790656670751
40.18609304652326	0.5254147704685647	0.9042725337725397
40.3191595797899	0.5265088062050912	0.9039085219245009
40.452226113056525	0.5273408316507824	0.9026870453182853
40.58529264632316	0.5277493718746878	0.9029262676029624
40.7183591795898	0.529084021645961	0.9030246763025387
40.851425712856425	0.5286952748310013	0.9018827435347948
40.98449224612306	0.5297315356861745	0.9014840070553678
41.1175587793897	0.5312153367387338	0.9010758169536329
41.250625312656325	0.5326552967436224	0.8994152236150972
41.38369184592296	0.5331742068717209	0.8995613040059188
41.516758379189596	0.5332357550424026	0.9016183831096886
41.649824912456225	0.5339045815551192	0.9022504559906883
41.78289144572286	0.5358655150409865	0.9018091491874087
41.915957978989496	0.5364726608739482	0.9014550624635551
42.049024512256125	0.5375325943447521	0.9016032352644767
42.18209104552276	0.5393384202228876	0.9027911578207539
42.315157578789396	0.5420999731387649	0.9024696351499308
42.448224112056025	0.5440200014593921	0.9005991644625725
42.58129064532266	0.5455141608112517	0.9008778662689233
42.714357178589296	0.5454261941767703	0.8993740617149989
42.847423711855924	0.546566121482825	0.8996839089701668
42.98049024512256	0.5477766340773128	0.8993171881377482
43.113556778389196	0.5470002523299153	0.8974229191060815
43.246623311655824	0.5476333146785356	0.8977189910459126
43.37968984492246	0.547781790186723	0.8989678402951609
43.512756378189096	0.5480510293094084	0.9006643975950006
43.645822911455724	0.5487337630316339	0.9003369928308819
43.77888944472236	0.5502557241010344	0.899807589692314
43.911955977988995	0.5505737744572301	0.89926758869496
44.045022511255624	0.5516564135125401	0.9003892172865248
44.17808904452226	0.5536196393965994	0.9000708905060665
44.311155577788895	0.5546911620131051	0.9004358745842422
44.444222111055524	0.5556840061523814	0.9001198765396943
44.57728864432216	0.5563409144222473	0.899658431526107
44.710355177588795	0.5567553635325142	0.8996302052124459
44.843421710855424	0.5575665578903902	0.9007150893802086
44.97648824412206	0.5583004929207914	0.8998603838659232
45.109554777388695	0.5603870578680931	0.8999552985084511
45.24262131065532	0.5617505632206357	0.8997630690163266
45.37568784392196	0.5618407886912687	0.9011051231969959
45.508754377188595	0.5636100601568822	0.9005682838232402
45.64182091045522	0.5646945388661055	0.8993034096871458
45.77488744372186	0.5650223785248571	0.8987450378511725
45.907953976988495	0.5651936786496693	0.8978306430726516
46.04102051025512	0.566132969399406	0.8969989833261931
46.17408704352176	0.566562466387668	0.8979234841034069
46.307153576788394	0.568403811036554	0.8971506633628389
46.44022011005502	0.5700863256685987	0.8955989870384219
46.57328664332166	0.5682525833309131	0.8946850240970079
46.706353176588294	0.5683607679416686	0.8945010980068552
46.83941970985492	0.5685872989436317	0.8941772927450612
46.97248624312156	0.5705073394308908	0.8945849462933361
47.105552776388194	0.5710251901579549	0.8947509610504044
47.23861930965483	0.5720555953676216	0.8951777337318987
47.37168584292146	0.5718736193480237	0.8945055650293973
47.504752376188094	0.5732787226431626	0.8937609961183904
47.63781890945473	0.5735683210569386	0.8931618821667324
47.77088544272136	0.5736495562407601	0.8929305930336064
47.903951975987994	0.5742282095594351	0.8922884576113344
48.03701850925463	0.5766531649591089	0.8926379835864988
48.17008504252126	0.575765178897378	0.8924581012148886
48.30315157578789	0.5765623342268043	0.8927232807659311
48.43621810905453	0.576871446151034	0.8947941669048385
48.56928464232116	0.5763000135665116	0.894746132372925
48.70235117558779	0.5768860258214662	0.8942255335634745
48.83541770885443	0.5774062248101913	0.8954613948584516
48.96848424212106	0.5792100834862779	0.8958136182890679
49.10155077538769	0.5800524287150743	0.8946819561836952
49.23461730865433	0.5808514193002392	0.8936999364430054
49.36768384192096	0.5825531964776137	0.8940586250970318
49.50075037518759	0.5845552483858278	0.8945345192430978
49.63381690845423	0.5848837618203893	0.8952846793647841
49.76688344172086	0.5853892770037259	0.8955971545223405
49.89994997498749	0.5860639291555736	0.8955476525215444
50.03301650825413	0.5866277624267876	0.8959037734156597
50.16608304152076	0.5865293561519626	0.8953380716815281
50.29914957478739	0.5877553988860645	0.8950416752412328
50.43221610805403	0.5885516039925426	0.8953718762613632
50.56528264132066	0.5886979995771872	0.8957078107047222
50.69834917458729	0.5882457502859287	0.8947332183940675
50.83141570785393	0.5884689040863446	0.8965858558992857
50.96448224112056	0.5895883761757166	0.8977308403215413
51.09754877438719	0.5901226621979055	0.8970153300120988
51.23061530765383	0.5900369436217895	0.8961352594080563
51.36368184092046	0.5918301846456842	0.8949263467681127
51.49674837418709	0.5913406215459075	0.8948649712408179
51.62981490745373	0.5930597033509317	0.8941311346030604
51.762881440720356	0.5945382928031349	0.8939466376221531
51.89594797398699	0.5953329633732432	0.8926286266036504
52.02901450725363	0.5963964659178091	0.8938375989176033
52.162081040520256	0.5969396121331212	0.8940470221865012
52.29514757378689	0.5982171704085776	0.8931779129531385
52.42821410705353	0.5992505290762427	0.8927183364643558
52.561280640320156	0.5997487278147207	0.8925099092293975
52.69434717358679	0.6015470058216804	0.8926009677174372
52.82741370685343	0.6020753523376801	0.8916590654653749
52.960480240120056	0.6019115545191397	0.8918220084882089
53.09354677338669	0.6021118102686333	0.8920808808609992
53.22661330665333	0.6029805598192857	0.8925026253404389
53.359679839919956	0.6037901615222134	0.8920479268651379
53.49274637318659	0.604705281681211	0.8927125266129848
53.62581290645323	0.6052979354978621	0.892471281129347
53.758879439719855	0.6062948740596238	0.8923918668080196
53.89194597298649	0.6074636958626665	0.8916282409012135
54.02501250625313	0.6073911749626574	0.8922759211097416
54.158079039519755	0.6091056618006929	0.892235156039076
54.29114557278639	0.6094954119247523	0.8921923422745237
54.42421210605303	0.6103781416474495	0.8916188786703387
54.557278639319655	0.6107461944151035	0.8923758240585759
54.69034517258629	0.6103319056283381	0.891043728205305
54.823411705852926	0.6110700948649679	0.8898068068174929
54.956478239119555	0.6124642143244379	0.889557156170579
55.08954477238619	0.6128377024505249	0.8897496829701631
55.222611305652826	0.6133448059164837	0.8886199907453144
55.35567783891946	0.6141666982042562	0.8879122745340918
55.48874437218609	0.6150080354636691	0.8872863260897306
55.621810905452726	0.6154514293418926	0.887159548945455
55.75487743871936	0.6154517253942025	0.8879542499340263
55.88794397198599	0.6169872765448056	0.8876289696477456
56.021010505252626	0.6185364287927267	0.8869525984844527
56.15407703851926	0.6193041829475281	0.8875139552604112
56.28714357178589	0.6189716421766225	0.886432210407267
56.420210105052526	0.6196002039892435	0.8866897758612723
56.55327663831916	0.6202651342955586	0.8866898549293741
56.68634317158579	0.6200450838792136	0.8860891757641515
56.819409704852426	0.6210061289672247	0.8870216832554259
56.95247623811906	0.6209030863562668	0.8869306350023552
57.08554277138569	0.6212977904634447	0.8873534913638061
57.218609304652325	0.6212108988532744	0.8872992044611546
57.35167583791896	0.6215093646881686	0.8866339090951436
57.48474237118559	0.6223821597406097	0.8864188661135617
57.617808904452225	0.6238556992543755	0.8861434386332845
57.75087543771886	0.6251691318567444	0.884996666378843
57.88394197098549	0.6257705315891819	0.8840244238202002
58.017008504252125	0.62760534322581	0.8844730844970129
58.15007503751876	0.6284293762747281	0.8854208470122242
58.28314157078539	0.6279772384740544	0.884104184779402
58.416208104052025	0.6286869907778558	0.8826901487691504
58.54927463731866	0.6290342643394147	0.8819582343766693
58.68234117058529	0.6285108385088841	0.8831889813500557
58.815407703851925	0.6284434798626717	0.8841954870845423
58.94847423711856	0.6293887412035568	0.8835005421895226
59.08154077038519	0.6303438080755602	0.883066364733461
59.214607303651825	0.6314743325677523	0.8840804286239546
59.34767383691846	0.6322740174199208	0.8846379573061566
59.48074037018509	0.6310111768993302	0.8840026244884385
59.613806903451724	0.6311210734285752	0.8836047422664582
59.74687343671836	0.6315632218940754	0.8830529241258032
59.87993996998499	0.6317378265242904	0.8832505497863565
60.013006503251624	0.6324079243673238	0.8837251945193881
60.14607303651826	0.6325527046522276	0.8833711131708738
60.27913956978489	0.631791870633668	0.8837280337128341
60.412206103051524	0.6318462835872481	0.8834256968561945
60.54527263631816	0.6329660493649445	0.8826455557170996
60.67833916958479	0.6341247309444259	0.8832794392337942
60.811405702851424	0.6349548715099508	0.8828701840155301
60.94447223611806	0.6351268176882212	0.8827263230587127
61.07753876938469	0.6339258282465683	0.8836737478543141
61.210605302651324	0.6338094739945189	0.8833521555886367
61.34367183591796	0.6352617725350947	0.8837632740423708
61.47673836918459	0.6366909503866952	0.8843266186036437
61.60980490245122	0.6362477098934715	0.8838512282206656
61.74287143571786	0.637223047653672	0.882316054452284
61.87593796898449	0.6382784386285528	0.8819583017603504
62.00900450225112	0.6380136203046513	0.8831703629986637
62.14207103551776	0.6374167483354592	0.8830396803816505
62.27513756878439	0.6380687103409453	0.8837828896983815
62.40820410205102	0.6399292314585157	0.8844542402731517
62.54127063531766	0.6401414596932152	0.8827657845901294
62.67433716858429	0.6408887189529037	0.8833121443140977
62.80740370185092	0.6414562491720337	0.8824010130959548
62.94047023511756	0.6414652243912379	0.8813290077936061
63.07353676838419	0.6414625723574906	0.8818482156138766
63.20660330165082	0.641250383227062	0.8817600788367883
63.33966983491746	0.6415516601051616	0.8820442087495174
63.47273636818409	0.6425702533336102	0.8804545512915062
63.60580290145072	0.6429760621227986	0.8795912301904334
63.73886943471736	0.6440132249603938	0.880233516768758
63.87193596798399	0.645749245202208	0.8795363534223166
64.00500250125063	0.6463731618130802	0.8801947223579162
64.13806903451726	0.6464912986718248	0.8797195189372472
64.27113556778389	0.647418745964337	0.877895821601445
64.40420210105053	0.6481281823755726	0.8780703820156617
64.53726863431716	0.6481262523000176	0.8773520606147172
64.67033516758379	0.6488886755190664	0.8765207557423211
64.80340170085043	0.6492494297457333	0.8773028693443339
64.93646823411706	0.6497488700313936	0.8769740622220717
65.06953476738369	0.6504085101586683	0.8777953373884105
65.20260130065033	0.6513526661892275	0.8774116203240467
65.33566783391696	0.6518297677505935	0.8769495782915996
65.46873436718359	0.65223630187751	0.8766529240501061
65.60180090045023	0.6533668419398254	0.8751413880013731
65.73486743371686	0.6542656358871113	0.8737048476321159
65.86793396698349	0.6537560011796955	0.8745697629734586
66.00100050025013	0.6541965858173339	0.874884232387255
66.13406703351676	0.6541007425239228	0.8752872789624477
66.26713356678339	0.6554983615592526	0.875658065484152
66.40020010005003	0.6555525508460426	0.8755982845719552
66.53326663331666	0.6549749488119514	0.8754052859556191
66.66633316658329	0.6545492699134713	0.8743887884530244
66.79939969984993	0.6554360665283054	0.8746768912581948
66.93246623311656	0.656559371279585	0.8739723604440063
67.06553276638319	0.6573481095601441	0.8736972948437067
67.19859929964983	0.6585915961624632	0.8718873301503847
67.33166583291646	0.6596932000092204	0.8724428535575304
67.46473236618309	0.6603649011526991	0.8733248382487384
67.59779889944973	0.6612771357201236	0.8725718117299286
67.73086543271636	0.6623769546206234	0.8711698521279198
67.86393196598299	0.6617652316817266	0.8711462119151674
67.99699849924963	0.6613382173624973	0.8715638191301678
68.13006503251626	0.6617975632757689	0.8720486950800779
68.26313156578288	0.6624573137168912	0.8735639317755987
68.39619809904953	0.6619689145658856	0.8733824171228941
68.52926463231616	0.6609543635487292	0.8716802080638203
68.66233116558278	0.6592888444004059	0.8731813109123159
68.79539769884943	0.6599046156607414	0.8722412384721719
68.92846423211606	0.6602135035563725	0.871886186594158
69.06153076538268	0.6597282924008911	0.8728102167664264
69.19459729864933	0.6600199303050617	0.8722497543884649
69.32766383191596	0.6607049566581267	0.8722961692292204
69.46073036518258	0.6618652609045416	0.8732125833137304
69.59379689844923	0.6630462501534975	0.8733194535287804
69.72686343171586	0.663319007240516	0.8721780527690479
69.85992996498248	0.6628315331341716	0.8723935617093275
69.99299649824913	0.6632292884651236	0.8714701139471445
70.12606303151576	0.6630518612963908	0.8722005857352295
70.25912956478238	0.663825166383655	0.8736889238327485
70.39219609804903	0.6642127649312854	0.8745564453555982
70.52526263131566	0.6645441991921892	0.8743026198609303
70.65832916458228	0.6657652918693684	0.8727835716668167
70.79139569784893	0.6654745425775168	0.8712981523586567
70.92446223111556	0.6660636172916182	0.8717562468172705
71.05752876438218	0.6659632089267028	0.8713726769547192
71.19059529764883	0.6661095600614997	0.8707620910964864
71.32366183091546	0.6659100789401595	0.8708068329157428
71.45672836418208	0.6657285114749831	0.8714829623384401
71.58979489744873	0.6656573281125907	0.872080952109216
71.72286143071535	0.6657159248451642	0.8711874384580256
71.85592796398198	0.6670129682931488	0.8713287687850682
71.98899449724863	0.6674462677651659	0.8710763252643118
72.12206103051525	0.6672559156850024	0.8696246871273614
72.25512756378188	0.6683391326123821	0.8707651953719874
72.38819409704853	0.6693622769607022	0.8699339525723313
72.52126063031515	0.6687851359729661	0.868109204208971
72.65432716358178	0.6697911823424606	0.8685315729455267
72.78739369684843	0.6704528733026949	0.8683917359447754
72.92046023011505	0.6705715406611827	0.8683253654776438
73.05352676338168	0.6712625691166061	0.8681821426242416
73.18659329664833	0.6712983568349973	0.8671235971666336
73.31965982991495	0.6719442061005159	0.8669184301855701
73.45272636318158	0.6713452084731331	0.865931475256587
73.58579289644823	0.6714747145336947	0.866313564945606
73.71885942971485	0.6724928278966706	0.8670237373567167
73.85192596298148	0.6731940786917978	0.8678438715004985
73.98499249624813	0.6729090990303823	0.8685395691076535
74.11805902951475	0.6728149439402434	0.8678941405162537
74.25112556278138	0.6741543745365889	0.8688286629865534
74.38419209604803	0.6752639249362963	0.8688887086948064
74.51725862931465	0.6751534958800661	0.8691848497149298
74.65032516258128	0.6759148890894414	0.8688530186039382
74.78339169584793	0.6763608975139824	0.8676682362958829
74.91645822911455	0.6770822295870809	0.8673601555820747
75.04952476238118	0.6767168358758461	0.8663669778066869
75.18259129564782	0.6768349178022618	0.8659196269845366
75.31565782891445	0.6782583161846618	0.8656750784477568
75.44872436218108	0.6778619997064979	0.8648069052674828
75.58179089544772	0.6781040341873461	0.865161663823784
75.71485742871435	0.6788162962575482	0.8656041301194329
75.84792396198098	0.6798907612087884	0.8643909699124238
75.98099049524762	0.6803997313513388	0.8641452412400533
76.11405702851425	0.680103385421592	0.864990146826406
76.24712356178088	0.6803053096959754	0.8646930864984276
76.38019009504752	0.6805888063144476	0.8640101854389072
76.51325662831415	0.6808640741313314	0.8648938232260249
76.6463231615808	0.6811051006806181	0.865777784162194
76.77938969484742	0.6811105933180246	0.8656791015464306
76.91245622811405	0.6821052992030836	0.8656127951207656
77.0455227613807	0.6826264676802068	0.8650741204292368
77.17858929464732	0.6830392274224216	0.8645760247684096
77.31165582791395	0.6833981038170605	0.8646400827330372
77.4447223611806	0.6839481337121155	0.8653483801924989
77.57778889444722	0.6838428779711316	0.8640562596278468
77.71085542771385	0.6838048727868197	0.8629360472519527
77.8439219609805	0.6842832490170986	0.8632397894433569
77.97698849424712	0.6860193893533775	0.8627405550225034
78.11005502751375	0.6861479093646664	0.8628987289150508
78.2431215607804	0.6869532007620694	0.8635357909330189
78.37618809404702	0.6870350042684813	0.8635616304073155
78.50925462731365	0.6856931283432822	0.8646577301971793
78.6423211605803	0.6865546949258463	0.8647841834492801
78.77538769384692	0.6860619346803086	0.8656389457813132
78.90845422711355	0.6851617676212686	0.8651301840928028
79.0415207603802	0.6858231868410954	0.8653145936131208
79.17458729364682	0.6874989816464007	0.8658804595268578
79.30765382691345	0.6884033113741886	0.8652463885040336
79.4407203601801	0.6883264729158611	0.8637249079582081
79.57378689344672	0.6887129053747747	0.8629408561208388
79.70685342671335	0.6906379901741325	0.8638760162686566
79.83991995998	0.6914153037703298	0.8643492062611134
79.97298649324662	0.6916672372443783	0.8635465974367303
80.10605302651325	0.69261453131832	0.8631645528180657
80.2391195597799	0.6919453055054632	0.8619482487366757
80.37218609304652	0.6919132053652317	0.8611337928628972
80.50525262631315	0.6929828792921878	0.8603484239680783
80.6383191595798	0.6928709418100564	0.8612699127744482
80.77138569284642	0.6925891453986389	0.8609950071332914
80.90445222611305	0.6929868086858226	0.8608739839626237
81.0375187593797	0.6933120768222415	0.860065373235708
81.17058529264632	0.6933028394504481	0.8588099172571111
81.30365182591295	0.6943554511070873	0.8602629896007075
81.4367183591796	0.6952052575352017	0.8620296440226004
81.56978489244622	0.6955004317201967	0.8618873991924306
81.70285142571285	0.6949336457004752	0.8612752654939008
81.8359179589795	0.6949528483823252	0.8611078984483774
81.96898449224612	0.6961914855772426	0.8608167414880467
82.10205102551275	0.6958626270313397	0.8603333330447693
82.2351175587794	0.6956649945049461	0.8606210870406991
82.36818409204602	0.6964332538755026	0.8609188011874874
82.50125062531265	0.6974382243215986	0.8603739879359479
82.6343171585793	0.6974298259322236	0.8598706082841919
82.76738369184592	0.6958398174489444	0.8589901362870089
82.90045022511255	0.6950111654065186	0.8588466535746913
83.03351675837919	0.6953349858177303	0.8600364435259689
83.16658329164582	0.6945691458777837	0.8602526263875989
83.29964982491245	0.6943626589395749	0.860780112987662
83.43271635817909	0.6944826736429227	0.8604901116815399
83.56578289144572	0.6940068687320411	0.8597256970703018
83.69884942471235	0.6927034191188985	0.8582379516099335
83.83191595797899	0.6937563742163069	0.8576690986392919
83.96498249124562	0.693336358272805	0.8590873215692105
84.09804902451225	0.6927785597575602	0.8587006337077528
84.23111555777889	0.694648151039485	0.8590541628735698
84.36418209104552	0.6946164097158994	0.8588262809194174
84.49724862431215	0.6950985326790493	0.8571185218219813
84.63031515757879	0.6946324167033623	0.8560549122983855
84.76338169084542	0.6945340811443974	0.8548054349947055
84.89644822411205	0.694456695803245	0.8554761531589704
85.02951475737869	0.6938981502275333	0.8557340856212742
85.16258129064532	0.6943847008142552	0.8553265636230036
85.29564782391195	0.6945965515752123	0.8556864325246215
85.42871435717859	0.6949000913582323	0.8549238371455206
85.56178089044522	0.6955802445219095	0.8553486864280778
85.69484742371185	0.6956439675528976	0.8548544857078457
85.82791395697849	0.6951869695068735	0.8562443515965009
85.96098049024512	0.6953304062681511	0.8568158273837577
86.09404702351175	0.6955803795638491	0.8559349333509092
86.22711355677839	0.6956812278422209	0.8565359505605822
86.36018009004502	0.6943119982711925	0.8567185024643866
86.49324662331165	0.6944125576733498	0.8549973680430435
86.62631315657829	0.6962595413105224	0.8533911341585344
86.75937968984492	0.6965901458700104	0.8534109868097948
86.89244622311155	0.6964364403880916	0.8519601026836554
87.02551275637819	0.6970020126738282	0.8510838882125259
87.15857928964482	0.6978510832064609	0.8499351562401272
87.29164582291145	0.6972437870782948	0.849454448470177
87.42471235617809	0.6973443457787756	0.8487276797929696
87.55777888944472	0.6987513028064585	0.8499933011341704
87.69084542271135	0.6993761375314652	0.8506225234362114
87.82391195597799	0.7002255795156345	0.8507887136925577
87.95697848924462	0.7002548317377715	0.8512383090069837
88.09004502251125	0.6996524712263862	0.8525646266037612
88.22311155577789	0.7000594962062564	0.8520765895306418
88.35617808904452	0.699870990830178	0.8508840560710723
88.48924462231115	0.6997128627666874	0.8497349135077029
88.62231115557779	0.7003710521406509	0.8494474543516866
88.75537768884442	0.7000464267568589	0.8499139753490408
88.88844422211105	0.6997994826886369	0.8504399889580108
89.02151075537769	0.7006963481170577	0.850812161768963
89.15457728864432	0.7009222685268774	0.8509756793245994
89.28764382191095	0.7011152204725186	0.8509117805185826
89.42071035517759	0.7011463984106541	0.8508819819993801
89.55377688844422	0.7018149633560041	0.8511318242084698
89.68684342171085	0.703195774963116	0.8504193148709357
89.81990995497749	0.7033441309773987	0.8501611861451841
89.95297648824412	0.7036040163360983	0.8499006065855768
90.08604302151075	0.7034518062382462	0.8495750510011565
90.21910955477739	0.704217081172001	0.8512062455324841
90.35217608804402	0.7049637404165012	0.85210593338637
90.48524262131065	0.7050832673580755	0.8509243426055668
90.61830915457729	0.7054260152449	0.8512828035168015
90.75137568784392	0.7047717605504333	0.8512065080530569
90.88444222111055	0.7049806918988096	0.8516673497489735
91.01750875437719	0.7057135479912656	0.8521548027265493
91.15057528764382	0.7051224688910074	0.8513985226497754
91.28364182091045	0.7045439208940186	0.8513636658203656
91.41670835417709	0.7048719216995756	0.8513563337112406
91.54977488744372	0.7043730114563125	0.8519507138477371
91.68284142071035	0.7047356590362188	0.8516200612580018
91.81590795397699	0.7049122654856976	0.8502897058082621
91.94897448724362	0.7048187425124625	0.8493509077877628
92.08204102051025	0.704822398022932	0.8490922883938802
92.21510755377689	0.7057566257554715	0.8490750754002381
92.34817408704352	0.7072731769416624	0.8482564345336256
92.48124062031015	0.7074089566799838	0.8480884371147354
92.61430715357679	0.7071809453341293	0.8487248314133946
92.74737368684342	0.7068973197378848	0.8491187231823342
92.88044022011005	0.7069578885732931	0.849704325878304
93.01350675337669	0.7068639365643866	0.8493928115984221
93.14657328664332	0.7073138132175129	0.8488161669345479
93.27963981990995	0.7082206640583473	0.8481860587054798
93.41270635317659	0.7091657037583645	0.8482157462042733
93.54577288644322	0.7093817098706728	0.8497159371370627
93.67883941970985	0.7084582578397817	0.8496040941858697
93.81190595297649	0.7076101323490926	0.8493324229017061
93.94497248624312	0.7070958454340507	0.8492078926353792
94.07803901950976	0.7075904723245728	0.8495916139222053
94.21110555277639	0.7083229437937487	0.8489876396851214
94.34417208604302	0.7087044234234088	0.8485027517800824
94.47723861930966	0.708966963028882	0.8473913895354062
94.61030515257629	0.7086022298761787	0.8474674684646115
94.74337168584292	0.7079808824361129	0.8474815887595617
94.87643821910956	0.7080131965446108	0.847138477351645
95.00950475237619	0.7082328648600188	0.8460892651206939
95.14257128564282	0.7083712326042614	0.846859348715081
95.27563781890946	0.7080472855765947	0.8475907139044548
95.40870435217609	0.708249758747531	0.8480799216264268
95.54177088544272	0.7083762042290596	0.8487689516611014
95.67483741870936	0.7087708285703949	0.8492370018972136
95.80790395197599	0.7089562933783371	0.8487110105948446
95.94097048524262	0.7098763906209268	0.8488662799848495
96.07403701850926	0.7108017297852739	0.849189843323454
96.20710355177589	0.7105220976810677	0.8498142709693274
96.34017008504252	0.7100422671071217	0.8491871654333716
96.47323661830916	0.7099840345584012	0.8490428643481762
96.60630315157579	0.7093814413546081	0.8491387220381977
96.73936968484242	0.7100109805569574	0.8483042010903509
96.87243621810906	0.7103426309164357	0.8475181630746214
97.00550275137569	0.7101477710257854	0.8468106538408422
97.13856928464232	0.710018919919659	0.846668158499823
97.27163581790896	0.710956002364185	0.8471937562884984
97.40470235117559	0.7115072723116278	0.8468454130841534
97.53776888444222	0.7122420368576906	0.8465236060359983
97.67083541770886	0.713041793979656	0.844855600265641
97.80390195097549	0.7130962575822918	0.8440136858484276
97.93696848424212	0.7134646650040131	0.8437473043247151
98.07003501750876	0.712908328772795	0.8426704867570587
98.20310155077539	0.7126426318551367	0.8431870293361838
98.33616808404201	0.7132490358669809	0.8435672326567146
98.46923461730866	0.7131696322302762	0.842834924651078
98.60230115057529	0.7140666655455321	0.8428669322071919
98.73536768384191	0.7145343287227186	0.8421284199836475
98.86843421710856	0.7139967600244544	0.8421017053981925
99.00150075037519	0.7148217463185556	0.8416801340061295
99.13456728364181	0.7158020388281295	0.8408705733088183
99.26763381690846	0.7156148431264254	0.8402693009972959
99.40070035017509	0.7155486769051195	0.8396060437488672
99.53376688344171	0.7161880687736346	0.8401709682598708
99.66683341670836	0.7159633635157445	0.8410843882146418
99.79989994997499	0.7158365550258766	0.8406834876424082
99.93296648324161	0.7161336283299334	0.8398217604000615
100.06603301650826	0.7161334335250584	0.8404958584567473
100.19909954977489	0.7164266505176711	0.8410137509612917
100.33216608304151	0.7159786484318331	0.8405733608945543
100.46523261630816	0.7160970488401756	0.8408059886462348
100.59829914957479	0.7158990100563885	0.8415305119519648
100.73136568284141	0.7154975125634311	0.8411526714027083
100.86443221610806	0.7153048925916538	0.8417388543110816
100.99749874937469	0.7149894562260366	0.8423543150278043
101.13056528264131	0.7156970672243205	0.8417291316468594
101.26363181590796	0.7168363885157566	0.8411636489112706
101.39669834917459	0.7169577578042929	0.8400186589865215
101.52976488244121	0.7165514906770272	0.8394332657068578
101.66283141570786	0.7183806718843812	0.8383629745154879
101.79589794897448	0.7195066664752772	0.8375479217072777
101.92896448224111	0.7204208390721284	0.8377534694165926
102.06203101550776	0.7215532962309661	0.8372665953046361
102.19509754877438	0.7220588132003347	0.8366995042632062
102.32816408204101	0.7228095413100334	0.8362604498249828
102.46123061530766	0.7232054203307748	0.8371519955531178
102.59429714857428	0.7227923072322341	0.8375381155442351
102.72736368184091	0.7227079434221468	0.8375656785127872
102.86043021510756	0.7239514617944549	0.8368382544465655
102.99349674837418	0.7241991218618659	0.8373918414186022
103.12656328164081	0.7242663981356735	0.8384754208905801
103.25962981490746	0.724051919591197	0.8374083536786574
103.39269634817408	0.7233068002595742	0.8365176353671578
103.52576288144071	0.7234356767216932	0.836014792914774
103.65882941470736	0.7232598837625053	0.8360843662577484
103.79189594797398	0.7230864198354413	0.8349999051386435
103.92496248124061	0.722530471542193	0.8346432308701591
104.05802901450726	0.7221036553645608	0.8347318129777117
104.19109554777388	0.7227542024471759	0.8352622947891667
104.32416208104051	0.7223543581450333	0.8359825343201588
104.45722861430716	0.7217147076627585	0.8347708540301014
104.59029514757378	0.7217903941160554	0.833256970022381
104.72336168084041	0.7219381077145641	0.8333294139774593
104.85642821410705	0.7214539324695303	0.8341809090572535
104.98949474737368	0.720746828857538	0.83311813456679
105.12256128064031	0.7193762138518834	0.8328284638682586
105.25562781390695	0.7191343538609555	0.83291651065551
105.38869434717358	0.719286075303758	0.8332342581328586
105.52176088044021	0.7193735241444179	0.8334353799218664
105.65482741370685	0.7196922722836905	0.8338116262863747
105.78789394697348	0.7202194714828997	0.8338799783326648
105.92096048024011	0.7196266411242589	0.8338899474251645
106.05402701350675	0.7191026400586288	0.8343200238213331
106.18709354677338	0.7184798758020176	0.8349915943978077
106.32016008004001	0.7180060591029204	0.8353381780793139
106.45322661330665	0.7177330218019888	0.8347156912618822
106.58629314657328	0.7180031516279743	0.8342506078707077
106.71935967983991	0.7181392202760474	0.8347853765824772
106.85242621310655	0.7180011352570875	0.8346140562143748
106.98549274637318	0.7172581295770767	0.8353271640462886
107.11855927963981	0.7182235052667654	0.8363617061620748
107.25162581290645	0.7186412583157628	0.8361694107174777
107.38469234617308	0.7187136239704546	0.8357021021632738
107.51775887943971	0.7196304133719923	0.836511130976446
107.65082541270635	0.7196945853015425	0.8366042809515873
107.78389194597298	0.7201893831627548	0.8360674481970629
107.91695847923961	0.7207728246299556	0.8358088176414811
108.05002501250625	0.7206553732429853	0.8359874346518452
108.18309154577288	0.7193600170541353	0.8358684408748883
108.31615807903951	0.7190541578219044	0.8357991776043694
108.44922461230615	0.7203815430905205	0.8348858905373189
108.58229114557278	0.7211173941812667	0.8338914744206638
108.71535767883941	0.7210930223559494	0.8345605051809186
108.84842421210605	0.7203096175783605	0.8341989297606857
108.98149074537268	0.7199772162220653	0.8329678340793418
109.11455727863931	0.7202735331991562	0.8331679748309615
109.24762381190595	0.7202315990406923	0.8330077354853118
109.38069034517258	0.7209698679929938	0.8338103774882202
109.51375687843921	0.7206590399553504	0.8348602361032167
109.64682341170585	0.7198935009854742	0.8358694676553212
109.77988994497248	0.7207549995144729	0.8368629533534153
109.91295647823911	0.7209082548514884	0.837513434553444
110.04602301150575	0.7210553247335681	0.8372028462019044
110.17908954477238	0.7214297383415319	0.8373048655891312
110.31215607803901	0.7208610259884584	0.8380983431869822
110.44522261130565	0.7202421868336749	0.8387145818202068
110.57828914457228	0.7205730651930125	0.8373324372447362
110.71135567783892	0.7206240989535948	0.8376199177888173
110.84442221110555	0.7204705817594205	0.8367473043153358
110.97748874437218	0.7196664947332634	0.8351315281169754
111.11055527763882	0.7191410152344678	0.8353155904114818
111.24362181090545	0.7198261795867719	0.8355199960547881
111.37668834417208	0.71997088229425	0.8357366809581286
111.50975487743872	0.7193921106657503	0.8356503131519932
111.64282141070535	0.719151619450044	0.8360284014782595
111.77588794397198	0.7186778591409908	0.8367347732825625
111.90895447723862	0.7183895402864855	0.8362595510586408
112.04202101050525	0.7190319329029616	0.8355742485500397
112.17508754377188	0.7194076649164481	0.8350656746232334
112.30815407703852	0.7194343889277361	0.8337321884656381
112.44122061030515	0.7197418903795622	0.8339243971485659
112.57428714357178	0.7200599215801301	0.8333673152709349
112.70735367683842	0.7200328507081301	0.8324786437510591
112.84042021010505	0.7186393243741697	0.8325565029614768
112.97348674337168	0.7187702137524635	0.8321170706719572
113.10655327663832	0.7201345344231723	0.8315216744759313
113.23961980990495	0.7207923302130761	0.8300437729476875
113.37268634317158	0.7216994358749983	0.8290580777656751
113.50575287643822	0.7214288655703087	0.8294669699909608
113.63881940970485	0.7216060187149627	0.8302276494005201
113.77188594297148	0.7207579104917372	0.8297187026139472
113.90495247623812	0.7203383321276154	0.8295561925632857
114.03801900950475	0.7212575098163928	0.8305228572594288
114.17108554277138	0.721659370801298	0.8310927913804733
114.30415207603802	0.7218898241681428	0.8305431801382851
114.43721860930465	0.7223419161874142	0.8304787635468779
114.57028514257128	0.7221359305915225	0.8296102457433966
114.70335167583792	0.7223565323878766	0.8288176444117263
114.83641820910455	0.722026023768565	0.8284163807982673
114.96948474237118	0.7212855183791298	0.8283867905903212
115.10255127563782	0.7211990686263474	0.8286451377256905
115.23561780890445	0.7224736878207796	0.828050056546328
115.36868434217108	0.7226980633307747	0.8281096673153562
115.50175087543772	0.7220931247842074	0.8290849488397827
115.63481740870435	0.7211197329282677	0.8299445248771408
115.76788394197098	0.7201661839659061	0.8308100385478191
115.90095047523762	0.7206064440095832	0.8315393099485717
116.03401700850425	0.7217128308140716	0.8312915171523867
116.16708354177088	0.7223880122028631	0.8297018727083055
116.30015007503752	0.7225498329356412	0.8287783275248077
116.43321660830415	0.722979688230424	0.8286249297734213
116.56628314157078	0.7231771815542193	0.827763492609782
116.69934967483742	0.7228283411042435	0.8281747930203791
116.83241620810405	0.7225764033164523	0.8284955029251059
116.96548274137068	0.723460019863455	0.827664438592817
117.09854927463732	0.7234848613704342	0.8265183626722514
117.23161580790395	0.7230368899447016	0.8267070914494482
117.36468234117058	0.7235376587460458	0.8280132728964483
117.49774887443722	0.7229734777684703	0.8280804716244893
117.63081540770385	0.7215979813101706	0.8278385640838412
117.76388194097048	0.7214361058657567	0.8272998077384793
117.89694847423712	0.72332800121948	0.8279410752070228
118.03001500750375	0.7240928945111126	0.828480371076747
118.16308154077038	0.7240512191067354	0.8279680973807845
118.29614807403702	0.7242863969881856	0.8268864352085487
118.42921460730365	0.7240950233206086	0.8261430710801105
118.56228114057028	0.7245672655127469	0.8271461463568747
118.69534767383692	0.7246837775413162	0.826873302402019
118.82841420710355	0.7242581118574527	0.8270677645947496
118.96148074037018	0.7240602619343345	0.8273424192183856
119.09454727363682	0.7242407937112757	0.826290578690725
119.22761380690345	0.7227166849514153	0.8254620465783967
119.36068034017008	0.722190476782869	0.8261093124132612
119.49374687343672	0.7241364874848888	0.8265524000067338
119.62681340670335	0.7246805550996109	0.8264019833533433
119.75987993996998	0.7238281364534431	0.8250623430337689
119.89294647323662	0.7237607748631119	0.8243777588325197
120.02601300650325	0.7240639644896416	0.8243767666965792
120.15907953976988	0.723256804353465	0.8245474811252713
120.29214607303652	0.7233280955674547	0.825217196793754
120.42521260630315	0.7240510294787348	0.8251070900398233
120.55827913956978	0.7224856982358139	0.8247289091516778
120.69134567283642	0.7218556030319913	0.8233785842744624
120.82441220610305	0.7211371484337374	0.8231949140027549
120.95747873936968	0.7215969802562657	0.8243413205398216
121.09054527263632	0.7229562479434124	0.8247716201800196
121.22361180590295	0.7227276557024388	0.8254298424232396
121.35667833916958	0.7227977902384746	0.8248548831816455
121.48974487243622	0.7223969546044273	0.8238113914282356
121.62281140570285	0.7222395345330178	0.824595041381406
121.75587793896948	0.7224433649545963	0.8249481570274071
121.88894447223612	0.7226556843322699	0.8244014978298146
122.02201100550275	0.7213062548319944	0.8235573498846404
122.15507753876938	0.722110182439936	0.8231531538321689
122.28814407203602	0.7230384597897572	0.8238766730797586
122.42121060530265	0.7231263751844809	0.8240673031304284
122.55427713856928	0.7238521335350503	0.8231679132426882
122.68734367183592	0.7229742310393357	0.822460524871159
122.82041020510255	0.72235208416419	0.822499946300392
122.95347673836918	0.7227727793723	0.8222107421338978
123.08654327163582	0.7231235672598609	0.8229316325837366
123.21960980490245	0.722627840904424	0.823316003880073
123.35267633816908	0.7226043111539685	0.8230364521269528
123.48574287143572	0.7215846260369397	0.8223816559984235
123.61880940470235	0.7218771870777269	0.8220573297408723
123.75187593796898	0.7221390518138522	0.8230235713930152
123.88494247123562	0.7216245494127133	0.8228335005718336
124.01800900450225	0.721077792356877	0.8231223483579893
124.15107553776888	0.720834333903933	0.823279935412403
124.28414207103552	0.721833446160083	0.8228947983033885
124.41720860430215	0.7221206739527691	0.8229302457817003
124.55027513756878	0.7216983833844198	0.8212326964062929
124.68334167083542	0.7218174420742621	0.8205697781664806
124.81640820410205	0.7224166913441571	0.8212314169289401
124.94947473736867	0.722236300031553	0.8204629173215235
125.08254127063532	0.7228579005385217	0.8204825324296391
125.21560780390195	0.7232587776721291	0.8201627579408984
125.34867433716857	0.722930302754736	0.8188391011372068
125.48174087043522	0.723034149141314	0.8184574409347085
125.61480740370185	0.7230848102040947	0.8189352289323905
125.74787393696847	0.7222139277434493	0.8187111212744602
125.88094047023512	0.7216332454224013	0.818043692321731
126.01400700350175	0.7208811323617684	0.8185265278646605
126.14707353676837	0.720289110011624	0.8190278474365928
126.28014007003502	0.7205461080090312	0.8186288327241451
126.41320660330165	0.7219100845987598	0.817541284477342
126.54627313656827	0.7228442511956842	0.818396366858198
126.67933966983492	0.7221898597240128	0.818998425274602
126.81240620310155	0.7234358561096329	0.8184142412698605
126.94547273636817	0.7240125424867572	0.8186358238131476
127.07853926963482	0.72381061476134	0.8174501445812478
127.21160580290145	0.7249007875784568	0.81688525044202
127.34467233616807	0.7255685609366876	0.8174211337904327
127.47773886943472	0.7268036891672441	0.8174930860056155
127.61080540270135	0.7274174418551643	0.8173090911016968
127.74387193596797	0.7273855788448383	0.8173557224169347
127.87693846923462	0.7276235441358914	0.8179454226636312
128.01000500250126	0.7282354517112325	0.8182813334625545
128.1430715357679	0.7290764458408695	0.8175655492559754
128.27613806903452	0.7280664304517414	0.8153968423448188
128.40920460230114	0.727822811389945	0.8150110431133696
128.54227113556777	0.7284669189848066	0.8145917578331641
128.6753376688344	0.7284538546363106	0.8140015448030382
128.80840420210106	0.7288996056797371	0.8140297794854057
128.9414707353677	0.7288570250055513	0.8141199068584969
129.07453726863432	0.7284247785233046	0.8143948987829631
129.20760380190094	0.7275278103627926	0.8142901568565195
129.34067033516757	0.727665654763094	0.8141854189630708
129.4737368684342	0.7274953574458098	0.8133612586527714
129.60680340170086	0.7263686343198965	0.8134350507786119
129.7398699349675	0.7268135712067688	0.8141083070167883
129.87293646823412	0.7270405074302947	0.8143343902580832
130.00600300150074	0.727316670973504	0.8136995298120174
130.13906953476737	0.727090365827138	0.8149230869910294
130.272136068034	0.7261520703160852	0.8165314679251074
130.40520260130066	0.7253762008580935	0.815091215018971
130.5382691345673	0.724833817665098	0.8149267918803832
130.67133566783392	0.723700758590979	0.8136186589826824
130.80440220110054	0.7234633767529733	0.8119255606299618
130.93746873436717	0.7247296727920297	0.8120980498425877
131.0705352676338	0.7265499580335428	0.8119404673856991
131.20360180090046	0.7266704283942067	0.812190469811772
131.3366683341671	0.7251401878498982	0.8116022074131214
131.46973486743371	0.7240868636852127	0.8113639240089525
131.60280140070034	0.7236345580553174	0.8112803570828622
131.73586793396697	0.7243653769512192	0.8110798895113343
131.8689344672336	0.7243242409187912	0.8107013624618677
132.00200100050026	0.7229337357778962	0.8110278808199067
132.1350675337669	0.7233321646218206	0.8112436144695546
132.26813406703351	0.7245259491995095	0.8102644424880581
132.40120060030014	0.7239995742084465	0.8099712998441735
132.53426713356677	0.7236348966473666	0.8095187358672619
132.6673336668334	0.7234011116920167	0.8089681105439042
132.80040020010006	0.7243633369314131	0.8090776558822959
132.93346673336669	0.7249793465684601	0.809127624942401
133.06653326663331	0.7240435301457298	0.8085454346888095
133.19959979989994	0.7225987547511386	0.8087646045121683
133.33266633316657	0.722440128951621	0.8088445800428252
133.4657328664332	0.7220574611975499	0.8093440900790797
133.59879939969986	0.7214190917890146	0.8097128560514796
133.73186593296649	0.7224477665119365	0.8097926105768231
133.8649324662331	0.7230511583174226	0.810847557135994
133.99799899949974	0.7230029798149008	0.8106669872879568
134.13106553276637	0.7223615608185818	0.8097353319726278
134.264132066033	0.7223116143014535	0.8104164649136107
134.39719859929966	0.7223199715974656	0.8101269096555804
134.53026513256629	0.7224808070349787	0.8089593945558191
134.6633316658329	0.7233019231802721	0.8090261779065661
134.79639819909954	0.7237226330350373	0.8090578695932301
134.92946473236617	0.7232208280909285	0.8088921881177807
135.0625312656328	0.722810384973835	0.8097071937123564
135.19559779889946	0.7238680303496311	0.8088011875694432
135.32866433216608	0.7242588703605851	0.8070533430189617
135.4617308654327	0.7238180770082726	0.8065184302993462
135.59479739869934	0.7249235291112068	0.8060349325852989
135.72786393196597	0.7244003696839347	0.8056637088516408
135.8609304652326	0.7238783266340372	0.8046527940540245
135.99399699849926	0.7239123255854144	0.8039060822422659
136.12706353176588	0.7236057439519068	0.8043410278982824
136.2601300650325	0.7238273325970981	0.8036681114186206
136.39319659829914	0.7241689720911388	0.8038892794090972
136.52626313156577	0.7240203340819222	0.8053053880360119
136.65932966483243	0.7237603339458663	0.8049463058266783
136.79239619809906	0.7244455056146061	0.8045530610830056
136.92546273136568	0.7247666667828251	0.8039308909977956
137.0585292646323	0.7247341502414546	0.804644463350671
137.19159579789894	0.7247860450761504	0.8052641545487478
137.32466233116557	0.7245363660648654	0.8057976106965008
137.45772886443223	0.7249200110557968	0.8065977255368819
137.59079539769886	0.7250104274300608	0.8061742319481809
137.72386193096548	0.7241691811569586	0.8049713639930725
137.8569284642321	0.7234982248648641	0.804868362222317
137.98999499749874	0.7247093067653048	0.8056611199800998
138.12306153076537	0.7243733409813028	0.8062824544019462
138.25612806403203	0.72448772648881	0.8065441810865634
138.38919459729865	0.7263728135324788	0.8064155462982681
138.52226113056528	0.7262840549018537	0.8055718688746651
138.6553276638319	0.7259337782492161	0.8050316407608368
138.78839419709854	0.725155899067727	0.8065363652853949
138.92146073036517	0.7255358067307848	0.806809401261253
139.05452726363183	0.725674066691702	0.8065042773937641
139.18759379689845	0.7242186890540858	0.8063772584668405
139.32066033016508	0.7237013294951827	0.8059569261736025
139.4537268634317	0.7244274732710996	0.8054850110985664
139.58679339669834	0.7245916907771603	0.8035898389136374
139.71985992996497	0.7246428119471477	0.8020431284142653
139.85292646323163	0.7242382258484377	0.8016060367621803
139.98599299649825	0.7248548645375528	0.8011152327792108
140.11905952976488	0.7257406339932136	0.8021013822866362
140.2521260630315	0.7255895938964626	0.8027983808992806
140.38519259629814	0.7256586871524198	0.8026152766441821
140.51825912956477	0.7255165060226167	0.8024661286000809
140.65132566283143	0.7243712856462419	0.8024309706935219
140.78439219609805	0.7235841650034271	0.8018847168440674
140.91745872936468	0.7243156340382007	0.801914503238765
141.0505252626313	0.7250881922476106	0.8021166698589961
141.18359179589794	0.7261937151132769	0.8014033173603606
141.31665832916457	0.7259862696635517	0.8006404203113627
141.44972486243122	0.7238891326815199	0.8005544931821346
141.58279139569785	0.7228850422606107	0.8002688137247274
141.71585792896448	0.7229772749514093	0.8001132818987503
141.8489244622311	0.7236880864186742	0.800700333944221
141.98199099549774	0.7244149359989668	0.8016058497884367
142.11505752876437	0.7239876567336199	0.8022802652355424
142.24812406203102	0.7235041465806924	0.8013925451258002
142.38119059529765	0.7242136867618172	0.8005188739641866
142.51425712856428	0.7231843817456727	0.7998051211219245
142.6473236618309	0.7216685318129449	0.8005525985101252
142.78039019509754	0.7219259632193232	0.801790755079867
142.91345672836417	0.7211866904810853	0.8025923693855956
143.04652326163082	0.7219706134299966	0.8024781426066493
143.17958979489745	0.7226791646212397	0.8021902940326152
143.31265632816408	0.7228941800144499	0.8017773548786843
143.4457228614307	0.7229871144594454	0.8021459232346833
143.57878939469734	0.7233705155610769	0.8019236360768677
143.71185592796397	0.7237359334842457	0.8017084881634915
143.84492246123062	0.7244345606632244	0.8010316562528249
143.97798899449725	0.72513334416965	0.7991268011566036
144.11105552776388	0.724558261147791	0.7978250120678423
144.2441220610305	0.7245422643678119	0.7976657632030738
144.37718859429714	0.7250977698861923	0.7974346878761714
144.51025512756377	0.7254486973430545	0.7977254348011926
144.64332166083042	0.7248526883514192	0.7982241950058337
144.77638819409705	0.7239898060531382	0.7987200122639995
144.90945472736368	0.7241282052573897	0.7987056814377307
145.0425212606303	0.7251201837433785	0.7984432609281765
145.17558779389694	0.7249456171005654	0.798398561335699
145.30865432716357	0.7249842350418242	0.7982764882422636
145.44172086043022	0.7255997594606487	0.7986977510502614
145.57478739369685	0.7258256694227481	0.7977967939114506
145.70785392696348	0.7246308861994948	0.7972041722440133
145.8409204602301	0.7232299658088996	0.79827528947852
145.97398699349674	0.7238840275461779	0.798493483781909
146.10705352676337	0.7242941612618604	0.797517362310309
146.24012006003002	0.725152201736702	0.7977539936487934
146.37318659329665	0.7258633204971717	0.7977194173204778
146.50625312656328	0.7253158790373037	0.7966836497865836
146.6393196598299	0.7251825852569816	0.7973732888796733
146.77238619309654	0.7258851593459584	0.7978708363607098
146.90545272636317	0.7247934157222661	0.7971640096759972
147.03851925962982	0.7239727759952783	0.796786193949306
147.17158579289645	0.7230584538953506	0.7967120868868843
147.30465232616308	0.7210637985347705	0.7957162017443539
147.4377188594297	0.721140702941082	0.7954641732132782
147.57078539269634	0.721909116925273	0.7958444893675638
147.70385192596297	0.7217264251562737	0.7966411534556819
147.83691845922962	0.7213122718990481	0.7970394253998329
147.96998499249625	0.7214163633205777	0.7961251634186584
148.10305152576288	0.7214086302669489	0.7961015103665582
148.2361180590295	0.7207628044472454	0.797399771453578
148.36918459229614	0.7218089415272728	0.7976913563768268
148.50225112556276	0.7220055093052874	0.7960618116706142
148.63531765882942	0.7208357885593251	0.7944679498508482
148.76838419209605	0.7212504051504482	0.7944723651599455
148.90145072536268	0.7215420755720441	0.7942254119687656
149.0345172586293	0.7213042965404306	0.7944830331099464
149.16758379189594	0.7214635313703494	0.7955627437388244
149.30065032516256	0.7218669060417704	0.7950707138310835
149.43371685842922	0.721323095750014	0.794984504468964
149.56678339169585	0.7213176987275421	0.7947399601487153
149.69984992496248	0.7208881833067101	0.7946856350574838
149.8329164582291	0.721636459461168	0.7946487977324879
149.96598299149574	0.7221549082279116	0.7944745110547898
150.09904952476236	0.72200933072657	0.7941634778464868
150.23211605802902	0.7231121655075445	0.7934277860228619
150.36518259129565	0.7237385366117403	0.7934630170411384
150.49824912456228	0.7244000542414311	0.7927720832010946
150.6313156578289	0.7236348487782591	0.7922258635567485
150.76438219109554	0.7233179399191673	0.7911733490977713
150.89744872436216	0.7234102595265588	0.7911963898108062
151.03051525762882	0.7234747566256949	0.7915964569219673
151.16358179089545	0.7227811683082928	0.7909725278613408
151.29664832416208	0.7226743280785535	0.7906327462665468
151.4297148574287	0.7222135635646061	0.7911813318275054
151.56278139069533	0.7214600336279966	0.7902697999426294
151.69584792396196	0.7215877291625773	0.7895341441321561
151.82891445722862	0.7213291177707509	0.7924752127029705
151.96198099049525	0.7205886180922599	0.7936406720811187
152.09504752376188	0.7201282752926843	0.7942357514254206
152.2281140570285	0.7203909925930845	0.7945336615169221
152.36118059029513	0.720470313990952	0.7947669398939949
152.49424712356176	0.7207608840617853	0.7961774784942892
152.62731365682842	0.7204475653142668	0.794962693881655
152.76038019009505	0.720098848552562	0.7941477629103452
152.89344672336168	0.7195126933987177	0.7942154306105751
153.0265132566283	0.7201102626526449	0.7949184987317531
153.15957978989493	0.7191993321113695	0.7949027374864928
153.2926463231616	0.7180386328120099	0.7947156473104556
153.42571285642822	0.7191317801162767	0.7947859352638617
153.55877938969485	0.720157625810539	0.7944290797779674
153.69184592296148	0.7195100508163637	0.7950093776695112
153.8249124562281	0.7190750130800776	0.7930184553375708
153.95797898949473	0.7203715137724689	0.7921995169647581
154.0910455227614	0.7208021607451778	0.7923302283039417
154.22411205602802	0.7201075673335394	0.792480341962585
154.35717858929465	0.7204456509906668	0.7929280328962159
154.49024512256128	0.7212506904428899	0.7923449811921469
154.6233116558279	0.721067169947619	0.7927306841727081
154.75637818909453	0.7205181145511941	0.7931150847606224
154.8894447223612	0.7193573678419785	0.7932466371797747
155.02251125562782	0.7194494811361957	0.7936974875453883
155.15557778889445	0.7197062318958408	0.7936999373469434
155.28864432216108	0.7197758981467883	0.7922755805870726
155.4217108554277	0.7193801272008983	0.7910962895208163
155.55477738869433	0.7196829711459417	0.7912019721948077
155.687843921961	0.7196624479280967	0.7906540271530216
155.82091045522762	0.7197919085305855	0.7906244478011035
155.95397698849425	0.7196036969546312	0.7905084270007903
156.08704352176088	0.719087891422544	0.7898828249190311
156.2201100550275	0.7187417297428608	0.7903369343493164
156.35317658829413	0.7199237148934924	0.7910661611409612
156.4862431215608	0.7203169598300841	0.7900037505412062
156.61930965482742	0.7199389776797755	0.7887002985898323
156.75237618809405	0.7198596323409132	0.7883912650451284
156.88544272136068	0.7196664166910132	0.7882493546190854
157.0185092546273	0.7206279497012268	0.788196910802825
157.15157578789393	0.721100270996901	0.7878936904431295
157.2846423211606	0.719241252916417	0.7876994945851488
157.41770885442722	0.7181937463483249	0.7873764912540384
157.55077538769385	0.7181551975692037	0.7871611215472647
157.68384192096048	0.7176424536365884	0.7876459344096939
157.8169084542271	0.718220638394336	0.7870604173691869
157.94997498749373	0.718675909906798	0.7872132895615616
158.0830415207604	0.7192395859285211	0.7873801426395546
158.21610805402702	0.7202453409000026	0.7874607444980467
158.34917458729365	0.7213605228541888	0.7867389079688268
158.48224112056027	0.7206481476374152	0.7859270040834386
158.6153076538269	0.71944484736903	0.7865137827383898
158.74837418709353	0.7187290894101026	0.787475813258487
158.8814407203602	0.7181846938242413	0.787290595127807
159.01450725362682	0.7170769059596791	0.7868844729948214
159.14757378689345	0.7171574062159738	0.7869819034487787
159.28064032016007	0.7181245724467223	0.7868202690188485
159.4137068534267	0.7175928869238091	0.786796006710221
159.54677338669333	0.7170438354132432	0.7867880357993531
159.67983991996	0.717266175306015	0.7859438963610337
159.81290645322662	0.7172696661261724	0.7847716339410112
159.94597298649325	0.7179687546963246	0.7848839104106269
160.07903951975987	0.7178168291417553	0.7850345493843746
160.2121060530265	0.7169179797485854	0.7834953864650701
160.34517258629313	0.7168893436640146	0.7825398061672217
160.4782391195598	0.7174123201860217	0.783922188303893
160.61130565282642	0.7182380927321758	0.7835016117412357
160.74437218609305	0.7185346286186773	0.7828924007438803
160.87743871935967	0.7188120957423694	0.7837159321154535
161.0105052526263	0.7191595284957973	0.7839319122573007
161.14357178589293	0.719325881091964	0.7853276878096311
161.2766383191596	0.7189647101351107	0.7849829983527024
161.40970485242622	0.7183239297011506	0.7858738926221758
161.54277138569284	0.7186808045800935	0.7856028413025714
161.67583791895947	0.7184711386024902	0.7849950926988036
161.8089044522261	0.7188507740441078	0.7856767523493559
161.94197098549273	0.7187008353441479	0.7862041195036799
162.0750375187594	0.7183145834215694	0.785784472363935
162.20810405202602	0.7183653924540799	0.7852474444780759
162.34117058529264	0.7179387019622656	0.7848327219107186
162.47423711855927	0.7177789118441188	0.7840445858826126
162.6073036518259	0.7176394267313837	0.7834615909674588
162.74037018509253	0.7180558861283967	0.7830070017209456
162.8734367183592	0.7179425879677471	0.784206335199668
163.00650325162582	0.7178359659636486	0.7834572300459024
163.13956978489244	0.7186793551123274	0.7840337363868919
163.27263631815907	0.71860070882881	0.7846474884075689
163.4057028514257	0.7171827127563095	0.7842098548539909
163.53876938469233	0.7160743995567355	0.7842277470683499
163.671835917959	0.7155334699403075	0.7843205268186955
163.80490245122562	0.7159966606637491	0.7839876694534097
163.93796898449224	0.7173985090979466	0.7834025459884048
164.07103551775887	0.7168411730160594	0.7839753123981642
164.2041020510255	0.717151981548315	0.7831009899119908
164.33716858429213	0.7172013111386375	0.7824498238526943
164.4702351175588	0.716224649058911	0.781546475437634
164.60330165082541	0.7152142969712482	0.7813475232113928
164.73636818409204	0.7150489497982954	0.7819075900933175
164.86943471735867	0.7146921808037235	0.7816641496912493
165.0025012506253	0.7149831480825364	0.7818533453760173
165.13556778389193	0.7141675240361226	0.7813148306120626
165.2686343171586	0.7138877548604075	0.7818143526473268
165.40170085042521	0.7141599509997522	0.7823410508619854
165.53476738369184	0.7136608759311786	0.7821812397680656
165.66783391695847	0.7130048174538919	0.7827002805347044
165.8009004502251	0.7125353913527056	0.7832933426737396
165.93396698349173	0.7144296342589479	0.7834029011858767
166.06703351675839	0.7156192280154744	0.7835028100768546
166.20010005002501	0.7165089316345382	0.7818182847618054
166.33316658329164	0.7161527681311172	0.7811943712936114
166.46623311655827	0.7153918698449684	0.7814640885049755
166.5992996498249	0.7161874551116109	0.7819063457146199
166.73236618309153	0.7158757720719198	0.7809937302465896
166.86543271635819	0.7150223573735984	0.7800236919057884
166.9984992496248	0.7157295880890714	0.7792716496783977
167.13156578289144	0.7155428309640683	0.7790628962751829
167.26463231615807	0.7153162258371325	0.7788766404714055
167.3976988494247	0.715137461410878	0.7795085368788606
167.53076538269133	0.7144918662813555	0.7803673775942903
167.66383191595799	0.7135217163649329	0.7812659489558456
167.7968984492246	0.7131594669607175	0.7819432665847644
167.92996498249124	0.7134288272590917	0.780653559201979
168.06303151575787	0.7133094061735823	0.7803163055448522
168.1960980490245	0.7132401718816135	0.779776286412405
168.32916458229113	0.7125179446240204	0.7800254629960545
168.46223111555778	0.7123587363700029	0.7803474274693187
168.5952976488244	0.7117010906872094	0.7786117452276441
168.72836418209104	0.7113364982226119	0.7775275178229254
168.86143071535767	0.7107878196161885	0.7776554024744776
168.9944972486243	0.7101395735752764	0.7773658728741439
169.12756378189093	0.7099603716683501	0.7777450591338931
169.26063031515758	0.7096683397384683	0.7772385864439972
169.3936968484242	0.7088923116326046	0.7769142423248925
169.52676338169084	0.7095169791859431	0.776698828727918
169.65982991495747	0.7100700142674161	0.7770188422724045
169.7928964482241	0.7105899350381879	0.7767450999160403
169.92596298149073	0.7094729891145923	0.7757998542914424
170.05902951475738	0.709512343705739	0.7767575746300752
170.192096048024	0.7096037575012288	0.7782691530533367
170.32516258129064	0.7106878646649825	0.7791398658166567
170.45822911455727	0.7102223691064258	0.7807997814311575
170.5912956478239	0.7095038465379484	0.781259152780234
170.72436218109056	0.7105949362450679	0.7807752155868555
170.85742871435718	0.7110337558680229	0.7811411309807003
170.9904952476238	0.7102815525560608	0.7807901700508998
171.12356178089044	0.710177654111649	0.7805661617158026
171.25662831415707	0.7111894868774744	0.7796320580677364
171.3896948474237	0.7104680377051283	0.7792833600627534
171.52276138069035	0.7103588542504904	0.778272130416054
171.65582791395698	0.7105596538818134	0.7761896170718482
171.7888944472236	0.7091232318217	0.7766464896246618
171.92196098049024	0.7095215396830669	0.7773752176702143
172.05502751375687	0.709183833540591	0.7771174906164151
172.1880940470235	0.7089000678386208	0.7776479485855261
172.32116058029015	0.7095209069092703	0.7776309391186452
172.45422711355678	0.7097419616129927	0.7781990524464758
172.5872936468234	0.7093986498375425	0.7791007924017028
172.72036018009004	0.7074692553523347	0.7774872272451152
172.85342671335667	0.7072410727540672	0.7764536125825636
172.9864932466233	0.7069341766198804	0.7763846089728341
173.11955977988995	0.7070710715187855	0.7758082598780784
173.25262631315658	0.7083054985666412	0.7755194290693511
173.3856928464232	0.7083724524368249	0.7753974792654542
173.51875937968984	0.7083726747280684	0.7747950021593042
173.65182591295647	0.7073530877159048	0.7750303700356338
173.7848924462231	0.7061371618835467	0.7748273529698664
173.91795897948975	0.7066259884382666	0.7745623671628502
174.05102551275638	0.7075460357724142	0.7743587614831854
174.184092046023	0.7081472698153544	0.7749345660711424
174.31715857928964	0.7084375371908842	0.7760256305589252
174.45022511255627	0.7089764948756936	0.7766315192661413
174.5832916458229	0.7085907908908322	0.7750365944407805
174.71635817908955	0.7083415942516681	0.7742607454968107
174.84942471235618	0.7097452947957426	0.77431751746611
174.9824912456228	0.7097168924421899	0.7743825457494369
175.11555777888944	0.7090642958595029	0.7747537839851811
175.24862431215607	0.7087838717703246	0.7738042679725436
175.3816908454227	0.7086003921132061	0.7727487146371319
175.51475737868935	0.7087626349619888	0.7713458142805613
175.64782391195598	0.7093178362768248	0.7715463176511375
175.7808904452226	0.708732378076434	0.7713931380157631
175.91395697848924	0.7069741982163865	0.7708918497293119
176.04702351175587	0.706162906856043	0.7712025333542601
176.1800900450225	0.7060003147904634	0.770134099183634
176.31315657828915	0.7062637389102031	0.7706891296203897
176.44622311155578	0.7056735760926618	0.7705989172163719
176.5792896448224	0.705365904794858	0.770431853308592
176.71235617808904	0.7051145800351013	0.7708626337590813
176.84542271135567	0.7048795141546438	0.7704594090563618
176.9784892446223	0.704896354974779	0.7704234183639945
177.11155577788895	0.7049020612998519	0.77130112633113
177.24462231115558	0.7061707871233319	0.7718239227694257
177.3776888444222	0.7068996610964311	0.7729839283192501
177.51075537768884	0.7061462334824606	0.7726528348010308
177.64382191095547	0.7047701826637258	0.7716722766693002
177.7768884442221	0.7044281947547116	0.7710656006337661
177.90995497748875	0.7052270547667953	0.770445424649769
178.04302151075538	0.7050117374477548	0.7707617424519181
178.176088044022	0.7052748505268444	0.7714781778171708
178.30915457728864	0.7047457723498941	0.7728967542964081
178.44222111055527	0.7049050986500914	0.7725588740148488
178.5752876438219	0.7044352663564265	0.7722953452686059
178.70835417708855	0.7036264206793409	0.7713235743950514
178.84142071035518	0.7037983334364923	0.7699620860565178
178.9744872436218	0.7042825272227748	0.7702476191461618
179.10755377688844	0.7050796403267349	0.7716131194999758
179.24062031015507	0.7047806685505975	0.7708190022549786
179.3736868434217	0.7054704655236952	0.7713067351312091
179.50675337668835	0.705555905179305	0.771101848894389
179.63981990995498	0.7047626408056009	0.7703449402931702
179.7728864432216	0.7047708716113329	0.7708004736036804
179.90595297648824	0.7059789572730695	0.7700925555873134
180.03901950975487	0.7062981407320461	0.7685635858551235
180.1720860430215	0.7055787533809655	0.767896037428137
180.30515257628815	0.7061678312968575	0.7667245499447781
180.43821910955478	0.7066817326903927	0.7659748038501695
180.5712856428214	0.7062919343838879	0.7671530821375021
180.70435217608804	0.7059916082017126	0.7660808592257516
180.83741870935467	0.7056987971090367	0.7661910601240316
180.9704852426213	0.7058824001364586	0.7655350200668063
181.10355177588795	0.7060968919052324	0.7668654253799384
181.23661830915458	0.7061673420391484	0.7678594605876917
181.3696848424212	0.7060202421639563	0.766916939429617
181.50275137568784	0.7059489863750998	0.7682810385584855
181.63581790895446	0.704747171337028	0.7678156239435463
181.7688844422211	0.7036772966894639	0.7667943097587209
181.90195097548775	0.7037504200543107	0.7671852375662007
182.03501750875438	0.7041719305951217	0.7667974266930592
182.168084042021	0.7034168951544699	0.7660885981233833
182.30115057528764	0.7021591091446132	0.7663699731570444
182.43421710855426	0.7020594558237517	0.7660961728626124
182.5672836418209	0.7012085419863053	0.7654977765566605
182.70035017508755	0.701626719335907	0.7669321378667211
182.83341670835418	0.7011599584453174	0.7662338171638812
182.9664832416208	0.7000281385320023	0.7664416889312264
183.09954977488744	0.7000200308116606	0.7667555146391342
183.23261630815406	0.7008964290381644	0.7666418781694495
183.3656828414207	0.7003233295192162	0.7678003472981807
183.49874937468735	0.6997660163516388	0.7670930451525668
183.63181590795398	0.7000141926089772	0.7675836003202167
183.7648824412206	0.6990780472495866	0.7676322791641236
183.89794897448724	0.6993201775780138	0.7673611016589438
184.03101550775386	0.700880325588893	0.7676089895024315
184.1640820410205	0.7011313304691867	0.7670761007003682
184.29714857428715	0.700426188878784	0.7662491645297962
184.43021510755378	0.7013488410752882	0.7657048835942131
184.5632816408204	0.7022051159860597	0.7655137746240422
184.69634817408703	0.7026559938357142	0.7645622287003051
184.82941470735366	0.7018855687035873	0.7644921436180512
184.9624812406203	0.7016105241390542	0.7640091357812435
185.09554777388695	0.70087284324559	0.7629008195783735
185.22861430715358	0.7001196926843144	0.7628647607120643
185.3616808404202	0.7007979161482683	0.763033645569804
185.49474737368683	0.700773536243169	0.7618908819291772
185.62781390695346	0.7005232675349445	0.7613718472884328
185.7608804402201	0.700488110534021	0.7623538563750105
185.89394697348675	0.7015626134669057	0.7629165740064194
186.02701350675338	0.7012744300378616	0.7651963425082711
186.16008004002	0.7008709224519795	0.7664151702661403
186.29314657328663	0.7003576725547631	0.7655392637660043
186.42621310655326	0.7005732161283053	0.7646998780284754
186.5592796398199	0.7009794457538367	0.7641833786681316
186.69234617308655	0.6997728058274723	0.763251066885837
186.82541270635318	0.6988711944449356	0.7628073547666516
186.9584792396198	0.6991469568557421	0.7636515830871081
187.09154577288643	0.6984629680356707	0.7640122938539625
187.22461230615306	0.6982416042607774	0.7628137408998907
187.3576788394197	0.6980041491217462	0.7620996247818506
187.49074537268635	0.6978902299858603	0.7613143782346682
187.62381190595298	0.6974608570485971	0.7615023938898537
187.7568784392196	0.6972070095077285	0.7616905749948581
187.88994497248623	0.696419197448685	0.7613264469679495
188.02301150575286	0.698010724246815	0.762053724245487
188.15607803901952	0.6971597719896453	0.7620977161505741
188.28914457228615	0.6962110694457222	0.7616696483456814
188.42221110555278	0.6962303112587456	0.7613034126888829
188.5552776388194	0.6974811611908897	0.7603023413110805
188.68834417208603	0.6983078374583156	0.7606894943955046
188.82141070535266	0.6980526246612218	0.7599497897985718
188.95447723861932	0.6968433850469169	0.7600644114059557
189.08754377188595	0.6973214503707478	0.7602989267411456
189.22061030515258	0.698222795027199	0.7591579654282137
189.3536768384192	0.6975354881214236	0.7593450026401242
189.48674337168583	0.6964067378035916	0.7591630192469757
189.61980990495246	0.6966126310784555	0.7583876230101394
189.75287643821912	0.69672348840386	0.7588121391770497
189.88594297148575	0.6973169341133517	0.7594978814664898
190.01900950475238	0.6975899061861225	0.7606245058534208
190.152076038019	0.696153193713341	0.7613908835147185
190.28514257128563	0.6949361621986475	0.7602718968615878
190.41820910455226	0.6951701547362044	0.7596406487736933
190.55127563781892	0.6936448770621152	0.7593510201614138
190.68434217108555	0.6926606566499657	0.7597784066196749
190.81740870435218	0.6933800541395863	0.7591264154559683
190.9504752376188	0.694031065702098	0.7580769887467358
191.08354177088543	0.6944481725761398	0.7582121033124078
191.21660830415206	0.6946467959101972	0.7579070813573107
191.34967483741872	0.6951860359033977	0.7576200288414862
191.48274137068535	0.6960599206356737	0.7579020189893442
191.61580790395197	0.6960086466758781	0.7565437563209756
191.7488744372186	0.6962321586642111	0.7573734028383962
191.88194097048523	0.6960096743774421	0.7560071228423593
192.01500750375186	0.6950964497941841	0.7563734031613756
192.14807403701852	0.6935506517816247	0.7570338352336816
192.28114057028515	0.6940865743241483	0.7569803371771074
192.41420710355177	0.6948265593053327	0.7564127692391621
192.5472736368184	0.6942054063428954	0.7550400499484496
192.68034017008503	0.6935052999425791	0.7550132393763732
192.81340670335166	0.6940657591136062	0.7546295123100899
192.94647323661832	0.6949571137894758	0.755959173517402
193.07953976988495	0.6953369693589695	0.7568971036317931
193.21260630315157	0.6944863584630083	0.7572304161808757
193.3456728364182	0.6937723991816972	0.7584511011853006
193.47873936968483	0.6932277578535119	0.7585607686800279
193.61180590295146	0.6933335154623973	0.7586591324330728
193.74487243621812	0.6932231054959002	0.7581251881891042
193.87793896948475	0.6924231873847149	0.7580845416542744
194.01100550275137	0.6918207086271352	0.7585010678711513
194.144072036018	0.6918099519578871	0.7583940629044754
194.27713856928463	0.6922098845040777	0.7588735704868743
194.41020510255126	0.6924933422622527	0.7587268672563532
194.54327163581792	0.6928032566987131	0.7581349692941863
194.67633816908454	0.6930066296285425	0.7581554303097905
194.80940470235117	0.6927662329596236	0.7581640692631774
194.9424712356178	0.6929168191963134	0.7575542733998321
195.07553776888443	0.6929020904095655	0.7574154988009962
195.20860430215106	0.6926061099163028	0.7569659984461022
195.34167083541772	0.692504541575732	0.7565007979930677
195.47473736868434	0.6934825455142256	0.7563644733715343
195.60780390195097	0.6940746013302553	0.7557187731946414
195.7408704352176	0.6947022753710748	0.7542037489334085
195.87393696848423	0.6950533652662021	0.7525735525544648
196.00700350175086	0.6944652401976716	0.7522116294791101
196.14007003501752	0.6943585034904298	0.7528756792839633
196.27313656828414	0.6959069872288342	0.7534277265046031
196.40620310155077	0.6968518636791046	0.7535156449753698
196.5392696348174	0.6956965101980488	0.7534235636917772
196.67233616808403	0.694995445541207	0.7525447573699172
196.80540270135066	0.6951481248427057	0.7529444781343257
196.93846923461732	0.6949572134349361	0.7514774793564998
197.07153576788394	0.6949390086817891	0.7513249905700202
197.20460230115057	0.6947079576121965	0.7517482322954722
197.3376688344172	0.694826810667879	0.7504615559466682
197.47073536768383	0.6950419133445984	0.7505090308706656
197.60380190095046	0.694296805209097	0.7505301674836463
197.73686843421712	0.6950295407052756	0.7501292336049634
197.86993496748374	0.6947407058094527	0.749512169874051
198.00300150075037	0.6940223887136858	0.7489652599583564
198.136068034017	0.6939677472008485	0.7494801080107989
198.26913456728363	0.6936859160980299	0.7493345365383663
198.40220110055026	0.6926831099772488	0.7489250720095326
198.53526763381691	0.6922578857371166	0.7496255977480935
198.66833416708354	0.6930092057423013	0.7501994811303277
198.80140070035017	0.6913461082276585	0.7501443840322514
198.9344672336168	0.6920833007328446	0.7509241296637739
199.06753376688343	0.6932282338992456	0.752209431390016
199.20060030015006	0.6924000841187545	0.7521603185320196
199.33366683341671	0.6912148159512843	0.7530622682306185
199.46673336668334	0.6905542498858329	0.7518098175266055
199.59979989994997	0.6894445573283842	0.752022874294842
199.7328664332166	0.6891278819857909	0.7521190008160582
199.86593296648323	0.688177994161978	0.7515641228774869
199.99899949974986	0.6863653771903023	0.7528288494702646
200.1320660330165	0.6871756162744032	0.7532981770295015
200.26513256628314	0.6864716241705199	0.7541278556567204
200.39819909954977	0.686855605586705	0.7535917415632175
200.5312656328164	0.6865241770804086	0.752667989448515
200.66433216608303	0.6876257637545207	0.7515514711933947
200.79739869934966	0.6875968209811607	0.7512605203188639
200.9304652326163	0.6876806071858179	0.7512192242671633
201.06353176588294	0.6869530812713647	0.749527495345727
201.19659829914957	0.6864838925009934	0.7486525778879743
201.3296648324162	0.6875037153464393	0.746883779603363
201.46273136568283	0.6885026417372412	0.7469912744554044
201.59579789894946	0.6884981029605561	0.7474635413939135
201.7288644322161	0.6882565279664357	0.7471570172666279
201.86193096548274	0.6884722045678331	0.7465560515480721
201.99499749874937	0.6888412898724237	0.7467340387107115
202.128064032016	0.6888097142192801	0.7460201099136649
202.26113056528263	0.6885967459605806	0.7458344888034858
202.39419709854926	0.6889227441130404	0.7461602699460105
202.5272636318159	0.6890875945573394	0.7458780700563414
202.66033016508254	0.6891023255097912	0.7455096468678105
202.79339669834917	0.6893081212500454	0.7456998062183403
202.9264632316158	0.6901427562977033	0.74526960784961
203.05952976488243	0.6912838354861462	0.7462919157838198
203.19259629814906	0.6909545163697799	0.7460252079974902
203.3256628314157	0.6901167302734796	0.7454805594130457
203.45872936468234	0.6899436758157499	0.7445148398213509
203.59179589794897	0.6900202729233536	0.7433019712639837
203.7248624312156	0.689811361737836	0.7432862376796772
203.85792896448223	0.689239309724002	0.7426178228503619
203.99099549774886	0.6900493272655932	0.7437345088577731
204.1240620310155	0.6894874503154562	0.7432235018745138
204.25712856428214	0.6885644976060002	0.7437197020929512
204.39019509754877	0.6890835958907839	0.7445797036290474
204.5232616308154	0.689164635939461	0.7445774918729826
204.65632816408203	0.6890398502385287	0.7443243031659497
204.78939469734868	0.6889979264776835	0.7444145709028323
204.9224612306153	0.688922558221639	0.743692149868261
205.05552776388194	0.6881709418037993	0.744073669705543
205.18859429714857	0.6879958325809917	0.7439071132732944
205.3216608304152	0.6872142151003877	0.7437502623571705
205.45472736368183	0.6868125549561737	0.7439748817697713
205.58779389694848	0.6865205335767371	0.7433747919475275
205.7208604302151	0.6865259602583113	0.7422351402445674
205.85392696348174	0.6854525968226135	0.7428030112839681
205.98699349674837	0.6859430496802503	0.7420936381152139
206.120060030015	0.6853745417007926	0.7426542293197907
206.25312656328163	0.6850300019115756	0.7428750616545017
206.38619309654828	0.6844463799258671	0.7437632344575712
206.5192596298149	0.6847104376405779	0.7442944992581855
206.65232616308154	0.6849352057595093	0.7442470863493348
206.78539269634817	0.6841473964250856	0.7451300632635941
206.9184592296148	0.6835943038526764	0.7459685725139297
207.05152576288143	0.6832009934262783	0.7462388208603064
207.18459229614808	0.6840381861934832	0.7473518243797382
207.3176588294147	0.6841411825119175	0.7470428553876293
207.45072536268134	0.6829053667174869	0.7468408801254756
207.58379189594797	0.6829719339976724	0.7466058484576925
207.7168584292146	0.6832153942490978	0.746521591186536
207.84992496248123	0.6841481832551505	0.7456529294413463
207.98299149574788	0.6844872583748005	0.7455092261012928
208.1160580290145	0.6845206893951806	0.7441807905382222
208.24912456228114	0.6843747366612046	0.7442712676666134
208.38219109554777	0.6843404403306869	0.7429462082871
208.5152576288144	0.684343949192851	0.744203364758153
208.64832416208102	0.6849639258936125	0.7442678245532486
208.78139069534768	0.6856709176356802	0.7440637425428098
208.9144572286143	0.6863192644305093	0.7437692194760267
209.04752376188094	0.6855227502025748	0.7435282067906177
209.18059029514757	0.6842793192191196	0.7443826664785115
209.3136568284142	0.6845563225238126	0.7430578942074684
209.44672336168082	0.6837687849342394	0.743635878933799
209.57978989494748	0.68215671629341	0.7439759885386927
209.7128564282141	0.6827883765139227	0.7438057597982346
209.84592296148074	0.6821046311160707	0.7440922460460735
209.97898949474737	0.6820155599563404	0.7445908016538343
210.112056028014	0.6821520192826608	0.7438938403987476
210.24512256128062	0.6825002204853298	0.7438059130351301
210.37818909454728	0.6829856864643743	0.7443989652125979
210.5112556278139	0.6833026980742833	0.7447858730403376
210.64432216108054	0.6826523156915958	0.7442700101885784
210.77738869434717	0.6824437600498605	0.7434738662433789
210.9104552276138	0.6832989473990712	0.7424947708056221
211.04352176088042	0.6833004883534358	0.7410222215084729
211.17658829414708	0.6834775502396285	0.7392533469479028
211.3096548274137	0.6828380574325847	0.7393820417959964
211.44272136068034	0.6828370255902693	0.7403230971243397
211.57578789394697	0.6836373002421706	0.740215134291876
211.7088544272136	0.6824501649723732	0.7402037856886997
211.84192096048022	0.6836277952456642	0.7402812985106256
211.97498749374688	0.683934170088935	0.7398967446019709
212.1080540270135	0.683459777979162	0.7395902069868584
212.24112056028014	0.6825024587917112	0.7409969998939052
212.37418709354677	0.6823124616783488	0.739936955040461
212.5072536268134	0.6827017113304844	0.7397088496607324
212.64032016008002	0.6825563622219835	0.7390681647578292
212.77338669334668	0.6823782929471305	0.7382185779122349
212.9064532266133	0.6805154793388687	0.73883924947817
213.03951975987994	0.6794884569340862	0.7389431567905113
213.17258629314657	0.6796136954935703	0.7382338457118666
213.3056528264132	0.680011727828931	0.7393566627679535
213.43871935967982	0.6784804901563	0.739918060447259
213.57178589294648	0.6776878332995617	0.7394289335527234
213.7048524262131	0.6772792158147365	0.7382531705060811
213.83791895947974	0.6778785400543657	0.7373785173292924
213.97098549274637	0.6787308580607998	0.7379428765040705
214.104052026013	0.6781870815823177	0.7376554927246193
214.23711855927962	0.6780738599591797	0.7369013838260233
214.37018509254628	0.6778686880238496	0.737023609315766
214.5032516258129	0.678414582802648	0.7356243033772737
214.63631815907954	0.6778354541046461	0.7361327802477167
214.76938469234616	0.6775742589200145	0.7354513342457741
214.9024512256128	0.6781392989910088	0.7359343412110216
215.03551775887942	0.678603651159682	0.7353396275201708
215.16858429214608	0.6791654368325415	0.7364636543265073
215.3016508254127	0.6796665319547954	0.7360901101939505
215.43471735867934	0.6804346053268928	0.736489415523423
215.56778389194596	0.6798278160866791	0.736211856211334
215.7008504252126	0.6789533707748389	0.7369250632620404
215.83391695847922	0.6780062346413575	0.7360779872624187
215.96698349174588	0.6769671587899861	0.736269853857676
216.1000500250125	0.6775312698707473	0.7362745293174559
216.23311655827914	0.678239975309643	0.736806498067335
216.36618309154576	0.6774807210456917	0.7372174967880953
216.4992496248124	0.6782598835626042	0.7373753620604858
216.63231615807902	0.6779385734604938	0.7382423671889959
216.76538269134568	0.6776521417164797	0.7376635746275267
216.8984492246123	0.6768323796297762	0.738391593288964
217.03151575787894	0.6762659657137163	0.7377529261586963
217.16458229114556	0.6765228708452541	0.7377531931491284
217.2976488244122	0.6772988298963266	0.73741930582134
217.43071535767882	0.6769903037125762	0.7374799711285308
217.56378189094548	0.6770364992844	0.7381434340838312
217.6968484242121	0.675557413120713	0.7384454919417712
217.82991495747874	0.6754181369763543	0.7378967527531143
217.96298149074536	0.6759030011061341	0.7372872124167532
218.096048024012	0.6755382025720177	0.7368351177265046
218.22911455727862	0.6750306773696085	0.7359513815019298
218.36218109054528	0.6755768589793932	0.736331030599927
218.4952476238119	0.674841381510477	0.7370688157645676
218.62831415707853	0.6743629983445764	0.7357043477144929
218.76138069034516	0.6742902176225003	0.7363928965102314
218.8944472236118	0.6743118958170922	0.7357499381521664
219.02751375687842	0.6741875173679349	0.7356120871214165
219.16058029014508	0.6740305946021486	0.7362313360487249
219.2936468234117	0.6739750080901118	0.7364157536824353
219.42671335667833	0.673614420147893	0.7365676971530366
219.55977988994496	0.6738331310498878	0.7363767701052234
219.6928464232116	0.6734461695369119	0.7364403072128926
219.82591295647822	0.6732197503793488	0.7367054106179234
219.95897948974488	0.6732259247568476	0.735871865928023
220.0920460230115	0.6732253482091153	0.7349494468727154
220.22511255627813	0.6733559208138652	0.7343333945314736
220.35817908954476	0.6731719702458729	0.7359851091497213
220.4912456228114	0.6744443050799125	0.7355956563179928
220.62431215607802	0.674693847863681	0.7367567727379329
220.75737868934468	0.674186704142555	0.7367417110599452
220.8904452226113	0.6732575074742414	0.7359450803710755
221.02351175587793	0.6737003066426015	0.7346570915782802
221.15657828914456	0.6728225782213015	0.7326828873745548
221.2896448224112	0.6725177509946514	0.7326254389169251
221.42271135567785	0.6724985384662471	0.7317122294234952
221.55577788894448	0.6714911745125753	0.7318644574041613
221.6888444222111	0.6717040984965417	0.7322029950157632
221.82191095547773	0.6714524502590618	0.731588613503556
221.95497748874436	0.672266424478325	0.7307072924212926
222.088044022011	0.6724076737951857	0.7295949924847468
222.22111055527765	0.6737135121063542	0.7313850691819078
222.35417708854428	0.6742259529649858	0.7308309871591874
222.4872436218109	0.6739482843933439	0.7305719978440627
222.62031015507753	0.6734678693339122	0.7308621716602611
222.75337668834416	0.6742585242152855	0.7299766952975103
222.8864432216108	0.6751936897507216	0.728936918264607
223.01950975487745	0.6762806199680877	0.7288441958580774
223.15257628814408	0.6768581542767007	0.7273165757057005
223.2856428214107	0.676646801950177	0.7284072148465154
223.41870935467733	0.6757929117627332	0.7296609391790057
223.55177588794396	0.6762565335602067	0.7293492077992608
223.6848424212106	0.6753139635671211	0.7287509087015452
223.81790895447725	0.6751333755949896	0.7301772552269477
223.95097548774388	0.6755486478987569	0.7306063694389279
224.0840420210105	0.6751573957540414	0.7309681218800792
224.21710855427713	0.6747770860912381	0.7311106538712447
224.35017508754376	0.6749288954852067	0.7300191981405192
224.4832416208104	0.6735136518810904	0.7312539001695432
224.61630815407705	0.6738103047493897	0.7316307454369552
224.74937468734367	0.6735045927774098	0.731428692567403
224.8824412206103	0.6716968595273853	0.73091714809335
225.01550775387693	0.6715950346836648	0.7303260485302241
225.14857428714356	0.6720000782894237	0.7306748011017657
225.2816408204102	0.6714685891265171	0.7316873262019044
225.41470735367685	0.670684429142783	0.7309176871565503
225.54777388694347	0.6700311940797486	0.7299604427239861
225.6808404202101	0.6687148590107703	0.7297380241196264
225.81390695347673	0.6679317698994683	0.7303145038131611
225.94697348674336	0.6680218814030537	0.7302702952236051
226.08004002001	0.6695893062740511	0.7307505772694141
226.21310655327665	0.6701218237952642	0.731232372237668
226.34617308654327	0.6686016877780253	0.7313509335948574
226.4792396198099	0.6678715722717002	0.7308610743597944
226.61230615307653	0.6671305307236716	0.730335741131991
226.74537268634316	0.666917634649498	0.7302091323884543
226.8784392196098	0.6667532008077136	0.729709855169752
227.01150575287645	0.6667481765751602	0.7296148955459157
227.14457228614307	0.6667117474642269	0.7292254754684333
227.2776388194097	0.6665818951130955	0.7293121916586708
227.41070535267633	0.6669296948338806	0.7290817855023833
227.54377188594296	0.6669980940811302	0.7289234194184114
227.6768384192096	0.6666871817721122	0.7301748965500666
227.80990495247624	0.6655227470274795	0.7295493854090795
227.94297148574287	0.6645487074619046	0.7291002842916311
228.0760380190095	0.666235990278265	0.7300795290380666
228.20910455227613	0.6681462334253558	0.7327031186684774
228.34217108554276	0.6670257106946292	0.7333349714768906
228.4752376188094	0.6665910966955119	0.7328172708247939
228.60830415207604	0.6674632371628445	0.7313539084782901
228.74137068534267	0.6668477352114863	0.7318729165037438
228.8744372186093	0.6655647180684683	0.7316114704968752
229.00750375187593	0.6658884940968142	0.7306697402857729
229.14057028514256	0.6651567078864936	0.7286926540120319
229.2736368184092	0.6653453065730116	0.7278569662508199
229.40670335167584	0.6655171663610966	0.7279375198825904
229.53976988494247	0.6647600486884404	0.7286672463039505
229.6728364182091	0.6649734047386355	0.7295545675351126
229.80590295147573	0.6657873990197349	0.7287494162182341
229.93896948474236	0.6652158591677837	0.7289843813986047
230.072036018009	0.6648734627463826	0.7293737306721245
230.20510255127564	0.6644377234831382	0.7275508753582013
230.33816908454227	0.6636029498902294	0.7278101754232641
230.4712356178089	0.6645615972346994	0.7276279295727852
230.60430215107553	0.6650256692188009	0.7263820613506865
230.73736868434216	0.664602697209844	0.7272524459895208
230.8704352176088	0.6650233614758937	0.7272455679972365
231.00350175087544	0.6643269690728456	0.7269627057699041
231.13656828414207	0.6639391460986976	0.7287155126660003
231.2696348174087	0.6641732251206396	0.7289518611057499
231.40270135067533	0.6634833721037461	0.7281384452980293
231.53576788394196	0.6634518987280662	0.7273141511691686
231.6688344172086	0.6633769699495913	0.7273927211963143
231.80190095047524	0.662873590429784	0.7274699014560834
231.93496748374187	0.6626015405723017	0.7262239880773433
232.0680340170085	0.6611420256504714	0.7258391590054449
232.20110055027513	0.6610456926809143	0.7256197701624779
232.33416708354176	0.6605245206445794	0.7258532044106504
232.4672336168084	0.6609078470886967	0.725265172951198
232.60030015007504	0.6615006704064497	0.725944560880657
232.73336668334167	0.6624294123417733	0.724546807829565
232.8664332166083	0.6627735820208506	0.7235095517773663
232.99949974987493	0.6625021885276848	0.7234451779804619
233.13256628314156	0.6616823068931217	0.7231934210799829
233.26563281640819	0.6616536207018556	0.7232198254767269
233.39869934967484	0.6601875501086939	0.7235769160460793
233.53176588294147	0.6598544670878325	0.7237088596750544
233.6648324162081	0.6607390868166405	0.7237564791216885
233.79789894947473	0.6612930981662961	0.7235308177068693
233.93096548274136	0.6614209998198689	0.724941331454498
234.06403201600799	0.6609540659118965	0.7237341461542746
234.19709854927464	0.6604894725191529	0.7247779783181281
234.33016508254127	0.6602151832543455	0.7239073271248315
234.4632316158079	0.6604555374415294	0.724188902828069
234.59629814907453	0.6604141427090271	0.7237549802053143
234.72936468234116	0.6613318610006471	0.7236974972448023
234.86243121560778	0.6615756913014124	0.7246507771146982
234.99549774887444	0.6622756518951424	0.7242897970867549
235.12856428214107	0.6621692312840428	0.7242462986129118
235.2616308154077	0.6621971225266852	0.724557531859357
235.39469734867433	0.6614371107093526	0.7251902611984633
235.52776388194096	0.6604743794211138	0.7244281102045758
235.66083041520758	0.6605380254386714	0.7240119583584337
235.79389694847424	0.6611813407870643	0.7228878018668191
235.92696348174087	0.6614576179854065	0.7233678733975107
236.0600300150075	0.6597807738676477	0.7219472854032446
236.19309654827413	0.6597431740739675	0.7230222039498675
236.32616308154076	0.6600583401280055	0.7215001583856301
236.45922961480738	0.6607601894790759	0.7212586154748721
236.59229614807404	0.6609570228546344	0.7222863403934378
236.72536268134067	0.6611237143464161	0.7216865910871525
236.8584292146073	0.6602679440693544	0.7205670189320363
236.99149574787393	0.6600420944499206	0.7215589326739902
237.12456228114056	0.6607346773118755	0.7198802024211044
237.25762881440718	0.6611784503361186	0.7210119343015611
237.39069534767384	0.6606954367732724	0.7205142904364975
237.52376188094047	0.6613330080684828	0.7197040433183358
237.6568284142071	0.6603183824789542	0.7196526887226167
237.78989494747373	0.6601389350522965	0.7201119027163444
237.92296148074036	0.659435078346803	0.7200357891979139
238.05602801400698	0.659852964323297	0.7203514141406202
238.18909454727364	0.6597300522250775	0.7199498177974253
238.32216108054027	0.6586221343306531	0.7200879957785423
238.4552276138069	0.6593355730712022	0.7206046761126956
238.58829414707353	0.6589574450537626	0.7196812286415573
238.72136068034015	0.6594476440071634	0.7196148405105872
238.8544272136068	0.6591672718424021	0.7196432280185171
238.98749374687344	0.658581258358426	0.7191583944052085
239.12056028014007	0.6587402724167858	0.7195695778265424
239.2536268134067	0.6590636204359304	0.7191887585515678
239.38669334667333	0.6588468813805376	0.7195460065161509
239.51975987993995	0.658725767831739	0.7185908291694402
239.6528264132066	0.6598022173663498	0.7176837260117326
239.78589294647324	0.6587385718865627	0.7168623863988363
239.91895947973987	0.6596950176429627	0.7182756638009703
240.0520260130065	0.6600570965754692	0.7184773627127969
240.18509254627313	0.6590753892157359	0.717690950166737
240.31815907953975	0.6580493551033142	0.717664961200996
240.4512256128064	0.657656545258277	0.7173514330359824
240.58429214607304	0.6573920759466787	0.7178373259671396
240.71735867933967	0.6574797884837654	0.7173054493040643
240.8504252126063	0.6570619279955721	0.7189462585423472
240.98349174587293	0.6563601347352616	0.7194885929457424
241.11655827913955	0.6567405532234966	0.7178305891629562
241.2496248124062	0.6568803761302551	0.7164625821469425
241.38269134567284	0.6565654440379748	0.7165424040528325
241.51575787893947	0.6566841592835566	0.7169216143887128
241.6488244122061	0.6556495890958924	0.7165352269426413
241.78189094547272	0.6561932767755948	0.7160338661472433
241.91495747873935	0.6555667307960862	0.7159793986665691
242.048024012006	0.6538750784785409	0.715686912364508
242.18109054527264	0.6542167447971053	0.7157613236494091
242.31415707853927	0.6553056597994075	0.7168921178992412
242.4472236118059	0.6545976621880364	0.7165507892973337
242.58029014507252	0.653978699163906	0.7160039542429875
242.71335667833915	0.6560457669147571	0.715856099488336
242.8464232116058	0.6567921908862027	0.7145518517245397
242.97948974487244	0.6565897374803649	0.713791564788846
243.11255627813907	0.6560413038671864	0.7132991708807318
243.2456228114057	0.656549647767558	0.7127603657926193
243.37868934467232	0.6571164101528693	0.712894765745452
243.51175587793895	0.6577089981660224	0.7115378991163935
243.6448224112056	0.6577755244662421	0.7108889225422327
243.77788894447224	0.6576019940418749	0.7104504021556841
243.91095547773887	0.6574201484849734	0.7107110620651602
244.0440220110055	0.6572916802486185	0.7095893438109447
244.17708854427212	0.6574248103830702	0.7096535045051725
244.31015507753875	0.65858793778411	0.7095030690342278
244.4432216108054	0.6560511806353923	0.7089116196807187
244.57628814407204	0.656730354416907	0.7088493452758894
244.70935467733867	0.6571405088278063	0.709410047178192
244.8424212106053	0.6579687447347834	0.7116474451582876
244.97548774387192	0.658729539323065	0.711694018765005
245.10855427713855	0.6588154190777862	0.7115621129034084
245.2416208104052	0.6586379368449977	0.711538336220134
245.37468734367184	0.6583547007483131	0.7096093886488296
245.50775387693847	0.6571169882532558	0.7091569100988058
245.6408204102051	0.656179022631849	0.7102325883733356
245.77388694347172	0.6564713637620525	0.7104060553034983
245.90695347673835	0.6560358582461553	0.709710425300542
246.040020010005	0.6560078698250587	0.7098541909578401
246.17308654327164	0.6573185744628016	0.7105616326834548
246.30615307653827	0.6568542933361563	0.7110086209127836
246.4392196098049	0.6565137777509826	0.711255352726762
246.57228614307152	0.657595826895987	0.7112389293382791
246.70535267633815	0.6589718702615943	0.7100192431574246
246.8384192096048	0.6579621791347653	0.7098106915156168
246.97148574287144	0.6575191433978025	0.7106039367838497
247.10455227613807	0.6577436609832411	0.7104658707042425
247.2376188094047	0.6561626768895429	0.7106515637353212
247.37068534267132	0.6551789882064825	0.7107985410468204
247.50375187593795	0.6561359098792556	0.7101832789137897
247.6368184092046	0.6567182999696501	0.7089597934070302
247.76988494247124	0.6562887911402208	0.7088048255902162
247.90295147573786	0.6548948067810866	0.7069013963254563
248.0360180090045	0.6541249711967652	0.7076448070087815
248.16908454227112	0.653260692900436	0.7078600496746287
248.30215107553775	0.6543020841063265	0.7086918651261779
248.4352176088044	0.6549393644465562	0.7088371767632797
248.56828414207104	0.6560762336177068	0.7099265587495097
248.70135067533766	0.6559526594281252	0.7090067878644416
248.8344172086043	0.6554694579561396	0.7084142253923708
248.96748374187092	0.6565261998496381	0.7084857881721268
249.10055027513755	0.6554418040778024	0.7078267874880824
249.2336168084042	0.6538021314744378	0.7082353589950126
249.36668334167084	0.652731031926052	0.7074691721094637
249.49974987493746	0.6531140969805633	0.7068808886997157
249.6328164082041	0.6536035367464975	0.7078576417928676
249.76588294147072	0.6540644034581017	0.706915976145877
249.89894947473735	0.6553232314263921	0.7047037317653162
250.032016008004	0.6546211200441919	0.7051532500226251
250.16508254127064	0.6536953412015905	0.7048348142329407
250.29814907453726	0.6529116600546415	0.7048289390112817
250.4312156078039	0.652950217409718	0.7051770273621446
250.56428214107052	0.6527278219636183	0.7050173015760216
250.69734867433715	0.6521178600641571	0.705163563110611
250.8304152076038	0.6525252748158131	0.70597125187877
250.96348174087044	0.6521286394333244	0.7056192367792828
251.09654827413706	0.6516681092627	0.7063933612963633
251.2296148074037	0.6516959701033623	0.7063324519978296
251.36268134067032	0.6528841241407698	0.7067792415943097
251.49574787393695	0.6531019331258471	0.7067457876022335
251.6288144072036	0.6527829173009355	0.7063953177103589
251.76188094047023	0.6522500037734456	0.7054842709632951
251.89494747373686	0.6517242174304363	0.705195007381052
252.0280140070035	0.650460365365831	0.7048228452104661
252.16108054027012	0.6499878615882383	0.7049031859635019
252.29414707353675	0.6494520971991868	0.705723917822643
252.4272136068034	0.6492060048085955	0.7052766348898311
252.56028014007003	0.6481023864943928	0.704983558394594
252.69334667333666	0.6481545214918788	0.7045115002821245
252.8264132066033	0.6487702536296466	0.7050107012076222
252.95947973986992	0.6474551206442574	0.703926125850764
253.09254627313655	0.647278048293212	0.7033945137904549
253.2256128064032	0.6475032616673743	0.7054427984748852
253.35867933966983	0.6454866292723471	0.7051399180772914
253.49174587293646	0.6464134187272611	0.7059811712446279
253.6248124062031	0.6466293627437925	0.7054204466944897
253.75787893946972	0.6465095917335826	0.7049170558186243
253.89094547273635	0.6458634344253088	0.7045690681530576
254.024012006003	0.6457766201220232	0.7054788587703319
254.15707853926963	0.6451813728680412	0.7058138880938759
254.29014507253626	0.645733580925693	0.7063259938363432
254.4232116058029	0.6454604804883961	0.7068425014552379
254.55627813906952	0.646898544384999	0.7065223159043474
254.68934467233615	0.6458084052153806	0.7064759162317785
254.8224112056028	0.6459867671387389	0.706078274750919
254.95547773886943	0.6440581525081759	0.7057814283869414
255.08854427213606	0.6434206477304449	0.7042634380989027
255.2216108054027	0.6431014711936667	0.7046373521300268
255.35467733866932	0.6431860056701294	0.7048847334245418
255.48774387193595	0.6424953644330357	0.7033938799329281
255.6208104052026	0.6437148987711084	0.7029448644696573
255.75387693846923	0.6445285598743941	0.7028701476062258
255.88694347173586	0.6456176431284073	0.7023636299709646
256.0200100050025	0.6457129627862582	0.7025094797878454
256.15307653826915	0.6448627625478722	0.7037449263646468
256.2861430715358	0.6442354275153194	0.7032285737940828
256.4192096048024	0.6442834627178471	0.7022259338531743
256.55227613806903	0.6438921950891052	0.7015570841312677
256.68534267133566	0.6448494583397856	0.7019993824385492
256.8184092046023	0.6456503921166974	0.7031465594566154
256.9514757378689	0.6448835852988671	0.7028672000492834
257.08454227113555	0.6442005175332757	0.7021026823563836
257.2176088044022	0.6438645091632619	0.702413578746634
257.3506753376688	0.6437107941535084	0.7010358916062173
257.4837418709355	0.6441855626550688	0.7016092054414634
257.6168084042021	0.6435085757886718	0.7008879794472375
257.74987493746875	0.642938930612837	0.7005257101981517
257.8829414707354	0.6434969938135937	0.6999708980646314
258.016008004002	0.6428983542913419	0.700806896786359
258.14907453726863	0.6425190091907291	0.7008395370087416
258.28214107053526	0.6417242516465039	0.7025286487803466
258.4152076038019	0.6415437194694793	0.7028661019998339
258.5482741370685	0.641897273123554	0.7026124244791433
258.68134067033515	0.6421753828348287	0.7029964636786031
258.8144072036018	0.643141622178583	0.7030622124544861
258.9474737368684	0.6438382787056646	0.7015895326528594
259.0805402701351	0.6443551733786572	0.7021076538846898
259.2136068034017	0.6443903116560817	0.7021189252535821
259.34667333666835	0.6441462690885159	0.7013675380582559
259.479739869935	0.6437059050572563	0.7009588325352601
259.6128064032016	0.6423563893593869	0.7004465101443156
259.74587293646823	0.6426910550807936	0.6992799626955776
259.87893946973486	0.6410143266907944	0.6995724933672269
260.0120060030015	0.6403260013177291	0.6993253237439258
260.1450725362681	0.6411077579203366	0.6989803032846474
260.27813906953475	0.641790737215858	0.6991818504233909
260.4112056028014	0.6412653383652165	0.6989346664368749
260.544272136068	0.6399940635876628	0.6993341852159259
260.6773386693347	0.6398638373741935	0.6988807987459785
260.8104052026013	0.6400589769540558	0.6987546529918758
260.94347173586794	0.6403170920651182	0.6990477499502913
261.0765382691346	0.6395430905488054	0.6987424153066575
261.2096048024012	0.6396018614205691	0.6986306349228365
261.34267133566783	0.6393988955638137	0.6982981084024009
261.47573786893446	0.6401601973049826	0.6984627597367188
261.6088044022011	0.640775939119725	0.6991265592545985
261.7418709354677	0.6401682385372486	0.6993818264572246
261.87493746873434	0.6393716525313532	0.6991161002047127
262.008004002001	0.638459917218725	0.699095308466912
262.1410705352676	0.6380552422694291	0.6985902999766854
262.2741370685343	0.6377232446072951	0.6987195396908781
262.4072036018009	0.6375407806777429	0.7005582281911329
262.54027013506754	0.6378666453364696	0.7009711227065123
262.6733366683342	0.6381237825203532	0.7013940317297281
262.8064032016008	0.6373215130735279	0.7008969167282947
262.93946973486743	0.6378712055374702	0.6999215466261806
263.07253626813406	0.6372209130437768	0.6994451458881532
263.2056028014007	0.6365017980295979	0.6998853848609685
263.3386693346673	0.6365497416916903	0.7000420552550676
263.47173586793394	0.6355553209067968	0.7002886091665028
263.6048024012006	0.6354791880258889	0.7001082768230906
263.7378689344672	0.6356593497002144	0.7006421314006664
263.8709354677339	0.6352660660073709	0.7000052609690178
264.0040020010005	0.6347273750840114	0.6997784542846133
264.13706853426714	0.6352818860881427	0.6994752261300576
264.2701350675338	0.6349487356834151	0.6981244924636332
264.4032016008004	0.6359624981348198	0.6975877665269195
264.53626813406703	0.6361513823362946	0.6972329640234669
264.66933466733366	0.6345809279615436	0.6970333169932854
264.8024012006003	0.6341274871155029	0.6965266909093464
264.9354677338669	0.6351919479985076	0.695944722002597
265.06853426713354	0.6348189601254423	0.6970092439003123
265.2016008004002	0.6345528934886763	0.6963678901449143
265.3346673336668	0.6336903062105965	0.6968778597803905
265.4677338669335	0.6330672148430344	0.6956604856769169
265.6008004002001	0.6338635643234103	0.695791519471874
265.73386693346674	0.6344182658091468	0.6957251362334574
265.86693346673337	0.6345958154804153	0.696212536455378
266.0	0.6341971207087486	0.6949280177187154
