0.0	0.0	0.0
0.1330665332666333	2.2129986254913646e-05	1.7852282259129233e-08
0.2661330665332666	4.443707584402129e-05	4.4336180481254227e-05
0.39919959979989994	0.0003105884632019842	0.00011095082258295473
0.5322661330665333	0.0006651696263986333	0.00037732635527297433
0.6653326663331666	0.0010643338204850182	0.0008650748268605875
0.7983991995997999	0.0016408713395101191	0.001352441707628221
0.9314657328664332	0.0022164218968842536	0.0018850309170635262
1.0645322661330665	0.0025706185842413565	0.0026381867495941327
1.1975987993997	0.0030819468033141968	0.003102729403790981
1.3306653326663331	0.00390156909048365	0.0037253843959343075
1.4637318659329663	0.004410197060123312	0.0046773098482818945
1.5967983991995998	0.005032262171869343	0.005141112932506229
1.7298649324662332	0.005784552010131452	0.005763413202432531
1.8629314657328664	0.006317453974331807	0.006584405300788622
1.9959979989994996	0.0072263133693046995	0.0075376496429687976
2.129064532266133	0.007845945730703508	0.008422580521213481
2.2621310655327664	0.008644336216869813	0.009244913684775242
2.3951975987994	0.009240064820031028	0.010509457305492792
2.528264132066033	0.009683602638264227	0.01157068033534052
2.6613306653326663	0.01035193643298082	0.012591598528372572
2.7943971985992997	0.011236636674829	0.01371990367256753
2.9274637318659327	0.011744075316333263	0.014561932970303816
3.060530265132566	0.012344118727661555	0.015648716474595842
3.1935967983991995	0.013009535341480737	0.016601218428131646
3.326663331665833	0.013695177608335255	0.017756612645387904
3.4597298649324664	0.014180473261232068	0.01901898156274127
3.5927963981990994	0.01464775268630884	0.020216864847625353
3.7258629314657328	0.015337495010242518	0.021591018224665484
3.858929464732366	0.01611255371227348	0.022807986303645174
3.991995997998999	0.016729022374662804	0.024096690338032307
4.125062531265633	0.017174069013514752	0.025558114396701342
4.258129064532266	0.017884386554600028	0.026750965258162167
4.391195597798899	0.018436355860746267	0.027881786833217636
4.524262131065533	0.018943143033614315	0.02903310465488539
4.657328664332166	0.019254593832106884	0.03007314794912883
4.7903951975988	0.01983286310293818	0.031185980657254756
4.923461730865433	0.020366429825537175	0.032513063529555936
5.056528264132066	0.021050468729883563	0.033555256697378
5.1895947973986996	0.021380758192882543	0.03507310506781996
5.3226613306653325	0.021939354076126412	0.036749006751545514
5.4557278639319655	0.022466250217576474	0.03783025274281321
5.588794397198599	0.022705657706377325	0.039237091538921985
5.721860930465232	0.022954476972941364	0.04080186477365761
5.854927463731865	0.023442106520134443	0.04184276480202499
5.987993996998499	0.023821303516888773	0.04316882280985679
6.121060530265132	0.024559734285880964	0.04405831536782041
6.254127063531766	0.02523568133457935	0.04561790275272553
6.387193596798399	0.02541005192530672	0.047058610148298936
6.520260130065032	0.02586036005349368	0.04860002038848829
6.653326663331666	0.02627286052167467	0.0496739617833078
6.786393196598299	0.02643304736476743	0.05172082194952104
6.919459729864933	0.027034780852002057	0.053310201410644666
7.052526263131566	0.027384242116872064	0.05517560859620872
7.185592796398199	0.02780896241019817	0.05659187737716032
7.318659329664833	0.028297585101201235	0.057420191061132074
7.4517258629314655	0.028733969509796595	0.059119028051404246
7.5847923961980985	0.02893503681279762	0.06066095106269137
7.717858929464732	0.02942818475094407	0.062006197611643256
7.850925462731365	0.029770540262508857	0.0631110910904872
7.983991995997998	0.029818596286496957	0.06428983872551242
8.117058529264632	0.030245068347614913	0.065673975977684
8.250125062531266	0.030528106079804735	0.06735933541182348
8.383191595797898	0.030770360157833132	0.06893444408194033
8.516258129064532	0.030899619883411878	0.07080546963453631
8.649324662331166	0.03108755886342764	0.07272594022690677
8.782391195597798	0.031620117470523706	0.0743140859143651
8.915457728864432	0.031976561441418076	0.07576828402015041
9.048524262131066	0.0325501682841751	0.07686746424548532
9.181590795397698	0.03278886627332096	0.07805815077515656
9.314657328664332	0.03312055755408307	0.07962438781832644
9.447723861930966	0.033297909096698185	0.0809308022447992
9.5807903951976	0.033607313942595064	0.08309263157282436
9.713856928464232	0.033737469233466245	0.08404340628491364
9.846923461730865	0.03398731465469431	0.08522211736233333
9.9799899949975	0.03424587231339265	0.086178345393218
10.113056528264131	0.03431488252616306	0.08765870062584685
10.246123061530765	0.03467910133655303	0.08934972264018125
10.379189594797399	0.035123398867123276	0.09111163773994815
10.512256128064031	0.03568658330226929	0.09235916283904226
10.645322661330665	0.03631444353642156	0.09363815558425799
10.778389194597299	0.03636912689531272	0.09545148659343235
10.911455727863931	0.0364809423667932	0.09731774422631287
11.044522261130565	0.03642983274995897	0.09881271649917203
11.177588794397199	0.036468554717010535	0.10062638067639691
11.31065532766383	0.036840072687964735	0.10144760344634984
11.443721860930465	0.036837250946830796	0.10324360036846705
11.576788394197099	0.0370839935580602	0.10451072145709021
11.70985492746373	0.03702153963093683	0.1051683283089712
11.842921460730365	0.03688491205373585	0.10612470389898934
11.975987993996998	0.03741742412911881	0.10757411852685028
12.109054527263632	0.03802841661353525	0.10881518088970427
12.242121060530264	0.03842494624207015	0.10967877991918537
12.375187593796898	0.03878822825193117	0.110667472069317
12.508254127063532	0.03883751920016496	0.11136161772723195
12.641320660330164	0.03939047811947692	0.11249518065902168
12.774387193596798	0.03994919437772042	0.11328226181472739
12.907453726863432	0.03999329371386923	0.11427801871676499
13.040520260130064	0.03989269468332176	0.11540914932945628
13.173586793396698	0.040173742333391174	0.11613892446363748
13.306653326663332	0.04052401926266718	0.11772275836772284
13.439719859929964	0.040662064601410204	0.11848347349539283
13.572786393196598	0.0406818424981594	0.11893470436393624
13.705852926463232	0.0412659396883868	0.120562257031822
13.838919459729865	0.04156530873865958	0.12093741452642588
13.971985992996498	0.04189760691076171	0.12187966144080428
14.105052526263131	0.04208966530214515	0.12247991898043657
14.238119059529765	0.04232481163548033	0.1235518737845612
14.371185592796397	0.04283956080837952	0.12423622229126183
14.504252126063031	0.04317749488779958	0.12472266168313081
14.637318659329665	0.04325791825925929	0.12536129662120407
14.770385192596297	0.04340710158115187	0.12619060503345966
14.903451725862931	0.04382878382298822	0.12676185263128645
15.036518259129565	0.043963238411779	0.12789196921314752
15.169584792396197	0.043923108372040935	0.128705155019741
15.302651325662831	0.04408624277331983	0.1302506201690454
15.435717858929465	0.044368438534313236	0.1312924484368431
15.568784392196097	0.044762373858864474	0.13183596548268117
15.70185092546273	0.044486971042041114	0.13257274385006382
15.834917458729365	0.04464590311438271	0.13352254967153132
15.967983991995997	0.04496192608375959	0.13369321498817413
16.101050525262632	0.04538453692323975	0.1339818026303286
16.234117058529264	0.045759381550964165	0.1346464196435888
16.367183591795897	0.046001845602506	0.13561298772751992
16.500250125062532	0.04568211050540482	0.1364625096289591
16.633316658329164	0.04542215966974349	0.1369412032851751
16.766383191595796	0.0461071516678338	0.1383966880583876
16.899449724862432	0.04630687565653802	0.13922509683587148
17.032516258129064	0.046232366024650334	0.13974167592114523
17.165582791395696	0.04649855733925332	0.1397328702114668
17.298649324662332	0.04643919940318133	0.1405258867739191
17.431715857928964	0.04653235971393578	0.14135519471439506
17.564782391195596	0.046848576048857574	0.14187620076255672
17.69784892446223	0.04673160897471841	0.14220057639652203
17.830915457728864	0.04690180462597399	0.14310545172937464
17.963981990995496	0.047025544088825484	0.14317467764243894
18.09704852426213	0.0470683013593891	0.14392787535525328
18.230115057528764	0.047084296462735944	0.14389272683319618
18.363181590795396	0.04699348529282347	0.14407907446147333
18.49624812406203	0.047060947727566554	0.14455303563968727
18.629314657328663	0.047392512286816756	0.14501244312449904
18.762381190595296	0.04757133095688304	0.14535724902429195
18.89544772386193	0.04795722910324809	0.14570813839532074
19.028514257128563	0.04819877098427385	0.14635254366453174
19.1615807903952	0.0481497668338048	0.1468132748980725
19.29464732366183	0.04819573100978019	0.14739623446983832
19.427713856928463	0.04822889668253598	0.14802685846098224
19.5607803901951	0.04850164544571406	0.14896437940829974
19.69384692346173	0.048751526446473736	0.1496948883733175
19.826913456728363	0.04904128975045548	0.14945524356714754
19.959979989995	0.04897438674440888	0.1504810822280494
20.09304652326163	0.049154279923879725	0.15013584140207697
20.226113056528263	0.049152309414699676	0.15055255024078146
20.3591795897949	0.04936846649746467	0.15100451991513258
20.49224612306153	0.049489600656690884	0.15198824255155996
20.625312656328163	0.04936797716718997	0.15238454730723597
20.758379189594798	0.049904475948031914	0.15303834516078307
20.89144572286143	0.0498941884043322	0.15295276345419867
21.024512256128062	0.04995900208709151	0.1535777723132662
21.157578789394698	0.050181099824947735	0.15418863269761227
21.29064532266133	0.05030754231630864	0.15534504125878817
21.423711855927962	0.050390711882198104	0.15548962588259563
21.556778389194598	0.05044227357998953	0.15543606655470155
21.68984492246123	0.05067687260236228	0.15619408043806005
21.822911455727862	0.05085062779912213	0.1571263439145096
21.955977988994498	0.050798757291828756	0.15742998736508634
22.08904452226113	0.05111630818533542	0.15878655904307337
22.222111055527762	0.051215601615964515	0.1586042788979968
22.355177588794398	0.05146025898741768	0.15897653210132037
22.48824412206103	0.05185193502644923	0.15888684792492164
22.62131065532766	0.052015239875431496	0.15891052901953778
22.754377188594297	0.05211913735752225	0.15871627013286455
22.88744372186093	0.05217127341019612	0.15867242314308833
23.02051025512756	0.0523738869639214	0.1590938769551898
23.153576788394197	0.052532812604095466	0.15907800212469214
23.28664332166083	0.05271553439388237	0.1590153540911543
23.41970985492746	0.05276142214833347	0.15946060264172884
23.552776388194097	0.053089474347413394	0.15993512533112697
23.68584292146073	0.05283672381118963	0.15962653178170477
23.818909454727365	0.0530244361247417	0.15967886599257705
23.951975987993997	0.05321275463679755	0.1597625006031108
24.08504252126063	0.053348946975496754	0.159828503566771
24.218109054527265	0.053549724227886224	0.15986766800546656
24.351175587793897	0.053699470370292046	0.1598126467819516
24.48424212106053	0.05369081364341611	0.15976585368188512
24.617308654327164	0.05354980421834248	0.16008694558164346
24.750375187593797	0.05387078920083667	0.160716469138344
24.88344172086043	0.0535906022690668	0.16158149338981537
25.016508254127064	0.05350271509650411	0.16218899900909642
25.149574787393696	0.05383341599699864	0.16218986982333353
25.28264132066033	0.05407202075590195	0.16156686955997038
25.415707853926964	0.054212495355512993	0.1617908461706033
25.548774387193596	0.05468537302592775	0.16226469672584987
25.68184092046023	0.05463003345838816	0.16297000016028132
25.814907453726864	0.05447599035100945	0.16377756861793777
25.947973986993496	0.054257427772996046	0.1638005748426554
26.081040520260128	0.05475245060038996	0.16417978235287412
26.214107053526764	0.05501117237904504	0.16459845009834834
26.347173586793396	0.055134306753629035	0.16546207750416075
26.480240120060028	0.05508880923662169	0.1661689553971821
26.613306653326664	0.05486388748118031	0.16575259765966427
26.746373186593296	0.05483156524397227	0.1657797940279023
26.879439719859928	0.055086337847142834	0.16665745710354116
27.012506253126563	0.05533625699154521	0.16696188789892302
27.145572786393195	0.055454834614100224	0.1679146524011651
27.278639319659828	0.05516319253675455	0.1688167784673872
27.411705852926463	0.055503116981690616	0.1689158692611193
27.544772386193095	0.0551469787107183	0.1692018884964022
27.67783891945973	0.05529774597281724	0.16948813814930416
27.810905452726363	0.055814849202613294	0.16979910492373254
27.943971985992995	0.05623266186344072	0.16993511313664897
28.07703851925963	0.0561654019072105	0.1696432234749209
28.210105052526263	0.05670491377786892	0.1698170385672433
28.343171585792895	0.056384501208272333	0.17113102510890182
28.47623811905953	0.05664643650714883	0.17177664293121778
28.609304652326163	0.05671768904130504	0.17179289118931096
28.742371185592795	0.057177882033938636	0.17177367221853973
28.87543771885943	0.05715549563530221	0.17266457502268512
29.008504252126063	0.057556907505389686	0.1722321472851534
29.141570785392695	0.057143307044372	0.17262952753820254
29.27463731865933	0.05735308385251854	0.17276828472371913
29.407703851925962	0.05758812103796122	0.17274453505083737
29.540770385192594	0.057838005179140936	0.17321493247195277
29.67383691845923	0.05797450450618169	0.17329032059384922
29.806903451725862	0.057864990713553395	0.1735543748266733
29.939969984992494	0.058071675143415095	0.17419394782096198
30.07303651825913	0.05791937383274235	0.17409132421109877
30.206103051525762	0.05808044736390194	0.1740894534203823
30.339169584792394	0.058059243539247705	0.1749066098379572
30.47223611805903	0.058309289255695014	0.17508313542225692
30.605302651325662	0.05842862753110397	0.17585295141231624
30.738369184592294	0.05843023557125915	0.17559066583375912
30.87143571785893	0.05933475388656503	0.1755753919958651
31.00450225112556	0.05930966996914828	0.17616936878757572
31.137568784392194	0.05930239045878756	0.17617066407250379
31.27063531765883	0.05966430437677951	0.17609116306506487
31.40370185092546	0.05965566964364308	0.176018074903153
31.536768384192094	0.059895545432382936	0.17554463660186873
31.66983491745873	0.0600293364877552	0.17598684924903618
31.80290145072536	0.06004500991730138	0.17554911242654606
31.935967983991993	0.060197043270887984	0.17558716932130042
32.06903451725863	0.06064232382175032	0.17532682592093626
32.202101050525265	0.06086213096552947	0.17595186779486535
32.33516758379189	0.0610424585152697	0.1761920000649776
32.46823411705853	0.061178585803363224	0.1760877640370195
32.601300650325165	0.06108770952990612	0.175972031877932
32.73436718359179	0.06109837162990493	0.17585886685396535
32.86743371685843	0.061427283171625574	0.17605093148148007
33.000500250125064	0.06130266958725387	0.17616229537776512
33.13356678339169	0.06156002564987646	0.1758539547130361
33.26663331665833	0.061987876700610185	0.1760770378481668
33.399699849924964	0.06210582690361869	0.17620798143278343
33.53276638319159	0.062141466739754	0.17665639194227328
33.66583291645823	0.06232331398019888	0.17675837403896183
33.798899449724864	0.062489315903130324	0.17652012712785323
33.93196598299149	0.06287332109219847	0.1763175117299871
34.06503251625813	0.06325985899942425	0.1765727136342236
34.198099049524764	0.06327337031227022	0.17630016428693807
34.33116558279139	0.06331694218756116	0.17613005036503096
34.46423211605803	0.0633394186518223	0.17651593760817505
34.597298649324664	0.06309977517874886	0.17687269413506634
34.73036518259129	0.06319986248637184	0.17657456374597144
34.86343171585793	0.06304266255348545	0.17722361111723658
34.99649824912456	0.06320653231651237	0.17724157552552688
35.12956478239119	0.06302899048451968	0.17730614743610476
35.26263131565783	0.06319175918637539	0.1775578948763148
35.39569784892446	0.06337742489260895	0.17766711879764452
35.52876438219109	0.06360233159227653	0.17813927726201223
35.66183091545773	0.06367983486288047	0.1786660911001376
35.79489744872436	0.06388339786767003	0.17919659930126125
35.92796398199099	0.0638346947295487	0.17935040847650371
36.06103051525763	0.06399039657403445	0.1796976550328289
36.19409704852426	0.06416372197794543	0.17976588468313162
36.32716358179089	0.0642524551920915	0.17984925969917737
36.46023011505753	0.06430341824007263	0.1799802644035777
36.59329664832416	0.06468685022317523	0.1802919557299953
36.72636318159079	0.0650151203225756	0.18015806236449652
36.85942971485743	0.06508802794670242	0.18044904100354944
36.99249624812406	0.06502912858929384	0.18057400521903766
37.12556278139069	0.06500354232060085	0.1804241097548968
37.25862931465733	0.06492828144648338	0.1809997217759959
37.39169584792396	0.06522549091417368	0.18125521549042262
37.52476238119059	0.06492841139585438	0.18095835370277527
37.65782891445723	0.06489881401084725	0.18122884477407403
37.79089544772386	0.06498611225222493	0.18120227974657024
37.92396198099049	0.06514450639804689	0.18136003080124383
38.05702851425713	0.06508900399461015	0.1810664571853442
38.19009504752376	0.06512530582472122	0.18179896207287238
38.3231615807904	0.06522532335499058	0.1823231427267416
38.456228114057026	0.06514562407141354	0.18235267317749687
38.58929464732366	0.0648284432617966	0.1824650931045551
38.7223611805903	0.06518845929700333	0.18308366983633917
38.855427713856926	0.06501536041866093	0.18287133148191448
38.98849424712356	0.0653580958670911	0.18253160326684081
39.1215607803902	0.06545219541282607	0.18271189133117827
39.254627313656826	0.06544118808557234	0.1827460585337818
39.38769384692346	0.06530681225198605	0.18358898856581302
39.5207603801901	0.06502616767033942	0.18339161860479633
39.653826913456726	0.0648514600259418	0.18298196608086542
39.78689344672336	0.06494083131726096	0.18284677873364996
39.91995997999	0.06483127197627696	0.18330099621758603
40.053026513256626	0.06479132775740086	0.1838372681149542
40.18609304652326	0.06484880330489838	0.18347713646926858
40.3191595797899	0.06477501369164812	0.1837785360601262
40.452226113056525	0.06476215336977026	0.1846995360272524
40.58529264632316	0.06462537258593194	0.18458208482476166
40.7183591795898	0.06429109905884975	0.18413028927257813
40.851425712856425	0.06427193235569667	0.18428592489976928
40.98449224612306	0.06433063101831843	0.18376236512484945
41.1175587793897	0.0645106831304828	0.18441885852438
41.250625312656325	0.06453675364822088	0.18503917051094249
41.38369184592296	0.06499134752648313	0.18560683829249208
41.516758379189596	0.06471823022176476	0.18618776827325997
41.649824912456225	0.0648227694769302	0.18615282050767695
41.78289144572286	0.06482232038498019	0.1863650182522956
41.915957978989496	0.06494898548826243	0.1864305663899452
42.049024512256125	0.06546287999948519	0.18712931516126446
42.18209104552276	0.06588458495477421	0.18759504087982043
42.315157578789396	0.06599123710119052	0.18699458668189586
42.448224112056025	0.06576805026988476	0.18653804219662515
42.58129064532266	0.06591871370531417	0.18711407788673667
42.714357178589296	0.06558599953935397	0.18694651057015488
42.847423711855924	0.06557221148609006	0.18629389422686565
42.98049024512256	0.06562293642911828	0.18642487130449611
43.113556778389196	0.06558289037672485	0.1866963934660192
43.246623311655824	0.06583827902283013	0.18657136369226493
43.37968984492246	0.06634071776068319	0.18645746106724653
43.512756378189096	0.06650570027537757	0.18548778077776432
43.645822911455724	0.0667874393556447	0.1864401649745038
43.77888944472236	0.06702176893420686	0.18646181360423744
43.911955977988995	0.06743084633661371	0.18661277563351028
44.045022511255624	0.06748746234910127	0.1866285456239687
44.17808904452226	0.06771276681351125	0.18637025528900472
44.311155577788895	0.06775033021895586	0.18660853115655343
44.444222111055524	0.06775954816781235	0.1863891438785433
44.57728864432216	0.06789854250148238	0.18565582791048713
44.710355177588795	0.06803754416549912	0.18587051351694026
44.843421710855424	0.06794884877909871	0.18496314548376722
44.97648824412206	0.0680665705272119	0.18550798685725978
45.109554777388695	0.0682196503030527	0.1863451104841308
45.24262131065532	0.06841816628077081	0.1870150953860576
45.37568784392196	0.06880288157180603	0.1874203507905013
45.508754377188595	0.06894697074692191	0.1871118925228055
45.64182091045522	0.06857737238689862	0.18743731340554048
45.77488744372186	0.06870834059611206	0.18732313124763997
45.907953976988495	0.06879036759498794	0.18693421969413695
46.04102051025512	0.06925415836662224	0.18708012252011333
46.17408704352176	0.06905689298921831	0.18762848141318086
46.307153576788394	0.06903908761831541	0.18720905364595244
46.44022011005502	0.06960230064541992	0.1878604956073197
46.57328664332166	0.06926965748252609	0.1877776284051798
46.706353176588294	0.0692945328572638	0.18787886850389807
46.83941970985492	0.06933305708340869	0.1881170062151337
46.97248624312156	0.06974436942772853	0.18794754295563493
47.105552776388194	0.06962286072051585	0.18760876075947772
47.23861930965483	0.06938611671463979	0.18785939656420236
47.37168584292146	0.06973616937972454	0.18760692872462403
47.504752376188094	0.07038257463948074	0.18843093448775788
47.63781890945473	0.0705380205994351	0.18827812083362866
47.77088544272136	0.07009666351364517	0.18832956293969066
47.903951975987994	0.07022195824094034	0.1884714750560431
48.03701850925463	0.07054071630064312	0.18769488837971485
48.17008504252126	0.07052860767630856	0.1874342444636188
48.30315157578789	0.07022626123831548	0.18714992363588706
48.43621810905453	0.07002434929305136	0.1871195516012561
48.56928464232116	0.0702430932429061	0.18696914356025257
48.70235117558779	0.0708559864230355	0.18692499858988462
48.83541770885443	0.07060312376553503	0.18683876375579636
48.96848424212106	0.07062679158216141	0.18664136070697607
49.10155077538769	0.0705319632360055	0.1873371773732713
49.23461730865433	0.07062338787571439	0.18747000078490975
49.36768384192096	0.07079913816033238	0.1878166799305068
49.50075037518759	0.07053179361968834	0.1885715228582417
49.63381690845423	0.07032777510933318	0.18869417348124193
49.76688344172086	0.07087440471575067	0.18900652470564058
49.89994997498749	0.07064071306922227	0.18938651387525507
50.03301650825413	0.07081064328033941	0.18912766352193322
50.16608304152076	0.07094817917969988	0.18900356584476355
50.29914957478739	0.07104735048257058	0.18860850276586869
50.43221610805403	0.07067196958112477	0.18887419819595683
50.56528264132066	0.07069902988196	0.1890981200826427
50.69834917458729	0.07062056531138548	0.1894988277121045
50.83141570785393	0.07104051048520804	0.1892788354000506
50.96448224112056	0.07124212675499311	0.18956985482360456
51.09754877438719	0.07118843249875924	0.19050447232485543
51.23061530765383	0.07118540036232092	0.19081916814174063
51.36368184092046	0.07132958642667654	0.19111286140034958
51.49674837418709	0.07128438207641957	0.1908713827230161
51.62981490745373	0.07128206132665792	0.19101331955019552
51.762881440720356	0.07139062093170874	0.19123263672317536
51.89594797398699	0.07161959003750316	0.19158614520617326
52.02901450725363	0.07188137713553787	0.1920426002338945
52.162081040520256	0.0719139520138231	0.1919037490804067
52.29514757378689	0.07207571827735876	0.19269388975895527
52.42821410705353	0.0723632150549599	0.19237583757946344
52.561280640320156	0.07252155391667342	0.19164238127692657
52.69434717358679	0.07318487667994854	0.1907829837955269
52.82741370685343	0.07316768872379321	0.19093272062541922
52.960480240120056	0.0733607959768062	0.19107427778553088
53.09354677338669	0.07326948119025091	0.19152721785972418
53.22661330665333	0.0736930814627361	0.19223457703866273
53.359679839919956	0.07363990677465623	0.19241711698461583
53.49274637318659	0.07353917063500871	0.19220614133422637
53.62581290645323	0.07335894408774517	0.19273382772981545
53.758879439719855	0.07305545891992184	0.19205081202577864
53.89194597298649	0.07301218659614658	0.19182852445387757
54.02501250625313	0.07299541242043772	0.19159261096134259
54.158079039519755	0.07336347817291843	0.19165624252942512
54.29114557278639	0.0738357173116619	0.19188492323520628
54.42421210605303	0.07368801853556167	0.1918998119546311
54.557278639319655	0.07333805035966358	0.1918560243554756
54.69034517258629	0.07308476218498863	0.19162575919039349
54.823411705852926	0.07340542050605399	0.1920370426085442
54.956478239119555	0.07317079321224197	0.19174147487203397
55.08954477238619	0.0733311351954752	0.19216168661806496
55.222611305652826	0.0735316938170253	0.19240970711049388
55.35567783891946	0.07329670128143648	0.1925614983018057
55.48874437218609	0.07319665019978228	0.1923933656360712
55.621810905452726	0.07342282072473555	0.19192181109833403
55.75487743871936	0.07362799586060352	0.19275319884425068
55.88794397198599	0.07377449095955987	0.19293537221148313
56.021010505252626	0.07359974259291542	0.1929201466830881
56.15407703851926	0.0734025704221477	0.193254594773034
56.28714357178589	0.07324217254815968	0.19298780289642006
56.420210105052526	0.0732399339375106	0.19293917603919064
56.55327663831916	0.07323011249722754	0.193529734985029
56.68634317158579	0.0729125538093415	0.19320340216522058
56.819409704852426	0.07286554249858568	0.19329596679198013
56.95247623811906	0.07334990049680762	0.19363720160900547
57.08554277138569	0.07365357159499013	0.19403320808046565
57.218609304652325	0.07330563609414045	0.19379817864897578
57.35167583791896	0.07333820809727945	0.19419574699394748
57.48474237118559	0.07377896018380004	0.1946609002295711
57.617808904452225	0.0735846976295516	0.19471672459995013
57.75087543771886	0.07300322561248034	0.19446563717297952
57.88394197098549	0.07295781626240436	0.19442058455054886
58.017008504252125	0.07284786003677975	0.19405268725078895
58.15007503751876	0.07310890278246956	0.19451365894094874
58.28314157078539	0.07332099039048066	0.19437597932249165
58.416208104052025	0.07314500191728507	0.19400068872688014
58.54927463731866	0.07332024082107343	0.19410908353897774
58.68234117058529	0.07355931000743834	0.1932950448779847
58.815407703851925	0.073668318542661	0.19345766189544034
58.94847423711856	0.07389222352998762	0.19301992099652798
59.08154077038519	0.07444009979167483	0.19258784101318657
59.214607303651825	0.07447147725304472	0.1924257369998441
59.34767383691846	0.07460970011512193	0.1925770813960208
59.48074037018509	0.07467656119922192	0.19291357291598546
59.613806903451724	0.07441661373298106	0.19341340895424797
59.74687343671836	0.07431088601091643	0.19358382722853654
59.87993996998499	0.07491529138694827	0.19359421422416423
60.013006503251624	0.07526372209129416	0.19337357243708259
60.14607303651826	0.0755287668454317	0.1931331365618202
60.27913956978489	0.07557796087816404	0.1930422373720061
60.412206103051524	0.07562654786187109	0.1933188020238225
60.54527263631816	0.07590961595903357	0.19336878402857785
60.67833916958479	0.07579177197754312	0.19391681296641736
60.811405702851424	0.07563805536122546	0.1942944892796852
60.94447223611806	0.07565227061611952	0.1940573392462908
61.07753876938469	0.07582867004820236	0.1948358182815279
61.210605302651324	0.07603376615213887	0.19482291966962723
61.34367183591796	0.07592239929436162	0.19448603327703215
61.47673836918459	0.07591238899199158	0.19449501881707063
61.60980490245122	0.07619648768173898	0.19479879057931185
61.74287143571786	0.07637959954969899	0.19508334283951537
61.87593796898449	0.0767610532969084	0.19511540279507625
62.00900450225112	0.07671295945436268	0.1939261252139276
62.14207103551776	0.07705638174363003	0.19358698783510153
62.27513756878439	0.0772991950339906	0.19386610557619544
62.40820410205102	0.07734774694229514	0.19345402697818226
62.54127063531766	0.07707232525696424	0.1937290051947928
62.67433716858429	0.0773405059207612	0.19352638606924055
62.80740370185092	0.07745866402842325	0.193613012243516
62.94047023511756	0.0775067180832824	0.19354465952895236
63.07353676838419	0.07768613918423853	0.19327087130907478
63.20660330165082	0.07800176880473195	0.19289435939082425
63.33966983491746	0.0784797103946609	0.19347683379470898
63.47273636818409	0.07856788377612287	0.19325477277994
63.60580290145072	0.07888503606890016	0.19373443247882766
63.73886943471736	0.07904318977585831	0.19410938041929615
63.87193596798399	0.07904729554119806	0.19465173201144798
64.00500250125063	0.07903736104894835	0.1946715893659218
64.13806903451726	0.0792715562912412	0.19501885369233893
64.27113556778389	0.07881447756848317	0.19545680217773678
64.40420210105053	0.07897382181796232	0.19493401713725947
64.53726863431716	0.07922550992424958	0.19508241568480358
64.67033516758379	0.07911455988762243	0.19541396872925698
64.80340170085043	0.07943474900949167	0.19576117347444397
64.93646823411706	0.0792865914909984	0.19540380261683551
65.06953476738369	0.07908235476392997	0.19526355103131562
65.20260130065033	0.07886892464525541	0.19536751374661146
65.33566783391696	0.07890344873503696	0.19550214362644253
65.46873436718359	0.07900791344562737	0.19573959287933884
65.60180090045023	0.07876432983469292	0.1964040021791679
65.73486743371686	0.07895023528690764	0.1958662960720994
65.86793396698349	0.07886223045575948	0.19600416903218068
66.00100050025013	0.07853092484325913	0.19627869045387594
66.13406703351676	0.07871847515322265	0.1955658310104173
66.26713356678339	0.07890772364863122	0.1957570892109055
66.40020010005003	0.07944433613540132	0.19586960927476438
66.53326663331666	0.07974184135167095	0.1955153815589671
66.66633316658329	0.08013614782542615	0.19583958054374737
66.79939969984993	0.08037217051844094	0.19587473362339386
66.93246623311656	0.08031991660750275	0.19623345499619316
67.06553276638319	0.08057904365805861	0.1959395899543863
67.19859929964983	0.08044610345543393	0.19633254826528043
67.33166583291646	0.08023468749451271	0.19639676171355755
67.46473236618309	0.08045638460127967	0.19594789631105572
67.59779889944973	0.08042134580561638	0.19617467802730948
67.73086543271636	0.08016144519304089	0.19618050126480943
67.86393196598299	0.08009903518755297	0.19566206655895474
67.99699849924963	0.08066509708981202	0.19634954721214537
68.13006503251626	0.08076049766559408	0.1968157106989899
68.26313156578288	0.08099951203009556	0.19712877974242007
68.39619809904953	0.08072581712738758	0.19792891530609458
68.52926463231616	0.08000906737843454	0.19804481901877027
68.66233116558278	0.08029518182516049	0.1978101080196881
68.79539769884943	0.08055394611648344	0.19757585604254027
68.92846423211606	0.08078131766109217	0.19721752216386867
69.06153076538268	0.08071768996138282	0.19753698136412767
69.19459729864933	0.08075549454195458	0.19735486822722836
69.32766383191596	0.08076069214122403	0.1971498010664969
69.46073036518258	0.08108754937526327	0.19680133896507085
69.59379689844923	0.08104613158988612	0.19689760804852197
69.72686343171586	0.0809535748939052	0.1968086970758343
69.85992996498248	0.08136578983587431	0.1969280305373196
69.99299649824913	0.08144709316771132	0.19726486177199554
70.12606303151576	0.08140594914321286	0.19673281662970638
70.25912956478238	0.08169639968858015	0.19635304516763497
70.39219609804903	0.08155823933920413	0.19675877012034515
70.52526263131566	0.08112559954363877	0.1973350446187319
70.65832916458228	0.08073565736997035	0.19700326773661725
70.79139569784893	0.08101317799239333	0.1966498306173416
70.92446223111556	0.08102330230408801	0.19719001270116263
71.05752876438218	0.08077563048140483	0.1979385031143226
71.19059529764883	0.08081591409312243	0.19762547049309784
71.32366183091546	0.08092020093608956	0.1974805094589864
71.45672836418208	0.0812940753941984	0.19801347322416243
71.58979489744873	0.08141822019660477	0.19808514270653235
71.72286143071535	0.0815157233010206	0.19782110964203176
71.85592796398198	0.08179269421262161	0.19783691966808023
71.98899449724863	0.08217790357794368	0.19834845629425876
72.12206103051525	0.08245108517524832	0.19839761118084745
72.25512756378188	0.08289625577107272	0.1980339687181488
72.38819409704853	0.08283616298508967	0.19839479234919827
72.52126063031515	0.08239982122199967	0.19882623233352786
72.65432716358178	0.0825081777000111	0.19890332354065382
72.78739369684843	0.08281546538665965	0.19864429862909855
72.92046023011505	0.083243138359751	0.1986560553954188
73.05352676338168	0.0834929374484185	0.19871925922196743
73.18659329664833	0.0834898879733764	0.1989010768940525
73.31965982991495	0.08323365847070097	0.19889050615115134
73.45272636318158	0.08339520189328323	0.19900794199160865
73.58579289644823	0.08355560495347486	0.19846258089104676
73.71885942971485	0.0835910047714583	0.19860432836241404
73.85192596298148	0.08420135330745562	0.19922746745574477
73.98499249624813	0.08455528966330851	0.19911863023460127
74.11805902951475	0.08487215353759986	0.1994476084009215
74.25112556278138	0.08476531308769492	0.1997140628998788
74.38419209604803	0.08470593096979334	0.19929674032806968
74.51725862931465	0.08487459129240499	0.19958172149315495
74.65032516258128	0.08498146746099183	0.2004069162794019
74.78339169584793	0.08412491080878277	0.20025105231497353
74.91645822911455	0.08382360929524561	0.19923442473360362
75.04952476238118	0.08368390675337908	0.19921358419164167
75.18259129564782	0.08373951062422094	0.19936515923148537
75.31565782891445	0.08397461610995018	0.19926049977218604
75.44872436218108	0.08368220938638375	0.19918469359457433
75.58179089544772	0.08347326697805077	0.19934773390025395
75.71485742871435	0.08366789602164464	0.1995668889802023
75.84792396198098	0.08301227101320548	0.19942516405908037
75.98099049524762	0.0828854956299073	0.19979875099017502
76.11405702851425	0.08330263944810604	0.2000297395730877
76.24712356178088	0.08355765984839289	0.19964194845163327
76.38019009504752	0.0840251090865893	0.1997598906250634
76.51325662831415	0.08395084023229596	0.20042131015720194
76.6463231615808	0.0843837840337725	0.200482947807712
76.77938969484742	0.08457866856536975	0.1999479743451355
76.91245622811405	0.08477589748112002	0.20042036436024696
77.0455227613807	0.08503293458517296	0.20075841855962043
77.17858929464732	0.08507344327206194	0.20034809652102523
77.31165582791395	0.0851221340633106	0.20010390781756188
77.4447223611806	0.08522867394461868	0.199946650599256
77.57778889444722	0.08548576113998992	0.1994092433151854
77.71085542771385	0.08580922046693354	0.1988517049230553
77.8439219609805	0.08591186345815426	0.19899476695407453
77.97698849424712	0.08607015490207788	0.19932402056555107
78.11005502751375	0.08573398452550454	0.20015837283184013
78.2431215607804	0.0857372571869853	0.20034503238241685
78.37618809404702	0.08577115880282751	0.20032545662866902
78.50925462731365	0.0857017404881373	0.19995992922593428
78.6423211605803	0.08587770318770264	0.19958735603335806
78.77538769384692	0.08605018310843983	0.20032768410019858
78.90845422711355	0.0860516930828837	0.20066199385752037
79.0415207603802	0.08600963715868447	0.20031332676226474
79.17458729364682	0.08544024122262919	0.20077310935761342
79.30765382691345	0.08554317193516663	0.20139206377198568
79.4407203601801	0.0855725740987251	0.20154351885604313
79.57378689344672	0.08569846793767728	0.20208127111600052
79.70685342671335	0.085862613760195	0.20256384084479648
79.83991995998	0.08558395811652927	0.20224845704283057
79.97298649324662	0.08516354822866413	0.20211080426948796
80.10605302651325	0.0855833907637808	0.20232410460411637
80.2391195597799	0.08587215523335526	0.2024527889620744
80.37218609304652	0.08601786077589296	0.20260049068882957
80.50525262631315	0.08621842239690566	0.2024830731330147
80.6383191595798	0.0862445286963404	0.202551930596051
80.77138569284642	0.08634276752666367	0.2027267472254716
80.90445222611305	0.08585161541290423	0.20281741610999338
81.0375187593797	0.08603024472527672	0.2033523925051779
81.17058529264632	0.08600218595543906	0.20355301582301766
81.30365182591295	0.08587186841080607	0.20342021827868953
81.4367183591796	0.08570900614584268	0.20340353720613064
81.56978489244622	0.08591541365253327	0.20318076706749194
81.70285142571285	0.08592990648846711	0.20323585859300672
81.8359179589795	0.08605778631823119	0.2032011314100514
81.96898449224612	0.08607550825489607	0.20327289225099157
82.10205102551275	0.08581491345159291	0.20382663503718051
82.2351175587794	0.08606409323876349	0.2034169924136681
82.36818409204602	0.08613910272479795	0.20385322310506834
82.50125062531265	0.08622356935794964	0.203653396859011
82.6343171585793	0.08624937334616316	0.20383441988621273
82.76738369184592	0.08588895217250754	0.20424923216338542
82.90045022511255	0.0858599893280509	0.20492123814830754
83.03351675837919	0.08560824985826183	0.2048564831729805
83.16658329164582	0.08565892205454893	0.20522451164887576
83.29964982491245	0.08582548945426392	0.2050876016377594
83.43271635817909	0.08629350253246362	0.2048180400365205
83.56578289144572	0.0861816439115498	0.20466619319958254
83.69884942471235	0.0860444222056309	0.20543180962326518
83.83191595797899	0.08645716362382884	0.205574960470513
83.96498249124562	0.08664749162223064	0.2056987219289296
84.09804902451225	0.08668322993468174	0.2058576715371119
84.23111555777889	0.08706175106078844	0.20610104703284726
84.36418209104552	0.08713760160922272	0.20596644298679556
84.49724862431215	0.08738756199753933	0.20545662874802106
84.63031515757879	0.08727676114072525	0.20533415417122897
84.76338169084542	0.08757336125556701	0.20552594374078786
84.89644822411205	0.08766893272695075	0.2054093830194775
85.02951475737869	0.08789769432201014	0.20534438601873328
85.16258129064532	0.08798679577078929	0.2052362595216115
85.29564782391195	0.0882492671565035	0.20540992736634756
85.42871435717859	0.08821140537757441	0.20490275045394662
85.56178089044522	0.08798265129699138	0.20450459465262738
85.69484742371185	0.0878946367436335	0.20460228718875367
85.82791395697849	0.08777766330156445	0.20479018110949884
85.96098049024512	0.08783919304955044	0.20513166334739413
86.09404702351175	0.08773862954599258	0.20498285737981312
86.22711355677839	0.08773011482564386	0.2048232641559968
86.36018009004502	0.08801591522995543	0.20439776562037645
86.49324662331165	0.08845323390143557	0.2039103001343246
86.62631315657829	0.0885379726019601	0.20398637451439144
86.75937968984492	0.08840421744663308	0.20366690932115666
86.89244622311155	0.08844036245181039	0.20405161907194425
87.02551275637819	0.08846270313738708	0.20406648049761134
87.15857928964482	0.08858967916767617	0.2042740976677079
87.29164582291145	0.08858743017584064	0.2039100789275228
87.42471235617809	0.08864205710562546	0.2033685467879933
87.55777888944472	0.0886719166149553	0.2030882133588297
87.69084542271135	0.0884118200310995	0.20281356915910706
87.82391195597799	0.08829493320138565	0.20304775749669468
87.95697848924462	0.08809497090123009	0.20356681862241138
88.09004502251125	0.08816334532692255	0.20338158935709338
88.22311155577789	0.0878315308155039	0.2033874259836657
88.35617808904452	0.08779962798385663	0.2036877331482656
88.48924462231115	0.08785589121975865	0.20315228556189285
88.62231115557779	0.08780896788308677	0.20255143624213393
88.75537768884442	0.08822782147646144	0.20167653108423197
88.88844422211105	0.08852776199578755	0.2017082294997138
89.02151075537769	0.08922142793696568	0.20174908266411007
89.15457728864432	0.08942417977575003	0.20101457941081288
89.28764382191095	0.08921262724795581	0.2012461630141536
89.42071035517759	0.08915117257354169	0.20148745438801535
89.55377688844422	0.08915480378136545	0.20145664955251286
89.68684342171085	0.08919199410608564	0.2020876817156926
89.81990995497749	0.08910655690096062	0.20184589817400045
89.95297648824412	0.08894963846879562	0.2023296458290844
90.08604302151075	0.08927297106627362	0.20318336171065932
90.21910955477739	0.08960069128481016	0.2031967355566784
90.35217608804402	0.09003161534493347	0.20318794250706532
90.48524262131065	0.08993419446274149	0.20264988845237283
90.61830915457729	0.08961360098066086	0.20230463413204525
90.75137568784392	0.08969723961375302	0.20198073199077032
90.88444222111055	0.09017426639872864	0.20179998598483503
91.01750875437719	0.0901455748723274	0.20144338106219434
91.15057528764382	0.0899536173998277	0.20183658702032953
91.28364182091045	0.0900965210035103	0.2019194385578527
91.41670835417709	0.09022851190897176	0.20164644336103918
91.54977488744372	0.09022723895635545	0.20176883379243088
91.68284142071035	0.09042058215980601	0.20246910071864804
91.81590795397699	0.09065690552764963	0.20283448562367243
91.94897448724362	0.09098128127526377	0.20296275346006232
92.08204102051025	0.09095203128918114	0.20270373779238174
92.21510755377689	0.09097903236693732	0.2018893148752238
92.34817408704352	0.09104686879940208	0.2014845877601355
92.48124062031015	0.09087372912109826	0.20175899075125614
92.61430715357679	0.0910644729438861	0.20197891065599965
92.74737368684342	0.09127300907189323	0.20139945900286332
92.88044022011005	0.09158213924769706	0.20158524983523934
93.01350675337669	0.09141434604319666	0.20179478431235523
93.14657328664332	0.0913891441940325	0.20203545687643107
93.27963981990995	0.0915210525812235	0.20215820343148524
93.41270635317659	0.09136933273915585	0.20174456364341023
93.54577288644322	0.09134333851791766	0.20141128160802427
93.67883941970985	0.09145843060228649	0.20130957578053646
93.81190595297649	0.09163232433884894	0.20126533297457294
93.94497248624312	0.09167047691596908	0.2009348019354946
94.07803901950976	0.0912724268466994	0.20100252537129237
94.21110555277639	0.09115308750019695	0.201298352577676
94.34417208604302	0.09151328744387573	0.20164317725912398
94.47723861930966	0.09148631427817012	0.20136349609245915
94.61030515257629	0.09117410966604214	0.20110759953755503
94.74337168584292	0.09158967753742148	0.20127765990607846
94.87643821910956	0.09169279486860475	0.20104012588163442
95.00950475237619	0.09201164327992101	0.2016749822302146
95.14257128564282	0.09255597185508989	0.20139406891444367
95.27563781890946	0.0926557416428073	0.2015729881298328
95.40870435217609	0.09260662320079373	0.20170374928501436
95.54177088544272	0.09254269525134973	0.20137092639061532
95.67483741870936	0.09247775447990937	0.20134207104162324
95.80790395197599	0.09270461332533185	0.20152855470544082
95.94097048524262	0.09305108789891287	0.20154650977821914
96.07403701850926	0.09307910028555282	0.2016074281604993
96.20710355177589	0.09263734749542758	0.20118809753691713
96.34017008504252	0.09241694652683181	0.20092374363535376
96.47323661830916	0.09234256309424459	0.2007280427849039
96.60630315157579	0.09257872839490955	0.20039914064743033
96.73936968484242	0.09199922116822944	0.2005427135075618
96.87243621810906	0.09164132780282014	0.2004791566803131
97.00550275137569	0.09185904129607331	0.2002348266073362
97.13856928464232	0.09180099054862265	0.200278553776976
97.27163581790896	0.09230055526870763	0.20021235594923847
97.40470235117559	0.09216964869399916	0.20046009177758392
97.53776888444222	0.09194096385420933	0.20046009196752781
97.67083541770886	0.09228934504210957	0.20081298340988318
97.80390195097549	0.09213660591806985	0.20085610662528747
97.93696848424212	0.0918987085181351	0.20147679361845788
98.07003501750876	0.09221086253729938	0.20140382718260227
98.20310155077539	0.09245965309904965	0.20089013956514137
98.33616808404201	0.09245360259484332	0.2006415525562832
98.46923461730866	0.09255815078416997	0.20142607353808764
98.60230115057529	0.09233123832777256	0.20160226039232784
98.73536768384191	0.09218277858222958	0.20123095441512492
98.86843421710856	0.09228946912259725	0.20108360361288705
99.00150075037519	0.09270001689657109	0.2009136161018955
99.13456728364181	0.09258284335724093	0.2017161744740312
99.26763381690846	0.09246656388071672	0.2014622142535918
99.40070035017509	0.0925463229250523	0.20143749993710333
99.53376688344171	0.09262313750887231	0.20169871526874147
99.66683341670836	0.0927510503961827	0.20196809046506303
99.79989994997499	0.09324749187043745	0.20207284650765547
99.93296648324161	0.09369344727043495	0.20182515483869382
100.06603301650826	0.09388843082559518	0.2023203636123478
100.19909954977489	0.09377915503707013	0.20269333360903222
100.33216608304151	0.0935185017880064	0.2031131222232693
100.46523261630816	0.09336317521130592	0.2030260480880774
100.59829914957479	0.09322036857382832	0.20350328831509853
100.73136568284141	0.093303382390267	0.20396704311401512
100.86443221610806	0.09374830779493085	0.2040607222795572
100.99749874937469	0.09381090126346453	0.20372630744086467
101.13056528264131	0.09379578183384212	0.20364155596709388
101.26363181590796	0.0937920884850177	0.20447195638939264
101.39669834917459	0.09353183398714024	0.20443612133071884
101.52976488244121	0.09408664839058972	0.20440255032462243
101.66283141570786	0.09413647676573639	0.2044675748469191
101.79589794897448	0.09401039449998101	0.20424213429961124
101.92896448224111	0.09413362824178455	0.20417875516799924
102.06203101550776	0.09422978531675281	0.20439164679872707
102.19509754877438	0.09398867834101685	0.2046675322740739
102.32816408204101	0.09383242309811149	0.2044028929836938
102.46123061530766	0.09351628420504053	0.20425631701042354
102.59429714857428	0.09353206247114665	0.20427516273397656
102.72736368184091	0.09385930913238535	0.20422808334148906
102.86043021510756	0.09372280730393173	0.20398353039154038
102.99349674837418	0.09349964115467917	0.20381568248340245
103.12656328164081	0.0937205706787621	0.20377996939321882
103.25962981490746	0.09345512410755666	0.20363179566472622
103.39269634817408	0.09337118574243772	0.20388950779267173
103.52576288144071	0.09372540504383298	0.20421153823477525
103.65882941470736	0.09374734938834944	0.20415081354276246
103.79189594797398	0.09370402236477642	0.20424458260011732
103.92496248124061	0.0937312758087265	0.2043430982226312
104.05802901450726	0.09374415487103611	0.20432373586313693
104.19109554777388	0.09410846571017942	0.20411656514169782
104.32416208104051	0.09439652052684121	0.20357776203391498
104.45722861430716	0.09438518859693085	0.20404331967574765
104.59029514757378	0.09437013883776367	0.20362608828085108
104.72336168084041	0.09455983145277726	0.2034941986790984
104.85642821410705	0.09471378831557656	0.20383613430451453
104.98949474737368	0.09472604815626492	0.20407317029512487
105.12256128064031	0.09455871326915088	0.2038075738752788
105.25562781390695	0.09500097576439924	0.20406726419116533
105.38869434717358	0.09513514018117047	0.20427039646416395
105.52176088044021	0.09477655938018728	0.2042449383909726
105.65482741370685	0.09448674175403018	0.2044768586955219
105.78789394697348	0.09474356445499013	0.2040557082800749
105.92096048024011	0.09482482726420431	0.20355283005969477
106.05402701350675	0.09466995580924405	0.20367718384760786
106.18709354677338	0.09468734882617781	0.20362199093015756
106.32016008004001	0.09505405676495499	0.204347824626261
106.45322661330665	0.09478798137006796	0.2045125554972473
106.58629314657328	0.09444722450963496	0.20441209332931226
106.71935967983991	0.09452331186779972	0.20496971423329402
106.85242621310655	0.09470728513050328	0.20509134448800806
106.98549274637318	0.09475471606637126	0.2053212455736337
107.11855927963981	0.0948960242136589	0.20568455635131103
107.25162581290645	0.09456602218448001	0.20579847714587657
107.38469234617308	0.09470174481424797	0.2062415508212777
107.51775887943971	0.09460027323177518	0.20668721878663113
107.65082541270635	0.09433476629568754	0.2068445044595508
107.78389194597298	0.09438147032021235	0.20618452885251354
107.91695847923961	0.09438964518693971	0.2061009604643471
108.05002501250625	0.0944948952703468	0.20627617855723224
108.18309154577288	0.09499037484885356	0.2059976198604371
108.31615807903951	0.09537350164899538	0.20612814125243148
108.44922461230615	0.09498797309676525	0.20631904919021193
108.58229114557278	0.09463793798071381	0.20620686170980862
108.71535767883941	0.094480874417184	0.20581720916260837
108.84842421210605	0.09474388892682845	0.20553439381349178
108.98149074537268	0.09480281820429497	0.2050554786263101
109.11455727863931	0.09476128648933711	0.20532170521137758
109.24762381190595	0.09506020992033122	0.20589405629680424
109.38069034517258	0.09474335701702652	0.20623695098253184
109.51375687843921	0.09479492257044297	0.2059445000979174
109.64682341170585	0.0951724469604904	0.20589177417131693
109.77988994497248	0.09516802964244454	0.20629418860153997
109.91295647823911	0.09498192363617647	0.20622458035166502
110.04602301150575	0.09523607359391022	0.20653285578414263
110.17908954477238	0.09550235738421294	0.2063379131301846
110.31215607803901	0.09552804636421632	0.2057531543284239
110.44522261130565	0.09553503247385081	0.20626065222469692
110.57828914457228	0.09546721280356323	0.20678468163411137
110.71135567783892	0.09541975465659087	0.20587244346947847
110.84442221110555	0.0953959453320177	0.20580932297822585
110.97748874437218	0.09555453167949939	0.2058239882785928
111.11055527763882	0.09589612664951523	0.2053203508453448
111.24362181090545	0.09581477232191715	0.20461708574790205
111.37668834417208	0.09596467821203349	0.20437329626735556
111.50975487743872	0.09590357598641783	0.20447626472752542
111.64282141070535	0.0960038966175334	0.20457738176841034
111.77588794397198	0.09632998373046366	0.20514068927458207
111.90895447723862	0.09608892670618782	0.20565688586372097
112.04202101050525	0.0958308428318322	0.20616125330627186
112.17508754377188	0.09610538917602271	0.20618926128308596
112.30815407703852	0.09620767020368767	0.20618706604759765
112.44122061030515	0.0963492337408942	0.2062410499487472
112.57428714357178	0.09645812351896359	0.20662118281274938
112.70735367683842	0.09632410016357151	0.2061520859491207
112.84042021010505	0.0963903844525837	0.2056909977293076
112.97348674337168	0.09657667074307993	0.20532314222537723
113.10655327663832	0.09654054719504505	0.20507592732255953
113.23961980990495	0.0967043162457232	0.20525766224864006
113.37268634317158	0.09650894448156346	0.20544957967802338
113.50575287643822	0.09625055196743246	0.2051691214434893
113.63881940970485	0.09608910415649473	0.20538358205114418
113.77188594297148	0.09574247224477485	0.20561018297620612
113.90495247623812	0.09600474742786066	0.20560615163465948
114.03801900950475	0.09618168172076508	0.20575714917754342
114.17108554277138	0.09606123491190441	0.2057277427675821
114.30415207603802	0.09618547107132386	0.20579381671562985
114.43721860930465	0.09604681505712154	0.20639665048067476
114.57028514257128	0.09617752218859549	0.2071633847897378
114.70335167583792	0.09635092943293186	0.20755358925260506
114.83641820910455	0.09642229030794074	0.20773411193125707
114.96948474237118	0.09673209071404122	0.20805776687168023
115.10255127563782	0.0967692093644432	0.20848960876275344
115.23561780890445	0.0967397495943551	0.20886904933128791
115.36868434217108	0.09664822084852659	0.2086581386425623
115.50175087543772	0.09676148618983271	0.20848656305272883
115.63481740870435	0.0974247598404899	0.20844907472822763
115.76788394197098	0.09818885885599483	0.20808511988065345
115.90095047523762	0.0980936762336804	0.20853123538664292
116.03401700850425	0.09834812592913328	0.2091042337202204
116.16708354177088	0.0982537227465564	0.20886032121390335
116.30015007503752	0.0974601861169329	0.20879348309843287
116.43321660830415	0.09748808641093384	0.2087390280724496
116.56628314157078	0.0976803879258622	0.20814722313234785
116.69934967483742	0.09767050382156252	0.20751153402972852
116.83241620810405	0.09772041009849584	0.20745524555678446
116.96548274137068	0.0976374912019197	0.20756484746483808
117.09854927463732	0.09787243849776084	0.20733193796841753
117.23161580790395	0.09822082411632312	0.2071754161518361
117.36468234117058	0.09836461379869645	0.20740513480155728
117.49774887443722	0.09850631425732922	0.20731389763050512
117.63081540770385	0.09885535778358108	0.20765039814333622
117.76388194097048	0.09908633196554112	0.20760163259379907
117.89694847423712	0.09894343639706508	0.2072564277304232
118.03001500750375	0.09881021152354443	0.2079391394157411
118.16308154077038	0.09896326530457	0.20812534186940068
118.29614807403702	0.09929849859873675	0.20764419523746522
118.42921460730365	0.09932949962692833	0.20824306739175752
118.56228114057028	0.09899107113717406	0.20876935887960357
118.69534767383692	0.09897555267706969	0.2085553413933462
118.82841420710355	0.09889356611426862	0.20793945524478347
118.96148074037018	0.0983977278468758	0.20819904892383928
119.09454727363682	0.09822073787141695	0.20852361807811562
119.22761380690345	0.0980068323578612	0.20827727569259824
119.36068034017008	0.09760676297173604	0.20874980016835254
119.49374687343672	0.09763877868378733	0.20909739460433194
119.62681340670335	0.09820782357220187	0.20914284990676044
119.75987993996998	0.09838086880512034	0.2089077812760743
119.89294647323662	0.09833388384756521	0.20831335463392223
120.02601300650325	0.09866003145152318	0.20807148677499585
120.15907953976988	0.09908755980837392	0.20818540746909484
120.29214607303652	0.09891415666245341	0.20817426322608054
120.42521260630315	0.09876219043446804	0.2077668153614952
120.55827913956978	0.09885622482371242	0.2077842101777977
120.69134567283642	0.09864910327468149	0.20759009019145788
120.82441220610305	0.09860700880757195	0.20743827176064444
120.95747873936968	0.09866921054710613	0.2070621053979646
121.09054527263632	0.09898227334431113	0.20728205731956784
121.22361180590295	0.09912351117558933	0.2075421656107574
121.35667833916958	0.09859226443473622	0.20752350400530253
121.48974487243622	0.09840012827097773	0.20754522148356605
121.62281140570285	0.0985752463157825	0.20744926446917522
121.75587793896948	0.09833575642515872	0.20713438153383157
121.88894447223612	0.09847080181601156	0.20695630982663954
122.02201100550275	0.09818398460802462	0.20703151489542057
122.15507753876938	0.09819752158916437	0.20701686672216693
122.28814407203602	0.09851696221031012	0.20704996499174144
122.42121060530265	0.09848872204259969	0.20707862901383656
122.55427713856928	0.09849640069084485	0.20711631737997696
122.68734367183592	0.09871071291981734	0.20721336743754568
122.82041020510255	0.09917255338899923	0.20732038172581482
122.95347673836918	0.09905175093762482	0.2081622194249217
123.08654327163582	0.098678801910609	0.20885117019186006
123.21960980490245	0.09873663362404352	0.20864428220972991
123.35267633816908	0.0986765244166993	0.20872543042579217
123.48574287143572	0.0988175022508837	0.2086008622673375
123.61880940470235	0.09926289417459103	0.20832668419891792
123.75187593796898	0.09935312968357576	0.2087591159007974
123.88494247123562	0.0994010187952666	0.20849978826831872
124.01800900450225	0.09962214280823387	0.20837127225557664
124.15107553776888	0.0995459983004551	0.2078927050834354
124.28414207103552	0.09969397023755341	0.2072775816553251
124.41720860430215	0.10000616308597063	0.20688984113368858
124.55027513756878	0.10020634129849992	0.2063978871869542
124.68334167083542	0.10025773158552923	0.2062391703760254
124.81640820410205	0.10055022136419697	0.20632316264056175
124.94947473736867	0.10042841125026773	0.20638257989432499
125.08254127063532	0.100158920303738	0.2063216401004938
125.21560780390195	0.1002463490240072	0.20570030390531657
125.34867433716857	0.10003484764985227	0.20586106977753357
125.48174087043522	0.10006069320320947	0.2066351137045838
125.61480740370185	0.09988009541758143	0.20644629305684153
125.74787393696847	0.09945075580598083	0.20661639173886318
125.88094047023512	0.09935238063311079	0.2071009594841844
126.01400700350175	0.09947842141075493	0.20733375000924162
126.14707353676837	0.09964309142283581	0.20758742376953096
126.28014007003502	0.09937674227485736	0.20767251412513754
126.41320660330165	0.09962979647248367	0.20740312138957395
126.54627313656827	0.10014328486501184	0.2070900162616697
126.67933966983492	0.10000269381590705	0.20639562779033513
126.81240620310155	0.09991056147836028	0.2061320905597234
126.94547273636817	0.09960670706590022	0.2059585120624069
127.07853926963482	0.0993300085262036	0.20620931032235612
127.21160580290145	0.0992696977296188	0.20672600774055105
127.34467233616807	0.09923776243368854	0.20675295268744168
127.47773886943472	0.09926856190279465	0.20611179451365513
127.61080540270135	0.09946000923680409	0.20611981219808964
127.74387193596797	0.09950624623001655	0.2066507399553096
127.87693846923462	0.09922890665224271	0.20650296529107914
128.01000500250126	0.0990969185251406	0.20639263532777646
128.1430715357679	0.09919695454842031	0.20612698353825737
128.27613806903452	0.09940195835327349	0.2057981497122799
128.40920460230114	0.09975159012726335	0.20562286378642172
128.54227113556777	0.10008286207510171	0.20557363870582776
128.6753376688344	0.10042236075827421	0.20567337913319636
128.80840420210106	0.10054338786119352	0.2058826172425546
128.9414707353677	0.10073708367401021	0.2058196765020263
129.07453726863432	0.10089880061895456	0.20558085974110746
129.20760380190094	0.10054228863106725	0.20584829636079846
129.34067033516757	0.10088917177768995	0.2065386744035842
129.4737368684342	0.10128076254945408	0.2067514453861806
129.60680340170086	0.10149205929020463	0.20679792103789085
129.7398699349675	0.10130575025402402	0.20677367401238614
129.87293646823412	0.1010610495115963	0.20702443884609406
130.00600300150074	0.10099555118653782	0.20743901442168142
130.13906953476737	0.10081470191480701	0.20720023472619103
130.272136068034	0.10107575044598252	0.20632819962945098
130.40520260130066	0.10145879788523197	0.2058706438733171
130.5382691345673	0.10147328494063336	0.20568983995027412
130.67133566783392	0.10191546902200598	0.2057994024324972
130.80440220110054	0.1017960714262471	0.2059726869170369
130.93746873436717	0.10174691396073385	0.20542049143810076
131.0705352676338	0.10193020837304174	0.20506977957092168
131.20360180090046	0.10173115753957708	0.2048581655394857
131.3366683341671	0.10210652574688703	0.20499113222620505
131.46973486743371	0.10198984172777463	0.20483703923485677
131.60280140070034	0.10171837867826862	0.20474054262336933
131.73586793396697	0.10128529903702085	0.20557740656379775
131.8689344672336	0.10113153102778298	0.20594268320158785
132.00200100050026	0.10169799396131604	0.20561094088043316
132.1350675337669	0.10230043767377879	0.2057634170668376
132.26813406703351	0.10210277873173165	0.20586403262224776
132.40120060030014	0.1018417682629746	0.2052250403778423
132.53426713356677	0.10234383620223989	0.20526257958650154
132.6673336668334	0.10248667450759517	0.20614506433302793
132.80040020010006	0.10233539470814615	0.20584298575521462
132.93346673336669	0.10244408226816483	0.20530805775408031
133.06653326663331	0.10297669629224046	0.20544757687210088
133.19959979989994	0.1031328015607249	0.20515487846166428
133.33266633316657	0.10312995405928253	0.20520856669210066
133.4657328664332	0.10337962872909356	0.20531623226024268
133.59879939969986	0.1033026168620566	0.20503349146111643
133.73186593296649	0.10318914129220877	0.20516083191831777
133.8649324662331	0.10306764858138294	0.20499099569615328
133.99799899949974	0.10277445513027669	0.20499617021233957
134.13106553276637	0.10242266771249907	0.2051476512189357
134.264132066033	0.10209656084757492	0.2049253632344419
134.39719859929966	0.10221692582627781	0.20502789800696172
134.53026513256629	0.10210237403693997	0.20517006975162244
134.6633316658329	0.10197997906254501	0.2057417864264114
134.79639819909954	0.10187324701993765	0.206303018233938
134.92946473236617	0.10174818366607527	0.20635604564382512
135.0625312656328	0.10169786402778769	0.20599302823250426
135.19559779889946	0.10129607327703917	0.20590534209609374
135.32866433216608	0.10111251085394345	0.2058727330862143
135.4617308654327	0.10122687757728242	0.2053478183640431
135.59479739869934	0.10137945744107538	0.20567385391785428
135.72786393196597	0.10149081829091568	0.20568090388390656
135.8609304652326	0.10146414537178557	0.20501381271793087
135.99399699849926	0.10126731022957658	0.20489158541767166
136.12706353176588	0.10159005681980207	0.20512941322664932
136.2601300650325	0.101834600568102	0.20496798979903025
136.39319659829914	0.101881286710967	0.20468760567449354
136.52626313156577	0.10233099042861055	0.2039518257665542
136.65932966483243	0.10212784761099397	0.20348418925301806
136.79239619809906	0.10186932498267882	0.20372205104844696
136.92546273136568	0.10208300790949126	0.20412797883593004
137.0585292646323	0.10158102491701125	0.20367677667835163
137.19159579789894	0.10128427959821415	0.20297523519256608
137.32466233116557	0.10182080057117661	0.20323148137983618
137.45772886443223	0.10207828358642164	0.20308065420664878
137.59079539769886	0.10212659862632446	0.20311428272732637
137.72386193096548	0.10236081112703323	0.2030961833979084
137.8569284642321	0.10296571095944924	0.20352133591700977
137.98999499749874	0.10359375788402567	0.20401726647172616
138.12306153076537	0.103833751059882	0.2036561603799693
138.25612806403203	0.10405769867610014	0.20359603603378243
138.38919459729865	0.104031192937193	0.2031752758008642
138.52226113056528	0.10407134951289916	0.20328815573367584
138.6553276638319	0.10431640662721152	0.2037139694358922
138.78839419709854	0.10411507955504205	0.20341323726580737
138.92146073036517	0.1040650177255318	0.20363056281044034
139.05452726363183	0.1041877773392984	0.20418603784318556
139.18759379689845	0.10412808927088726	0.20444436798986357
139.32066033016508	0.10372865225423207	0.2051929074783273
139.4537268634317	0.10344779012250772	0.20543313845741448
139.58679339669834	0.10362009151410649	0.20544137552660235
139.71985992996497	0.10357713575425953	0.20586194351773177
139.85292646323163	0.10318349571724043	0.2059070216973441
139.98599299649825	0.10335407151934309	0.20598433916191772
140.11905952976488	0.10368140884020276	0.20588740881632883
140.2521260630315	0.10333276186914159	0.20606763279555565
140.38519259629814	0.10315250373781747	0.20667278885184145
140.51825912956477	0.10333326018817121	0.20706925839041695
140.65132566283143	0.10338441296770151	0.20655643424469208
140.78439219609805	0.10322391409384349	0.20640301659547414
140.91745872936468	0.1034390649777691	0.20685144379891054
141.0505252626313	0.10360442737208937	0.2066667463996029
141.18359179589794	0.10365271402899513	0.2068457791969528
141.31665832916457	0.10374076065924712	0.20724426783667316
141.44972486243122	0.10383438225486756	0.20693314399093693
141.58279139569785	0.10351211623166827	0.20685661418642948
141.71585792896448	0.10342563053996406	0.20714228503097223
141.8489244622311	0.10393340205146362	0.20732303687875522
141.98199099549774	0.10375560074346622	0.2072691483779343
142.11505752876437	0.10320449690780184	0.20742499558882208
142.24812406203102	0.1030157855745035	0.2079724064274964
142.38119059529765	0.10322451698022185	0.20838177987616638
142.51425712856428	0.10340537413587993	0.20793256104675525
142.6473236618309	0.1034105466676748	0.20772586615949276
142.78039019509754	0.10358188430276041	0.20830032308281585
142.91345672836417	0.10361245755600938	0.2091436382472171
143.04652326163082	0.10376607199690059	0.20873678485436906
143.17958979489745	0.10353076884945622	0.20762475465292826
143.31265632816408	0.10312157230824594	0.20705969017222575
143.4457228614307	0.10352174145466114	0.20683138111150856
143.57878939469734	0.10382205209121656	0.2065766175751037
143.71185592796397	0.10379233858456365	0.20613154126265382
143.84492246123062	0.10344738901777135	0.20580798046045173
143.97798899449725	0.10347221618094184	0.2063924710603936
144.11105552776388	0.10357933978831102	0.20636081971964945
144.2441220610305	0.10303879001926265	0.20643722631400652
144.37718859429714	0.10268871816184097	0.20686824427006553
144.51025512756377	0.10238337169426326	0.20661217699218656
144.64332166083042	0.102491520255551	0.20580494733937407
144.77638819409705	0.10278025580669647	0.20549405431627923
144.90945472736368	0.10268589189634664	0.20626125320216146
145.0425212606303	0.10256715981539846	0.20676329849594355
145.17558779389694	0.10225541643549577	0.2069921693751366
145.30865432716357	0.10229903950288687	0.20742652981069862
145.44172086043022	0.1024513469487527	0.20750839292192202
145.57478739369685	0.10252492465101698	0.20711601557457887
145.70785392696348	0.10282942852677188	0.20707004411565796
145.8409204602301	0.10309138379850454	0.20738328268600856
145.97398699349674	0.10269844915818159	0.20769343811479332
146.10705352676337	0.10240057774557966	0.20814163610624717
146.24012006003002	0.10260843033924943	0.20836914304620946
146.37318659329665	0.10258610244870799	0.2079131888145215
146.50625312656328	0.1024621080660683	0.2072864495160073
146.6393196598299	0.10207881127705458	0.20743605629044384
146.77238619309654	0.1019053204714036	0.20767776205289992
146.90545272636317	0.1019834034680388	0.20749632038052812
147.03851925962982	0.10200847000821105	0.20749250907488245
147.17158579289645	0.1023944346339514	0.20725833205116378
147.30465232616308	0.10276967559072146	0.2068197467190781
147.4377188594297	0.10280676806217963	0.2062102828614507
147.57078539269634	0.10279831392245328	0.20582069326005703
147.70385192596297	0.10287477493271976	0.2061580099344197
147.83691845922962	0.10231428668142924	0.20590529992369944
147.96998499249625	0.10241475243692316	0.2064282754901161
148.10305152576288	0.10214188661040453	0.20672959505570157
148.2361180590295	0.1018715627261957	0.20620768913888476
148.36918459229614	0.10252813662572226	0.2061834375251948
148.50225112556276	0.10273132226092248	0.20660001350482204
148.63531765882942	0.10274403295027124	0.20671392158460056
148.76838419209605	0.10296607677882967	0.20677552150724346
148.90145072536268	0.10305298388923194	0.20687777053735518
149.0345172586293	0.10308703825745232	0.20753535001075357
149.16758379189594	0.10319631128358608	0.20774307109421566
149.30065032516256	0.10357843409493478	0.2078071545812631
149.43371685842922	0.10380081951852714	0.20814789355914637
149.56678339169585	0.10377025839211851	0.20767056421075095
149.69984992496248	0.1037016301499844	0.20699013074731784
149.8329164582291	0.10393256807200371	0.20645757133688145
149.96598299149574	0.10402947145801487	0.2067719776790418
150.09904952476236	0.10376553859226799	0.2066196295212035
150.23211605802902	0.1039466801549439	0.2058160532117606
150.36518259129565	0.10445016556064335	0.20592355090102304
150.49824912456228	0.10486790765581248	0.20622281673768864
150.6313156578289	0.10505998084772224	0.2065652177981357
150.76438219109554	0.10515059493729603	0.20678562828148764
150.89744872436216	0.10527499381391849	0.2071759383574607
151.03051525762882	0.10522163051334964	0.20708553043249767
151.16358179089545	0.10480327241005635	0.20705965664741338
151.29664832416208	0.10510400075872986	0.20762670098890806
151.4297148574287	0.10539237633763561	0.20750972304381846
151.56278139069533	0.10481053297719489	0.20760855932314473
151.69584792396196	0.10474132551404802	0.2078390654612275
151.82891445722862	0.10456060622523441	0.20769255335565626
151.96198099049525	0.10485384533360781	0.2077802857971139
152.09504752376188	0.10467655467120036	0.20798879087484615
152.2281140570285	0.10467278983443044	0.20784262181423024
152.36118059029513	0.10491775773782938	0.2069579030896259
152.49424712356176	0.10462364200934075	0.20658574002219846
152.62731365682842	0.10450107084950387	0.20658820205161185
152.76038019009505	0.10464483233627771	0.2072338231826597
152.89344672336168	0.10447374108668997	0.20733995941432892
153.0265132566283	0.10412026792695318	0.2073565260428673
153.15957978989493	0.10406690252024475	0.20775607551745726
153.2926463231616	0.10427808878763797	0.20754690387033403
153.42571285642822	0.10444453419873528	0.20751086998429066
153.55877938969485	0.10465731579881846	0.20776491447263695
153.69184592296148	0.10482250752964278	0.2076864892728588
153.8249124562281	0.10542149002376813	0.20760695280861594
153.95797898949473	0.10587618589869521	0.20788767351893564
154.0910455227614	0.1060454584510675	0.20757497281173423
154.22411205602802	0.10555231119818796	0.2074116297244358
154.35717858929465	0.10504420006989583	0.20719697070845947
154.49024512256128	0.10502120922711684	0.20676593846162908
154.6233116558279	0.10484000360634663	0.20678006939711555
154.75637818909453	0.10463882002421931	0.2069493899271806
154.8894447223612	0.10501541360085113	0.20737635571519966
155.02251125562782	0.1052751872217649	0.20732084504510198
155.15557778889445	0.10540476982606768	0.20691468249034378
155.28864432216108	0.1055744044049578	0.20698938065395237
155.4217108554277	0.10580090224064456	0.206974035907045
155.55477738869433	0.10594521204887418	0.20701930500198598
155.687843921961	0.1059718433457329	0.20703553430857272
155.82091045522762	0.10610239981494445	0.20659344131973933
155.95397698849425	0.10611982711889062	0.20654971863121854
156.08704352176088	0.10598254513826391	0.20673920472552398
156.2201100550275	0.10623124072675073	0.2069174072211002
156.35317658829413	0.1066712653249121	0.20738488861887724
156.4862431215608	0.10666005561456855	0.20740201897815896
156.61930965482742	0.1063493405550196	0.20668820810899383
156.75237618809405	0.10654534054486571	0.20655840289035263
156.88544272136068	0.10649420533660332	0.2063788841007653
157.0185092546273	0.10656729500619082	0.20666753803730561
157.15157578789393	0.10689283101866837	0.2069653241901772
157.2846423211606	0.10677539564515538	0.20724718965712466
157.41770885442722	0.10655191709861682	0.2070013325709697
157.55077538769385	0.10682195527610726	0.2069931401154881
157.68384192096048	0.10716996856000306	0.20753062810250575
157.8169084542271	0.1068985141715928	0.20783026297781743
157.94997498749373	0.10683109221304524	0.20744431124803675
158.0830415207604	0.10677920224004718	0.20741255617396653
158.21610805402702	0.10618638366482545	0.20768968035581079
158.34917458729365	0.10590711570752333	0.2078278025392507
158.48224112056027	0.10596305649689494	0.20832272918940875
158.6153076538269	0.10602887675620731	0.20834599270440576
158.74837418709353	0.106117037077571	0.20747961316648877
158.8814407203602	0.10616083150841969	0.20731490312830872
159.01450725362682	0.10651631816892404	0.2078887724716083
159.14757378689345	0.10666483582784843	0.20821789770699242
159.28064032016007	0.10635876505405487	0.2082262137333485
159.4137068534267	0.10637083602991938	0.20769844435810988
159.54677338669333	0.10667435466140011	0.20751756045077507
159.67983991996	0.10710633222544015	0.20733719857980668
159.81290645322662	0.10754271850872843	0.20744620074860853
159.94597298649325	0.10729956798725862	0.20707899703614752
160.07903951975987	0.1072063377960937	0.2063908630885803
160.2121060530265	0.10715838855976201	0.20658751383782373
160.34517258629313	0.10692179404928763	0.20646572761498452
160.4782391195598	0.10650670840942397	0.20620414420361702
160.61130565282642	0.10674426884973497	0.20606958959634827
160.74437218609305	0.10685869545147522	0.2062137051045548
160.87743871935967	0.10678554088714229	0.2065736032772567
161.0105052526263	0.10671335082192136	0.20664601058470583
161.14357178589293	0.1062512272605109	0.20631650875129692
161.2766383191596	0.10579508265645084	0.20639632536018215
161.40970485242622	0.10582086181935307	0.206186236197143
161.54277138569284	0.10557788963365289	0.20597689212472675
161.67583791895947	0.10542481805555808	0.2059565210526259
161.8089044522261	0.10523545770585405	0.20652408481169673
161.94197098549273	0.1051409008333692	0.2066233650262769
162.0750375187594	0.10544086812389969	0.20636992679095595
162.20810405202602	0.10550996830548949	0.20623242513499174
162.34117058529264	0.10564842928977942	0.20612908015996811
162.47423711855927	0.10590785079888468	0.20582146075383714
162.6073036518259	0.10646257486801777	0.20593196865776212
162.74037018509253	0.1064137101802031	0.20635453576245588
162.8734367183592	0.10621723389082784	0.20658839595933554
163.00650325162582	0.1063112864727302	0.20703479572597838
163.13956978489244	0.10651606121641756	0.2067582370478132
163.27263631815907	0.10673700526986865	0.20631375747760577
163.4057028514257	0.10702605885179607	0.20669817428744394
163.53876938469233	0.10714050832815525	0.20721436692702178
163.671835917959	0.10666147563836433	0.20752177245684725
163.80490245122562	0.106290630337745	0.20727700590326983
163.93796898449224	0.10647996141878395	0.20760062591014727
164.07103551775887	0.10669475995278015	0.20754763401732607
164.2041020510255	0.1063986338968938	0.2070130249321845
164.33716858429213	0.1063680998633709	0.20667056507151058
164.4702351175588	0.10657753196647084	0.20657293413679628
164.60330165082541	0.10722690674586804	0.20670609451231514
164.73636818409204	0.1074585626090865	0.20671493613539088
164.86943471735867	0.10735332832103664	0.20669124779504738
165.0025012506253	0.10706608587639038	0.2070479583277931
165.13556778389193	0.10700728398782298	0.2068299376989309
165.2686343171586	0.10692299642367183	0.20641535669073896
165.40170085042521	0.10700188590400597	0.20634806417599866
165.53476738369184	0.10748097602748662	0.20641970818376543
165.66783391695847	0.10770624262840468	0.20647085358223882
165.8009004502251	0.10768267258062707	0.20720651936833753
165.93396698349173	0.10752519979341167	0.2075898631831507
166.06703351675839	0.10743229695253455	0.2077531612510754
166.20010005002501	0.10744959913183694	0.2080885574600403
166.33316658329164	0.10719906178919254	0.2083489309069142
166.46623311655827	0.10723917213064323	0.20894625861275024
166.5992996498249	0.10724207838954124	0.20912389990585567
166.73236618309153	0.10702436977912436	0.2090842744981858
166.86543271635819	0.10665221341493486	0.20965237705008993
166.9984992496248	0.10695077681253644	0.20939861877480423
167.13156578289144	0.10732055985804538	0.2093771505065417
167.26463231615807	0.10757853239293363	0.20948319896247036
167.3976988494247	0.1075817857020944	0.20948712934977282
167.53076538269133	0.10717869052737941	0.2101637112770229
167.66383191595799	0.10713627150875156	0.21014461450655103
167.7968984492246	0.10741345419518582	0.21019290779740366
167.92996498249124	0.10710137515233348	0.21031860478556305
168.06303151575787	0.10700908423114851	0.21032519750764617
168.1960980490245	0.10717977301968964	0.21076273566047768
168.32916458229113	0.10701911681433642	0.21171575826802413
168.46223111555778	0.10672793451867872	0.21152265858075525
168.5952976488244	0.10667284196920715	0.21165890270475318
168.72836418209104	0.10667809979027038	0.21137842582693622
168.86143071535767	0.10686591444363136	0.21107246180482686
168.9944972486243	0.10656208171884163	0.2116269992590015
169.12756378189093	0.10645487895523148	0.21155096223233252
169.26063031515758	0.10697066143085529	0.21058053544745403
169.3936968484242	0.10713832854307102	0.21031386036060976
169.52676338169084	0.10700162909501211	0.2102156185899841
169.65982991495747	0.10699259852471828	0.20981350245462044
169.7928964482241	0.10707691656656014	0.20973935693681636
169.92596298149073	0.10715007107799843	0.20938293574463254
170.05902951475738	0.10701604450868445	0.20967303134987558
170.192096048024	0.10706614931567184	0.21000883031945922
170.32516258129064	0.10738504697302678	0.2101537328592896
170.45822911455727	0.10747305978698217	0.20936413671038728
170.5912956478239	0.10730338092480475	0.20875434669389425
170.72436218109056	0.10750787477672778	0.20920482388070907
170.85742871435718	0.10752886577707789	0.20907920184205173
170.9904952476238	0.10736357487019309	0.20858536993797863
171.12356178089044	0.1074865961721862	0.20879723561031105
171.25662831415707	0.10773593974166257	0.20881728005323172
171.3896948474237	0.1079257468668238	0.2084154387718948
171.52276138069035	0.10782220559587628	0.20789149373579366
171.65582791395698	0.10782569140650314	0.20795423850412664
171.7888944472236	0.1081246396673244	0.20847701092717955
171.92196098049024	0.10880299790052406	0.20816337954375033
172.05502751375687	0.10860054280862581	0.2077325325835693
172.1880940470235	0.10876744688457486	0.2079075017843742
172.32116058029015	0.10871187822022205	0.20773855256111767
172.45422711355678	0.10891245228246373	0.2079466036689519
172.5872936468234	0.10860526040764532	0.20849138706132977
172.72036018009004	0.10834491397974844	0.20858758898119237
172.85342671335667	0.10846143014650263	0.20900962496495404
172.9864932466233	0.1087158759615911	0.2086908025643155
173.11955977988995	0.10882678683277462	0.2082191411097244
173.25262631315658	0.10864850322912575	0.2086308046127618
173.3856928464232	0.10864837960073014	0.20918416827026642
173.51875937968984	0.1086094963213415	0.2090928781390688
173.65182591295647	0.10877670262246271	0.20916586091567
173.7848924462231	0.10885190345669285	0.20918654319736438
173.91795897948975	0.10856101836023845	0.20936153211550304
174.05102551275638	0.1086150386645399	0.21007911506565258
174.184092046023	0.10884886564950703	0.21080296316547542
174.31715857928964	0.10828435548206719	0.21072362034280204
174.45022511255627	0.10766254527161648	0.21012284798658792
174.5832916458229	0.107635966226508	0.21001025283859467
174.71635817908955	0.10796399655092519	0.21054043862156333
174.84942471235618	0.10787058441609937	0.20971889099777338
174.9824912456228	0.10760181289550404	0.20936212804088758
175.11555777888944	0.10734248618082477	0.20988649509219354
175.24862431215607	0.10714695898626966	0.20976592907118746
175.3816908454227	0.10760026911548168	0.2089205398565347
175.51475737868935	0.10759441263628863	0.20899568016902806
175.64782391195598	0.10748914275810206	0.20990361052826384
175.7808904452226	0.10755934060931388	0.21012961183652862
175.91395697848924	0.10773970827954192	0.2099414835213542
176.04702351175587	0.10744552194672481	0.21000224869621312
176.1800900450225	0.10750266171115026	0.21039536080059654
176.31315657828915	0.10718929932357674	0.20977677749014814
176.44622311155578	0.10705121020781358	0.2105575047102694
176.5792896448224	0.10719039937748374	0.21144443028399854
176.71235617808904	0.10734930880899118	0.21137821893055778
176.84542271135567	0.10722503076923305	0.21166572725970872
176.9784892446223	0.1068245867568791	0.21113530363292698
177.11155577788895	0.10681091346875854	0.21085939476129106
177.24462231115558	0.10703143031511649	0.2105673683456344
177.3776888444222	0.10713257681967608	0.2108149402363108
177.51075537768884	0.10686360214622065	0.211115000623506
177.64382191095547	0.10677716651480273	0.2112198290825599
177.7768884442221	0.10664422262179606	0.21139609132513412
177.90995497748875	0.10656991635374483	0.21110636448797868
178.04302151075538	0.10666151934382422	0.21109292463997967
178.176088044022	0.10672356838756883	0.2116486395189808
178.30915457728864	0.10659032230486022	0.2116910513818107
178.44222111055527	0.10628129297406881	0.2117308002089855
178.5752876438219	0.10653760923069418	0.2113025618923582
178.70835417708855	0.10705426663430698	0.2114284891453805
178.84142071035518	0.10712075963917322	0.21159812964075794
178.9744872436218	0.10719627802573421	0.21147260214186914
179.10755377688844	0.10725338671331423	0.21136112995683123
179.24062031015507	0.10719317677567242	0.21100047610090622
179.3736868434217	0.10670176745830069	0.21067211805291358
179.50675337668835	0.10692455178297605	0.21005315013722428
179.63981990995498	0.10719715950053539	0.21008797907872337
179.7728864432216	0.106922472302903	0.2103767550391472
179.90595297648824	0.10684190946671045	0.2105347445685424
180.03901950975487	0.10725530764966067	0.21102296226106546
180.1720860430215	0.10740492537763066	0.21134521320086863
180.30515257628815	0.10737618125837324	0.211247223340735
180.43821910955478	0.10755908259874297	0.21139248630014706
180.5712856428214	0.10743661096689004	0.21084995471290655
180.70435217608804	0.10754896325669025	0.21131010118190943
180.83741870935467	0.10785108223664572	0.21143549127773206
180.9704852426213	0.10808993717325	0.21088201300875373
181.10355177588795	0.10809856579730014	0.21061380175276895
181.23661830915458	0.1081115772427418	0.21085561424577526
181.3696848424212	0.10787035052565774	0.21091392556899974
181.50275137568784	0.10782312772812538	0.21077495966649934
181.63581790895446	0.10758843594430206	0.2096902168568486
181.7688844422211	0.10722733867722099	0.20958743128390822
181.90195097548775	0.10745565092903231	0.20986209542952686
182.03501750875438	0.10809757647593593	0.21005074063568344
182.168084042021	0.10865897496245745	0.2100175110327591
182.30115057528764	0.10862940642933723	0.21026011271406278
182.43421710855426	0.10845615490368515	0.21065613449230502
182.5672836418209	0.10841671240483239	0.2110723348037346
182.70035017508755	0.10847717879306963	0.21032790321184308
182.83341670835418	0.10887484064107883	0.21057949348209673
182.9664832416208	0.10859709013964698	0.21093025793645523
183.09954977488744	0.10886451164388782	0.21023764855292384
183.23261630815406	0.10889338071504874	0.21018807926180413
183.3656828414207	0.10838377530623357	0.20976517491396976
183.49874937468735	0.10820256667848044	0.20948314109956406
183.63181590795398	0.1080805117999123	0.20955233286253716
183.7648824412206	0.1085275119860213	0.20922054244671823
183.89794897448724	0.10869577589939643	0.20870477772388052
184.03101550775386	0.10857343617889442	0.2082708141846168
184.1640820410205	0.10861274556481564	0.20851001712267572
184.29714857428715	0.10882092270918692	0.20824943331899556
184.43021510755378	0.10892928448523548	0.20848351297738799
184.5632816408204	0.10892266938464036	0.20859080300725724
184.69634817408703	0.10903382056847813	0.20801265727464466
184.82941470735366	0.10866641847765746	0.20785848393478562
184.9624812406203	0.10880984438422078	0.20781135092225048
185.09554777388695	0.10870513618166741	0.20722595208207148
185.22861430715358	0.10892113848818402	0.2069685363410041
185.3616808404202	0.1089883368680479	0.20682128564896055
185.49474737368683	0.1088122425217996	0.20680620625677612
185.62781390695346	0.10928320539689547	0.2067723232745761
185.7608804402201	0.10938158365108415	0.20675337427221213
185.89394697348675	0.10944173798288123	0.2063767078238864
186.02701350675338	0.10939556334253864	0.20677512394679823
186.16008004002	0.10917936773009422	0.20672946841445936
186.29314657328663	0.10900319858613701	0.20677463488490627
186.42621310655326	0.10882233957434596	0.2065802875532084
186.5592796398199	0.10885838634027968	0.20720493277172022
186.69234617308655	0.10939396451335473	0.20726409711766908
186.82541270635318	0.10963028574408289	0.2066391148193102
186.9584792396198	0.109316129120351	0.20721322348246307
187.09154577288643	0.10919583224251564	0.20686020627773308
187.22461230615306	0.10899618912393393	0.20646723066911196
187.3576788394197	0.10914538285864134	0.2058726363188714
187.49074537268635	0.10916010876938718	0.20636835561604194
187.62381190595298	0.10903447222261181	0.20685794730717827
187.7568784392196	0.10911000919201548	0.20702003027240445
187.88994497248623	0.10932049429373293	0.20636347944519384
188.02301150575286	0.10915717471475246	0.20617271935458276
188.15607803901952	0.1093155386680043	0.20638216681543162
188.28914457228615	0.10947957826629845	0.20629012357369708
188.42221110555278	0.10939499980623067	0.20618281870527674
188.5552776388194	0.1095808587160899	0.2062123988992822
188.68834417208603	0.10943213151685163	0.20622727460575083
188.82141070535266	0.10903257894634871	0.20634606353746085
188.95447723861932	0.10911341002940844	0.20623426798356945
189.08754377188595	0.10937718952135926	0.20607814058210924
189.22061030515258	0.11006704425591575	0.20543249237028122
189.3536768384192	0.10996625727238026	0.2055310275820726
189.48674337168583	0.10963597422802608	0.20546061400975144
189.61980990495246	0.10968003724801602	0.20509642680121537
189.75287643821912	0.10950250658851372	0.20567732130979458
189.88594297148575	0.11005478237463022	0.20550720059971553
190.01900950475238	0.11007960280475071	0.2049259567045523
190.152076038019	0.10968749585611787	0.2048631361590786
190.28514257128563	0.1092045355204428	0.20557547710483268
190.41820910455226	0.10942870979068328	0.2063624281574708
190.55127563781892	0.11004583465371827	0.20630273159541235
190.68434217108555	0.10946630947970847	0.20600878726519775
190.81740870435218	0.10904362035755019	0.20679241757500308
190.9504752376188	0.10892467519312733	0.2067168747126645
191.08354177088543	0.10983062496630143	0.20697645433609277
191.21660830415206	0.1102408578207478	0.20677895039939231
191.34967483741872	0.11054263930764399	0.2069460418780645
191.48274137068535	0.11068622086837455	0.20722548101684632
191.61580790395197	0.11052765037946716	0.20745372716528362
191.7488744372186	0.11117677585536373	0.20738160505572595
191.88194097048523	0.11125696595295552	0.20760830420106435
192.01500750375186	0.11108988160142977	0.20763916626429954
192.14807403701852	0.11110001990160741	0.20761390461205123
192.28114057028515	0.1111146297906495	0.20786164354430686
192.41420710355177	0.1113342543092181	0.20816477810400932
192.5472736368184	0.11079264783064934	0.20825596509126967
192.68034017008503	0.11053046654193462	0.20833498879050025
192.81340670335166	0.1108558518214345	0.20854318823619106
192.94647323661832	0.11060019791703007	0.20800934877797167
193.07953976988495	0.11018887861858825	0.207153703211073
193.21260630315157	0.11017320471636027	0.2068624325424475
193.3456728364182	0.11040197734180557	0.20717068626581084
193.47873936968483	0.1100617518398377	0.20708976390734488
193.61180590295146	0.1098846926632508	0.2071030228102584
193.74487243621812	0.10990772175196578	0.2070012393347096
193.87793896948475	0.11003594492278637	0.20754810786412634
194.01100550275137	0.11012115777199978	0.20784292413392777
194.144072036018	0.11012753600448319	0.2076854842038591
194.27713856928463	0.1102392755435656	0.20808866169531032
194.41020510255126	0.11034643014509429	0.20796783098468927
194.54327163581792	0.11038908796832445	0.20854662938618707
194.67633816908454	0.11026216483271063	0.20784216194399147
194.80940470235117	0.11067922741407046	0.2079009874604223
194.9424712356178	0.11077526170486202	0.20814861711971588
195.07553776888443	0.11107620154620636	0.20776279916345083
195.20860430215106	0.11112668746125053	0.20769248168887905
195.34167083541772	0.11115400632773174	0.208075690320792
195.47473736868434	0.11118481093583675	0.20788939079858465
195.60780390195097	0.11107257283580486	0.2081306245177495
195.7408704352176	0.11088675614305173	0.20764779642946968
195.87393696848423	0.11067845289726805	0.20716629546697093
196.00700350175086	0.11051096814736082	0.20667217297441337
196.14007003501752	0.11023771121779459	0.20721765753464966
196.27313656828414	0.11005768357803444	0.2073110805916437
196.40620310155077	0.11014817170501491	0.2079011844295193
196.5392696348174	0.11045393566488838	0.20814496021796894
196.67233616808403	0.11090000047769223	0.2084132623298561
196.80540270135066	0.11105934993992904	0.20843198404744326
196.93846923461732	0.11098392573783994	0.20872300966673935
197.07153576788394	0.1106333740871124	0.20879832803749843
197.20460230115057	0.11060775542564286	0.20851780399694542
197.3376688344172	0.1108432088984173	0.2086824927726039
197.47073536768383	0.11057325746724994	0.20859465785481615
197.60380190095046	0.11063932442188643	0.20831244936620003
197.73686843421712	0.1103378159146961	0.20843376261645633
197.86993496748374	0.109663568753913	0.20829379923866642
198.00300150075037	0.10900073436266863	0.2089698880446698
198.136068034017	0.1092142183756326	0.208800867380121
198.26913456728363	0.10938162487485598	0.20848258556925944
198.40220110055026	0.10924401229217155	0.2085441486696941
198.53526763381691	0.10932551996126022	0.20796230417535472
198.66833416708354	0.10941301485942653	0.2082975214920317
198.80140070035017	0.10908498548993487	0.2077829190869446
198.9344672336168	0.10903139324842437	0.20736847882998813
199.06753376688343	0.10904404903172074	0.20663185781119958
199.20060030015006	0.10890699921825849	0.20689592718533462
199.33366683341671	0.10889033876735324	0.20661470695415388
199.46673336668334	0.10906002222941726	0.20673565651671338
199.59979989994997	0.10885537278876775	0.20678623501071836
199.7328664332166	0.10878949794297044	0.20592347036586792
199.86593296648323	0.10885788340233664	0.20613487825098556
199.99899949974986	0.10883171311772129	0.20692866719920627
200.1320660330165	0.10875133705206988	0.20714426118717302
200.26513256628314	0.1086526906225359	0.20726327891080368
200.39819909954977	0.10862489698571767	0.2075219972540501
200.5312656328164	0.10854742241425959	0.20835956042598583
200.66433216608303	0.10853504498466195	0.20788459107353924
200.79739869934966	0.10880151151314747	0.2083250228994485
200.9304652326163	0.1091774371415147	0.20812567007192803
201.06353176588294	0.10895685705482239	0.20793043082884194
201.19659829914957	0.10882518393995946	0.20813960760856454
201.3296648324162	0.10853677490495925	0.20779648519130733
201.46273136568283	0.10857569678486984	0.20817209171718948
201.59579789894946	0.10878812022402749	0.20838559173910026
201.7288644322161	0.10895777860174757	0.20842436178486193
201.86193096548274	0.10861212256263132	0.20859172528911055
201.99499749874937	0.10885815453222199	0.20873239665216795
202.128064032016	0.10912371955823555	0.20838370219544644
202.26113056528263	0.10942211253350316	0.20799999526471272
202.39419709854926	0.10949396241094983	0.208136363119755
202.5272636318159	0.10959565125693917	0.20890462736711504
202.66033016508254	0.1091634986605964	0.208909169886154
202.79339669834917	0.10881544678590165	0.2091118861332066
202.9264632316158	0.10962257028827381	0.20900957814137394
203.05952976488243	0.1100633915541615	0.20857327364657333
203.19259629814906	0.1098032239254991	0.208298294559972
203.3256628314157	0.10951481727812715	0.20850956070534912
203.45872936468234	0.1093076007432201	0.20843217277088255
203.59179589794897	0.1094576424236964	0.20823859004908293
203.7248624312156	0.10970785832034982	0.20792294874442224
203.85792896448223	0.11000349689529923	0.2072024697264045
203.99099549774886	0.11022960727345009	0.20729462208870503
204.1240620310155	0.10996232466145973	0.20649917027862347
204.25712856428214	0.10999263708945377	0.20696768299918653
204.39019509754877	0.10943704739359818	0.20655585312340388
204.5232616308154	0.10974726355058204	0.20603295723802145
204.65632816408203	0.10977587000244783	0.2072062761146238
204.78939469734868	0.10989784588124685	0.2072441243479734
204.9224612306153	0.10977493047064649	0.20675062163709476
205.05552776388194	0.11009025644210188	0.20659714372509302
205.18859429714857	0.11042340259043448	0.20702681103550544
205.3216608304152	0.11035839010670084	0.2071588735538369
205.45472736368183	0.11045295264246004	0.20772831715488335
205.58779389694848	0.11094972226065529	0.20766981940196655
205.7208604302151	0.11102128700302774	0.2080095091661488
205.85392696348174	0.11095311249660748	0.2087277619620304
205.98699349674837	0.11123464546729815	0.20841928067337803
206.120060030015	0.11151796759783841	0.20783994999369967
206.25312656328163	0.11150506365930332	0.20751354789183746
206.38619309654828	0.11159189480071492	0.20714620980935083
206.5192596298149	0.1120595472998054	0.20688204723606538
206.65232616308154	0.11220708453986235	0.2069987382290165
206.78539269634817	0.11254166776895608	0.20755321880424196
206.9184592296148	0.1121881760864396	0.20700415604184522
207.05152576288143	0.11192775072831393	0.20720528738804916
207.18459229614808	0.11179533628939775	0.20698916905105855
207.3176588294147	0.11152615685495079	0.207388570626968
207.45072536268134	0.11152838145177467	0.20766646142362014
207.58379189594797	0.1114567102396058	0.207493986278694
207.7168584292146	0.11123540494779487	0.20734191871492677
207.84992496248123	0.1113890681674816	0.20787928305395054
207.98299149574788	0.11149068183882829	0.20787311438697156
208.1160580290145	0.11206487682063594	0.2076612347031845
208.24912456228114	0.11211221306141086	0.20799519325874533
208.38219109554777	0.11223024353499153	0.20832551062068347
208.5152576288144	0.11209619871743709	0.2076294754537408
208.64832416208102	0.11218596330631367	0.207643389458444
208.78139069534768	0.112010524223703	0.2078137369267761
208.9144572286143	0.11163424167077318	0.2074940715157371
209.04752376188094	0.11183779033640821	0.20727721127570875
209.18059029514757	0.11155178100660036	0.20729401170450465
209.3136568284142	0.11164308975009855	0.20753677106583462
209.44672336168082	0.11168468164299841	0.20764368357771706
209.57978989494748	0.11168818391260936	0.20808268295848623
209.7128564282141	0.11144420383678785	0.2076200757775351
209.84592296148074	0.11113101660052649	0.20811030376242007
209.97898949474737	0.11123702952519958	0.20825692389183273
210.112056028014	0.1111012748150625	0.20772325154067617
210.24512256128062	0.11097286310695907	0.20785198482844366
210.37818909454728	0.11096625654762846	0.2074383841892301
210.5112556278139	0.11135176048755624	0.20793973257861847
210.64432216108054	0.1117583886332363	0.2076426871175361
210.77738869434717	0.11221273081564968	0.20778327131481442
210.9104552276138	0.11208461127297116	0.20823239299581844
211.04352176088042	0.11217125927944173	0.20821585894991748
211.17658829414708	0.11239187156290152	0.2083906567361816
211.3096548274137	0.1126831478724995	0.208359285539137
211.44272136068034	0.1124768496611948	0.2073992222958298
211.57578789394697	0.11264542704251564	0.20781092863992895
211.7088544272136	0.11287654313041788	0.2083903236740052
211.84192096048022	0.11328528340114136	0.20871951262177818
211.97498749374688	0.11339006650764455	0.20852889553906911
212.1080540270135	0.11319388431480966	0.2089143928669298
212.24112056028014	0.11326420889073048	0.20907745716573825
212.37418709354677	0.11325029180043145	0.20876132013531917
212.5072536268134	0.11288471734259156	0.2082105166750988
212.64032016008002	0.11254512542462056	0.2079996663704344
212.77338669334668	0.11231558549003179	0.20774183664445142
212.9064532266133	0.11228906504550248	0.20738403658894258
213.03951975987994	0.11220432675600664	0.207429031924781
213.17258629314657	0.11175341337876775	0.2076120704641928
213.3056528264132	0.11167901688877725	0.20807523847735634
213.43871935967982	0.11122377660647759	0.2078604340138835
213.57178589294648	0.11074796013526828	0.20796947567569893
213.7048524262131	0.11084850622319942	0.20784573996522326
213.83791895947974	0.11119984508997126	0.2079479678891157
213.97098549274637	0.11116771159336589	0.20808408860565739
214.104052026013	0.11127336765958867	0.20793120749091487
214.23711855927962	0.11110152745856522	0.2071323140272594
214.37018509254628	0.11140442157989926	0.20704446802772508
214.5032516258129	0.11169818587954408	0.20713242040266694
214.63631815907954	0.11172686708404557	0.20718811373212315
214.76938469234616	0.11169173631774391	0.20731172478693294
214.9024512256128	0.11201530369328999	0.20680979593058674
215.03551775887942	0.11251659565142731	0.20692607526284001
215.16858429214608	0.11266665719118205	0.20656580189676105
215.3016508254127	0.11265527094336034	0.20666359543094057
215.43471735867934	0.11239193739862721	0.20625407850230695
215.56778389194596	0.11238445896447999	0.20612252153583935
215.7008504252126	0.11217940391121613	0.20660603889927576
215.83391695847922	0.11187659872409775	0.20742990975216233
215.96698349174588	0.11174557495120711	0.20734020717349508
216.1000500250125	0.11234260446739965	0.2069583559627818
216.23311655827914	0.11242098750477136	0.206075735720083
216.36618309154576	0.11297419601557697	0.20686236654611495
216.4992496248124	0.1134706736001917	0.20748868660592792
216.63231615807902	0.11354397392038479	0.2071114837707293
216.76538269134568	0.11322227282060908	0.207003433535879
216.8984492246123	0.1129069706226016	0.20705232341253668
217.03151575787894	0.11241351909380438	0.20693797833873995
217.16458229114556	0.11280345565151574	0.2067189566844213
217.2976488244122	0.11271348161453887	0.20597117755296396
217.43071535767882	0.1126913395436007	0.20569052839776145
217.56378189094548	0.11255985841540195	0.20598037343410167
217.6968484242121	0.11278057513832175	0.20532587277855796
217.82991495747874	0.11285282014020016	0.2060221661602427
217.96298149074536	0.1130652582521531	0.20662319745808294
218.096048024012	0.11300252698957174	0.2075726314719964
218.22911455727862	0.11303821692942366	0.20680700698571958
218.36218109054528	0.11341177858070633	0.207327303382927
218.4952476238119	0.11354955420743748	0.20773281519981998
218.62831415707853	0.11356073463275035	0.2085261839363935
218.76138069034516	0.1132788551664861	0.20796421784504068
218.8944472236118	0.11329482481993353	0.2078740104384544
219.02751375687842	0.11332815640507492	0.20780466640139406
219.16058029014508	0.1136763941594134	0.20779041710192409
219.2936468234117	0.11394797321661033	0.2080470921650912
219.42671335667833	0.11370822335131127	0.20861586619742487
219.55977988994496	0.11403221353408531	0.20886292156795228
219.6928464232116	0.11388122580852103	0.20855214513133374
219.82591295647822	0.11429682190216249	0.20856522214537804
219.95897948974488	0.11394068925898208	0.20910363169522583
220.0920460230115	0.11392113594606942	0.2092237358518192
220.22511255627813	0.11393172915572182	0.20944577245158724
220.35817908954476	0.11382688482456357	0.209645003347262
220.4912456228114	0.11375004085799155	0.2107362869175097
220.62431215607802	0.1131449597390163	0.2106713641990053
220.75737868934468	0.11286295282931247	0.2108255809261569
220.8904452226113	0.11292255512214745	0.21046652584518966
221.02351175587793	0.11272560191312848	0.21087353211863236
221.15657828914456	0.11267174806773883	0.2117189943021892
221.2896448224112	0.11274742591346823	0.21187720787272402
221.42271135567785	0.11237844013468141	0.21161583736981135
221.55577788894448	0.11255287732085098	0.2110903239037814
221.6888444222111	0.11193865339256949	0.21103230196037032
221.82191095547773	0.11174498225787717	0.2113509946839891
221.95497748874436	0.11194227190321591	0.2116725884943467
222.088044022011	0.11172887032796615	0.21198304201677667
222.22111055527765	0.11170259974992706	0.21137360709809558
222.35417708854428	0.11185560374657237	0.2120227818188854
222.4872436218109	0.11244097983713411	0.21170684108918134
222.62031015507753	0.11171563742105844	0.2122132053084709
222.75337668834416	0.11220714539498575	0.21232711661877843
222.8864432216108	0.1124873146544887	0.2124403357931373
223.01950975487745	0.11238543097128727	0.21232398488908183
223.15257628814408	0.11208634615470586	0.21266419878295847
223.2856428214107	0.11166348547367637	0.21237995683245633
223.41870935467733	0.11231479747871098	0.21212141842308396
223.55177588794396	0.11214317879865943	0.21279147290395764
223.6848424212106	0.1124089824683256	0.21251141914506438
223.81790895447725	0.11222173881222818	0.21226943961103814
223.95097548774388	0.11191880389182676	0.21227330825647606
224.0840420210105	0.11141421395275887	0.21224598682827434
224.21710855427713	0.11177140708637896	0.21233150692799066
224.35017508754376	0.11130214504487491	0.21247695305173456
224.4832416208104	0.11156916322973044	0.21226109225125134
224.61630815407705	0.11152007882422878	0.21218078090610373
224.74937468734367	0.11134353836190786	0.21214768021205951
224.8824412206103	0.11145673009821594	0.21209362266455997
225.01550775387693	0.111970325866268	0.21200997903067864
225.14857428714356	0.11204312593518306	0.21130182993893307
225.2816408204102	0.11192042893004478	0.21119881520730235
225.41470735367685	0.11139033443771551	0.21067403330968418
225.54777388694347	0.11100685984976874	0.21115091533972435
225.6808404202101	0.11145132293019544	0.21113046888420353
225.81390695347673	0.1113586332169006	0.21095119493947992
225.94697348674336	0.1115091406990727	0.21138448778583777
226.08004002001	0.11156691229950264	0.2113443611443637
226.21310655327665	0.11180681950163139	0.21136521380173823
226.34617308654327	0.11185603908524731	0.21178643961589697
226.4792396198099	0.11256655461592248	0.2123308525947042
226.61230615307653	0.11244844547120851	0.2124892849704755
226.74537268634316	0.11294425127017396	0.21267553674202322
226.8784392196098	0.11309112931616204	0.21217320889437463
227.01150575287645	0.11325146343925746	0.2123566595382521
227.14457228614307	0.11339350300217518	0.21189233164300275
227.2776388194097	0.11305850825824157	0.21185957185975066
227.41070535267633	0.11252367738912049	0.2116821837092843
227.54377188594296	0.11242583643555314	0.21140407819247545
227.6768384192096	0.11284168348471013	0.21165145337883828
227.80990495247624	0.11271197790595427	0.21175604851889615
227.94297148574287	0.11280225141592265	0.21148044494957927
228.0760380190095	0.11279790744264351	0.2109331842700385
228.20910455227613	0.11270719641854685	0.21095340676136265
228.34217108554276	0.11282093172492287	0.21052907659810577
228.4752376188094	0.11269081211789535	0.21024907051432834
228.60830415207604	0.11265784422772705	0.2104254329718002
228.74137068534267	0.11269155756885675	0.21057840987900314
228.8744372186093	0.11249062389145773	0.21096826616327274
229.00750375187593	0.11298193762171735	0.21153302407092783
229.14057028514256	0.11277467949680049	0.2114899488204669
229.2736368184092	0.11251040135933275	0.2120562275912384
229.40670335167584	0.1123602931501998	0.2120568762435142
229.53976988494247	0.11212535076139998	0.21226051852265562
229.6728364182091	0.11165364775805996	0.2123846502078605
229.80590295147573	0.11148921071769584	0.21288564937119187
229.93896948474236	0.11130762052518023	0.21296577388432464
230.072036018009	0.11137019669330817	0.21335973856742113
230.20510255127564	0.1113888159043823	0.21384086120041743
230.33816908454227	0.11135116333757984	0.2135082792385566
230.4712356178089	0.11123875462179358	0.21356965372875708
230.60430215107553	0.11124432416962977	0.21390437172193102
230.73736868434216	0.11137611751392489	0.21361950789242715
230.8704352176088	0.11181217334602227	0.21338600099031038
231.00350175087544	0.11131374854172996	0.21412548925788208
231.13656828414207	0.11148483564979653	0.2134697395821838
231.2696348174087	0.11112311376880142	0.21295616508441048
231.40270135067533	0.11117470771829574	0.21374603363925537
231.53576788394196	0.11155069096360264	0.21403898596081586
231.6688344172086	0.11139718804579095	0.21406222762967628
231.80190095047524	0.11137524015193731	0.21362727038551219
231.93496748374187	0.11056173872209771	0.21289913342456607
232.0680340170085	0.1108040035184872	0.2128059525013447
232.20110055027513	0.1114935596201814	0.21266432621391787
232.33416708354176	0.11218572903994252	0.21293121442200902
232.4672336168084	0.11236313062597351	0.21292728638182015
232.60030015007504	0.1121358922094792	0.21311668857499272
232.73336668334167	0.11276107846125052	0.21277354807644883
232.8664332166083	0.11302653324547844	0.2126009776549736
232.99949974987493	0.112739776858893	0.21178650663372148
233.13256628314156	0.11304044157290963	0.2122455727286505
233.26563281640819	0.11321110940465315	0.2132080130805936
233.39869934967484	0.11313085972993171	0.21321212346559867
233.53176588294147	0.11368389324372269	0.21289651790726893
233.6648324162081	0.11429354032638843	0.21228457104284543
233.79789894947473	0.11432723065736561	0.21293299862442794
233.93096548274136	0.11422956031355068	0.2125934080146638
234.06403201600799	0.114447021799798	0.21252884217480936
234.19709854927464	0.11432887930769418	0.21228155089845566
234.33016508254127	0.11403274350817179	0.2114571716471078
234.4632316158079	0.11437569517998802	0.21101149721637363
234.59629814907453	0.11421283277947589	0.21153602703968688
234.72936468234116	0.11436947529310484	0.21185983568018435
234.86243121560778	0.1143958638403867	0.21191339587977456
234.99549774887444	0.11423178023568482	0.21188902868975834
235.12856428214107	0.11449333551796839	0.21160710361247642
235.2616308154077	0.11436288243006144	0.2114200465365308
235.39469734867433	0.11453551336788081	0.2121636762563048
235.52776388194096	0.11484622224386798	0.21149786701174716
235.66083041520758	0.11518428078965597	0.21141378779835465
235.79389694847424	0.11533083001179863	0.2121895467076639
235.92696348174087	0.11522229600861428	0.21168870952746402
236.0600300150075	0.11524318648842294	0.2120098439777817
236.19309654827413	0.11512590921493827	0.21229084331013498
236.32616308154076	0.11529322102100652	0.21242528471453803
236.45922961480738	0.11514603795439353	0.21168951964687152
236.59229614807404	0.11476147158275787	0.21196561985498147
236.72536268134067	0.11466371515580298	0.2118513876427855
236.8584292146073	0.11482900003315673	0.21160575413432442
236.99149574787393	0.11417083776985543	0.21212605549511368
237.12456228114056	0.11437931759927969	0.2121794518782606
237.25762881440718	0.11454341208155772	0.2115284747240338
237.39069534767384	0.11497672704728912	0.21222723549465605
237.52376188094047	0.11475692183512838	0.21161889933084696
237.6568284142071	0.11475828010314995	0.21204395694097394
237.78989494747373	0.1148042061591313	0.2115620818910885
237.92296148074036	0.11462311399676661	0.2114543515709953
238.05602801400698	0.11440405865750172	0.21184527514456195
238.18909454727364	0.11447161269610193	0.2116090619155587
238.32216108054027	0.11451684499191789	0.21191871331559825
238.4552276138069	0.11431486801309432	0.2118346605993545
238.58829414707353	0.11415519562520517	0.2124043625149531
238.72136068034015	0.1144385898409362	0.21271077578247102
238.8544272136068	0.11382791633027962	0.21268884677227562
238.98749374687344	0.11407686712366084	0.21262892715858722
239.12056028014007	0.1136622300827237	0.21176580840449527
239.2536268134067	0.11358858921021751	0.21127722669375368
239.38669334667333	0.11331139052720272	0.21180469440811653
239.51975987993995	0.11359596216955588	0.21189749809771682
239.6528264132066	0.11322659965173205	0.21202121461319176
239.78589294647324	0.11334152845848294	0.2123801960622179
239.91895947973987	0.1132381918170981	0.21272202765212433
240.0520260130065	0.11328172339210323	0.2122394578122905
240.18509254627313	0.11358070321573553	0.21189923649691125
240.31815907953975	0.11321315311222277	0.21203649765914723
240.4512256128064	0.11319358393877875	0.21231044534518498
240.58429214607304	0.11350314039073695	0.21187360984462247
240.71735867933967	0.11328211048770594	0.2124520258236067
240.8504252126063	0.11305359893248858	0.21267487848788372
240.98349174587293	0.11340431011118642	0.21264152576545345
241.11655827913955	0.11334825613561816	0.2127506519419007
241.2496248124062	0.11373553013988805	0.2127892161309051
241.38269134567284	0.11405043878074533	0.212845049021417
241.51575787893947	0.11450793247825146	0.21194556537892917
241.6488244122061	0.11443464617616035	0.21151281347532733
241.78189094547272	0.11442508694697319	0.2108273739333135
241.91495747873935	0.11459742467655402	0.21041562336472375
242.048024012006	0.11447585867082626	0.21039485827986407
242.18109054527264	0.11480293288363029	0.20978769249178528
242.31415707853927	0.11461982914418177	0.2096936920007435
242.4472236118059	0.11454431852049828	0.20965102366776805
242.58029014507252	0.11468671248679271	0.2094440778382071
242.71335667833915	0.11484939562560953	0.20944042306990066
242.8464232116058	0.11452883963460019	0.20920361597006673
242.97948974487244	0.11448761945411308	0.20874844065497092
243.11255627813907	0.11434146224323433	0.20845592728182388
243.2456228114057	0.11434188863000515	0.20903151206033838
243.37868934467232	0.11449445404591717	0.20837071931989498
243.51175587793895	0.11471247023421109	0.2081327453137784
243.6448224112056	0.11532619464548126	0.20854045915535743
243.77788894447224	0.11553847303085761	0.20919720306074413
243.91095547773887	0.11522255432753471	0.20945712036988628
244.0440220110055	0.11503603064520723	0.20978082733391085
244.17708854427212	0.11509681422782245	0.20962706822364524
244.31015507753875	0.11467621060311536	0.20960927634822082
244.4432216108054	0.11437537905714992	0.20969639008812113
244.57628814407204	0.11409268111547598	0.21016539687211772
244.70935467733867	0.11414173388065851	0.21018532564968812
244.8424212106053	0.11384467064459708	0.21041228732112202
244.97548774387192	0.11405331724348966	0.21050253003682626
245.10855427713855	0.11349455966818482	0.210414756834769
245.2416208104052	0.11359140708468855	0.2102690806052879
245.37468734367184	0.11336021322147356	0.20967465037914798
245.50775387693847	0.11310840272934064	0.2099360831196253
245.6408204102051	0.11282222111391324	0.21011704041461127
245.77388694347172	0.112702703526127	0.21018542683234406
245.90695347673835	0.1130712943614994	0.21018802542075235
246.040020010005	0.11352027795952131	0.21015691436209044
246.17308654327164	0.11345070647531649	0.20987509490458234
246.30615307653827	0.11348601506508715	0.20976567457473136
246.4392196098049	0.11339270535951376	0.2098471619243941
246.57228614307152	0.11322248789388711	0.20997816131080585
246.70535267633815	0.1133856358344007	0.21016852590852172
246.8384192096048	0.1134329037118014	0.21040819530128405
246.97148574287144	0.11333391029162579	0.21029584107268234
247.10455227613807	0.11392493895661195	0.21048029183402303
247.2376188094047	0.11402421971047982	0.21006729930849335
247.37068534267132	0.11454866601067613	0.2097614830544146
247.50375187593795	0.11448292791614352	0.2095688738666314
247.6368184092046	0.11423564837312	0.20971344028055666
247.76988494247124	0.11411629261508018	0.2097270186355154
247.90295147573786	0.11445997007796566	0.20973519655580125
248.0360180090045	0.11418358267290216	0.2098666035659947
248.16908454227112	0.11449300100665015	0.20945852575272134
248.30215107553775	0.11480623497464434	0.2094395961006656
248.4352176088044	0.11440587372362213	0.20973502128684263
248.56828414207104	0.11464827807046332	0.20981567809836776
248.70135067533766	0.11450857107815945	0.21024182638380884
248.8344172086043	0.11422417356198317	0.20998335254610884
248.96748374187092	0.11417643147732964	0.20955793919156337
249.10055027513755	0.11354024837093608	0.21002862931995633
249.2336168084042	0.11347993060739635	0.20945808903674593
249.36668334167084	0.11344245632231677	0.20910664093043196
249.49974987493746	0.1130876728342867	0.208941031144638
249.6328164082041	0.11339886808713615	0.20800354875931132
249.76588294147072	0.1130886073608174	0.20759837613331877
249.89894947473735	0.11357690456802097	0.2077181660953695
250.032016008004	0.1135545150529729	0.20785959042887042
250.16508254127064	0.11382563485369569	0.20784281039382133
250.29814907453726	0.11383858793527335	0.20782019203094398
250.4312156078039	0.11343738466365548	0.20775763104149664
250.56428214107052	0.11336070674287298	0.20781384174049913
250.69734867433715	0.11309070054771515	0.2083697165778735
250.8304152076038	0.11272544891718111	0.20788457358028584
250.96348174087044	0.11268662222032201	0.20801803061535354
251.09654827413706	0.11277497374485931	0.20835311992560396
251.2296148074037	0.11284282174675563	0.20870898651222844
251.36268134067032	0.11300145624433353	0.2089209367085143
251.49574787393695	0.11356907038793775	0.20890913984080317
251.6288144072036	0.11382885054041354	0.20902166704658956
251.76188094047023	0.1134793732896623	0.21007533439124695
251.89494747373686	0.1134276422656536	0.2102773694891591
252.0280140070035	0.11331839762366988	0.20975499329453604
252.16108054027012	0.11383545937095417	0.20980589911164432
252.29414707353675	0.11348228702448378	0.20891456816652165
252.4272136068034	0.11345123527628687	0.2081872839588984
252.56028014007003	0.1131949756648485	0.20809458570419692
252.69334667333666	0.11365221412907923	0.2077958104826611
252.8264132066033	0.1134421509001313	0.20813687266854491
252.95947973986992	0.1132399947245106	0.20809370181525952
253.09254627313655	0.11342340858049062	0.20799361617489356
253.2256128064032	0.11324111787574029	0.20821753657692346
253.35867933966983	0.1136094209217889	0.20859679880677195
253.49174587293646	0.1136353079565715	0.20818548180084198
253.6248124062031	0.11393340792743348	0.20818061584325756
253.75787893946972	0.11356261666564205	0.2077831023461519
253.89094547273635	0.11378748107139271	0.20782612272053905
254.024012006003	0.11387705861151225	0.20732904682516376
254.15707853926963	0.11427267650182986	0.2073509317288823
254.29014507253626	0.11429211868719241	0.20808213445625784
254.4232116058029	0.11419555822515326	0.20812636578560978
254.55627813906952	0.11436425655307517	0.2076623087629687
254.68934467233615	0.11454758181187476	0.20803725430246434
254.8224112056028	0.11465086806323439	0.20743710598960916
254.95547773886943	0.11504769431814504	0.20681993628720516
255.08854427213606	0.11522945233830048	0.20723503947156083
255.2216108054027	0.1155170578598934	0.2069859005071996
255.35467733866932	0.11551435008814777	0.20703978855447716
255.48774387193595	0.11512068007179185	0.20688252989702957
255.6208104052026	0.11488576298052354	0.2064324294399633
255.75387693846923	0.11490685776769893	0.2063835974327295
255.88694347173586	0.11473962773625943	0.20621763085801895
256.0200100050025	0.11440895522594893	0.20651776745350214
256.15307653826915	0.11425603410156457	0.20600522199653393
256.2861430715358	0.11455377492542647	0.2064780134770275
256.4192096048024	0.11423982531520313	0.20619952629001148
256.55227613806903	0.11473673097911648	0.20584724372785942
256.68534267133566	0.11469293088005432	0.20592319363083056
256.8184092046023	0.11449206942038173	0.20525075042033988
256.9514757378689	0.11435031253254041	0.20491707779486965
257.08454227113555	0.1145664011886266	0.20512558141900436
257.2176088044022	0.11458133042387976	0.20550674214054865
257.3506753376688	0.11430966850975596	0.2054817146944863
257.4837418709355	0.11439999854070132	0.20517824451495728
257.6168084042021	0.11411055706458513	0.205760977873426
257.74987493746875	0.11428593494830326	0.2060070152256368
257.8829414707354	0.11396343444007703	0.20582005874310066
258.016008004002	0.11386408106084885	0.20634150075543164
258.14907453726863	0.1138665655742903	0.20649378344638789
258.28214107053526	0.1137780052015266	0.20629272401713786
258.4152076038019	0.11373516728297031	0.20643552962892553
258.5482741370685	0.113559041772873	0.20667064524375653
258.68134067033515	0.11340760212203509	0.20621377016124526
258.8144072036018	0.11317385457260068	0.20612720962179779
258.9474737368684	0.11365582282669605	0.20675234479017668
259.0805402701351	0.11356671945787329	0.2076096470884243
259.2136068034017	0.11309572923436542	0.20736801051132547
259.34667333666835	0.11317250572469766	0.2070785529994403
259.479739869935	0.11331189610986732	0.2077040645410309
259.6128064032016	0.11307764350174723	0.20743738032011666
259.74587293646823	0.11265308642061561	0.20816258978624322
259.87893946973486	0.11260060436164544	0.20818589189430023
260.0120060030015	0.1125652209342629	0.20894172739207867
260.1450725362681	0.1121000922545316	0.20845356853130095
260.27813906953475	0.11202703568126998	0.20806653896415248
260.4112056028014	0.11204310595104001	0.20799189030999035
260.544272136068	0.11254756961779216	0.20825957662661113
260.6773386693347	0.11276116442866838	0.20804704762224988
260.8104052026013	0.11242806494988504	0.2079014907130103
260.94347173586794	0.11255553639794844	0.20841019366234065
261.0765382691346	0.11247433020741524	0.20839597248988817
261.2096048024012	0.1121017094953822	0.20858334432033174
261.34267133566783	0.11173874778434237	0.2093142751960023
261.47573786893446	0.11195884106402798	0.2097355476087872
261.6088044022011	0.11182748417993886	0.21048793283097403
261.7418709354677	0.11204502577334007	0.21082765458399383
261.87493746873434	0.1122003153225376	0.21096271717924012
262.008004002001	0.11250983307767293	0.21096296308777743
262.1410705352676	0.11273086645536104	0.2112204296746075
262.2741370685343	0.11302286022665971	0.21191054728995298
262.4072036018009	0.11282573290008784	0.21185243873196766
262.54027013506754	0.11274000437704561	0.2117599991385345
262.6733366683342	0.11220714608001922	0.21187105500803827
262.8064032016008	0.11248353092056601	0.21195553794611455
262.93946973486743	0.113173011836055	0.212552711276724
263.07253626813406	0.11331161611741289	0.2126488570045026
263.2056028014007	0.11331012391817484	0.2124905453711227
263.3386693346673	0.11350824998917695	0.2127137506327169
263.47173586793394	0.11362198571818073	0.21246890879764835
263.6048024012006	0.1133373206261501	0.21277987040599847
263.7378689344672	0.11291485276218968	0.21266333372140686
263.8709354677339	0.11275900738498408	0.213751666257991
264.0040020010005	0.11262325948991657	0.21311578914363005
264.13706853426714	0.11295630409150423	0.21337314366810636
264.2701350675338	0.11262752557290434	0.21382004998236373
264.4032016008004	0.11242440973764063	0.21351390859295336
264.53626813406703	0.1127123550890358	0.2130244387896025
264.66933466733366	0.11255980295699207	0.21302348388663864
264.8024012006003	0.11244567286015454	0.21265000631907646
264.9354677338669	0.11306627915349973	0.2118078722934775
265.06853426713354	0.1129353110789836	0.2114729508183305
265.2016008004002	0.11302239066438048	0.211539353359535
265.3346673336668	0.11320087215119817	0.21162655122687316
265.4677338669335	0.11286834291911724	0.2123582067844247
265.6008004002001	0.11300137412963872	0.2121596720390487
265.73386693346674	0.11249204746350798	0.21220398716594996
265.86693346673337	0.11251377951765379	0.21167242245040227
266.0	0.11220376522702105	0.21213732004429678
