0.0	0.0	0.0
0.1330665332666333	2.2321153475227714e-05	0.00011087483298035187
0.2661330665332666	0.0006875828621948445	0.0007541767831841177
0.39919959979989994	0.0020625639238651314	0.0023283703864423605
0.5322661330665333	0.004301765350362686	0.004412335361257548
0.6653326663331666	0.006872581346550442	0.007273074334424623
0.7983991995997999	0.009598878245352724	0.010974973952099315
0.9314657328664332	0.012658017841475659	0.015144452536214598
1.0645322661330665	0.015892839280009435	0.020709868240857996
1.1975987993997	0.018928886861876354	0.026673407768360902
1.3306653326663331	0.02223144587308595	0.03379286102278026
1.4637318659329663	0.025713663474727123	0.04219881707580047
1.5967983991995998	0.029654355276485574	0.051954018123503524
1.7298649324662332	0.032241970974312834	0.06251120900198848
1.8629314657328664	0.03501483149034674	0.07522283017955378
1.9959979989994996	0.03798569086888629	0.08929849556591066
2.129064532266133	0.041040620829888005	0.10425065176335176
2.2621310655327664	0.04368054182667308	0.1222435629247431
2.3951975987994	0.047025718109505114	0.14204847808024187
2.528264132066033	0.04963971624738539	0.16388873581736121
2.6613306653326663	0.052922580244392683	0.18700117797035462
2.7943971985992997	0.055889502085206544	0.21347215366383704
2.9274637318659327	0.059038818475763186	0.24284244060728016
3.060530265132566	0.062159921069339756	0.27472236863615523
3.1935967983991995	0.06499643495749999	0.30713100839634616
3.326663331665833	0.06784870272863894	0.34113878015278504
3.4597298649324664	0.06992842173174402	0.3755993120401287
3.5927963981990994	0.07239356168264331	0.41150112540208567
3.7258629314657328	0.07528820688143556	0.4509282916264385
3.858929464732366	0.079001836539768	0.48741916442391153
3.991995997998999	0.08137141521396628	0.5221144660939471
4.125062531265633	0.08481113453187596	0.5560253116231164
4.258129064532266	0.08716104032739111	0.5866625864441243
4.391195597798899	0.08905154091147294	0.6173443669487879
4.524262131065533	0.09169706804830635	0.6472237645881551
4.657328664332166	0.09430627905789774	0.6730098128460805
4.7903951975988	0.09656011060116639	0.6993321683251468
4.923461730865433	0.09878699532850374	0.7240676839792671
5.056528264132066	0.1016419446350367	0.7477502315386919
5.1895947973986996	0.10357789452295035	0.7656617949832775
5.3226613306653325	0.1055839749477086	0.7821360345084873
5.4557278639319655	0.1081831938962012	0.7976111004090966
5.588794397198599	0.11067870324296356	0.8123105516670722
5.721860930465232	0.11289830726769558	0.8243790795130578
5.854927463731865	0.1154208490071533	0.8348148792564551
5.987993996998499	0.1176941776729418	0.8446542635633881
6.121060530265132	0.12090670656373965	0.8547347887179658
6.254127063531766	0.12305728726151229	0.8638679956740062
6.387193596798399	0.12519573981305518	0.8708886790020068
6.520260130065032	0.12767738455579825	0.8763807616895518
6.653326663331666	0.13003103763421142	0.8813688280231987
6.786393196598299	0.13261371540821956	0.8860466101695877
6.919459729864933	0.1345907104050186	0.8887636416071215
7.052526263131566	0.13753629472077863	0.8926132541383465
7.185592796398199	0.14032693271653135	0.8959010191555405
7.318659329664833	0.14217424307955268	0.8993931973833283
7.4517258629314655	0.14401648329953315	0.9028234260867817
7.5847923961980985	0.14614543385109566	0.9046867099174573
7.717858929464732	0.14925866259466486	0.906156378131722
7.850925462731365	0.1519417799954624	0.908786711290023
7.983991995997998	0.15424662800865133	0.9100960327283245
8.117058529264632	0.15653610473337054	0.91186045690914
8.250125062531266	0.15844076070066415	0.9139288834729286
8.383191595797898	0.16160138584757466	0.9165632216314785
8.516258129064532	0.16415285719082215	0.917175832893922
8.649324662331166	0.16653736149313952	0.9196172335516096
8.782391195597798	0.1685293903526259	0.9192372864799198
8.915457728864432	0.17077268356821984	0.9200704520059737
9.048524262131066	0.17321184092367498	0.9218956579020378
9.181590795397698	0.17637651425361497	0.9237808471004497
9.314657328664332	0.1787048574954307	0.9232531085690285
9.447723861930966	0.18118086244753678	0.9242803121878653
9.5807903951976	0.18382859670356672	0.9251169691246691
9.713856928464232	0.18602025097952554	0.9250078479124104
9.846923461730865	0.18825907820392884	0.926425120867808
9.9799899949975	0.18975006949151108	0.926588820435735
10.113056528264131	0.19216220985458835	0.9255487326886772
10.246123061530765	0.19452287940074045	0.9259396967282147
10.379189594797399	0.19729644875746727	0.925799222230625
10.512256128064031	0.19913209928436587	0.9266044112763954
10.645322661330665	0.20181749568344876	0.9260111953231205
10.778389194597299	0.20429422348268123	0.9263803788012699
10.911455727863931	0.20643907248489304	0.9264128470267922
11.044522261130565	0.2092040855655876	0.9259370787191289
11.177588794397199	0.21115113491007226	0.9278776479780358
11.31065532766383	0.21305811763085988	0.9274052199699728
11.443721860930465	0.215101962968829	0.9276898218055181
11.576788394197099	0.2177750767495817	0.9270617258215657
11.70985492746373	0.21986467065023496	0.9259664197885491
11.842921460730365	0.22268607675791874	0.9258780314709004
11.975987993996998	0.2249013529769399	0.9271035169282951
12.109054527263632	0.22689674955535655	0.9275308798125456
12.242121060530264	0.22838485558289925	0.9261895878472641
12.375187593796898	0.23056830750454704	0.927253862103849
12.508254127063532	0.23325026153100087	0.9278821115080437
12.641320660330164	0.2360802058158605	0.9286067176033983
12.774387193596798	0.23806450664498066	0.9293853303839633
12.907453726863432	0.24049460399953498	0.9281316438523105
13.040520260130064	0.24294489319849583	0.928692139972924
13.173586793396698	0.2452932005546948	0.9282756890185048
13.306653326663332	0.24609253693136254	0.9284529846792179
13.439719859929964	0.24795255344062314	0.9280633404056696
13.572786393196598	0.24878938612726761	0.9285205929796719
13.705852926463232	0.2509726298161662	0.9282996440506966
13.838919459729865	0.25380419409796856	0.9282190973952053
13.971985992996498	0.2562245910905444	0.9293075239910683
14.105052526263131	0.2584696500606403	0.9288877358850787
14.238119059529765	0.2603160363379883	0.93027702841531
14.371185592796397	0.26242613261658676	0.9301052585977692
14.504252126063031	0.26542425459482866	0.9297626204787462
14.637318659329665	0.2677295425687585	0.9287826694926852
14.770385192596297	0.26954836698634943	0.9291922059820551
14.903451725862931	0.2713557760058874	0.928454613241081
15.036518259129565	0.2737035365438126	0.9283629581972891
15.169584792396197	0.27500078181887244	0.9297665843553335
15.302651325662831	0.27649907777185667	0.9297204912573603
15.435717858929465	0.27809203003440397	0.9298207115286377
15.568784392196097	0.2802695711505536	0.9295931910562797
15.70185092546273	0.2826706725910414	0.9303034104071847
15.834917458729365	0.2851496233819868	0.9296413818701159
15.967983991995997	0.287386367022142	0.9291401287299744
16.101050525262632	0.2889410087024552	0.9283244625489794
16.234117058529264	0.2900659804955647	0.9292496814322107
16.367183591795897	0.2926244307127744	0.9300276114435695
16.500250125062532	0.2944532285949103	0.9293034232253741
16.633316658329164	0.2971463522509895	0.929246402716178
16.766383191595796	0.29873335298976045	0.929660370802937
16.899449724862432	0.300611203073623	0.9287382220734363
17.032516258129064	0.30179669756562766	0.9282860797233958
17.165582791395696	0.30322251353146545	0.9285123421967791
17.298649324662332	0.30527771683758526	0.9302975408288364
17.431715857928964	0.3068454344523365	0.9308780483492207
17.564782391195596	0.3088128637238291	0.9296615117148618
17.69784892446223	0.31049981841612073	0.929118510408098
17.830915457728864	0.3117987486342631	0.9281499970850808
17.963981990995496	0.3133641416996424	0.9276235415585756
18.09704852426213	0.31426341823733056	0.9266975455057281
18.230115057528764	0.31609975092501635	0.9273430219309898
18.363181590795396	0.3175918120140374	0.9279694019289697
18.49624812406203	0.3186153798322225	0.928403202940621
18.629314657328663	0.32035266775384197	0.9280284929724681
18.762381190595296	0.3216464312826554	0.9271250546471566
18.89544772386193	0.3231885968761581	0.9267958414744225
19.028514257128563	0.32485864813809195	0.9270360736063552
19.1615807903952	0.32660304507245774	0.9268922435006323
19.29464732366183	0.327298947705383	0.9252345556423384
19.427713856928463	0.32934574924023396	0.9260436226418246
19.5607803901951	0.3306358949316833	0.9250044762573314
19.69384692346173	0.33219937177052394	0.9251120019966779
19.826913456728363	0.3339176522116477	0.9245067723059696
19.959979989995	0.33555626349256973	0.9240714407566891
20.09304652326163	0.3375442839036783	0.9243754476517482
20.226113056528263	0.3389881689002881	0.9245107133013203
20.3591795897949	0.34048070530706537	0.9243371216770858
20.49224612306153	0.34232258646532837	0.9259036413699085
20.625312656328163	0.3426778593187055	0.9262991255440227
20.758379189594798	0.3432194275076358	0.9261241002329387
20.89144572286143	0.34432533316073155	0.9260094976460329
21.024512256128062	0.3464920742077871	0.9244565357674087
21.157578789394698	0.3480643929349733	0.9243409623461017
21.29064532266133	0.3498416158522599	0.9248796228979967
21.423711855927962	0.35238786178334924	0.9256291366417752
21.556778389194598	0.35413834661492444	0.9251064655931116
21.68984492246123	0.3555018735318321	0.9254062176387094
21.822911455727862	0.356940935712535	0.926400784236096
21.955977988994498	0.3584639647739208	0.9265617165372453
22.08904452226113	0.3598854339168745	0.9262998201801741
22.222111055527762	0.36242984658093597	0.926800590859162
22.355177588794398	0.3640403894524848	0.9246579975377283
22.48824412206103	0.36535949226634856	0.9243818474007427
22.62131065532766	0.36723757850703526	0.923867912410334
22.754377188594297	0.36839109367533973	0.9224713456405516
22.88744372186093	0.37103837801560724	0.9207683709016515
23.02051025512756	0.37231622511429785	0.9206768541427792
23.153576788394197	0.37376568595895715	0.919995209156769
23.28664332166083	0.37587076587370866	0.9190220300460549
23.41970985492746	0.37727801752655515	0.9190250415791056
23.552776388194097	0.3782400522914247	0.919776055906735
23.68584292146073	0.379790555611626	0.9209400572405756
23.818909454727365	0.38161673958946435	0.9201045257112795
23.951975987993997	0.3825575385367791	0.9206561410949428
24.08504252126063	0.38346312465786603	0.9201826596377648
24.218109054527265	0.3852883892280979	0.921217632049136
24.351175587793897	0.3863456216948114	0.9213093161226125
24.48424212106053	0.38788788322331336	0.9210664466739608
24.617308654327164	0.3891437809649834	0.9200116348022199
24.750375187593797	0.3914349040660048	0.9202691734571459
24.88344172086043	0.39262631338732457	0.920400343071747
25.016508254127064	0.3933903710430484	0.9212852136470503
25.149574787393696	0.3951188519042832	0.9197339228151353
25.28264132066033	0.39732719204029465	0.9197198290997941
25.415707853926964	0.3985142199843647	0.9205425144217768
25.548774387193596	0.3999043183680228	0.9214730550467796
25.68184092046023	0.4012722282020074	0.9211154796121729
25.814907453726864	0.40234718935150576	0.9203281313072922
25.947973986993496	0.4044905523322868	0.922278486182109
26.081040520260128	0.4062928804934326	0.9220757587484933
26.214107053526764	0.4073047620870125	0.9213719631092748
26.347173586793396	0.4082337923094094	0.9217872135365236
26.480240120060028	0.40936389932805645	0.9212896012768271
26.613306653326664	0.4101214540217926	0.9206446137188806
26.746373186593296	0.4109913722503184	0.9208417809869678
26.879439719859928	0.412971941525217	0.9209102904739963
27.012506253126563	0.41360300582534115	0.9209006251611369
27.145572786393195	0.41596558510822523	0.9203728313316748
27.278639319659828	0.4168883420409367	0.919417490467458
27.411705852926463	0.4174497068232931	0.9200709525565525
27.544772386193095	0.4180633083406102	0.9201189026464729
27.67783891945973	0.41890203253084185	0.9203208661347424
27.810905452726363	0.4206663692830974	0.9199862498972584
27.943971985992995	0.42205237620103625	0.9191460817884461
28.07703851925963	0.42365431713133506	0.9189063518520703
28.210105052526263	0.4261982302236866	0.9182328496454414
28.343171585792895	0.4275115941310424	0.9176069688101354
28.47623811905953	0.4289279091537151	0.9176285422753758
28.609304652326163	0.43079793138073846	0.9161446219437528
28.742371185592795	0.43172251405120404	0.9175615123949024
28.87543771885943	0.4329848611164346	0.9177929476064978
29.008504252126063	0.4342504669840524	0.91769312453128
29.141570785392695	0.4359662699797882	0.9179948526227969
29.27463731865933	0.4363216255649793	0.918583637493316
29.407703851925962	0.4392628507274177	0.9179407304864908
29.540770385192594	0.44134053341245477	0.9175809796115816
29.67383691845923	0.44214799666635163	0.9176242148556041
29.806903451725862	0.44240158261951806	0.9163687358425512
29.939969984992494	0.44404079712907657	0.9154046647995311
30.07303651825913	0.44576143012936753	0.9153075209884614
30.206103051525762	0.4470390778767865	0.9177589886169819
30.339169584792394	0.44801846794765443	0.9184081504386766
30.47223611805903	0.4495543431271117	0.9182801388509102
30.605302651325662	0.4502364721352024	0.9155998742537289
30.738369184592294	0.4509208367631979	0.914783307606062
30.87143571785893	0.4525017267427873	0.9154237758714792
31.00450225112556	0.4541775124584628	0.9156193235189006
31.137568784392194	0.4557137189885538	0.9150771061241174
31.27063531765883	0.45566013408741673	0.9160009674033494
31.40370185092546	0.4562328937271148	0.9141898123801989
31.536768384192094	0.4573160120689559	0.9131261088201243
31.66983491745873	0.45816532106953	0.9117141381381128
31.80290145072536	0.45902852817758905	0.9118016482743327
31.935967983991993	0.46114907650155823	0.9118283087757079
32.06903451725863	0.4627839450084983	0.9112935926585716
32.202101050525265	0.46348229043027556	0.9107444330269755
32.33516758379189	0.4643987203408811	0.9097402593536121
32.46823411705853	0.4651793213361689	0.9103055479808437
32.601300650325165	0.46619552257147806	0.9110248521551696
32.73436718359179	0.4669633622913771	0.9120631150290959
32.86743371685843	0.46719015523077845	0.9115042725691933
33.000500250125064	0.4681974875224982	0.9117490056271306
33.13356678339169	0.46987961008025697	0.9116158308661556
33.26663331665833	0.47040351673180575	0.9111284443785223
33.399699849924964	0.47275660976176265	0.9108733019542682
33.53276638319159	0.47381317871580886	0.9105469880960642
33.66583291645823	0.47512489129158053	0.9111994719424387
33.798899449724864	0.47720519349841845	0.9102310168513025
33.93196598299149	0.4778749332766078	0.9088202125471795
34.06503251625813	0.4780400106761619	0.9081870890779538
34.198099049524764	0.4801063287158759	0.9069903355290824
34.33116558279139	0.4813461770200064	0.9069838209892556
34.46423211605803	0.4826794358658299	0.9066685995951953
34.597298649324664	0.48281479810958605	0.9074148683472602
34.73036518259129	0.4844382627905	0.9090716733188057
34.86343171585793	0.485914710715004	0.9089852942448371
34.99649824912456	0.48658712523387365	0.9087961627332118
35.12956478239119	0.4879378094897678	0.908291301498765
35.26263131565783	0.48893416919320987	0.9094933410676037
35.39569784892446	0.49018128438011954	0.9087261352327458
35.52876438219109	0.49063065187539545	0.9089117782185483
35.66183091545773	0.49264124562648814	0.9087682823497282
35.79489744872436	0.49326665053520014	0.9068335860287838
35.92796398199099	0.4951165682644756	0.907968943744401
36.06103051525763	0.49675756232175033	0.9094102727934268
36.19409704852426	0.4975076416155778	0.9101455340796093
36.32716358179089	0.4994078439434316	0.908783126409302
36.46023011505753	0.500094731751045	0.9105526544427018
36.59329664832416	0.5028605389665018	0.9103815003141729
36.72636318159079	0.5037619302913493	0.9097571679603095
36.85942971485743	0.5048761313876382	0.9079035902087034
36.99249624812406	0.5053319750599795	0.9085504333058501
37.12556278139069	0.5059472537848522	0.9087647100847328
37.25862931465733	0.506704963204198	0.9075331408469375
37.39169584792396	0.5070726813400112	0.9081147890922459
37.52476238119059	0.507092442826676	0.90793944085991
37.65782891445723	0.508310958540033	0.9078930856763046
37.79089544772386	0.5088212445105617	0.9078195199050625
37.92396198099049	0.5088779612573305	0.9075602686055704
38.05702851425713	0.5103062335581902	0.9077444498227254
38.19009504752376	0.5127141745571777	0.9069555395934749
38.3231615807904	0.5139667956400359	0.9057567485511913
38.456228114057026	0.5146434003424856	0.9057015228851037
38.58929464732366	0.5157167170036627	0.9055390312328498
38.7223611805903	0.5172454231940954	0.9065266185279178
38.855427713856926	0.5174005669639893	0.9061874613661499
38.98849424712356	0.5176718884314483	0.9071944353865097
39.1215607803902	0.518443431155445	0.9072998738970985
39.254627313656826	0.5203141371022167	0.9076574827929019
39.38769384692346	0.5216250333863941	0.9083791744589599
39.5207603801901	0.5224397760550229	0.9083736336991758
39.653826913456726	0.5228737319053315	0.9087559164398414
39.78689344672336	0.5252404197469496	0.9068080888797506
39.91995997999	0.5266986577061152	0.9064324241892237
40.053026513256626	0.5270028890897895	0.9053835319420716
40.18609304652326	0.5276145591447399	0.9056047081350123
40.3191595797899	0.5289886367708524	0.9055721080186597
40.452226113056525	0.529625546328073	0.9058125376782906
40.58529264632316	0.5299976163183088	0.9060317203381627
40.7183591795898	0.5301379257519175	0.9065958861397113
40.851425712856425	0.5294270154052828	0.9068150752356767
40.98449224612306	0.5302589266312422	0.9057437951445687
41.1175587793897	0.532072328028359	0.9059168820994584
41.250625312656325	0.532647187548583	0.9072894196347874
41.38369184592296	0.5335593205891743	0.9059099587054085
41.516758379189596	0.5343572043530077	0.9060711443271214
41.649824912456225	0.5353207204936101	0.9058870996818323
41.78289144572286	0.5354620157467869	0.9063974620642107
41.915957978989496	0.536467704249616	0.9065044124813063
42.049024512256125	0.5367201574509903	0.9062315892146955
42.18209104552276	0.5386904686074591	0.9069481953226763
42.315157578789396	0.5391867965727285	0.9072184244596732
42.448224112056025	0.5404228834121798	0.9070247894683626
42.58129064532266	0.5415873002203347	0.9070656909446162
42.714357178589296	0.5425187972819293	0.9052702838710861
42.847423711855924	0.5432397623364384	0.9060890259067066
42.98049024512256	0.5448039116198733	0.9067482110288677
43.113556778389196	0.545840039288561	0.9049375238855669
43.246623311655824	0.5485609964283027	0.9052606730478325
43.37968984492246	0.5495289663597984	0.9034290232017964
43.512756378189096	0.5492447318145282	0.902803991446326
43.645822911455724	0.5505161183013902	0.9028055468293458
43.77888944472236	0.5515033267854184	0.9026130311616996
43.911955977988995	0.5516369861764127	0.9010137907634793
44.045022511255624	0.5526762455787732	0.9015111885078533
44.17808904452226	0.5524390637728054	0.9030928576091519
44.311155577788895	0.5533204041170188	0.9037202742245078
44.444222111055524	0.5546138013885449	0.903374505929188
44.57728864432216	0.5553067354845231	0.9023932878046839
44.710355177588795	0.5553053362299817	0.9020240286575708
44.843421710855424	0.5555206378180733	0.9010630751217669
44.97648824412206	0.5559490318767845	0.8996193755969508
45.109554777388695	0.5566779352637824	0.8984228652928117
45.24262131065532	0.5579765078856016	0.89799553276564
45.37568784392196	0.5582731511440098	0.8992220635121719
45.508754377188595	0.558498517639827	0.9003020473599286
45.64182091045522	0.560216867457453	0.9017535361952892
45.77488744372186	0.5617392635847784	0.9012560132206487
45.907953976988495	0.5627810982742898	0.9007032221307625
46.04102051025512	0.563726546029847	0.9001180624846056
46.17408704352176	0.5635189261806657	0.8993049426806906
46.307153576788394	0.5645215598617815	0.8983865702650655
46.44022011005502	0.5652234079777682	0.8982675993989622
46.57328664332166	0.5669393949457852	0.8977274248806942
46.706353176588294	0.5680667738534493	0.8961201505109205
46.83941970985492	0.5694199826616659	0.8947701450394028
46.97248624312156	0.5692035487170111	0.8956182463891397
47.105552776388194	0.569738510699377	0.894479737736083
47.23861930965483	0.5711691567457267	0.8950478606495693
47.37168584292146	0.5722003137798554	0.895528286408129
47.504752376188094	0.5727502984798533	0.8960641343802477
47.63781890945473	0.5733666295736379	0.8967927063818731
47.77088544272136	0.5736889760634947	0.8982824142342973
47.903951975987994	0.5739783266009948	0.8962931821535379
48.03701850925463	0.5745568536470271	0.8983075224752562
48.17008504252126	0.5744276137995761	0.8978331594551373
48.30315157578789	0.5752538845751864	0.8978521255354778
48.43621810905453	0.5768151655131841	0.8972803553319276
48.56928464232116	0.5774143423156325	0.8974013466001426
48.70235117558779	0.5775072322486651	0.8966398516194048
48.83541770885443	0.5775399520699297	0.8975416739458114
48.96848424212106	0.5775233518602233	0.8988841867270568
49.10155077538769	0.5779380480011794	0.8986773828669203
49.23461730865433	0.5789705362487111	0.8975054246029648
49.36768384192096	0.5796223039535816	0.8976447669326567
49.50075037518759	0.580259164154307	0.8974351789427675
49.63381690845423	0.5807912737658583	0.8964614995358122
49.76688344172086	0.5809337676419984	0.8966421254587893
49.89994997498749	0.581383025873133	0.8957546368894472
50.03301650825413	0.5824556098048366	0.895787658673844
50.16608304152076	0.5835969850323908	0.894299143919579
50.29914957478739	0.5841938493770893	0.8929329494739717
50.43221610805403	0.5838783044439154	0.892989322660159
50.56528264132066	0.5843716192932152	0.8915716075490119
50.69834917458729	0.5858979042467913	0.8923462196750012
50.83141570785393	0.587565782979663	0.8914809672931059
50.96448224112056	0.5892178708218678	0.8915814757385234
51.09754877438719	0.5893886436328166	0.8919884353223695
51.23061530765383	0.5889110407846362	0.8920094968953194
51.36368184092046	0.5889847841128442	0.8936325378869685
51.49674837418709	0.5896363444601395	0.8937867988907586
51.62981490745373	0.5890513915068666	0.8946189321896181
51.762881440720356	0.5893314824142389	0.8948218216984908
51.89594797398699	0.590183068335375	0.893863352165984
52.02901450725363	0.5916567364317172	0.8930637405270863
52.162081040520256	0.5921487705586482	0.8928674352785115
52.29514757378689	0.5931226137885951	0.8919339643683709
52.42821410705353	0.5938345968660339	0.8927408378347792
52.561280640320156	0.5933301823637045	0.8940690247648799
52.69434717358679	0.5928230789807117	0.8956737301591263
52.82741370685343	0.5938224703498008	0.8946098445705063
52.960480240120056	0.5947038939200341	0.892978519126189
53.09354677338669	0.596308599484366	0.8932781565472891
53.22661330665333	0.5968065278891825	0.8935487979988066
53.359679839919956	0.5985302055248124	0.8933216197943785
53.49274637318659	0.5992388282880151	0.8935424210277447
53.62581290645323	0.6000813810346295	0.8929033540688499
53.758879439719855	0.6002293743466159	0.8924564899605346
53.89194597298649	0.6007539035233831	0.8929264555336965
54.02501250625313	0.6001953256418675	0.8914427206942852
54.158079039519755	0.600284172892609	0.8907534577405766
54.29114557278639	0.6011066194863061	0.8890809594101085
54.42421210605303	0.6025025419353948	0.8907336457094843
54.557278639319655	0.6029320709265348	0.8909257528993941
54.69034517258629	0.604114639200571	0.8908519023062775
54.823411705852926	0.6041298397544859	0.889990887756325
54.956478239119555	0.6048705703510876	0.888834163128743
55.08954477238619	0.6059333419919287	0.8872792345930437
55.222611305652826	0.6061765913534216	0.8877294288946448
55.35567783891946	0.6071877174823548	0.8883717728309322
55.48874437218609	0.6072856584881151	0.8882594881609679
55.621810905452726	0.6072042486365009	0.8870719969655692
55.75487743871936	0.6081608942172454	0.888955834012435
55.88794397198599	0.609597967599194	0.8888382491501878
56.021010505252626	0.6096349016988929	0.8886762095144449
56.15407703851926	0.611665967568385	0.8891708906881662
56.28714357178589	0.6123239139502215	0.8892383356664572
56.420210105052526	0.612400385726098	0.8881807032783691
56.55327663831916	0.6137087153979167	0.8881737480748785
56.68634317158579	0.6145743493636242	0.887996323855343
56.819409704852426	0.6165317584117033	0.8882564226273106
56.95247623811906	0.6175668106812003	0.8875757672471688
57.08554277138569	0.6185785885941247	0.8870380240405225
57.218609304652325	0.6190877848930566	0.8866433007307588
57.35167583791896	0.6189587288044667	0.8861670415112505
57.48474237118559	0.6192346287338201	0.8871152103873697
57.617808904452225	0.6188353366819064	0.8871492702765778
57.75087543771886	0.6188411865717756	0.8868169088169896
57.88394197098549	0.619262946749335	0.8871077920006603
58.017008504252125	0.6192292761512577	0.8876587310860287
58.15007503751876	0.6187346800688156	0.8881746917041362
58.28314157078539	0.6194292149091288	0.887791297906723
58.416208104052025	0.620880581211521	0.8869630611354944
58.54927463731866	0.6205741406253028	0.8886931841552835
58.68234117058529	0.6208571591654499	0.8874599373525303
58.815407703851925	0.6217253329873801	0.886161446082917
58.94847423711856	0.6216608149162549	0.8868226468954947
59.08154077038519	0.6227954501541507	0.8867272679322944
59.214607303651825	0.6233248438412047	0.8862689938101173
59.34767383691846	0.6244465521058005	0.8866427339987438
59.48074037018509	0.624551231376366	0.8876946862771414
59.613806903451724	0.6258121610079239	0.8876453836435957
59.74687343671836	0.62548180865073	0.8887601575102007
59.87993996998499	0.6270704373889172	0.8886824992232764
60.013006503251624	0.6277903397325775	0.8895928605073462
60.14607303651826	0.6280100354616717	0.8889398404026152
60.27913956978489	0.6282059626074635	0.8879378014296736
60.412206103051524	0.6287622141340518	0.8883359160881078
60.54527263631816	0.6295105265124061	0.8885275295649101
60.67833916958479	0.6309292272236542	0.8869753021419317
60.811405702851424	0.6317344661645615	0.8874151472761836
60.94447223611806	0.6318059422278582	0.8875763184393571
61.07753876938469	0.6316361083033117	0.8884273468855294
61.210605302651324	0.6335044852113664	0.8876857822993086
61.34367183591796	0.6353851777156404	0.8870359313529487
61.47673836918459	0.6354149070739591	0.8889489550390014
61.60980490245122	0.6355386191384426	0.8903476551682296
61.74287143571786	0.6367946654702631	0.8911090165584032
61.87593796898449	0.6375168965182064	0.8906259281504612
62.00900450225112	0.6376374847550925	0.8888264275801776
62.14207103551776	0.6373223294630779	0.8895654026952453
62.27513756878439	0.6381252295336857	0.8887450648408809
62.40820410205102	0.6386639053451749	0.8874586141904811
62.54127063531766	0.6398011634348765	0.8877218756520125
62.67433716858429	0.6410950551923714	0.8877622785832217
62.80740370185092	0.6413128383597808	0.8875217922857831
62.94047023511756	0.6417379112534578	0.8876690048192671
63.07353676838419	0.6427351082740522	0.8870822274740752
63.20660330165082	0.6433202987282132	0.8865953877237565
63.33966983491746	0.643381362298432	0.8857326776361201
63.47273636818409	0.6430192759315031	0.8849501102418128
63.60580290145072	0.6424643589902628	0.8828927990923562
63.73886943471736	0.6440512930066312	0.8811362471255294
63.87193596798399	0.6431575457199789	0.882720559993473
64.00500250125063	0.6445187710975886	0.8812728222424788
64.13806903451726	0.6440752450684689	0.8815128467867142
64.27113556778389	0.6444765688438557	0.8823177827092552
64.40420210105053	0.6447707417275056	0.881753488452855
64.53726863431716	0.6445149869570485	0.8810390968797791
64.67033516758379	0.6451932075029332	0.8807254185277333
64.80340170085043	0.6448731889730995	0.8812782912522287
64.93646823411706	0.6460682252919747	0.8825103334089779
65.06953476738369	0.6459346118573936	0.8829728756750131
65.20260130065033	0.6461031930621981	0.8829615032787193
65.33566783391696	0.6465663713297749	0.881365373211953
65.46873436718359	0.6476306340150789	0.8809300275622511
65.60180090045023	0.6478323699505608	0.8794281759872975
65.73486743371686	0.6481075608284836	0.8791336800732668
65.86793396698349	0.6481525452446844	0.8790023710799686
66.00100050025013	0.6492523960353674	0.8775802362627865
66.13406703351676	0.6508203596336158	0.8762899167890079
66.26713356678339	0.6513697861838463	0.8762536771394663
66.40020010005003	0.6513805730504773	0.8758681231682741
66.53326663331666	0.6521519255370476	0.8767096153412203
66.66633316658329	0.6521796849314494	0.8771955037979735
66.79939969984993	0.6520251887368762	0.8777015886966134
66.93246623311656	0.6524275851740743	0.8781675888963297
67.06553276638319	0.6530846831245836	0.8773687498040628
67.19859929964983	0.6532434410581578	0.8768116388495406
67.33166583291646	0.6546823287069681	0.8764202052187826
67.46473236618309	0.6549044463232683	0.8758956465059107
67.59779889944973	0.6554064306541802	0.8754996920605799
67.73086543271636	0.6554618097681577	0.8755206564364593
67.86393196598299	0.6553270410977208	0.8762271740590217
67.99699849924963	0.6548188599301272	0.8753600899942032
68.13006503251626	0.6553498792785414	0.8751909614641356
68.26313156578288	0.655468786887531	0.8741758954265069
68.39619809904953	0.6556515357923226	0.8747497077636369
68.52926463231616	0.6564558509231883	0.8747355844686713
68.66233116558278	0.656327292553774	0.8748371702307933
68.79539769884943	0.6559383163602278	0.8745764709669849
68.92846423211606	0.6564569377456356	0.8746970831818228
69.06153076538268	0.6578110399007869	0.8750425180658318
69.19459729864933	0.6585746370234857	0.8764053126344408
69.32766383191596	0.6591581858834903	0.8763522278935039
69.46073036518258	0.6603201788906886	0.8761011317550529
69.59379689844923	0.6606430897322113	0.8759543632177146
69.72686343171586	0.6601150966808271	0.8768557069030017
69.85992996498248	0.6588099232418527	0.8774418902454845
69.99299649824913	0.6581873874122873	0.8779914003239403
70.12606303151576	0.6587953902602478	0.8792896538552737
70.25912956478238	0.659206929514727	0.8787248738767047
70.39219609804903	0.6590560510719503	0.8781965042526327
70.52526263131566	0.6596829076001106	0.8773039959181022
70.65832916458228	0.6588899842708488	0.877664107534422
70.79139569784893	0.6590074425034865	0.8781880475947808
70.92446223111556	0.6596576042591366	0.8768573185017646
71.05752876438218	0.6595517504144703	0.8755980563925378
71.19059529764883	0.6594703492119115	0.8764204113585308
71.32366183091546	0.6607183720739788	0.8772904061016616
71.45672836418208	0.6621957147539367	0.876165635210643
71.58979489744873	0.6620010349579187	0.8747966460455147
71.72286143071535	0.66365490598719	0.874755688765324
71.85592796398198	0.6649930699530827	0.8745741590835945
71.98899449724863	0.6643903583138258	0.8742640247464945
72.12206103051525	0.6654213903059849	0.874818892460364
72.25512756378188	0.6655929274446172	0.874706685499968
72.38819409704853	0.6665022849150585	0.8741610211938529
72.52126063031515	0.6676729681962601	0.8732603456858881
72.65432716358178	0.6681656347978799	0.8722779749457218
72.78739369684843	0.6683805398404907	0.8717820614949303
72.92046023011505	0.6682757381077805	0.8728069443453611
73.05352676338168	0.6681769903569417	0.8729393066813
73.18659329664833	0.6684696377966164	0.8725803551085461
73.31965982991495	0.6695210463268937	0.8731490767929893
73.45272636318158	0.6691649799482368	0.8738647927676099
73.58579289644823	0.6697617175159134	0.8740959451529136
73.71885942971485	0.670974309983977	0.8727857337605814
73.85192596298148	0.6717362271855813	0.8725564696449006
73.98499249624813	0.6714704125922013	0.8717141270943798
74.11805902951475	0.6722265601256836	0.8718979052755003
74.25112556278138	0.6726831191712523	0.873053350123195
74.38419209604803	0.6716808729859695	0.8731832916372931
74.51725862931465	0.6719331856700854	0.8732966782980158
74.65032516258128	0.6728495940894196	0.8733391673739618
74.78339169584793	0.6725547910270298	0.873156916411852
74.91645822911455	0.6732040212481817	0.8731319382702025
75.04952476238118	0.6741775512212675	0.8732646044726847
75.18259129564782	0.6744497679222298	0.8730786442450725
75.31565782891445	0.6746951986854532	0.871710451528996
75.44872436218108	0.6768220622730271	0.8709853734218554
75.58179089544772	0.6776490803650879	0.8712332402080188
75.71485742871435	0.6771555795132203	0.8721837179572757
75.84792396198098	0.6778335515037875	0.8716468070147432
75.98099049524762	0.6781534862050965	0.8706866190092097
76.11405702851425	0.6783946155023411	0.8702567438759861
76.24712356178088	0.6777673635719038	0.8697733210928753
76.38019009504752	0.6777810739363246	0.8697279134216115
76.51325662831415	0.6781946142917752	0.868679273898207
76.6463231615808	0.6782081353274381	0.8688612806001578
76.77938969484742	0.677930338403609	0.8694693501914972
76.91245622811405	0.6788614968692099	0.8685685332670766
77.0455227613807	0.6787481123092729	0.8679111502884167
77.17858929464732	0.6791202776937019	0.8691662207465559
77.31165582791395	0.6783016318818482	0.8693567269533804
77.4447223611806	0.678353601306308	0.869637964506898
77.57778889444722	0.6778417860003485	0.8704803150394254
77.71085542771385	0.6788364815576915	0.8701314152171221
77.8439219609805	0.6790542091217545	0.8706000780114954
77.97698849424712	0.6801813126445827	0.8700750649298351
78.11005502751375	0.6807967197340608	0.8703658060656131
78.2431215607804	0.6822413607231791	0.870716366197445
78.37618809404702	0.682795485073794	0.8699234249829294
78.50925462731365	0.6827223988345603	0.869461328935219
78.6423211605803	0.6832204759819055	0.8702890912113328
78.77538769384692	0.6842649956657471	0.8696079335891541
78.90845422711355	0.6837229195934968	0.868897467532251
79.0415207603802	0.6831485884587137	0.8693862297430665
79.17458729364682	0.6830980117688197	0.8698437978613882
79.30765382691345	0.6834108005628912	0.8696574975153029
79.4407203601801	0.6848475925607165	0.8697809564612731
79.57378689344672	0.6839162046775227	0.8675631667917246
79.70685342671335	0.6844102523147925	0.866715744994181
79.83991995998	0.6852820124339727	0.8664181658582202
79.97298649324662	0.6854348827970479	0.8658992363085755
80.10605302651325	0.6854597007359499	0.8636845746617092
80.2391195597799	0.6861234395266799	0.8635926260555786
80.37218609304652	0.6867720521143801	0.8641935333442726
80.50525262631315	0.6872522778251636	0.8631114744430243
80.6383191595798	0.6866044968375243	0.8629978721361546
80.77138569284642	0.6873513517330051	0.8628583254158245
80.90445222611305	0.6873498129355964	0.8631703659559112
81.0375187593797	0.687256420678968	0.8623062032209673
81.17058529264632	0.6870106513976834	0.8631238328321492
81.30365182591295	0.6882931808484869	0.8632308675041397
81.4367183591796	0.6892549822435857	0.8627477380308107
81.56978489244622	0.6891189777380444	0.8633404014509053
81.70285142571285	0.6893445164656061	0.8629808819614337
81.8359179589795	0.6891108240563141	0.8625426523570985
81.96898449224612	0.6898401725698476	0.8622952289345954
82.10205102551275	0.6900349399996725	0.861728382738433
82.2351175587794	0.6904789907131911	0.86053336771712
82.36818409204602	0.6917858802611444	0.8589207068437062
82.50125062531265	0.6911313876317723	0.8586640957206328
82.6343171585793	0.6909751370830217	0.8595085820302651
82.76738369184592	0.6914649322510108	0.8589178402187669
82.90045022511255	0.6904909127415616	0.8581068119656725
83.03351675837919	0.690539589885302	0.8581980148629025
83.16658329164582	0.6920439659249424	0.8586389538364106
83.29964982491245	0.6909313380691864	0.8595258460656287
83.43271635817909	0.6898107428111072	0.8599121488874271
83.56578289144572	0.6896894966518198	0.8587824104265528
83.69884942471235	0.689563826329565	0.8584873382295384
83.83191595797899	0.6905625799010421	0.8602089006527549
83.96498249124562	0.6923490543851466	0.8610814417396102
84.09804902451225	0.6930145752271233	0.859705077795764
84.23111555777889	0.6933323851495398	0.8598434864467895
84.36418209104552	0.6949734163397949	0.8604187771350186
84.49724862431215	0.6960281852145869	0.8597993401176642
84.63031515757879	0.6954200343430433	0.8588666961817545
84.76338169084542	0.6955279251012232	0.8600308575315986
84.89644822411205	0.6941978638292415	0.8607259648809543
85.02951475737869	0.6941508225905375	0.8610743529859372
85.16258129064532	0.6951213250277682	0.8609707935693576
85.29564782391195	0.6949987478285199	0.860121901812106
85.42871435717859	0.6962920733985942	0.8604110087959733
85.56178089044522	0.6959885121874025	0.859869166398449
85.69484742371185	0.6963689454720462	0.8609598301594927
85.82791395697849	0.6965304028748299	0.8606187553902696
85.96098049024512	0.6970787623125164	0.8597916506386545
86.09404702351175	0.6971181162932175	0.859593728632745
86.22711355677839	0.6971508831817892	0.8585700019843063
86.36018009004502	0.6961992166712768	0.8589113753543077
86.49324662331165	0.6965333860932632	0.8587450773961869
86.62631315657829	0.6976627519597456	0.8577276051471384
86.75937968984492	0.6974717487112891	0.8572491436477915
86.89244622311155	0.6974872957802899	0.8568523199145381
87.02551275637819	0.6981041473977463	0.8555532919642024
87.15857928964482	0.6972304774166307	0.8551361710039151
87.29164582291145	0.6984065488966696	0.8547243373882395
87.42471235617809	0.700129477446698	0.8557096221928766
87.55777888944472	0.7015737226165735	0.8558427779528559
87.69084542271135	0.7023475600614963	0.8567468317002856
87.82391195597799	0.7023522820793485	0.8566200742425318
87.95697848924462	0.7026610795848056	0.8560420577078867
88.09004502251125	0.7032144458330677	0.8544449865244544
88.22311155577789	0.7038213739460029	0.8548651370269342
88.35617808904452	0.7026936950649812	0.8547837677582556
88.48924462231115	0.7006390845346755	0.8546926216228644
88.62231115557779	0.7007563459061921	0.854924227808859
88.75537768884442	0.7016114980585402	0.854479767060962
88.88844422211105	0.7004107119043125	0.854862479380568
89.02151075537769	0.7011924547885284	0.8547386412117705
89.15457728864432	0.7029558935840188	0.8547053932672575
89.28764382191095	0.7028678444782502	0.8547284821532319
89.42071035517759	0.7035021827658242	0.8548303059487181
89.55377688844422	0.702348776813681	0.8551825768844735
89.68684342171085	0.7019672815852107	0.8548323670715895
89.81990995497749	0.7019531330616036	0.8542497421846077
89.95297648824412	0.7027044049709135	0.854293849848354
90.08604302151075	0.7025310584464264	0.854657415457187
90.21910955477739	0.7026839618246856	0.8549955605800289
90.35217608804402	0.7033589547643421	0.8543304890183048
90.48524262131065	0.7025368118888815	0.8537030942953102
90.61830915457729	0.7026201539357344	0.8540730461768845
90.75137568784392	0.7029209751263781	0.8549989785821985
90.88444222111055	0.7034535355411923	0.8563343673964979
91.01750875437719	0.7041091559829483	0.8566876340970985
91.15057528764382	0.7032145339801571	0.8555679906462206
91.28364182091045	0.7039302133192389	0.8553374420942631
91.41670835417709	0.7043811433712986	0.8554509628163433
91.54977488744372	0.704769942383424	0.8552386362021268
91.68284142071035	0.7063494921060316	0.8552108985143931
91.81590795397699	0.7074837351352466	0.8552254631833427
91.94897448724362	0.707649013034642	0.8541865124098587
92.08204102051025	0.7073604381226316	0.8536032189439327
92.21510755377689	0.7076200974568968	0.8543119960167073
92.34817408704352	0.7092463574731781	0.8535050260633928
92.48124062031015	0.7096400390890444	0.8522878766195013
92.61430715357679	0.7084836692456232	0.8528790851186873
92.74737368684342	0.709177466796931	0.853076841211333
92.88044022011005	0.710733051063174	0.8538997808701224
93.01350675337669	0.7114568062423666	0.8546623281793553
93.14657328664332	0.7109127759310805	0.8550785529473243
93.27963981990995	0.710347798575239	0.8540239409264084
93.41270635317659	0.7094434522354306	0.8542747851120531
93.54577288644322	0.709898687714821	0.8533582221707025
93.67883941970985	0.7104051116758152	0.853251436707123
93.81190595297649	0.7100812035829609	0.8533930526453796
93.94497248624312	0.7103317187256223	0.8528321457652712
94.07803901950976	0.7097683477018084	0.8513892202063574
94.21110555277639	0.7099883813414108	0.8493135505892889
94.34417208604302	0.7100507530931893	0.8485004068904816
94.47723861930966	0.7099520932440053	0.8486482605736251
94.61030515257629	0.7110739619275063	0.8496065357046723
94.74337168584292	0.7113883646611493	0.8489454065064865
94.87643821910956	0.7114835939762535	0.8481437873797623
95.00950475237619	0.7117886215537168	0.8481186845082802
95.14257128564282	0.7126610274100652	0.848236236767584
95.27563781890946	0.7121622814167444	0.8479966954334092
95.40870435217609	0.7119246882949333	0.8480661406514096
95.54177088544272	0.7133116769166695	0.8468049980031193
95.67483741870936	0.7130185789511055	0.8465356347227564
95.80790395197599	0.7133843442867482	0.8466601298679307
95.94097048524262	0.7143419133780844	0.8464852492007131
96.07403701850926	0.7143085080333865	0.8481200044329694
96.20710355177589	0.7136127471923895	0.8492638763712886
96.34017008504252	0.7129784001267289	0.8485739187162614
96.47323661830916	0.7127859836150593	0.8470986946288134
96.60630315157579	0.7115621136629742	0.8466115846215542
96.73936968484242	0.7118127805507997	0.8480074318810439
96.87243621810906	0.7136272292657986	0.8483968717540286
97.00550275137569	0.7141133107436922	0.8477326739691825
97.13856928464232	0.7133780547544092	0.8469191362774298
97.27163581790896	0.7130811197759661	0.846185111172209
97.40470235117559	0.7138365412225406	0.8459340612483137
97.53776888444222	0.7131323110892275	0.8448555386076876
97.67083541770886	0.7133502289881961	0.8449630295769197
97.80390195097549	0.7134982127827952	0.8448527443268665
97.93696848424212	0.7141965283387142	0.8447529101311129
98.07003501750876	0.7138150219985286	0.8451968282917792
98.20310155077539	0.7133294482858418	0.8455088967624957
98.33616808404201	0.7125633406604401	0.8454281743674055
98.46923461730866	0.7133640493668048	0.8453024773932434
98.60230115057529	0.7138245115009078	0.8447405108739666
98.73536768384191	0.714560944598516	0.8436536046465032
98.86843421710856	0.7154469032585022	0.8445379357283074
99.00150075037519	0.714902104550822	0.8448265800513801
99.13456728364181	0.7143557104511337	0.8444356812274545
99.26763381690846	0.7153311081331053	0.8464552293564098
99.40070035017509	0.7151290149443539	0.8468628935530902
99.53376688344171	0.7152866838919114	0.847066365553379
99.66683341670836	0.7153596317011923	0.8473378256457584
99.79989994997499	0.7143604994597299	0.8466014428355382
99.93296648324161	0.715083751262695	0.845641563535988
100.06603301650826	0.7167697558032585	0.84578853379914
100.19909954977489	0.7163911753360636	0.8464252016002763
100.33216608304151	0.7168019911194555	0.8456749222085677
100.46523261630816	0.7174682799549678	0.8450194958310461
100.59829914957479	0.718331393513738	0.8436115596954169
100.73136568284141	0.7176272100278823	0.8423579111802498
100.86443221610806	0.7165804070920339	0.8426388939820114
100.99749874937469	0.7169479168947581	0.8433484927855057
101.13056528264131	0.716473604149357	0.8441096540451609
101.26363181590796	0.715861544676342	0.8447708415095441
101.39669834917459	0.7159280606653693	0.8433082341477937
101.52976488244121	0.7160561600945456	0.8430551946719953
101.66283141570786	0.7164252236471362	0.844505717282017
101.79589794897448	0.7155049066894406	0.8454319288117073
101.92896448224111	0.7150229293070076	0.8462474969416557
102.06203101550776	0.7149390619014374	0.8464497842607558
102.19509754877438	0.7151112479386159	0.8475001033424521
102.32816408204101	0.7155595829988496	0.8476398116603506
102.46123061530766	0.7151938827905095	0.8466062063860129
102.59429714857428	0.7158827064029392	0.8454288469997021
102.72736368184091	0.716567852340811	0.8442045054965345
102.86043021510756	0.7166479587934305	0.8431454040784778
102.99349674837418	0.7160400397621458	0.8441615869695449
103.12656328164081	0.7165320683346679	0.8443938073218193
103.25962981490746	0.715661966155853	0.8444984983907015
103.39269634817408	0.7156871673959853	0.8442941917598624
103.52576288144071	0.7151242297460589	0.8444958444577652
103.65882941470736	0.7143672576391507	0.845491493053076
103.79189594797398	0.714057713062823	0.8460860176036529
103.92496248124061	0.7142383752370873	0.8451331050421003
104.05802901450726	0.7151940766148356	0.8448196345394795
104.19109554777388	0.7165572284742358	0.843949064356527
104.32416208104051	0.7163390771700305	0.8438955791307032
104.45722861430716	0.7149914738039959	0.8439269320680048
104.59029514757378	0.7156296819975444	0.8440463395631657
104.72336168084041	0.7162688104312941	0.8449911678313962
104.85642821410705	0.7167409881253748	0.8447079233639222
104.98949474737368	0.7180113676612478	0.8435157402746586
105.12256128064031	0.7186518714674408	0.8431028910353601
105.25562781390695	0.7190823198617325	0.8428034159798555
105.38869434717358	0.718470370236385	0.8434077407299544
105.52176088044021	0.7173270604530149	0.8436319218561429
105.65482741370685	0.717912677280068	0.8433484999567633
105.78789394697348	0.7190234055607909	0.8426537863764346
105.92096048024011	0.7186477038674033	0.8410705594808521
106.05402701350675	0.7180039389980934	0.8411053716175386
106.18709354677338	0.7194099337493726	0.841512909129711
106.32016008004001	0.7199730694082788	0.8403109735983828
106.45322661330665	0.7188990191754242	0.8404447914423334
106.58629314657328	0.7179780902830025	0.8395564218420754
106.71935967983991	0.7179992677637319	0.838798081117669
106.85242621310655	0.7180947813643787	0.8404098485705553
106.98549274637318	0.7180239218072999	0.840640027254403
107.11855927963981	0.7175554276222225	0.8410617571520128
107.25162581290645	0.717366380176715	0.842550472327677
107.38469234617308	0.7173132775810678	0.8411101045487324
107.51775887943971	0.7183284901127315	0.8408457601119642
107.65082541270635	0.7188012636995904	0.840345821344671
107.78389194597298	0.7183868523297454	0.839468589641415
107.91695847923961	0.7177105097759909	0.839888716738392
108.05002501250625	0.7175844865591906	0.8399572248650147
108.18309154577288	0.7177272812804792	0.8399256671831015
108.31615807903951	0.717591230422123	0.8398147102057566
108.44922461230615	0.717749732960449	0.8394304474885493
108.58229114557278	0.7187677938471461	0.8391583329377212
108.71535767883941	0.7190774924884186	0.8398735739703928
108.84842421210605	0.7201214078342186	0.8401178819361581
108.98149074537268	0.7199288500359842	0.8394684986157311
109.11455727863931	0.7189938176382066	0.8384809108284872
109.24762381190595	0.7189323983659346	0.8373617956454033
109.38069034517258	0.7191652798687983	0.8354424981320703
109.51375687843921	0.7185308044340397	0.8356343193653912
109.64682341170585	0.7193468880197379	0.837225843012689
109.77988994497248	0.7198387535361366	0.8373890144796958
109.91295647823911	0.7194129444653403	0.837212576914267
110.04602301150575	0.7201047435800962	0.8378790422572935
110.17908954477238	0.7199545877081894	0.8376862164072293
110.31215607803901	0.7206996970037455	0.8373039706082636
110.44522261130565	0.7208631220778476	0.8371951538203778
110.57828914457228	0.7215134779434684	0.8372313253477187
110.71135567783892	0.7225133296936044	0.837137057544107
110.84442221110555	0.7228639227235519	0.8369283352881645
110.97748874437218	0.7227355922349865	0.837635568341097
111.11055527763882	0.721514672846743	0.8371483353515099
111.24362181090545	0.7213875186771295	0.8381597812131277
111.37668834417208	0.7232317595645023	0.8389836837918346
111.50975487743872	0.7227837389327526	0.837841374926182
111.64282141070535	0.722432477908485	0.8364085170573137
111.77588794397198	0.723606540803933	0.8358671367083154
111.90895447723862	0.7234196749771673	0.8371250563880304
112.04202101050525	0.7228017261636566	0.8376961217783062
112.17508754377188	0.7237831387571071	0.8370510824840156
112.30815407703852	0.7242958005668249	0.8373683293244294
112.44122061030515	0.7241397756090582	0.8366943812233395
112.57428714357178	0.7244362013579952	0.8364368656241812
112.70735367683842	0.723977947434248	0.8358144272681838
112.84042021010505	0.723101472355104	0.836128875649047
112.97348674337168	0.7223224594642835	0.8375184086484574
113.10655327663832	0.7219354692888146	0.8368547697859906
113.23961980990495	0.7219138491210243	0.8367460611155667
113.37268634317158	0.7220965122934768	0.8370235278031398
113.50575287643822	0.7214423656278337	0.8353273803616157
113.63881940970485	0.7206764719557663	0.8341681384163753
113.77188594297148	0.7204934318625121	0.834678645364848
113.90495247623812	0.7208174602511742	0.8352521283769301
114.03801900950475	0.72150777421637	0.8351210266177886
114.17108554277138	0.7207262415173734	0.8342104202099291
114.30415207603802	0.7195570740188081	0.8331057454723325
114.43721860930465	0.71967528873287	0.8326614708807574
114.57028514257128	0.7197098557016232	0.8335301505701393
114.70335167583792	0.7199862032953346	0.8337717100140993
114.83641820910455	0.7203185079349318	0.8339895849756427
114.96948474237118	0.7206975690244142	0.8346374671844164
115.10255127563782	0.7208058810270418	0.8354112410909738
115.23561780890445	0.7203160990487983	0.8356953608952251
115.36868434217108	0.7201190660346174	0.8357418382803002
115.50175087543772	0.7213229327981746	0.8356936980218288
115.63481740870435	0.7216125834914395	0.8340444972059697
115.76788394197098	0.72292959390989	0.832724557883997
115.90095047523762	0.723398779273781	0.8319128924695125
116.03401700850425	0.7221095726790436	0.8314326673280411
116.16708354177088	0.7225885197260938	0.8302473400130288
116.30015007503752	0.7234355055230789	0.8302345409024924
116.43321660830415	0.7228955439586207	0.8312630750682306
116.56628314157078	0.7226445647913554	0.8309233373318181
116.69934967483742	0.7228312172414966	0.8316769467839049
116.83241620810405	0.723420884669302	0.831013108375524
116.96548274137068	0.7226628036760679	0.8298443707230871
117.09854927463732	0.7213510466165501	0.8300976860325545
117.23161580790395	0.7217168248281797	0.830119637840523
117.36468234117058	0.7225646347449717	0.830814391663897
117.49774887443722	0.7225329756447463	0.8319152557811521
117.63081540770385	0.7223556942775305	0.8314499577336374
117.76388194097048	0.7224318116471613	0.8306494841799843
117.89694847423712	0.722906422888549	0.8308085514475702
118.03001500750375	0.7239460229272802	0.8299041214651873
118.16308154077038	0.7239454451301769	0.829001902701338
118.29614807403702	0.72281240914382	0.8282148123949565
118.42921460730365	0.7237074870140967	0.8283073669741732
118.56228114057028	0.7236001010843873	0.8283904485245099
118.69534767383692	0.7228022032009832	0.827669538051188
118.82841420710355	0.7236996649837203	0.828425034994759
118.96148074037018	0.7240033139227815	0.8285635569138663
119.09454727363682	0.7240865639810182	0.8295635741632756
119.22761380690345	0.72508964655224	0.8305341957419877
119.36068034017008	0.726448408804798	0.8301044223338654
119.49374687343672	0.7263003319897301	0.8307781834277983
119.62681340670335	0.7260141672232571	0.8293701680753386
119.75987993996998	0.7266382590717726	0.8285580126423162
119.89294647323662	0.72623450899927	0.8295403355916159
120.02601300650325	0.7263670791425122	0.8295581049457584
120.15907953976988	0.7268115481089922	0.8287395375083169
120.29214607303652	0.7261790020381719	0.8291320982698127
120.42521260630315	0.7256613664115943	0.8307849644874572
120.55827913956978	0.7250937769913731	0.8308082041577135
120.69134567283642	0.724432092985455	0.8301269247170655
120.82441220610305	0.7245999557874051	0.8297959601802166
120.95747873936968	0.7247410626822414	0.8300571358973976
121.09054527263632	0.7251883153291674	0.8306834813056923
121.22361180590295	0.725637333615795	0.8306796204806741
121.35667833916958	0.7250594775226227	0.830402224732085
121.48974487243622	0.7248956750974787	0.8295362067489906
121.62281140570285	0.7252716576957001	0.8289947478145671
121.75587793896948	0.7253540734533757	0.8284735089341115
121.88894447223612	0.726074210059664	0.8283078639520821
122.02201100550275	0.7254799647698524	0.8282076499979959
122.15507753876938	0.7243583055312643	0.8276794773258714
122.28814407203602	0.7247930240648588	0.8275996597841145
122.42121060530265	0.7255334448406824	0.8261169080551254
122.55427713856928	0.7263768682453787	0.8253170130794486
122.68734367183592	0.7261324504165653	0.8246267920215286
122.82041020510255	0.7261186697793979	0.8244613104245213
122.95347673836918	0.7268879308255418	0.8255370574808989
123.08654327163582	0.7269701781247673	0.8254678605579334
123.21960980490245	0.7263943360848368	0.8250862557280159
123.35267633816908	0.7252048799129718	0.825547663227531
123.48574287143572	0.724654499094168	0.8259500455426012
123.61880940470235	0.7239005008145888	0.8254520725778248
123.75187593796898	0.7233683208338019	0.8248135605902991
123.88494247123562	0.7229507855790416	0.8244117177724852
124.01800900450225	0.7225376395976646	0.8241656991126555
124.15107553776888	0.722434279867751	0.8242140366028702
124.28414207103552	0.722503223098335	0.8250364618863449
124.41720860430215	0.7223913274675925	0.826021231498727
124.55027513756878	0.7234099969702606	0.8258959383299023
124.68334167083542	0.7242919322627818	0.826092700565493
124.81640820410205	0.7236257703610014	0.8255328350286407
124.94947473736867	0.7236162180174336	0.8250827244403495
125.08254127063532	0.7240669888030135	0.8258935965945488
125.21560780390195	0.7240758106889068	0.8248805503606575
125.34867433716857	0.7242275991580628	0.8249115169584247
125.48174087043522	0.7247376061854264	0.8259975523209465
125.61480740370185	0.7252242549042472	0.8257402786584965
125.74787393696847	0.7250420101995039	0.8258227562816803
125.88094047023512	0.7248945512609358	0.8256935617777538
126.01400700350175	0.7253943354521699	0.8261698975009116
126.14707353676837	0.7250834504728668	0.8255513418209285
126.28014007003502	0.7250814607719184	0.8236982002365058
126.41320660330165	0.7258895756410843	0.8228046545152605
126.54627313656827	0.7267185316407586	0.8221656678529333
126.67933966983492	0.7260624861260139	0.8224774776379579
126.81240620310155	0.7257610839299857	0.8213945627289614
126.94547273636817	0.72636483856168	0.8209116435534034
127.07853926963482	0.7261682023651767	0.8219005081324601
127.21160580290145	0.7260805469581448	0.821404977404301
127.34467233616807	0.7260620811637506	0.8210658215292501
127.47773886943472	0.7264879724208712	0.8212947068658032
127.61080540270135	0.7263284434983377	0.8206371876928665
127.74387193596797	0.7269299764750774	0.8201044810859658
127.87693846923462	0.7266054685899096	0.8204350323983628
128.01000500250126	0.7256058805892139	0.8202707631497256
128.1430715357679	0.7264351953611163	0.8204946057478087
128.27613806903452	0.7274007983925469	0.8207211937063268
128.40920460230114	0.7274156194296231	0.8200595011541703
128.54227113556777	0.7277858677941901	0.8199386727458388
128.6753376688344	0.7275995686761704	0.820262394631379
128.80840420210106	0.7263664083128986	0.8215372001493964
128.9414707353677	0.7257926174709951	0.8219011353813799
129.07453726863432	0.7257778418812966	0.8210949330670968
129.20760380190094	0.7261982618837913	0.8209305758408564
129.34067033516757	0.7266530109593191	0.8219496296958465
129.4737368684342	0.7263246099840435	0.8227293317348809
129.60680340170086	0.7263501449302634	0.8229391956848134
129.7398699349675	0.7273653067974399	0.8232812152487627
129.87293646823412	0.7267418889705516	0.8230632489377158
130.00600300150074	0.7257649757262946	0.8236356849468164
130.13906953476737	0.7267573740641339	0.8234242576415995
130.272136068034	0.7263698239088597	0.8210831767453874
130.40520260130066	0.7270302954182257	0.8203241859827771
130.5382691345673	0.7286843974179331	0.8213125358717619
130.67133566783392	0.7285280217704126	0.8206754805900731
130.80440220110054	0.7278342891964604	0.819891659785566
130.93746873436717	0.727622366627837	0.8212634171246165
131.0705352676338	0.7276106814362635	0.8212498214486951
131.20360180090046	0.7269436569858498	0.8201299081893308
131.3366683341671	0.7275333612648631	0.8199117483519254
131.46973486743371	0.7278695687336731	0.8198127922701757
131.60280140070034	0.7278378295757706	0.8195864420534235
131.73586793396697	0.7281582485710084	0.820007588964195
131.8689344672336	0.7274977338659516	0.8199615338481749
132.00200100050026	0.7274148876272144	0.8193793217719386
132.1350675337669	0.7282531104959352	0.8187941819071852
132.26813406703351	0.7286478695081019	0.8182781368971322
132.40120060030014	0.728101161016421	0.8173437022010859
132.53426713356677	0.7285038048812732	0.8167622561669922
132.6673336668334	0.7283488286481857	0.817069664461449
132.80040020010006	0.7273844731881981	0.8163855920791317
132.93346673336669	0.7266479860012055	0.8168475133526059
133.06653326663331	0.7260529131237353	0.8178346425035548
133.19959979989994	0.7269824121445109	0.8173723554666926
133.33266633316657	0.726710610706006	0.8173867291668246
133.4657328664332	0.7260926901858535	0.816430815718611
133.59879939969986	0.7262821402823318	0.8150837661284003
133.73186593296649	0.7253104464203257	0.814881932090751
133.8649324662331	0.7253588173543546	0.8139147689463379
133.99799899949974	0.7271275317369743	0.8145357433723739
134.13106553276637	0.7274864408726248	0.8163530245939635
134.264132066033	0.7276299331356947	0.8162542356228178
134.39719859929966	0.7281148047683864	0.8161861296341673
134.53026513256629	0.7287251962372852	0.815017775690048
134.6633316658329	0.7292002734101882	0.8139677931010285
134.79639819909954	0.7293203555779062	0.812987529387276
134.92946473236617	0.7300873112480945	0.8125868982707801
135.0625312656328	0.7299592296554924	0.8115803507104213
135.19559779889946	0.7284074521018403	0.8102962961180022
135.32866433216608	0.7284132637282162	0.810611230557675
135.4617308654327	0.7282948840145267	0.8103324179507062
135.59479739869934	0.7264720883335938	0.8102886262188289
135.72786393196597	0.7265904360372197	0.8108412558524833
135.8609304652326	0.7271459159361162	0.8117577037741337
135.99399699849926	0.7273195279349921	0.8131454542681524
136.12706353176588	0.727862215824645	0.8134705050683123
136.2601300650325	0.7270731854503415	0.8128065655627532
136.39319659829914	0.7269102500927184	0.8126240069371709
136.52626313156577	0.7268082944745695	0.8110343639690244
136.65932966483243	0.7268972005871291	0.8099463670357575
136.79239619809906	0.7262089570453416	0.8110522893649263
136.92546273136568	0.7254730805769158	0.8101983409814411
137.0585292646323	0.7266066265770998	0.8092919287983183
137.19159579789894	0.7271817238758566	0.8107677779145258
137.32466233116557	0.7268237056886736	0.8115968620435685
137.45772886443223	0.726687490850072	0.8112994581355178
137.59079539769886	0.7265622872771217	0.8114661269037621
137.72386193096548	0.7261030336248131	0.8117320480627401
137.8569284642321	0.7258137848016241	0.8113994072473022
137.98999499749874	0.7253600240655047	0.811471202703786
138.12306153076537	0.7258033743924736	0.8112878662168905
138.25612806403203	0.7268674050189233	0.8102087003856799
138.38919459729865	0.7273734082827333	0.8099406698712706
138.52226113056528	0.7269802328596933	0.8112746899199514
138.6553276638319	0.726388777527834	0.8122293467923788
138.78839419709854	0.7265613693816587	0.8117689856298678
138.92146073036517	0.7265063460159207	0.810601163855145
139.05452726363183	0.726302065139573	0.8103077100540964
139.18759379689845	0.7266705174660093	0.8102139210224661
139.32066033016508	0.7269567071416412	0.8098467425797937
139.4537268634317	0.7259636339662126	0.8103686871393072
139.58679339669834	0.7249792302307928	0.8095495853828806
139.71985992996497	0.7256963009896483	0.808658687662634
139.85292646323163	0.726176198551392	0.8094220118515508
139.98599299649825	0.7261584339942648	0.8086204439095537
140.11905952976488	0.7253637245132163	0.8080842226302364
140.2521260630315	0.7250870622824737	0.8076833432388755
140.38519259629814	0.7251766186577286	0.8068064647301889
140.51825912956477	0.7253834788886767	0.8062206707000794
140.65132566283143	0.7256143106335504	0.80703430358404
140.78439219609805	0.7260921899893026	0.8067533912101739
140.91745872936468	0.7262271408902721	0.8060432821403126
141.0505252626313	0.7264949835592578	0.8054022182965529
141.18359179589794	0.725973569227652	0.8052064825591082
141.31665832916457	0.7251411366442353	0.8063900894385592
141.44972486243122	0.7245486207047087	0.8068849924995888
141.58279139569785	0.7245824773318033	0.8068743265224358
141.71585792896448	0.7250534981564927	0.8067699320351758
141.8489244622311	0.7256046622930087	0.8072194386589444
141.98199099549774	0.7252766882241288	0.8070024717060169
142.11505752876437	0.7244542993533075	0.8062857552434497
142.24812406203102	0.7249597805017146	0.8060088503946286
142.38119059529765	0.7253285738153138	0.8054808138960444
142.51425712856428	0.7257339369368307	0.8054236300987638
142.6473236618309	0.725456372576309	0.8058543427931892
142.78039019509754	0.7247259061172058	0.8054880690328136
142.91345672836417	0.7248615532278584	0.8057204725168712
143.04652326163082	0.7246195664545276	0.8062945492453306
143.17958979489745	0.7235220191981242	0.8059986998210646
143.31265632816408	0.7230527758774999	0.8058579835573593
143.4457228614307	0.7229743726768598	0.8059074282777325
143.57878939469734	0.7225523321946754	0.8061630759670916
143.71185592796397	0.7222352356532454	0.8057022656243563
143.84492246123062	0.7226312189187802	0.8041311498124576
143.97798899449725	0.7223942460868226	0.8036091357070357
144.11105552776388	0.7228708189772717	0.8047705070841048
144.2441220610305	0.7235280350800406	0.8056147610342718
144.37718859429714	0.7236135664344642	0.8058207828837456
144.51025512756377	0.7234496478448037	0.8071453272181764
144.64332166083042	0.7233283443687623	0.8071555814664695
144.77638819409705	0.7238949017172869	0.806065912852983
144.90945472736368	0.7241023160935876	0.8060859168300986
145.0425212606303	0.7230565389692019	0.8060716553681824
145.17558779389694	0.7228088899567332	0.806487869333715
145.30865432716357	0.7232057543311251	0.8073452599194584
145.44172086043022	0.723181273924266	0.8066428764035195
145.57478739369685	0.7227319876769502	0.8056450768429143
145.70785392696348	0.7233973842956098	0.8057098493240968
145.8409204602301	0.7232270714933355	0.8052753813658406
145.97398699349674	0.7226787857048177	0.8036504659235273
146.10705352676337	0.7232507340999262	0.8042280402876204
146.24012006003002	0.7219824045673465	0.8040828062210165
146.37318659329665	0.7209223903843864	0.803670936609265
146.50625312656328	0.7203210586334748	0.8046225797861567
146.6393196598299	0.7204725361211651	0.8049843972355679
146.77238619309654	0.7212161714641836	0.8051739299773061
146.90545272636317	0.7210452483250249	0.8049096831786414
147.03851925962982	0.7209950553398249	0.8044857073194555
147.17158579289645	0.721227659815236	0.8044870300072235
147.30465232616308	0.7209554099258095	0.803956582073152
147.4377188594297	0.7211098683291322	0.8032435684981634
147.57078539269634	0.7209971804625931	0.8026875901035667
147.70385192596297	0.7202079194781299	0.8013947656094829
147.83691845922962	0.7204818488510345	0.8016986907365868
147.96998499249625	0.7207892543498308	0.8019931556528578
148.10305152576288	0.7211271131512259	0.8021310404888953
148.2361180590295	0.721130510551632	0.8017081126154861
148.36918459229614	0.7208540467928835	0.8004473475659537
148.50225112556276	0.7210858379475049	0.7988967799369565
148.63531765882942	0.7219738727948101	0.7983689820130426
148.76838419209605	0.7218039185691764	0.7982294669395906
148.90145072536268	0.7209574483947203	0.7967743727224335
149.0345172586293	0.7217267759595206	0.7973905040051814
149.16758379189594	0.7214248897578898	0.7981762805444199
149.30065032516256	0.720683045190146	0.799080357926039
149.43371685842922	0.7207532157640312	0.7988368500679448
149.56678339169585	0.7207433164010337	0.7986975968358383
149.69984992496248	0.7202517198914327	0.7984950148401863
149.8329164582291	0.7199699482073331	0.7978539835027333
149.96598299149574	0.7206418223048141	0.7975721720169274
150.09904952476236	0.7208608670201933	0.7975535859717957
150.23211605802902	0.7205096020400354	0.7973552584438173
150.36518259129565	0.7213152908539341	0.7972484994586502
150.49824912456228	0.7222635413191262	0.796463145187615
150.6313156578289	0.7225751242764338	0.7958693137283613
150.76438219109554	0.7231014233465429	0.7974168324139247
150.89744872436216	0.7221420495193981	0.7981126659854847
151.03051525762882	0.720356169119185	0.7982792977086086
151.16358179089545	0.7195273573998939	0.7990288378833784
151.29664832416208	0.7194390664311293	0.7992868815761318
151.4297148574287	0.7190905406017255	0.7988836392933029
151.56278139069533	0.7180489586441083	0.7986071843030859
151.69584792396196	0.7183783433048068	0.7994536803378917
151.82891445722862	0.7183867302688284	0.7997857914393747
151.96198099049525	0.7177985334514578	0.7995051933659462
152.09504752376188	0.718081043594437	0.7994555241214787
152.2281140570285	0.7183473404343573	0.7996944252941922
152.36118059029513	0.7187025282687645	0.7984596516003356
152.49424712356176	0.7192968557372761	0.7981101038196928
152.62731365682842	0.7191959022965722	0.7991009761479891
152.76038019009505	0.7198214496822553	0.7992440430957173
152.89344672336168	0.7198010124897097	0.7993663018291356
153.0265132566283	0.7200359191178746	0.7985179518796314
153.15957978989493	0.7207479309981133	0.7977064701769374
153.2926463231616	0.7197854438529364	0.7973815845963936
153.42571285642822	0.7191200602170665	0.7968400929449254
153.55877938969485	0.718706259004931	0.7961768447518811
153.69184592296148	0.7184505567301817	0.7958242962194887
153.8249124562281	0.7187010158660878	0.795167131428456
153.95797898949473	0.7187859718720424	0.7955188674741932
154.0910455227614	0.7190599570457702	0.7961476923038325
154.22411205602802	0.7191289552541709	0.7951280679342494
154.35717858929465	0.718656441575538	0.7954522472221227
154.49024512256128	0.718632307104388	0.7963903079450103
154.6233116558279	0.7185090597181366	0.7965851285393748
154.75637818909453	0.7178668248111575	0.7969706891962733
154.8894447223612	0.7174393411693859	0.7962134645393879
155.02251125562782	0.7177411148370018	0.7958858536398982
155.15557778889445	0.7173626814658346	0.7958019267004848
155.28864432216108	0.7170966858960548	0.795798284789494
155.4217108554277	0.7163326208911601	0.7966171885297063
155.55477738869433	0.714829132003172	0.7963201330357215
155.687843921961	0.7144760762858421	0.796044504767709
155.82091045522762	0.7148010545053692	0.7965056516482284
155.95397698849425	0.714543175902393	0.7962056133740834
156.08704352176088	0.7145986372871178	0.7965571711542447
156.2201100550275	0.7151379105176308	0.7974167851516445
156.35317658829413	0.7143142077249816	0.7983527472310162
156.4862431215608	0.7130509096222428	0.798037171123802
156.61930965482742	0.7125218577411947	0.7980797954921859
156.75237618809405	0.713321976568668	0.7991482795899216
156.88544272136068	0.7139166191050492	0.7989959863367029
157.0185092546273	0.7148338235895269	0.7972806412359562
157.15157578789393	0.7137857628245129	0.7968115170670343
157.2846423211606	0.713445509019742	0.7965300351024222
157.41770885442722	0.713879116635451	0.7966444840727666
157.55077538769385	0.7130358824497515	0.7978248785913947
157.68384192096048	0.7137169471338275	0.7983796775493205
157.8169084542271	0.714161719409374	0.7981704074565851
157.94997498749373	0.7127180437441324	0.7963610176425703
158.0830415207604	0.7124721565953726	0.7937328247675038
158.21610805402702	0.7136186848668985	0.7925335755995451
158.34917458729365	0.7144838921261677	0.7924782519926469
158.48224112056027	0.7135670008143273	0.7924970023397968
158.6153076538269	0.7133014032448572	0.7913352354724743
158.74837418709353	0.7136275172613726	0.790871628043916
158.8814407203602	0.7132520916807669	0.7910891584345326
159.01450725362682	0.7136415461585934	0.7900855133618567
159.14757378689345	0.7144276454796675	0.7902240542629612
159.28064032016007	0.7145202792425563	0.7887839643384605
159.4137068534267	0.7154648784710721	0.7890375436160011
159.54677338669333	0.7154178735210593	0.7895231681227887
159.67983991996	0.7144862999773088	0.7893888680849822
159.81290645322662	0.7140750751875832	0.7903112699126376
159.94597298649325	0.714441784336935	0.791414651518531
160.07903951975987	0.7142330451085845	0.7915472965981202
160.2121060530265	0.7137735451808576	0.7917536822540896
160.34517258629313	0.7135783196953885	0.791539251552082
160.4782391195598	0.7138785358765112	0.790945376238012
160.61130565282642	0.7138397588294514	0.7901985174114134
160.74437218609305	0.713698245344842	0.7903884952683778
160.87743871935967	0.7133003139300287	0.7899321559867304
161.0105052526263	0.7129584698782983	0.790400207808039
161.14357178589293	0.7134911075780264	0.7905654065624317
161.2766383191596	0.7128445855448812	0.7901411995053842
161.40970485242622	0.7129725199660164	0.7895503771805386
161.54277138569284	0.7132755356541931	0.7887350176093951
161.67583791895947	0.713674247979564	0.7890877645872262
161.8089044522261	0.7139583059901692	0.7883983188652633
161.94197098549273	0.7140510713896858	0.7878597669137671
162.0750375187594	0.7136505312208625	0.7884341188738522
162.20810405202602	0.712737912517536	0.7880573417095306
162.34117058529264	0.7130929803268304	0.78756511178961
162.47423711855927	0.71252431907096	0.7862498867704515
162.6073036518259	0.712076822334401	0.7859925397091285
162.74037018509253	0.712080524241084	0.7865855428557276
162.8734367183592	0.7125075506717559	0.7871883630844739
163.00650325162582	0.712306466729766	0.7859644905202006
163.13956978489244	0.7117110818211794	0.7862177600568191
163.27263631815907	0.7120181337901648	0.7876241333991267
163.4057028514257	0.7130991312675579	0.7868673470329374
163.53876938469233	0.7138280598767114	0.786094689791672
163.671835917959	0.7150931535135245	0.7866435558243352
163.80490245122562	0.7136773357040167	0.7874928942043463
163.93796898449224	0.7126911577197254	0.7869178467610588
164.07103551775887	0.7132945315732785	0.7857620432460566
164.2041020510255	0.7128804098589729	0.7855845794870203
164.33716858429213	0.7125996316434546	0.7861357942229015
164.4702351175588	0.7136208272078182	0.7863914417998816
164.60330165082541	0.7131759033049009	0.7865581757953298
164.73636818409204	0.712963477096743	0.7860885191610707
164.86943471735867	0.7130672149259977	0.7849851079275652
165.0025012506253	0.7132478646537994	0.7856498829404399
165.13556778389193	0.7140171270034802	0.7855174263363528
165.2686343171586	0.7143076721447782	0.7841434155802215
165.40170085042521	0.7148706541024094	0.7847365654116513
165.53476738369184	0.7155796712141845	0.7834860089646769
165.66783391695847	0.7157593782781826	0.7816148681897918
165.8009004502251	0.715921120772676	0.7826928453488453
165.93396698349173	0.7157042219081512	0.7831717098923933
166.06703351675839	0.7158877167152395	0.7831970671582592
166.20010005002501	0.7161234868014669	0.7832133342425132
166.33316658329164	0.7153999323087047	0.7828084557434436
166.46623311655827	0.7149445378207434	0.7821795647644653
166.5992996498249	0.713798493040722	0.783455716568976
166.73236618309153	0.7133181983914002	0.7840942150537297
166.86543271635819	0.7131866468161961	0.78368158096882
166.9984992496248	0.7127365124567082	0.7835072929827201
167.13156578289144	0.7123525818565013	0.7840057946514718
167.26463231615807	0.7126147003333869	0.7838618804827328
167.3976988494247	0.7121376960123637	0.7832802201120528
167.53076538269133	0.7120861448567434	0.7819177179835483
167.66383191595799	0.7133521917442295	0.7817690953162765
167.7968984492246	0.713157556211072	0.782590421036562
167.92996498249124	0.7123322251136998	0.7820464534288976
168.06303151575787	0.7116971892284951	0.7823847738415463
168.1960980490245	0.7110956213377408	0.7827422934970765
168.32916458229113	0.7112370972905411	0.7829934777815801
168.46223111555778	0.7110555277615375	0.7829023384740439
168.5952976488244	0.710733443650486	0.7829021037663667
168.72836418209104	0.7104897128718072	0.7825686489059117
168.86143071535767	0.7116868507283156	0.7820693349141365
168.9944972486243	0.7117785835282856	0.7822131297742337
169.12756378189093	0.710438733442385	0.7814156965584127
169.26063031515758	0.7103203509810654	0.7814273490302017
169.3936968484242	0.7103005040863086	0.7812926220548909
169.52676338169084	0.709606768792951	0.7809894065948165
169.65982991495747	0.7093772345749367	0.7803642545781929
169.7928964482241	0.7097493801707623	0.7797493573494528
169.92596298149073	0.7088171668751398	0.7801625969364024
170.05902951475738	0.7088741751358102	0.7805335927466601
170.192096048024	0.7092039112500559	0.7803348815942197
170.32516258129064	0.7085594610025171	0.7800477286372989
170.45822911455727	0.7085077274219096	0.7809017113722697
170.5912956478239	0.7077761514311782	0.7815543487751914
170.72436218109056	0.7082676727616319	0.7812709439760152
170.85742871435718	0.708674003062474	0.7817998449349532
170.9904952476238	0.7088989294450779	0.7804651664012163
171.12356178089044	0.708845182080975	0.7801032685737772
171.25662831415707	0.7082943642564237	0.781062034215434
171.3896948474237	0.7084658315859588	0.7809590431583819
171.52276138069035	0.7082013303629541	0.7807743846562442
171.65582791395698	0.7084159293926132	0.780555021007203
171.7888944472236	0.7096026603143883	0.7808091880260639
171.92196098049024	0.7083581581679389	0.7800538903883186
172.05502751375687	0.7081543350982158	0.7796110272339121
172.1880940470235	0.7088067357377004	0.778732965979549
172.32116058029015	0.7085143461493204	0.7769817510302641
172.45422711355678	0.7086991730743856	0.7760045596959166
172.5872936468234	0.7090536936598856	0.7751110287521313
172.72036018009004	0.7094076704666041	0.7759189937993703
172.85342671335667	0.7100495292750179	0.7760339763574468
172.9864932466233	0.7099775680154007	0.7752971652265586
173.11955977988995	0.7081999833634878	0.775049630841148
173.25262631315658	0.7078461809467299	0.7736025674012786
173.3856928464232	0.7097583909731996	0.7733168147917013
173.51875937968984	0.7094800504942638	0.7732447353044066
173.65182591295647	0.7089250916285882	0.7735533057801713
173.7848924462231	0.7088283805352045	0.7731494732355819
173.91795897948975	0.7083693514967017	0.7748456435522338
174.05102551275638	0.7080112924485248	0.7757798098977777
174.184092046023	0.708728829713344	0.7747405710290545
174.31715857928964	0.707179435998468	0.7743981222242822
174.45022511255627	0.7061965091794756	0.7733847719381617
174.5832916458229	0.7060053086334337	0.7742674181558793
174.71635817908955	0.7051112428313503	0.776261400402784
174.84942471235618	0.7051312266715235	0.7750670706843916
174.9824912456228	0.7055604516222319	0.7744401731533076
175.11555777888944	0.7042842971914685	0.7749192359335677
175.24862431215607	0.7038187346949518	0.7749646113903665
175.3816908454227	0.7036370475780221	0.7749507875102752
175.51475737868935	0.7039655083232431	0.7756105486147158
175.64782391195598	0.7054980203975958	0.7751839375425696
175.7808904452226	0.7049529088424898	0.7738084049202407
175.91395697848924	0.7052474493938535	0.7738954444126039
176.04702351175587	0.7058480152060663	0.7736814486700695
176.1800900450225	0.7052563451327953	0.7729635828858048
176.31315657828915	0.7051483489267767	0.7718896607747914
176.44622311155578	0.7049059832446011	0.7720631808255252
176.5792896448224	0.7044222569847496	0.7708630441852038
176.71235617808904	0.7041894096110317	0.7705816839685807
176.84542271135567	0.704055442995276	0.7708453674630431
176.9784892446223	0.7040131235160748	0.7706644137137341
177.11155577788895	0.7037557239433337	0.7713741522495126
177.24462231115558	0.7038261488588405	0.7714150529313718
177.3776888444222	0.7038851629985831	0.7712951128750654
177.51075537768884	0.7026546774401721	0.7721681499443962
177.64382191095547	0.7020378807398496	0.772592275216852
177.7768884442221	0.7022293036583956	0.7725067299226327
177.90995497748875	0.702540609337607	0.7725494994387072
178.04302151075538	0.7029895548767844	0.7734602602847653
178.176088044022	0.7023005661487433	0.7736989315187517
178.30915457728864	0.7014589088356958	0.7733744271451558
178.44222111055527	0.7023332270670469	0.7733097488064893
178.5752876438219	0.7026856466700914	0.7721793430374159
178.70835417708855	0.7029788251267494	0.7723503642709948
178.84142071035518	0.7031930373413575	0.7718262492156212
178.9744872436218	0.7032283081995752	0.7721198220945062
179.10755377688844	0.7020681565254322	0.7719939728821636
179.24062031015507	0.700867393162879	0.7713766753865253
179.3736868434217	0.699870537275578	0.7705048977348399
179.50675337668835	0.6999119777997631	0.7693828128650112
179.63981990995498	0.7000122957647046	0.7700512828999139
179.7728864432216	0.6994866942182674	0.7694941153180814
179.90595297648824	0.6988118341756756	0.7691920123312347
180.03901950975487	0.698688654281039	0.7697799708623201
180.1720860430215	0.6979046407792696	0.7703540106404085
180.30515257628815	0.6976965634383289	0.7708353979122099
180.43821910955478	0.6974517826801643	0.7709181344750311
180.5712856428214	0.6973075922793625	0.7701364707456618
180.70435217608804	0.6979164990164862	0.769960529742587
180.83741870935467	0.6984136691125362	0.7711729288778513
180.9704852426213	0.6992123838731749	0.771266505650703
181.10355177588795	0.6992943575531592	0.7705399625147068
181.23661830915458	0.6988523257580387	0.7700739348220503
181.3696848424212	0.6984304319424581	0.7699036444094561
181.50275137568784	0.6988401221068071	0.7698148869305484
181.63581790895446	0.6993632222041589	0.7712086927920381
181.7688844422211	0.6998777871951194	0.7711256848565663
181.90195097548775	0.7001389031654244	0.7710843414263402
182.03501750875438	0.700486071975317	0.7702964482483742
182.168084042021	0.7006004187209804	0.7706922129187548
182.30115057528764	0.7001639518504864	0.7713937405026513
182.43421710855426	0.6993383837396919	0.7710534491245247
182.5672836418209	0.6989044039165532	0.7716031966829964
182.70035017508755	0.6989627671239611	0.7704519507069669
182.83341670835418	0.6981052292666964	0.769816451945201
182.9664832416208	0.6982494258695068	0.7702426924877427
183.09954977488744	0.697991881759878	0.7698418697978516
183.23261630815406	0.6973339123739621	0.7699418245957266
183.3656828414207	0.6979518015481491	0.769630169458346
183.49874937468735	0.6984707800471004	0.7693600879142269
183.63181590795398	0.6992544062843613	0.7699730001926981
183.7648824412206	0.6991995477748226	0.7692120670739874
183.89794897448724	0.6990352938701135	0.7680463735363194
184.03101550775386	0.699156069266856	0.769131105392825
184.1640820410205	0.699231526182931	0.7690049287709462
184.29714857428715	0.6987552595501603	0.7685258882084743
184.43021510755378	0.6976894569529641	0.7679715958959634
184.5632816408204	0.6974413869359027	0.7677339379711114
184.69634817408703	0.6973088475141482	0.7679912467707343
184.82941470735366	0.6979296476183992	0.7666031080622411
184.9624812406203	0.6975596869701002	0.7670105341426076
185.09554777388695	0.6971256245595747	0.7669894184122699
185.22861430715358	0.6964834539924967	0.7668323334539818
185.3616808404202	0.6951993910149272	0.7665239050553473
185.49474737368683	0.694884673165628	0.766140535015559
185.62781390695346	0.6948087877345286	0.7660733723436773
185.7608804402201	0.695280562055911	0.7650055601243603
185.89394697348675	0.6943772363359825	0.765502860869534
186.02701350675338	0.6942427375139799	0.7657858456951634
186.16008004002	0.694483681849174	0.7660915865345095
186.29314657328663	0.6949748330850954	0.7667121854787626
186.42621310655326	0.6953237531031028	0.7662514951074848
186.5592796398199	0.6950584575757176	0.7666309805426241
186.69234617308655	0.6947497599260137	0.7665873289058565
186.82541270635318	0.6945951298235041	0.7675094326260399
186.9584792396198	0.6948166507359583	0.7680769611067394
187.09154577288643	0.6949293900248388	0.7665733173188711
187.22461230615306	0.6953947802374694	0.7656711295273307
187.3576788394197	0.6945121571639112	0.7653074072499336
187.49074537268635	0.6947479959788657	0.7646074904290389
187.62381190595298	0.6951695518871777	0.7643719337311725
187.7568784392196	0.695776422272211	0.7631742495234335
187.88994497248623	0.6960514027856537	0.7616114059297144
188.02301150575286	0.696668984874387	0.7615409965101922
188.15607803901952	0.6979989531321847	0.7614310485501498
188.28914457228615	0.6977286714274524	0.7610909852365901
188.42221110555278	0.6973152404014125	0.7605001370511758
188.5552776388194	0.6977519274758092	0.7610846686070712
188.68834417208603	0.6973857193743341	0.7609467172628147
188.82141070535266	0.6967359201772618	0.7606536183149076
188.95447723861932	0.6958059175914678	0.7618825450727545
189.08754377188595	0.6965630050265075	0.7616979291184899
189.22061030515258	0.696589341516117	0.7616498269278468
189.3536768384192	0.6973662206296307	0.7615611511493343
189.48674337168583	0.6964995406483868	0.7620325116039229
189.61980990495246	0.696481096306542	0.7626689237411358
189.75287643821912	0.6961132566524506	0.7629290211911922
189.88594297148575	0.6960171917432981	0.7624805667080988
190.01900950475238	0.6948581704035762	0.7613725273509333
190.152076038019	0.6944434398629963	0.7609601087601141
190.28514257128563	0.6945180036044523	0.7611217847129493
190.41820910455226	0.6940577865517981	0.7611724841308787
190.55127563781892	0.6946135855527417	0.7615283880439592
190.68434217108555	0.695098220028519	0.7619823892761588
190.81740870435218	0.6945837330876182	0.7618469141942286
190.9504752376188	0.6937695520366457	0.7615898511593853
191.08354177088543	0.6942455923731639	0.7614350013691752
191.21660830415206	0.6945793241029288	0.7612038424016988
191.34967483741872	0.6930894561279041	0.7625633402798266
191.48274137068535	0.6921809954330441	0.7621307975839305
191.61580790395197	0.6919758621854638	0.7612289515693317
191.7488744372186	0.6915579723851195	0.7608116157214908
191.88194097048523	0.6930152212619771	0.7604939721071753
192.01500750375186	0.6935405460409722	0.7594985422870041
192.14807403701852	0.6933191974145773	0.7594003842563853
192.28114057028515	0.6931990425581236	0.7606211590255264
192.41420710355177	0.692834973898959	0.7603558111069543
192.5472736368184	0.6928805122174706	0.7605291514972153
192.68034017008503	0.6930086165065391	0.7603225647774422
192.81340670335166	0.6922874150017716	0.7607498270223271
192.94647323661832	0.6924087724797923	0.7610399313216579
193.07953976988495	0.6910692307321058	0.7596312542566971
193.21260630315157	0.6903750543124599	0.7590440835374487
193.3456728364182	0.6900809845357481	0.7588470722382628
193.47873936968483	0.690722939129646	0.7574429230062577
193.61180590295146	0.6916178331785112	0.7576780432199125
193.74487243621812	0.6912653971167865	0.7576571019235304
193.87793896948475	0.6918459195369834	0.7581949626126976
194.01100550275137	0.6899721230670046	0.7583391651935532
194.144072036018	0.6883137395226759	0.7585603382236152
194.27713856928463	0.6882772173458344	0.7579963648460604
194.41020510255126	0.688422354793796	0.7577618643542225
194.54327163581792	0.68820670958572	0.7585733901880044
194.67633816908454	0.6873881105026602	0.7579756701645786
194.80940470235117	0.6866927844630474	0.7573071160284945
194.9424712356178	0.6861683940996546	0.7562690105130536
195.07553776888443	0.6856330683161549	0.7562172900454602
195.20860430215106	0.6852728572135317	0.7556241497871906
195.34167083541772	0.6863226503333885	0.756092518448631
195.47473736868434	0.6873834036882742	0.7560860168939497
195.60780390195097	0.6872962014185711	0.7560174874382132
195.7408704352176	0.6867482824774673	0.756198844928202
195.87393696848423	0.686372481279633	0.7568398823616029
196.00700350175086	0.6848548927741276	0.757052839732723
196.14007003501752	0.6844455524460173	0.7561036466687067
196.27313656828414	0.6844305353356097	0.7564128705349313
196.40620310155077	0.685407127308651	0.7558307666255637
196.5392696348174	0.6850902678790185	0.7555327619591543
196.67233616808403	0.684680132296795	0.7542727225231096
196.80540270135066	0.6861325213206679	0.7554086617096952
196.93846923461732	0.6874352295206326	0.7553467117188276
197.07153576788394	0.687261356393977	0.7549382823003625
197.20460230115057	0.687655932572608	0.7545390994562704
197.3376688344172	0.6883373872201578	0.7550415391488124
197.47073536768383	0.6882519099716474	0.7544267875033392
197.60380190095046	0.6891074163115704	0.7553426388232898
197.73686843421712	0.6892729250295059	0.7561265267048413
197.86993496748374	0.6890544166788722	0.7555720392507201
198.00300150075037	0.6890874083894073	0.7544226168418604
198.136068034017	0.6890584580875597	0.7527678734142526
198.26913456728363	0.6895362657192725	0.7513601252991478
198.40220110055026	0.6890833523972408	0.7525055032102543
198.53526763381691	0.6874709264595554	0.7526623953763094
198.66833416708354	0.6863230666539106	0.753495309788122
198.80140070035017	0.6843830883617621	0.752858989118756
198.9344672336168	0.6847595142843623	0.7517963542471703
199.06753376688343	0.6838414398867052	0.7516816288513509
199.20060030015006	0.6830754046768546	0.7525800052055918
199.33366683341671	0.6831108100792153	0.7526541118902922
199.46673336668334	0.6829259527861257	0.7533181453867618
199.59979989994997	0.682950961969528	0.7528688237546829
199.7328664332166	0.682713120362308	0.7536978341698242
199.86593296648323	0.6822399388297364	0.7547111106362433
199.99899949974986	0.6822123781374825	0.753496225463223
200.1320660330165	0.6826550697173432	0.754574707186247
200.26513256628314	0.6824422064908616	0.7547701480687656
200.39819909954977	0.6818751350893747	0.7547256510162462
200.5312656328164	0.6821462296680494	0.7539845868350835
200.66433216608303	0.6814837863630022	0.7539297307468514
200.79739869934966	0.6808127675991723	0.7532834695871591
200.9304652326163	0.6824135967654196	0.7536600808318896
201.06353176588294	0.6815807011291033	0.753733685285401
201.19659829914957	0.6806235962446755	0.7536039052501483
201.3296648324162	0.6799040255872555	0.7526654536039257
201.46273136568283	0.6800201152753775	0.7523667617514913
201.59579789894946	0.679733322874462	0.7526012197259869
201.7288644322161	0.6797585181478885	0.7532479891124995
201.86193096548274	0.6808640985056343	0.7532363975879242
201.99499749874937	0.6816145558634648	0.7528698848736736
202.128064032016	0.6819536803480589	0.7527477340339286
202.26113056528263	0.6819406797949342	0.7535697042266848
202.39419709854926	0.6804853451074085	0.7530664391994285
202.5272636318159	0.6811997915899743	0.7531359343707983
202.66033016508254	0.6818757998279139	0.7531626494909477
202.79339669834917	0.6826277093446346	0.752586623383431
202.9264632316158	0.6825884354943939	0.7520027008620443
203.05952976488243	0.6833388803354158	0.7509790122867396
203.19259629814906	0.6834667411065766	0.7506940624410583
203.3256628314157	0.6836918393160869	0.751183754836022
203.45872936468234	0.6835664396051659	0.7511505199634623
203.59179589794897	0.6826753662214461	0.7510820450919825
203.7248624312156	0.6838709681372251	0.7513327898823731
203.85792896448223	0.6846491315526513	0.7516665624118696
203.99099549774886	0.6838177966822347	0.7507963677690573
204.1240620310155	0.6821512427840599	0.7496080393868237
204.25712856428214	0.6819376608786009	0.749127541618957
204.39019509754877	0.6810530205368132	0.748594277467975
204.5232616308154	0.6814459171668394	0.7483308573814703
204.65632816408203	0.682222132751961	0.7480154055052961
204.78939469734868	0.6823933081202388	0.746934265569732
204.9224612306153	0.6819180504617434	0.7481549648279882
205.05552776388194	0.6823326573825829	0.7475054364443933
205.18859429714857	0.6814876881712406	0.7472875630108657
205.3216608304152	0.6804609975252683	0.7464989487266313
205.45472736368183	0.6806890056703659	0.7468940025184551
205.58779389694848	0.6807787684365436	0.7467228277291107
205.7208604302151	0.681881322099803	0.7469509607912309
205.85392696348174	0.6814846934553813	0.7470463693072744
205.98699349674837	0.6805153521716873	0.7464571622388206
206.120060030015	0.6804205959720275	0.7467190206719543
206.25312656328163	0.6794058792719487	0.7461611127209831
206.38619309654828	0.6795109043915478	0.7471433105301913
206.5192596298149	0.6803822737427515	0.7471135528198165
206.65232616308154	0.6787292654349277	0.746624491113425
206.78539269634817	0.677992474787335	0.7479730253318323
206.9184592296148	0.677149071805453	0.748078478129306
207.05152576288143	0.6770938082081025	0.7478494097156891
207.18459229614808	0.6771799929005801	0.748007260101709
207.3176588294147	0.6776226789475593	0.7476879724002283
207.45072536268134	0.6779595459664862	0.7473363336981819
207.58379189594797	0.6770954244732427	0.749014208452801
207.7168584292146	0.6777222814655304	0.748706860141839
207.84992496248123	0.6778196832352048	0.7485645925025034
207.98299149574788	0.6782341644359968	0.7497253543983022
208.1160580290145	0.6779962333897808	0.7490734930895002
208.24912456228114	0.6772046324573613	0.7488682468425515
208.38219109554777	0.6773958886477857	0.7469782636596511
208.5152576288144	0.6775427123188386	0.7456418520340066
208.64832416208102	0.6767579059633352	0.7455506510901263
208.78139069534768	0.6768362939769278	0.7453372424498005
208.9144572286143	0.6765085247552513	0.7452084752108951
209.04752376188094	0.6757640994218457	0.7458648427123283
209.18059029514757	0.6763271486849313	0.7455251270514986
209.3136568284142	0.6771344304242577	0.7446963829918359
209.44672336168082	0.6772988474756437	0.7438157019703461
209.57978989494748	0.6766224998270285	0.7445980421994419
209.7128564282141	0.6765507867788538	0.7448569349642421
209.84592296148074	0.6761436474522109	0.7444540973586962
209.97898949474737	0.6770920171279062	0.7459193441196106
210.112056028014	0.6778726769134026	0.7452053707908659
210.24512256128062	0.6780858631013168	0.7453511870298967
210.37818909454728	0.6776546706612651	0.7451224897963064
210.5112556278139	0.6788660446123024	0.7452679079467402
210.64432216108054	0.6780606354110572	0.7449382571183726
210.77738869434717	0.6768324056898817	0.7450754160316061
210.9104552276138	0.6763516383335183	0.7451336946625773
211.04352176088042	0.676312442739186	0.7451955990812277
211.17658829414708	0.6767870375231012	0.7442382298211846
211.3096548274137	0.6762919648684188	0.7443647416172796
211.44272136068034	0.6764113805408412	0.7434646214828461
211.57578789394697	0.6757725700050567	0.7439218780745919
211.7088544272136	0.6752789943352032	0.7451881528637389
211.84192096048022	0.6761178220494151	0.7446233296171079
211.97498749374688	0.6744805038245361	0.7436582805623926
212.1080540270135	0.6741021058572649	0.7429882055042996
212.24112056028014	0.6745328004547663	0.7429977243793372
212.37418709354677	0.6745049553246538	0.7418794436639978
212.5072536268134	0.6756601186661915	0.7412909886658051
212.64032016008002	0.6748133931356138	0.7397778778971504
212.77338669334668	0.674123709995323	0.7399571270454539
212.9064532266133	0.6755090480166565	0.740176209783308
213.03951975987994	0.6752454104112248	0.7400020487379422
213.17258629314657	0.6749902709211217	0.7397030073398158
213.3056528264132	0.6751634405256833	0.7395460290659357
213.43871935967982	0.6749624770984483	0.738418042960383
213.57178589294648	0.675127647761509	0.7389932071460195
213.7048524262131	0.6746517965763674	0.7396705516167422
213.83791895947974	0.6722920488130956	0.7396818190433523
213.97098549274637	0.6713988464473274	0.7401216338914458
214.104052026013	0.6704670500243485	0.7408152530455324
214.23711855927962	0.670832956696118	0.7408606047944553
214.37018509254628	0.6713708710143631	0.740803911896416
214.5032516258129	0.6714790218639193	0.7401243425694206
214.63631815907954	0.6725218140310192	0.7400805475266932
214.76938469234616	0.6710833033022867	0.7401121902338507
214.9024512256128	0.671504193189308	0.7392979524535267
215.03551775887942	0.6712116349559355	0.738442328527866
215.16858429214608	0.671039018734209	0.7388469969945963
215.3016508254127	0.6708921210117085	0.7397383461622304
215.43471735867934	0.6711958881583855	0.7401943780970851
215.56778389194596	0.6721934571301493	0.7402774081869966
215.7008504252126	0.6722470725580757	0.7392769074208156
215.83391695847922	0.6717301915588496	0.7384954100356481
215.96698349174588	0.6711973317563298	0.7377837043033316
216.1000500250125	0.6720664081221143	0.7382059142128562
216.23311655827914	0.6716364295360998	0.7364206739877314
216.36618309154576	0.6713787200047785	0.7367101188713852
216.4992496248124	0.6710189290847763	0.7370606652399327
216.63231615807902	0.6707568308925502	0.7363323562352259
216.76538269134568	0.670412476019366	0.7355381858429507
216.8984492246123	0.6710198245912693	0.7351916565681965
217.03151575787894	0.6704062470994406	0.735070424583596
217.16458229114556	0.6728639958444798	0.7357746065339629
217.2976488244122	0.6718753589086796	0.7351307324922524
217.43071535767882	0.6716706101941391	0.7356111925497485
217.56378189094548	0.6714734925663993	0.7352830191388504
217.6968484242121	0.6709060755661571	0.7348120259725752
217.82991495747874	0.6696767095176938	0.7355498834972085
217.96298149074536	0.6704664739410225	0.7361045241037206
218.096048024012	0.6696317587910466	0.7353441697030758
218.22911455727862	0.6696451206895317	0.7360938139228738
218.36218109054528	0.6709575747404212	0.7354873424191423
218.4952476238119	0.6712324465969284	0.7358266825696405
218.62831415707853	0.6697498264593517	0.7365939328133981
218.76138069034516	0.6698360977853275	0.7365044298798212
218.8944472236118	0.6691878463777999	0.7363452261955293
219.02751375687842	0.6678360071648292	0.7349698568315407
219.16058029014508	0.6679421437493744	0.7354626234709059
219.2936468234117	0.6680573235833963	0.7362903941979505
219.42671335667833	0.6678314375053416	0.736275432692435
219.55977988994496	0.6666272530558811	0.7353387548928983
219.6928464232116	0.6664927740887785	0.7349004101931618
219.82591295647822	0.6655760472221784	0.735615534005585
219.95897948974488	0.6653798758898519	0.7338800469597501
220.0920460230115	0.6652078511103987	0.7339953006879444
220.22511255627813	0.6646448730364486	0.7338692611890248
220.35817908954476	0.664671248586724	0.7337882511875453
220.4912456228114	0.6652393269625855	0.7348280534785048
220.62431215607802	0.6648249774784232	0.7352682817835806
220.75737868934468	0.6650660693867883	0.7362671953680054
220.8904452226113	0.6644825926275776	0.7364585960828978
221.02351175587793	0.6641018753640867	0.7373389372979126
221.15657828914456	0.6634230421333238	0.7370773718673848
221.2896448224112	0.664893369577589	0.737076359619619
221.42271135567785	0.6655230546925205	0.7376615808628524
221.55577788894448	0.6642674328263217	0.7379663668286878
221.6888444222111	0.6642498070436376	0.7382960568690394
221.82191095547773	0.6632811089505415	0.7384948079620297
221.95497748874436	0.6635351065799753	0.7373859430509361
222.088044022011	0.6634669385741042	0.7355802736519335
222.22111055527765	0.6625760384480966	0.7367323603548501
222.35417708854428	0.6634457863187907	0.7348443225309671
222.4872436218109	0.6638528041234771	0.7349994017713893
222.62031015507753	0.6632233598138134	0.7354705988281638
222.75337668834416	0.6641807987202075	0.7350862264781505
222.8864432216108	0.6637381183676068	0.7342736854252369
223.01950975487745	0.6637210225505538	0.7340341031393987
223.15257628814408	0.6635104290629139	0.7341311337368089
223.2856428214107	0.6635917015466651	0.7344554546576352
223.41870935467733	0.6632641313803481	0.7342461965589899
223.55177588794396	0.6618846566388552	0.7343761523218608
223.6848424212106	0.6624778688520097	0.7329352844937558
223.81790895447725	0.6634739149610817	0.7317351220050347
223.95097548774388	0.6642570850888299	0.7306417360753907
224.0840420210105	0.6640573761440604	0.7312087816728492
224.21710855427713	0.6642116973116192	0.730702150405806
224.35017508754376	0.6638746923448332	0.7313165792239604
224.4832416208104	0.6645336559094684	0.730361835304542
224.61630815407705	0.6651687252499822	0.7302761926087055
224.74937468734367	0.6659001004160621	0.7312768127205271
224.8824412206103	0.665438502856378	0.7306399668343763
225.01550775387693	0.6647508203559152	0.7312602368224426
225.14857428714356	0.6648578194261406	0.7316841697301572
225.2816408204102	0.663524386035108	0.7317805789668124
225.41470735367685	0.6635617079089665	0.7318227058496891
225.54777388694347	0.6626674701802002	0.7326075728425632
225.6808404202101	0.6629063042954845	0.732614146183009
225.81390695347673	0.662805476555953	0.7327721319427213
225.94697348674336	0.6631676038677028	0.7339841185188805
226.08004002001	0.6635597283289743	0.7350565016727062
226.21310655327665	0.663645007307385	0.733337477359026
226.34617308654327	0.6635317200284806	0.7330701767468915
226.4792396198099	0.6637468360657368	0.7328139943886768
226.61230615307653	0.6633796481525129	0.7322657057618172
226.74537268634316	0.6632590696483656	0.7325181276696977
226.8784392196098	0.6631516753713641	0.7327147686880257
227.01150575287645	0.6632259683710726	0.7325192260713544
227.14457228614307	0.663200380485676	0.7329623190400576
227.2776388194097	0.6632742801041905	0.7315385592621274
227.41070535267633	0.6624048058639704	0.7314937545892909
227.54377188594296	0.6623656072663464	0.7304902720077852
227.6768384192096	0.6626249339258865	0.7302466651710521
227.80990495247624	0.6616679711839331	0.7302313731190203
227.94297148574287	0.6623022459985445	0.7300058291045549
228.0760380190095	0.6624013218072655	0.7307354272676341
228.20910455227613	0.6608991043808867	0.7304209872939956
228.34217108554276	0.6612975639274853	0.7303521276575917
228.4752376188094	0.6613746267250579	0.7294613278954629
228.60830415207604	0.6613454337137522	0.7291491439038836
228.74137068534267	0.6607276326044917	0.7285301329724713
228.8744372186093	0.6606056038789672	0.7271838799575575
229.00750375187593	0.6615277912258021	0.7275450597277668
229.14057028514256	0.6620291600720324	0.7275201704186199
229.2736368184092	0.6612296651448581	0.727739915994064
229.40670335167584	0.6602548253058758	0.7290823918670459
229.53976988494247	0.6605997648872983	0.7290939332408692
229.6728364182091	0.6604876987989431	0.729341588490252
229.80590295147573	0.6592854220160649	0.7286317407300316
229.93896948474236	0.6594679475632668	0.7284857666210367
230.072036018009	0.6593991590071736	0.7277047078304266
230.20510255127564	0.6600671495687667	0.7280188013614625
230.33816908454227	0.6615912634937725	0.7286009616731839
230.4712356178089	0.6614203550873938	0.7282893678888656
230.60430215107553	0.6615703473288432	0.7275584154560288
230.73736868434216	0.6601215254163937	0.7271178589744233
230.8704352176088	0.6608845256096084	0.7261632918232733
231.00350175087544	0.6617988145078941	0.7262634118422662
231.13656828414207	0.6615567185868302	0.7263252515337617
231.2696348174087	0.6613102771949873	0.7257275206494727
231.40270135067533	0.661069053849926	0.7243124515058103
231.53576788394196	0.6609077741526795	0.7248840170722162
231.6688344172086	0.6607362605380551	0.7249053937835032
231.80190095047524	0.6609749192842925	0.7259333224527623
231.93496748374187	0.6616488717768442	0.7251087644372765
232.0680340170085	0.66080759620154	0.7243824384835683
232.20110055027513	0.6603777954830439	0.7231552431438806
232.33416708354176	0.6600476149728345	0.7243912426804705
232.4672336168084	0.6597893815722672	0.7246244820548575
232.60030015007504	0.6596188726564862	0.7242928842520194
232.73336668334167	0.6585350690759137	0.7258901839414122
232.8664332166083	0.657874668766407	0.725068891515977
232.99949974987493	0.657124428395631	0.7242459332178595
233.13256628314156	0.6563103334722641	0.723580395055818
233.26563281640819	0.6559727756522734	0.7242085324786425
233.39869934967484	0.6546155542113516	0.7235991063687081
233.53176588294147	0.6550791240311744	0.7239231405608434
233.6648324162081	0.6558650894156353	0.7240517355741024
233.79789894947473	0.6561797009690986	0.724079215866013
233.93096548274136	0.6577459458691652	0.7233669336307272
234.06403201600799	0.6582920008013158	0.7233801445645813
234.19709854927464	0.6590351727564115	0.7224135072041643
234.33016508254127	0.657629234084976	0.7230571672537615
234.4632316158079	0.6570870526820672	0.7216081241579287
234.59629814907453	0.6571266399172789	0.7217266071129229
234.72936468234116	0.6570395209954631	0.7205157345613529
234.86243121560778	0.6568939723236422	0.7206635555315912
234.99549774887444	0.6561855112878453	0.7212096150401989
235.12856428214107	0.6564540135148619	0.7213341415849845
235.2616308154077	0.656951071676576	0.7198744279848251
235.39469734867433	0.6572488046612976	0.7212579641949689
235.52776388194096	0.6562244009702263	0.7219087607240212
235.66083041520758	0.6565618188854757	0.7211160602682102
235.79389694847424	0.656176848938608	0.7203350317545429
235.92696348174087	0.6563710876333868	0.7208394606039119
236.0600300150075	0.6562260972662348	0.7207852899288758
236.19309654827413	0.6583765854445234	0.7207283447466828
236.32616308154076	0.6586701962553466	0.7192358592405194
236.45922961480738	0.6591864762647909	0.7184965996091298
236.59229614807404	0.6583564177750241	0.7187652290522301
236.72536268134067	0.6570706651402911	0.7192113577069106
236.8584292146073	0.6575171137421516	0.7185441472202876
236.99149574787393	0.6576702507082659	0.7179353026396911
237.12456228114056	0.657514334939697	0.7194726815556771
237.25762881440718	0.6572307750559315	0.7197497786051924
237.39069534767384	0.6565004166010229	0.7189216749440368
237.52376188094047	0.65654489119711	0.7191112483656525
237.6568284142071	0.6565258617550591	0.7182376647461644
237.78989494747373	0.6560017037100597	0.7177775560265413
237.92296148074036	0.6545418926701588	0.7177007320605844
238.05602801400698	0.6539172590702081	0.7195775975227156
238.18909454727364	0.653010956367196	0.7185437442485895
238.32216108054027	0.6517934239273954	0.7187019042684527
238.4552276138069	0.6522031814012798	0.7190092366367944
238.58829414707353	0.6516960936121305	0.7187526996564572
238.72136068034015	0.6515640345617466	0.7200006328455025
238.8544272136068	0.6519049428950932	0.7205534044714038
238.98749374687344	0.651032512640279	0.720023411317278
239.12056028014007	0.6508278289268177	0.7194529108724469
239.2536268134067	0.6504022530478809	0.7191060688265233
239.38669334667333	0.652549055531336	0.7191099237403167
239.51975987993995	0.6528356862810935	0.717394130635553
239.6528264132066	0.6535229068999897	0.718082028030851
239.78589294647324	0.653057378103301	0.7180865222385384
239.91895947973987	0.6528233769398097	0.7187494330625882
240.0520260130065	0.6520512162209092	0.718656879853347
240.18509254627313	0.6521518639048731	0.7180241965666616
240.31815907953975	0.6521331518804959	0.7171762233255751
240.4512256128064	0.6516140807915862	0.7172271663642303
240.58429214607304	0.6515327073183971	0.7169048044283038
240.71735867933967	0.6511835786512551	0.7184314653248124
240.8504252126063	0.6514537229629466	0.718241711936721
240.98349174587293	0.6523864301662073	0.71723487829744
241.11655827913955	0.6517125618211425	0.7169847956707929
241.2496248124062	0.6514099479813886	0.7175725981827772
241.38269134567284	0.6519641024521807	0.7165164358180324
241.51575787893947	0.6510692369371931	0.7171621836422113
241.6488244122061	0.6498683193860295	0.7169426180117651
241.78189094547272	0.6495591173628379	0.7178205516000615
241.91495747873935	0.6504495667673447	0.7189399266348604
242.048024012006	0.650114665280014	0.7194824151891382
242.18109054527264	0.6507807800361485	0.7185615581262683
242.31415707853927	0.6501708082831259	0.7189033449441977
242.4472236118059	0.651625684800944	0.7189248697571395
242.58029014507252	0.6521348241601573	0.7178235739493936
242.71335667833915	0.6520181700830261	0.7180778723273609
242.8464232116058	0.652388570562674	0.7172443401425266
242.97948974487244	0.6511677478785796	0.7169476459663576
243.11255627813907	0.6521777249573157	0.717015237711268
243.2456228114057	0.6520615522465443	0.7162443578641816
243.37868934467232	0.6509184690919386	0.7172168640910787
243.51175587793895	0.6518016417873946	0.7164087298717124
243.6448224112056	0.6530614838965316	0.7157600335251698
243.77788894447224	0.6524447460714133	0.715812035721342
243.91095547773887	0.6512995453840859	0.7140019344589293
244.0440220110055	0.6511578358235334	0.714042463565348
244.17708854427212	0.6506948707317978	0.7132293634987991
244.31015507753875	0.6506528295910464	0.7127720112288286
244.4432216108054	0.6498663524377167	0.7120777504632377
244.57628814407204	0.6510536621453085	0.7118509478775897
244.70935467733867	0.6513619859843902	0.7120813234582286
244.8424212106053	0.6518410935776695	0.7111685054533723
244.97548774387192	0.6510754851642824	0.7116090208439655
245.10855427713855	0.6514359670691477	0.7133998638664402
245.2416208104052	0.6505352482924376	0.7130585702313283
245.37468734367184	0.6506283522817092	0.7127622862355327
245.50775387693847	0.6509821741032035	0.7124636789750379
245.6408204102051	0.6502365853933888	0.7114774453479348
245.77388694347172	0.6495732746465448	0.7117101485037975
245.90695347673835	0.6492738943771348	0.7132682453237371
246.040020010005	0.6484668319261396	0.7135969435933825
246.17308654327164	0.6475501506049577	0.7130207628242798
246.30615307653827	0.6469545007500116	0.7119340578026199
246.4392196098049	0.6472467599363136	0.7129145824325288
246.57228614307152	0.6470173180164285	0.7123783857148628
246.70535267633815	0.6481943931857514	0.7119863347687144
246.8384192096048	0.647009842375789	0.7119801922412667
246.97148574287144	0.6477452300464548	0.7119689853776816
247.10455227613807	0.6466287791362099	0.7119320471480773
247.2376188094047	0.6471995469932118	0.7126321561191379
247.37068534267132	0.6477117852627063	0.7125944683949538
247.50375187593795	0.6485271675757898	0.7121353765742663
247.6368184092046	0.6487843849860183	0.712309478598604
247.76988494247124	0.6488931992087372	0.7109235896195447
247.90295147573786	0.648393811843355	0.7102513132941304
248.0360180090045	0.6480094737492581	0.7098906254117757
248.16908454227112	0.6482044803861764	0.709457191004781
248.30215107553775	0.6471572580548858	0.7097970479738263
248.4352176088044	0.6469869437539366	0.7096874181633259
248.56828414207104	0.6461251111037984	0.7096327456237553
248.70135067533766	0.6468048262108863	0.7090663103174022
248.8344172086043	0.64678235758507	0.7088535979132571
248.96748374187092	0.6469729950950391	0.7087109907889391
249.10055027513755	0.6467463474245352	0.7099912786797127
249.2336168084042	0.6468423996872836	0.7105911782852369
249.36668334167084	0.6472487802539136	0.7097176261167842
249.49974987493746	0.647254026807557	0.7096553307026354
249.6328164082041	0.6468139925647642	0.7092990014919018
249.76588294147072	0.6457251638856202	0.7086056351462185
249.89894947473735	0.64594655700225	0.7083988964983161
250.032016008004	0.6462466799756319	0.7086474502232923
250.16508254127064	0.6460778202240327	0.7075113157812619
250.29814907453726	0.6459723489243351	0.7074976306723914
250.4312156078039	0.6457274002100581	0.7073667901938006
250.56428214107052	0.6461691153643405	0.7073571188857166
250.69734867433715	0.6460000538612978	0.7078757229989833
250.8304152076038	0.6462199687601503	0.7082129477125397
250.96348174087044	0.6454997181106179	0.7078364504598657
251.09654827413706	0.6463181229941423	0.7067521791646882
251.2296148074037	0.646774134108039	0.7079302280809946
251.36268134067032	0.6460388108116006	0.7083598821331586
251.49574787393695	0.6459869577625139	0.7087752728071561
251.6288144072036	0.6467893501737771	0.7087092299128454
251.76188094047023	0.6462199124827718	0.708291583912357
251.89494747373686	0.645643433574504	0.7089809684640009
252.0280140070035	0.6444085103113476	0.7083153723855634
252.16108054027012	0.642720381740314	0.7078572940336278
252.29414707353675	0.6422705786499558	0.7086258940485975
252.4272136068034	0.6423798965801678	0.7072167745371088
252.56028014007003	0.6411964666177912	0.7064901460774063
252.69334667333666	0.6411881291879492	0.7074467663871754
252.8264132066033	0.6417775747342295	0.7075685788561108
252.95947973986992	0.6417236227801993	0.707193720731299
253.09254627313655	0.6413767188316767	0.7072242731499289
253.2256128064032	0.6414680174341971	0.7082731011831036
253.35867933966983	0.6411334290405447	0.707676283572057
253.49174587293646	0.6411380554019592	0.7079629232263523
253.6248124062031	0.6399488407753635	0.7070057428983033
253.75787893946972	0.6398097094894609	0.7074142121564267
253.89094547273635	0.6390700647207909	0.7082181606918052
254.024012006003	0.6383707798751863	0.7072870569138928
254.15707853926963	0.6385647051363882	0.7059737255586208
254.29014507253626	0.6387290313405195	0.7057039959431328
254.4232116058029	0.6382730840707983	0.7057675622323447
254.55627813906952	0.6386654981020555	0.7047468535514705
254.68934467233615	0.6386007424626504	0.7056303301425915
254.8224112056028	0.639851043020372	0.7059315038552254
254.95547773886943	0.639765577402257	0.7063858825633248
255.08854427213606	0.6393938193456262	0.7073711459646544
255.2216108054027	0.6406677975436166	0.7076301935207427
255.35467733866932	0.6399471113040816	0.7080326845056871
255.48774387193595	0.6396878145589074	0.7080102165329717
255.6208104052026	0.6398280129764017	0.7081356667785991
255.75387693846923	0.6403678695597322	0.7066876945080862
255.88694347173586	0.640226260321194	0.7063817924021669
256.0200100050025	0.6403081143949314	0.7061780001869493
256.15307653826915	0.6402832048785528	0.706738961479877
256.2861430715358	0.6405487210921998	0.7075758344262075
256.4192096048024	0.6405085655024074	0.7065662433676582
256.55227613806903	0.6407410715718319	0.7052994794376078
256.68534267133566	0.6409139475050704	0.705023082421362
256.8184092046023	0.6404414331138598	0.7052639013110654
256.9514757378689	0.6399060861721148	0.7054789844777433
257.08454227113555	0.6394582375172225	0.7058513926802853
257.2176088044022	0.6390477026743473	0.7054472088566879
257.3506753376688	0.6381061798960347	0.7058908261934354
257.4837418709355	0.637171839330231	0.7050478291153173
257.6168084042021	0.6364032968896396	0.7041613853110665
257.74987493746875	0.6365824145118271	0.7044957348188808
257.8829414707354	0.6376800262094039	0.7028074519106734
258.016008004002	0.6376889412537724	0.70291425377807
258.14907453726863	0.6382689153694957	0.7040079046760308
258.28214107053526	0.6378567633226837	0.7041159307155277
258.4152076038019	0.6382372667172193	0.7033101448964655
258.5482741370685	0.6382213345594597	0.7036168065890492
258.68134067033515	0.6375915551193199	0.704022198772885
258.8144072036018	0.6378041563304655	0.7041698095433232
258.9474737368684	0.6373465650708966	0.7037296371897566
259.0805402701351	0.6363984418023417	0.7032867712717189
259.2136068034017	0.6366084347796366	0.7016867124390106
259.34667333666835	0.6363098070306534	0.701715278226397
259.479739869935	0.6360263746878834	0.702548059769291
259.6128064032016	0.6353984408663164	0.7044800322981833
259.74587293646823	0.6353633398638608	0.7037619540597588
259.87893946973486	0.6342160454504502	0.7038823228407313
260.0120060030015	0.6341266517429636	0.7042828543626295
260.1450725362681	0.6341535398522617	0.7036727864008506
260.27813906953475	0.6338826628800757	0.7044287663799206
260.4112056028014	0.6327118635461082	0.7035363860835144
260.544272136068	0.6323126148815253	0.7036049736477648
260.6773386693347	0.6327211967638174	0.7034859728696213
260.8104052026013	0.6336231136787677	0.7028508967572541
260.94347173586794	0.6341640981576447	0.702237535560096
261.0765382691346	0.6328218872416677	0.7026933813857972
261.2096048024012	0.6326402954713694	0.7027309340197032
261.34267133566783	0.6331021697271293	0.7022642025186953
261.47573786893446	0.6334890508313572	0.7026990653179731
261.6088044022011	0.6332441242883621	0.7041002129213747
261.7418709354677	0.6336382160662735	0.7028405896400624
261.87493746873434	0.6336030161897779	0.7038848198811681
262.008004002001	0.6336755569243169	0.7033877781951604
262.1410705352676	0.6349566664249896	0.7019000702536632
262.2741370685343	0.6351379652648701	0.7010306259226047
262.4072036018009	0.6342015373335209	0.7001845395726929
262.54027013506754	0.6345690643907264	0.6999795289832413
262.6733366683342	0.6344662256232668	0.6996735795153899
262.8064032016008	0.634415673052136	0.6993561863825963
262.93946973486743	0.6348561939159836	0.6996256973627667
263.07253626813406	0.635191432001898	0.6987933258347574
263.2056028014007	0.635025499679862	0.6981404721345957
263.3386693346673	0.6340017016254904	0.698402891934944
263.47173586793394	0.6341548642137522	0.6980831848739489
263.6048024012006	0.6331457812783223	0.696882055676071
263.7378689344672	0.6322719255874931	0.6968800216951614
263.8709354677339	0.6321877186827057	0.6961480676391245
264.0040020010005	0.6313580349224837	0.6964778903573843
264.13706853426714	0.6331893909186426	0.6961029742952274
264.2701350675338	0.6334695660148179	0.6962142672615117
264.4032016008004	0.6331322478249254	0.6959425878134506
264.53626813406703	0.6336877302848241	0.6971854343893991
264.66933466733366	0.6329389234672845	0.6962400732781129
264.8024012006003	0.6323614035283002	0.6959896621444648
264.9354677338669	0.6318716555962187	0.6962139363679197
265.06853426713354	0.6322906661813745	0.6954616804966002
265.2016008004002	0.6323162243793269	0.6956337897795176
265.3346673336668	0.6316503427852587	0.6964572171927395
265.4677338669335	0.6322023834237481	0.6951733211551263
265.6008004002001	0.6324257303886041	0.695745124398031
265.73386693346674	0.6318498582016193	0.6970099757101403
265.86693346673337	0.6318049304197906	0.6956598205837476
266.0	0.6324031007751938	0.6951495016611295
