0.0	0.0	0.0
0.1330665332666333	4.4419147247540485e-05	2.2183933846381616e-05
0.2661330665332666	0.0004657019197208943	0.0004216863837250963
0.39919959979989994	0.0013975533941009161	0.0016187077542832188
0.5322661330665333	0.0032373639210548175	0.0030382876081704677
0.6653326663331666	0.004943514648363702	0.005476673466111457
0.7983991995997999	0.007117771077333633	0.007737232529420378
0.9314657328664332	0.010109743099493525	0.010664683753578612
1.0645322661330665	0.012701115018813871	0.014123523118628087
1.1975987993997	0.01527160885513355	0.018383150230629922
1.3306653326663331	0.01777600719724362	0.023815602138826095
1.4637318659329663	0.020637599572663107	0.02966944552986873
1.5967983991995998	0.023984577648630597	0.036768966314024445
1.7298649324662332	0.02715145261370439	0.04497062950158032
1.8629314657328664	0.030052610327238664	0.05357730016712998
1.9959979989994996	0.0328462557612094	0.06458911475059438
2.129064532266133	0.03592607643856633	0.07732825943347585
2.2621310655327664	0.03864946033880984	0.08921378332722399
2.3951975987994	0.04128478285603629	0.10429127853769869
2.528264132066033	0.04370098539604791	0.12197167183909106
2.6613306653326663	0.04665606337832321	0.14130326115239408
2.7943971985992997	0.05001955947581211	0.1619676522962673
2.9274637318659327	0.052657074835647896	0.18695090213862398
3.060530265132566	0.05579996242448447	0.21322820445778648
3.1935967983991995	0.057969319019966235	0.2420381746569963
3.326663331665833	0.06076304335425673	0.27240030632425616
3.4597298649324664	0.06304456464334275	0.3051700396662349
3.5927963981990994	0.06588555043202743	0.3377286150283351
3.7258629314657328	0.06868018886774796	0.36981113504406865
3.858929464732366	0.07177871675439224	0.4044805501390518
3.991995997998999	0.07407373582711761	0.4403174841632555
4.125062531265633	0.07627021108300405	0.47570481472125475
4.258129064532266	0.07885286916643244	0.509120534869028
4.391195597798899	0.08203966036432507	0.5415611007459585
4.524262131065533	0.08428694968126457	0.5728149009508752
4.657328664332166	0.08634798250572095	0.605315535839644
4.7903951975988	0.08834124045344911	0.6351760907699897
4.923461730865433	0.09038312626921466	0.6628921703197042
5.056528264132066	0.09274027206358566	0.6892814510606925
5.1895947973986996	0.09551536552520387	0.7132871603272083
5.3226613306653325	0.09851485938473462	0.7323831778107299
5.4557278639319655	0.10166973148539737	0.7503690918661406
5.588794397198599	0.1038372872443137	0.7689670551151968
5.721860930465232	0.106568368735799	0.7850507466685201
5.854927463731865	0.10902742485498777	0.7980678797672669
5.987993996998499	0.11177453339874367	0.8098752340119015
6.121060530265132	0.11404692352596708	0.8231273297392898
6.254127063531766	0.11612573993131728	0.8344135315570189
6.387193596798399	0.11822243816074564	0.8437288353480137
6.520260130065032	0.12096824784046367	0.851766586490993
6.653326663331666	0.12311383080102506	0.8591534585645297
6.786393196598299	0.1255476305622979	0.8664557463414677
6.919459729864933	0.1274759560306066	0.8705814194209563
7.052526263131566	0.12986992975137285	0.87529935942031
7.185592796398199	0.131696133702107	0.8803102925955777
7.318659329664833	0.13349569663488522	0.8859647750689956
7.4517258629314655	0.13559442018297624	0.8884154275970164
7.5847923961980985	0.13821047852553514	0.8902355903293506
7.717858929464732	0.1405106060982912	0.8927651798950756
7.850925462731365	0.14314400593896734	0.8942437218058786
7.983991995997998	0.14617443190492224	0.8974300297581892
8.117058529264632	0.14852302775447865	0.8998127458226223
8.250125062531266	0.15047057450098833	0.9025739560556483
8.383191595797898	0.1525372759697359	0.9044035237183128
8.516258129064532	0.15473306975343892	0.9068382259189925
8.649324662331166	0.1570957447499532	0.9087025627366262
8.782391195597798	0.16003606522130773	0.9087962444000299
8.915457728864432	0.16264695666723658	0.9104151604029158
9.048524262131066	0.164187289790676	0.9116168556479316
9.181590795397698	0.16777379151992547	0.9135627691902168
9.314657328664332	0.17006268883546505	0.9150353451900604
9.447723861930966	0.17229883236605462	0.9175265789553279
9.5807903951976	0.1741806739723554	0.916620398428594
9.713856928464232	0.17618401969610023	0.9168026538064692
9.846923461730865	0.1779241293898163	0.9180253518902586
9.9799899949975	0.1807593348615435	0.9185318962286496
10.113056528264131	0.1818715982576964	0.9183350291162213
10.246123061530765	0.18432136629718152	0.9188443328391668
10.379189594797399	0.1870421264288642	0.9174301439538162
10.512256128064031	0.1889362563239124	0.9180572488825269
10.645322661330665	0.19116901284087492	0.9186759747572353
10.778389194597299	0.19358919748839037	0.9199899146900582
10.911455727863931	0.19629108028517617	0.9194636828711934
11.044522261130565	0.19914068218754832	0.9200148857724019
11.177588794397199	0.20089766098400427	0.9200339792189502
11.31065532766383	0.20303314560677357	0.9209402567204473
11.443721860930465	0.20478499420797985	0.9212630284159742
11.576788394197099	0.20646427507144346	0.9188024023099249
11.70985492746373	0.2087187562278474	0.9185244012715789
11.842921460730365	0.21089546386856892	0.9184952336937243
11.975987993996998	0.21278219854877145	0.9207810665019865
12.109054527263632	0.21500972571123456	0.9202278561883561
12.242121060530264	0.21706701475399806	0.9201292731783913
12.375187593796898	0.21884397102530448	0.9208406856624705
12.508254127063532	0.22151172217517937	0.9217121753618945
12.641320660330164	0.22369736059064305	0.9222280771549416
12.774387193596798	0.22610665053094792	0.922905557095387
12.907453726863432	0.22810059544777067	0.9220024379561839
13.040520260130064	0.2302486079188513	0.9205208369865486
13.173586793396698	0.2315684277907262	0.9208843959558356
13.306653326663332	0.23330340118575071	0.9213072446381588
13.439719859929964	0.23481589192971183	0.9203650037063028
13.572786393196598	0.23703242417853085	0.9206272791307009
13.705852926463232	0.2394741006233363	0.921792768577431
13.838919459729865	0.2411130379137857	0.922084027605117
13.971985992996498	0.24369282763973887	0.9221567719736655
14.105052526263131	0.2450402450346135	0.9217861639066757
14.238119059529765	0.24697103955491018	0.9203997874665609
14.371185592796397	0.24865026547916746	0.9213859271639271
14.504252126063031	0.25033184672700926	0.9208487155420749
14.637318659329665	0.25304199746253525	0.9217309663698946
14.770385192596297	0.2554149063061099	0.9218095289399132
14.903451725862931	0.2572526124618636	0.9229339643906415
15.036518259129565	0.25949330663794135	0.9225211008652293
15.169584792396197	0.26185438721581766	0.9218662032283224
15.302651325662831	0.2638467391102368	0.9220692556475273
15.435717858929465	0.26554593104273383	0.9223191770954634
15.568784392196097	0.26714924112614974	0.9217209619606566
15.70185092546273	0.26863330338440217	0.9226161770214537
15.834917458729365	0.270761076738333	0.9223611748588189
15.967983991995997	0.27286144957053443	0.92213099935181
16.101050525262632	0.2750157115338271	0.9209153001003738
16.234117058529264	0.27729054406547654	0.9213908368692503
16.367183591795897	0.2797709831271553	0.9208741969313425
16.500250125062532	0.28180489498065436	0.9217144631183941
16.633316658329164	0.28314122900887145	0.9217976627435573
16.766383191595796	0.2846884683345669	0.9223431384582855
16.899449724862432	0.2862442467434755	0.9221770875566989
17.032516258129064	0.28739783454426254	0.9232454636707889
17.165582791395696	0.2886824803989988	0.9220892910973618
17.298649324662332	0.29047532481432947	0.9223999647295262
17.431715857928964	0.29138038184545223	0.921642985986883
17.564782391195596	0.29265099341099804	0.920972584210323
17.69784892446223	0.2942855970115231	0.922468571737936
17.830915457728864	0.2960818604754524	0.9226109313706505
17.963981990995496	0.29678972289291883	0.9221652859587799
18.09704852426213	0.299042025549696	0.9220821619764131
18.230115057528764	0.30117772491059974	0.9224580070154457
18.363181590795396	0.3029877647705718	0.9227856465432401
18.49624812406203	0.3059605768170279	0.9243817839034371
18.629314657328663	0.30773767280119335	0.9230273849264833
18.762381190595296	0.30928377131088186	0.923954637277484
18.89544772386193	0.31159932732024376	0.924896328797606
19.028514257128563	0.31361737994740513	0.9234112436934784
19.1615807903952	0.3150164796454971	0.9238477653823483
19.29464732366183	0.3172763530511246	0.9248954643875116
19.427713856928463	0.31922102832577315	0.9245327680030287
19.5607803901951	0.32116614556603584	0.923338232268435
19.69384692346173	0.32205758597947115	0.9236947574394391
19.826913456728363	0.3230864458289327	0.92218734054103
19.959979989995	0.32429092512110114	0.9217920663130205
20.09304652326163	0.32635206492380625	0.9202255417589992
20.226113056528263	0.32796517236059103	0.9202333775759051
20.3591795897949	0.32936279182060485	0.921774671278426
20.49224612306153	0.3312647786251272	0.9197580044128129
20.625312656328163	0.3327160353748789	0.9191753310664373
20.758379189594798	0.3334378850827993	0.9198250614361358
20.89144572286143	0.33485702281908286	0.919007473104004
21.024512256128062	0.33640866492946164	0.9185751724737123
21.157578789394698	0.3388437779124274	0.9192432007029094
21.29064532266133	0.3401565311636196	0.9187970113538289
21.423711855927962	0.34172300445216175	0.9200446721015614
21.556778389194598	0.3427982301103594	0.9208417433429313
21.68984492246123	0.3443280626495742	0.9201699788611658
21.822911455727862	0.3461519923095791	0.9215339396512858
21.955977988994498	0.3478307863089341	0.9201123609976241
22.08904452226113	0.34925028179132356	0.9192590300805219
22.222111055527762	0.35076567938326036	0.9180346392047772
22.355177588794398	0.35240245516703544	0.9186220718329768
22.48824412206103	0.3548117870145371	0.919024469472683
22.62131065532766	0.3554846577651121	0.918274956807977
22.754377188594297	0.35693437964870467	0.9186289676811628
22.88744372186093	0.3587803141749275	0.9177715746910065
23.02051025512756	0.36073613775415114	0.9186894006356949
23.153576788394197	0.36207495719475874	0.9180070797452561
23.28664332166083	0.36353401620709486	0.9172553649568326
23.41970985492746	0.36462621939297246	0.9180007299341083
23.552776388194097	0.36641127974133864	0.917564748121255
23.68584292146073	0.36759264870108943	0.9179001731369114
23.818909454727365	0.36870249464601346	0.9188015927556626
23.951975987993997	0.37054193258065127	0.9196440573705404
24.08504252126063	0.37229131953027744	0.9184785496581013
24.218109054527265	0.3735927223516131	0.920039623600334
24.351175587793897	0.37484814592105803	0.9194475289947998
24.48424212106053	0.3755076990004997	0.9183723893505921
24.617308654327164	0.37709172136313857	0.9177540979162249
24.750375187593797	0.3786625561261956	0.9167513270778549
24.88344172086043	0.3797559420791952	0.9153503988257405
25.016508254127064	0.3817785126626651	0.9154138045662935
25.149574787393696	0.3831284966468706	0.9140214614881856
25.28264132066033	0.3849489428562668	0.9123858634486627
25.415707853926964	0.3866276469601874	0.9110384983908575
25.548774387193596	0.3874494433292557	0.9116152665097752
25.68184092046023	0.38844169477148327	0.9119159931658964
25.814907453726864	0.3897694900441402	0.9111497589327384
25.947973986993496	0.39151710191350314	0.9106539846752635
26.081040520260128	0.3939606753920449	0.9119116936582804
26.214107053526764	0.3954982943307344	0.912882339549779
26.347173586793396	0.3973469653012087	0.9135608946454662
26.480240120060028	0.4002288634027235	0.9140357923461573
26.613306653326664	0.4016307505244031	0.9150162590959056
26.746373186593296	0.4035591492419392	0.9160982779093497
26.879439719859928	0.4047129046662534	0.9157270213573426
27.012506253126563	0.40645936067828414	0.9153179236826076
27.145572786393195	0.40765081291558636	0.9152388799639075
27.278639319659828	0.4091038590551887	0.9143576181912362
27.411705852926463	0.4104463121911441	0.9139018163936934
27.544772386193095	0.4125478849745639	0.9142781494142969
27.67783891945973	0.4123140356662589	0.913711733968202
27.810905452726363	0.41433127904614553	0.9149234074265726
27.943971985992995	0.4155339368108941	0.9142004128991474
28.07703851925963	0.4172112207013384	0.9144989460948182
28.210105052526263	0.4176635785745215	0.9136827210561698
28.343171585792895	0.4188558104561116	0.9131613330034533
28.47623811905953	0.42078796552155223	0.9115650171386911
28.609304652326163	0.4224585445808846	0.9120553002866472
28.742371185592795	0.42442432180126666	0.9123341175527252
28.87543771885943	0.42560020575607727	0.9128818606236238
29.008504252126063	0.4261349803398931	0.9129533056141255
29.141570785392695	0.42740997378947854	0.9143120066743
29.27463731865933	0.42819999244772144	0.9125730935590014
29.407703851925962	0.429929338107203	0.9112713416742734
29.540770385192594	0.4312772410595514	0.9116172367652582
29.67383691845923	0.4326446322270389	0.9103458066680278
29.806903451725862	0.4341232808145855	0.9097579545282933
29.939969984992494	0.43505608184950845	0.9090250820759225
30.07303651825913	0.43639599604122264	0.909973926263583
30.206103051525762	0.43716173483298465	0.91078618921532
30.339169584792394	0.43759978146158784	0.9112415668232831
30.47223611805903	0.43902551024920095	0.9103306872638064
30.605302651325662	0.44043849515401934	0.9099133501674082
30.738369184592294	0.4414197288828499	0.9118861557723266
30.87143571785893	0.44195989833366994	0.9110224436082629
31.00450225112556	0.4432109448952757	0.911264658445607
31.137568784392194	0.4444021074642253	0.9108086990062659
31.27063531765883	0.44537542030593963	0.91119030414944
31.40370185092546	0.4460871141789021	0.9118992738326968
31.536768384192094	0.446554613908435	0.9121249292837388
31.66983491745873	0.44739655996548305	0.9110672112720141
31.80290145072536	0.4489625265406828	0.9110227670625555
31.935967983991993	0.45096582681587255	0.9112227060954738
32.06903451725863	0.45217010078297953	0.911882481792044
32.202101050525265	0.4531087147274878	0.9111078936170101
32.33516758379189	0.4540936658823718	0.9115842892088192
32.46823411705853	0.4550243818126247	0.9094973951033801
32.601300650325165	0.455580049312113	0.9093603262776367
32.73436718359179	0.4573772261973614	0.9101580683339328
32.86743371685843	0.45773722285851914	0.9104966871080491
33.000500250125064	0.4577873044177904	0.9123910670754308
33.13356678339169	0.4589689037141174	0.9115291938696327
33.26663331665833	0.4598177575548502	0.9110531477926762
33.399699849924964	0.461261401204345	0.9107987472089363
33.53276638319159	0.46207820089362983	0.9104462432193254
33.66583291645823	0.4631528352900966	0.909298031092387
33.798899449724864	0.4650653121990036	0.9093327748115276
33.93196598299149	0.46638170277444485	0.9093762483409371
34.06503251625813	0.46761103340006155	0.9084925898911407
34.198099049524764	0.4690084173147622	0.9088056237251715
34.33116558279139	0.47116226906521486	0.9089678076150144
34.46423211605803	0.47302122093182236	0.9078436909486928
34.597298649324664	0.4747339357323224	0.9073646773744618
34.73036518259129	0.47625826844728597	0.9071816287175236
34.86343171585793	0.47819708533901345	0.9058738704133811
34.99649824912456	0.47844994371923655	0.9073071632953904
35.12956478239119	0.4789613586532704	0.9059196509016609
35.26263131565783	0.47950140448896866	0.9056697724760641
35.39569784892446	0.47967950154881933	0.9054555228864802
35.52876438219109	0.4807388739996772	0.9042128498347206
35.66183091545773	0.4819215008864063	0.9054396682011874
35.79489744872436	0.48180234439838954	0.9057910912279158
35.92796398199099	0.48277525602944216	0.9054392679088142
36.06103051525763	0.4834892327256306	0.904499270373486
36.19409704852426	0.4841380405008963	0.9039987696891746
36.32716358179089	0.48421710651271355	0.9029392378209052
36.46023011505753	0.48617794539083375	0.9037495158341642
36.59329664832416	0.4875763651169934	0.903913546419549
36.72636318159079	0.4883986209039021	0.9057000205998835
36.85942971485743	0.48870229646677266	0.9053140429988575
36.99249624812406	0.48919197712871265	0.9051267958758306
37.12556278139069	0.48977762783754186	0.9064255984867341
37.25862931465733	0.49019829737980575	0.9055736565308025
37.39169584792396	0.49129255971807706	0.9050412907871301
37.52476238119059	0.4923307942823215	0.9050358187898189
37.65782891445723	0.49269353473273236	0.9049431739674085
37.79089544772386	0.4935193018896371	0.904628527111009
37.92396198099049	0.49557232637008664	0.90475761838855
38.05702851425713	0.4964398712396359	0.9043025931542124
38.19009504752376	0.4971496043031119	0.9023045163852835
38.3231615807904	0.49671781251888	0.9018287971403868
38.456228114057026	0.49920754961963104	0.9019860444120129
38.58929464732366	0.5009606727667408	0.9020459523412011
38.7223611805903	0.501678834288846	0.902896255458873
38.855427713856926	0.5041606812205698	0.9034634957449573
38.98849424712356	0.5049620417898008	0.9035824961656869
39.1215607803902	0.505914701727401	0.9021657204449247
39.254627313656826	0.5080842703530971	0.9015497281986281
39.38769384692346	0.508691695083209	0.9014035005029281
39.5207603801901	0.5097535018959961	0.9010489555245542
39.653826913456726	0.5105175557911587	0.900543572696875
39.78689344672336	0.5121073722075662	0.9012527726479324
39.91995997999	0.5132170862279375	0.9019590719016684
40.053026513256626	0.5144489705838321	0.9020236888796892
40.18609304652326	0.5168834127965755	0.9016065865853369
40.3191595797899	0.5174015212344807	0.9027099296378394
40.452226113056525	0.5184742783224556	0.9023260919791131
40.58529264632316	0.519844915968048	0.9021209190134973
40.7183591795898	0.5209049623870892	0.900606332760429
40.851425712856425	0.5220580117018324	0.8999331705471594
40.98449224612306	0.5237789817338506	0.9009387631611709
41.1175587793897	0.5239613474614531	0.9018163353587975
41.250625312656325	0.5240378804956743	0.8990182530953996
41.38369184592296	0.5251519144852673	0.8991725031311834
41.516758379189596	0.5267994462631118	0.89903317444006
41.649824912456225	0.5283166791919136	0.8981326545162336
41.78289144572286	0.529820640026673	0.8970034671176441
41.915957978989496	0.5307689431648966	0.8980741701104074
42.049024512256125	0.5320224653668151	0.8990394994237882
42.18209104552276	0.5335165804839669	0.8986277963110554
42.315157578789396	0.5346931044962755	0.8993573102212798
42.448224112056025	0.5349070698312781	0.8998165197971365
42.58129064532266	0.5352736068533135	0.8986858732037305
42.714357178589296	0.5355859017567806	0.899061507310467
42.847423711855924	0.536783738948688	0.8972643163388049
42.98049024512256	0.5379162286249118	0.8964207155046239
43.113556778389196	0.5382225436717595	0.8975530285708792
43.246623311655824	0.5393184778051641	0.898368671789799
43.37968984492246	0.5401065742174767	0.8969586626678675
43.512756378189096	0.5411570201456168	0.8969848242814742
43.645822911455724	0.5430891113388373	0.896485859467037
43.77888944472236	0.5430896513320133	0.8960121717769506
43.911955977988995	0.5436149889324325	0.896454980434493
44.045022511255624	0.5451703061908759	0.8942758258771143
44.17808904452226	0.546217846621494	0.8943759732544465
44.311155577788895	0.5457758430683181	0.8953665180344854
44.444222111055524	0.5472614480996886	0.8948561902036124
44.57728864432216	0.5473604752886218	0.8951427340234308
44.710355177588795	0.5485771307243618	0.8947122949698927
44.843421710855424	0.5498017470493894	0.8954199590493708
44.97648824412206	0.550801003085204	0.8945317350819776
45.109554777388695	0.5522315305271766	0.8947469654216113
45.24262131065532	0.5520627647686529	0.8938449031509125
45.37568784392196	0.5523183716639805	0.8946224485188242
45.508754377188595	0.5530899398079403	0.894833481887021
45.64182091045522	0.5536046101260748	0.8940982782993394
45.77488744372186	0.5551659288141633	0.8947486217627477
45.907953976988495	0.5554190568070893	0.8933713597776616
46.04102051025512	0.5567870091445234	0.8922449881173193
46.17408704352176	0.5573330437387564	0.8918173670269441
46.307153576788394	0.5592373059550526	0.8921290274352328
46.44022011005502	0.5596644421033864	0.8909318145790354
46.57328664332166	0.5608403427359577	0.8906309102002553
46.706353176588294	0.5620617443355517	0.8914495769837615
46.83941970985492	0.5619990780216771	0.8901629765790668
46.97248624312156	0.5630959162465613	0.8878477186951329
47.105552776388194	0.5643489446861764	0.8890986258103452
47.23861930965483	0.5646368511898276	0.8885921040663765
47.37168584292146	0.565027701052297	0.8884758952787849
47.504752376188094	0.565585449933148	0.8884423046723054
47.63781890945473	0.5655447789559221	0.8889202524379218
47.77088544272136	0.5655444586895761	0.89010485259958
47.903951975987994	0.5660228736580344	0.8905513794401083
48.03701850925463	0.5671170594173203	0.8899839632013382
48.17008504252126	0.5678725626557243	0.888910960566394
48.30315157578789	0.5689112481417523	0.8886111278092577
48.43621810905453	0.5695969421979917	0.8885794104296244
48.56928464232116	0.5712861725373957	0.8880750919625006
48.70235117558779	0.5710922677600816	0.8877985233205113
48.83541770885443	0.5721579243914371	0.8883559714137839
48.96848424212106	0.5725190368602202	0.8884808050834127
49.10155077538769	0.5738105225663175	0.8886817130919346
49.23461730865433	0.5735961999713182	0.8891079760180453
49.36768384192096	0.5738381262226692	0.8891135819342191
49.50075037518759	0.5743624468200434	0.8879938327815758
49.63381690845423	0.5755883897821212	0.8883922285245758
49.76688344172086	0.5768341119889102	0.8884642028067852
49.89994997498749	0.5772991524109582	0.8875061644383521
50.03301650825413	0.5781401572877305	0.8868142580980356
50.16608304152076	0.5779946580040656	0.8865854243253812
50.29914957478739	0.5780349694812921	0.8859695202947132
50.43221610805403	0.5795227995798183	0.8861106765110881
50.56528264132066	0.579140692221123	0.8858973648537625
50.69834917458729	0.5791760906790111	0.8852903650357153
50.83141570785393	0.5796388168528093	0.8854320460025574
50.96448224112056	0.579860305390662	0.8854965652300794
51.09754877438719	0.5807032965417273	0.886090549318615
51.23061530765383	0.5824454901974015	0.885643737117563
51.36368184092046	0.5824997587495746	0.8853958819962141
51.49674837418709	0.5832858051717018	0.8849561188992928
51.62981490745373	0.5839560019094197	0.8852986080977677
51.762881440720356	0.5859923265967398	0.8849881701750831
51.89594797398699	0.5871505661403509	0.8851436193314542
52.02901450725363	0.5873515473286011	0.8843664367317978
52.162081040520256	0.5888511877310265	0.8850141677890784
52.29514757378689	0.5892376384938168	0.8848365190334074
52.42821410705353	0.5897786164161651	0.8848881003646947
52.561280640320156	0.5905689139281022	0.8858925068919801
52.69434717358679	0.5908871818122889	0.8872047079669376
52.82741370685343	0.5916074126145919	0.8876573355730828
52.960480240120056	0.5916909842506513	0.8864589381055881
53.09354677338669	0.5917289183320615	0.8845566471913606
53.22661330665333	0.5935448906565789	0.8859410719935875
53.359679839919956	0.5942517611992164	0.886993289462129
53.49274637318659	0.594143295241841	0.8872102247294992
53.62581290645323	0.5947434347704642	0.8867135244171991
53.758879439719855	0.5961794972259259	0.8855596006612222
53.89194597298649	0.5971942826345965	0.8861088058156859
54.02501250625313	0.5979504946629404	0.8853253610148089
54.158079039519755	0.5979893572547307	0.886209137048178
54.29114557278639	0.5983259174075185	0.885811036877793
54.42421210605303	0.5982375733580456	0.8865396914480869
54.557278639319655	0.5968556152710374	0.886208878477547
54.69034517258629	0.5969831871199394	0.8863551609316171
54.823411705852926	0.5975504644665917	0.8870001912900016
54.956478239119555	0.5980555062982061	0.88659834615681
55.08954477238619	0.5989320416733903	0.8876386549746941
55.222611305652826	0.6002835819825956	0.8876933628674485
55.35567783891946	0.602051313331809	0.8875945663540701
55.48874437218609	0.6025227373861813	0.8891019255361224
55.621810905452726	0.6022079463544254	0.8889270757568936
55.75487743871936	0.6021073697047871	0.8881535159856381
55.88794397198599	0.6020248425505949	0.8877246282260574
56.021010505252626	0.601606101233312	0.8867427815461036
56.15407703851926	0.6022024709927314	0.8871999249890552
56.28714357178589	0.6034795055321986	0.8863676586570901
56.420210105052526	0.6057743577431858	0.8849720521281229
56.55327663831916	0.6067439811668442	0.8845097340487862
56.68634317158579	0.6064919609665922	0.8836622456544926
56.819409704852426	0.6065465960175743	0.8837198455636748
56.95247623811906	0.6081326310250592	0.883515193613411
57.08554277138569	0.6095437483807924	0.8829087280779278
57.218609304652325	0.6102914310990657	0.8827429070391715
57.35167583791896	0.6113290365993109	0.8820596764028013
57.48474237118559	0.6126582593727405	0.881968916650138
57.617808904452225	0.6135305133933925	0.880950992035718
57.75087543771886	0.613650970659745	0.8799736685404513
57.88394197098549	0.6148967046140158	0.8794493034465652
58.017008504252125	0.6163863002786698	0.8799311025996867
58.15007503751876	0.6169332299909841	0.8796946288022149
58.28314157078539	0.6178727050763393	0.8794212953860937
58.416208104052025	0.6196676318660713	0.8799381416164095
58.54927463731866	0.6217090101720573	0.8804245007827832
58.68234117058529	0.6221154117169913	0.8796944691407454
58.815407703851925	0.6222490711873928	0.8783315814474358
58.94847423711856	0.6230753796069083	0.8790693413687016
59.08154077038519	0.6230950856534401	0.8794753675360183
59.214607303651825	0.6246549786942014	0.8805332301437273
59.34767383691846	0.6241183342978607	0.8812943422045969
59.48074037018509	0.6240763834784073	0.8807058075455829
59.613806903451724	0.6243361102209558	0.8799385813941445
59.74687343671836	0.6233038338981498	0.8804239573749326
59.87993996998499	0.624394780589742	0.8813154156840832
60.013006503251624	0.6254299450977118	0.8813485629499223
60.14607303651826	0.6255204528256273	0.8806337521089234
60.27913956978489	0.6256865320801541	0.8808921451394901
60.412206103051524	0.6265375977836453	0.8806896961278312
60.54527263631816	0.6276373814433533	0.8806397618764437
60.67833916958479	0.62831998875813	0.8803543087222134
60.811405702851424	0.6279191898503842	0.8798124413206391
60.94447223611806	0.6278369546413192	0.87917919777155
61.07753876938469	0.6283054057955552	0.879629869871802
61.210605302651324	0.6284450879897506	0.8796293462793564
61.34367183591796	0.6290328682761229	0.8802306113971945
61.47673836918459	0.6299921597247773	0.8794604525400685
61.60980490245122	0.6315264492132248	0.8786477457852283
61.74287143571786	0.6320643186681056	0.8772277842698849
61.87593796898449	0.6330727616086761	0.8778298149765678
62.00900450225112	0.6334179844729078	0.8775246220216552
62.14207103551776	0.6343482940726306	0.877176914546227
62.27513756878439	0.6339253783793035	0.8765829615783995
62.40820410205102	0.6342444054365889	0.8770678039860895
62.54127063531766	0.6353467379674395	0.8770508998370495
62.67433716858429	0.6355400207357863	0.8773621910094479
62.80740370185092	0.63518729458478	0.877196987677269
62.94047023511756	0.635306767651447	0.8762739736302002
63.07353676838419	0.6354583321125374	0.8765013664127908
63.20660330165082	0.6364309399651109	0.8785328792374347
63.33966983491746	0.6371394883216089	0.8800454571099728
63.47273636818409	0.6377572372038557	0.8785998902146523
63.60580290145072	0.6376817721154525	0.877271280600266
63.73886943471736	0.6382054918244137	0.8749129022144707
63.87193596798399	0.6392251558619794	0.8751611345071192
64.00500250125063	0.6398802119891273	0.8757133236755655
64.13806903451726	0.6415446261900918	0.8754220420721268
64.27113556778389	0.6426262704719452	0.8746012603909513
64.40420210105053	0.6423157386335407	0.873247400867851
64.53726863431716	0.6428395110751212	0.8727132116506195
64.67033516758379	0.643909360019449	0.8721185312168606
64.80340170085043	0.6437976152167582	0.8717807903515372
64.93646823411706	0.644569871187279	0.8721541276169354
65.06953476738369	0.6458707871606834	0.8736062106759196
65.20260130065033	0.6461594897273157	0.8733266855875826
65.33566783391696	0.6461197866745334	0.8735709855300084
65.46873436718359	0.6469846819089249	0.8723225127458234
65.60180090045023	0.6475296901028926	0.8715672304973773
65.73486743371686	0.6485733856905633	0.8724124418929805
65.86793396698349	0.6492259654444933	0.8726255334234271
66.00100050025013	0.6499377695956149	0.8718967694849294
66.13406703351676	0.65067669730877	0.8709118580645077
66.26713356678339	0.6518464521089347	0.8716454432900518
66.40020010005003	0.6525829244037689	0.8718088972609385
66.53326663331666	0.6533299444200831	0.8728936086829449
66.66633316658329	0.6540435910046352	0.8723727529287018
66.79939969984993	0.6559080240887876	0.8709582654666719
66.93246623311656	0.655937444943325	0.8705770958445735
67.06553276638319	0.6558058895838726	0.8700845069846939
67.19859929964983	0.6540339827069871	0.8703439763994019
67.33166583291646	0.6550040694042526	0.869820435383974
67.46473236618309	0.6554283019018277	0.8699153736460361
67.59779889944973	0.6556989775997168	0.8693173116348082
67.73086543271636	0.6550920121423307	0.8689686862641844
67.86393196598299	0.6547952908210936	0.8687194660722648
67.99699849924963	0.6553540991500422	0.869051674418761
68.13006503251626	0.655531106120727	0.869256371866504
68.26313156578288	0.6554641734447676	0.8692773666180311
68.39619809904953	0.6558043324120385	0.8695969002872123
68.52926463231616	0.6563380513352435	0.8701770181453569
68.66233116558278	0.6566492075146323	0.8692827558672721
68.79539769884943	0.6568580475081347	0.8689014231212955
68.92846423211606	0.6580261690593057	0.8692053877660266
69.06153076538268	0.6584087815154931	0.869008285096165
69.19459729864933	0.6597545304279936	0.8698074740747266
69.32766383191596	0.6618022190911138	0.8696334510626098
69.46073036518258	0.6619083384885149	0.8696503292766642
69.59379689844923	0.6613177490218879	0.8695118855948195
69.72686343171586	0.6605024177795601	0.868999206230921
69.85992996498248	0.6606093671309989	0.868873464324424
69.99299649824913	0.660528166791548	0.867734448473989
70.12606303151576	0.6611976732092895	0.8673454363764597
70.25912956478238	0.6625434212901786	0.8672602436223268
70.39219609804903	0.6617122045362884	0.8668318462787291
70.52526263131566	0.6612966315683999	0.8659181947952175
70.65832916458228	0.6617394684454172	0.866351829499205
70.79139569784893	0.6610314027734162	0.8658210489838455
70.92446223111556	0.6608745160579751	0.8667126476108347
71.05752876438218	0.6610552006343695	0.8662223033862837
71.19059529764883	0.6624386615755309	0.8655205127170432
71.32366183091546	0.6623638607269744	0.8665937865197548
71.45672836418208	0.6615162302711812	0.8662151714155705
71.58979489744873	0.6621862092578624	0.8671184087866498
71.72286143071535	0.6627901462856985	0.8672957990492046
71.85592796398198	0.6624787194104362	0.8670532344677074
71.98899449724863	0.6633713772202386	0.866845631842086
72.12206103051525	0.663141706257554	0.8668959484119723
72.25512756378188	0.6636847935709199	0.8666016654057327
72.38819409704853	0.6638195684420014	0.8659855981073846
72.52126063031515	0.6636607611625547	0.8642197661620199
72.65432716358178	0.6634069948479244	0.8642701900287849
72.78739369684843	0.6640300890263351	0.8640050932644413
72.92046023011505	0.665099696015242	0.8652093217012546
73.05352676338168	0.6660244169641706	0.8660099082284964
73.18659329664833	0.6671850956163993	0.8646743710699468
73.31965982991495	0.6671573639238305	0.864663152631643
73.45272636318158	0.6679598842289993	0.8648606984273405
73.58579289644823	0.6685294306974385	0.8651887395110586
73.71885942971485	0.6698005712550708	0.8650466135793159
73.85192596298148	0.6706203495254117	0.8651520106803597
73.98499249624813	0.6711231006676422	0.8650514463807512
74.11805902951475	0.671580069559273	0.865100339250245
74.25112556278138	0.6720520096433624	0.8657744037138109
74.38419209604803	0.6722804746350003	0.8651415632888346
74.51725862931465	0.6731982127235097	0.8632043314598261
74.65032516258128	0.6739273440723555	0.8634953332333442
74.78339169584793	0.6731037777802783	0.863056837833693
74.91645822911455	0.6736517801455021	0.8625153011762426
75.04952476238118	0.6741771322815721	0.8620957638932645
75.18259129564782	0.673913520436325	0.8614986149086092
75.31565782891445	0.6743365399661841	0.8603649798972399
75.44872436218108	0.6749696159092893	0.8603587173976215
75.58179089544772	0.6762151803519727	0.8588326034890819
75.71485742871435	0.6758763670918799	0.8573525805593711
75.84792396198098	0.6773444129569302	0.857421519184778
75.98099049524762	0.6775944323115489	0.8566260825633757
76.11405702851425	0.6764564667375411	0.8573765062125535
76.24712356178088	0.6762399078672665	0.8589616091125081
76.38019009504752	0.6771672457911563	0.8592858472107058
76.51325662831415	0.6763446241885891	0.8587214642635107
76.6463231615808	0.6771535393634697	0.8586006666669511
76.77938969484742	0.6774392050709243	0.8587192071858272
76.91245622811405	0.6774982220874949	0.8600082051178666
77.0455227613807	0.6777735944838886	0.8592029115650163
77.17858929464732	0.6783485968096395	0.8573632348313801
77.31165582791395	0.6782113606763492	0.8576969392741969
77.4447223611806	0.6786111907307157	0.8573393211012212
77.57778889444722	0.6790089872067644	0.8572758363503769
77.71085542771385	0.6796836360299259	0.8581674354955565
77.8439219609805	0.6797111388260426	0.8582724600548424
77.97698849424712	0.6806333485223593	0.8591385552507294
78.11005502751375	0.6806889119857017	0.8594405546173298
78.2431215607804	0.6821319305943013	0.8588388879722272
78.37618809404702	0.6817840190044823	0.8598507717886742
78.50925462731365	0.6817490869885758	0.8604258621206197
78.6423211605803	0.6822601623747894	0.8605432484883754
78.77538769384692	0.682260206220605	0.8595423637407295
78.90845422711355	0.6819662354867244	0.858712720485348
79.0415207603802	0.6821563899988251	0.858551880826347
79.17458729364682	0.6828266146162272	0.8579895870792383
79.30765382691345	0.683542261702072	0.8578087399267477
79.4407203601801	0.6838483245354198	0.8587081135182602
79.57378689344672	0.685021751032698	0.8583070049571275
79.70685342671335	0.6843023712410758	0.8595399290115843
79.83991995998	0.6823885744129757	0.8596627818552798
79.97298649324662	0.6826699107861792	0.8598123210746278
80.10605302651325	0.683295578590008	0.8593416506010549
80.2391195597799	0.68504004603341	0.8588319916100046
80.37218609304652	0.6863782758552839	0.859494819505334
80.50525262631315	0.6853158689835936	0.860408199867693
80.6383191595798	0.6855646416495647	0.8611489902378392
80.77138569284642	0.6852949862395835	0.8612905027966686
80.90445222611305	0.6832906388612103	0.8608221751729815
81.0375187593797	0.6828661240762169	0.8612638342607445
81.17058529264632	0.6840151622066338	0.8621709113012775
81.30365182591295	0.6855297208369128	0.861870888954097
81.4367183591796	0.684885379391391	0.8614648097133637
81.56978489244622	0.6847624609106117	0.8624802520748898
81.70285142571285	0.6849585476079361	0.8615414995219149
81.8359179589795	0.6862499672399464	0.8606298142334919
81.96898449224612	0.6867205340396707	0.8600224669489192
82.10205102551275	0.686949746673289	0.8598829029817113
82.2351175587794	0.686219848712964	0.8583760386638863
82.36818409204602	0.6874165672235195	0.8577710199562733
82.50125062531265	0.6889087366184702	0.857775103478363
82.6343171585793	0.6896710983548987	0.8567950367855778
82.76738369184592	0.6890280306019416	0.8572805537740269
82.90045022511255	0.6880170278601699	0.857985334040666
83.03351675837919	0.6871830276449536	0.8575717477776295
83.16658329164582	0.6879536220347062	0.8579164924611226
83.29964982491245	0.688679531848642	0.8585018446976964
83.43271635817909	0.6878881717958107	0.8576713056624754
83.56578289144572	0.6883760662435632	0.8564335203597995
83.69884942471235	0.6891845548572042	0.8563182334024363
83.83191595797899	0.6901090163967567	0.8573012787154514
83.96498249124562	0.6903691215390397	0.8570515596781247
84.09804902451225	0.69055182099853	0.8566234690709281
84.23111555777889	0.6907136579518753	0.8569238384361052
84.36418209104552	0.6906245676056674	0.8572371403841326
84.49724862431215	0.6916543285893499	0.8552465968680378
84.63031515757879	0.6929217758267255	0.8547465428212656
84.76338169084542	0.6931903574919881	0.855036064435782
84.89644822411205	0.6941558527619375	0.8537950803534748
85.02951475737869	0.6943212186980637	0.8527434244376694
85.16258129064532	0.695890939595704	0.852533800229554
85.29564782391195	0.6959230988698474	0.8526365453447008
85.42871435717859	0.6956880909140354	0.8544305530029291
85.56178089044522	0.6959368939627	0.8541708515030431
85.69484742371185	0.6964601019943927	0.8539913774805834
85.82791395697849	0.6961844018981896	0.8530413265598726
85.96098049024512	0.6972504985632112	0.8529410268418219
86.09404702351175	0.6982963399796205	0.8529273011690923
86.22711355677839	0.6996164162775279	0.8523551734421034
86.36018009004502	0.7011562850156601	0.8515590589007388
86.49324662331165	0.7015218227365838	0.8501201543631463
86.62631315657829	0.7022156435190002	0.851046909524345
86.75937968984492	0.7024752647092326	0.8513891958036054
86.89244622311155	0.7019863722369211	0.8510778904172113
87.02551275637819	0.7028188175875908	0.8502619297827249
87.15857928964482	0.7033572396625937	0.8509569480987154
87.29164582291145	0.7036423967542927	0.8508797833097003
87.42471235617809	0.7037567665653927	0.8507063653575316
87.55777888944472	0.7034318926445364	0.8508025887368003
87.69084542271135	0.7024937641801535	0.8513790533227568
87.82391195597799	0.7029607064037685	0.8506719331424493
87.95697848924462	0.7030349196930111	0.850073474666114
88.09004502251125	0.7030730806988629	0.8493564861174234
88.22311155577789	0.7043033856967997	0.8498630617839201
88.35617808904452	0.7034894750191055	0.8513252230153707
88.48924462231115	0.7036121287254853	0.851402486449135
88.62231115557779	0.7038847891241002	0.8514082307024265
88.75537768884442	0.703570956541976	0.8508547502970238
88.88844422211105	0.7031668692754854	0.8507859707317048
89.02151075537769	0.7031948565901645	0.8499878712508814
89.15457728864432	0.7035432213496222	0.8499681594309619
89.28764382191095	0.7034497852448794	0.8494715361127158
89.42071035517759	0.7032026185287569	0.8497577416284002
89.55377688844422	0.7023920936933443	0.8505383109260848
89.68684342171085	0.7010933105858282	0.8507556593243254
89.81990995497749	0.7004624197435745	0.8498100933181921
89.95297648824412	0.7017274165426981	0.8494397291212178
90.08604302151075	0.7034188646257258	0.8489476064090984
90.21910955477739	0.7043211067665349	0.8482897750129964
90.35217608804402	0.7044886106874221	0.8483470995596828
90.48524262131065	0.7038198899155633	0.848485105575687
90.61830915457729	0.703373543897753	0.8478746987124581
90.75137568784392	0.703433512910208	0.8470024170297907
90.88444222111055	0.7038973576638754	0.8470654493155826
91.01750875437719	0.7046215015811114	0.8485675658162443
91.15057528764382	0.7037475438393863	0.8493527259667587
91.28364182091045	0.7023078618743199	0.8489207439718917
91.41670835417709	0.7003519889729641	0.849440963961799
91.54977488744372	0.701151294157185	0.8496719079938397
91.68284142071035	0.7016902516813518	0.8493464656948377
91.81590795397699	0.7023920133545787	0.8479151662245096
91.94897448724362	0.7028760231355844	0.8477034534673589
92.08204102051025	0.7031120434438842	0.847329864397254
92.21510755377689	0.7034167823337074	0.8472424188164319
92.34817408704352	0.7044567748453421	0.8468717835119588
92.48124062031015	0.7037253164363803	0.8468738814362223
92.61430715357679	0.7038676181108525	0.8467891693945953
92.74737368684342	0.703734144418647	0.8461561422910638
92.88044022011005	0.7039421748721103	0.8462261022434507
93.01350675337669	0.704157475788761	0.8476626610812673
93.14657328664332	0.7047051283630908	0.8481809054103581
93.27963981990995	0.7044089767254407	0.847111670307642
93.41270635317659	0.7037548470977038	0.8465517039193925
93.54577288644322	0.7034660814628922	0.8464894128671012
93.67883941970985	0.7034325437502933	0.846023959313727
93.81190595297649	0.7036594925548102	0.8454027680166588
93.94497248624312	0.7036000606534857	0.846616264558549
94.07803901950976	0.7033809002673946	0.8466207883339785
94.21110555277639	0.7042358929072395	0.8465032917067528
94.34417208604302	0.7040512842155338	0.8459966619512304
94.47723861930966	0.7046499541964688	0.8466807775131585
94.61030515257629	0.7051663655318383	0.8476556982930694
94.74337168584292	0.7060210885446372	0.8470612687387051
94.87643821910956	0.70637896859955	0.8463631103550242
95.00950475237619	0.7053639755139413	0.8468325506000172
95.14257128564282	0.7047690110313349	0.8467738252640142
95.27563781890946	0.7057840836784541	0.8464953395736534
95.40870435217609	0.7059136190276926	0.8464207412239292
95.54177088544272	0.7046199669520523	0.8466261326563732
95.67483741870936	0.7046748066903677	0.8472936116751791
95.80790395197599	0.7044555997277782	0.8470512046994814
95.94097048524262	0.7039518462208353	0.8466270720202338
96.07403701850926	0.7045846712659611	0.8459623880070453
96.20710355177589	0.7052361418471116	0.8457942294147596
96.34017008504252	0.7059558079925359	0.844640422831557
96.47323661830916	0.7070837233090129	0.8448535586171594
96.60630315157579	0.7083996272470872	0.8442905266553762
96.73936968484242	0.7094998689199389	0.8432728975909625
96.87243621810906	0.709007085245713	0.8438906817804572
97.00550275137569	0.7092818778328939	0.8436395369673112
97.13856928464232	0.7084589693548017	0.8425138283496146
97.27163581790896	0.7088316898968507	0.8434663550236807
97.40470235117559	0.7101793523438026	0.8430227873470526
97.53776888444222	0.7102210527975512	0.8425294322657586
97.67083541770886	0.7106541902450902	0.8417783286314808
97.80390195097549	0.7110429141423084	0.8414918307036868
97.93696848424212	0.7120023228799434	0.8419856691041787
98.07003501750876	0.7128144233109538	0.843434210270678
98.20310155077539	0.7133085226485095	0.8436223721768159
98.33616808404201	0.7137617193205203	0.843680809919505
98.46923461730866	0.7136337817672834	0.844734700114504
98.60230115057529	0.7130840944486627	0.8450952842968388
98.73536768384191	0.7127344395527736	0.8451981687262313
98.86843421710856	0.7126390966912313	0.84523794342332
99.00150075037519	0.7119466149854958	0.8448714335198789
99.13456728364181	0.7123067760112576	0.843635838041213
99.26763381690846	0.712645157796691	0.8436916244477599
99.40070035017509	0.711963641960654	0.8432441170596522
99.53376688344171	0.712366028226754	0.8431895605600772
99.66683341670836	0.7130272260632207	0.8437504913639453
99.79989994997499	0.7135892045467587	0.8437311217632181
99.93296648324161	0.7129695475492072	0.843607391285411
100.06603301650826	0.7128903968395549	0.8426069467363552
100.19909954977489	0.7125924795788646	0.8421654487911737
100.33216608304151	0.7128409424568335	0.8407572391700581
100.46523261630816	0.7127585799331105	0.8408636284359714
100.59829914957479	0.7127559316571059	0.8403920123028982
100.73136568284141	0.7127570059192894	0.8392166724061562
100.86443221610806	0.7131660274170534	0.8384631333714957
100.99749874937469	0.7138574225820608	0.8377310826326838
101.13056528264131	0.7135726076061706	0.8372954353584687
101.26363181590796	0.7135640753181581	0.8373468402086935
101.39669834917459	0.713459868600014	0.8376309584023861
101.52976488244121	0.7134020994878043	0.8376741338317624
101.66283141570786	0.7142535897806004	0.8384717249941809
101.79589794897448	0.715352069223674	0.8392839908655679
101.92896448224111	0.71484450965943	0.8386010635100929
102.06203101550776	0.7164840774636617	0.8388838071567908
102.19509754877438	0.716842382434908	0.839236703810451
102.32816408204101	0.716471188526941	0.8386295418614411
102.46123061530766	0.7169322738961417	0.8379634177749307
102.59429714857428	0.7167817533969716	0.8376739729112137
102.72736368184091	0.715977585728643	0.8368508990918068
102.86043021510756	0.7154203188514576	0.8369316273084161
102.99349674837418	0.7157220890838817	0.8364725011274249
103.12656328164081	0.7155492453412643	0.8372796631840205
103.25962981490746	0.7157455976872926	0.8380395167565173
103.39269634817408	0.7157257361958638	0.8375542326760808
103.52576288144071	0.7156390954063429	0.836769551963801
103.65882941470736	0.7153184820642581	0.8365496525174204
103.79189594797398	0.7147860836228758	0.83673461163273
103.92496248124061	0.7164619811552589	0.8367384128337809
104.05802901450726	0.7174643648314251	0.8371820717778484
104.19109554777388	0.7173683266700412	0.8378229507980454
104.32416208104051	0.7173221783660065	0.8382268942006278
104.45722861430716	0.7172655713951244	0.8383670886233117
104.59029514757378	0.71776939912744	0.8384460956781105
104.72336168084041	0.7165533802509777	0.838222480817325
104.85642821410705	0.7142793922702544	0.8377195518438458
104.98949474737368	0.7131916027667436	0.8380744322852838
105.12256128064031	0.7130609673999531	0.83842498155759
105.25562781390695	0.7142277653621012	0.8387972445203119
105.38869434717358	0.7143349687480347	0.8380792686566294
105.52176088044021	0.7138892081972654	0.8370599784957504
105.65482741370685	0.7138971498394332	0.8365845262820699
105.78789394697348	0.7139698785886536	0.8360196727529438
105.92096048024011	0.7140689496434308	0.8369651193665821
106.05402701350675	0.7139679529705525	0.8385168558949104
106.18709354677338	0.714260035218303	0.8385636387663996
106.32016008004001	0.7146095867108399	0.8387260997951934
106.45322661330665	0.7150229174850858	0.8373321718102361
106.58629314657328	0.7139148879428345	0.8368161490505222
106.71935967983991	0.715191525979367	0.8383198228735479
106.85242621310655	0.7160201514434391	0.8380490639758211
106.98549274637318	0.7150481983121459	0.8367189648374175
107.11855927963981	0.7153020765269761	0.8367641351365016
107.25162581290645	0.7152691887622097	0.8367659250072469
107.38469234617308	0.7155594256079744	0.8370631584186122
107.51775887943971	0.7151333410374199	0.837276451938624
107.65082541270635	0.7148109136023384	0.8366532622156143
107.78389194597298	0.716177651336289	0.8365318800269408
107.91695847923961	0.7168637062687044	0.8361001815257947
108.05002501250625	0.7164234965645742	0.8347741068259336
108.18309154577288	0.7160587546602888	0.834229045705155
108.31615807903951	0.7173547957356582	0.8352018753796685
108.44922461230615	0.7173634147138686	0.8340369992601541
108.58229114557278	0.7166039647972685	0.8324251222486496
108.71535767883941	0.7171207828997356	0.831907476829185
108.84842421210605	0.7169339802692443	0.8310936346021338
108.98149074537268	0.7163459815031493	0.8308976902917768
109.11455727863931	0.71699668118215	0.8294636175571578
109.24762381190595	0.7170685186945142	0.830078944690644
109.38069034517258	0.7168208762758216	0.8313572009392433
109.51375687843921	0.7168093820063259	0.8312795640459507
109.64682341170585	0.7162459058896851	0.8323801243365203
109.77988994497248	0.7161012268748661	0.8326816870556295
109.91295647823911	0.7169215070171884	0.8314453037332303
110.04602301150575	0.7183368810524182	0.8305934559406608
110.17908954477238	0.7188411327683017	0.8295588427175155
110.31215607803901	0.7184822771540849	0.8296552269020009
110.44522261130565	0.7171509993478304	0.8310135889468261
110.57828914457228	0.717238366526777	0.8311781131574613
110.71135567783892	0.7181604417030129	0.8303338315665608
110.84442221110555	0.7190762853011035	0.8291775534338159
110.97748874437218	0.7194396132796997	0.8287728144086713
111.11055527763882	0.7194888741074926	0.827880563798227
111.24362181090545	0.7198933767967912	0.8278199369148972
111.37668834417208	0.7189275574659091	0.8278068350312131
111.50975487743872	0.7192409243734932	0.8272537559369331
111.64282141070535	0.7193172487643795	0.8276110568381574
111.77588794397198	0.7178812362448324	0.8273851798158743
111.90895447723862	0.7169228882813493	0.8259790276708098
112.04202101050525	0.717278703836363	0.8252775604585905
112.17508754377188	0.7178789198086086	0.8256486064716537
112.30815407703852	0.718013900081025	0.8256666015153912
112.44122061030515	0.7180026781401965	0.8255380894006479
112.57428714357178	0.7185786325528821	0.825463724909077
112.70735367683842	0.7190358277091469	0.8245079487357796
112.84042021010505	0.7193666078623593	0.8239388936710407
112.97348674337168	0.7189740005168329	0.8240545072156036
113.10655327663832	0.7196660910903704	0.8235139677240926
113.23961980990495	0.7202370193780582	0.8237170589876088
113.37268634317158	0.7202659941440029	0.8237419070681877
113.50575287643822	0.7217691780041815	0.8241213346447128
113.63881940970485	0.7229510367420349	0.8249151906410385
113.77188594297148	0.7240300216506496	0.8264349142091907
113.90495247623812	0.7240316207907324	0.8258171690010588
114.03801900950475	0.7240990224896982	0.8255056764110955
114.17108554277138	0.7235664367317648	0.8250857445249997
114.30415207603802	0.7227041786935825	0.8236541286473837
114.43721860930465	0.7228674214131552	0.8233158999656013
114.57028514257128	0.7223689535893015	0.8224685694551298
114.70335167583792	0.7225404851005939	0.8226319539887128
114.83641820910455	0.7213721317320421	0.8225336289108057
114.96948474237118	0.7205336151411416	0.8221729573197404
115.10255127563782	0.721681883184626	0.8222006527673152
115.23561780890445	0.7204542817198305	0.8222230331460841
115.36868434217108	0.720164483598222	0.8221238943145177
115.50175087543772	0.7207285474536648	0.8216023440732444
115.63481740870435	0.7202158708949191	0.8211487467863738
115.76788394197098	0.7200790095403514	0.8214096808814876
115.90095047523762	0.7198817049260201	0.8217691097457249
116.03401700850425	0.7203515176731659	0.8210909922357985
116.16708354177088	0.7205904932285315	0.8199464471979176
116.30015007503752	0.7201824389415951	0.8185228984693182
116.43321660830415	0.7197263536009555	0.8183253123332971
116.56628314157078	0.7199377346055811	0.8193746746895998
116.69934967483742	0.7201760071383034	0.82017283608215
116.83241620810405	0.7202756992319539	0.820980734779765
116.96548274137068	0.7199261079723119	0.821366025230196
117.09854927463732	0.7201437752237194	0.8210175981733107
117.23161580790395	0.7201978915681612	0.8213782775372748
117.36468234117058	0.7190451091029081	0.8212146713308628
117.49774887443722	0.7184925692880416	0.8212048965423355
117.63081540770385	0.7183437792599938	0.8213497013374407
117.76388194097048	0.718152313315144	0.8221496824336075
117.89694847423712	0.7177152388523107	0.8226200906864115
118.03001500750375	0.7181212979566537	0.8232439991726167
118.16308154077038	0.7181441512349208	0.8238314472679845
118.29614807403702	0.7188023631220983	0.8227258593785816
118.42921460730365	0.7183275262769796	0.8212823468491761
118.56228114057028	0.7176605938449386	0.8208770832790825
118.69534767383692	0.7179860586949707	0.8219622859647905
118.82841420710355	0.718376306937353	0.8230993094897142
118.96148074037018	0.7200253602351295	0.8223811802195318
119.09454727363682	0.7195894517243291	0.8216424326219569
119.22761380690345	0.7195846423267441	0.8213322253820957
119.36068034017008	0.7201990121585765	0.8212317151499764
119.49374687343672	0.7200192640465664	0.820793078633226
119.62681340670335	0.719999207387771	0.8199685719521005
119.75987993996998	0.7198339269115435	0.8190819600195054
119.89294647323662	0.7188225826865973	0.8176722255716176
120.02601300650325	0.7184793689536831	0.8177373912698933
120.15907953976988	0.7185078054037086	0.8179055523303407
120.29214607303652	0.7181745701201282	0.817924265461654
120.42521260630315	0.7187950328821655	0.8177398431583782
120.55827913956978	0.718871453239727	0.8167532262871589
120.69134567283642	0.7193275220944491	0.8172622651845348
120.82441220610305	0.7196364755194138	0.8173366302985035
120.95747873936968	0.7188996401252377	0.8185808824674453
121.09054527263632	0.7183891818461101	0.8186309738173851
121.22361180590295	0.718250920059748	0.8182781923093407
121.35667833916958	0.7180959441163149	0.8182558838218591
121.48974487243622	0.7177619598704895	0.8186927523182924
121.62281140570285	0.7177269244778612	0.8201139326800784
121.75587793896948	0.7186543879784494	0.820999681870978
121.88894447223612	0.7184810665229755	0.821755591986381
122.02201100550275	0.7172418564492608	0.8216199592498905
122.15507753876938	0.717555473992836	0.8207297652347886
122.28814407203602	0.717446646208592	0.8209586356696528
122.42121060530265	0.7167417441144512	0.8213511480021713
122.55427713856928	0.7171187656855965	0.8206562186376453
122.68734367183592	0.7167462339163443	0.8197992234266025
122.82041020510255	0.7163493010515007	0.8185992573267495
122.95347673836918	0.7171140202405744	0.8183064945901326
123.08654327163582	0.7185230229844728	0.819027480838175
123.21960980490245	0.7192627941966864	0.8190004624093599
123.35267633816908	0.7197297446826387	0.8179229037186584
123.48574287143572	0.7201689023892907	0.8177496895668857
123.61880940470235	0.7192115580267533	0.8182750193637466
123.75187593796898	0.7187139774857162	0.8175226169413122
123.88494247123562	0.7184869253230616	0.8159120492001878
124.01800900450225	0.7178582303716379	0.8154978234201496
124.15107553776888	0.7173697850992723	0.8159748071785599
124.28414207103552	0.716096972292948	0.8174357292702471
124.41720860430215	0.7160845790060524	0.8178262591482093
124.55027513756878	0.7167965980350766	0.8177876603136195
124.68334167083542	0.7160237625438665	0.8174943695980452
124.81640820410205	0.7153542368166302	0.8162994050978115
124.94947473736867	0.7153433949652942	0.8172381878926973
125.08254127063532	0.7157370451647306	0.8179451126541011
125.21560780390195	0.7163118621130579	0.8168777196560782
125.34867433716857	0.7169583792655061	0.8162652158039827
125.48174087043522	0.7169952146974033	0.8152361848087726
125.61480740370185	0.716280791193172	0.8144849441007493
125.74787393696847	0.7172791148409494	0.8137725831791608
125.88094047023512	0.7170712842527244	0.8126692160980987
126.01400700350175	0.7168495539930493	0.8122953762465004
126.14707353676837	0.7176330363328433	0.8126531988257797
126.28014007003502	0.7172987125818543	0.8129642914361072
126.41320660330165	0.7172544013937178	0.8122819176456777
126.54627313656827	0.7186166482299082	0.811976047010735
126.67933966983492	0.719173443746157	0.8128574533176538
126.81240620310155	0.718171627492602	0.8134734409460936
126.94547273636817	0.7181684519955863	0.8134651344024951
127.07853926963482	0.7182143675463573	0.8131833217390853
127.21160580290145	0.7181534197515284	0.8136437115742052
127.34467233616807	0.7183887569581939	0.8139144631630897
127.47773886943472	0.719273552543516	0.8146079882021621
127.61080540270135	0.720406465808836	0.8139972076705081
127.74387193596797	0.7203823993427494	0.8128182255267019
127.87693846923462	0.7207036471182722	0.8134225859955855
128.01000500250126	0.7201112166291684	0.811987960185732
128.1430715357679	0.7201208965460042	0.8111600560281023
128.27613806903452	0.7213401088741028	0.8113122420506224
128.40920460230114	0.7212100775283411	0.8108137527649542
128.54227113556777	0.7215279814215692	0.8106492871733921
128.6753376688344	0.7212342308502073	0.8100591207282571
128.80840420210106	0.7199028536274704	0.8103217719322784
128.9414707353677	0.7196489365008055	0.8101641491266559
129.07453726863432	0.7191204428414916	0.8095927551263459
129.20760380190094	0.7187574068872608	0.8092692446473715
129.34067033516757	0.7179486714425352	0.809252734009043
129.4737368684342	0.7171355231163483	0.8095648454049986
129.60680340170086	0.716927032297004	0.8096108005068844
129.7398699349675	0.7162513179412534	0.8101828389556882
129.87293646823412	0.7164994086943086	0.8105745490895337
130.00600300150074	0.7169707572053213	0.8101584610872016
130.13906953476737	0.7163293985488479	0.8098167504500434
130.272136068034	0.7153109824708259	0.8097728739833119
130.40520260130066	0.7149971614255229	0.8096941394485934
130.5382691345673	0.7148492076926344	0.8092066420218247
130.67133566783392	0.715646609600071	0.809098498911715
130.80440220110054	0.7160935645791056	0.8086838452059126
130.93746873436717	0.7157893531083559	0.8075602444485214
131.0705352676338	0.7158978938602807	0.8061264873430373
131.20360180090046	0.7162482943341331	0.8056892871360557
131.3366683341671	0.7158233230079598	0.8067347764611521
131.46973486743371	0.7162319811182278	0.8074724683437055
131.60280140070034	0.7157256930167393	0.806355509960602
131.73586793396697	0.7154589666861843	0.8055558576631031
131.8689344672336	0.7153571344910514	0.8067387537516167
132.00200100050026	0.715236446584501	0.8065024575413933
132.1350675337669	0.7154040110718228	0.8064293200627346
132.26813406703351	0.7149117501443067	0.8079446177912099
132.40120060030014	0.7152415243520394	0.8081362055752022
132.53426713356677	0.7140074836575347	0.8073382271936809
132.6673336668334	0.7136042873492255	0.8067246632980177
132.80040020010006	0.7147093774883592	0.8050375192337862
132.93346673336669	0.7151956999682632	0.804659792309304
133.06653326663331	0.7153679938190605	0.8052772120657278
133.19959979989994	0.7149679102737574	0.80464835536969
133.33266633316657	0.7142171876954008	0.8034255831340489
133.4657328664332	0.7129297131412135	0.8042667180092661
133.59879939969986	0.7142336403310183	0.8036238647574949
133.73186593296649	0.7153365397343195	0.8024777471192062
133.8649324662331	0.7145796539891451	0.8034956175014996
133.99799899949974	0.7141807483892448	0.8038347896805372
134.13106553276637	0.7139678718766646	0.8039510362151429
134.264132066033	0.7151219093694038	0.8037974357837541
134.39719859929966	0.7159905850536005	0.8029292420648938
134.53026513256629	0.7164107438724892	0.8027834163491882
134.6633316658329	0.7155990406455545	0.8029383469716279
134.79639819909954	0.714729625645247	0.8022108411198581
134.92946473236617	0.7141880101579849	0.8024357553515753
135.0625312656328	0.7144102154393337	0.8028346435814451
135.19559779889946	0.7140615634777034	0.8036150808835801
135.32866433216608	0.7129861237086841	0.8031775119846006
135.4617308654327	0.7135262826641926	0.8024574344170928
135.59479739869934	0.7142765536245607	0.8033656692891001
135.72786393196597	0.7141754232403456	0.8040509020174013
135.8609304652326	0.7145282675204312	0.8039274967644461
135.99399699849926	0.7152051436297752	0.8032309485623461
136.12706353176588	0.7157633091571016	0.8034051448531362
136.2601300650325	0.7161161846288174	0.8038588875599897
136.39319659829914	0.7153405632364631	0.8042547085388579
136.52626313156577	0.7158491002976551	0.8050765284732888
136.65932966483243	0.7165819330877587	0.8054200951364048
136.79239619809906	0.7156572548703569	0.8048971745866276
136.92546273136568	0.7148840974746327	0.8045957587791936
137.0585292646323	0.7155398731590323	0.8044001469423677
137.19159579789894	0.7157158234801541	0.8031172278588148
137.32466233116557	0.7151658448642778	0.8032752042229229
137.45772886443223	0.7147221066450354	0.8036534409519251
137.59079539769886	0.7137755823512152	0.8034067468348808
137.72386193096548	0.713324989796023	0.8040060418044152
137.8569284642321	0.7137214190465153	0.8044895954157106
137.98999499749874	0.7132111333930643	0.8049553156248754
138.12306153076537	0.7129712438578879	0.8044960714716778
138.25612806403203	0.712778419307402	0.8038262977535817
138.38919459729865	0.7134639364326183	0.8034754824163722
138.52226113056528	0.7141043089269145	0.8035891212173305
138.6553276638319	0.7124144078883958	0.8034465862110843
138.78839419709854	0.7111511884590811	0.8038491270816313
138.92146073036517	0.7109598131862095	0.8031890318971783
139.05452726363183	0.7111613666412977	0.8017740182637441
139.18759379689845	0.7095460105827296	0.8024273265533669
139.32066033016508	0.7100576240725437	0.8026154259797211
139.4537268634317	0.7119154605310132	0.8028297262621993
139.58679339669834	0.7114520847591431	0.8028125729452122
139.71985992996497	0.7119804542050059	0.8026053942462927
139.85292646323163	0.7123174061383686	0.8032719242478087
139.98599299649825	0.7114470869112997	0.8028992340004795
140.11905952976488	0.7112897440141961	0.8017512561110501
140.2521260630315	0.7120826806654668	0.802089031648515
140.38519259629814	0.7126853221464519	0.8010344828651643
140.51825912956477	0.7121857620228209	0.7990010584553809
140.65132566283143	0.7129191991060736	0.7988393203354301
140.78439219609805	0.7131455974047406	0.7986277066106787
140.91745872936468	0.7136685916314599	0.7979582012760842
141.0505252626313	0.714945261968125	0.7970032172495668
141.18359179589794	0.7159315000994325	0.7966945234035578
141.31665832916457	0.7173507533777341	0.795859992258752
141.44972486243122	0.717518941604296	0.795894744562688
141.58279139569785	0.7173166154629295	0.7968099545947116
141.71585792896448	0.7178294647227537	0.7981849373900087
141.8489244622311	0.7187768361280497	0.7990368960595741
141.98199099549774	0.7175909592784987	0.7981347059460608
142.11505752876437	0.7173047097947409	0.7977340994273995
142.24812406203102	0.7181717447477937	0.7970870048759553
142.38119059529765	0.7172947266703498	0.7968599772406876
142.51425712856428	0.7166488768243146	0.7971377909458542
142.6473236618309	0.7164935272065401	0.7971287863547571
142.78039019509754	0.716928172920489	0.7963658515665923
142.91345672836417	0.7160775692145604	0.796284490674032
143.04652326163082	0.7154393408769169	0.7962070266171016
143.17958979489745	0.7149017641827865	0.7966937955076437
143.31265632816408	0.7142513441621646	0.7971575305200578
143.4457228614307	0.7143259166573142	0.795833480142851
143.57878939469734	0.7146962472753953	0.7965212966163099
143.71185592796397	0.7144837575989662	0.7968274169342161
143.84492246123062	0.7136070328592142	0.7960816331086659
143.97798899449725	0.713833012375824	0.7953781441524459
144.11105552776388	0.7139866330514629	0.7962947872733572
144.2441220610305	0.7131639225815838	0.7968581452292819
144.37718859429714	0.7128049724995003	0.7960941213714463
144.51025512756377	0.7120549949192153	0.7953241788549215
144.64332166083042	0.7121125511389209	0.7944872761372528
144.77638819409705	0.7129406942346281	0.7934370196549629
144.90945472736368	0.7136356983245391	0.793303772766092
145.0425212606303	0.7129800058771172	0.7938763828542971
145.17558779389694	0.7128568107465469	0.7936744339944721
145.30865432716357	0.712697454553143	0.7930766506870945
145.44172086043022	0.7137992874315359	0.7936388870979026
145.57478739369685	0.714445111505756	0.793256363473305
145.70785392696348	0.7136090639729253	0.792951794265121
145.8409204602301	0.7141549329335752	0.7928220362266132
145.97398699349674	0.714344083745194	0.7923317135528208
146.10705352676337	0.7131383375522946	0.7934098952794292
146.24012006003002	0.712103064135617	0.7922788777032707
146.37318659329665	0.7114213231696085	0.7914814572891875
146.50625312656328	0.7111885776852229	0.7924520935043
146.6393196598299	0.7119292110418414	0.7926057887805391
146.77238619309654	0.7120531939458254	0.7926695780390941
146.90545272636317	0.7115392600430666	0.7916737922936338
147.03851925962982	0.7111787835299667	0.7913976499066674
147.17158579289645	0.7113687267356131	0.7929053181089177
147.30465232616308	0.711206331591641	0.7916517215613509
147.4377188594297	0.7114598825320938	0.7900321608996503
147.57078539269634	0.7117838593657965	0.7897024313456803
147.70385192596297	0.7122003558547518	0.7899034896781235
147.83691845922962	0.7130134626891118	0.7907085295845897
147.96998499249625	0.7120505795547233	0.7902988569176972
148.10305152576288	0.7119331962493641	0.7903331804223731
148.2361180590295	0.7124071114855764	0.7907700426287938
148.36918459229614	0.7122705707890878	0.7905816192625946
148.50225112556276	0.711523318601561	0.7907941647858584
148.63531765882942	0.7110116008975451	0.7911119590405676
148.76838419209605	0.7111235790471089	0.7914027417659028
148.90145072536268	0.7115775323112655	0.7912496505684556
149.0345172586293	0.7128449341930734	0.7915770268316531
149.16758379189594	0.7133430681105283	0.7928048151188192
149.30065032516256	0.7127883910549937	0.7932949997105969
149.43371685842922	0.7118379236980418	0.7928061220226207
149.56678339169585	0.7117273227841177	0.790683784236692
149.69984992496248	0.7122022097785351	0.7903711184234571
149.8329164582291	0.7127195032269485	0.7910920870278932
149.96598299149574	0.7127445644048144	0.791178467606685
150.09904952476236	0.7131165829473765	0.7917234708795965
150.23211605802902	0.7140296432911964	0.7924496719755614
150.36518259129565	0.7141068926144222	0.7919169562836659
150.49824912456228	0.7143477899358417	0.7909325866956203
150.6313156578289	0.7147993945279124	0.791566405459397
150.76438219109554	0.7143587053701507	0.791796720851169
150.89744872436216	0.7138024799389153	0.7914785115705406
151.03051525762882	0.7135901182832921	0.7910606773291472
151.16358179089545	0.7130334679256356	0.7908156839215352
151.29664832416208	0.7121900218475214	0.7901479469193303
151.4297148574287	0.711446330259682	0.789652048192725
151.56278139069533	0.7108720995817265	0.7900778541579399
151.69584792396196	0.709992555659993	0.7900222841831751
151.82891445722862	0.7093235980727614	0.789822042030403
151.96198099049525	0.7096221470641143	0.7894828423980991
152.09504752376188	0.7085194871578476	0.7898443883930546
152.2281140570285	0.7072032914536169	0.790404778853415
152.36118059029513	0.7079980409970124	0.7907283912386305
152.49424712356176	0.7080390409200533	0.7900048023300243
152.62731365682842	0.7083800865802552	0.7891962091963612
152.76038019009505	0.708952550491871	0.7908737842286587
152.89344672336168	0.7101900150037104	0.791232498445066
153.0265132566283	0.7106533768061909	0.7904501820224891
153.15957978989493	0.708992116992942	0.7908462535441175
153.2926463231616	0.7073778490718514	0.7907618770243178
153.42571285642822	0.7062055263238656	0.7907143744726738
153.55877938969485	0.7053643623098808	0.7905551759661142
153.69184592296148	0.7050752123060167	0.7902139892810759
153.8249124562281	0.7052842148950459	0.790461015397917
153.95797898949473	0.7061624505479566	0.7909288751900077
154.0910455227614	0.7066863604159909	0.791977571689769
154.22411205602802	0.7067505984964826	0.7931701758635754
154.35717858929465	0.706551036439472	0.7918435916223308
154.49024512256128	0.7070542364691018	0.7913706801760652
154.6233116558279	0.7069161565072828	0.7919007026844749
154.75637818909453	0.7072741613618178	0.7905375822249673
154.8894447223612	0.7088242083641819	0.7901796204083581
155.02251125562782	0.7088612597915146	0.7905426537955489
155.15557778889445	0.708047871091991	0.7890920182337782
155.28864432216108	0.7076213110485396	0.7869296970970194
155.4217108554277	0.7066646098915224	0.7873039665111758
155.55477738869433	0.7069942801648651	0.7868261584598044
155.687843921961	0.7069762021489034	0.7863659821212908
155.82091045522762	0.707556965548933	0.7868740128310018
155.95397698849425	0.7077451193579305	0.7863928541353076
156.08704352176088	0.7075178007148072	0.7861081881772253
156.2201100550275	0.7076351850138587	0.7854958026153439
156.35317658829413	0.7065146763151214	0.7847357262643995
156.4862431215608	0.7064835193998654	0.7838004043165067
156.61930965482742	0.7081012899794258	0.7835616669140635
156.75237618809405	0.708747502381026	0.7835098573156156
156.88544272136068	0.7080678973956129	0.7839604565340209
157.0185092546273	0.7080444309269285	0.7845332182064756
157.15157578789393	0.7070496258210627	0.7839702846980805
157.2846423211606	0.7071688403668429	0.7836048094809639
157.41770885442722	0.707710619165473	0.7852435032886436
157.55077538769385	0.7066896190337051	0.7858141060111273
157.68384192096048	0.7062432922418491	0.7858989261081942
157.8169084542271	0.7060119482639543	0.787027259637171
157.94997498749373	0.7057313089079743	0.7864349549426081
158.0830415207604	0.7054151251654327	0.7865827539888974
158.21610805402702	0.705272446851438	0.7859656281924204
158.34917458729365	0.7048349341853788	0.785889172221734
158.48224112056027	0.7056725380781453	0.7861202961277318
158.6153076538269	0.7054414229125862	0.7849557644568599
158.74837418709353	0.7046800908549591	0.7842847673388114
158.8814407203602	0.7037722697057596	0.7851234595065174
159.01450725362682	0.7027073586540218	0.7868452825536066
159.14757378689345	0.703624663054464	0.787045607016513
159.28064032016007	0.7042070374838758	0.7864176851610625
159.4137068534267	0.7033565816544685	0.7858793798851572
159.54677338669333	0.7024607361719251	0.7861525211562228
159.67983991996	0.7023444163324001	0.7841524266182135
159.81290645322662	0.7022426123574533	0.7827143105140765
159.94597298649325	0.7015496094888263	0.7832081324320234
160.07903951975987	0.7020065768758593	0.7831630820924579
160.2121060530265	0.7015555887193824	0.7832184991242193
160.34517258629313	0.7010999723748957	0.7827516317718556
160.4782391195598	0.7010373801444115	0.7834458465725885
160.61130565282642	0.7003931205232008	0.7823525500938191
160.74437218609305	0.7014782118775272	0.7813657389445077
160.87743871935967	0.7015584624042471	0.7814871463943015
161.0105052526263	0.7010061587557941	0.780455214310704
161.14357178589293	0.7015503394180318	0.7806533930522724
161.2766383191596	0.7023215337305653	0.7812681490724229
161.40970485242622	0.7017522679987896	0.7813048780561804
161.54277138569284	0.7026505237224568	0.7823776777239317
161.67583791895947	0.7032826052899819	0.7832159835122167
161.8089044522261	0.7026831125594812	0.7826792637630621
161.94197098549273	0.7026926069156743	0.7833459278561712
162.0750375187594	0.7044360346758956	0.7832878538656969
162.20810405202602	0.7043508775178131	0.7827310221044381
162.34117058529264	0.7037776423496631	0.7820365940114546
162.47423711855927	0.703949438006963	0.7817458564922137
162.6073036518259	0.7031333471087867	0.7815661784699023
162.74037018509253	0.7024750650455649	0.7804936763238429
162.8734367183592	0.7030976286299333	0.7804348935644569
163.00650325162582	0.7042898196091918	0.7806972447544307
163.13956978489244	0.7043734038169477	0.7794693963238282
163.27263631815907	0.7037501199716674	0.7786756955970726
163.4057028514257	0.7048285597155773	0.7791960952873522
163.53876938469233	0.7045525258664728	0.779356840758417
163.671835917959	0.7048054280403937	0.7804022916375122
163.80490245122562	0.704792476338429	0.7804023652540012
163.93796898449224	0.703664240745551	0.7795506697154344
164.07103551775887	0.7044710054588532	0.7790241781600442
164.2041020510255	0.7051745696321947	0.7788075857478569
164.33716858429213	0.703912849869022	0.7791725524883562
164.4702351175588	0.7030522737416677	0.7790175359170319
164.60330165082541	0.7035115222626379	0.7792085400162905
164.73636818409204	0.7037658970893944	0.7785672205925833
164.86943471735867	0.7039991304471072	0.7787263958218219
165.0025012506253	0.7031428177650414	0.7781436764176229
165.13556778389193	0.7031434884571464	0.7776500479678171
165.2686343171586	0.7038246850471876	0.7783464921152684
165.40170085042521	0.7040978190571489	0.7776194669972464
165.53476738369184	0.703651981734101	0.7764099491102383
165.66783391695847	0.7029384575685733	0.776840743568235
165.8009004502251	0.7026392396819893	0.7777166647773782
165.93396698349173	0.702685836807857	0.7780943645147416
166.06703351675839	0.702880426495166	0.7778904559343425
166.20010005002501	0.7026510065027238	0.7780028371846398
166.33316658329164	0.7029981275620812	0.7774704020478846
166.46623311655827	0.7043751622808481	0.7764159591774411
166.5992996498249	0.7036273648996888	0.7777067536824275
166.73236618309153	0.7035662888715615	0.7769441048803641
166.86543271635819	0.7039926490720126	0.7761518692066877
166.9984992496248	0.7040921959703318	0.7758317338505916
167.13156578289144	0.7045224140872833	0.7746965865887814
167.26463231615807	0.7034863309047754	0.7738439643837095
167.3976988494247	0.7028963388030156	0.7736603629512577
167.53076538269133	0.7019991395421028	0.7738712249757504
167.66383191595799	0.7009513139242316	0.7733838946028276
167.7968984492246	0.7007462053397241	0.773345288704387
167.92996498249124	0.6999696421656668	0.774176885600442
168.06303151575787	0.6996945257952496	0.7744681753942758
168.1960980490245	0.6998954625972673	0.7735284810767761
168.32916458229113	0.7006437141152403	0.7732675969108885
168.46223111555778	0.7013859228870554	0.7734925742777987
168.5952976488244	0.7012030998248473	0.7730116237569693
168.72836418209104	0.7006261919573937	0.773305040483516
168.86143071535767	0.700129588039566	0.7738407375143433
168.9944972486243	0.7001607408673394	0.773589172701175
169.12756378189093	0.6999514812915636	0.7745545824896746
169.26063031515758	0.6998644869059093	0.7743067334732106
169.3936968484242	0.7003440172239999	0.7741118871555612
169.52676338169084	0.6997499204569971	0.773248970505983
169.65982991495747	0.6989761838343318	0.7735139284849417
169.7928964482241	0.6985247156359932	0.7727121202285958
169.92596298149073	0.6987119163558859	0.7717478081090964
170.05902951475738	0.6986138023665139	0.7706081787801872
170.192096048024	0.6989385176935886	0.770544735418977
170.32516258129064	0.6995926114909788	0.7705728261364495
170.45822911455727	0.6993540809305815	0.7704972941827835
170.5912956478239	0.6983739708386875	0.7711453786698729
170.72436218109056	0.6980053354565129	0.7713661481663898
170.85742871435718	0.6982614119197872	0.7706909448933551
170.9904952476238	0.697948576917611	0.7709027792075936
171.12356178089044	0.6975390399113306	0.7719057724043518
171.25662831415707	0.6978077141774038	0.7714993336899707
171.3896948474237	0.6976877174353431	0.7710264256099552
171.52276138069035	0.6965860069552877	0.771143411905941
171.65582791395698	0.6963299701621308	0.7708415264102744
171.7888944472236	0.6949187305945009	0.7709332510197409
171.92196098049024	0.6951039941703598	0.7711776922300436
172.05502751375687	0.6950313315507738	0.7723000745765698
172.1880940470235	0.6943378891146252	0.7713262648902002
172.32116058029015	0.6944024855259765	0.7701410066964859
172.45422711355678	0.6943629798053585	0.7702782503197101
172.5872936468234	0.6950765431081232	0.7705340398803349
172.72036018009004	0.6953323238959703	0.7702950415446812
172.85342671335667	0.6958925749734368	0.7710159726937572
172.9864932466233	0.6961704592709618	0.76968044310955
173.11955977988995	0.6964602315656562	0.7682342977465048
173.25262631315658	0.6964248216363337	0.7676573834767878
173.3856928464232	0.6968474716700154	0.7682965762882495
173.51875937968984	0.6959231783878307	0.7695637236363123
173.65182591295647	0.6961805272641846	0.7698923643802569
173.7848924462231	0.695695235143701	0.7684230372575664
173.91795897948975	0.6951153703375997	0.7680049204905645
174.05102551275638	0.6959280917454145	0.7683751508940443
174.184092046023	0.6952606386198827	0.7686332102649512
174.31715857928964	0.6942067262551306	0.7678172691102093
174.45022511255627	0.693996251765989	0.7674514060432034
174.5832916458229	0.6945867393680363	0.7683312224199882
174.71635817908955	0.6948814822447306	0.7682367400242863
174.84942471235618	0.6938742181060118	0.7673568492898702
174.9824912456228	0.6936048040955981	0.7681315954251292
175.11555777888944	0.6946387421728444	0.7681689231217761
175.24862431215607	0.6942781705342163	0.7690252899363401
175.3816908454227	0.6943325763294083	0.7691968710825835
175.51475737868935	0.6940682531129724	0.7689848337124116
175.64782391195598	0.694527300561584	0.7687008155166742
175.7808904452226	0.6945469066671469	0.7680240412555571
175.91395697848924	0.6945757080781717	0.7682570953000859
176.04702351175587	0.6946399903697577	0.7683054016696899
176.1800900450225	0.6956233476229324	0.7666635431601347
176.31315657828915	0.6955682966921709	0.767117439253009
176.44622311155578	0.6945828242760443	0.7667712908626585
176.5792896448224	0.6943341703321559	0.7665389470864772
176.71235617808904	0.6944577155007807	0.7673061001315891
176.84542271135567	0.6951806605485176	0.7664040113306068
176.9784892446223	0.6941964048465246	0.7663203706617582
177.11155577788895	0.6933835075517238	0.7668506104893081
177.24462231115558	0.6928246647717322	0.7661764708781947
177.3776888444222	0.6936560105899817	0.7655450396266088
177.51075537768884	0.6934515305514054	0.7655101795598274
177.64382191095547	0.6937054425495104	0.7658156029875931
177.7768884442221	0.6934151439636782	0.7658775307356851
177.90995497748875	0.6933688277975926	0.7648892966360179
178.04302151075538	0.6932488026580137	0.7655748277224759
178.176088044022	0.6929323715250609	0.765872044119133
178.30915457728864	0.6915411590876029	0.7655970294877743
178.44222111055527	0.691347409343015	0.7651462737104167
178.5752876438219	0.690634306355121	0.7649351872990109
178.70835417708855	0.6896292714848214	0.7658830943263399
178.84142071035518	0.6896875825565242	0.7662670099875807
178.9744872436218	0.6891055539170178	0.7658698555607487
179.10755377688844	0.688732686129385	0.7654480864319849
179.24062031015507	0.6898683372093534	0.7657389018479539
179.3736868434217	0.6897567503263107	0.7653392266589663
179.50675337668835	0.6893644988139697	0.7649313931460856
179.63981990995498	0.6897239835345624	0.7647253460715998
179.7728864432216	0.6900863349814373	0.7638390448284046
179.90595297648824	0.6903417682236118	0.7640531501453841
180.03901950975487	0.6913275151722933	0.7639717045363988
180.1720860430215	0.6922963554804726	0.7637346894180932
180.30515257628815	0.6917829635679145	0.7632146969688329
180.43821910955478	0.6907993218185711	0.7635052259343731
180.5712856428214	0.6899915982055189	0.7623635642044834
180.70435217608804	0.690216460627902	0.7624236035978061
180.83741870935467	0.6896308139295543	0.7636278315812725
180.9704852426213	0.6898547928368653	0.7637092329716588
181.10355177588795	0.6892709785888985	0.7627515909839186
181.23661830915458	0.6892111430735804	0.7626918133452705
181.3696848424212	0.6891963315228652	0.7638312543802844
181.50275137568784	0.6889181385361661	0.7635945357336552
181.63581790895446	0.6893197449676526	0.7628167131036644
181.7688844422211	0.6903692753385673	0.7634685423222578
181.90195097548775	0.6888284469949153	0.7639764215948132
182.03501750875438	0.687689058020695	0.7636658454136788
182.168084042021	0.68777570601942	0.7635599074358933
182.30115057528764	0.6869175504954865	0.7640309287141809
182.43421710855426	0.6865619501027362	0.7633493089818276
182.5672836418209	0.6856026811606262	0.7631712563290918
182.70035017508755	0.6846691791856464	0.7626794981493287
182.83341670835418	0.6856496254381148	0.7621634728014223
182.9664832416208	0.6856156761665639	0.7630068915482072
183.09954977488744	0.6855683961168529	0.7632112428333291
183.23261630815406	0.6858655696625999	0.7640676258325569
183.3656828414207	0.685017837680065	0.7646537025684829
183.49874937468735	0.6854170386194973	0.7642229463557927
183.63181590795398	0.6861648248394753	0.7627993259649934
183.7648824412206	0.6854362343453283	0.7629475705304483
183.89794897448724	0.6844673490268792	0.762827010208665
184.03101550775386	0.6843817329574442	0.7620938879732964
184.1640820410205	0.6845662860208944	0.7629026970512894
184.29714857428715	0.6850272568621035	0.762612685180492
184.43021510755378	0.6857219537557393	0.7629560183925904
184.5632816408204	0.6857160383959705	0.7645570283094816
184.69634817408703	0.685526447564534	0.7640647375174883
184.82941470735366	0.6853398087960262	0.7625345643546824
184.9624812406203	0.686374388310587	0.7632245727737743
185.09554777388695	0.6869949982724339	0.7622032204073185
185.22861430715358	0.6864149185668742	0.7618296040608739
185.3616808404202	0.6857191770696621	0.7611504336155545
185.49474737368683	0.6853821482796836	0.761674567118714
185.62781390695346	0.6862590945797907	0.7624926711105328
185.7608804402201	0.6871986306741703	0.7630934839941703
185.89394697348675	0.6867190556005198	0.7633049382066296
186.02701350675338	0.6854871641829834	0.763383150887327
186.16008004002	0.6849727911665943	0.7628050964094754
186.29314657328663	0.6854173527973539	0.7624934871872762
186.42621310655326	0.6849736850419157	0.761586189558841
186.5592796398199	0.6848517599271184	0.7607978598243008
186.69234617308655	0.686475705146492	0.760363247226628
186.82541270635318	0.6862833299635849	0.7609777167715801
186.9584792396198	0.6855498715076748	0.7610342710937749
187.09154577288643	0.6861777091430598	0.7618013935006612
187.22461230615306	0.6868175598386794	0.7610976211901557
187.3576788394197	0.6878734415665393	0.7612696135887547
187.49074537268635	0.689590874424213	0.7608002125706512
187.62381190595298	0.6895444725407159	0.7599646560211264
187.7568784392196	0.6888759422741478	0.7601062548460855
187.88994497248623	0.6894197984850654	0.7593438925371393
188.02301150575286	0.688939692338258	0.7587268568672441
188.15607803901952	0.6880282430517071	0.7594140765546559
188.28914457228615	0.6879463925585771	0.7593305430307706
188.42221110555278	0.6878882951824904	0.7580864355463204
188.5552776388194	0.6875034117098835	0.7570299427653829
188.68834417208603	0.6871901156596245	0.756151394635781
188.82141070535266	0.686535230698978	0.7562924662579203
188.95447723861932	0.6867952180383918	0.7557682254056963
189.08754377188595	0.6860094937438985	0.7561355999459515
189.22061030515258	0.6856675995117067	0.7558409239640493
189.3536768384192	0.6864603857802605	0.7552532113962379
189.48674337168583	0.6864177197914646	0.7553265443809177
189.61980990495246	0.6854200855579936	0.7554403622120863
189.75287643821912	0.6859569785442376	0.7556592387566168
189.88594297148575	0.6850818479443109	0.7558590456012818
190.01900950475238	0.6849182999178233	0.7562759294665679
190.152076038019	0.6852803467920525	0.7550106972450484
190.28514257128563	0.6857905332385804	0.7550521559379159
190.41820910455226	0.6867412964327231	0.7560188173085272
190.55127563781892	0.6862563235326475	0.7552479115013233
190.68434217108555	0.684877815340828	0.7548138731648798
190.81740870435218	0.6849438471193018	0.7542902280269327
190.9504752376188	0.6838694164716927	0.7548222222469133
191.08354177088543	0.6822633933852391	0.7552654511712624
191.21660830415206	0.6827905571751433	0.7562995468514051
191.34967483741872	0.682259968199029	0.7552793648653151
191.48274137068535	0.6825681038593966	0.7548693846761202
191.61580790395197	0.6825367112105334	0.7552290948204177
191.7488744372186	0.6820062155238256	0.7539398597006218
191.88194097048523	0.6822615582373791	0.7532885095340917
192.01500750375186	0.681782507243926	0.7524661312143508
192.14807403701852	0.6817168833167044	0.752234759431737
192.28114057028515	0.6812026283410018	0.7519658781713595
192.41420710355177	0.6809538231278705	0.750589018110469
192.5472736368184	0.6810007627356781	0.7496673592802231
192.68034017008503	0.6819336775306483	0.7495811250278176
192.81340670335166	0.6812984817690152	0.7498574763902235
192.94647323661832	0.6808894215767726	0.7501589411583862
193.07953976988495	0.6819164740892965	0.7507140038297422
193.21260630315157	0.6818589743347423	0.75099806300148
193.3456728364182	0.6820926242264667	0.7509918579307101
193.47873936968483	0.6828090399919647	0.750727076806474
193.61180590295146	0.6822204813019309	0.7511279057761407
193.74487243621812	0.6813829727265457	0.752285608155861
193.87793896948475	0.6812300512938737	0.7531023616358868
194.01100550275137	0.6810224669044179	0.7534301265742684
194.144072036018	0.6804609341606127	0.7534417167614311
194.27713856928463	0.6804996773406393	0.7530504577784588
194.41020510255126	0.680827942352003	0.7525741342698894
194.54327163581792	0.6813222135340115	0.7533819516147502
194.67633816908454	0.6817164456531033	0.7532133554728208
194.80940470235117	0.6805825611608048	0.7526940619472932
194.9424712356178	0.6806374427243038	0.7523207260973956
195.07553776888443	0.6802703758483186	0.7528294423554267
195.20860430215106	0.6798185676459202	0.7528315413737684
195.34167083541772	0.6786903495728314	0.7519368826324839
195.47473736868434	0.6784732505653093	0.7517920776151193
195.60780390195097	0.679063520577821	0.7528541393377547
195.7408704352176	0.6799020756779732	0.7525328043000701
195.87393696848423	0.6795253209715585	0.7517253376516569
196.00700350175086	0.6790440423613361	0.751672005807515
196.14007003501752	0.6789034844379125	0.7517391565708742
196.27313656828414	0.6791341100581076	0.7525277532942665
196.40620310155077	0.6793126865038133	0.7529594786598228
196.5392696348174	0.6787263838193355	0.752324767858103
196.67233616808403	0.6776154431376727	0.7520802157352202
196.80540270135066	0.6773534472003888	0.7525840935659822
196.93846923461732	0.6782403314467078	0.7533670035428415
197.07153576788394	0.6782380022068434	0.7522442788754108
197.20460230115057	0.6787420222607072	0.7491958118362723
197.3376688344172	0.6789064299053841	0.7490997596768268
197.47073536768383	0.678423331618667	0.7490487953899578
197.60380190095046	0.6775604202914209	0.7491602407602649
197.73686843421712	0.6775005760044145	0.7486498665413869
197.86993496748374	0.6771785123221965	0.7488314516484127
198.00300150075037	0.6778803558666135	0.747783340259166
198.136068034017	0.677996385558449	0.7474420111935872
198.26913456728363	0.6772256839419356	0.746750734540043
198.40220110055026	0.6784196501701958	0.7463451519107054
198.53526763381691	0.678476411133022	0.7456642033150079
198.66833416708354	0.6778525386184037	0.7463522401600142
198.80140070035017	0.6776881111720466	0.7451390441497785
198.9344672336168	0.6778167212829922	0.7436806489560575
199.06753376688343	0.6778312941546505	0.7442852432698893
199.20060030015006	0.677526272563983	0.7454097170047781
199.33366683341671	0.6769127206400293	0.7442172136193653
199.46673336668334	0.6769857022466644	0.7441756046789612
199.59979989994997	0.6770910518752385	0.744594409172807
199.7328664332166	0.6762512836942487	0.7444239498855763
199.86593296648323	0.6769949635532838	0.7461109610156351
199.99899949974986	0.6770665738857072	0.7467068426240637
200.1320660330165	0.6775537216722877	0.7471643632741363
200.26513256628314	0.6778695980131642	0.7472615517151336
200.39819909954977	0.6778566028352682	0.7478136955447686
200.5312656328164	0.6777930557769469	0.7484723750035284
200.66433216608303	0.6778796603412651	0.7491968653790606
200.79739869934966	0.6768365866573316	0.7486263335460774
200.9304652326163	0.6762610091864895	0.7475678255122199
201.06353176588294	0.6755736674414496	0.7471396996842214
201.19659829914957	0.675215563102464	0.7471206691017938
201.3296648324162	0.6743721409471279	0.7463081594733163
201.46273136568283	0.6751855175100762	0.7469946662771353
201.59579789894946	0.6754484076073677	0.7463306558683952
201.7288644322161	0.6746496632425627	0.7456861747504719
201.86193096548274	0.67509383921311	0.7453002781958342
201.99499749874937	0.6756262586602012	0.7443250072463544
202.128064032016	0.6741868751519585	0.742956090448768
202.26113056528263	0.6749827570570095	0.7424687160246061
202.39419709854926	0.6757660564628883	0.7433515875526574
202.5272636318159	0.6755480206577777	0.7435436802387919
202.66033016508254	0.67573386552428	0.7438713367191285
202.79339669834917	0.6752379269914018	0.7426850681334213
202.9264632316158	0.6746909097665712	0.7428444797048674
203.05952976488243	0.6752729627246364	0.7442375848958098
203.19259629814906	0.6742474604263496	0.744256124378012
203.3256628314157	0.6736376642954057	0.7438232830527844
203.45872936468234	0.6733916485889971	0.7438125793506439
203.59179589794897	0.6734304051214681	0.7438192446645215
203.7248624312156	0.6739303932431002	0.7435964000728692
203.85792896448223	0.6725320459915288	0.7433051394392639
203.99099549774886	0.6716604906327354	0.7434522429782718
204.1240620310155	0.6707309426242049	0.744219752010752
204.25712856428214	0.6710977063122414	0.7434774496535361
204.39019509754877	0.6710265172782609	0.743326288699701
204.5232616308154	0.6722133999845574	0.7432283547834427
204.65632816408203	0.6727528762639732	0.7426582455703037
204.78939469734868	0.6734570831849017	0.7426313459541614
204.9224612306153	0.6732063965440991	0.7423116794557276
205.05552776388194	0.6747181425045501	0.7427699459849211
205.18859429714857	0.6752176202878745	0.7442206416789865
205.3216608304152	0.6743553842801245	0.7451151002708203
205.45472736368183	0.6739105936360532	0.7443173540480398
205.58779389694848	0.6735793323439905	0.7451953947644684
205.7208604302151	0.6737295743658521	0.7453091603462071
205.85392696348174	0.6738549915744608	0.7456573955507303
205.98699349674837	0.6748343425670091	0.7450746300350276
206.120060030015	0.6751581885440003	0.7446422424576413
206.25312656328163	0.6750935270668693	0.7442702837464112
206.38619309654828	0.6747555562599521	0.7422825250374241
206.5192596298149	0.6743590823083229	0.7414764060818726
206.65232616308154	0.6747652198198574	0.7428979736943696
206.78539269634817	0.674720978046643	0.7423581179608514
206.9184592296148	0.6737635135077826	0.7418938046128312
207.05152576288143	0.6748000986470567	0.7418218694582059
207.18459229614808	0.6742453116692239	0.7420229375914317
207.3176588294147	0.6733092186291362	0.742562735658691
207.45072536268134	0.6727440920023765	0.7432214147635875
207.58379189594797	0.6719426924885433	0.7438533529027974
207.7168584292146	0.6715567817513998	0.7442990531482399
207.84992496248123	0.6712236257194195	0.743415085818398
207.98299149574788	0.6714759185557654	0.7419220309105247
208.1160580290145	0.6715195212685168	0.7424746826518988
208.24912456228114	0.6705864571429424	0.7423065955713263
208.38219109554777	0.671566601094698	0.7423286946912502
208.5152576288144	0.6722737860741719	0.7416522873210536
208.64832416208102	0.6722808228253174	0.7410613433785926
208.78139069534768	0.6715202038408159	0.7387646509161271
208.9144572286143	0.6716682576694113	0.7382099226808384
209.04752376188094	0.6712974641120449	0.7376688548255991
209.18059029514757	0.6718793516444845	0.7373321048367503
209.3136568284142	0.6731395758583971	0.7377180090527493
209.44672336168082	0.6725446350691391	0.7379157290387907
209.57978989494748	0.6719472297847608	0.7384610460866932
209.7128564282141	0.6709492801928599	0.7374290206843579
209.84592296148074	0.6708667013876153	0.7378488722724355
209.97898949474737	0.6700920717597247	0.7371315222424831
210.112056028014	0.6700382942332587	0.737134607854085
210.24512256128062	0.6710988304520221	0.7372327907935206
210.37818909454728	0.6709873882547461	0.7361289760393067
210.5112556278139	0.6713663775102343	0.7353996411091752
210.64432216108054	0.6708992796684349	0.7333283074175176
210.77738869434717	0.6706331151555482	0.7334804847433954
210.9104552276138	0.6699227107196043	0.7328556193970207
211.04352176088042	0.6698136544687731	0.7333720689707246
211.17658829414708	0.6701730588640478	0.7329466990686753
211.3096548274137	0.6698750236120492	0.733515832451753
211.44272136068034	0.6701737941075271	0.7328828307405727
211.57578789394697	0.6697720987918154	0.7336619390612239
211.7088544272136	0.6691994298896764	0.7342973686516925
211.84192096048022	0.6703486769587594	0.7341199197059536
211.97498749374688	0.6699285531872134	0.7335886790284968
212.1080540270135	0.6691370810027149	0.7329941397388338
212.24112056028014	0.66942657129014	0.7333971017403668
212.37418709354677	0.6683365056547347	0.7325129000118625
212.5072536268134	0.6691532631801631	0.7323824126101397
212.64032016008002	0.6696231675709443	0.7321472601569876
212.77338669334668	0.669617062965998	0.7327288465804919
212.9064532266133	0.669961216853761	0.7324055800880385
213.03951975987994	0.670597101669939	0.7324623840448903
213.17258629314657	0.6693706068915876	0.7324931342045411
213.3056528264132	0.6697234080829777	0.7327490111323552
213.43871935967982	0.6706322999970408	0.732303335303482
213.57178589294648	0.6709819860806268	0.7339801943526516
213.7048524262131	0.6703078367381256	0.7332005934578305
213.83791895947974	0.669587886502137	0.7325565369468384
213.97098549274637	0.6707645460902151	0.7326813498960564
214.104052026013	0.6703729144575563	0.7330930595274803
214.23711855927962	0.6711255047770742	0.7319285695267401
214.37018509254628	0.6722868112837923	0.7326393127720449
214.5032516258129	0.6722263410395115	0.7325799170344063
214.63631815907954	0.6725511914672114	0.7333984771765437
214.76938469234616	0.6734025775049439	0.7333595360068074
214.9024512256128	0.6732795516945554	0.7328168232157678
215.03551775887942	0.6725430271720357	0.731400769950885
215.16858429214608	0.6728929332707326	0.7310063597700683
215.3016508254127	0.6723727942350252	0.7308681107580832
215.43471735867934	0.6711898916192135	0.731277019454219
215.56778389194596	0.6709223381814561	0.7302478145887558
215.7008504252126	0.6708055593801531	0.7290629922332175
215.83391695847922	0.670973458652034	0.7290570685896783
215.96698349174588	0.6705880225997226	0.7283268218467298
216.1000500250125	0.6705422475727894	0.7282936827707757
216.23311655827914	0.6702274540115316	0.7291362739514061
216.36618309154576	0.6694731963642447	0.7289329185163159
216.4992496248124	0.6690750551303268	0.7297299920239578
216.63231615807902	0.6695025512945021	0.7300515928423426
216.76538269134568	0.6693549469977069	0.7301093606736315
216.8984492246123	0.6682197085844601	0.730492121069603
217.03151575787894	0.667588433027195	0.7305942619279713
217.16458229114556	0.6666458716302288	0.7307218375513267
217.2976488244122	0.6663787526555944	0.7305227563516358
217.43071535767882	0.6659607913817255	0.7316384730830922
217.56378189094548	0.6655259399959704	0.7301524473471849
217.6968484242121	0.6658498926954634	0.7293765807567822
217.82991495747874	0.6655071383082025	0.7291915438821004
217.96298149074536	0.6652533886091008	0.7295782525855458
218.096048024012	0.6643660420334366	0.7304467204677553
218.22911455727862	0.6641543762613488	0.7325148768023302
218.36218109054528	0.6640756641407692	0.7325246871193019
218.4952476238119	0.6630042172035188	0.7300723044717979
218.62831415707853	0.6631777669050858	0.7294018723974793
218.76138069034516	0.6643666902921492	0.7302312969662498
218.8944472236118	0.6653990100604844	0.7300669523457441
219.02751375687842	0.6671905266668551	0.7302481912248999
219.16058029014508	0.6681067467642753	0.7300017904668191
219.2936468234117	0.6675064885238917	0.7310288942006511
219.42671335667833	0.668251718852945	0.731027242795562
219.55977988994496	0.6674328173449159	0.7303617665123059
219.6928464232116	0.6667894473811995	0.7287625605572828
219.82591295647822	0.6661483546962632	0.7289262777504403
219.95897948974488	0.6661198529581248	0.7296686991373322
220.0920460230115	0.6649011520124619	0.7291595034709157
220.22511255627813	0.6648790235873799	0.7283635457276988
220.35817908954476	0.6648435888483827	0.7286433108248259
220.4912456228114	0.6648917966727385	0.7286767919313643
220.62431215607802	0.6642066183022103	0.7275340251758522
220.75737868934468	0.6651236459750065	0.7283668470226641
220.8904452226113	0.665090296354157	0.7284852799301944
221.02351175587793	0.6648878760833613	0.7274329968997738
221.15657828914456	0.664755266553484	0.7274890457972502
221.2896448224112	0.6652929130762569	0.7278319904093522
221.42271135567785	0.6657871938937036	0.7277539265805313
221.55577788894448	0.6662160540789149	0.7279302826131888
221.6888444222111	0.665601147209091	0.7280681172517975
221.82191095547773	0.6665599566952498	0.7281058871111782
221.95497748874436	0.6666432564679352	0.7289182950668807
222.088044022011	0.6655367608454991	0.7284759433549339
222.22111055527765	0.6648400181691684	0.7282024650497692
222.35417708854428	0.6637622559055796	0.7272749674445971
222.4872436218109	0.6641435101783832	0.7266267038236757
222.62031015507753	0.6647728753157927	0.7260605549447109
222.75337668834416	0.6630977345005004	0.7254172899882974
222.8864432216108	0.6625524679386149	0.7260549503162852
223.01950975487745	0.6617405599974037	0.7262361901316147
223.15257628814408	0.6627093521604691	0.7268899928719783
223.2856428214107	0.6613088019583124	0.7275989174984567
223.41870935467733	0.6602399810656889	0.727361441785889
223.55177588794396	0.6609903504061059	0.7276746605930756
223.6848424212106	0.6609019683069359	0.7284131938227906
223.81790895447725	0.6615275873212648	0.7271181425095693
223.95097548774388	0.66022483507779	0.7272573950453063
224.0840420210105	0.6594892308959733	0.7276401200446252
224.21710855427713	0.6593536869680771	0.7264160675808646
224.35017508754376	0.6591353310492477	0.7265025909939777
224.4832416208104	0.6568854520176143	0.7264397741622286
224.61630815407705	0.6580715695789036	0.726857795727158
224.74937468734367	0.6590122455540448	0.7269323013694935
224.8824412206103	0.6591360395270319	0.7277768304482417
225.01550775387693	0.6594479609585701	0.7273150761163125
225.14857428714356	0.6590617190842857	0.7266811676188448
225.2816408204102	0.6589272682401394	0.7259582124583924
225.41470735367685	0.6599628473905702	0.7249405067293367
225.54777388694347	0.6600818917049059	0.7246721705804072
225.6808404202101	0.6594209705068071	0.7236378463834605
225.81390695347673	0.6589807710301137	0.7235331799201222
225.94697348674336	0.6598172630011018	0.7231911587764034
226.08004002001	0.6602815888354454	0.7225828212450658
226.21310655327665	0.6603328185984625	0.7216155937768179
226.34617308654327	0.660688508354086	0.7214177328405355
226.4792396198099	0.6600831495524054	0.7220227697507994
226.61230615307653	0.6608069730085958	0.7220825135102372
226.74537268634316	0.6624698017834043	0.7222463139154386
226.8784392196098	0.662188764764522	0.7220424282150426
227.01150575287645	0.6623017156947851	0.721622456744462
227.14457228614307	0.6617616213959321	0.7217832432834669
227.2776388194097	0.661496178707581	0.7213937904148777
227.41070535267633	0.6616376118809593	0.7235075162185088
227.54377188594296	0.6602532848803483	0.7247498155148042
227.6768384192096	0.6589526477304861	0.7243533474380132
227.80990495247624	0.658776143918464	0.7247241686359586
227.94297148574287	0.6585579550781877	0.7242211571184497
228.0760380190095	0.6591968488589651	0.7243936410958405
228.20910455227613	0.6593514593634258	0.7257818769875909
228.34217108554276	0.6587365000595411	0.7255618080065627
228.4752376188094	0.6583222063970073	0.7261593064257696
228.60830415207604	0.6581413010448589	0.7252160114934816
228.74137068534267	0.6577400900768213	0.7257730308827943
228.8744372186093	0.6578930265256783	0.7257352728338299
229.00750375187593	0.6579604410604938	0.7257830243516814
229.14057028514256	0.6585560382178631	0.7245974593671689
229.2736368184092	0.6584233383133623	0.7254701505411624
229.40670335167584	0.6583299559941961	0.7242816226751534
229.53976988494247	0.6580845823262316	0.7234193473951452
229.6728364182091	0.6578267270334585	0.7228359518791094
229.80590295147573	0.656851067218257	0.7222087838918136
229.93896948474236	0.6563170246987745	0.7226919391460158
230.072036018009	0.6564189097136109	0.7209114741586836
230.20510255127564	0.657123145512465	0.7221462552916768
230.33816908454227	0.6578274924950864	0.7224313662774706
230.4712356178089	0.656942969994108	0.7230159933487008
230.60430215107553	0.6576985200965744	0.7225118304901573
230.73736868434216	0.6566723147001159	0.7220036958660245
230.8704352176088	0.6572417534977278	0.7222283687731917
231.00350175087544	0.6584258252169624	0.721549386853096
231.13656828414207	0.6589165729575813	0.7221223135548576
231.2696348174087	0.6583428663529618	0.7216830337167238
231.40270135067533	0.6582524924520845	0.7212488246712523
231.53576788394196	0.6587493584897891	0.7202426798802686
231.6688344172086	0.6592640593190006	0.7207241807937125
231.80190095047524	0.657730998669475	0.7204106791516529
231.93496748374187	0.6574487395907921	0.7204041139497077
232.0680340170085	0.6572935593516619	0.7202275104407335
232.20110055027513	0.6569076359131926	0.7195095158659819
232.33416708354176	0.6572531440251106	0.7190714297175186
232.4672336168084	0.6563925566932501	0.7189545114648836
232.60030015007504	0.6560271385746174	0.7186533023137831
232.73336668334167	0.6558399096600191	0.7178230524866809
232.8664332166083	0.6558815529683949	0.7166774118158434
232.99949974987493	0.6552941820730361	0.7167026517434371
233.13256628314156	0.6559527835802977	0.716558866667443
233.26563281640819	0.65496821646	0.7181320097534031
233.39869934967484	0.655256033418843	0.7178506382582451
233.53176588294147	0.6533329866026545	0.7180829277728981
233.6648324162081	0.6541685210151622	0.7183788461707419
233.79789894947473	0.6545962781871868	0.7177041149729322
233.93096548274136	0.6536521932198976	0.7173843733484299
234.06403201600799	0.6540095207412238	0.7166889777225897
234.19709854927464	0.6544456218296341	0.7156983328111022
234.33016508254127	0.6538352939016914	0.7153422119149994
234.4632316158079	0.6552311854457867	0.7154184240801639
234.59629814907453	0.6545251108579918	0.7162005747050065
234.72936468234116	0.6537559229638122	0.7147427557096115
234.86243121560778	0.654349075164577	0.7154435837933578
234.99549774887444	0.6528641219531174	0.7149739257400253
235.12856428214107	0.6537812094026879	0.7161932103991768
235.2616308154077	0.6528165830748335	0.7170933433886819
235.39469734867433	0.6523119911955243	0.7179712735097764
235.52776388194096	0.6516186409404447	0.717502751989313
235.66083041520758	0.6517304975740098	0.7184359460119613
235.79389694847424	0.6524177903754206	0.7175477031461966
235.92696348174087	0.6526856983603984	0.7174974797307417
236.0600300150075	0.6533332054282345	0.7181062044341998
236.19309654827413	0.6532408994029413	0.7170877066240622
236.32616308154076	0.6530080484933426	0.7170505314399644
236.45922961480738	0.6529913415114784	0.7177363008372396
236.59229614807404	0.6529622784989048	0.7184538465352543
236.72536268134067	0.6537998870265155	0.7196785150366631
236.8584292146073	0.6531115916925561	0.7190937836518987
236.99149574787393	0.6529469360648633	0.7194170018943521
237.12456228114056	0.6531300795377726	0.7189514079244758
237.25762881440718	0.6525049057817214	0.7181921666445757
237.39069534767384	0.6513412865082636	0.7181197051064996
237.52376188094047	0.6513834375161843	0.7171638973650059
237.6568284142071	0.6517566357109104	0.7167558663707243
237.78989494747373	0.6522432547723348	0.7175604683694052
237.92296148074036	0.6520096882233388	0.717011942334155
238.05602801400698	0.6508493651451013	0.7169334409250716
238.18909454727364	0.6503873995812655	0.7171625185693901
238.32216108054027	0.6506031561030927	0.7169792093453732
238.4552276138069	0.6492575463952555	0.7166238035353464
238.58829414707353	0.6487785804725047	0.7165042001062346
238.72136068034015	0.6491366598964402	0.7173121621745786
238.8544272136068	0.6499553545175021	0.7179763566656978
238.98749374687344	0.6496024399427526	0.7181186816781646
239.12056028014007	0.6490595872244198	0.7182882991482079
239.2536268134067	0.6494698079416334	0.7175186701786754
239.38669334667333	0.6494726999907743	0.7178089447321332
239.51975987993995	0.6478133381126425	0.7180562731575518
239.6528264132066	0.647225801987888	0.7171330759913941
239.78589294647324	0.6477097461248577	0.7170475670996803
239.91895947973987	0.6468099332725032	0.7177685848744312
240.0520260130065	0.6471360390255355	0.7165929661834369
240.18509254627313	0.6474637911809825	0.7165313943229832
240.31815907953975	0.6477576993270043	0.7161020910867764
240.4512256128064	0.6477543511778372	0.7153819498811548
240.58429214607304	0.6479454759908924	0.7161668164057534
240.71735867933967	0.6485437288256031	0.7164687651422225
240.8504252126063	0.64858599683707	0.7173891391787092
240.98349174587293	0.6493073614827161	0.7169424931518155
241.11655827913955	0.6496105233700991	0.7162113019518709
241.2496248124062	0.649660067882889	0.7158552520153
241.38269134567284	0.6480870184304995	0.7155325253885274
241.51575787893947	0.64836512249825	0.7164165173384953
241.6488244122061	0.6473424986376206	0.7159060021630546
241.78189094547272	0.6482841983497388	0.7150613329778837
241.91495747873935	0.6486630112439095	0.714629538594997
242.048024012006	0.6482239528825633	0.7150913236845722
242.18109054527264	0.6477619157123768	0.7133947806729998
242.31415707853927	0.6479178150236362	0.7148118024990853
242.4472236118059	0.6478129100776944	0.7150541921813388
242.58029014507252	0.6476277855008944	0.7148325500555275
242.71335667833915	0.6473460214483159	0.714372166326512
242.8464232116058	0.6480471128591578	0.7131163197945699
242.97948974487244	0.6472147606473707	0.7121460352642599
243.11255627813907	0.6462249071315618	0.7104505998665702
243.2456228114057	0.6473860941230507	0.7123508761718725
243.37868934467232	0.6480384500663016	0.7128553970032938
243.51175587793895	0.6490012228035249	0.7107022941962152
243.6448224112056	0.6483244768854858	0.709892182013439
243.77788894447224	0.6485353372399166	0.7102910805672402
243.91095547773887	0.648305365665669	0.7106282311094804
244.0440220110055	0.6486078586297829	0.7095194312042417
244.17708854427212	0.6477925663017141	0.7093478128719937
244.31015507753875	0.6477965367280537	0.7105226183479397
244.4432216108054	0.6484935456492713	0.7109620030504439
244.57628814407204	0.6472238007076541	0.7103235646017746
244.70935467733867	0.6475087448280945	0.7098790197279429
244.8424212106053	0.6480927090376305	0.7108384971738172
244.97548774387192	0.6486096156216268	0.7100056868482317
245.10855427713855	0.6491074434080947	0.7100147733670948
245.2416208104052	0.6482595849677409	0.7103715913596839
245.37468734367184	0.6468201653357751	0.7119297452443913
245.50775387693847	0.6480506493085102	0.7101085843195099
245.6408204102051	0.6480132168434543	0.7107587293524482
245.77388694347172	0.6481913965913958	0.7117461138898578
245.90695347673835	0.6472330934008635	0.7117879125604373
246.040020010005	0.6443784962352477	0.711133687809967
246.17308654327164	0.6447070047859136	0.7125441871385115
246.30615307653827	0.6443062568777636	0.7129412946249644
246.4392196098049	0.6450300015338736	0.712624515506863
246.57228614307152	0.6454880840740709	0.7131746624728704
246.70535267633815	0.645781097998439	0.7118727201125568
246.8384192096048	0.6449134532823138	0.7109473957261321
246.97148574287144	0.6446976651721882	0.7104646966777929
247.10455227613807	0.6456873053871212	0.7088429516311815
247.2376188094047	0.6461732620980415	0.7078873053905215
247.37068534267132	0.6455397088062814	0.7081454776550613
247.50375187593795	0.6451707655573825	0.707487003592074
247.6368184092046	0.6450581126816584	0.7082869578117912
247.76988494247124	0.6448701835953562	0.7079827251870124
247.90295147573786	0.6443951625008688	0.7073229247516044
248.0360180090045	0.6435524119342144	0.7069958750679431
248.16908454227112	0.6437193897419445	0.7069652315962931
248.30215107553775	0.6444419449487021	0.7056510228739347
248.4352176088044	0.6443345095988804	0.706358069850606
248.56828414207104	0.643513409872616	0.7081534355587644
248.70135067533766	0.6449879061189392	0.7070338915663499
248.8344172086043	0.6449072198792707	0.7069632211852149
248.96748374187092	0.6457152091630816	0.707813159050956
249.10055027513755	0.6450278446534132	0.7069161378915175
249.2336168084042	0.6445814969838829	0.7054674286241542
249.36668334167084	0.6455156850613083	0.7046894216372186
249.49974987493746	0.6460588824145441	0.7060832927670916
249.6328164082041	0.6455314566526105	0.7068337719255602
249.76588294147072	0.6457419492119355	0.7064683810795088
249.89894947473735	0.6460003865196203	0.7074515550550416
250.032016008004	0.6468532425306955	0.7071784121996649
250.16508254127064	0.6458352805611947	0.7070612397143606
250.29814907453726	0.6463765494307392	0.7063408666628481
250.4312156078039	0.646664067217263	0.7057857934999838
250.56428214107052	0.6469183974681089	0.705767618579766
250.69734867433715	0.6475488893247235	0.7049112913663765
250.8304152076038	0.646733411890625	0.7052107343172028
250.96348174087044	0.6449140066674931	0.7044776293502153
251.09654827413706	0.6432386244542235	0.7047380009270207
251.2296148074037	0.6423945036806937	0.7048703503409895
251.36268134067032	0.6424158320353309	0.7048485359246306
251.49574787393695	0.6435242567653656	0.7043837618434438
251.6288144072036	0.6433026195083537	0.70508507488683
251.76188094047023	0.6419491029314839	0.7056750825652508
251.89494747373686	0.6426106830787987	0.7051052375260131
252.0280140070035	0.6430033634571855	0.7048457616021984
252.16108054027012	0.6431483456440037	0.7050051529235057
252.29414707353675	0.6428356359161266	0.7046463883707251
252.4272136068034	0.6422805595361325	0.703852162722546
252.56028014007003	0.641318414261252	0.7038540642424483
252.69334667333666	0.6410111119998871	0.7036394942937237
252.8264132066033	0.6405709623440999	0.70360021133951
252.95947973986992	0.6403681071862452	0.7033872650399167
253.09254627313655	0.6398556426113972	0.7042825501905664
253.2256128064032	0.6394538076526818	0.7037649125071093
253.35867933966983	0.6402170452984149	0.7035808506044283
253.49174587293646	0.6401530109517586	0.7022930920918772
253.6248124062031	0.6398073413222728	0.7028326733527402
253.75787893946972	0.6399178784660863	0.7039516793374444
253.89094547273635	0.6402590448803094	0.7026880747829533
254.024012006003	0.6401644457219424	0.7026419510970265
254.15707853926963	0.6401977642343301	0.7036038258914308
254.29014507253626	0.6405872749328626	0.7036704120799664
254.4232116058029	0.6389258708877322	0.7031510925262452
254.55627813906952	0.6388641935421939	0.7025627453311891
254.68934467233615	0.6393950654311565	0.7024563496093051
254.8224112056028	0.6390591959899858	0.7026190061993068
254.95547773886943	0.6383430652740273	0.7029926622891716
255.08854427213606	0.6386898651812268	0.70232542666582
255.2216108054027	0.6380708294405841	0.7014503691524674
255.35467733866932	0.6373414117636356	0.7016944462463144
255.48774387193595	0.637859938162509	0.7017841679931109
255.6208104052026	0.6377269206973794	0.7022849529760548
255.75387693846923	0.6380530009330896	0.7024824123947019
255.88694347173586	0.6395305954153682	0.7024705383919881
256.0200100050025	0.6402116098762412	0.7027754137167125
256.15307653826915	0.6402930715310365	0.7022236235754346
256.2861430715358	0.6399527028498825	0.7023750078540204
256.4192096048024	0.6397537416122229	0.7015102904101393
256.55227613806903	0.6409478620796996	0.7002130423146334
256.68534267133566	0.6406752664222582	0.6995909130371529
256.8184092046023	0.6396368433902714	0.699183439545616
256.9514757378689	0.6387604845121815	0.698373758820369
257.08454227113555	0.6386224120980258	0.6984293020989679
257.2176088044022	0.6397817828454695	0.6980005531468928
257.3506753376688	0.6394037231481228	0.6973823749462098
257.4837418709355	0.6392051095225432	0.6962476114690271
257.6168084042021	0.6400790815350581	0.697487261926352
257.74987493746875	0.6396390890099779	0.6963383821707051
257.8829414707354	0.6396150727990783	0.6959140658768601
258.016008004002	0.6399446726776103	0.695393342576638
258.14907453726863	0.6401996451999479	0.6959539994835776
258.28214107053526	0.6401666640844342	0.6961384073702456
258.4152076038019	0.6407685266460582	0.6964802394163169
258.5482741370685	0.6402310791374268	0.6958398149281013
258.68134067033515	0.6390094644782339	0.6951557805487255
258.8144072036018	0.6383287790880647	0.6952164343142847
258.9474737368684	0.6381533610567721	0.6947326060195923
259.0805402701351	0.6386249463528569	0.6937031064724587
259.2136068034017	0.6383391087238357	0.6934977203174588
259.34667333666835	0.6387518947438735	0.6931853746231944
259.479739869935	0.6384910512376871	0.6945058396856896
259.6128064032016	0.637786527957358	0.6943731792269555
259.74587293646823	0.6385945597518466	0.6936657995659964
259.87893946973486	0.6395804664454972	0.6942093545390728
260.0120060030015	0.6386496936979155	0.6943644133474984
260.1450725362681	0.638061602792483	0.6946813756416949
260.27813906953475	0.6377141077244031	0.6931668492923388
260.4112056028014	0.6382259296701822	0.6941697502628769
260.544272136068	0.6379385327397674	0.6947279916351787
260.6773386693347	0.6385084182610268	0.694287116134948
260.8104052026013	0.6381581606180182	0.6929683230201827
260.94347173586794	0.6371760348653865	0.6929655348662712
261.0765382691346	0.6370338587836369	0.6920742453975182
261.2096048024012	0.6367705170318133	0.6927274433357198
261.34267133566783	0.6361534712983505	0.6923281827642896
261.47573786893446	0.6340614434234663	0.6920171394987585
261.6088044022011	0.6339597197471399	0.6928022970852111
261.7418709354677	0.633071344642278	0.6921588137647312
261.87493746873434	0.633722901610308	0.693037237241968
262.008004002001	0.6334793321827282	0.6929313072067524
262.1410705352676	0.6330541872915346	0.6935113341267212
262.2741370685343	0.6345039712437313	0.6930401046250882
262.4072036018009	0.6332184071754022	0.6940835813706274
262.54027013506754	0.6329516376225864	0.6933155627832582
262.6733366683342	0.6333319259383109	0.6940941966358377
262.8064032016008	0.6332870602635997	0.6945149516410664
262.93946973486743	0.6333636382688869	0.6930006120647635
263.07253626813406	0.632359710313651	0.6916330671940949
263.2056028014007	0.6333023441749241	0.6916744028628171
263.3386693346673	0.633659011605799	0.6909700983647925
263.47173586793394	0.6344200232118111	0.6907629174353861
263.6048024012006	0.6332992440773602	0.6908543603962479
263.7378689344672	0.6327169760167656	0.6903919292532652
263.8709354677339	0.6321199868966146	0.6898405585487576
264.0040020010005	0.631414412922466	0.6891679916881179
264.13706853426714	0.6300211317130828	0.6902673777720872
264.2701350675338	0.6293426190737332	0.6910734536299675
264.4032016008004	0.6308657262013851	0.6908965925231426
264.53626813406703	0.6316488454461846	0.6910328233765379
264.66933466733366	0.6318249089471593	0.6903194394474869
264.8024012006003	0.6325334519794479	0.6912741296451707
264.9354677338669	0.6328884778587196	0.6897513224191658
265.06853426713354	0.6333773760718879	0.6889727599887333
265.2016008004002	0.6329584707785136	0.6883927696716468
265.3346673336668	0.6326248836791778	0.6895446828462285
265.4677338669335	0.6325584737844492	0.6891257895123345
265.6008004002001	0.6323147194699666	0.6894345316912557
265.73386693346674	0.6320495225293228	0.6894137019115004
265.86693346673337	0.6307868970751669	0.6885274523903829
266.0	0.6304761904761904	0.689125138427464
