0.0	0.0	0.0
0.1330665332666333	8.8715279532354e-05	0.00015522748863092096
0.2661330665332666	0.0007098581535154641	0.0008426796461459181
0.39919959979989994	0.0021951455072343976	0.002328547342848632
0.5322661330665333	0.003991081770396841	0.0045892939570525626
0.6653326663331666	0.006540417103678043	0.00718465770889197
0.7983991995997999	0.00917767243211853	0.011174014330177898
0.9314657328664332	0.012193224066723402	0.014698861439842042
1.0645322661330665	0.015493478549286906	0.0198681297242036
1.1975987993997	0.018062374366609436	0.026211855012699844
1.3306653326663331	0.020946522459016452	0.034014603270049924
1.4637318659329663	0.024381833292962674	0.041975771145136245
1.5967983991995998	0.02761622876506255	0.051911504984270995
1.7298649324662332	0.03078324842949834	0.06257737752198983
1.8629314657328664	0.033755929478366205	0.07477050886703182
1.9959979989994996	0.03747901742509555	0.08768408278705782
2.129064532266133	0.04069219264671198	0.10417141361258075
2.2621310655327664	0.0442558645629017	0.12206026059635322
2.3951975987994	0.04682576308047863	0.14131550955907263
2.528264132066033	0.05033311673657461	0.16336284543740107
2.6613306653326663	0.05347064801457825	0.18725264460607527
2.7943971985992997	0.056089602747128035	0.2142492769147804
2.9274637318659327	0.0594126689210296	0.24306899520556935
3.060530265132566	0.06195687826596612	0.2734585315829972
3.1935967983991995	0.06474907438400447	0.30714775954638873
3.326663331665833	0.06714022032401201	0.3412551885097329
3.4597298649324664	0.06980329112611944	0.3743603213806522
3.5927963981990994	0.07259703786563121	0.4105640413341584
3.7258629314657328	0.07540649739690423	0.44560382038118584
3.858929464732366	0.07775413331765084	0.48114822443759236
3.991995997998999	0.0804869653167138	0.5173314228602282
4.125062531265633	0.08327055811584853	0.5503578269981914
4.258129064532266	0.08532660701870998	0.5824026811575498
4.391195597798899	0.08773026198832998	0.6123065799919506
4.524262131065533	0.09063774338778184	0.6407845455911204
4.657328664332166	0.09372312438571039	0.6682964428313001
4.7903951975988	0.09701985385707831	0.6949418896644921
4.923461730865433	0.09952964843110639	0.7185004339240982
5.056528264132066	0.10164058132118398	0.7393456343679554
5.1895947973986996	0.10441957060072923	0.7594998548147626
5.3226613306653325	0.10718472718978374	0.7785240152622372
5.4557278639319655	0.1096587346443714	0.7952612538870323
5.588794397198599	0.1117831379982363	0.8091590063882016
5.721860930465232	0.11409740139016857	0.8221330772094882
5.854927463731865	0.1166367388834833	0.8339175483780813
5.987993996998499	0.11873045840285712	0.8434481774487093
6.121060530265132	0.12172017710006035	0.8530750448194361
6.254127063531766	0.12384354228712645	0.8602516472528368
6.387193596798399	0.1265709795172207	0.8645804334469187
6.520260130065032	0.12888314505867207	0.8708289683669026
6.653326663331666	0.1318399589722541	0.8750644420838333
6.786393196598299	0.1336118641769171	0.8802539102561321
6.919459729864933	0.13650731343452685	0.8843878342038952
7.052526263131566	0.13895853671536687	0.8887275222418372
7.185592796398199	0.14157263052401614	0.8911142379257541
7.318659329664833	0.1438030759693163	0.8938547543386471
7.4517258629314655	0.146042715866726	0.8969594333177672
7.5847923961980985	0.1482584216764359	0.9007244646161453
7.717858929464732	0.15044777273757243	0.9025228537662111
7.850925462731365	0.15231966125325572	0.9045084905452457
7.983991995997998	0.15405908417030093	0.9077691141052788
8.117058529264632	0.15671072956573745	0.9108077205001449
8.250125062531266	0.1597774580056987	0.9121722755972165
8.383191595797898	0.1613536155527562	0.9135136391683061
8.516258129064532	0.1642474721681502	0.9147485699018475
8.649324662331166	0.16634101016837022	0.9149376439136121
8.782391195597798	0.16906533276560912	0.915815247871508
8.915457728864432	0.17163133635015212	0.9172211113622712
9.048524262131066	0.17332060166257118	0.9181950336702986
9.181590795397698	0.17510912714067617	0.920156738835023
9.314657328664332	0.1772103704064273	0.9208527265537474
9.447723861930966	0.17917695360724492	0.9218904796072749
9.5807903951976	0.18210671298653172	0.9214841440111243
9.713856928464232	0.18518062953758582	0.9218767806623296
9.846923461730865	0.18803037815718068	0.9214301749238228
9.9799899949975	0.1906847380658859	0.9222861520304754
10.113056528264131	0.19315242861520382	0.921947221172503
10.246123061530765	0.1953298644179257	0.9234868312055144
10.379189594797399	0.1977061887027088	0.92438206158145
10.512256128064031	0.1993412970845163	0.9257656300208593
10.645322661330665	0.20160380749257364	0.9266938390733042
10.778389194597299	0.20384204663523905	0.9268895170671673
10.911455727863931	0.20544466189068206	0.9261210764508647
11.044522261130565	0.20719465328347514	0.926420784886252
11.177588794397199	0.2094156585901597	0.9266173118710131
11.31065532766383	0.2114224054172543	0.9262481353244961
11.443721860930465	0.21342368343543314	0.9264355017598
11.576788394197099	0.21547269660151128	0.9277178911763603
11.70985492746373	0.2171794789785381	0.9267317443060795
11.842921460730365	0.21915362002088828	0.928527524985055
11.975987993996998	0.2208735597136833	0.9282822467260312
12.109054527263632	0.2228306252696218	0.9291532871258039
12.242121060530264	0.22535939374691688	0.9300479364419022
12.375187593796898	0.2273660840019677	0.9302867490657801
12.508254127063532	0.22905969592318043	0.9289649378792065
12.641320660330164	0.23104646380891627	0.9291229353451531
12.774387193596798	0.23256893842444004	0.9307925243381033
12.907453726863432	0.23457852335729446	0.9309096792705948
13.040520260130064	0.23728581491104875	0.931007450524449
13.173586793396698	0.24025619894613612	0.9314538349248483
13.306653326663332	0.2427999274873427	0.9311490466511103
13.439719859929964	0.24435463172637473	0.9313021294159151
13.572786393196598	0.2461884936841415	0.9322678574874955
13.705852926463232	0.24796649804838897	0.9332877696761013
13.838919459729865	0.2493969229011712	0.9328363595503056
13.971985992996498	0.2507903998360788	0.9318435110141378
14.105052526263131	0.25245897083737806	0.9320153916423382
14.238119059529765	0.25499416996028457	0.9324375154291685
14.371185592796397	0.25654515300868735	0.9319806372683231
14.504252126063031	0.2584353499567177	0.9321345296661016
14.637318659329665	0.2600771412301991	0.9316918622007325
14.770385192596297	0.26234092913494655	0.9332747114518091
14.903451725862931	0.2649479181292956	0.9326717898143755
15.036518259129565	0.2666801040350366	0.9313572049302469
15.169584792396197	0.26870680405503067	0.9318033682556905
15.302651325662831	0.27042981597321875	0.9322799255049932
15.435717858929465	0.2721857368545841	0.9316942332519278
15.568784392196097	0.27494628767185847	0.9300287959536518
15.70185092546273	0.27700236547605417	0.9302899735190534
15.834917458729365	0.27868477715239554	0.9300597955046124
15.967983991995997	0.28046009336401045	0.9288210263283005
16.101050525262632	0.28208088315403296	0.9306199477074092
16.234117058529264	0.2836134672929506	0.9305033741688475
16.367183591795897	0.2855157013463789	0.9298545328840665
16.500250125062532	0.2866131952027646	0.9295090220435297
16.633316658329164	0.28822990154211336	0.9300494478047047
16.766383191595796	0.28986327965094466	0.9288844512183467
16.899449724862432	0.29219874824110104	0.9294745060225803
17.032516258129064	0.2949835404324662	0.9303258054490251
17.165582791395696	0.2972023178370888	0.9291666561449852
17.298649324662332	0.2989790242507022	0.9286350186595342
17.431715857928964	0.3005364036359172	0.92797514566936
17.564782391195596	0.30177616091925696	0.9271388874464679
17.69784892446223	0.30276977701307556	0.9277326125694697
17.830915457728864	0.3042126097712	0.9284359252773082
17.963981990995496	0.3065945863558375	0.9275559272650306
18.09704852426213	0.30844776100052246	0.9264063324502496
18.230115057528764	0.31037656979318695	0.9255210834735513
18.363181590795396	0.31219686622319787	0.9245602796853805
18.49624812406203	0.31295415462888476	0.9249399500293582
18.629314657328663	0.3143295752153089	0.9240974652350181
18.762381190595296	0.31617196257819596	0.9249880082882608
18.89544772386193	0.318527651045912	0.9261562685017642
19.028514257128563	0.32026485396709053	0.9256478119141351
19.1615807903952	0.32206962739660777	0.9265482691229824
19.29464732366183	0.32323316794847	0.9260635707572469
19.427713856928463	0.32521992705827635	0.9265538186398289
19.5607803901951	0.3270364551310917	0.9264166030019703
19.69384692346173	0.3288799607336897	0.9263782161773855
19.826913456728363	0.3310755533284597	0.9259726224516022
19.959979989995	0.33298367994543415	0.9261098461803217
20.09304652326163	0.3347683426790431	0.9254171903271041
20.226113056528263	0.33615538560776925	0.9242694591364832
20.3591795897949	0.3372771402822365	0.9242464790907884
20.49224612306153	0.33954525039121974	0.9234218408556556
20.625312656328163	0.34119096486993666	0.9241952925317493
20.758379189594798	0.3427469829954327	0.9233351545053066
20.89144572286143	0.34482282999733116	0.9228991944017209
21.024512256128062	0.34607085377095465	0.9228196063410404
21.157578789394698	0.3479353576557809	0.9220823486526571
21.29064532266133	0.34981014999494026	0.9220399637044018
21.423711855927962	0.35114211210127827	0.9224951272095017
21.556778389194598	0.3522064772440772	0.9229164861161488
21.68984492246123	0.35396818050255546	0.9231227313752859
21.822911455727862	0.35650627398081725	0.9224727762791006
21.955977988994498	0.35686676342641493	0.9220826839267976
22.08904452226113	0.3579730781148829	0.9214715113701442
22.222111055527762	0.3596179994884002	0.9201901887631514
22.355177588794398	0.3614856937106779	0.9201401172195081
22.48824412206103	0.3630400460523592	0.919627586291563
22.62131065532766	0.36419998096735867	0.9191933495154357
22.754377188594297	0.3662026415239603	0.9185839818321567
22.88744372186093	0.36738901726497397	0.9187883119953912
23.02051025512756	0.3695814006950877	0.9186735682672929
23.153576788394197	0.3719558782620419	0.9182802090615493
23.28664332166083	0.37266507493932965	0.9200916628728113
23.41970985492746	0.37417519056529575	0.9206963026661497
23.552776388194097	0.37649535726552047	0.9206591054284824
23.68584292146073	0.3775199874190604	0.9205847422447385
23.818909454727365	0.379133092059419	0.9200392611929321
23.951975987993997	0.381436613972748	0.9192344355618753
24.08504252126063	0.38280486352755105	0.9194560696398628
24.218109054527265	0.38422431682374	0.9182839114178633
24.351175587793897	0.38601490022968515	0.9198593778771917
24.48424212106053	0.38698368350274964	0.9206505980758134
24.617308654327164	0.389412221721461	0.9206934333407132
24.750375187593797	0.3908234162075166	0.9201838163382806
24.88344172086043	0.3919916401831264	0.919022693236471
25.016508254127064	0.39366524269904235	0.9179961851891378
25.149574787393696	0.39579702404964634	0.9178762536687731
25.28264132066033	0.3968633874088727	0.9191358079333113
25.415707853926964	0.3977891655437642	0.919787981498307
25.548774387193596	0.3996994103059135	0.9194460322652775
25.68184092046023	0.40218796742010654	0.9185505002931762
25.814907453726864	0.4027081435468288	0.9196151191254861
25.947973986993496	0.403287476985055	0.91906813876781
26.081040520260128	0.40457174816931685	0.9191383721805261
26.214107053526764	0.40648159297840136	0.9187681804149608
26.347173586793396	0.40725293924727285	0.9172253709150257
26.480240120060028	0.40846145573688647	0.9167543860017977
26.613306653326664	0.40942206272220355	0.9156991777673735
26.746373186593296	0.41169705058401235	0.9154295864105529
26.879439719859928	0.4136091719831193	0.9147991603392508
27.012506253126563	0.4151945918489854	0.9145061970914731
27.145572786393195	0.41629618026407106	0.91558963606003
27.278639319659828	0.4181554384884884	0.915416204016352
27.411705852926463	0.41894515249957875	0.9154037500408543
27.544772386193095	0.42007601840653647	0.9160313198129212
27.67783891945973	0.4203789808720247	0.9157746987441794
27.810905452726363	0.42228550754490557	0.9157201261003871
27.943971985992995	0.42233914160124236	0.915594774342604
28.07703851925963	0.42457026522447006	0.9161969164345758
28.210105052526263	0.425633080616429	0.9158232651465199
28.343171585792895	0.42703561943886725	0.9161990474744891
28.47623811905953	0.42723910257437686	0.9166357539800443
28.609304652326163	0.4280137506010922	0.9169865478243412
28.742371185592795	0.42869281777352997	0.9167327572465657
28.87543771885943	0.42983723246140815	0.9159442770586824
29.008504252126063	0.4317206547803242	0.9161087751722421
29.141570785392695	0.43305392632983847	0.9163096771799684
29.27463731865933	0.43428968165055665	0.9153739181556656
29.407703851925962	0.43524777535954645	0.9145425212579539
29.540770385192594	0.43647842481409216	0.9145222986798318
29.67383691845923	0.43766335778401305	0.9143918460330543
29.806903451725862	0.4393482539518406	0.9155020278377025
29.939969984992494	0.44155075166008895	0.9152714830205625
30.07303651825913	0.4430952885058475	0.913420120743076
30.206103051525762	0.4444429224874001	0.9136020776044039
30.339169584792394	0.4457462313890835	0.9146426097656133
30.47223611805903	0.4466054992790954	0.9144822457264168
30.605302651325662	0.44805884999700285	0.9137737201483406
30.738369184592294	0.44846310114756194	0.9136038551511542
30.87143571785893	0.4501675336502464	0.9135765147923803
31.00450225112556	0.45130052666495063	0.911839957927876
31.137568784392194	0.45202920003279384	0.9105876305174532
31.27063531765883	0.45395704805357656	0.9111102115535835
31.40370185092546	0.45522790872486596	0.9098999033308551
31.536768384192094	0.45554999936719437	0.9105545020151189
31.66983491745873	0.4564055175855246	0.9101277984506956
31.80290145072536	0.45783585741363947	0.9110998995549769
31.935967983991993	0.4585682490307078	0.9122344153178118
32.06903451725863	0.45874578315891273	0.9126226488166875
32.202101050525265	0.46074552018359705	0.9130715771394909
32.33516758379189	0.4623956497406742	0.9137400612931257
32.46823411705853	0.46309056285271843	0.9131689086752718
32.601300650325165	0.4653976069668599	0.9139120772470275
32.73436718359179	0.4668558753634933	0.9126433953558161
32.86743371685843	0.46788479798489385	0.9112064085812995
33.000500250125064	0.4684725669935214	0.9110829826575415
33.13356678339169	0.46888175987217956	0.9111758908760288
33.26663331665833	0.47000333004538103	0.9119199817401756
33.399699849924964	0.47056941561250654	0.9112475539053424
33.53276638319159	0.4719881300423423	0.9107623328125578
33.66583291645823	0.47368215049334916	0.9110365880797019
33.798899449724864	0.4743119467965926	0.9093868174084953
33.93196598299149	0.4761081130828309	0.9105830109044769
34.06503251625813	0.47699149863912704	0.9108479826976538
34.198099049524764	0.47903515581162603	0.909385689705431
34.33116558279139	0.4795170215197484	0.9083333071216665
34.46423211605803	0.48142850965252076	0.9082468973914879
34.597298649324664	0.4829510499608514	0.9083053940088225
34.73036518259129	0.48403932432545577	0.9091924644649702
34.86343171585793	0.48476272922682057	0.9099100741607132
34.99649824912456	0.4848952660204228	0.9108673872009029
35.12956478239119	0.48675603435866327	0.9111386593448191
35.26263131565783	0.4887044674327685	0.909714340092114
35.39569784892446	0.4886598912015321	0.9100951158651012
35.52876438219109	0.4907146398945284	0.910096940211977
35.66183091545773	0.49063637634106366	0.9101903987673479
35.79489744872436	0.4917097457270657	0.9093087472427471
35.92796398199099	0.49241259647969826	0.908793743123546
36.06103051525763	0.4932567428931852	0.9096278447699743
36.19409704852426	0.4933719261223089	0.909648777956803
36.32716358179089	0.49440286583376397	0.9097332057218509
36.46023011505753	0.4961794490171166	0.9099518404962212
36.59329664832416	0.49662978579619704	0.9088514658935626
36.72636318159079	0.49678098743638366	0.9091916519319961
36.85942971485743	0.4986965865967288	0.908641170620169
36.99249624812406	0.5001616951134723	0.9078546591386032
37.12556278139069	0.5011199553626496	0.9078035106816558
37.25862931465733	0.5019768584477751	0.9079333842191549
37.39169584792396	0.502730138352315	0.9086985540886979
37.52476238119059	0.5034070638131259	0.9080533906778797
37.65782891445723	0.504234600231883	0.9063423638515248
37.79089544772386	0.505267083979664	0.9051825166616025
37.92396198099049	0.5067617624131107	0.9061626828504971
38.05702851425713	0.5079830784509041	0.9050280795718354
38.19009504752376	0.5095357375050176	0.9049130486506688
38.3231615807904	0.5105156187028015	0.9042193759392733
38.456228114057026	0.511328691594716	0.9028334314948863
38.58929464732366	0.5118116853962674	0.9019114321357383
38.7223611805903	0.5124222752900413	0.9030999617552916
38.855427713856926	0.5140917191514428	0.9034685191087194
38.98849424712356	0.5153678753893937	0.903945131636585
39.1215607803902	0.5151713137421688	0.9044036763227582
39.254627313656826	0.5164736638416815	0.9051133459868206
39.38769384692346	0.5174762721250317	0.9038824544744496
39.5207603801901	0.5193480001542526	0.9024661920743632
39.653826913456726	0.5199618520430916	0.903015072726212
39.78689344672336	0.5209091074295121	0.9026635507626335
39.91995997999	0.5218480690882048	0.901206037516445
40.053026513256626	0.5224715862252527	0.9007515841244302
40.18609304652326	0.5231536391939572	0.8999027070895042
40.3191595797899	0.5247289252689198	0.9005747648886294
40.452226113056525	0.5265481706494346	0.9001291626798471
40.58529264632316	0.5268408143678193	0.8988101581376601
40.7183591795898	0.5271285059293371	0.8989974079870826
40.851425712856425	0.5270604544823715	0.8991044458372855
40.98449224612306	0.5284809054292555	0.9000290862898321
41.1175587793897	0.5282282145064103	0.900127558054946
41.250625312656325	0.5286025228563183	0.8988781633591707
41.38369184592296	0.5297650936780773	0.8986582323204475
41.516758379189596	0.5301927902451433	0.8991435291314755
41.649824912456225	0.531516069047056	0.8981796473232287
41.78289144572286	0.5328117074391475	0.8980237567375033
41.915957978989496	0.533404007782344	0.8989495882175514
42.049024512256125	0.5339431589982226	0.8972411470015683
42.18209104552276	0.5344204406599906	0.8993288585763098
42.315157578789396	0.5353584374140049	0.8995203404029907
42.448224112056025	0.5361278212470699	0.899377510389571
42.58129064532266	0.5379802744327125	0.9006444687927063
42.714357178589296	0.5394242771059687	0.9002526758271266
42.847423711855924	0.5411044066047438	0.9002743365755919
42.98049024512256	0.5420054349848539	0.899565928587672
43.113556778389196	0.5433130685147601	0.8991594714295164
43.246623311655824	0.5453107128329224	0.8995545757056153
43.37968984492246	0.5464021103129061	0.89906589636724
43.512756378189096	0.5477336585120599	0.8995062591329963
43.645822911455724	0.5477554369777413	0.900212321205126
43.77888944472236	0.5498067796676942	0.8996596720037263
43.911955977988995	0.5502234532771222	0.8978593673351454
44.045022511255624	0.5507657315275541	0.8996054662061101
44.17808904452226	0.5513905991750084	0.8988127582890092
44.311155577788895	0.551284619319992	0.8980975118804622
44.444222111055524	0.5523595984613379	0.8989691696181942
44.57728864432216	0.5544249684985614	0.8983471379205796
44.710355177588795	0.5549220909239546	0.8967658209020585
44.843421710855424	0.5558359899113239	0.8965624384073949
44.97648824412206	0.557466288653327	0.8965363208804441
45.109554777388695	0.5584706083742809	0.8964302192527562
45.24262131065532	0.5596586154029879	0.8954076707973138
45.37568784392196	0.5612586497328775	0.8964011792040603
45.508754377188595	0.5623318422342896	0.8961147377694075
45.64182091045522	0.5633018669128882	0.8947810015280069
45.77488744372186	0.5643902414659218	0.8929431046566348
45.907953976988495	0.5652196345282228	0.8924123497953841
46.04102051025512	0.5652651293764012	0.8929313257852473
46.17408704352176	0.5649149139798412	0.8907100604149039
46.307153576788394	0.5653334049269437	0.8922972249670436
46.44022011005502	0.5655761792572683	0.8927520922773681
46.57328664332166	0.5664044771947969	0.8934405038342389
46.706353176588294	0.5670528436691932	0.8940773289743413
46.83941970985492	0.5679476120492661	0.894570238241227
46.97248624312156	0.5684731369276896	0.8944917937332453
47.105552776388194	0.5698808331128613	0.8948951470939167
47.23861930965483	0.5707349515984903	0.8935014639526394
47.37168584292146	0.5717964917578883	0.8937211917373061
47.504752376188094	0.5721508204731713	0.8931578805632248
47.63781890945473	0.5721734353817057	0.8918796124011237
47.77088544272136	0.5731401541010531	0.8915981883347374
47.903951975987994	0.5735337536095076	0.8912447447162051
48.03701850925463	0.574539131332418	0.8893495638636244
48.17008504252126	0.5752448895690774	0.890692125551737
48.30315157578789	0.5767664710429686	0.8921893286697946
48.43621810905453	0.5766682875333509	0.8910725955472154
48.56928464232116	0.5777571808459986	0.8922746888909554
48.70235117558779	0.5789777218550032	0.8925714524644374
48.83541770885443	0.5792325370248731	0.8931114418333342
48.96848424212106	0.579816856006686	0.8925916349836278
49.10155077538769	0.5796059507389884	0.8928571506973053
49.23461730865433	0.5802989786948317	0.8920335276717893
49.36768384192096	0.5817753115997385	0.8915300134388923
49.50075037518759	0.5815756409987751	0.890779860325232
49.63381690845423	0.5826207897998973	0.8907389976575226
49.76688344172086	0.583903286460355	0.8907120360435198
49.89994997498749	0.5836130694187405	0.8902867228933297
50.03301650825413	0.5828369963737163	0.892339722670405
50.16608304152076	0.5846549961188153	0.8931659618279577
50.29914957478739	0.5860449776360686	0.8945768608881154
50.43221610805403	0.5856715094022563	0.8932504774022286
50.56528264132066	0.5861059121552021	0.8928463992116853
50.69834917458729	0.5865543022597374	0.8919828372719547
50.83141570785393	0.5865648478699811	0.8913088912466085
50.96448224112056	0.5874349333127901	0.8913413920911867
51.09754877438719	0.5880265688951757	0.8916539797305431
51.23061530765383	0.5900783296866134	0.8924594440903996
51.36368184092046	0.5900874841894451	0.8910476722393766
51.49674837418709	0.5912470655483102	0.8917442361672355
51.62981490745373	0.591810131731893	0.8917717818308213
51.762881440720356	0.5927884182801544	0.8914317423675494
51.89594797398699	0.5926637368457148	0.891701776608364
52.02901450725363	0.5928662905087441	0.8914371778583535
52.162081040520256	0.5933139174542951	0.8905019684307414
52.29514757378689	0.5929076253356076	0.8898173329503467
52.42821410705353	0.5936579559239286	0.8903549817566305
52.561280640320156	0.594740425980535	0.8894271210426256
52.69434717358679	0.5956773539719344	0.8881177924541133
52.82741370685343	0.5952127259758819	0.8885734942438172
52.960480240120056	0.5958903005874296	0.8890844961928178
53.09354677338669	0.5973844086678727	0.8890244229647374
53.22661330665333	0.5980839132824519	0.888366849674396
53.359679839919956	0.5986806745323977	0.887783419810592
53.49274637318659	0.6003569564453166	0.8873261329512604
53.62581290645323	0.6005453051257649	0.8864852841158947
53.758879439719855	0.6003048167024652	0.8856251179140949
53.89194597298649	0.6022665709931257	0.8854834549161382
54.02501250625313	0.6027946935655263	0.8849787473144365
54.158079039519755	0.6035461521874877	0.885766329099516
54.29114557278639	0.604149814464493	0.8847945456452838
54.42421210605303	0.6047504506560416	0.8857771595487546
54.557278639319655	0.6048220530865112	0.8847239020090008
54.69034517258629	0.6051643280381296	0.8847852258191202
54.823411705852926	0.6054501918845164	0.8842326210368657
54.956478239119555	0.6045543742751969	0.8846817958118592
55.08954477238619	0.6052367320263468	0.8855522682242659
55.222611305652826	0.6063920471136787	0.8870233383999783
55.35567783891946	0.6074103586307842	0.8862536311351636
55.48874437218609	0.6073484863289756	0.8870220638277285
55.621810905452726	0.607954493472753	0.8868280765455049
55.75487743871936	0.608463975304772	0.8865265128978195
55.88794397198599	0.6089512469508659	0.8873459245680608
56.021010505252626	0.6086156051801992	0.887578687248192
56.15407703851926	0.6095768819248221	0.8881367684067887
56.28714357178589	0.6095916052210909	0.8876898364200277
56.420210105052526	0.6100129772351306	0.8869287412597002
56.55327663831916	0.6114272555477291	0.8844479953810711
56.68634317158579	0.6123049620585344	0.8832673922415345
56.819409704852426	0.6132191172572627	0.8833303206290076
56.95247623811906	0.613469220943488	0.8835945024639247
57.08554277138569	0.6147583913475798	0.8835428805820222
57.218609304652325	0.614697703150922	0.8836287525578673
57.35167583791896	0.6151266219139744	0.8836092736797457
57.48474237118559	0.6163568261275022	0.8831881057534072
57.617808904452225	0.6178547969849473	0.8808917568838455
57.75087543771886	0.6189616117257162	0.8807976487162039
57.88394197098549	0.6200880670625033	0.8815470032481875
58.017008504252125	0.6202443064700195	0.8807431358735525
58.15007503751876	0.6211211681390589	0.883263132660843
58.28314157078539	0.6210191639881157	0.8825642107364425
58.416208104052025	0.6204443294075354	0.8826198585526933
58.54927463731866	0.620448309035821	0.8833059373864387
58.68234117058529	0.6214532597440405	0.8826733685462875
58.815407703851925	0.6215699755693195	0.8816348255677929
58.94847423711856	0.6213813969472016	0.881691314645509
59.08154077038519	0.6223857015423823	0.8821733066022757
59.214607303651825	0.6231994404586746	0.8828333604824812
59.34767383691846	0.623928940604226	0.8810081792047818
59.48074037018509	0.6242503569029357	0.8809986279431303
59.613806903451724	0.6250220981674088	0.8827670954208076
59.74687343671836	0.6264413274110693	0.8846059366650824
59.87993996998499	0.6268521882211469	0.8843592934474047
60.013006503251624	0.6266262704364652	0.8842978877842408
60.14607303651826	0.6266098736974696	0.8856002944789275
60.27913956978489	0.6263588486948872	0.8853569045242179
60.412206103051524	0.6261933137567165	0.8867011145573528
60.54527263631816	0.6266319092075106	0.8873984995756508
60.67833916958479	0.6278252890280339	0.8869263047952495
60.811405702851424	0.6286003934643847	0.8865850985449777
60.94447223611806	0.6303050434406381	0.8855045296982431
61.07753876938469	0.6304482962269624	0.884406578603644
61.210605302651324	0.6315706998470106	0.88205228114505
61.34367183591796	0.631595213810977	0.8807519424571112
61.47673836918459	0.6322228602057913	0.8809077682965792
61.60980490245122	0.6328375872947094	0.8808326489442856
61.74287143571786	0.6332256831899645	0.8805335818124111
61.87593796898449	0.6334875492123395	0.8785456781481782
62.00900450225112	0.6345659570596642	0.8773515720527804
62.14207103551776	0.635577635421574	0.8780674881933785
62.27513756878439	0.6360436765238114	0.8785000915832871
62.40820410205102	0.635245200837144	0.8786679118384197
62.54127063531766	0.6349596514574736	0.8774338276525311
62.67433716858429	0.6366386571799151	0.8768378240114965
62.80740370185092	0.6376242016193573	0.87541802735459
62.94047023511756	0.6377377597078978	0.8741600118934527
63.07353676838419	0.638744150391576	0.8753380733291479
63.20660330165082	0.6393352751594192	0.8752386788271943
63.33966983491746	0.6393612174489752	0.875746641629707
63.47273636818409	0.6397883238535695	0.8751260299657654
63.60580290145072	0.6411144107740965	0.8749980725387323
63.73886943471736	0.6414538079058135	0.8756903738621558
63.87193596798399	0.641174209982043	0.8766364892420409
64.00500250125063	0.6406619536404138	0.8777461119400487
64.13806903451726	0.6424674864386506	0.8778924509760564
64.27113556778389	0.6437286826209618	0.8774807207634057
64.40420210105053	0.6444291181358854	0.8778463369656956
64.53726863431716	0.6452959880613396	0.8776135984239571
64.67033516758379	0.6456987191967813	0.8775620324704317
64.80340170085043	0.6458614322475393	0.877262113809733
64.93646823411706	0.646235568635106	0.8771806883275115
65.06953476738369	0.6465277206682801	0.8778517652806378
65.20260130065033	0.6460940782675267	0.8779042960806964
65.33566783391696	0.645898644032012	0.8767047142083892
65.46873436718359	0.6475539602388478	0.8758361928630513
65.60180090045023	0.6489195875346052	0.8757872700909642
65.73486743371686	0.6496849649414145	0.8750952308067095
65.86793396698349	0.6487037530506271	0.8759972919418457
66.00100050025013	0.6489062648376547	0.8748923445946168
66.13406703351676	0.6496821948251439	0.8743038136483903
66.26713356678339	0.6491027629893883	0.8739543215006617
66.40020010005003	0.6498264584641535	0.873875647067842
66.53326663331666	0.6499003901984203	0.8741821302443326
66.66633316658329	0.6507890170369893	0.8741913991532477
66.79939969984993	0.6511387675230986	0.873434082040069
66.93246623311656	0.6518092056793213	0.8729574956336494
67.06553276638319	0.6524000085116938	0.8729704685042001
67.19859929964983	0.6526616730700343	0.8738175037531409
67.33166583291646	0.6533314768997308	0.8727031382009633
67.46473236618309	0.6519391258378189	0.8722224859346326
67.59779889944973	0.6529289689894533	0.8703826356836645
67.73086543271636	0.6525922489440638	0.8691254303615434
67.86393196598299	0.6525873157604433	0.869055747547204
67.99699849924963	0.6529265659282254	0.8690679566457649
68.13006503251626	0.653213847275454	0.8705463028261127
68.26313156578288	0.6545543073032086	0.8703390717391903
68.39619809904953	0.6534564487318097	0.8704394773605293
68.52926463231616	0.6526428915183461	0.8716415384657021
68.66233116558278	0.6521821555651796	0.8723376182887972
68.79539769884943	0.6525371892737207	0.8724101775261323
68.92846423211606	0.6530645885850074	0.872015959719543
69.06153076538268	0.6524421613125507	0.872789501197068
69.19459729864933	0.6521549171873174	0.8729793250047254
69.32766383191596	0.6529798061039381	0.8728131243774349
69.46073036518258	0.6546085941738318	0.8719355625203631
69.59379689844923	0.65602125910796	0.8717389691095988
69.72686343171586	0.6569584168963393	0.8722946492625993
69.85992996498248	0.6577176355689794	0.8718495864865914
69.99299649824913	0.6579680632298307	0.8712233630348445
70.12606303151576	0.6577846819478608	0.8715868908552528
70.25912956478238	0.6588297421154486	0.8715804886312803
70.39219609804903	0.6597355880413918	0.8709906324201977
70.52526263131566	0.6599077729123639	0.8699797824774614
70.65832916458228	0.6605296990514795	0.870606603805103
70.79139569784893	0.6616854517652744	0.8708879945218556
70.92446223111556	0.6638228132523133	0.87149802466886
71.05752876438218	0.663654319242051	0.8721402475857678
71.19059529764883	0.663399426302903	0.8726712799193134
71.32366183091546	0.6644277421215445	0.8725052067321477
71.45672836418208	0.6648427397805917	0.8716726034310363
71.58979489744873	0.6644398214300233	0.871728613659831
71.72286143071535	0.6634112422271357	0.8710996077275918
71.85592796398198	0.6643994569307173	0.8701786160855531
71.98899449724863	0.664191451391012	0.8694206083698411
72.12206103051525	0.6656036177267051	0.8686330663884239
72.25512756378188	0.6662269018844045	0.868956249042348
72.38819409704853	0.6659854988569484	0.8673973465397281
72.52126063031515	0.665879677551653	0.8677458000826154
72.65432716358178	0.6670620768558105	0.8673590260294931
72.78739369684843	0.6678829731327628	0.8685648999995516
72.92046023011505	0.6674919246582112	0.8683239611298327
73.05352676338168	0.6681143498693124	0.867913573568864
73.18659329664833	0.6686868911876195	0.8667694086291161
73.31965982991495	0.6688344585945742	0.867612722283609
73.45272636318158	0.6697289637862253	0.8685097561452606
73.58579289644823	0.6701658925065554	0.8687481895920973
73.71885942971485	0.6696437014182389	0.868198506842005
73.85192596298148	0.6706083553047372	0.8681683286855673
73.98499249624813	0.6714645007564252	0.8684780065953026
74.11805902951475	0.6722923562900106	0.8684336464559861
74.25112556278138	0.6720607705604548	0.8684916766589803
74.38419209604803	0.6719178741978512	0.8690890164525927
74.51725862931465	0.6726259611502001	0.8696923735376948
74.65032516258128	0.6716250706352498	0.8703385059158726
74.78339169584793	0.6722535229515448	0.8704465075792972
74.91645822911455	0.67344526957103	0.8696946074466039
75.04952476238118	0.6732857434522544	0.8692801581730215
75.18259129564782	0.6732159394046777	0.869284136788282
75.31565782891445	0.6739633904979148	0.8685315893336896
75.44872436218108	0.6738066043037283	0.8687949836955637
75.58179089544772	0.6732346467913963	0.8682083395100952
75.71485742871435	0.6729940902436112	0.8684537201692917
75.84792396198098	0.6729014026994903	0.8680124733018278
75.98099049524762	0.6734449714618385	0.8667085323323278
76.11405702851425	0.673440356595403	0.8648499894071237
76.24712356178088	0.6741107267262343	0.864555446660557
76.38019009504752	0.6743924425610659	0.8657638408627204
76.51325662831415	0.6745844690012034	0.8657406837091999
76.6463231615808	0.6753099274371559	0.8641870914452535
76.77938969484742	0.675707111455981	0.8631748297640234
76.91245622811405	0.6752838281646536	0.8631345073349858
77.0455227613807	0.6762638407589869	0.8642640513135814
77.17858929464732	0.6767631797407531	0.8638096843022217
77.31165582791395	0.6775956285674669	0.8641060081406022
77.4447223611806	0.6775806777985848	0.8646017158760914
77.57778889444722	0.678037625653718	0.8655542136229025
77.71085542771385	0.677556498670854	0.8644138531140746
77.8439219609805	0.6776283061961466	0.8640800099859892
77.97698849424712	0.67759043609665	0.8648991511738403
78.11005502751375	0.6780587851082565	0.8642105601530693
78.2431215607804	0.679386202201531	0.8643164756978762
78.37618809404702	0.6794440482747036	0.8650546086807019
78.50925462731365	0.678846149034218	0.8658245821046228
78.6423211605803	0.6800053751860607	0.8655696837277416
78.77538769384692	0.6810954082639789	0.8650596829039611
78.90845422711355	0.6819515180393876	0.8652010818901087
79.0415207603802	0.6813249338957283	0.8658584528475011
79.17458729364682	0.6820513216850881	0.8670249501036338
79.30765382691345	0.6829505775915986	0.8663715343804449
79.4407203601801	0.6825615155764824	0.8662822789867124
79.57378689344672	0.6828571687780755	0.8650257956527508
79.70685342671335	0.6834919028799976	0.863116372873843
79.83991995998	0.6848983863373777	0.8627792360625198
79.97298649324662	0.6845570680486373	0.8619183082053378
80.10605302651325	0.6845680888184081	0.8615944382861129
80.2391195597799	0.6848889334374333	0.8612841217979677
80.37218609304652	0.6859611821644204	0.8600896098225784
80.50525262631315	0.6862745263969425	0.8602990690177285
80.6383191595798	0.6868435123951692	0.8611454693905208
80.77138569284642	0.687603165094667	0.8614639145457332
80.90445222611305	0.6875231259276723	0.8616011116565343
81.0375187593797	0.6878161692770876	0.8629641325270729
81.17058529264632	0.6876870925570105	0.8631284588050182
81.30365182591295	0.6878724172825231	0.863179726618284
81.4367183591796	0.6893907392819008	0.8635494986436261
81.56978489244622	0.6894320494379593	0.8625359671520879
81.70285142571285	0.6894342866894752	0.8623888227701014
81.8359179589795	0.689431495725188	0.8608904165732019
81.96898449224612	0.6896885165354426	0.8610722626658425
82.10205102551275	0.6898075788864652	0.8621124115661749
82.2351175587794	0.6906138439400082	0.8617738979180823
82.36818409204602	0.6917153929495077	0.8615490654306295
82.50125062531265	0.6919483807143388	0.8607941023731513
82.6343171585793	0.6925092299955763	0.8619040305483358
82.76738369184592	0.6919482507144518	0.8615389399676479
82.90045022511255	0.6916852743830961	0.8604123153557819
83.03351675837919	0.6911570412797277	0.8597225862482946
83.16658329164582	0.6906423316405655	0.8598997781590808
83.29964982491245	0.6909431473512173	0.8606159177753818
83.43271635817909	0.6920935467890925	0.8604718231617617
83.56578289144572	0.6926080150322502	0.859329201001519
83.69884942471235	0.693064557412609	0.8579700638977292
83.83191595797899	0.6931209997642651	0.8578012350875047
83.96498249124562	0.6926198238487954	0.8577696196067135
84.09804902451225	0.6911972189322758	0.8576141892919779
84.23111555777889	0.6911841113910959	0.8570651627367021
84.36418209104552	0.6910524342371971	0.8580669337385511
84.49724862431215	0.6913140372316132	0.8578364622612529
84.63031515757879	0.6929767400933855	0.8565587834266052
84.76338169084542	0.6938523854517203	0.855886643993592
84.89644822411205	0.6944941346305434	0.8554602797873978
85.02951475737869	0.6939731625786496	0.8547626828843224
85.16258129064532	0.6935584160246688	0.8554199670485132
85.29564782391195	0.693675883159897	0.8561094959692669
85.42871435717859	0.6937333368543862	0.8562369977200313
85.56178089044522	0.6937793836157244	0.8562451307506677
85.69484742371185	0.6940568940186556	0.8554927595652879
85.82791395697849	0.6950226795135267	0.8558821247047893
85.96098049024512	0.6953711066983587	0.8563237039347288
86.09404702351175	0.694344632873892	0.8543759993132386
86.22711355677839	0.6945175862435643	0.8532377458950478
86.36018009004502	0.6956038814920461	0.8536560668775631
86.49324662331165	0.6959110114643514	0.8544914258347365
86.62631315657829	0.6960446061703255	0.8540205428130561
86.75937968984492	0.695439470599078	0.8531898713537099
86.89244622311155	0.6957894871456592	0.8531803551673608
87.02551275637819	0.695992547185816	0.852358141307738
87.15857928964482	0.6968155736936232	0.8527734185188799
87.29164582291145	0.6975957899782026	0.8516895736540152
87.42471235617809	0.6978116381118047	0.8508192962984266
87.55777888944472	0.6972241686921844	0.8511210393896637
87.69084542271135	0.6966221055625794	0.8522602124141478
87.82391195597799	0.6972509075986673	0.8532515086782614
87.95697848924462	0.6974537479241578	0.8524503880283203
88.09004502251125	0.6970298009510407	0.8522808563793144
88.22311155577789	0.6976902423955339	0.8531766074504811
88.35617808904452	0.6984196806324308	0.8533715781755511
88.48924462231115	0.6979017448677345	0.8533692170735826
88.62231115557779	0.6993355497628868	0.8530472783609535
88.75537768884442	0.7002009867435028	0.85317191252071
88.88844422211105	0.7009776006416977	0.8532934115509059
89.02151075537769	0.6994689758820496	0.8523344232285124
89.15457728864432	0.6989219493709323	0.8536349479779999
89.28764382191095	0.699336286960309	0.8535009343029248
89.42071035517759	0.699916736613492	0.852792432445402
89.55377688844422	0.6999139435669762	0.8519407646784679
89.68684342171085	0.6992505929531084	0.851373698910358
89.81990995497749	0.6990922940434666	0.8513994004528455
89.95297648824412	0.6994262865980239	0.8511193582366264
90.08604302151075	0.699931072556043	0.8515495134632135
90.21910955477739	0.6992772128827502	0.8521859951682369
90.35217608804402	0.6996397296128424	0.8520992335926098
90.48524262131065	0.7009646945979662	0.8509735701726013
90.61830915457729	0.7021497001914321	0.8515859630981342
90.75137568784392	0.702166410579089	0.8514396852866036
90.88444222111055	0.7026574997547722	0.8518224551290022
91.01750875437719	0.7023900042445462	0.8519011366847057
91.15057528764382	0.7020970554947451	0.8526691324607588
91.28364182091045	0.7005706308434754	0.85350686999326
91.41670835417709	0.7008333092715348	0.8531528670167234
91.54977488744372	0.7008001280188337	0.8534821281612446
91.68284142071035	0.6997494545770366	0.8526243584888702
91.81590795397699	0.6998536772458029	0.8528798460115122
91.94897448724362	0.7001040972405735	0.8529234781501098
92.08204102051025	0.6999293737872829	0.852304511847611
92.21510755377689	0.700278668803408	0.8512032804167367
92.34817408704352	0.7002379719611648	0.8506454112484699
92.48124062031015	0.699465856189761	0.8507029618968546
92.61430715357679	0.699282568265737	0.8512489774079364
92.74737368684342	0.7000195590026668	0.8523049342358865
92.88044022011005	0.7006601773689588	0.8533431271639054
93.01350675337669	0.7007144329529073	0.8536400829831526
93.14657328664332	0.701149104820797	0.8530852119322374
93.27963981990995	0.700066050993955	0.8530153918579793
93.41270635317659	0.7004252779536639	0.8522098928384304
93.54577288644322	0.70005526968565	0.8510578191144978
93.67883941970985	0.6994275794611209	0.8509585718385101
93.81190595297649	0.6995237897364364	0.850860957213039
93.94497248624312	0.7009620246243476	0.850579582618412
94.07803901950976	0.7033159882534096	0.8504733783232937
94.21110555277639	0.7044878864664201	0.8499054724697193
94.34417208604302	0.7054798171177546	0.8480745177907768
94.47723861930966	0.7055246125943774	0.8473136589929663
94.61030515257629	0.7049350762769641	0.8465461160976256
94.74337168584292	0.7058173120303501	0.8465947753141985
94.87643821910956	0.7056383664683743	0.8467900389727868
95.00950475237619	0.706434348723683	0.8472612024749937
95.14257128564282	0.7062210989877332	0.8470138985656803
95.27563781890946	0.7064211285596625	0.8461716989380905
95.40870435217609	0.7074388376437686	0.8447994378302268
95.54177088544272	0.707124369880754	0.8442844210675701
95.67483741870936	0.7061734654657599	0.8445422750697706
95.80790395197599	0.7064878877042222	0.8444811706700028
95.94097048524262	0.7066417709173496	0.8447169032339455
96.07403701850926	0.7070120334664384	0.8460015183976014
96.20710355177589	0.7076235792408294	0.8469639789055664
96.34017008504252	0.7073122486278469	0.8457630004764742
96.47323661830916	0.7073839582052636	0.844035751363787
96.60630315157579	0.7078267008803573	0.8446030777144496
96.73936968484242	0.7075936829459916	0.8441431457872912
96.87243621810906	0.7079160607403896	0.8434167186959108
97.00550275137569	0.7077347513717476	0.8435994727209666
97.13856928464232	0.7072767448925654	0.8436697843012732
97.27163581790896	0.7068806507299099	0.8452815963932052
97.40470235117559	0.7072962246144713	0.8441911610977434
97.53776888444222	0.7075264570797304	0.8429694372340181
97.67083541770886	0.7080372036315496	0.8440716123843883
97.80390195097549	0.707883226943773	0.8444638597940675
97.93696848424212	0.7081403611143158	0.8451753717577767
98.07003501750876	0.7091182021314345	0.8452358723542392
98.20310155077539	0.7081660772013485	0.8443693155958417
98.33616808404201	0.7084478367423768	0.8446845231153496
98.46923461730866	0.7078912365617409	0.8449380922084443
98.60230115057529	0.7083121597051225	0.8444251975460539
98.73536768384191	0.708862164408577	0.8446681640610424
98.86843421710856	0.7085558675688567	0.8457013235943163
99.00150075037519	0.7084470760167303	0.8452263158879942
99.13456728364181	0.709100661234398	0.8442209022349412
99.26763381690846	0.7102437901095627	0.8439100605472823
99.40070035017509	0.7104936314399494	0.8428730925588099
99.53376688344171	0.709836212945435	0.8414242332000474
99.66683341670836	0.7108921305350153	0.8419080551237536
99.79989994997499	0.7117268844363729	0.8421276089405636
99.93296648324161	0.7105649961492334	0.842073222536074
100.06603301650826	0.7103881538287747	0.8419500586943669
100.19909954977489	0.7107419084801948	0.840796732414954
100.33216608304151	0.7103990338597692	0.8402460315260367
100.46523261630816	0.7119575073033982	0.8408055605683283
100.59829914957479	0.7120164396330315	0.8417136977380998
100.73136568284141	0.7108999732549809	0.8422100515142011
100.86443221610806	0.7097049264144095	0.8413657452188832
100.99749874937469	0.7108784259285723	0.8395298250173598
101.13056528264131	0.7106837399832722	0.8391764619429158
101.26363181590796	0.7104422891649221	0.8389940645726457
101.39669834917459	0.710494120187935	0.83863744704395
101.52976488244121	0.7099135462028869	0.8386149651454028
101.66283141570786	0.7109805790755394	0.8379680536623394
101.79589794897448	0.7118995400967253	0.8371048849457106
101.92896448224111	0.7128526834454211	0.8373403664516722
102.06203101550776	0.7144019794905695	0.8373553974561401
102.19509754877438	0.7143661935015594	0.8371574504443856
102.32816408204101	0.7138161048162784	0.8367535834059353
102.46123061530766	0.713933126400375	0.836282072364756
102.59429714857428	0.7142031221437178	0.8365461886833937
102.72736368184091	0.7141414164456918	0.8365024174857666
102.86043021510756	0.7142557723111869	0.836638205140146
102.99349674837418	0.7142054020769637	0.8370692281411505
103.12656328164081	0.7139882119884652	0.8374543634037904
103.25962981490746	0.7126431409502904	0.8364440867216658
103.39269634817408	0.7111910293295521	0.8365115213981044
103.52576288144071	0.710518322343685	0.8364810665540614
103.65882941470736	0.7113205994684351	0.8374607304461995
103.79189594797398	0.7110274868511756	0.8371295139003874
103.92496248124061	0.7110133132974965	0.8370444018566774
104.05802901450726	0.7117840300897152	0.8381734162850519
104.19109554777388	0.7130179343556325	0.8385740121384779
104.32416208104051	0.7130671569939473	0.8368714030437542
104.45722861430716	0.7134169927011902	0.8363425983137206
104.59029514757378	0.7132583473817709	0.8373571011420514
104.72336168084041	0.712724906521099	0.8383355016384714
104.85642821410705	0.7114285915172729	0.8382206022854639
104.98949474737368	0.7109802770427814	0.8373817495139546
105.12256128064031	0.7106434569322009	0.8373981729633051
105.25562781390695	0.7108290889243974	0.8387876217047071
105.38869434717358	0.7111067612842282	0.8388304007733179
105.52176088044021	0.7099655741895172	0.8382714685752352
105.65482741370685	0.7086671676070236	0.8381038076313128
105.78789394697348	0.7082087189871547	0.8389226421725898
105.92096048024011	0.7077115091821331	0.8385302550365996
106.05402701350675	0.7081366106271395	0.8387446695748642
106.18709354677338	0.707973601647494	0.8395641105537985
106.32016008004001	0.7083544158543065	0.8377447151018839
106.45322661330665	0.7081811457638193	0.8362425105079175
106.58629314657328	0.707951676752223	0.8376484368309889
106.71935967983991	0.7086533974125037	0.836869374236539
106.85242621310655	0.7092241832145214	0.8358118514632094
106.98549274637318	0.7106362813931302	0.8352124027289807
107.11855927963981	0.7109387575768222	0.8339736413018978
107.25162581290645	0.7116257680199852	0.8342298778211886
107.38469234617308	0.7129096816307673	0.8331143132806135
107.51775887943971	0.712668358685502	0.8330791275688813
107.65082541270635	0.7121555134052501	0.8330189118877843
107.78389194597298	0.712486790318181	0.8323192663711809
107.91695847923961	0.7123734557349659	0.8327981500224103
108.05002501250625	0.713068384170945	0.8327703007964927
108.18309154577288	0.7135352327470819	0.8318432869343068
108.31615807903951	0.7130235288581706	0.8319774155801891
108.44922461230615	0.7145346946017234	0.8308897172347526
108.58229114557278	0.7156555038084977	0.8297001497003804
108.71535767883941	0.7153232189433872	0.8300603901423316
108.84842421210605	0.7156103088827989	0.8309972057622433
108.98149074537268	0.7159030525388512	0.8302660388239016
109.11455727863931	0.7152490908534711	0.8299423063306476
109.24762381190595	0.7155168378223706	0.8298002416137524
109.38069034517258	0.7157166519807684	0.8284205483407163
109.51375687843921	0.715381069709979	0.8278967123518722
109.64682341170585	0.7162351088284381	0.8279767440107492
109.77988994497248	0.7166966385593391	0.8275004883119343
109.91295647823911	0.7174142757507795	0.8271635278287032
110.04602301150575	0.7179460471701151	0.8282880091204
110.17908954477238	0.7186123688431982	0.8291838506345091
110.31215607803901	0.7185590231161286	0.8288313376626197
110.44522261130565	0.7183837353929722	0.8277056959970941
110.57828914457228	0.7187493734440705	0.8278074338821308
110.71135567783892	0.7187247918761518	0.8282462065130202
110.84442221110555	0.7182739511801284	0.8275107673689244
110.97748874437218	0.718055874682903	0.8277061541160766
111.11055527763882	0.7182542894355132	0.8283529767291519
111.24362181090545	0.7180521788359794	0.8288299239844255
111.37668834417208	0.7170048294902602	0.8289340351891472
111.50975487743872	0.7173408531615718	0.8294178275605628
111.64282141070535	0.7166390913349796	0.8300716420763191
111.77588794397198	0.7143915305276477	0.8295218378295567
111.90895447723862	0.7148888904434118	0.8287373066369419
112.04202101050525	0.7157014928253692	0.8287254140736697
112.17508754377188	0.7150844109959884	0.8287437670151221
112.30815407703852	0.7153934566072734	0.8288131398262499
112.44122061030515	0.7154273279103265	0.8281634003125222
112.57428714357178	0.7152599933579596	0.8293688718537157
112.70735367683842	0.7157394296677224	0.8300509943378263
112.84042021010505	0.715658882361301	0.828658165960443
112.97348674337168	0.7149842738251743	0.8275323092368685
113.10655327663832	0.7136750159801962	0.8272802125738183
113.23961980990495	0.7135040660104515	0.8275656555367937
113.37268634317158	0.7155878707865552	0.8278618632001903
113.50575287643822	0.7163838307336658	0.8283568232974082
113.63881940970485	0.715685893610968	0.8283014986869845
113.77188594297148	0.7156043440643706	0.8283966814679287
113.90495247623812	0.7164892468501021	0.8288577381960025
114.03801900950475	0.7159143589628796	0.8282456095747923
114.17108554277138	0.715354012875004	0.8287768760445855
114.30415207603802	0.7152711800020587	0.8289875427902891
114.43721860930465	0.7145606026888777	0.829112822484545
114.57028514257128	0.7147426346714397	0.8302746227012304
114.70335167583792	0.714353961589093	0.8310037388439422
114.83641820910455	0.7138058986591337	0.8310055385552574
114.96948474237118	0.7138410136523706	0.8298745386365843
115.10255127563782	0.7145715408009493	0.8293674749815312
115.23561780890445	0.7144967059103584	0.8294026427719309
115.36868434217108	0.7152459097899186	0.8289326472111866
115.50175087543772	0.716791082335562	0.8284195543297967
115.63481740870435	0.7161968049923791	0.8281083170721495
115.76788394197098	0.7168064721706219	0.827387543516572
115.90095047523762	0.7173008699266065	0.8281253561770715
116.03401700850425	0.7175031046409631	0.8280884248284756
116.16708354177088	0.7181666967273698	0.8277180840527412
116.30015007503752	0.7174666455143237	0.8278889371348055
116.43321660830415	0.7179978286565154	0.8267025615103728
116.56628314157078	0.7180292743041322	0.8259776211066695
116.69934967483742	0.7186711081317974	0.8258898102531915
116.83241620810405	0.7198718777734098	0.8262981820565615
116.96548274137068	0.7184490686890539	0.8257206251418809
117.09854927463732	0.7179972406367444	0.8245913610461798
117.23161580790395	0.7187118917832452	0.823718243242228
117.36468234117058	0.719055748954157	0.8226990096096062
117.49774887443722	0.7193849443229159	0.8228839324195081
117.63081540770385	0.7188400542067466	0.8230629481442479
117.76388194097048	0.7174539608946883	0.8231934279137826
117.89694847423712	0.7172369478589591	0.824113703062137
118.03001500750375	0.71802327386678	0.8248274819011543
118.16308154077038	0.7176435820672401	0.8241016036157517
118.29614807403702	0.7173268251266165	0.8235572778166208
118.42921460730365	0.7180797510218133	0.8236104781966319
118.56228114057028	0.7188035326278399	0.8240356677153949
118.69534767383692	0.7190167252255958	0.8236658840564461
118.82841420710355	0.718805503160959	0.8236410530074466
118.96148074037018	0.7190500473020486	0.824000481671794
119.09454727363682	0.7187634126538638	0.8225789273576828
119.22761380690345	0.7187566771129013	0.8217012166374442
119.36068034017008	0.7188635387424551	0.821338753392878
119.49374687343672	0.7184846173255783	0.8225167789085267
119.62681340670335	0.7188285352471191	0.8239926847733084
119.75987993996998	0.7191265716579222	0.8239714640056963
119.89294647323662	0.7185000411830318	0.8217975185750321
120.02601300650325	0.7187931800481386	0.820162441920016
120.15907953976988	0.7197138639033005	0.820403541066387
120.29214607303652	0.7199024638851779	0.8202143879072651
120.42521260630315	0.7202220101116613	0.8202173647843369
120.55827913956978	0.7204716858035466	0.8205957424914002
120.69134567283642	0.7204306543662625	0.8199788666303784
120.82441220610305	0.7203053014865748	0.8188214778571438
120.95747873936968	0.7204360212680125	0.817947146138832
121.09054527263632	0.7208064957882354	0.8187499544040823
121.22361180590295	0.7211594224805623	0.8193396472446538
121.35667833916958	0.7219177452251573	0.8187007915356487
121.48974487243622	0.7217394131673115	0.8172492383056988
121.62281140570285	0.7205495813739683	0.8169518389751774
121.75587793896948	0.7201999674097704	0.818002128807055
121.88894447223612	0.72139634794443	0.8179567190363254
122.02201100550275	0.7224765314058073	0.818020496952191
122.15507753876938	0.7218408007161403	0.8180240411956143
122.28814407203602	0.7210499678967002	0.8167969616600259
122.42121060530265	0.7207990098466807	0.8168309568425118
122.55427713856928	0.7203548810042036	0.8177139316836847
122.68734367183592	0.7202419344888167	0.8183994505129868
122.82041020510255	0.7204576202952835	0.8175310049185264
122.95347673836918	0.7205709016261242	0.816193551069775
123.08654327163582	0.7199751827652378	0.8152087917808756
123.21960980490245	0.7192770035715864	0.815782023742649
123.35267633816908	0.7179000145054858	0.8171066656136312
123.48574287143572	0.7188066839336237	0.817237163139554
123.61880940470235	0.7194819827052439	0.8172252845455475
123.75187593796898	0.7202381687071802	0.8176570984711876
123.88494247123562	0.7208826441821553	0.8179073220619101
124.01800900450225	0.7200552124759597	0.8180941552977127
124.15107553776888	0.7205309697146104	0.818315808775969
124.28414207103552	0.7211787063214719	0.818499824839292
124.41720860430215	0.7212408823612811	0.8188097225538393
124.55027513756878	0.7207225530520105	0.8185963747215022
124.68334167083542	0.7201954224943213	0.8173587032251322
124.81640820410205	0.7203662798748904	0.8173097409209804
124.94947473736867	0.7206757257021574	0.8180214697470186
125.08254127063532	0.7190239294352965	0.8176548877407677
125.21560780390195	0.7185106559923435	0.8170633511639226
125.34867433716857	0.7188095300048958	0.8178651751464652
125.48174087043522	0.7181320224141957	0.8186783423981154
125.61480740370185	0.7176065672325946	0.8185781375880167
125.74787393696847	0.7177420652499666	0.817800847860336
125.88094047023512	0.7182590788392043	0.817613860344551
126.01400700350175	0.7179425442063563	0.8190524830356363
126.14707353676837	0.7167742123989419	0.8196417486289469
126.28014007003502	0.7163775773609982	0.8189061637216978
126.41320660330165	0.7168607876981478	0.8179437546559725
126.54627313656827	0.7170531521333654	0.8182770579763152
126.67933966983492	0.7173639685290113	0.8183909715832499
126.81240620310155	0.717893189921928	0.8179404751468003
126.94547273636817	0.7173547551331808	0.8181295033614
127.07853926963482	0.7164848756718004	0.818057563494021
127.21160580290145	0.7167853116861984	0.8179044803408695
127.34467233616807	0.7168574895598805	0.8179598040715205
127.47773886943472	0.7163134426472854	0.8173737585074627
127.61080540270135	0.7163622963217682	0.8168551637093097
127.74387193596797	0.7165018637315456	0.8164577599126985
127.87693846923462	0.7163642549428412	0.8171661750502078
128.01000500250126	0.7168695532146265	0.8175211462892462
128.1430715357679	0.7178505770626183	0.817046527465961
128.27613806903452	0.718752299179974	0.8176910466791761
128.40920460230114	0.7186144671181554	0.8178822027115112
128.54227113556777	0.7186881298627897	0.8165041895591457
128.6753376688344	0.7184580867762719	0.814586831123379
128.80840420210106	0.7179574143379494	0.8144166208322955
128.9414707353677	0.7188287728303789	0.8146647469617926
129.07453726863432	0.7196507567993703	0.8140750873192582
129.20760380190094	0.7207797165301301	0.8137342157499857
129.34067033516757	0.7207139770583594	0.8135260227980293
129.4737368684342	0.7200659706291418	0.8136855442103492
129.60680340170086	0.721095447466496	0.8137257538078616
129.7398699349675	0.7211769108702246	0.8142151755224627
129.87293646823412	0.7211793058383206	0.8152161267117798
130.00600300150074	0.7206558116290654	0.8154477445197362
130.13906953476737	0.7201956459699119	0.815673848272353
130.272136068034	0.7205584098599603	0.8165027727358369
130.40520260130066	0.7208801422899902	0.8162379867520849
130.5382691345673	0.7205001786645829	0.8154058904153457
130.67133566783392	0.7202354260031553	0.8151228886639265
130.80440220110054	0.7206858040996439	0.8144054325628447
130.93746873436717	0.7199267192840303	0.8130189408158268
131.0705352676338	0.7199293236231584	0.8134032358941792
131.20360180090046	0.7201361924972157	0.8144054077457611
131.3366683341671	0.7201783272651475	0.8146792514526654
131.46973486743371	0.7204326669042557	0.8145002471379673
131.60280140070034	0.72067279877584	0.8134340701935825
131.73586793396697	0.7205548038658527	0.8128717874394127
131.8689344672336	0.719517470732563	0.8130660878365632
132.00200100050026	0.7196699639903009	0.813759800070761
132.1350675337669	0.7205162575738576	0.8140474750912867
132.26813406703351	0.7201254094275468	0.8133070282928311
132.40120060030014	0.7198450494750153	0.8124969834385629
132.53426713356677	0.7200397475744784	0.8118830495391021
132.6673336668334	0.7199156161521597	0.8108705730376581
132.80040020010006	0.720449365490416	0.809651196814334
132.93346673336669	0.7204939332980682	0.8087772008820393
133.06653326663331	0.7208835856700556	0.8093085275974596
133.19959979989994	0.7214961523835678	0.8093629419857916
133.33266633316657	0.7209044827640371	0.809198718492275
133.4657328664332	0.7205638713125374	0.809217417754728
133.59879939969986	0.7211074931962711	0.8092088015514697
133.73186593296649	0.7210156062353869	0.8090402849973526
133.8649324662331	0.7202186910594739	0.808128599142818
133.99799899949974	0.7203663414899536	0.8079852753994542
134.13106553276637	0.7202864150971072	0.8079095151704644
134.264132066033	0.7196710481858278	0.8069483127866275
134.39719859929966	0.7200502813372758	0.8068103833553406
134.53026513256629	0.7203220833826073	0.8074155334647765
134.6633316658329	0.7195294009988825	0.8070073413477398
134.79639819909954	0.719126231214303	0.8061105288389964
134.92946473236617	0.7192157224495537	0.8063982635470629
135.0625312656328	0.7193541438834268	0.8065689983270865
135.19559779889946	0.7202486446612627	0.8055149603183291
135.32866433216608	0.7205861448177283	0.8055055743293865
135.4617308654327	0.7201291725407306	0.8055254553824714
135.59479739869934	0.72080587191764	0.8051281463974549
135.72786393196597	0.7215424854588977	0.804877790020756
135.8609304652326	0.722418788413555	0.805251200357408
135.99399699849926	0.7222380486293286	0.8058447778733282
136.12706353176588	0.7214822648232967	0.8063326745747814
136.2601300650325	0.7213667028788022	0.806668838197416
136.39319659829914	0.7200496520635772	0.8060546900669701
136.52626313156577	0.7186970505775266	0.8049524342664153
136.65932966483243	0.7181067361331831	0.8042675773772691
136.79239619809906	0.7172702892629621	0.8032166478849767
136.92546273136568	0.7171588619536721	0.8030482031555537
137.0585292646323	0.7178220103881808	0.8041386853050957
137.19159579789894	0.7185014213473705	0.8041721484345828
137.32466233116557	0.7179206874645172	0.8044804328174463
137.45772886443223	0.7169507532657916	0.8043779714409713
137.59079539769886	0.7171474635224275	0.8039348951827696
137.72386193096548	0.7168203085063719	0.8037254965448558
137.8569284642321	0.7169246789627943	0.8029314237010722
137.98999499749874	0.717067976885991	0.8038062895041024
138.12306153076537	0.7171214878639284	0.8044878924251406
138.25612806403203	0.7177319069562437	0.8041115623153714
138.38919459729865	0.7186965990851978	0.8029468188381435
138.52226113056528	0.7196827355539487	0.8019484391542439
138.6553276638319	0.719529825822909	0.8028853071705916
138.78839419709854	0.7185114563325201	0.8031842806408248
138.92146073036517	0.7185829223596125	0.8035854716966748
139.05452726363183	0.7182767465222529	0.8039963121674322
139.18759379689845	0.7167695112231361	0.8034650515797935
139.32066033016508	0.715454862279899	0.8023622622146639
139.4537268634317	0.7144892126193693	0.8027097256936317
139.58679339669834	0.7157727814257732	0.8031152633536809
139.71985992996497	0.7153429693001738	0.8031284732133803
139.85292646323163	0.7143060623161168	0.8028075181847887
139.98599299649825	0.7152864022933426	0.8010653507803224
140.11905952976488	0.7168099523518283	0.8010311864405278
140.2521260630315	0.7172961496913643	0.8019678060762178
140.38519259629814	0.717168697851911	0.8020943455573057
140.51825912956477	0.7174387007726286	0.8020978346167223
140.65132566283143	0.7174384634818939	0.8021581260172046
140.78439219609805	0.7176473182194674	0.8022364478846654
140.91745872936468	0.7178815279194656	0.8022308826717525
141.0505252626313	0.7185538479855155	0.8016832645496234
141.18359179589794	0.7191144134455713	0.8003050283152056
141.31665832916457	0.7195006379069259	0.7999427090207534
141.44972486243122	0.7195716215378684	0.8005366382729935
141.58279139569785	0.7199473498313536	0.7997825346997561
141.71585792896448	0.718775361569157	0.7996043905857818
141.8489244622311	0.719370444950018	0.7999806496405764
141.98199099549774	0.7199956398352605	0.7983258945649343
142.11505752876437	0.7193464412951706	0.7975828001046759
142.24812406203102	0.7199424218963867	0.7969110093878609
142.38119059529765	0.7192998089545408	0.7960627600450179
142.51425712856428	0.7183149079151	0.7960775505319831
142.6473236618309	0.7176351776214864	0.7974484808611114
142.78039019509754	0.7175850596039615	0.798490203730384
142.91345672836417	0.7183646060950313	0.7985188720230288
143.04652326163082	0.7183752085326099	0.7979273798290368
143.17958979489745	0.7176703393296274	0.7975839724232519
143.31265632816408	0.7177297840966866	0.797194313254381
143.4457228614307	0.7173443636813907	0.7971824248675431
143.57878939469734	0.7169696146198966	0.7976817712856926
143.71185592796397	0.716079218167783	0.7978047362103492
143.84492246123062	0.7157598870881544	0.7983571327130495
143.97798899449725	0.7167326637833042	0.7985967956148263
144.11105552776388	0.7172924491424761	0.7988346773115879
144.2441220610305	0.7168505460327699	0.7986620212934642
144.37718859429714	0.7160499422073889	0.798830680996422
144.51025512756377	0.7162606296864701	0.7994579936929727
144.64332166083042	0.7168634202388299	0.7998294725781111
144.77638819409705	0.7170437067190817	0.7999026302331789
144.90945472736368	0.7167696328434584	0.7983319360293082
145.0425212606303	0.716242614179292	0.7976225250259839
145.17558779389694	0.7158227096561672	0.7986052994808905
145.30865432716357	0.7157732351333372	0.7984807724257568
145.44172086043022	0.716242485451626	0.7988627760483025
145.57478739369685	0.7162727218002864	0.7995600235150112
145.70785392696348	0.7153927768372581	0.797987121613193
145.8409204602301	0.7151481542652901	0.7972009732212314
145.97398699349674	0.7154216275812463	0.7963790513080022
146.10705352676337	0.7162875590508219	0.7954532791958666
146.24012006003002	0.716636179503796	0.7950781549127068
146.37318659329665	0.7158644207629818	0.7947664488939267
146.50625312656328	0.715284816023774	0.7951893035846244
146.6393196598299	0.7142108720793412	0.7954137179679337
146.77238619309654	0.7136494080379806	0.7958791684744987
146.90545272636317	0.7140044164347636	0.7958614778710728
147.03851925962982	0.7136788232361347	0.7958592252696723
147.17158579289645	0.7138292702024593	0.795293789961934
147.30465232616308	0.7136172693907956	0.795249422317416
147.4377188594297	0.7132808103793147	0.7948631267118685
147.57078539269634	0.712706913786384	0.7940141567178362
147.70385192596297	0.7128266196188924	0.7934036433880552
147.83691845922962	0.7127080923708388	0.7932806543532258
147.96998499249625	0.7127317653390255	0.7933878020914344
148.10305152576288	0.7135784334226237	0.7932992897859681
148.2361180590295	0.7134890103933934	0.793238632176837
148.36918459229614	0.7137610211706368	0.7936508316337667
148.50225112556276	0.714360896305418	0.7941784311071045
148.63531765882942	0.7143925572137335	0.7941134944339565
148.76838419209605	0.7142374055688072	0.7939102630253531
148.90145072536268	0.7143227578065448	0.79328431424218
149.0345172586293	0.7144029604248028	0.7925482393747039
149.16758379189594	0.7152882532051963	0.79245669602879
149.30065032516256	0.715577232098957	0.7917751647069164
149.43371685842922	0.7143983194743135	0.7917470565041239
149.56678339169585	0.7145065061563851	0.7920045788842528
149.69984992496248	0.71622888412756	0.7903849084385373
149.8329164582291	0.7172192941490912	0.789196718841787
149.96598299149574	0.7166645789720032	0.7887307636992491
150.09904952476236	0.7160046289250934	0.7882045751095911
150.23211605802902	0.7160177446053123	0.7885820605279534
150.36518259129565	0.7151105242636233	0.7888339955529148
150.49824912456228	0.7146411463587271	0.7894098102145511
150.6313156578289	0.7143823555766274	0.7890770220402895
150.76438219109554	0.7142936451054516	0.7883528497439093
150.89744872436216	0.7144002629188836	0.7878871171866981
151.03051525762882	0.7143170447191537	0.7877090527684135
151.16358179089545	0.713479787906813	0.7885201073559557
151.29664832416208	0.7132107395708179	0.7893940376429757
151.4297148574287	0.7141574193097809	0.7890041924676229
151.56278139069533	0.7131246909706527	0.7891047587212178
151.69584792396196	0.7122212269034848	0.7898313669594053
151.82891445722862	0.7134468388644469	0.788551316477178
151.96198099049525	0.713727890426569	0.7864517738530937
152.09504752376188	0.7141581988408107	0.78601301935447
152.2281140570285	0.7140975360363045	0.7863677407661807
152.36118059029513	0.7138927184770403	0.7856532970712735
152.49424712356176	0.7142038652863468	0.7850790092561426
152.62731365682842	0.7135857282271446	0.7863410914022628
152.76038019009505	0.7126355416580217	0.7868525068408629
152.89344672336168	0.7126797902029192	0.7864372700222044
153.0265132566283	0.7115964486489174	0.787266527649057
153.15957978989493	0.7102117725595133	0.7883464166694051
153.2926463231616	0.7098626685833398	0.788321879909019
153.42571285642822	0.7098483768316746	0.7881018277157776
153.55877938969485	0.7096215816715392	0.7882467416986735
153.69184592296148	0.7089062721108351	0.7887327932638689
153.8249124562281	0.7088162171030723	0.7889364393025363
153.95797898949473	0.7082449311895508	0.788830615031569
154.0910455227614	0.7074974512283204	0.7893630433217587
154.22411205602802	0.7090832551496398	0.7903435171063131
154.35717858929465	0.7095180041858694	0.7898294770154276
154.49024512256128	0.7084002817444066	0.7895500819986245
154.6233116558279	0.707957739583921	0.7900243150788168
154.75637818909453	0.7077272501121327	0.7912498449109965
154.8894447223612	0.708029455913496	0.7914364693482018
155.02251125562782	0.7089861735885445	0.7912100820583624
155.15557778889445	0.7086896256762428	0.7904141421096494
155.28864432216108	0.7076378329103585	0.7895372683716058
155.4217108554277	0.7070554461773659	0.7903402168347722
155.55477738869433	0.7063550643365708	0.7901388443837806
155.687843921961	0.7072478443561189	0.7901233448837368
155.82091045522762	0.7078976322512676	0.7895857736534994
155.95397698849425	0.7069128059334313	0.7890149081837571
156.08704352176088	0.7060792336148518	0.7887717765816528
156.2201100550275	0.705985609701497	0.7879416647247475
156.35317658829413	0.705753058210155	0.7877924897601661
156.4862431215608	0.7054844111105952	0.7881819745425105
156.61930965482742	0.7064560442394122	0.7880605289579532
156.75237618809405	0.7067982774764953	0.7873406413543551
156.88544272136068	0.7060562652287216	0.7870388950341168
157.0185092546273	0.7072459164119044	0.7884565763973115
157.15157578789393	0.7076973535829102	0.788720296820887
157.2846423211606	0.7063319093868774	0.7881859014810587
157.41770885442722	0.7051577951675034	0.7886206765561226
157.55077538769385	0.7049566299880261	0.7883781329107421
157.68384192096048	0.7051531868656339	0.7878139722869226
157.8169084542271	0.7057981638709693	0.7889961445996078
157.94997498749373	0.7066523315940464	0.7889704118005428
158.0830415207604	0.7072204418665441	0.7874860258465105
158.21610805402702	0.7065659410980939	0.7874610378366771
158.34917458729365	0.7058667521894288	0.7875559558354741
158.48224112056027	0.7059521532695678	0.7856503133112819
158.6153076538269	0.7055276200679044	0.7854540560575325
158.74837418709353	0.7059374482140618	0.7862689398750887
158.8814407203602	0.7059639858137049	0.7859815636395286
159.01450725362682	0.7068968764309902	0.7862317040326169
159.14757378689345	0.7079152088108526	0.7869948332867869
159.28064032016007	0.7068801906901031	0.7876445958405262
159.4137068534267	0.7062128215528333	0.787690378416726
159.54677338669333	0.7058521194458917	0.788032735773715
159.67983991996	0.70536835676044	0.7881833709589465
159.81290645322662	0.7053286414998807	0.7886089808414037
159.94597298649325	0.7049366461850906	0.7881385079591332
160.07903951975987	0.7042744077723899	0.7872868740534619
160.2121060530265	0.7049647549423	0.7861020161503388
160.34517258629313	0.7045614112177643	0.7857191821262965
160.4782391195598	0.7046914626459808	0.7854133763815909
160.61130565282642	0.705518417554543	0.784771439339818
160.74437218609305	0.706081835934525	0.7864479132983925
160.87743871935967	0.7059753241656602	0.7866233549381988
161.0105052526263	0.7060446734379782	0.7863173032978142
161.14357178589293	0.7064897239584444	0.7857133440937084
161.2766383191596	0.7065646692333645	0.784755523404727
161.40970485242622	0.7065388432665626	0.7847210274345277
161.54277138569284	0.7057593799219973	0.78525457999078
161.67583791895947	0.70658029354244	0.785713910172823
161.8089044522261	0.7065543811686258	0.7841839853731869
161.94197098549273	0.705409461849011	0.7834580794243663
162.0750375187594	0.7055995577972668	0.7838327326600425
162.20810405202602	0.7053169271290136	0.7844116011975465
162.34117058529264	0.706089296808974	0.784468099687141
162.47423711855927	0.7057886662192926	0.7843734979736497
162.6073036518259	0.7054662769386869	0.7850344575655189
162.74037018509253	0.7057530149413218	0.7849665081745699
162.8734367183592	0.7057901098968978	0.7843291716865403
163.00650325162582	0.7052714950649189	0.7824677640752051
163.13956978489244	0.7047528680513094	0.7815195814457236
163.27263631815907	0.704355249486219	0.7816699954214252
163.4057028514257	0.7045735906762277	0.7814074314866983
163.53876938469233	0.7053468539026111	0.7824276275270055
163.671835917959	0.7056441705879422	0.782546110544914
163.80490245122562	0.7054440761537943	0.782247024959481
163.93796898449224	0.705443781226628	0.7818813168660134
164.07103551775887	0.7054704160352391	0.7810588515104445
164.2041020510255	0.7054532587916889	0.7806807451072165
164.33716858429213	0.7036665325612421	0.7787525968488609
164.4702351175588	0.7035561654096681	0.7774536209799081
164.60330165082541	0.7045386895966705	0.7779770809275985
164.73636818409204	0.7044351097020481	0.7780307133955264
164.86943471735867	0.704053255566452	0.7770499159982424
165.0025012506253	0.7036587548834398	0.7765300651865782
165.13556778389193	0.7037660455852897	0.7767054784098955
165.2686343171586	0.7020736194569842	0.776202309458806
165.40170085042521	0.701272090810288	0.7762078508629661
165.53476738369184	0.7021415215482995	0.7756207705263395
165.66783391695847	0.7027925594895221	0.7753972709839679
165.8009004502251	0.7029290977104714	0.775188189615585
165.93396698349173	0.7042937291779857	0.775211437813001
166.06703351675839	0.7048620255548168	0.7747723412562947
166.20010005002501	0.7057850064446576	0.7734921174458096
166.33316658329164	0.7062691281729961	0.7726730232468199
166.46623311655827	0.7061906813917593	0.773285948561319
166.5992996498249	0.7054050693859044	0.7748963398338402
166.73236618309153	0.7056849570698267	0.775567144750416
166.86543271635819	0.7054716471504794	0.7750131604856939
166.9984992496248	0.7049538981562561	0.7747926127450712
167.13156578289144	0.7058126024627199	0.77481494413338
167.26463231615807	0.7048022441010408	0.7746904722949448
167.3976988494247	0.7049342109185573	0.7740352708730758
167.53076538269133	0.705131632789272	0.7728935671865822
167.66383191595799	0.7048558024864187	0.773626682163852
167.7968984492246	0.706091144247588	0.7736563560518741
167.92996498249124	0.7064979325657311	0.7729504985761394
168.06303151575787	0.7060351063561308	0.7726374384099625
168.1960980490245	0.7053514173349318	0.7733387717624991
168.32916458229113	0.70429930129545	0.7732544950200497
168.46223111555778	0.7049296296941092	0.7731792737796886
168.5952976488244	0.7054677960250958	0.7737987232624823
168.72836418209104	0.7039350767417798	0.7733349685820781
168.86143071535767	0.7026468289098355	0.7726339235517826
168.9944972486243	0.7026647809062627	0.773637857711456
169.12756378189093	0.70292999736904	0.7737840222565959
169.26063031515758	0.7028552133325995	0.7737441772502067
169.3936968484242	0.7024652552788652	0.7743258528916148
169.52676338169084	0.7018523800956116	0.7740665693954538
169.65982991495747	0.7027617949203656	0.7748989032406863
169.7928964482241	0.7028273628100881	0.7741997945387661
169.92596298149073	0.7021364257021954	0.7735589567271104
170.05902951475738	0.7026443811455403	0.7735612785053909
170.192096048024	0.7032165993522019	0.7728683674766744
170.32516258129064	0.7023479695747349	0.7727243693594763
170.45822911455727	0.7024298258169757	0.7735839759089279
170.5912956478239	0.7030775089538019	0.7733914416200307
170.72436218109056	0.7021549667845159	0.77287162845506
170.85742871435718	0.7017115685595792	0.7715971125407809
170.9904952476238	0.7014225967608967	0.7714025412208126
171.12356178089044	0.7021215198394883	0.7726376535713213
171.25662831415707	0.7020711683380555	0.772371373292328
171.3896948474237	0.7022844969388524	0.7717859161328648
171.52276138069035	0.7036581761764306	0.7724331276714455
171.65582791395698	0.7039960687243618	0.773204287364301
171.7888944472236	0.7038367174034394	0.7729289791236869
171.92196098049024	0.7038632375395788	0.7723000321879397
172.05502751375687	0.7033798315561521	0.772241318377785
172.1880940470235	0.7034922125749646	0.7724727537722704
172.32116058029015	0.7028796448060911	0.7731029842386938
172.45422711355678	0.7022752676738327	0.7726396282852401
172.5872936468234	0.7023742785142371	0.7724901431941393
172.72036018009004	0.7024359458072873	0.771273217402209
172.85342671335667	0.703216043458365	0.769749254618482
172.9864932466233	0.7037118014715906	0.7691016603672161
173.11955977988995	0.7038632151141342	0.7693214331966527
173.25262631315658	0.7035607157461883	0.7691065719995988
173.3856928464232	0.7046093857264111	0.7681287830542631
173.51875937968984	0.7047752417871399	0.7681346459208981
173.65182591295647	0.7032022857003415	0.7688139667492009
173.7848924462231	0.7023968052180359	0.7695116954047497
173.91795897948975	0.7028982719953519	0.7694098470724703
174.05102551275638	0.7023262461555866	0.767894078099981
174.184092046023	0.7027359778188687	0.7671090035162393
174.31715857928964	0.701899982975553	0.7675305311062469
174.45022511255627	0.7013068603662248	0.7679717300074442
174.5832916458229	0.7011235019425708	0.7687252222932048
174.71635817908955	0.7008261139863314	0.7701167080111403
174.84942471235618	0.7007568547208608	0.7713835859914443
174.9824912456228	0.6997563062532186	0.7710891812202331
175.11555777888944	0.6996101530328904	0.770816874215251
175.24862431215607	0.6992236990540531	0.7706716251529558
175.3816908454227	0.6998102189945634	0.7700082120641368
175.51475737868935	0.6995937117086184	0.7706791464218049
175.64782391195598	0.6995993666520979	0.7709622379289247
175.7808904452226	0.6993192993874027	0.7700279625406611
175.91395697848924	0.6990648749985087	0.7704443058786067
176.04702351175587	0.6987426647920641	0.7710795152217826
176.1800900450225	0.6993686624716042	0.7714762566949568
176.31315657828915	0.6996306130158498	0.7720526693161974
176.44622311155578	0.6994001166032958	0.771398442954339
176.5792896448224	0.6995171576608565	0.7705096035221429
176.71235617808904	0.6997410561535081	0.7701392007444505
176.84542271135567	0.700218037233172	0.7709179713167638
176.9784892446223	0.7005625770278722	0.7716219153201742
177.11155577788895	0.6995374922612985	0.7708088174589273
177.24462231115558	0.6990576066410348	0.7695429258377603
177.3776888444222	0.6994930750765221	0.7691983018479895
177.51075537768884	0.6992956132037512	0.7690432201189569
177.64382191095547	0.6986652920152028	0.7690229625376749
177.7768884442221	0.6979108835517867	0.7683756813576085
177.90995497748875	0.6975579821729296	0.7673889347977547
178.04302151075538	0.6972853169952242	0.7677347499312283
178.176088044022	0.6972749658192078	0.7685727094554762
178.30915457728864	0.6965103605100964	0.7672843769701522
178.44222111055527	0.6967082478745714	0.7653808046670224
178.5752876438219	0.6970146962814697	0.765387688026549
178.70835417708855	0.6966303280032472	0.766253053548445
178.84142071035518	0.6975795446356541	0.766597747437049
178.9744872436218	0.6977767718930086	0.7675757624872677
179.10755377688844	0.6976938746954802	0.7672210394813472
179.24062031015507	0.6978156125330982	0.7670035125302297
179.3736868434217	0.697699568471818	0.7673549546502312
179.50675337668835	0.6987231012782508	0.7671687759775904
179.63981990995498	0.69855541576119	0.7676267987908414
179.7728864432216	0.6972422882548269	0.7676458431056995
179.90595297648824	0.6973357656535122	0.7679653023515556
180.03901950975487	0.6970493876031205	0.7677302328036069
180.1720860430215	0.6965670836445764	0.7677147909859465
180.30515257628815	0.6971870665338809	0.7691574954201252
180.43821910955478	0.6978381447557006	0.7673466593531025
180.5712856428214	0.6974257399926647	0.7666972063037606
180.70435217608804	0.6969596848812962	0.7665327361752386
180.83741870935467	0.6978915521878917	0.7662483857429258
180.9704852426213	0.6981621917844985	0.7657390128296074
181.10355177588795	0.6969839453860619	0.765082625840389
181.23661830915458	0.6972759503414816	0.7654048888600082
181.3696848424212	0.6972044266065923	0.7649765727668977
181.50275137568784	0.6972458586142456	0.7655996086975697
181.63581790895446	0.6975363118099172	0.7657420576327248
181.7688844422211	0.697414612837718	0.7665832989082964
181.90195097548775	0.6972495707605872	0.7658466713581479
182.03501750875438	0.6979219708184281	0.7657091154174086
182.168084042021	0.6970965883648741	0.764194934337596
182.30115057528764	0.6961445388268659	0.763995578985597
182.43421710855426	0.6964432076295943	0.7637887321642466
182.5672836418209	0.6961845959765033	0.7626739126937085
182.70035017508755	0.6966592639852109	0.761846430720944
182.83341670835418	0.6969610240768496	0.7618809441005627
182.9664832416208	0.6958427599814511	0.7622897906725629
183.09954977488744	0.6966796880629194	0.7620862959588598
183.23261630815406	0.6973967293092108	0.7619254518260045
183.3656828414207	0.6977464656043627	0.7624419847233033
183.49874937468735	0.6968189521516025	0.7619495105219644
183.63181590795398	0.6952594158866245	0.7625656152669604
183.7648824412206	0.6949849957248576	0.7633995042283865
183.89794897448724	0.6951416077478623	0.7636612884537487
184.03101550775386	0.6938719033595491	0.7626622521829244
184.1640820410205	0.6933067340235478	0.7628617895971026
184.29714857428715	0.692441235607421	0.7630701739075759
184.43021510755378	0.6925169622863907	0.7631674724366881
184.5632816408204	0.6921902264941625	0.763008125527045
184.69634817408703	0.6919911001196609	0.7628932211878279
184.82941470735366	0.693123076071414	0.7618839747437374
184.9624812406203	0.6933400794982282	0.7613164094565236
185.09554777388695	0.6924304543904674	0.7604448760352942
185.22861430715358	0.6927682507163275	0.7596667623816239
185.3616808404202	0.6926456345663434	0.7599132371298748
185.49474737368683	0.6928864443655264	0.7596148766267791
185.62781390695346	0.6927926617901448	0.7602655439328819
185.7608804402201	0.6930806423296262	0.7608746486651443
185.89394697348675	0.693218644486628	0.7617690763955424
186.02701350675338	0.692539076252018	0.7613626053175847
186.16008004002	0.6917131633282944	0.7598296586301563
186.29314657328663	0.691701662004677	0.759687632396887
186.42621310655326	0.6912789694071444	0.7601331051578124
186.5592796398199	0.6910921850435523	0.7596620556395465
186.69234617308655	0.6907535512507713	0.758672028623518
186.82541270635318	0.6906390320269141	0.758843700332772
186.9584792396198	0.690871370604629	0.758633672222039
187.09154577288643	0.6917330141217983	0.7582342183729975
187.22461230615306	0.6916104156772324	0.7578942751439641
187.3576788394197	0.6911564363607283	0.7577609852468681
187.49074537268635	0.6909510148705216	0.7575626431406792
187.62381190595298	0.691097976085201	0.757288813155664
187.7568784392196	0.691018425273075	0.7566634706238071
187.88994497248623	0.6895295777980427	0.7557998126517866
188.02301150575286	0.689201256842936	0.7549995988872785
188.15607803901952	0.6883282910263355	0.7560228891706033
188.28914457228615	0.6888843496968091	0.7564257798872734
188.42221110555278	0.6898819423922541	0.7570846837107639
188.5552776388194	0.6900301632070391	0.7583679995227595
188.68834417208603	0.6910158435040299	0.7582845809644647
188.82141070535266	0.6903293345090239	0.758538036251753
188.95447723861932	0.6900156618977891	0.7589254065871897
189.08754377188595	0.6895902678691616	0.7580829088823581
189.22061030515258	0.6898131925017364	0.756240983074824
189.3536768384192	0.6897327835275009	0.7550200384975283
189.48674337168583	0.6893036329702007	0.755073267232028
189.61980990495246	0.6903031926079175	0.7552738615791716
189.75287643821912	0.6902821663191501	0.7551949115075041
189.88594297148575	0.6897645124638094	0.7542043879479973
190.01900950475238	0.6898054694408555	0.7539828109017016
190.152076038019	0.6896739078555676	0.7547106813135994
190.28514257128563	0.6893720079522996	0.754642367979617
190.41820910455226	0.6889185912268911	0.755774001870207
190.55127563781892	0.6888550020742109	0.7568524556239514
190.68434217108555	0.6886759820036185	0.7557590098221363
190.81740870435218	0.6883434082512412	0.7552847602130797
190.9504752376188	0.68815856604577	0.7554187393412424
191.08354177088543	0.6888600669408607	0.7559372717692182
191.21660830415206	0.6886043955696024	0.7556973370770594
191.34967483741872	0.6887738185604477	0.7554319995759989
191.48274137068535	0.6879107202320638	0.7550147122923165
191.61580790395197	0.6879088571486108	0.7551601897806208
191.7488744372186	0.6866091924548635	0.7548148714575498
191.88194097048523	0.6866172653958803	0.7544218754679308
192.01500750375186	0.6871941378192252	0.7539266354698675
192.14807403701852	0.6859286909825612	0.7539079149130015
192.28114057028515	0.6844068813709868	0.7542614323050308
192.41420710355177	0.6855150062627864	0.7539218631591482
192.5472736368184	0.6861197484106809	0.753245766951905
192.68034017008503	0.6860080109468237	0.753790401798029
192.81340670335166	0.6871458659455625	0.7539428096445208
192.94647323661832	0.6871275413551382	0.7536234927685228
193.07953976988495	0.6867020761643503	0.7518425509447166
193.21260630315157	0.686445763368927	0.7517564682274526
193.3456728364182	0.6854140588412199	0.7523385352609453
193.47873936968483	0.6848699677969259	0.7521914138789477
193.61180590295146	0.6851249252752428	0.7519296983254371
193.74487243621812	0.6843175891521092	0.7517249466428577
193.87793896948475	0.6844539116276953	0.7514151589827549
194.01100550275137	0.6846103315512951	0.7515061182441692
194.144072036018	0.6836826552888202	0.7512490790117158
194.27713856928463	0.6831325465894613	0.7508180600860476
194.41020510255126	0.6834487930020985	0.7500464866857548
194.54327163581792	0.6842702710206778	0.7501301812197071
194.67633816908454	0.684077192665522	0.7503879758802989
194.80940470235117	0.6839843896749314	0.7493679526534069
194.9424712356178	0.6836673238486226	0.7492429846169898
195.07553776888443	0.6843334027491085	0.7492341412459296
195.20860430215106	0.6847015479869445	0.7493617389853393
195.34167083541772	0.6837607112842978	0.7487601351565935
195.47473736868434	0.6831999192897584	0.7486856932045767
195.60780390195097	0.6835521067155421	0.7491061514326857
195.7408704352176	0.6837133610971473	0.7491872540295268
195.87393696848423	0.683568321457101	0.7487285268914523
196.00700350175086	0.682404333916364	0.7478456647393323
196.14007003501752	0.6812863928128329	0.7480572488225826
196.27313656828414	0.6815509510909293	0.7481604833345796
196.40620310155077	0.6819019272008868	0.7487042022268502
196.5392696348174	0.6808227257287273	0.7490410048772481
196.67233616808403	0.6808315582036136	0.7479141748664624
196.80540270135066	0.6815945314039645	0.7481360453455663
196.93846923461732	0.6816282306130623	0.7472844394571071
197.07153576788394	0.6814962122854562	0.7480953543505936
197.20460230115057	0.681519010116364	0.7482244923559523
197.3376688344172	0.6820076674307693	0.7476573677706436
197.47073536768383	0.6809544310415794	0.7482116357797199
197.60380190095046	0.6804561017797364	0.7483659358751056
197.73686843421712	0.6810298359835298	0.7499525221801354
197.86993496748374	0.6801156852151875	0.7496839356820205
198.00300150075037	0.6803870770244546	0.749707296389798
198.136068034017	0.6808062321035585	0.7500474995744236
198.26913456728363	0.6817925645431719	0.748983669562908
198.40220110055026	0.6810444611523843	0.7481459457481227
198.53526763381691	0.6806146115183954	0.7484768371248501
198.66833416708354	0.68107713351314	0.7492612350989931
198.80140070035017	0.6811515544547477	0.7491439931095843
198.9344672336168	0.6808654400300702	0.7488173989292206
199.06753376688343	0.6814006665480405	0.7479551024880616
199.20060030015006	0.6820955758506121	0.7473574642176601
199.33366683341671	0.6813241812729248	0.7478949626946734
199.46673336668334	0.6817733194435384	0.7469189669828712
199.59979989994997	0.6816373892985763	0.7460231355698359
199.7328664332166	0.6816975816522163	0.7469205948593385
199.86593296648323	0.6816994432361518	0.7471437058732888
199.99899949974986	0.6817532745029858	0.7473294599713861
200.1320660330165	0.6821807022206404	0.7477572835728227
200.26513256628314	0.6826673713238891	0.7484697329206246
200.39819909954977	0.6829540038263278	0.7481418856202703
200.5312656328164	0.6815080566596982	0.7470680442280657
200.66433216608303	0.6816112019249889	0.747513317787027
200.79739869934966	0.6821859179980553	0.7462160428185727
200.9304652326163	0.6817537861607565	0.74570861235739
201.06353176588294	0.6813634833247616	0.7461689465918417
201.19659829914957	0.6812436870751902	0.7460903082917653
201.3296648324162	0.6820443996647483	0.7460351529172654
201.46273136568283	0.681850604732037	0.7460985876686881
201.59579789894946	0.6813718076360069	0.7464025181474164
201.7288644322161	0.6807914727785125	0.7458381519625519
201.86193096548274	0.680776696859142	0.7453948075649552
201.99499749874937	0.6804095988797378	0.7442503280563163
202.128064032016	0.6812290138534522	0.743899884774354
202.26113056528263	0.6808320169193963	0.7436500515007929
202.39419709854926	0.6800685568234934	0.7427186313999053
202.5272636318159	0.6791380569661183	0.742599187641029
202.66033016508254	0.6793437326697233	0.7415201719699701
202.79339669834917	0.6793297808285574	0.7410397353617273
202.9264632316158	0.6781029128582182	0.7411573969036351
203.05952976488243	0.6774737439716202	0.7408999882915642
203.19259629814906	0.6776970757152102	0.7409039879677484
203.3256628314157	0.6772734377422769	0.7415697627036508
203.45872936468234	0.6777731447386003	0.7416569435948486
203.59179589794897	0.6772884708952437	0.7417363046993005
203.7248624312156	0.6766216243893055	0.7426619522220804
203.85792896448223	0.6760816936252372	0.7432544380715908
203.99099549774886	0.6754770475609809	0.742300038151905
204.1240620310155	0.6754154954833919	0.7427581956150682
204.25712856428214	0.674832091485496	0.7424247717888471
204.39019509754877	0.675484616409257	0.7422974887048391
204.5232616308154	0.6763315375761726	0.7413729670180772
204.65632816408203	0.6759040831997092	0.7406984334470408
204.78939469734868	0.6751852789574744	0.7416732160093802
204.9224612306153	0.6754627908874563	0.7423145650855487
205.05552776388194	0.6755643065696887	0.7425166819068855
205.18859429714857	0.6748670587997253	0.742153214588792
205.3216608304152	0.6753274500367272	0.7428838736028671
205.45472736368183	0.6746003214665224	0.7432601489529052
205.58779389694848	0.6752232284353231	0.7425789059922661
205.7208604302151	0.6761549927532036	0.7417606750532563
205.85392696348174	0.6770712491851398	0.7416587730605365
205.98699349674837	0.6775334174817772	0.741713638753505
206.120060030015	0.6776469958046029	0.7408115067782224
206.25312656328163	0.6776803855846912	0.7406246279502492
206.38619309654828	0.6780810186029573	0.7405859540930351
206.5192596298149	0.6762808843693597	0.7404184708649884
206.65232616308154	0.6757822625023673	0.7405899306291157
206.78539269634817	0.675251331993463	0.7396712379070983
206.9184592296148	0.6753993221709783	0.7392676624694241
207.05152576288143	0.6763489260901301	0.7384830851205089
207.18459229614808	0.6760970716108015	0.7386877177549559
207.3176588294147	0.6768178564356133	0.7395048055084954
207.45072536268134	0.6765721007023144	0.7395249906168757
207.58379189594797	0.6769425205120804	0.7399691397995981
207.7168584292146	0.6782679115931955	0.7393258147615297
207.84992496248123	0.678255996525294	0.7391956443194945
207.98299149574788	0.6790635321295264	0.739570458493178
208.1160580290145	0.6797132640444069	0.739830707501427
208.24912456228114	0.6794459210059539	0.7405132338389777
208.38219109554777	0.6787986820451442	0.7398368558914202
208.5152576288144	0.6785866719694388	0.7406209728006888
208.64832416208102	0.6774411807584584	0.7409825127656343
208.78139069534768	0.6773096769429345	0.7409122436540293
208.9144572286143	0.6780106422257632	0.741204017979584
209.04752376188094	0.677361421226545	0.7416084336548795
209.18059029514757	0.6770576985427541	0.7420519432998626
209.3136568284142	0.6759978208440918	0.7408264484536082
209.44672336168082	0.6773015604171602	0.7407524264744849
209.57978989494748	0.6770712311645448	0.7412767938232387
209.7128564282141	0.6765559306587496	0.7412682235392557
209.84592296148074	0.6767390034293234	0.7415231873033498
209.97898949474737	0.6763615791900197	0.7413244713902551
210.112056028014	0.6760908789450644	0.7410615363974655
210.24512256128062	0.6762158071739834	0.7409166583542212
210.37818909454728	0.6763165065040403	0.7399851810598856
210.5112556278139	0.6784276242153455	0.7380896915179427
210.64432216108054	0.6777061963559782	0.7378902828520022
210.77738869434717	0.6766198168677973	0.7373953517683017
210.9104552276138	0.6765245675770946	0.7366976326556989
211.04352176088042	0.6765629779896505	0.737230121904513
211.17658829414708	0.6758104811968014	0.7353897295859009
211.3096548274137	0.6755936395201686	0.7361059379580747
211.44272136068034	0.674985011597753	0.7364075592979048
211.57578789394697	0.6746817367347832	0.735587682643011
211.7088544272136	0.6752309429233024	0.7353528605400038
211.84192096048022	0.6750908596676958	0.7350219921952537
211.97498749374688	0.6742402200247152	0.7345958190841719
212.1080540270135	0.6733875038077749	0.7357981822298257
212.24112056028014	0.6745039536558145	0.7377625492079234
212.37418709354677	0.6731009778499025	0.7355611906924947
212.5072536268134	0.6734561776690416	0.7340653179989799
212.64032016008002	0.6736142450425142	0.7333231139180449
212.77338669334668	0.6734684453631726	0.7348132547391999
212.9064532266133	0.6733444141465383	0.7360713333634524
213.03951975987994	0.6731831113349098	0.7349934424632162
213.17258629314657	0.6728435794449791	0.7358220099665674
213.3056528264132	0.6738436916051678	0.7359339041565377
213.43871935967982	0.6728606999900897	0.7348190726534091
213.57178589294648	0.6731042138981767	0.7361559710043326
213.7048524262131	0.6734397304785772	0.7355395646412025
213.83791895947974	0.6727234866873045	0.7344078934672502
213.97098549274637	0.6732540459532843	0.7342996372406062
214.104052026013	0.6732922042777714	0.7357358939042257
214.23711855927962	0.6730643426981364	0.7367232924589426
214.37018509254628	0.6729036718579481	0.7369409243545139
214.5032516258129	0.6736419385349948	0.7360632470087878
214.63631815907954	0.6731281005446592	0.7355641515525572
214.76938469234616	0.6734693255617131	0.7343673383868491
214.9024512256128	0.6734659075872504	0.73435897817613
215.03551775887942	0.6732506678189534	0.733722330807183
215.16858429214608	0.6743002629861294	0.7341351269578094
215.3016508254127	0.674608473184825	0.7343728356546795
215.43471735867934	0.6743970080422141	0.7334343922329337
215.56778389194596	0.6748793206480027	0.7324994249173781
215.7008504252126	0.6744649250492225	0.731929011111669
215.83391695847922	0.6743628167082163	0.7321752112077898
215.96698349174588	0.6740822571230346	0.7319641262517534
216.1000500250125	0.6757329691275923	0.7320214997351291
216.23311655827914	0.6756297406518401	0.732049096558448
216.36618309154576	0.6765683735683358	0.7308900575259029
216.4992496248124	0.6761848982849037	0.7291651793414198
216.63231615807902	0.6751778918919357	0.7285976540204633
216.76538269134568	0.675054499150975	0.7295370064511736
216.8984492246123	0.6757571241352828	0.7292799614827881
217.03151575787894	0.6767797579568384	0.7303820000552619
217.16458229114556	0.6758895808339985	0.7295945232023843
217.2976488244122	0.6764034562938775	0.7297192367323913
217.43071535767882	0.6748594496596527	0.7290764869976175
217.56378189094548	0.6753180925263598	0.7291702219868158
217.6968484242121	0.6756117972936111	0.7284169722574954
217.82991495747874	0.674244659605372	0.7279200425447608
217.96298149074536	0.6747992251216142	0.7288994329247142
218.096048024012	0.6741654588275052	0.727755814339893
218.22911455727862	0.6719769678821689	0.7294243851611337
218.36218109054528	0.6716877771651635	0.7308363513148692
218.4952476238119	0.672876899811207	0.7304820938679173
218.62831415707853	0.6742019258143827	0.72979387646088
218.76138069034516	0.6745845574755034	0.7286231152484237
218.8944472236118	0.6746458118493402	0.7286861275680172
219.02751375687842	0.6742308783266917	0.7289085520128699
219.16058029014508	0.6737651658144709	0.7287741561258577
219.2936468234117	0.6735614727585261	0.7283551743139657
219.42671335667833	0.6734577446480776	0.7289583765062406
219.55977988994496	0.6724019490027185	0.7288878562931899
219.6928464232116	0.671335554691875	0.7281390523506811
219.82591295647822	0.6704852720592047	0.7291320307984828
219.95897948974488	0.6710356432132687	0.7304065002882071
220.0920460230115	0.670598812014352	0.7302386026692366
220.22511255627813	0.6700519090686419	0.7288062384000027
220.35817908954476	0.6695328968289961	0.7276239002640189
220.4912456228114	0.6687518806123668	0.7282455388408483
220.62431215607802	0.6695069527708785	0.7275373734082253
220.75737868934468	0.6700333534249574	0.7273314324256049
220.8904452226113	0.6703046607444174	0.7266837890416108
221.02351175587793	0.6712990213320704	0.7273486816201145
221.15657828914456	0.6714689860899101	0.7268562720842401
221.2896448224112	0.6721766535592771	0.7267706336297693
221.42271135567785	0.6706990407243194	0.7270933806638218
221.55577788894448	0.6712470822766626	0.7268038787923299
221.6888444222111	0.6711463786867573	0.7268732361778243
221.82191095547773	0.671702924457796	0.727742911968973
221.95497748874436	0.6716480767214621	0.7281895122315701
222.088044022011	0.6696543050800385	0.7274913575006784
222.22111055527765	0.669529839802136	0.7264627749758261
222.35417708854428	0.6695347432273481	0.7264353569892109
222.4872436218109	0.6700526718022414	0.7275899913529293
222.62031015507753	0.6676934105991859	0.726234233611165
222.75337668834416	0.6674820478667896	0.7262623419807883
222.8864432216108	0.6673328801999535	0.7255570568297596
223.01950975487745	0.6669880114457518	0.7263117831731859
223.15257628814408	0.666800567092592	0.7248680084547637
223.2856428214107	0.6670193039070935	0.7259294178617106
223.41870935467733	0.667345383895334	0.7251509267087264
223.55177588794396	0.6670233146893647	0.7250489068546686
223.6848424212106	0.6672977154748266	0.7254124698413125
223.81790895447725	0.6660959518748082	0.7256500757584957
223.95097548774388	0.66565928003472	0.7241946964995764
224.0840420210105	0.6661684613589572	0.7240858108101151
224.21710855427713	0.6651617304783599	0.7245772528182798
224.35017508754376	0.6643040372043995	0.7245907235171202
224.4832416208104	0.6637270786338658	0.7231633412583638
224.61630815407705	0.6639513680096837	0.722979285357418
224.74937468734367	0.664007500981104	0.7232293039708528
224.8824412206103	0.663358909494746	0.7225894486804325
225.01550775387693	0.6629136723730507	0.7232424087537954
225.14857428714356	0.6629471818065792	0.7226019534619145
225.2816408204102	0.6638649908664671	0.7242941737172217
225.41470735367685	0.6629807688448435	0.7235838124975024
225.54777388694347	0.6631167922294051	0.7238075149300959
225.6808404202101	0.6633680643462043	0.7238771355027319
225.81390695347673	0.6631795848293357	0.7231159877621121
225.94697348674336	0.663406217610658	0.7240891641720754
226.08004002001	0.6629007335054603	0.7249417453255669
226.21310655327665	0.6631676560040852	0.7247392558859223
226.34617308654327	0.6630323118607547	0.7245772998002663
226.4792396198099	0.6613604264912001	0.7241009749023696
226.61230615307653	0.6606086163029672	0.7235992243963061
226.74537268634316	0.6597404064331786	0.7236066888710895
226.8784392196098	0.6605061072914584	0.7233811296564818
227.01150575287645	0.6612258105334387	0.721345568095485
227.14457228614307	0.660837944613261	0.7219738417581627
227.2776388194097	0.6611796422724106	0.7226623848083759
227.41070535267633	0.6625534175836936	0.7229709865026841
227.54377188594296	0.6625208068394608	0.7228654611705607
227.6768384192096	0.66172409746089	0.7227656520999166
227.80990495247624	0.662202408391231	0.7229217996895474
227.94297148574287	0.6609536086311999	0.723408715944954
228.0760380190095	0.6621088824032347	0.7225550006090661
228.20910455227613	0.6615349975306896	0.7219350379701085
228.34217108554276	0.6613654228175316	0.7224805639795802
228.4752376188094	0.6614625984592053	0.7215868382083217
228.60830415207604	0.6623049094478349	0.7206264055810719
228.74137068534267	0.6623385368198721	0.7207163677130026
228.8744372186093	0.6624022664022906	0.7210947998647129
229.00750375187593	0.6631274818078015	0.7196019809569442
229.14057028514256	0.6629691669228593	0.7194960708231747
229.2736368184092	0.6622277707238217	0.7190856667149054
229.40670335167584	0.6631051483911488	0.719241317763625
229.53976988494247	0.6636236494435561	0.7202073611005158
229.6728364182091	0.6634973434390309	0.7203664145711106
229.80590295147573	0.6642734878089408	0.7209540175111714
229.93896948474236	0.6642066676593237	0.7211685161079878
230.072036018009	0.6631246557393503	0.7220475317603628
230.20510255127564	0.6634040703784612	0.7217071218825001
230.33816908454227	0.6618355356483951	0.7216314027169008
230.4712356178089	0.6598963907863171	0.7216458806870469
230.60430215107553	0.6604227284372185	0.7225267851449872
230.73736868434216	0.6603778796964118	0.7227571116047542
230.8704352176088	0.6589441001187957	0.7221970906399858
231.00350175087544	0.6590063274605911	0.7223475427193728
231.13656828414207	0.6579601250713479	0.7230368324798762
231.2696348174087	0.657323844285703	0.7211533828047364
231.40270135067533	0.6564684909692515	0.7206254435236422
231.53576788394196	0.656035679214356	0.7201663419237263
231.6688344172086	0.6574179586452765	0.719931151212609
231.80190095047524	0.657961853286628	0.7205608950981411
231.93496748374187	0.6580688468369074	0.7206711427207374
232.0680340170085	0.6584061059253214	0.720939074642611
232.20110055027513	0.657683304302551	0.7204085992651628
232.33416708354176	0.6585911279518356	0.719991636639184
232.4672336168084	0.6571068842210606	0.7192363110209606
232.60030015007504	0.6557263523196104	0.7197146553879361
232.73336668334167	0.6560108005751346	0.7188498227301547
232.8664332166083	0.6570614804847131	0.7190612329159246
232.99949974987493	0.6576116379702042	0.7195456434670303
233.13256628314156	0.656802759342818	0.7191934661926709
233.26563281640819	0.6571696324232649	0.719472339686308
233.39869934967484	0.6563501497045671	0.7189304129048826
233.53176588294147	0.6567412125726564	0.7174053240270643
233.6648324162081	0.6574710897602409	0.7173698663912952
233.79789894947473	0.657897369712339	0.7174445883552468
233.93096548274136	0.6573793059423746	0.7174012151856692
234.06403201600799	0.6562530065880308	0.7159451985105725
234.19709854927464	0.6559020343122899	0.7157194855687746
234.33016508254127	0.6565547489390696	0.7157622554487011
234.4632316158079	0.65654325411442	0.7176005691025152
234.59629814907453	0.6561705577846554	0.7180259017407388
234.72936468234116	0.6557088880064517	0.7176017937564421
234.86243121560778	0.654837961390027	0.7168427576525611
234.99549774887444	0.6537598030168343	0.7170901406021317
235.12856428214107	0.6549696083321775	0.7169238969613919
235.2616308154077	0.6537391820509215	0.7165227055762642
235.39469734867433	0.6542460466170656	0.7158917577036823
235.52776388194096	0.6534300258140492	0.7159484460396247
235.66083041520758	0.653198664889636	0.7155203504913914
235.79389694847424	0.6537381371178809	0.7148960568722362
235.92696348174087	0.6545972354981292	0.7150286038836301
236.0600300150075	0.6554651905230396	0.7156267778896236
236.19309654827413	0.6560053773682152	0.7144510024640338
236.32616308154076	0.6575002843251054	0.7139445154022878
236.45922961480738	0.655937763841177	0.7143617915389541
236.59229614807404	0.6544128596674259	0.713842033458175
236.72536268134067	0.6543266689666843	0.7129061986932093
236.8584292146073	0.6540896729499762	0.7143020900878291
236.99149574787393	0.653536687155002	0.7134658600273337
237.12456228114056	0.6528034811570319	0.7130759172079975
237.25762881440718	0.6536801489938524	0.71325875387126
237.39069534767384	0.6534009267758648	0.7137702634717128
237.52376188094047	0.6540675272560112	0.7127808202918873
237.6568284142071	0.6535954169197234	0.7118457095954384
237.78989494747373	0.6531839189481723	0.7122901769275107
237.92296148074036	0.653140569724689	0.7098056644071659
238.05602801400698	0.6529041149415733	0.7111009554868474
238.18909454727364	0.653939217776443	0.7106040652065064
238.32216108054027	0.6537037124320926	0.7107469332772103
238.4552276138069	0.6539620404838802	0.7109777702557746
238.58829414707353	0.6528158540029713	0.7123103837171952
238.72136068034015	0.6524534807113186	0.7113741359670188
238.8544272136068	0.6530121889855504	0.7119893220229578
238.98749374687344	0.6517648340625637	0.7116654091715237
239.12056028014007	0.6527880344784331	0.7117985683767897
239.2536268134067	0.6519454181058317	0.7132695086061523
239.38669334667333	0.6518282876263478	0.7131470902474129
239.51975987993995	0.6531121119679035	0.71267590163481
239.6528264132066	0.6526392496545509	0.7116827037488203
239.78589294647324	0.653196376781115	0.7115815919921675
239.91895947973987	0.6541547740609638	0.7123695662224148
240.0520260130065	0.6542769722846576	0.7114790307957257
240.18509254627313	0.6549422650276219	0.7101112600543981
240.31815907953975	0.655130092919733	0.710437958328489
240.4512256128064	0.6552618362309764	0.7096260096126188
240.58429214607304	0.6540431665588231	0.7097159407449822
240.71735867933967	0.654630306540809	0.7092367176208102
240.8504252126063	0.6545285272484958	0.7088987949076625
240.98349174587293	0.654847302041424	0.7094208838908044
241.11655827913955	0.6537033802481768	0.7090006394196001
241.2496248124062	0.6531936283093814	0.7085529734878079
241.38269134567284	0.6524592301617352	0.7076799302256119
241.51575787893947	0.6517845773179585	0.7084374998080946
241.6488244122061	0.6513551957586792	0.7091790130760772
241.78189094547272	0.650700125736565	0.7086413283007298
241.91495747873935	0.6492156942164659	0.7089837742002342
242.048024012006	0.6491653805761847	0.7092818514085563
242.18109054527264	0.649913921660719	0.7092376587671002
242.31415707853927	0.6492914460468613	0.7100301725365286
242.4472236118059	0.6485966292937557	0.7115391580304661
242.58029014507252	0.6478835539715846	0.7111021528112268
242.71335667833915	0.6485933357955935	0.7113527964747808
242.8464232116058	0.6490281132883923	0.7105628893055004
242.97948974487244	0.6497274150619892	0.7108899717653893
243.11255627813907	0.6487500319947574	0.711172669447818
243.2456228114057	0.6480647278754442	0.711318244875973
243.37868934467232	0.6485433653062007	0.7111897023292443
243.51175587793895	0.6477998875233075	0.7110829752621824
243.6448224112056	0.6487474325584419	0.710277596303923
243.77788894447224	0.6484983566721522	0.7108174852133039
243.91095547773887	0.6476489472985765	0.709431863015104
244.0440220110055	0.6477349839042404	0.7098587584372538
244.17708854427212	0.6476693572485535	0.7090733903064542
244.31015507753875	0.6474892351878587	0.7083728628534376
244.4432216108054	0.6483316713136935	0.7068823571763
244.57628814407204	0.6476475330620558	0.7069406711187173
244.70935467733867	0.647244607849244	0.7080991986910279
244.8424212106053	0.6473517100574792	0.7083870184851481
244.97548774387192	0.6477107339270269	0.7075026995485714
245.10855427713855	0.6479644094374877	0.7067860894757507
245.2416208104052	0.6486445914878739	0.707118113085642
245.37468734367184	0.6473434050957728	0.7071766247111397
245.50775387693847	0.6473626483546441	0.7062627401584699
245.6408204102051	0.6474439889781212	0.7060560589747974
245.77388694347172	0.6471075633881415	0.7065455403862271
245.90695347673835	0.6475367602242399	0.7058011863972388
246.040020010005	0.6478435765053244	0.7056768620895938
246.17308654327164	0.6481527096870948	0.7049730272352734
246.30615307653827	0.6482149963393667	0.7055591269926408
246.4392196098049	0.64772435315067	0.7055818060041826
246.57228614307152	0.6474895188065248	0.7050824838478789
246.70535267633815	0.6478688370106631	0.7040641793548255
246.8384192096048	0.6471023397292441	0.7049668184470028
246.97148574287144	0.6462111364758178	0.7034530107884783
247.10455227613807	0.6459342415590315	0.7030798075009133
247.2376188094047	0.6450975342121505	0.7030437456634973
247.37068534267132	0.6451656511092142	0.7022521221700343
247.50375187593795	0.6441697817719373	0.7038223952977032
247.6368184092046	0.6439933407236612	0.7039939315858392
247.76988494247124	0.6433159642648015	0.7032380759204981
247.90295147573786	0.6443909951190048	0.7031783585452996
248.0360180090045	0.644920626033769	0.7024062400092196
248.16908454227112	0.6449967678414984	0.7009178649868337
248.30215107553775	0.6460573796976361	0.701301550507327
248.4352176088044	0.6451569852595506	0.7006122138353175
248.56828414207104	0.6449867558773372	0.7007519469648146
248.70135067533766	0.6451092935541273	0.7007724825878345
248.8344172086043	0.644580908613779	0.7003587382354296
248.96748374187092	0.6438783500505691	0.6998033298343227
249.10055027513755	0.6425711797068888	0.6982996800285797
249.2336168084042	0.6421889355232926	0.6971981960751111
249.36668334167084	0.6428736897004946	0.6966596221956931
249.49974987493746	0.6428834199440252	0.6973721484534837
249.6328164082041	0.6429309918257294	0.6972128466612648
249.76588294147072	0.6427348520168503	0.6987569777478613
249.89894947473735	0.6433516250331889	0.6988934768489792
250.032016008004	0.6434248478966794	0.6995142667728818
250.16508254127064	0.6425998769883499	0.7006089783771472
250.29814907453726	0.6427499893352021	0.7009664951602202
250.4312156078039	0.6431953785966196	0.6998301856522369
250.56428214107052	0.6421560988022595	0.6993979077943178
250.69734867433715	0.6424664741138375	0.6983342685145842
250.8304152076038	0.6419607399251557	0.6983639527936063
250.96348174087044	0.640962520268539	0.6986651477793795
251.09654827413706	0.6402922887514341	0.6993647744614327
251.2296148074037	0.640531529705643	0.6996019782416948
251.36268134067032	0.6401300129447544	0.6989710370005868
251.49574787393695	0.6400693816919822	0.6990145650211415
251.6288144072036	0.6398185145214146	0.6977458097074509
251.76188094047023	0.6395841342000133	0.6976480763690002
251.89494747373686	0.6396167448418701	0.6975341305369313
252.0280140070035	0.6395814885531202	0.698309200018932
252.16108054027012	0.6389869894076854	0.6998664016825039
252.29414707353675	0.639537922423286	0.7004739630326126
252.4272136068034	0.6402088028517982	0.6999181076777004
252.56028014007003	0.6408282030648061	0.69947863582815
252.69334667333666	0.6406828717795876	0.6988279738282916
252.8264132066033	0.6403088572475816	0.6994163492288562
252.95947973986992	0.6398831133420797	0.699315193419047
253.09254627313655	0.6393704836129034	0.6982842637583621
253.2256128064032	0.6379895752495351	0.6988849484904591
253.35867933966983	0.6383065410167968	0.698829636042963
253.49174587293646	0.63791400376311	0.6983261284933497
253.6248124062031	0.6380491786048914	0.698344710706906
253.75787893946972	0.6386821616003929	0.6979957221157638
253.89094547273635	0.6391831204746476	0.6981004681084775
254.024012006003	0.6386161742868361	0.6985597464864539
254.15707853926963	0.6381822649775074	0.6989720070851466
254.29014507253626	0.6384249672595087	0.6988686116060433
254.4232116058029	0.6383863418190368	0.6983684890712534
254.55627813906952	0.6388934311920442	0.6986683499463123
254.68934467233615	0.6375307542631728	0.6991291358768011
254.8224112056028	0.6376003654212469	0.6992666236595504
254.95547773886943	0.6367820897478538	0.7000190149041329
255.08854427213606	0.6381713567847294	0.6990273568857985
255.2216108054027	0.6386289696022442	0.6977111696486814
255.35467733866932	0.6384082023848354	0.6979062145478309
255.48774387193595	0.6376644633566081	0.6970117857999149
255.6208104052026	0.637550647343753	0.697327618478441
255.75387693846923	0.6363368627018968	0.6983662180270849
255.88694347173586	0.6369727054898777	0.6990638145133466
256.0200100050025	0.6363446527169717	0.6989352231971153
256.15307653826915	0.6352344988886341	0.6992018218209421
256.2861430715358	0.6344034583907199	0.698682152923025
256.4192096048024	0.6346169383890234	0.6981243156833339
256.55227613806903	0.634372093843924	0.6988395678877487
256.68534267133566	0.6349279638823975	0.697479332462629
256.8184092046023	0.6353370278594902	0.6979811584204154
256.9514757378689	0.6356344265582304	0.6981030102307794
257.08454227113555	0.6352476084603489	0.6978601554141095
257.2176088044022	0.6341751663025416	0.6973947025723762
257.3506753376688	0.6336196596788516	0.6965834430901168
257.4837418709355	0.6320580519998071	0.6977438475155057
257.6168084042021	0.6329043803841702	0.6981788570343661
257.74987493746875	0.6322884466531189	0.6971104897823983
257.8829414707354	0.6333832501153346	0.6965234293058307
258.016008004002	0.6327392936555982	0.6967201851926236
258.14907453726863	0.6325067532035737	0.6966294834991503
258.28214107053526	0.6327168578735479	0.696902065901641
258.4152076038019	0.632322479855163	0.6964217209347534
258.5482741370685	0.6322937170075742	0.6962909104029849
258.68134067033515	0.6318941818587305	0.6956640228334404
258.8144072036018	0.6308982128908821	0.6955566568973605
258.9474737368684	0.6304749313878174	0.6937565419220822
259.0805402701351	0.6310226831435622	0.6943842634806602
259.2136068034017	0.6321276409740688	0.6954802329112805
259.34667333666835	0.6314836538916396	0.6959156511773212
259.479739869935	0.6304573954487541	0.6949597369045926
259.6128064032016	0.6309358511410514	0.6952586197807301
259.74587293646823	0.6307593065464926	0.6945751171994403
259.87893946973486	0.6310692272696986	0.6937463763957422
260.0120060030015	0.6297076417488054	0.693151217526653
260.1450725362681	0.6305577881183112	0.6925131454155945
260.27813906953475	0.6296366004249068	0.6930182732686718
260.4112056028014	0.6292325131546264	0.6929066942103836
260.544272136068	0.629520207865261	0.6935505482030869
260.6773386693347	0.6295234424135808	0.693162460274045
260.8104052026013	0.6297165610204994	0.6931593658507391
260.94347173586794	0.6300721280919328	0.6925521355675269
261.0765382691346	0.6305035442148007	0.6919606405830693
261.2096048024012	0.6313851560899097	0.6927925162659622
261.34267133566783	0.6305104552858033	0.694411839625738
261.47573786893446	0.630454322260507	0.6936133634901205
261.6088044022011	0.6302962783032156	0.6935071330780969
261.7418709354677	0.6305701090308464	0.6936834009161346
261.87493746873434	0.6294774333029612	0.6940162214719496
262.008004002001	0.6287902929752658	0.6940443218250559
262.1410705352676	0.6290892198154364	0.693696733394313
262.2741370685343	0.6275949418033745	0.6932624625576219
262.4072036018009	0.6270193421219867	0.6940158081515894
262.54027013506754	0.6277334969883268	0.6937759052832861
262.6733366683342	0.629204335082655	0.694388084491341
262.8064032016008	0.6290640122027098	0.6944063685830324
262.93946973486743	0.6288598156357815	0.6931895353818354
263.07253626813406	0.6287094124776339	0.6929954656291037
263.2056028014007	0.6281314807169714	0.6936617815057878
263.3386693346673	0.6283232025454863	0.6936649288006075
263.47173586793394	0.6287457240070112	0.6940372623551126
263.6048024012006	0.6288384571351064	0.6940506543439289
263.7378689344672	0.6286600921621374	0.692222171001449
263.8709354677339	0.6286845627240181	0.6906795021751884
264.0040020010005	0.6281962507187061	0.6907873263078805
264.13706853426714	0.6281330486223535	0.6899090381851599
264.2701350675338	0.627003873999567	0.6890157043800885
264.4032016008004	0.6271493011840265	0.689344446433878
264.53626813406703	0.627621610656435	0.6890647781744998
264.66933466733366	0.6265593090830617	0.687755467723768
264.8024012006003	0.6266216246411668	0.6879267944653644
264.9354677338669	0.6261838415454273	0.6885233122246095
265.06853426713354	0.6249417800399433	0.6890181763289412
265.2016008004002	0.6250474997227917	0.6873536698914723
265.3346673336668	0.6259341708654897	0.6887466356129169
265.4677338669335	0.6259371115132601	0.688327988398136
265.6008004002001	0.6251168937653493	0.6890138203711426
265.73386693346674	0.6252710062229333	0.6887487890081457
265.86693346673337	0.6255590008192986	0.6892132790030817
266.0	0.6267109634551495	0.6901661129568106
