0.0	0.0	0.0
0.1330665332666333	4.439576612435767e-05	4.444389392312195e-05
0.2661330665332666	0.0005102032809767011	0.0005988258743821624
0.39919959979989994	0.0015076360891592274	0.0015740614627232227
0.5322661330665333	0.0026163206299125137	0.002727243918928447
0.6653326663331666	0.004412686782384424	0.004656776430626532
0.7983991995997999	0.006540117371126337	0.0070953531973202725
0.9314657328664332	0.00866788527619619	0.009687097203872001
1.0645322661330665	0.011039490595781666	0.012127330754878103
1.1975987993997	0.013432979855340182	0.015921361330357837
1.3306653326663331	0.01595953190700792	0.0203342854648924
1.4637318659329663	0.018553336097788063	0.025544189252053793
1.5967983991995998	0.021434798484439254	0.03090849948411694
1.7298649324662332	0.02420336722163737	0.037189505850139505
1.8629314657328664	0.02679520218098511	0.04510768674066451
1.9959979989994996	0.029389198138981373	0.05373585166206333
2.129064532266133	0.03222661418246095	0.06346321982585544
2.2621310655327664	0.03490412928263324	0.07268911427662476
2.3951975987994	0.03739156558175306	0.0847980150548521
2.528264132066033	0.0408056631270947	0.09931556831206205
2.6613306653326663	0.0434563909819289	0.1131895820420455
2.7943971985992997	0.045897893167087006	0.12906336981444905
2.9274637318659327	0.04880171216825656	0.14790952646577646
3.060530265132566	0.05152842456927723	0.16967716041802375
3.1935967983991995	0.05447185967873086	0.19333325527870457
3.326663331665833	0.05688986704856958	0.217861205128698
3.4597298649324664	0.06001520356959708	0.2439883080848299
3.5927963981990994	0.06237701047566761	0.26985202264017294
3.7258629314657328	0.0647320086123095	0.2998421654952615
3.858929464732366	0.06736530581850059	0.33155539345994495
3.991995997998999	0.06953712457232535	0.3631113754522063
4.125062531265633	0.07210853305464376	0.3953020426171542
4.258129064532266	0.07436833886976218	0.42851145786578
4.391195597798899	0.0769869300919629	0.46186507133403604
4.524262131065533	0.07958082738853295	0.4935131483306367
4.657328664332166	0.08246656688742968	0.5253723347777753
4.7903951975988	0.08541047511806653	0.556990682550175
4.923461730865433	0.08801852256551503	0.5851284328926621
5.056528264132066	0.09043546391337665	0.6142223218330237
5.1895947973986996	0.09309848816428357	0.6420699269605455
5.3226613306653325	0.09563661174731992	0.6655496462498958
5.4557278639319655	0.09767481739036712	0.6884136857494395
5.588794397198599	0.09995445348866733	0.7102088481744249
5.721860930465232	0.10200429472256786	0.7301708247719605
5.854927463731865	0.10519038615154913	0.7476473404083228
5.987993996998499	0.10799512831000366	0.7633576840172883
6.121060530265132	0.10971164885033947	0.7778149189265784
6.254127063531766	0.11299457900720558	0.7897736189176945
6.387193596798399	0.11581670919623209	0.8032224659664493
6.520260130065032	0.11743565784968928	0.814726871579501
6.653326663331666	0.11971177626403488	0.8221636316686158
6.786393196598299	0.12115993678979034	0.8312599777969495
6.919459729864933	0.12387527728026596	0.8404889215616901
7.052526263131566	0.12592410762942513	0.8470882035455629
7.185592796398199	0.12806738774827245	0.8540320982211058
7.318659329664833	0.12978108241317773	0.8594199779355894
7.4517258629314655	0.13234205193197182	0.865371255970269
7.5847923961980985	0.13456314134004135	0.8704307725332476
7.717858929464732	0.13659022832386633	0.8736585481008299
7.850925462731365	0.13906993117870414	0.8780822242340992
7.983991995997998	0.14127528174142517	0.8821397878859281
8.117058529264632	0.14417447130531647	0.8839652579567386
8.250125062531266	0.14617293559234598	0.8865966489985637
8.383191595797898	0.14845366183887487	0.887641434083351
8.516258129064532	0.15120734084461612	0.8884161637508763
8.649324662331166	0.15363866745713095	0.8893304500733258
8.782391195597798	0.15544789993621508	0.8912133499525211
8.915457728864432	0.15815220483462206	0.892091147893536
9.048524262131066	0.16004486784988375	0.8931524201199532
9.181590795397698	0.16236496952385499	0.8957604123088194
9.314657328664332	0.16463552663200148	0.8981931784840111
9.447723861930966	0.16675120861676074	0.8993267979334841
9.5807903951976	0.16925073957104753	0.9017572499059174
9.713856928464232	0.17133538838646759	0.9040787288178148
9.846923461730865	0.17391489116264872	0.9054092266474557
9.9799899949975	0.17607910610272123	0.9056458582228822
10.113056528264131	0.17787201672435157	0.9061526373591798
10.246123061530765	0.1804894687500324	0.9077516298283714
10.379189594797399	0.18229758428860132	0.9068088665977294
10.512256128064031	0.18397359183792147	0.9086187462353094
10.645322661330665	0.1859389838287268	0.9097555861674536
10.778389194597299	0.18773581417315843	0.9111146946239014
10.911455727863931	0.19036889383077718	0.9105313496005653
11.044522261130565	0.1922489202644325	0.9102176321020544
11.177588794397199	0.1947618423077411	0.9108991830074661
11.31065532766383	0.19673164324420792	0.9117392768069686
11.443721860930465	0.19860302163498725	0.9115972313078341
11.576788394197099	0.200910742461941	0.913079698506666
11.70985492746373	0.2036373207940341	0.9130072681419923
11.842921460730365	0.20596035805696586	0.9137429874548016
11.975987993996998	0.20773288661426104	0.9143939267901389
12.109054527263632	0.20939598199199863	0.9150428291480988
12.242121060530264	0.21185642010385436	0.9139937868816991
12.375187593796898	0.2141815408353977	0.9142338861856155
12.508254127063532	0.21608314790933314	0.9145695964373803
12.641320660330164	0.21832626992520265	0.9154881444136308
12.774387193596798	0.2209630576450418	0.9150613476005937
12.907453726863432	0.22324820826086644	0.9160407725030337
13.040520260130064	0.2254831409688256	0.9168022329260301
13.173586793396698	0.22824399139812956	0.915802353069253
13.306653326663332	0.2307129322533819	0.9171952609535003
13.439719859929964	0.23246340043496777	0.9170122939250425
13.572786393196598	0.23407637904579537	0.9165921711410219
13.705852926463232	0.23586754739044755	0.9175433763687125
13.838919459729865	0.23863851482595008	0.9172800549898968
13.971985992996498	0.2409088308030923	0.9167959590903924
14.105052526263131	0.2424462007267186	0.9159072829331778
14.238119059529765	0.24447351836818448	0.9175993101653572
14.371185592796397	0.2459275256865193	0.9180949200049686
14.504252126063031	0.24837448387400862	0.9182342312712294
14.637318659329665	0.25056590237847987	0.9186813059346799
14.770385192596297	0.2525831855620858	0.9176438056192202
14.903451725862931	0.2545117770083187	0.916783540208107
15.036518259129565	0.2562499603952628	0.9173622586823839
15.169584792396197	0.25872500787579794	0.9178418446363268
15.302651325662831	0.2603850957584546	0.9175312935427384
15.435717858929465	0.26238367905164245	0.9163898950709858
15.568784392196097	0.26434736996089353	0.9161359085071201
15.70185092546273	0.2657061542382794	0.9158953239073705
15.834917458729365	0.2672263477790873	0.9160065072518389
15.967983991995997	0.26895457150870034	0.91621520018789
16.101050525262632	0.27151692255700427	0.9164358686913205
16.234117058529264	0.2746302689947447	0.9171306554407138
16.367183591795897	0.27597766399158574	0.9162434150812977
16.500250125062532	0.278431119523368	0.9164698877295493
16.633316658329164	0.2794153857409287	0.9166186387946479
16.766383191595796	0.2806297146803765	0.9158770859669466
16.899449724862432	0.28189396467554056	0.9160585441192537
17.032516258129064	0.2835905616661247	0.9146668845338741
17.165582791395696	0.2846753671932207	0.9150133634549101
17.298649324662332	0.28593825895303326	0.9162870659730028
17.431715857928964	0.2873794888173545	0.9153825737490412
17.564782391195596	0.288857781038136	0.9138120790953861
17.69784892446223	0.29063590159225877	0.9147194825247416
17.830915457728864	0.2925637324607457	0.9161333363203256
17.963981990995496	0.2950916125978423	0.9169449976699606
18.09704852426213	0.2964554549530172	0.9172564592527915
18.230115057528764	0.2976357021565573	0.9166232496955307
18.363181590795396	0.2997712594830202	0.91625281788042
18.49624812406203	0.3013770889281103	0.9154584286243564
18.629314657328663	0.3020710766765206	0.9155184056776969
18.762381190595296	0.30329956054728124	0.9154806340456866
18.89544772386193	0.3053424706081174	0.9157421437957697
19.028514257128563	0.3078682061167103	0.9139368911470334
19.1615807903952	0.30935865115742917	0.9151000987448642
19.29464732366183	0.31108980755848914	0.9146527080076129
19.427713856928463	0.3115426158746744	0.9153178639923152
19.5607803901951	0.31255905516086135	0.9151870417967279
19.69384692346173	0.3145426630809383	0.913721568726026
19.826913456728363	0.3156588400526141	0.9147358799068072
19.959979989995	0.3178911772663057	0.9153725885415411
20.09304652326163	0.31904189615128936	0.913824574113053
20.226113056528263	0.3212518247417294	0.9142904391221821
20.3591795897949	0.3235692554684303	0.9148115135742404
20.49224612306153	0.3242447234964729	0.9141774425452207
20.625312656328163	0.3265179974802585	0.9137722196791627
20.758379189594798	0.3285441362054192	0.9140005342262203
20.89144572286143	0.33063541807247826	0.9130048958962079
21.024512256128062	0.3327193618787569	0.913143329832228
21.157578789394698	0.33372994621070345	0.9127391427597649
21.29064532266133	0.33513588176803827	0.9121349241398279
21.423711855927962	0.3367091286885778	0.9122292930309186
21.556778389194598	0.33840172098258153	0.9113774044053664
21.68984492246123	0.3394806801027509	0.9115938185403105
21.822911455727862	0.34110213900925423	0.9114720552305765
21.955977988994498	0.3434135189811069	0.9117493466370952
22.08904452226113	0.3464945498371532	0.9118935685641583
22.222111055527762	0.3483022657458174	0.9115118534262765
22.355177588794398	0.35032922230196983	0.911750289691878
22.48824412206103	0.35194235809001073	0.9113813638655175
22.62131065532766	0.35325577563383764	0.910350853752498
22.754377188594297	0.3549863299687376	0.9100229301119858
22.88744372186093	0.35693414122763806	0.9105655182215526
23.02051025512756	0.35814608080418725	0.9102961747587407
23.153576788394197	0.3589057523918173	0.9110670920243563
23.28664332166083	0.3598932621090585	0.9113802297634356
23.41970985492746	0.36029821652249105	0.9112859423630842
23.552776388194097	0.36103161154901936	0.9105927140406169
23.68584292146073	0.3635754954873209	0.9108365889260425
23.818909454727365	0.36500436232527655	0.9107056562655017
23.951975987993997	0.3666111951792321	0.9106546390754114
24.08504252126063	0.3677025120468274	0.9097754733187252
24.218109054527265	0.369566680397188	0.9102257233433563
24.351175587793897	0.3722708933923882	0.909692949273162
24.48424212106053	0.3734428135764952	0.9092203316557567
24.617308654327164	0.3749596474648175	0.908976601395497
24.750375187593797	0.37650438823010873	0.906833529587197
24.88344172086043	0.37826659750627195	0.9063880493032573
25.016508254127064	0.3796941065095248	0.9072734242264937
25.149574787393696	0.3812561856146197	0.9074715191501587
25.28264132066033	0.3825140141416655	0.9079939350302119
25.415707853926964	0.38290131326780935	0.907910773947067
25.548774387193596	0.383761220013561	0.9073153108584632
25.68184092046023	0.38579523899857016	0.9075795165958942
25.814907453726864	0.3862419915591428	0.9069202491444103
25.947973986993496	0.38722358646205984	0.9075110954125005
26.081040520260128	0.3887552745875337	0.907501640843169
26.214107053526764	0.3899089191256518	0.9091731716485737
26.347173586793396	0.3906876356780251	0.9090274144631296
26.480240120060028	0.391380673096945	0.9088208919663066
26.613306653326664	0.3925492465690502	0.9089933598414395
26.746373186593296	0.3934880664807139	0.910744826455141
26.879439719859928	0.3953753178774567	0.9101976740126259
27.012506253126563	0.3959835698988117	0.9089796721072869
27.145572786393195	0.39861698343337326	0.908649123937263
27.278639319659828	0.4000587114056965	0.9088681399914823
27.411705852926463	0.4015557235556312	0.9079951420432588
27.544772386193095	0.40361999352009686	0.9085660589564976
27.67783891945973	0.40572665180844547	0.9086562137663406
27.810905452726363	0.4075319971340472	0.9079103740971912
27.943971985992995	0.4098548513261155	0.9070039409786059
28.07703851925963	0.4112759449279287	0.9071397047879731
28.210105052526263	0.41214767098061816	0.9058085293327485
28.343171585792895	0.4138177773730386	0.9066657887225135
28.47623811905953	0.41482742369328707	0.9067547064998862
28.609304652326163	0.41583756126750104	0.9068783246813678
28.742371185592795	0.417059048697639	0.904204967859874
28.87543771885943	0.418955630858163	0.9055574501671741
29.008504252126063	0.4208025516195032	0.9049194601271704
29.141570785392695	0.42146503250628636	0.9057456984225669
29.27463731865933	0.42314896128110463	0.9048636058499179
29.407703851925962	0.42454429826451046	0.9058373942229556
29.540770385192594	0.4252341093155106	0.907046142864456
29.67383691845923	0.4267816411514621	0.9069189110394731
29.806903451725862	0.4280504706140841	0.906532040070531
29.939969984992494	0.4285069599077958	0.9065866509896098
30.07303651825913	0.42905821224013063	0.9062166402374227
30.206103051525762	0.431098181767597	0.9066280337875144
30.339169584792394	0.4331064539878618	0.9064078691072204
30.47223611805903	0.4333555444102538	0.9067269101658106
30.605302651325662	0.43462835753930634	0.9064278816366977
30.738369184592294	0.43624094312997025	0.9056096979257611
30.87143571785893	0.43811345074090946	0.9051250370153782
31.00450225112556	0.4393320435184487	0.9059505426845608
31.137568784392194	0.4413067215758288	0.9045889201229089
31.27063531765883	0.44168264420770487	0.9039086602003309
31.40370185092546	0.4427165753199417	0.9035737450926994
31.536768384192094	0.44384483176223416	0.9039234608382466
31.66983491745873	0.445136415558258	0.9040781014749784
31.80290145072536	0.4458077185718767	0.9031194090448794
31.935967983991993	0.4475910766438694	0.9045250083915384
32.06903451725863	0.4485986146648532	0.9035153054454685
32.202101050525265	0.4500292428775055	0.9041461680270042
32.33516758379189	0.45162198958298344	0.9039784306525166
32.46823411705853	0.4534309611593143	0.9039595268033013
32.601300650325165	0.45438052736942375	0.9021312404431436
32.73436718359179	0.45623988956048284	0.9021141054470098
32.86743371685843	0.4572845543102993	0.9009789567031373
33.000500250125064	0.4588794612596659	0.9003281570143963
33.13356678339169	0.4604296496110827	0.8998885745841971
33.26663331665833	0.46090204980595934	0.9003862815179964
33.399699849924964	0.46207350997061614	0.9012170654590168
33.53276638319159	0.46371518414420765	0.9001673778417876
33.66583291645823	0.4638531331021187	0.9004174646434241
33.798899449724864	0.4651104963406392	0.9016391611368942
33.93196598299149	0.46542569078596985	0.900699684291756
34.06503251625813	0.46529291369768117	0.9010728705628428
34.198099049524764	0.46591288556792176	0.9013874445664014
34.33116558279139	0.46771709446821313	0.90094810495696
34.46423211605803	0.4677260471200296	0.901635034868514
34.597298649324664	0.46943258007765915	0.9013656358469008
34.73036518259129	0.47151586872538426	0.9023313528488348
34.86343171585793	0.47226787962591094	0.9026576506183319
34.99649824912456	0.4729476163691936	0.9008231830105377
35.12956478239119	0.47304479622834883	0.9018495349214364
35.26263131565783	0.47427361189748757	0.902466926308516
35.39569784892446	0.47487311481146804	0.9018852828667642
35.52876438219109	0.4762104519608932	0.902130487625883
35.66183091545773	0.47609924602214354	0.9019173043936053
35.79489744872436	0.47724559232597286	0.9019219980769573
35.92796398199099	0.47837014922286986	0.9013324320146981
36.06103051525763	0.4792855087973443	0.9007492826169496
36.19409704852426	0.481397192707691	0.9008798680829635
36.32716358179089	0.4831319719226207	0.9005956129917082
36.46023011505753	0.4849115464336047	0.8995432436469946
36.59329664832416	0.48577284113941765	0.8977914454683034
36.72636318159079	0.4867292517448415	0.8958073320088101
36.85942971485743	0.488292466854012	0.8956375047618574
36.99249624812406	0.48908804794102767	0.8946918568758395
37.12556278139069	0.49054528483542964	0.8947539897124069
37.25862931465733	0.48997187658351926	0.8944931918459482
37.39169584792396	0.49117304307041415	0.89479149634114
37.52476238119059	0.49134484824578656	0.8950268414620755
37.65782891445723	0.493309786284453	0.8955496310854816
37.79089544772386	0.49353075216538994	0.8944979778588426
37.92396198099049	0.49415017318608573	0.894081158509701
38.05702851425713	0.49531317809205755	0.8943408792596452
38.19009504752376	0.4964092966304815	0.8941067652042969
38.3231615807904	0.49721081689245583	0.892852316295318
38.456228114057026	0.4988264397205428	0.8933897897461687
38.58929464732366	0.49987786133928375	0.8937834568583044
38.7223611805903	0.5004607013483399	0.8925556074904019
38.855427713856926	0.5010398193885672	0.8915317372318239
38.98849424712356	0.5015502260175921	0.8907035173148031
39.1215607803902	0.503728837237673	0.891656080405913
39.254627313656826	0.5044732875821722	0.891680706232164
39.38769384692346	0.5046952609102314	0.8932237842936539
39.5207603801901	0.5062483633412641	0.8915626855028554
39.653826913456726	0.507150345448837	0.891172949231179
39.78689344672336	0.5079860515565154	0.8914015106025663
39.91995997999	0.5081936807988326	0.8927099989497037
40.053026513256626	0.5105580445906067	0.8932972447891969
40.18609304652326	0.5110560340930903	0.8939532027578012
40.3191595797899	0.5120032214238148	0.8923751294875134
40.452226113056525	0.5128943369107337	0.891038778694977
40.58529264632316	0.5137376749376424	0.89099824389647
40.7183591795898	0.5153901370218394	0.8901593662167934
40.851425712856425	0.5155738560273566	0.8910564298842405
40.98449224612306	0.518010927629165	0.8901116273438074
41.1175587793897	0.5188853144445049	0.891213570802936
41.250625312656325	0.5198549639483883	0.8905214426030006
41.38369184592296	0.5212398185295523	0.8899504186850656
41.516758379189596	0.5226964021710382	0.8901075886361716
41.649824912456225	0.524207670036052	0.8898299806940434
41.78289144572286	0.5249722306035104	0.8895163224596007
41.915957978989496	0.5251947116199929	0.8896431669054036
42.049024512256125	0.5265241645256407	0.8894813211828209
42.18209104552276	0.5266564428706003	0.8895758059418786
42.315157578789396	0.5276655601996995	0.8903837306812955
42.448224112056025	0.5285862988792016	0.8901225262370117
42.58129064532266	0.5298714713122618	0.8890670528983744
42.714357178589296	0.5306417754213764	0.8885127026705198
42.847423711855924	0.5307087367328962	0.8882415301030537
42.98049024512256	0.5320358204351306	0.8873178986018779
43.113556778389196	0.5329855786072406	0.8857171328584883
43.246623311655824	0.5339621432195952	0.8853875654826517
43.37968984492246	0.5342346252437243	0.884349257266385
43.512756378189096	0.5353351261889745	0.885116372709422
43.645822911455724	0.5363205670649066	0.884912281595862
43.77888944472236	0.5369072514259572	0.8845941292235727
43.911955977988995	0.537497798905972	0.8829474216937355
44.045022511255624	0.5392542550231311	0.8838986977335467
44.17808904452226	0.5395812972892691	0.8856355071625046
44.311155577788895	0.540445190657347	0.8864904586732245
44.444222111055524	0.5414859338242258	0.8863414184761296
44.57728864432216	0.5414084059182974	0.8875255149530017
44.710355177588795	0.5421935624387132	0.8884178455807052
44.843421710855424	0.5426964025270987	0.8884261988375101
44.97648824412206	0.5434356255241435	0.8883040431496606
45.109554777388695	0.5442383209909405	0.8892700309105436
45.24262131065532	0.5453044127738673	0.8899536914126943
45.37568784392196	0.5457356865032853	0.8902180537969506
45.508754377188595	0.5463622650330009	0.8905287403288626
45.64182091045522	0.5468121035017973	0.8893176673483796
45.77488744372186	0.5471963522919175	0.8898766303254687
45.907953976988495	0.547908755823334	0.888959313199235
46.04102051025512	0.5495163362647789	0.889400659626716
46.17408704352176	0.5500618303815001	0.8901518954777385
46.307153576788394	0.5502751835398696	0.8900985762510567
46.44022011005502	0.5503042176107652	0.8889571018650269
46.57328664332166	0.5520176435000514	0.8890936738564384
46.706353176588294	0.5522251685394273	0.8872388860065157
46.83941970985492	0.5527041432594568	0.8867365392687045
46.97248624312156	0.5538068936304245	0.8871499245908095
47.105552776388194	0.5550710141797038	0.8874627251110574
47.23861930965483	0.5558633582500775	0.8873491435294144
47.37168584292146	0.5570514418821005	0.8874670852890256
47.504752376188094	0.5575707224261567	0.8863990467786735
47.63781890945473	0.5593003741697348	0.8863774869149071
47.77088544272136	0.5601149134959307	0.8859474541771992
47.903951975987994	0.5616385435694154	0.8859201096002025
48.03701850925463	0.5613215990918633	0.8856646580693348
48.17008504252126	0.5619857850339541	0.8858524389162696
48.30315157578789	0.5633260674756458	0.8858635581009873
48.43621810905453	0.5634962242862999	0.8861038022113006
48.56928464232116	0.5646451384567457	0.8861242774093121
48.70235117558779	0.5657341591813494	0.8849902463927837
48.83541770885443	0.5661140447345102	0.8851186253800892
48.96848424212106	0.5660464136079953	0.8849716612704135
49.10155077538769	0.5654697325734894	0.8858958873420683
49.23461730865433	0.567679679309159	0.8867817356228267
49.36768384192096	0.5676783599956357	0.8871825195045795
49.50075037518759	0.5680118697887966	0.8880077605885205
49.63381690845423	0.5676065035078391	0.888635419405383
49.76688344172086	0.5680910847239402	0.8873916934756901
49.89994997498749	0.5683385329516858	0.8872821997835699
50.03301650825413	0.5686592113546406	0.8876159871523157
50.16608304152076	0.5704778926479075	0.8877831532884326
50.29914957478739	0.5709830871910302	0.8879330564542869
50.43221610805403	0.5712697873214735	0.8866257262061608
50.56528264132066	0.5723531552426409	0.8857989302330959
50.69834917458729	0.5735399004811708	0.8855932399364485
50.83141570785393	0.5750537779427067	0.8865711597579568
50.96448224112056	0.5754460357970711	0.8860947878783534
51.09754877438719	0.5747502414603506	0.8851823113284837
51.23061530765383	0.5764081801121469	0.8855320506298717
51.36368184092046	0.5761746762724769	0.8860343541684371
51.49674837418709	0.5767708255926836	0.8857790301310363
51.62981490745373	0.5772169564557111	0.8859187071533503
51.762881440720356	0.5782047983937877	0.8851518256360354
51.89594797398699	0.5782537916348279	0.8845839418923019
52.02901450725363	0.5788696723381574	0.8842509752173864
52.162081040520256	0.5793894908138534	0.8841144407807104
52.29514757378689	0.5796422303398712	0.8833748461310775
52.42821410705353	0.5801069932691946	0.8833282571211747
52.561280640320156	0.5811378800004701	0.8825646196255439
52.69434717358679	0.5820767388344342	0.8818171842244149
52.82741370685343	0.5827996965928592	0.8826002823377117
52.960480240120056	0.5831999485360667	0.881610285038918
53.09354677338669	0.584139219504898	0.8813139658025309
53.22661330665333	0.5857280123373126	0.8809123195178413
53.359679839919956	0.5852239441939384	0.8797548788379008
53.49274637318659	0.5856753890751115	0.8803420197185489
53.62581290645323	0.5872974802407869	0.8813895522459637
53.758879439719855	0.5867616636915165	0.8820060333644572
53.89194597298649	0.5866507800773199	0.8828607713639519
54.02501250625313	0.5875914181217612	0.8826547870499861
54.158079039519755	0.587794327008508	0.8826845753624933
54.29114557278639	0.588819390817219	0.8817924382433343
54.42421210605303	0.5893152787169909	0.8817054120647746
54.557278639319655	0.5885657112947209	0.880357825136457
54.69034517258629	0.5895814091956604	0.8800951354136406
54.823411705852926	0.5899039895068497	0.8800577959135304
54.956478239119555	0.5901583808932298	0.8795058996834262
55.08954477238619	0.5918156331358607	0.8808839763472065
55.222611305652826	0.5927865165397014	0.8806543943547493
55.35567783891946	0.5943939218698936	0.8801093997841763
55.48874437218609	0.5961485553613984	0.8797855978654674
55.621810905452726	0.5969396488609067	0.8802468840440868
55.75487743871936	0.598011311984003	0.8793179498470475
55.88794397198599	0.5994461343165995	0.8793883131955028
56.021010505252626	0.598846506230667	0.8784178736396179
56.15407703851926	0.5988956225448033	0.8773260132099445
56.28714357178589	0.5996953419722038	0.8766556024486578
56.420210105052526	0.6012565172926491	0.877920736172295
56.55327663831916	0.601377334098659	0.8791113966089579
56.68634317158579	0.6021872561965604	0.8791300184329248
56.819409704852426	0.6031772572138754	0.878032543886807
56.95247623811906	0.6037678665871609	0.8786948123787086
57.08554277138569	0.6052893899292037	0.8780380696222353
57.218609304652325	0.6066924406117172	0.8772703621795536
57.35167583791896	0.6064670257148704	0.8761964019810468
57.48474237118559	0.6066629529525357	0.8755132386140716
57.617808904452225	0.6070677352089766	0.8748058577444605
57.75087543771886	0.6078954150421745	0.8755168071227317
57.88394197098549	0.6097116563355075	0.8764113820242161
58.017008504252125	0.6101343626739932	0.8758346711116992
58.15007503751876	0.6092783696121026	0.8755530179212077
58.28314157078539	0.6099141979099229	0.8758908765530193
58.416208104052025	0.6110749440017665	0.8768189859655642
58.54927463731866	0.610492262747418	0.875667386830715
58.68234117058529	0.6108916759016323	0.8743561488425331
58.815407703851925	0.6111050460700396	0.8750064669730234
58.94847423711856	0.6124479044470644	0.8758920257536573
59.08154077038519	0.6128243093258828	0.8754910611079774
59.214607303651825	0.6128366365767278	0.8765040127044804
59.34767383691846	0.6142593300637937	0.8759912891634236
59.48074037018509	0.6152823653651847	0.8754528049644521
59.613806903451724	0.6158200765300692	0.8749241561770436
59.74687343671836	0.6169149375722379	0.874654917579675
59.87993996998499	0.6174999404330301	0.8750087003154904
60.013006503251624	0.6182212625896105	0.874616902333541
60.14607303651826	0.6186022690868069	0.8754870196114846
60.27913956978489	0.6200600018152937	0.8763729397930862
60.412206103051524	0.6195994200323106	0.8766459234069687
60.54527263631816	0.6207527731513028	0.8758761082002161
60.67833916958479	0.6214103885285904	0.8748353509030715
60.811405702851424	0.622007812257328	0.8760736151131526
60.94447223611806	0.6222180117522019	0.875749978630007
61.07753876938469	0.6220579113822817	0.8754175867589338
61.210605302651324	0.6226478725383923	0.8756935888609562
61.34367183591796	0.6222864795249712	0.875311578382949
61.47673836918459	0.6219689859607013	0.87481623864754
61.60980490245122	0.622818604528078	0.8738672618661422
61.74287143571786	0.6243323845422277	0.8729228215334606
61.87593796898449	0.6240097411285446	0.8739806355226022
62.00900450225112	0.622965573849695	0.8742130338482281
62.14207103551776	0.6244381851497282	0.8743339658863318
62.27513756878439	0.6256756825456035	0.873268029382085
62.40820410205102	0.6255965637694173	0.8735407520471666
62.54127063531766	0.6263350412092674	0.8744077028768801
62.67433716858429	0.6270090535698927	0.8747081550706339
62.80740370185092	0.6274026154199749	0.8734731872692073
62.94047023511756	0.6284678654033725	0.8734463744764066
63.07353676838419	0.6289833568367912	0.8726462356400805
63.20660330165082	0.6295168031233069	0.8711732170857048
63.33966983491746	0.6300238949896388	0.8696159306468434
63.47273636818409	0.6292719289809009	0.8690204165267396
63.60580290145072	0.6301983890097048	0.8690019902031413
63.73886943471736	0.6318222127918705	0.8692063963282334
63.87193596798399	0.6327534383781642	0.8710860266968448
64.00500250125063	0.6337906708551113	0.8714814816799283
64.13806903451726	0.63584724878841	0.8714873094639893
64.27113556778389	0.6363380733205592	0.8712464828216007
64.40420210105053	0.6364795409741225	0.8727240181946158
64.53726863431716	0.6357792910702018	0.8723548938506349
64.67033516758379	0.6361859528745596	0.8715189506835088
64.80340170085043	0.6363326199758976	0.8702340921543725
64.93646823411706	0.6366823014421324	0.8687282199030582
65.06953476738369	0.6363072421128899	0.868123005567895
65.20260130065033	0.6371799651815393	0.8689300845466649
65.33566783391696	0.6381318685229574	0.8688059483259334
65.46873436718359	0.6383808175139604	0.867711580665206
65.60180090045023	0.6392099005323322	0.8675650190255648
65.73486743371686	0.63909015552251	0.867648436889232
65.86793396698349	0.640941485547168	0.8682825049399465
66.00100050025013	0.6410660212234633	0.8683952750591452
66.13406703351676	0.6413217409285443	0.8686017854085656
66.26713356678339	0.6426947583945287	0.8685975310673012
66.40020010005003	0.6431873256497297	0.8690701576083792
66.53326663331666	0.6441210761730322	0.8683130888815095
66.66633316658329	0.6441340560751994	0.8684418198676401
66.79939969984993	0.6443353647114018	0.8682421627573292
66.93246623311656	0.6429495591935269	0.8676415264405531
67.06553276638319	0.6432854515542819	0.8674134139723684
67.19859929964983	0.6436028973028036	0.8677118455735856
67.33166583291646	0.6425053127408058	0.868814504112827
67.46473236618309	0.642800017756067	0.8686332098376784
67.59779889944973	0.6427293686550646	0.8676873636131123
67.73086543271636	0.6426097763890108	0.8682525780868505
67.86393196598299	0.6433154304908454	0.8681109615179629
67.99699849924963	0.6438496332755055	0.86753527273769
68.13006503251626	0.6446115029442219	0.8672841486439629
68.26313156578288	0.6450207540223742	0.8673118003673289
68.39619809904953	0.6457772397257946	0.8670384819053709
68.52926463231616	0.6454419851069682	0.8661292454351803
68.66233116558278	0.6459929274469803	0.8669547211504958
68.79539769884943	0.6475735890704615	0.8668623353592154
68.92846423211606	0.6475731648172836	0.8664785099052507
69.06153076538268	0.6469005537032091	0.8658917320484631
69.19459729864933	0.6473144747393678	0.8657080308970212
69.32766383191596	0.6475881273748397	0.8668653852442387
69.46073036518258	0.6479775501939374	0.8664183038191762
69.59379689844923	0.6481743199025735	0.8659379593329717
69.72686343171586	0.6471429187937513	0.8662774773039578
69.85992996498248	0.6476645123973156	0.8658318410459007
69.99299649824913	0.6482684488024958	0.8650119920630606
70.12606303151576	0.6486838422280427	0.8646645198592618
70.25912956478238	0.6489773395244549	0.8636770594377764
70.39219609804903	0.650683694266983	0.8647959421650447
70.52526263131566	0.6504628659426278	0.8648649840704281
70.65832916458228	0.6507064769688523	0.8655413148504083
70.79139569784893	0.6513824627437208	0.8650426563746931
70.92446223111556	0.6503610327785958	0.8653830908150674
71.05752876438218	0.650450396883306	0.8653082965318221
71.19059529764883	0.6497279608831472	0.8661226754655741
71.32366183091546	0.6498912093910207	0.8665613676197487
71.45672836418208	0.6502517694704332	0.8675844169608258
71.58979489744873	0.6505392309551741	0.8683219166541378
71.72286143071535	0.6505289935128803	0.8686191290092049
71.85592796398198	0.6504180289623034	0.8675588846014463
71.98899449724863	0.6517142066773038	0.8672416398135103
72.12206103051525	0.6539382101655627	0.8664188067452945
72.25512756378188	0.6536265088522768	0.864847658726402
72.38819409704853	0.6549427463359144	0.8647953873611498
72.52126063031515	0.6566446835482951	0.8647186404659634
72.65432716358178	0.6567976239256528	0.8629792294690963
72.78739369684843	0.6575960414973391	0.8635721357883088
72.92046023011505	0.658520945547849	0.8633811597215616
73.05352676338168	0.6591816320597419	0.863757280619846
73.18659329664833	0.6592617571309973	0.8630235952173506
73.31965982991495	0.6588627281416433	0.8625138139341681
73.45272636318158	0.6588729599126958	0.8627952484397317
73.58579289644823	0.6584977161091434	0.8625507355930422
73.71885942971485	0.6602427819347025	0.8632361553767258
73.85192596298148	0.6606020310070726	0.8628593283066277
73.98499249624813	0.6610440171988686	0.8618382855296489
74.11805902951475	0.6620999460130128	0.8616811981998908
74.25112556278138	0.662268392821095	0.8613514511106716
74.38419209604803	0.6613076377294302	0.861319517035154
74.51725862931465	0.6596914085804775	0.8613937139306003
74.65032516258128	0.6595635919441124	0.8619275022772153
74.78339169584793	0.6597858479699047	0.8627826796100717
74.91645822911455	0.6610491917636759	0.8624561483598918
75.04952476238118	0.6616549647313054	0.8617128693356699
75.18259129564782	0.6626422094134573	0.8612985486454968
75.31565782891445	0.6628053963038	0.8607391501252712
75.44872436218108	0.661577758660544	0.8600473595243712
75.58179089544772	0.660616377974302	0.8595813107433992
75.71485742871435	0.6606007785961618	0.8586362093882894
75.84792396198098	0.6610345923678099	0.8582958256075389
75.98099049524762	0.6616153820890174	0.8572665455091721
76.11405702851425	0.6622543560754094	0.8572102722227605
76.24712356178088	0.6634381795272393	0.8576440204942384
76.38019009504752	0.6637408396768584	0.8576582682213519
76.51325662831415	0.6640821449557107	0.8559836752111228
76.6463231615808	0.6657665535610944	0.8572774633270966
76.77938969484742	0.665014897989267	0.8566064488092956
76.91245622811405	0.6645122911086965	0.8561329064068828
77.0455227613807	0.6657010605981579	0.8564718718077583
77.17858929464732	0.6657258466427667	0.8570935017808716
77.31165582791395	0.6658462036328209	0.8579630860058332
77.4447223611806	0.6665701800015789	0.8576854631874478
77.57778889444722	0.6664701836460063	0.8575419165892303
77.71085542771385	0.6670542734583431	0.8586709507111076
77.8439219609805	0.6673350008482126	0.8576870654562003
77.97698849424712	0.6675165167755278	0.8562927122763495
78.11005502751375	0.6674521235811663	0.8570287601576371
78.2431215607804	0.6679415919815673	0.8572222269583886
78.37618809404702	0.6667725484019843	0.8565515905760066
78.50925462731365	0.6673667170456059	0.8564472173631298
78.6423211605803	0.668259234318418	0.8575193644089381
78.77538769384692	0.6685868724906698	0.8570604968267417
78.90845422711355	0.6686089608031187	0.8560585064009382
79.0415207603802	0.6685908597872355	0.8557839260890475
79.17458729364682	0.6696377814566	0.8555588812525843
79.30765382691345	0.6702707058656506	0.8547083593586873
79.4407203601801	0.6700239634682087	0.8548381275207432
79.57378689344672	0.6702275028806972	0.8549396404668099
79.70685342671335	0.6712653662636605	0.8559525064648438
79.83991995998	0.6710781528187605	0.8574710396941684
79.97298649324662	0.6702616959073182	0.8567999051481275
80.10605302651325	0.6696923430413951	0.8556674683745948
80.2391195597799	0.6709646454714486	0.8543288677321667
80.37218609304652	0.6708141940003987	0.8534469888918262
80.50525262631315	0.671288799173415	0.8531090301045153
80.6383191595798	0.6722699338228266	0.8527183377578175
80.77138569284642	0.6739890834714366	0.8524340982496373
80.90445222611305	0.6751053212658277	0.8532579865601321
81.0375187593797	0.6741796821734155	0.8551309295921314
81.17058529264632	0.674139151305288	0.854677689709036
81.30365182591295	0.6739257265193058	0.8531193123799572
81.4367183591796	0.6742678004064372	0.855488090271797
81.56978489244622	0.674671165056396	0.8546721024471838
81.70285142571285	0.6740361017368859	0.8552072103986592
81.8359179589795	0.6755995186571171	0.8550520765242628
81.96898449224612	0.6749536550991186	0.8545769901178758
82.10205102551275	0.6749458287592751	0.8552013759023942
82.2351175587794	0.6751457219138244	0.8549721450251505
82.36818409204602	0.6767857996254008	0.8538823787037824
82.50125062531265	0.6779994532573814	0.8539508240740932
82.6343171585793	0.6785116866870292	0.8529501960925564
82.76738369184592	0.6795177629173534	0.851601845206794
82.90045022511255	0.6788733455479546	0.8509155368103052
83.03351675837919	0.6777055870534373	0.8505325375032046
83.16658329164582	0.6776811313439883	0.8497766458930627
83.29964982491245	0.6792973867055419	0.8496271848989
83.43271635817909	0.6791188727326862	0.8498337894805487
83.56578289144572	0.679379248135291	0.8497216659136599
83.69884942471235	0.6784885765638623	0.8502130733497085
83.83191595797899	0.6788859709638164	0.8511498428014418
83.96498249124562	0.6800858503984046	0.8517435979177369
84.09804902451225	0.6808305165561949	0.8516019783073119
84.23111555777889	0.680892491690657	0.8515755254318805
84.36418209104552	0.6805804250113959	0.8529245912237732
84.49724862431215	0.6811401588679908	0.8531111131516794
84.63031515757879	0.6811629139054026	0.8527682141280669
84.76338169084542	0.6810495441825515	0.8536903146318487
84.89644822411205	0.681445438331462	0.8529280685128603
85.02951475737869	0.6812597008764768	0.8522187343717552
85.16258129064532	0.6813994977511506	0.8518355743180023
85.29564782391195	0.6820082723037876	0.8516715960296124
85.42871435717859	0.6822103756145255	0.8525465998669337
85.56178089044522	0.6811384864932016	0.8524705320188689
85.69484742371185	0.6813729027397093	0.850911692874171
85.82791395697849	0.6816638521631527	0.850335499655451
85.96098049024512	0.6822387487769884	0.8498406347232487
86.09404702351175	0.6828906837628347	0.8484457937969611
86.22711355677839	0.6829053507779835	0.8482457186271678
86.36018009004502	0.6819063490419486	0.8491020582778583
86.49324662331165	0.6820127795831729	0.8494172450258465
86.62631315657829	0.6825984424764796	0.8487788461681125
86.75937968984492	0.6833738464250766	0.8480113064095669
86.89244622311155	0.6828328920194917	0.8480839940693151
87.02551275637819	0.6816338772034826	0.8476245399135937
87.15857928964482	0.6818153913576598	0.8481190037133264
87.29164582291145	0.6821335730692801	0.8483036121701453
87.42471235617809	0.6816228986881901	0.8482278690384814
87.55777888944472	0.6822006177284508	0.847494231278046
87.69084542271135	0.6823638110611949	0.8473473873718043
87.82391195597799	0.6834479477907093	0.8470273999241953
87.95697848924462	0.6837609602128017	0.8472870971783044
88.09004502251125	0.6842457265919509	0.8473827371282172
88.22311155577789	0.6850523609562071	0.8470450576443266
88.35617808904452	0.6853665873405429	0.8468780399716048
88.48924462231115	0.6853570704690928	0.8460402357315286
88.62231115557779	0.6855664355809937	0.8458096120775515
88.75537768884442	0.6858682113121001	0.845819264866495
88.88844422211105	0.6873302900301085	0.8453597364517971
89.02151075537769	0.6883266987845158	0.8446895440766351
89.15457728864432	0.6887962149839459	0.8443483491504881
89.28764382191095	0.6891806511946561	0.844813845865508
89.42071035517759	0.6901082511693531	0.8436565654898975
89.55377688844422	0.6919938037852594	0.8431757937110794
89.68684342171085	0.6917040155117066	0.8434620918551305
89.81990995497749	0.6913003325363315	0.8435742969919964
89.95297648824412	0.6916190330398994	0.8430930451659191
90.08604302151075	0.6921067857787503	0.8427768296310468
90.21910955477739	0.6909178152785238	0.8419939904693282
90.35217608804402	0.691172334125799	0.8411068436844525
90.48524262131065	0.6917630938828341	0.8408891193546943
90.61830915457729	0.6912937328423097	0.8420240664948283
90.75137568784392	0.6915746050968175	0.8412305547885776
90.88444222111055	0.6916220596034975	0.8413484789041116
91.01750875437719	0.6923833145194058	0.842455606899644
91.15057528764382	0.6933898408653157	0.8415920661235393
91.28364182091045	0.6937753376130263	0.842396193560885
91.41670835417709	0.6941558060992229	0.8425210149651656
91.54977488744372	0.6940680661350632	0.8428058884174757
91.68284142071035	0.6947615806044066	0.8414441666249977
91.81590795397699	0.6958647292549223	0.8397764343031611
91.94897448724362	0.696635978182061	0.8394029321742195
92.08204102051025	0.6971175584874625	0.8387692697943765
92.21510755377689	0.6957245980761376	0.8385387587466779
92.34817408704352	0.6949906956553354	0.8389482789189567
92.48124062031015	0.6959388666770586	0.8386925110103585
92.61430715357679	0.6964054795850494	0.8386901440699581
92.74737368684342	0.696210053861325	0.8379614748070009
92.88044022011005	0.6973450057180219	0.8379608520065701
93.01350675337669	0.6974850740582107	0.8369349056129111
93.14657328664332	0.6956588199566088	0.8367645373607233
93.27963981990995	0.6955417170815146	0.8378249192571567
93.41270635317659	0.6952396488562052	0.8382256583427061
93.54577288644322	0.6957833170887743	0.837730890245384
93.67883941970985	0.6965014912038191	0.8372912990751421
93.81190595297649	0.6969815195831799	0.8375703027036031
93.94497248624312	0.6966785700685932	0.836505295089856
94.07803901950976	0.6972748638091496	0.8370718047817216
94.21110555277639	0.6974475674172516	0.8371797544386587
94.34417208604302	0.6977319174967932	0.8365796366189123
94.47723861930966	0.6980155821341226	0.8355445886119137
94.61030515257629	0.6980021391908746	0.834268170645062
94.74337168584292	0.6986364600501052	0.8339526221269992
94.87643821910956	0.6997480133945796	0.833206308447201
95.00950475237619	0.7002429444053192	0.8337865627157892
95.14257128564282	0.6988355447983524	0.833783244001757
95.27563781890946	0.6988656012431437	0.834329029115163
95.40870435217609	0.6999314216209085	0.8355371755685348
95.54177088544272	0.7012343847872731	0.8346570202254545
95.67483741870936	0.700493633952913	0.8343063143473155
95.80790395197599	0.6997111887840027	0.8354150589838775
95.94097048524262	0.7003009062376427	0.8364142489560448
96.07403701850926	0.700325384302233	0.8365865789103506
96.20710355177589	0.7001954726533215	0.8355605835269273
96.34017008504252	0.7004495547601568	0.8336822657745786
96.47323661830916	0.7008029497795807	0.8333980339306274
96.60630315157579	0.7016442453701762	0.8329470782398937
96.73936968484242	0.7023207298745087	0.8320943126645788
96.87243621810906	0.7026726674649862	0.8318583613924119
97.00550275137569	0.7028554826068689	0.8320716535176949
97.13856928464232	0.7027806372975834	0.8328320310259529
97.27163581790896	0.7032463454628031	0.8342747725474993
97.40470235117559	0.7026243086918271	0.8351104031278087
97.53776888444222	0.702687960036083	0.8351448360672613
97.67083541770886	0.7036149697921145	0.8353502731847683
97.80390195097549	0.703208449691985	0.8363624409038938
97.93696848424212	0.7019301903827143	0.8360914409068283
98.07003501750876	0.7024342120317498	0.8356043967250056
98.20310155077539	0.7031662635403558	0.8361000530483896
98.33616808404201	0.7024202932053408	0.8368067874383417
98.46923461730866	0.7019016163615645	0.8354961720197518
98.60230115057529	0.7030267141677684	0.8344700390602093
98.73536768384191	0.7039254524805785	0.8335207877301644
98.86843421710856	0.7038693784665799	0.833329002713586
99.00150075037519	0.7036918159371365	0.8335611609505484
99.13456728364181	0.704519624059021	0.8336826600748448
99.26763381690846	0.704070906831782	0.8337391882433611
99.40070035017509	0.703826339905203	0.8337032751579133
99.53376688344171	0.7042199375461708	0.832386406263975
99.66683341670836	0.704762059110244	0.8327796519256557
99.79989994997499	0.70480067443124	0.8343475739624748
99.93296648324161	0.7043316440384016	0.8351807967782928
100.06603301650826	0.7047719380047854	0.8359608854955293
100.19909954977489	0.7050996116171595	0.8364752154046022
100.33216608304151	0.7049290786565781	0.8357232192489115
100.46523261630816	0.705644203606914	0.8357499669403767
100.59829914957479	0.7067123281850255	0.8346005091211107
100.73136568284141	0.7076147940698326	0.8349925681973016
100.86443221610806	0.7079148326182861	0.835117925839514
100.99749874937469	0.7081650071306211	0.8342246784739497
101.13056528264131	0.7085290399909777	0.8338068200074337
101.26363181590796	0.7082516725952798	0.83382274874693
101.39669834917459	0.7084448550299578	0.8343771945310369
101.52976488244121	0.7087462570622011	0.8348272699670388
101.66283141570786	0.7089769292477356	0.834115551560665
101.79589794897448	0.7092053357261332	0.834318961970142
101.92896448224111	0.7091094080905632	0.8341582829619668
102.06203101550776	0.7094105405718552	0.8336524601617725
102.19509754877438	0.7091326520367779	0.8326682897004409
102.32816408204101	0.7083835241265758	0.832283274319836
102.46123061530766	0.7084027332925551	0.8319908021036578
102.59429714857428	0.7078454422970792	0.8303429367114821
102.72736368184091	0.70753414911043	0.8293127106506356
102.86043021510756	0.7080789694546971	0.8280476402968578
102.99349674837418	0.7088772144490816	0.8266414041703738
103.12656328164081	0.7095168099819913	0.8267693522844834
103.25962981490746	0.7090443865785062	0.8271619686595107
103.39269634817408	0.7093103524468483	0.8272544050453398
103.52576288144071	0.7097051606313407	0.8271258598157772
103.65882941470736	0.709263917624317	0.8266669463002354
103.79189594797398	0.7107442448662721	0.8273867794754531
103.92496248124061	0.7103284860164141	0.8285752747581938
104.05802901450726	0.7095964422422717	0.8296123470346727
104.19109554777388	0.7103713270624283	0.8297612685276705
104.32416208104051	0.7108270526185686	0.8295431126291398
104.45722861430716	0.7114236074237992	0.8290797951922922
104.59029514757378	0.7105532670307942	0.8279342127801943
104.72336168084041	0.7100603997183917	0.8280115287592659
104.85642821410705	0.7104273031771542	0.8287990225630897
104.98949474737368	0.7107815738542674	0.8294071642096514
105.12256128064031	0.7107188346031571	0.8299052796511759
105.25562781390695	0.7095458773126295	0.8288958711243327
105.38869434717358	0.7088380138170794	0.828167887658695
105.52176088044021	0.7092981677033574	0.8283287868007106
105.65482741370685	0.7093878665487942	0.8283528904781835
105.78789394697348	0.7102064159237663	0.8276889666132582
105.92096048024011	0.7092823168329289	0.8275915978977275
106.05402701350675	0.7088936149478632	0.8279186765352617
106.18709354677338	0.7093782929865545	0.8274957267984068
106.32016008004001	0.7090605161451699	0.8277416703450589
106.45322661330665	0.7093175916515773	0.8270310796675752
106.58629314657328	0.7088656971277352	0.8271355253483442
106.71935967983991	0.7081059660805606	0.8273966731941828
106.85242621310655	0.7073610077843017	0.8274481767262459
106.98549274637318	0.707408477376845	0.8288320260376489
107.11855927963981	0.7072359764283637	0.8285497197600795
107.25162581290645	0.7075765287077033	0.8275444570355426
107.38469234617308	0.7071248693888765	0.8266042758595729
107.51775887943971	0.7072010578671258	0.826749586838013
107.65082541270635	0.7073328237082019	0.8271969822157685
107.78389194597298	0.7068155797995538	0.8270281302073146
107.91695847923961	0.7062909615545202	0.8273472722231907
108.05002501250625	0.7066822183584373	0.8271279506341022
108.18309154577288	0.7064875051914112	0.8269387258193267
108.31615807903951	0.7076804810986795	0.8276839949061681
108.44922461230615	0.7085603710792095	0.8274207765689796
108.58229114557278	0.7081277392759336	0.8279324675265848
108.71535767883941	0.7075905462520244	0.8281393592288799
108.84842421210605	0.7070578591913601	0.8266467750651847
108.98149074537268	0.7070954443981653	0.8267042435639523
109.11455727863931	0.7070143048028832	0.8265304570941169
109.24762381190595	0.7066496191967735	0.8264518555497022
109.38069034517258	0.7063355326380404	0.8289752823482371
109.51375687843921	0.7066529737758158	0.8299310349711075
109.64682341170585	0.7064543799764421	0.8287286013835916
109.77988994497248	0.7059313796608544	0.8282525486555837
109.91295647823911	0.7056709778713209	0.8279446011250601
110.04602301150575	0.705440415372582	0.8276279823181105
110.17908954477238	0.7055438726424782	0.8268694138530346
110.31215607803901	0.7042989163426161	0.8266236117979485
110.44522261130565	0.7046613800820997	0.8268821751537653
110.57828914457228	0.7061615693848021	0.827450391307544
110.71135567783892	0.706773822759411	0.8268421122705898
110.84442221110555	0.7069610800533394	0.8257393922282782
110.97748874437218	0.708050886776373	0.8263359284492228
111.11055527763882	0.7094766465260716	0.8258490469616118
111.24362181090545	0.7105640898300029	0.8252819169069027
111.37668834417208	0.7113350139980366	0.8255370499612648
111.50975487743872	0.7106846246600288	0.8251841339424445
111.64282141070535	0.7106954393062661	0.8259847675188198
111.77588794397198	0.7114527762266988	0.8258416665333492
111.90895447723862	0.7132506188822522	0.8254875425377374
112.04202101050525	0.7133263227186352	0.8257892123057088
112.17508754377188	0.7131312765982759	0.8246651539680582
112.30815407703852	0.7137299774362366	0.823137063370601
112.44122061030515	0.7140127582757302	0.8237520956235306
112.57428714357178	0.7137359955313974	0.823120908125988
112.70735367683842	0.7143680963421796	0.8228477619961527
112.84042021010505	0.7154828267757082	0.8226804770842153
112.97348674337168	0.7158912134619589	0.8210526602677202
113.10655327663832	0.7165542851527029	0.8210451597405976
113.23961980990495	0.7164916065272737	0.8213935948662705
113.37268634317158	0.7163570290246324	0.8212479554953127
113.50575287643822	0.7163355332103976	0.8204174979463289
113.63881940970485	0.7164061430989704	0.8197614038736233
113.77188594297148	0.7166198129827573	0.8199020736962593
113.90495247623812	0.7160048297204475	0.8193664370742711
114.03801900950475	0.7155158385174984	0.8199494477220065
114.17108554277138	0.7151199476083842	0.8199411261401833
114.30415207603802	0.7146957644193982	0.8200188938788461
114.43721860930465	0.7137592325923334	0.8199485476806884
114.57028514257128	0.7132059525434242	0.818884418418153
114.70335167583792	0.7133324947276701	0.8183377385865863
114.83641820910455	0.7131445498304704	0.8184506940425856
114.96948474237118	0.7122747320741205	0.8176110662540049
115.10255127563782	0.7120720512449247	0.8179790759353834
115.23561780890445	0.7116525069177946	0.8201358134389164
115.36868434217108	0.711115221443325	0.8209294316906299
115.50175087543772	0.7121958687858883	0.8208914091979148
115.63481740870435	0.7131744566346274	0.8199495458486484
115.76788394197098	0.713924873399493	0.8192438263124854
115.90095047523762	0.713279092440005	0.8198431621777691
116.03401700850425	0.7124266732749698	0.8196168617034509
116.16708354177088	0.7127445365459177	0.8194035020194711
116.30015007503752	0.713076366416268	0.8195094168023636
116.43321660830415	0.7137787102878284	0.8200768120809808
116.56628314157078	0.7146330402377343	0.8200389374879306
116.69934967483742	0.7149755565658915	0.8194725833096828
116.83241620810405	0.7134883799263664	0.8196982330089624
116.96548274137068	0.7133774152623579	0.8198660785470544
117.09854927463732	0.7141491728862203	0.8199582081873193
117.23161580790395	0.7133718268595948	0.8204023178547153
117.36468234117058	0.7136286429248538	0.8200247866068563
117.49774887443722	0.7139331956954068	0.8199049051729461
117.63081540770385	0.7150441627309917	0.8196655846991886
117.76388194097048	0.7147737211857034	0.8188128745106354
117.89694847423712	0.7142230597770645	0.8175995132229639
118.03001500750375	0.7150844529542509	0.8178083218433924
118.16308154077038	0.7148691814487078	0.8183800190934578
118.29614807403702	0.7136951894597793	0.8187082426071848
118.42921460730365	0.7136161321252973	0.8186953216559127
118.56228114057028	0.7139012601239306	0.8190547949374443
118.69534767383692	0.7135895274835772	0.8196889772780808
118.82841420710355	0.7122830592868654	0.8188977975771956
118.96148074037018	0.7115590523304101	0.8188792530685469
119.09454727363682	0.7115217787234208	0.8190276007575311
119.22761380690345	0.712937587758768	0.819149037679981
119.36068034017008	0.7133062901601415	0.8195940138732262
119.49374687343672	0.7131883172437845	0.8192189467375847
119.62681340670335	0.7133928480692497	0.8182164692385437
119.75987993996998	0.7127865747406728	0.8177291307718233
119.89294647323662	0.7133609431325357	0.8183499364145049
120.02601300650325	0.7141648379409969	0.8191959623706767
120.15907953976988	0.712993844717544	0.8191388547213648
120.29214607303652	0.7122905513049895	0.8193394989298046
120.42521260630315	0.7125733145578457	0.8183760682535001
120.55827913956978	0.7135178651779769	0.8188512903713593
120.69134567283642	0.7131930288173078	0.8188097994963494
120.82441220610305	0.7130017933448697	0.817414104143118
120.95747873936968	0.7141656071982916	0.8173111985071086
121.09054527263632	0.7138646688226342	0.8165314286826525
121.22361180590295	0.7132546079336762	0.8168528951299971
121.35667833916958	0.7138523088540125	0.8168927542366726
121.48974487243622	0.7145123779156078	0.8171323901305041
121.62281140570285	0.7148159654171112	0.8167246435406795
121.75587793896948	0.7146095989689409	0.8162212221685518
121.88894447223612	0.7146464549567815	0.8157039284658708
122.02201100550275	0.7142926651176301	0.8160316720382595
122.15507753876938	0.7152469780984065	0.816269221141477
122.28814407203602	0.7156662940988358	0.8143343688364112
122.42121060530265	0.7146859556116182	0.8146123717875378
122.55427713856928	0.7147056097121223	0.8152318113116185
122.68734367183592	0.7142912034249669	0.8136052237030782
122.82041020510255	0.7133050938870623	0.8134478950134106
122.95347673836918	0.7138011497559275	0.8139787184640868
123.08654327163582	0.7141665811489543	0.8137789177121193
123.21960980490245	0.7131816512012595	0.8133168980347608
123.35267633816908	0.7139819129051883	0.8122949901092513
123.48574287143572	0.715439958135063	0.8111849761929879
123.61880940470235	0.7157490520575145	0.810293740923124
123.75187593796898	0.7161448258864503	0.8099490309977023
123.88494247123562	0.7165972540054899	0.810285581842534
124.01800900450225	0.7167367505222326	0.8112283374380926
124.15107553776888	0.7166301969722244	0.8124206148310265
124.28414207103552	0.717249115674603	0.8131738743127396
124.41720860430215	0.7186103691355439	0.8126227081481229
124.55027513756878	0.7189915005758244	0.8118799756822774
124.68334167083542	0.7191940065103134	0.8111908303703317
124.81640820410205	0.7201950816531649	0.8099033521081019
124.94947473736867	0.7198706878557546	0.8091834445353812
125.08254127063532	0.7194106394596466	0.809419171506409
125.21560780390195	0.7183256010560775	0.8103144454447966
125.34867433716857	0.717126510353136	0.810249170945731
125.48174087043522	0.7170554825680273	0.8101547342501931
125.61480740370185	0.7164321343776792	0.8108387412677504
125.74787393696847	0.7165621686091822	0.8100962063403183
125.88094047023512	0.7163237941898113	0.8099490926252464
126.01400700350175	0.7158216811013284	0.8106362118435699
126.14707353676837	0.7164910596651528	0.8099725073766116
126.28014007003502	0.7164454483398424	0.8085925582177474
126.41320660330165	0.7159984386799586	0.8082923806747869
126.54627313656827	0.7162903504775257	0.8075753360828717
126.67933966983492	0.7168183096823472	0.80732128053996
126.81240620310155	0.717778871030043	0.8077632080305638
126.94547273636817	0.7180192209741014	0.8086559010098453
127.07853926963482	0.7177640071809808	0.8095858140629445
127.21160580290145	0.7178200339940942	0.8093756711682993
127.34467233616807	0.7180018526248149	0.8087389387305319
127.47773886943472	0.7176397307684884	0.8071170558862859
127.61080540270135	0.7168968071341234	0.8071168640856106
127.74387193596797	0.7165415294237248	0.8076538078689915
127.87693846923462	0.7158961914953753	0.8073383081674688
128.01000500250126	0.7154380353011552	0.8071208085347589
128.1430715357679	0.7164129354423407	0.8054027710885807
128.27613806903452	0.7174158753935083	0.8052312736768042
128.40920460230114	0.717595748947832	0.8061291465418922
128.54227113556777	0.71645944227331	0.8053137173424681
128.6753376688344	0.7165418215610819	0.8054059972401918
128.80840420210106	0.7175765315261883	0.8060650217434822
128.9414707353677	0.7175401881314061	0.8056629892819197
129.07453726863432	0.7186274314356663	0.8061210582510157
129.20760380190094	0.7183040074606616	0.8071273069755384
129.34067033516757	0.7175485059563443	0.8069348652717183
129.4737368684342	0.7171656293838908	0.8065352482508898
129.60680340170086	0.7169707337129165	0.8061001730789247
129.7398699349675	0.7177013189877742	0.8062118420180473
129.87293646823412	0.7189785270440286	0.8069120471315474
130.00600300150074	0.7195214977228254	0.8065140384959558
130.13906953476737	0.719521833866554	0.8053491488225355
130.272136068034	0.7202983056003442	0.8049541541674939
130.40520260130066	0.7197295358739781	0.8049124339305165
130.5382691345673	0.7192153338335746	0.8050689905791693
130.67133566783392	0.7193214553825946	0.804980653608862
130.80440220110054	0.718929753443497	0.8044038557138045
130.93746873436717	0.7186587233819662	0.8047891748943978
131.0705352676338	0.7181699936597462	0.8045706000433211
131.20360180090046	0.7175351143884245	0.8038626694520505
131.3366683341671	0.7180924690983871	0.8041379843495433
131.46973486743371	0.7188489080722016	0.8047166703818434
131.60280140070034	0.7178026959001227	0.805323051043855
131.73586793396697	0.716187996671577	0.8050631625286406
131.8689344672336	0.7161721893532909	0.8066189704541765
132.00200100050026	0.7168759289833965	0.8067779344832848
132.1350675337669	0.7167163686517979	0.8051877101455938
132.26813406703351	0.7165175785474011	0.8050712613054292
132.40120060030014	0.7170670132216442	0.8057563877473269
132.53426713356677	0.7173063930676772	0.806356921865879
132.6673336668334	0.7175461050013363	0.8061436952166585
132.80040020010006	0.7177060350518775	0.8060064986741148
132.93346673336669	0.7169047122519431	0.8061628320656253
133.06653326663331	0.7161186924009929	0.8061633379867257
133.19959979989994	0.7156629670779411	0.8051650138820755
133.33266633316657	0.7145205307224569	0.804709990591099
133.4657328664332	0.7147558727585408	0.8038149314609854
133.59879939969986	0.7161436448843728	0.8039495886614398
133.73186593296649	0.7152784653454695	0.803331704034666
133.8649324662331	0.7149358498791004	0.8023016717314694
133.99799899949974	0.7156791711369201	0.8039934578937873
134.13106553276637	0.7157905393976101	0.8047680600747162
134.264132066033	0.7164106036979473	0.804254171455662
134.39719859929966	0.7160105785421601	0.8041993596548095
134.53026513256629	0.7153799896281257	0.8052643278409832
134.6633316658329	0.716281987894322	0.8054224250878157
134.79639819909954	0.7167152593697164	0.8039962664059246
134.92946473236617	0.7174154362708527	0.8027374525456307
135.0625312656328	0.7176380264874888	0.8026311092168644
135.19559779889946	0.716275866261771	0.803900649143466
135.32866433216608	0.716507216408996	0.8043114491816137
135.4617308654327	0.7164270397515402	0.8048731345730056
135.59479739869934	0.7153764419784333	0.8046040373310556
135.72786393196597	0.7149638867248236	0.8029891331856369
135.8609304652326	0.7152678827153092	0.8026453659479927
135.99399699849926	0.715399544404825	0.8026864813356301
136.12706353176588	0.7150560353461212	0.8026999264335845
136.2601300650325	0.7149496634638839	0.8028113094119483
136.39319659829914	0.7145833830745905	0.8028638227105118
136.52626313156577	0.7141229606200504	0.8028903435068062
136.65932966483243	0.7141969280904881	0.8034147794340264
136.79239619809906	0.7147648039636854	0.8037390522599136
136.92546273136568	0.7140407195861947	0.8039197870545524
137.0585292646323	0.7133776433817437	0.8037925518435013
137.19159579789894	0.7137815853149835	0.80369005222757
137.32466233116557	0.714380758365937	0.8041544878963591
137.45772886443223	0.7143256241472598	0.8042559833121905
137.59079539769886	0.7139949060616345	0.8042424739962061
137.72386193096548	0.7138631071711515	0.8044062547474631
137.8569284642321	0.7146081983340983	0.8049194300196975
137.98999499749874	0.71419602688513	0.8047327195557789
138.12306153076537	0.712771109683654	0.8043527875149187
138.25612806403203	0.7118162319920017	0.8042710834701938
138.38919459729865	0.7113619800366421	0.8041716468924174
138.52226113056528	0.7118078825249463	0.8034050913065606
138.6553276638319	0.7115364598275821	0.8026313445108694
138.78839419709854	0.7107003385582163	0.8029354145518637
138.92146073036517	0.710499439474179	0.803516299236677
139.05452726363183	0.7112801622303047	0.8024676233157891
139.18759379689845	0.7124685530330901	0.8019658159025967
139.32066033016508	0.7137057106161335	0.8031297790786139
139.4537268634317	0.7144263740619389	0.8033379001613522
139.58679339669834	0.7134962768129097	0.8025386785333741
139.71985992996497	0.7136433679374982	0.8020318720753437
139.85292646323163	0.7148762129950968	0.801755358207178
139.98599299649825	0.7150768729527383	0.8010612100590342
140.11905952976488	0.7145412377337014	0.8011646933657868
140.2521260630315	0.7142449954795458	0.8009440363208762
140.38519259629814	0.7136549142219973	0.799715851700473
140.51825912956477	0.7132618530809671	0.8002406816557757
140.65132566283143	0.7137067246388685	0.8006309401209744
140.78439219609805	0.7130583448268298	0.7992111915948547
140.91745872936468	0.7138303889996054	0.7986906963941062
141.0505252626313	0.7146904364905289	0.7994425969730817
141.18359179589794	0.7134640557527745	0.799358439594527
141.31665832916457	0.7134671924248475	0.799775727788885
141.44972486243122	0.7140379136296462	0.8003716007788637
141.58279139569785	0.7127420770966649	0.799848124392674
141.71585792896448	0.7117777642681917	0.7992396538218973
141.8489244622311	0.7122287794939217	0.7993251085003187
141.98199099549774	0.7129860115043571	0.7995306851655626
142.11505752876437	0.7129266446433008	0.8001364062351519
142.24812406203102	0.7127369031105502	0.8004282777245442
142.38119059529765	0.7127554405670402	0.799186956245621
142.51425712856428	0.7137564433847868	0.7989860117447637
142.6473236618309	0.7146666571057817	0.7992134563136004
142.78039019509754	0.714631702397046	0.7999295097551965
142.91345672836417	0.7145818191764443	0.8007994794005208
143.04652326163082	0.7152158884569256	0.8012873668621529
143.17958979489745	0.715453120709498	0.8012513099790023
143.31265632816408	0.7162120699887911	0.8004954580070422
143.4457228614307	0.7162690974023859	0.8000708365903254
143.57878939469734	0.7162425774138653	0.8000269198885971
143.71185592796397	0.7163327673865726	0.7996582831949334
143.84492246123062	0.7158415871888479	0.7986910231995002
143.97798899449725	0.7175612117834471	0.7985743457796952
144.11105552776388	0.717852847368363	0.7985148753061936
144.2441220610305	0.7172719861291312	0.7971012793127922
144.37718859429714	0.7173284477956589	0.7972074571444718
144.51025512756377	0.7173710931048868	0.7981500179671711
144.64332166083042	0.7169232666457136	0.7990594560125801
144.77638819409705	0.7173369182268184	0.7989793711973413
144.90945472736368	0.7169071760222345	0.7988226709343813
145.0425212606303	0.7159287373330842	0.7992821457660866
145.17558779389694	0.7151833180811361	0.7992047637816023
145.30865432716357	0.7155586318793143	0.7989413990701941
145.44172086043022	0.7163658279201103	0.7996196063020019
145.57478739369685	0.7162875871408058	0.798751849858076
145.70785392696348	0.7164088251730919	0.7971238680274269
145.8409204602301	0.716856173854891	0.7971228927780962
145.97398699349674	0.7170357113550815	0.7966479904319531
146.10705352676337	0.7164963272089953	0.7962878742328812
146.24012006003002	0.7154917324397319	0.7951433087320483
146.37318659329665	0.7151641986330125	0.794488634512506
146.50625312656328	0.715342413656241	0.794706036923839
146.6393196598299	0.715250193919664	0.7944605615933218
146.77238619309654	0.7150355009394687	0.7945926345728747
146.90545272636317	0.7152312750615138	0.7948901416852879
147.03851925962982	0.7159656699343588	0.7957851012108266
147.17158579289645	0.7156804081433948	0.7958019406711199
147.30465232616308	0.7156029287076355	0.7940466202744354
147.4377188594297	0.7155836630953224	0.7938799107538157
147.57078539269634	0.7150965059780952	0.7938239252053383
147.70385192596297	0.7150475253920135	0.7929942486685432
147.83691845922962	0.715238526380453	0.793882301413567
147.96998499249625	0.7157194139265185	0.7935460001928674
148.10305152576288	0.7160320696967931	0.7919114158409637
148.2361180590295	0.7161413794739607	0.7906904343214026
148.36918459229614	0.7153258104485993	0.789923844799724
148.50225112556276	0.7150244241577588	0.7897033329182814
148.63531765882942	0.7148761228024448	0.7894731075446416
148.76838419209605	0.7149043801130331	0.7891818322359109
148.90145072536268	0.7149223722329706	0.7890418330571939
149.0345172586293	0.7139451822832033	0.7893697484088091
149.16758379189594	0.7147579548079431	0.7894264501715665
149.30065032516256	0.715279957182373	0.7892988804661079
149.43371685842922	0.7159245649321765	0.7887475615268004
149.56678339169585	0.7158395265781562	0.787849776553024
149.69984992496248	0.7153444206464977	0.7875393608619157
149.8329164582291	0.7157387618379318	0.7868942530576577
149.96598299149574	0.7159643676745289	0.7854167891266878
150.09904952476236	0.7151466905861745	0.7864552666086901
150.23211605802902	0.7149783778442407	0.7861806027651828
150.36518259129565	0.7150294622901141	0.7859005779807107
150.49824912456228	0.7157292218364677	0.7866383316300994
150.6313156578289	0.7161565455243729	0.7860247167592315
150.76438219109554	0.7151210652574373	0.7866571650054034
150.89744872436216	0.7152319951656683	0.7872091122663365
151.03051525762882	0.7152738085906165	0.7868437652404914
151.16358179089545	0.7140711365015457	0.7860550294710151
151.29664832416208	0.7154851670057566	0.785844231569331
151.4297148574287	0.7161741739255019	0.7858864412109821
151.56278139069533	0.7157591960726893	0.7845658216949566
151.69584792396196	0.7160293165471554	0.7835172902770755
151.82891445722862	0.7147966858601695	0.7842752508163969
151.96198099049525	0.7138173420844753	0.7849451261026569
152.09504752376188	0.7135787626850585	0.7844748172474898
152.2281140570285	0.7132923081774994	0.7840210925653371
152.36118059029513	0.7130500990922916	0.7840886574003684
152.49424712356176	0.7121287233811865	0.7838848403177227
152.62731365682842	0.7116233234055312	0.7844908561092058
152.76038019009505	0.7121976649178512	0.7850013424215893
152.89344672336168	0.7130376627054089	0.7848162778778939
153.0265132566283	0.7129264658096469	0.7843252921848942
153.15957978989493	0.7128548471807089	0.7840830575120891
153.2926463231616	0.7130449656749368	0.7841635125509415
153.42571285642822	0.7128545800206888	0.7850585742457417
153.55877938969485	0.7147502484175016	0.7853347873536971
153.69184592296148	0.714764132517177	0.7852285201426004
153.8249124562281	0.7139148784002398	0.7855995821483927
153.95797898949473	0.7153014144268083	0.7853431484044585
154.0910455227614	0.7149189831237894	0.7850104346315433
154.22411205602802	0.7142619359650084	0.7853734766912231
154.35717858929465	0.7137691664201203	0.7845130606060523
154.49024512256128	0.7136060241451763	0.7832387794965407
154.6233116558279	0.7142908643739577	0.7829029211728019
154.75637818909453	0.7136445173864365	0.7837755764019222
154.8894447223612	0.7120652054084027	0.7840341310182137
155.02251125562782	0.712323196703668	0.7835562429842201
155.15557778889445	0.7131185246965264	0.7841162217545283
155.28864432216108	0.713299861460906	0.7852091150018891
155.4217108554277	0.7131876585876802	0.7850648125534943
155.55477738869433	0.7128819491861814	0.7848565094866236
155.687843921961	0.7134344411783851	0.7850135287867618
155.82091045522762	0.7135217246142078	0.785484342771789
155.95397698849425	0.7134795410944164	0.7843814296476677
156.08704352176088	0.7132552257538576	0.7839464322033989
156.2201100550275	0.7126161366895346	0.7841865035570794
156.35317658829413	0.7120279392656508	0.7833556556342075
156.4862431215608	0.7123898191716843	0.7819121359347191
156.61930965482742	0.7126644462445054	0.7825415426839285
156.75237618809405	0.7115835073708936	0.7831961303385212
156.88544272136068	0.7120589578756621	0.7836952373398114
157.0185092546273	0.7123936273366653	0.7840899991732182
157.15157578789393	0.7110522323547316	0.7835951118170549
157.2846423211606	0.7104823151645981	0.7826806903455672
157.41770885442722	0.7120255927828022	0.7816925755797343
157.55077538769385	0.7123464102425764	0.7821210950124654
157.68384192096048	0.7105822023011474	0.7822011342265239
157.8169084542271	0.7101284606703985	0.78125698312747
157.94997498749373	0.7110856899147203	0.7813247158223078
158.0830415207604	0.7114988957134314	0.7819641078322225
158.21610805402702	0.7117265647211284	0.7815741106531039
158.34917458729365	0.7111223709242731	0.7818564459814662
158.48224112056027	0.7100705098894944	0.7814096037816805
158.6153076538269	0.7098496215800991	0.7809595010583111
158.74837418709353	0.7090604755310114	0.7810848876825933
158.8814407203602	0.7082778353448412	0.7821298428161737
159.01450725362682	0.7088719443412563	0.7831001745645652
159.14757378689345	0.7091421259394677	0.7823033676013593
159.28064032016007	0.7079860882836729	0.7815190094850124
159.4137068534267	0.7079928953146314	0.781290955446976
159.54677338669333	0.7092959010886366	0.7812404354298614
159.67983991996	0.7094227992593864	0.7811431060209141
159.81290645322662	0.7087305888826474	0.7805777329762273
159.94597298649325	0.7090353066722318	0.7802408542774346
160.07903951975987	0.7092617030335698	0.7801223084847178
160.2121060530265	0.7084768699672486	0.7798651076147826
160.34517258629313	0.7069448681909277	0.7796572178666277
160.4782391195598	0.7069358365664286	0.7790648313808363
160.61130565282642	0.7072535556968034	0.779081729546575
160.74437218609305	0.7068762060638893	0.7797726142999396
160.87743871935967	0.7072491734811032	0.7792102608515252
161.0105052526263	0.7064881873967755	0.7793395657434037
161.14357178589293	0.7064926093308829	0.779277038036583
161.2766383191596	0.706816886261275	0.7796566334776733
161.40970485242622	0.7061049964258739	0.7798602670256896
161.54277138569284	0.7057234009732297	0.7797401121287587
161.67583791895947	0.7063512806666788	0.778212273320542
161.8089044522261	0.706533460821295	0.7781407140634408
161.94197098549273	0.7063509220656333	0.7788239677105459
162.0750375187594	0.7060339894709822	0.7789695518548867
162.20810405202602	0.7065442194388737	0.7786867328153223
162.34117058529264	0.7073501009874053	0.7781086837973793
162.47423711855927	0.7082808803520784	0.7781477878460573
162.6073036518259	0.7087931989110438	0.7779488873720103
162.74037018509253	0.7087171972428346	0.7784730119681181
162.8734367183592	0.7077855443823237	0.7791208836958875
163.00650325162582	0.7076625172099938	0.7792395318568293
163.13956978489244	0.7083336867423942	0.7787537448805474
163.27263631815907	0.7076209927397137	0.778248994605599
163.4057028514257	0.706725791906617	0.77714130226408
163.53876938469233	0.7065971085939663	0.7760528723213993
163.671835917959	0.7066299294134997	0.7756584425584232
163.80490245122562	0.7061455584818321	0.7760683052594706
163.93796898449224	0.705523120073888	0.7757615940780659
164.07103551775887	0.7063436021009492	0.7752595031075301
164.2041020510255	0.7077256564461886	0.7753308673104149
164.33716858429213	0.7077299875922803	0.7753127645226171
164.4702351175588	0.7070821321919449	0.7760481590994771
164.60330165082541	0.7063013429163207	0.7747955319705253
164.73636818409204	0.7058833737817625	0.7740364774326597
164.86943471735867	0.7054788697708492	0.7739076292407864
165.0025012506253	0.7046806677302218	0.7742526745236558
165.13556778389193	0.7045995739505041	0.7750869466181828
165.2686343171586	0.7041471011266409	0.7753638925369585
165.40170085042521	0.702756687301896	0.7745616862618501
165.53476738369184	0.703445027475565	0.7732493917243223
165.66783391695847	0.7036161749418994	0.7729507285157675
165.8009004502251	0.7023287424584125	0.7730492141460534
165.93396698349173	0.7020577724910517	0.7719569588801758
166.06703351675839	0.7024650281022454	0.7730518310718227
166.20010005002501	0.7021749875111039	0.7738588712185391
166.33316658329164	0.7031098280888718	0.7737451911221374
166.46623311655827	0.7035067140343008	0.7742282101877456
166.5992996498249	0.7036115422711583	0.7734121297467718
166.73236618309153	0.7029218961736198	0.7730952675824552
166.86543271635819	0.7026923754395257	0.773527866957356
166.9984992496248	0.7024317726519305	0.7730978411445769
167.13156578289144	0.7024292306500605	0.7722215767089105
167.26463231615807	0.7026693909379481	0.7721563632174469
167.3976988494247	0.702987404342253	0.7716174700077616
167.53076538269133	0.7033360507116866	0.7720209091635397
167.66383191595799	0.7040977916248843	0.771582792537391
167.7968984492246	0.7050534471664245	0.7713294803404784
167.92996498249124	0.7033750301135884	0.7725643579746718
168.06303151575787	0.7029442800559627	0.7721239127463354
168.1960980490245	0.7035913266865843	0.7717814775057036
168.32916458229113	0.7034072500720394	0.7716875700514674
168.46223111555778	0.7039345181673455	0.7717192148528689
168.5952976488244	0.7030784228609814	0.7717034353056725
168.72836418209104	0.7019793846626795	0.7703942534876462
168.86143071535767	0.7005687203836328	0.7713817669142556
168.9944972486243	0.7010619694236876	0.7716613807484999
169.12756378189093	0.7006604659037355	0.7722528192337923
169.26063031515758	0.6994122568311192	0.7728717313888962
169.3936968484242	0.6994811184698848	0.7713219195279083
169.52676338169084	0.7007088873361584	0.7706300468652962
169.65982991495747	0.7008307372379732	0.771701053587156
169.7928964482241	0.7006396058117769	0.7715669854937879
169.92596298149073	0.7016643175923448	0.7708048691913374
170.05902951475738	0.7014675262678273	0.7700266010694428
170.192096048024	0.7011537832916133	0.7694989308306664
170.32516258129064	0.6992598148581499	0.7691527569463821
170.45822911455727	0.6994806789420066	0.7698441154812633
170.5912956478239	0.7002181909766121	0.771202372709855
170.72436218109056	0.6992937084217316	0.7705102186589622
170.85742871435718	0.698870966936385	0.7699731418393811
170.9904952476238	0.6983956997219993	0.7707199714426534
171.12356178089044	0.6988504832962221	0.7705021945079299
171.25662831415707	0.6987198035038544	0.7686437168882762
171.3896948474237	0.6981539650515901	0.7680942957448867
171.52276138069035	0.6975520768566048	0.7680137484424625
171.65582791395698	0.6973610236210261	0.7669432671150225
171.7888944472236	0.6973175637350275	0.7667444320522151
171.92196098049024	0.698251972650599	0.7665472522381847
172.05502751375687	0.6988170557735348	0.7663160106961902
172.1880940470235	0.6992135883300171	0.7663689483881229
172.32116058029015	0.6983682137525787	0.7657510939884844
172.45422711355678	0.6984071049291602	0.7655618994406252
172.5872936468234	0.6983943343874058	0.7660247115589502
172.72036018009004	0.6991472430582077	0.7662821622851206
172.85342671335667	0.700377247534083	0.7663694830893502
172.9864932466233	0.7007170895936866	0.7664826118016744
173.11955977988995	0.7011560532294232	0.7655096926694136
173.25262631315658	0.701404042533953	0.765091634500711
173.3856928464232	0.700441326930788	0.7644338031158197
173.51875937968984	0.6996555509597416	0.7646180639431813
173.65182591295647	0.7000214342362165	0.763957069567799
173.7848924462231	0.6998943321168212	0.763716983105013
173.91795897948975	0.6990181030589991	0.7652349885161418
174.05102551275638	0.6991192773458622	0.7657816580644909
174.184092046023	0.6999478207025744	0.7655769996989081
174.31715857928964	0.7007268010609196	0.7653703835743328
174.45022511255627	0.7016330652381124	0.7656041405799386
174.5832916458229	0.7021433234270713	0.7649341164109186
174.71635817908955	0.7016022177233365	0.7638586333847873
174.84942471235618	0.7005433114261354	0.7642521707839457
174.9824912456228	0.6999435960219569	0.7644248917860494
175.11555777888944	0.6990894831216956	0.7641648933799112
175.24862431215607	0.69878661612037	0.7641101737711433
175.3816908454227	0.6993079157547566	0.7639857969090313
175.51475737868935	0.7007358356413116	0.7641801132667976
175.64782391195598	0.7007747236102989	0.7634041905296838
175.7808904452226	0.7001101577955745	0.7634013807249632
175.91395697848924	0.7005564530298851	0.7639373325159873
176.04702351175587	0.6993212134555211	0.7636151499393026
176.1800900450225	0.6999632493427307	0.7638943733514978
176.31315657828915	0.6990821524943289	0.7641438619613283
176.44622311155578	0.6982903822665413	0.7645426088252875
176.5792896448224	0.698431051556071	0.7650276843380619
176.71235617808904	0.6989779591678341	0.764969405055734
176.84542271135567	0.6992460454930576	0.7654867694796146
176.9784892446223	0.6997761501564522	0.7641640401084787
177.11155577788895	0.6989425220008512	0.7632265338149632
177.24462231115558	0.6993004840022763	0.7616491297613478
177.3776888444222	0.6989338161944667	0.7618686158982989
177.51075537768884	0.6988233539069826	0.7625092460042024
177.64382191095547	0.6983317427409833	0.762948385456531
177.7768884442221	0.6984567750555832	0.7620646246300639
177.90995497748875	0.6986362057296769	0.7626939834272324
178.04302151075538	0.69895121760223	0.7626141217551192
178.176088044022	0.6984813310485308	0.7623422495621055
178.30915457728864	0.69784310561845	0.7632301687264937
178.44222111055527	0.6974191322613478	0.7620765971869943
178.5752876438219	0.6970154395640231	0.760474828550558
178.70835417708855	0.6969458432320201	0.7597480097110888
178.84142071035518	0.6977756319714381	0.758802043946277
178.9744872436218	0.6972847600269713	0.7581183231848383
179.10755377688844	0.6966243730092043	0.7579645153015807
179.24062031015507	0.697129550430112	0.7581902146977695
179.3736868434217	0.6969656963553029	0.7579991956787199
179.50675337668835	0.6977439728542727	0.7584918780771456
179.63981990995498	0.6980159955735658	0.759760543737112
179.7728864432216	0.6976655665257958	0.7594330061839204
179.90595297648824	0.6985315299482332	0.7600244245377608
180.03901950975487	0.6987883993141945	0.7601479985479002
180.1720860430215	0.698651112089322	0.7598683288317354
180.30515257628815	0.6981373799070716	0.7606613062561286
180.43821910955478	0.6975446170558324	0.7606934227126643
180.5712856428214	0.6971247308596443	0.7606296167393335
180.70435217608804	0.6971220552855312	0.7595409444527482
180.83741870935467	0.6971313970984173	0.7589852805400976
180.9704852426213	0.6959308025975204	0.7592395160626176
181.10355177588795	0.6962516100594	0.7600893259167644
181.23661830915458	0.6955168472491093	0.7600100655555566
181.3696848424212	0.6941144724207666	0.7599770527508539
181.50275137568784	0.6936791454140028	0.7598593527332165
181.63581790895446	0.6936943134379658	0.7593549516935686
181.7688844422211	0.6942153449523842	0.7592122936125733
181.90195097548775	0.6949756506166593	0.7597853491067115
182.03501750875438	0.6950663460296426	0.7592529714656784
182.168084042021	0.6938356404925016	0.7589534908615188
182.30115057528764	0.6937212217524215	0.7581865762171895
182.43421710855426	0.6935775388679424	0.7582701447327943
182.5672836418209	0.6941610296031885	0.7580273940530481
182.70035017508755	0.6945751038814453	0.7581014259355517
182.83341670835418	0.693923919370066	0.7586646926379216
182.9664832416208	0.6940601712770592	0.7588659814502119
183.09954977488744	0.6939566496546303	0.758910641858116
183.23261630815406	0.6938942125228201	0.7586224212795767
183.3656828414207	0.6931488059033551	0.7593642684613261
183.49874937468735	0.6935262473945017	0.7589830802473209
183.63181590795398	0.6941380657859633	0.7589502622803157
183.7648824412206	0.6933179718094006	0.7586575754178059
183.89794897448724	0.6935418097578983	0.758741911515288
184.03101550775386	0.6938771633828263	0.7577751953195234
184.1640820410205	0.6936564054762336	0.7571236278342436
184.29714857428715	0.6931076588083127	0.7569702168520637
184.43021510755378	0.6939295596700459	0.756020316943422
184.5632816408204	0.6933232895988555	0.7560795872178682
184.69634817408703	0.6927736060393423	0.7566691254407212
184.82941470735366	0.692291146103794	0.7570929033265426
184.9624812406203	0.6903888440381353	0.7564700163549244
185.09554777388695	0.6917166813120091	0.7547249736893681
185.22861430715358	0.691662519991017	0.7541784461841864
185.3616808404202	0.6911439860517519	0.7547351520625093
185.49474737368683	0.6897569993292704	0.7555661417824899
185.62781390695346	0.6907930677186629	0.7545999681200585
185.7608804402201	0.6909833630622525	0.7547370907097048
185.89394697348675	0.6915602610144124	0.7545768789244767
186.02701350675338	0.6913936051304096	0.7555299406499676
186.16008004002	0.6914167401499175	0.7569808489161125
186.29314657328663	0.6905543753624096	0.7568714116105493
186.42621310655326	0.6900810398878656	0.7568831162536135
186.5592796398199	0.6905634066037954	0.757026032099608
186.69234617308655	0.6898673691931421	0.7562503357950829
186.82541270635318	0.6884104100315208	0.7565163105556045
186.9584792396198	0.689998557418176	0.755407587728804
187.09154577288643	0.6909176592575849	0.7545803900816097
187.22461230615306	0.6910317776356567	0.755460686285535
187.3576788394197	0.6913603490354902	0.7555424165340808
187.49074537268635	0.6914693480948344	0.7553485109674701
187.62381190595298	0.691477211632997	0.755553869426157
187.7568784392196	0.6917635190693138	0.7543195324500691
187.88994497248623	0.6907932166668449	0.7536022210115657
188.02301150575286	0.6903528512445997	0.7533323161441682
188.15607803901952	0.6910381509127245	0.7541996984996823
188.28914457228615	0.691004663747706	0.7534248603680008
188.42221110555278	0.6901456134563491	0.7530273707484083
188.5552776388194	0.6886641893468278	0.7534408343959432
188.68834417208603	0.6878037940857105	0.7541390725334687
188.82141070535266	0.6875993575280703	0.7536721082604216
188.95447723861932	0.6884635683558298	0.7534948414064351
189.08754377188595	0.6895947245783466	0.7534330640861865
189.22061030515258	0.6904357353441978	0.7545084041672644
189.3536768384192	0.690989435179923	0.7547538890872025
189.48674337168583	0.6912688784111142	0.7545406107253698
189.61980990495246	0.6910228671818115	0.7543421958079132
189.75287643821912	0.6901246044934805	0.7527451840306222
189.88594297148575	0.691168230119368	0.7530544908375694
190.01900950475238	0.6912307440498036	0.7538947572832237
190.152076038019	0.6908921834026366	0.7537145865881989
190.28514257128563	0.6907307044707858	0.7543566544646039
190.41820910455226	0.6892418517201454	0.7537308774971077
190.55127563781892	0.689169616757522	0.7538379828135829
190.68434217108555	0.6876545242291302	0.7529824807062773
190.81740870435218	0.6870182476790201	0.7522158978333553
190.9504752376188	0.6875980063544906	0.7510905741344461
191.08354177088543	0.6871543856811824	0.7498982606149199
191.21660830415206	0.6865852308724506	0.7501617510522969
191.34967483741872	0.6866055329489027	0.7497959926802755
191.48274137068535	0.6857645782328338	0.7504599722770723
191.61580790395197	0.6850644192351562	0.7512054391303524
191.7488744372186	0.6856804297780921	0.7509651487950056
191.88194097048523	0.6864232592253066	0.751368103635291
192.01500750375186	0.6872467898687057	0.7502179712025534
192.14807403701852	0.6887615441841574	0.7492944992347704
192.28114057028515	0.688862856499411	0.7490275685398391
192.41420710355177	0.6876800144056406	0.7489471922075807
192.5472736368184	0.6870128434823886	0.7487496451493052
192.68034017008503	0.6868972842591906	0.7486853009157124
192.81340670335166	0.6869161816504376	0.7480116798279682
192.94647323661832	0.686197130406316	0.7478109863970477
193.07953976988495	0.6865493714312237	0.7474320393710447
193.21260630315157	0.6860603655338816	0.7471455707926195
193.3456728364182	0.6863219818492388	0.7471149316319644
193.47873936968483	0.6863309468644656	0.7475104230010756
193.61180590295146	0.6858767118606921	0.7472682741528939
193.74487243621812	0.6853730162993534	0.747323307522177
193.87793896948475	0.6852919382168645	0.7464783558484497
194.01100550275137	0.6858269048400023	0.7471180163765132
194.144072036018	0.6858818566781658	0.7468613185753804
194.27713856928463	0.6867087182034303	0.7475367751549818
194.41020510255126	0.6873642265955101	0.7475815231778267
194.54327163581792	0.6861830767955499	0.746916804708537
194.67633816908454	0.6866677961421194	0.7469380844095236
194.80940470235117	0.6871246723244911	0.7476196271104798
194.9424712356178	0.6866890556563039	0.7459830423322781
195.07553776888443	0.6851386431974166	0.7456313129983281
195.20860430215106	0.6843401651843077	0.7460072990096466
195.34167083541772	0.6844463659148453	0.7464401871639221
195.47473736868434	0.6835587743009056	0.746380034624356
195.60780390195097	0.6830638716382379	0.7469538579147972
195.7408704352176	0.6828726411750292	0.7471871377331034
195.87393696848423	0.6831368970261785	0.7461128963148815
196.00700350175086	0.6826214176002833	0.7453617968862157
196.14007003501752	0.6817922403906868	0.7445248816358467
196.27313656828414	0.6809188238860507	0.7450666547348113
196.40620310155077	0.6810622713374681	0.7458901328772368
196.5392696348174	0.6808565069828437	0.7454853332450768
196.67233616808403	0.680499696207509	0.7465498543563425
196.80540270135066	0.679358183220215	0.746602563485862
196.93846923461732	0.6793772145401136	0.7466008649750334
197.07153576788394	0.6801715172669018	0.7466212639822707
197.20460230115057	0.6796439242899041	0.7459999955228412
197.3376688344172	0.6799715194171319	0.7459733608935705
197.47073536768383	0.6818160095329863	0.7451372930301232
197.60380190095046	0.6811457066285195	0.7453285256703026
197.73686843421712	0.6797307450198908	0.7451914356006892
197.86993496748374	0.6809619805538165	0.7448308030057711
198.00300150075037	0.6818490995633826	0.7441750499150582
198.136068034017	0.6814347946463922	0.744147531375445
198.26913456728363	0.6814187081371316	0.7431507523204071
198.40220110055026	0.6803350142681936	0.7446990281168767
198.53526763381691	0.6809016270703243	0.7456815683620374
198.66833416708354	0.6794126375967855	0.745697147497293
198.80140070035017	0.6794632601614236	0.7456795086853538
198.9344672336168	0.6804164914469035	0.7446254993266108
199.06753376688343	0.6794460825830619	0.7441307661389704
199.20060030015006	0.6806009146270157	0.7431068066811747
199.33366683341671	0.6809604584525861	0.7431706643132526
199.46673336668334	0.6809256785679189	0.7431350700738864
199.59979989994997	0.6800726439220718	0.7432379862650416
199.7328664332166	0.6795660388523533	0.743413802106794
199.86593296648323	0.6804999307453772	0.7432429683571125
199.99899949974986	0.68143483045021	0.7433664095966402
200.1320660330165	0.6817384041818033	0.7430240047183327
200.26513256628314	0.6822346871995815	0.7424367287039618
200.39819909954977	0.681396266818551	0.7425404551980053
200.5312656328164	0.6816940511006823	0.7437817432823307
200.66433216608303	0.6820282435870738	0.7449628220053367
200.79739869934966	0.6828326299935161	0.7441352640481359
200.9304652326163	0.6825945420631493	0.7449801465251173
201.06353176588294	0.6831832066960942	0.7447157852647074
201.19659829914957	0.6835562470330683	0.74324470415431
201.3296648324162	0.6832745552375373	0.7433340317193083
201.46273136568283	0.6829764107196725	0.741486653923026
201.59579789894946	0.6832733769528911	0.7406437100374426
201.7288644322161	0.6828918569410115	0.7412801378301869
201.86193096548274	0.6820900442577134	0.7403477256413731
201.99499749874937	0.6807150161632289	0.7399302193555038
202.128064032016	0.6816409543799459	0.7395240864301439
202.26113056528263	0.6816821758856321	0.7393480608016659
202.39419709854926	0.6794776028021005	0.7397894942796526
202.5272636318159	0.6797885900188299	0.7400084226036768
202.66033016508254	0.6798096417908284	0.7410680220197559
202.79339669834917	0.6789159247520824	0.7399647639748732
202.9264632316158	0.6789428278300889	0.7395316033565368
203.05952976488243	0.6799383417971497	0.7407615120358332
203.19259629814906	0.6797880438133115	0.741625830786902
203.3256628314157	0.6794797148177663	0.7410779969423879
203.45872936468234	0.679558537244396	0.7407631750367827
203.59179589794897	0.6794382677481462	0.7409665461741577
203.7248624312156	0.6792857637863011	0.7409871225688259
203.85792896448223	0.6786726107332786	0.7397682594272414
203.99099549774886	0.6792474472559259	0.7392704256310642
204.1240620310155	0.6794551868726096	0.7398378797886427
204.25712856428214	0.6793140736514698	0.7401687134792821
204.39019509754877	0.6789261966548574	0.7395285060996519
204.5232616308154	0.6783347479842473	0.7387525925209044
204.65632816408203	0.6782468045386854	0.7396620464006388
204.78939469734868	0.6772797289401439	0.7384176523780391
204.9224612306153	0.6770852696648622	0.7392295618396428
205.05552776388194	0.67739467161056	0.7389694836319
205.18859429714857	0.6771066137715441	0.7384687583145603
205.3216608304152	0.6779669419212009	0.7382455282233079
205.45472736368183	0.6776653775501631	0.7371838221774835
205.58779389694848	0.6766375008156432	0.7378449544358394
205.7208604302151	0.6769786948365117	0.7388699810239965
205.85392696348174	0.6767248545523561	0.7379218604974929
205.98699349674837	0.6777399028061024	0.7388224898200311
206.120060030015	0.6776434118413865	0.7386463284081827
206.25312656328163	0.6775378193335061	0.7383135592588552
206.38619309654828	0.6767684908657511	0.7384737934425367
206.5192596298149	0.6757928622551682	0.738133531761963
206.65232616308154	0.6753418251266095	0.7377235258734761
206.78539269634817	0.6748366277360296	0.7371212578052752
206.9184592296148	0.6751627979385748	0.7372718332092572
207.05152576288143	0.6749936675833436	0.7376567516451062
207.18459229614808	0.6755559740327974	0.7376387994187056
207.3176588294147	0.6757680488173231	0.7381970194563019
207.45072536268134	0.6759995446866115	0.7382628047447658
207.58379189594797	0.6760332333308529	0.7400208038530648
207.7168584292146	0.6758452938451063	0.7398467586357103
207.84992496248123	0.675817292756157	0.7375838390522198
207.98299149574788	0.6760726575524878	0.7367846945845277
208.1160580290145	0.6747568310347808	0.7382837335510916
208.24912456228114	0.6757928176930593	0.7391930336654894
208.38219109554777	0.6757532896563337	0.7393940077348284
208.5152576288144	0.6744799206466744	0.7395089680599924
208.64832416208102	0.6743032984073222	0.7395282312691003
208.78139069534768	0.6753869022388582	0.7385930098375395
208.9144572286143	0.6748206543761258	0.737770331637059
209.04752376188094	0.675209095879311	0.7381876866131564
209.18059029514757	0.6754393035562057	0.7382840819798424
209.3136568284142	0.6756531238809144	0.7379403722175447
209.44672336168082	0.6757467451028049	0.7371310061991168
209.57978989494748	0.6777378587020775	0.7377185736049119
209.7128564282141	0.6786759564003365	0.7350333323919311
209.84592296148074	0.6785626728786346	0.7342490011151896
209.97898949474737	0.6776635495774647	0.7351675922802183
210.112056028014	0.6769817583196711	0.7329847784748463
210.24512256128062	0.6767871682182398	0.7322292193321174
210.37818909454728	0.6764951755324282	0.7313870932119199
210.5112556278139	0.6763671993383318	0.7306058754278313
210.64432216108054	0.6767030565291021	0.731660524298818
210.77738869434717	0.6764053238008988	0.7329030176611849
210.9104552276138	0.6760333715913956	0.7345057581597412
211.04352176088042	0.6754285353753832	0.7345981204226373
211.17658829414708	0.6748119392866716	0.7357921769695194
211.3096548274137	0.6743979745060449	0.7346273929963569
211.44272136068034	0.6745653444118842	0.7337209427070451
211.57578789394697	0.6749875125226261	0.7339803873372908
211.7088544272136	0.6747984999806327	0.7336108742108096
211.84192096048022	0.6754429003802774	0.7337560021893986
211.97498749374688	0.6748819803587613	0.7349990658540981
212.1080540270135	0.6755501896847188	0.7339445158231365
212.24112056028014	0.6760318470425015	0.7332865894534254
212.37418709354677	0.6760103853004465	0.733285082110873
212.5072536268134	0.6766843655186959	0.7337371380604479
212.64032016008002	0.6770903622264798	0.7335584076709815
212.77338669334668	0.6754449681605215	0.7325945729406644
212.9064532266133	0.6746791248980422	0.7318665567102993
213.03951975987994	0.6737648652281326	0.7318149871746136
213.17258629314657	0.672452774739113	0.7333371704931354
213.3056528264132	0.6721010720473377	0.7335678942704781
213.43871935967982	0.6730635942723985	0.7330433031021308
213.57178589294648	0.6727532376420519	0.7318835711804109
213.7048524262131	0.6729146764883966	0.7328569226050813
213.83791895947974	0.6728380744796099	0.7317597223924036
213.97098549274637	0.6725719561432127	0.7316236989913764
214.104052026013	0.6716589931642615	0.7317779640891651
214.23711855927962	0.6717716486298603	0.7316017065237225
214.37018509254628	0.6711344416526144	0.7312736806584815
214.5032516258129	0.6703308078407283	0.7307894872213845
214.63631815907954	0.6705121297643228	0.7318477844662353
214.76938469234616	0.6703677604530217	0.7322739365935926
214.9024512256128	0.6704552379987317	0.7319072439309162
215.03551775887942	0.670057313169215	0.7324258746099092
215.16858429214608	0.6703931283475035	0.73162483558462
215.3016508254127	0.6687257796489167	0.7316505749693738
215.43471735867934	0.6689797648921274	0.7319587217531824
215.56778389194596	0.668232905683359	0.731597750598983
215.7008504252126	0.6676963011514239	0.7309530868363238
215.83391695847922	0.6681306282637073	0.7310620557140949
215.96698349174588	0.6682634031761135	0.7311118305163345
216.1000500250125	0.6699646112720173	0.7292067857042144
216.23311655827914	0.6703018392179096	0.728570427745006
216.36618309154576	0.6701631619578269	0.7277739254126028
216.4992496248124	0.6700917616099282	0.7281727377044624
216.63231615807902	0.6711968369228437	0.7288796924474
216.76538269134568	0.6704951350073803	0.7277816038181445
216.8984492246123	0.6703575564611822	0.7271801789529001
217.03151575787894	0.6704181344430044	0.7270732913806357
217.16458229114556	0.6708494363774689	0.7262712176375563
217.2976488244122	0.670743226054173	0.7261183793864397
217.43071535767882	0.6722941238924695	0.7260955075731218
217.56378189094548	0.6716833482043985	0.726237699171292
217.6968484242121	0.670325705708429	0.7254006018838278
217.82991495747874	0.6705882324952321	0.7262759843287762
217.96298149074536	0.6721648847059682	0.7257822895959615
218.096048024012	0.6723041515420791	0.7249847699602648
218.22911455727862	0.672996554850929	0.7253173490369914
218.36218109054528	0.6733899221607327	0.72645498654494
218.4952476238119	0.6730763445774289	0.7266764192452884
218.62831415707853	0.6731152447102495	0.7264449839953502
218.76138069034516	0.6729297117619466	0.7268816450456755
218.8944472236118	0.6732694604841651	0.7270786056409476
219.02751375687842	0.673104483583692	0.7262889878272
219.16058029014508	0.6727512494104473	0.7258803753302511
219.2936468234117	0.6712798522583278	0.7254689922308848
219.42671335667833	0.670826023126764	0.7258404589948783
219.55977988994496	0.6699850234131285	0.7266706282613324
219.6928464232116	0.6695571252641083	0.7276021545563475
219.82591295647822	0.6691443203318698	0.728593349590321
219.95897948974488	0.6682185427114927	0.7279008421024392
220.0920460230115	0.6674811609516573	0.727556659505472
220.22511255627813	0.668175307295884	0.7283654127470677
220.35817908954476	0.6676745607882855	0.7275430305380804
220.4912456228114	0.6670972979898949	0.7276580280318365
220.62431215607802	0.6672485335809097	0.7276558860824469
220.75737868934468	0.6672768341350515	0.7291283590988731
220.8904452226113	0.666918842595851	0.7288507443681537
221.02351175587793	0.667603302406817	0.7281090295440796
221.15657828914456	0.6669799572849114	0.728120778717141
221.2896448224112	0.6655319511144402	0.7273464999012151
221.42271135567785	0.6662039351096399	0.7272813400190211
221.55577788894448	0.6666515969967475	0.7272814116553932
221.6888444222111	0.6665691102124003	0.7276256453750107
221.82191095547773	0.6663707950159176	0.7268774523190135
221.95497748874436	0.6669353433317124	0.7255293517588091
222.088044022011	0.6672033969842879	0.7252461340405305
222.22111055527765	0.6667010717319896	0.7256576883063004
222.35417708854428	0.6667861957101803	0.7245438482388681
222.4872436218109	0.6673558076652047	0.7237911298634818
222.62031015507753	0.6678854858711382	0.724119469179973
222.75337668834416	0.6676478773622949	0.723205760965229
222.8864432216108	0.6686939439751737	0.7217646897738912
223.01950975487745	0.6684304624586175	0.7201532081667613
223.15257628814408	0.6678714533098796	0.7197418809768517
223.2856428214107	0.6681582461179273	0.7196111497757223
223.41870935467733	0.6674050732624229	0.7187639486039169
223.55177588794396	0.667435605216558	0.7199703914222517
223.6848424212106	0.6672556610640499	0.7191185732163825
223.81790895447725	0.6672264726009898	0.7189234799961253
223.95097548774388	0.6667858241970275	0.7200251861780766
224.0840420210105	0.6668783306778961	0.7189329368006476
224.21710855427713	0.6672218423236692	0.7191181480864045
224.35017508754376	0.6663915291308466	0.719432632674719
224.4832416208104	0.666048587172666	0.7185400037146327
224.61630815407705	0.6669714950239912	0.7179478227549958
224.74937468734367	0.6671181863525486	0.7184787546445931
224.8824412206103	0.6667503780413214	0.7190913564692625
225.01550775387693	0.6661465745690223	0.7191529849750948
225.14857428714356	0.6646289775981866	0.7206791387161319
225.2816408204102	0.6645407553386097	0.7215955164745582
225.41470735367685	0.6648999505605727	0.7215877659290799
225.54777388694347	0.6641167759882012	0.7219946108766511
225.6808404202101	0.6624422291964	0.7216915955773664
225.81390695347673	0.6626629290262056	0.7217102126643374
225.94697348674336	0.6638396884471497	0.7218673928824739
226.08004002001	0.6632962844372132	0.7218422530325497
226.21310655327665	0.6637933456204173	0.7224376616277243
226.34617308654327	0.6646531717281896	0.7217143411596703
226.4792396198099	0.6643304136161333	0.7231589896566981
226.61230615307653	0.6646166048012951	0.7225438549836004
226.74537268634316	0.6647502531162951	0.7222369101935553
226.8784392196098	0.6639427482330953	0.722720801215749
227.01150575287645	0.6652760709628217	0.7226696487711083
227.14457228614307	0.664609184513868	0.7218997101033086
227.2776388194097	0.663163217330815	0.7227208679691951
227.41070535267633	0.662277886997788	0.7225733067553907
227.54377188594296	0.662416856698823	0.7227723801917563
227.6768384192096	0.6610653084954823	0.7215314475737429
227.80990495247624	0.661638799284073	0.720704721894765
227.94297148574287	0.6611540309879191	0.7214554428780691
228.0760380190095	0.6615678146563846	0.7208192377259587
228.20910455227613	0.6606794470000849	0.7208931765909796
228.34217108554276	0.6604601163874462	0.7205465744714491
228.4752376188094	0.6597704381571721	0.71908666827117
228.60830415207604	0.6603137173559722	0.7188149786332207
228.74137068534267	0.6606293317633561	0.7193867971845631
228.8744372186093	0.6607362884220631	0.7202749994131041
229.00750375187593	0.6602265777752869	0.7198732408833656
229.14057028514256	0.6599599667446289	0.7198533014796427
229.2736368184092	0.6597485056438896	0.7203611653142108
229.40670335167584	0.6603132819647684	0.7208637854949905
229.53976988494247	0.661804745451488	0.7206071422747435
229.6728364182091	0.6624355631202171	0.7199005911659114
229.80590295147573	0.6624733471062046	0.7198324422916483
229.93896948474236	0.6619483220456218	0.7182840563678292
230.072036018009	0.661520651471524	0.7187909823895364
230.20510255127564	0.661853093742271	0.7180336072808622
230.33816908454227	0.6617335444869927	0.7170991566507354
230.4712356178089	0.6616150247154928	0.7169119005660435
230.60430215107553	0.6614062555606316	0.7176792414991926
230.73736868434216	0.6631780603901978	0.7183146861086948
230.8704352176088	0.6630323439567466	0.7192743275053324
231.00350175087544	0.6625187784905172	0.7188830149017946
231.13656828414207	0.6631946918685426	0.7190823067143198
231.2696348174087	0.6622917554919657	0.7181769877567588
231.40270135067533	0.6623431724569955	0.718542978347467
231.53576788394196	0.6620255890434633	0.7179415510831497
231.6688344172086	0.6616621286411105	0.7181936654574407
231.80190095047524	0.6617942629590658	0.7171720211162874
231.93496748374187	0.66166216120798	0.7175824633659796
232.0680340170085	0.6618143479022809	0.7171690845490517
232.20110055027513	0.659870553343251	0.7168395132944383
232.33416708354176	0.6598451304782506	0.7151637043868723
232.4672336168084	0.6585160382410645	0.7143910949483564
232.60030015007504	0.659303408580419	0.7150888567123641
232.73336668334167	0.6597390041148327	0.7144678058539385
232.8664332166083	0.6587342702369547	0.7142885658360396
232.99949974987493	0.6578803196793929	0.7129973039087513
233.13256628314156	0.6582453583305763	0.7135783767300433
233.26563281640819	0.6577364180221157	0.7130766348144717
233.39869934967484	0.6579930394333374	0.7139876316232848
233.53176588294147	0.6577725592915498	0.7139518182449108
233.6648324162081	0.6570828679027709	0.7144441354312089
233.79789894947473	0.6562940536358088	0.7154721438558592
233.93096548274136	0.6557903690323545	0.7155113471437392
234.06403201600799	0.6552458114683427	0.7146270030127999
234.19709854927464	0.6536403358763866	0.7138283625290912
234.33016508254127	0.6531779948555754	0.7139080404612446
234.4632316158079	0.6547496807270308	0.7151081011410148
234.59629814907453	0.6536136844315426	0.7145054489949864
234.72936468234116	0.653425817705068	0.7131536104324483
234.86243121560778	0.6532594074632931	0.7130283228792037
234.99549774887444	0.6538569618832278	0.7130082078245908
235.12856428214107	0.6544022644932059	0.7130527675179952
235.2616308154077	0.6543537955946696	0.7130173794434853
235.39469734867433	0.6544479207999108	0.7121736486355442
235.52776388194096	0.6538849446059757	0.7120250039074265
235.66083041520758	0.6523516229372938	0.7124144648328444
235.79389694847424	0.6523518717265979	0.7120930010424299
235.92696348174087	0.6525877083696718	0.7130818483880567
236.0600300150075	0.6528385520924109	0.7123237946859127
236.19309654827413	0.6534229082830912	0.7126457083532619
236.32616308154076	0.6538743193970585	0.7115808509834946
236.45922961480738	0.6540508077533833	0.7122249193545045
236.59229614807404	0.653743303696509	0.7124983083412375
236.72536268134067	0.6530399987605217	0.7119547792024101
236.8584292146073	0.6515674343917871	0.7121770772627879
236.99149574787393	0.6505403646022057	0.7117042711074478
237.12456228114056	0.650546153569455	0.7111812918202804
237.25762881440718	0.6505590925889778	0.7105904383231635
237.39069534767384	0.6503301347195393	0.7091072159623509
237.52376188094047	0.6500082428220479	0.7093581993912016
237.6568284142071	0.6495245259743389	0.7088782422969363
237.78989494747373	0.6489950284593331	0.7098978557047151
237.92296148074036	0.6494099668642649	0.7106985064941781
238.05602801400698	0.6496099332542796	0.7112703510452556
238.18909454727364	0.6501314802215886	0.7109681295030128
238.32216108054027	0.650861424305976	0.7119847965271365
238.4552276138069	0.6510329346330423	0.7132315381260125
238.58829414707353	0.6503034849337205	0.713930553046455
238.72136068034015	0.6501159437590692	0.7138711121158094
238.8544272136068	0.6492240578100773	0.7139560560590095
238.98749374687344	0.6498435558759666	0.7136666731882636
239.12056028014007	0.6486790553787047	0.7134836931779369
239.2536268134067	0.6491360353045436	0.7140186088284852
239.38669334667333	0.6500073099994751	0.7124420959533723
239.51975987993995	0.6498092511779638	0.7130491534975838
239.6528264132066	0.649728374333604	0.7129933316224082
239.78589294647324	0.6507476646111359	0.7125241844534458
239.91895947973987	0.651065500359174	0.7122029985456151
240.0520260130065	0.6511446128751593	0.711816367571816
240.18509254627313	0.6503239335308219	0.7121779680092427
240.31815907953975	0.6489524829462132	0.7110608640131163
240.4512256128064	0.6490070579769679	0.709739299996447
240.58429214607304	0.6493200889534424	0.7099906833907557
240.71735867933967	0.6490098389023186	0.7094994167197648
240.8504252126063	0.6498977971005416	0.7084141557021496
240.98349174587293	0.6499492873163293	0.7086743547149456
241.11655827913955	0.6500617308268705	0.7090818356247076
241.2496248124062	0.6510055125672435	0.7094425289590687
241.38269134567284	0.6498561075583378	0.7085065322004758
241.51575787893947	0.6507464112556094	0.707763755221639
241.6488244122061	0.6512044663735034	0.706536479327678
241.78189094547272	0.6516864051790153	0.707254543866862
241.91495747873935	0.651750087322899	0.7071167296886904
242.048024012006	0.6523538691948648	0.7073933655770226
242.18109054527264	0.6533023060323349	0.7064339589753632
242.31415707853927	0.6509926730878303	0.7058369217762959
242.4472236118059	0.6507278578568572	0.7056757901706194
242.58029014507252	0.650177692622438	0.7048335992281327
242.71335667833915	0.6495484230667998	0.7047601142718746
242.8464232116058	0.6495793982197876	0.7045077659669706
242.97948974487244	0.650049417461209	0.7042533906723156
243.11255627813907	0.6500412837626098	0.7042099267330326
243.2456228114057	0.6497165957261218	0.7033778870897979
243.37868934467232	0.6500363271013845	0.7037141290594827
243.51175587793895	0.6494157422446714	0.7039735536754086
243.6448224112056	0.6487787689214211	0.7038055940541407
243.77788894447224	0.6482602732502072	0.7039604127757417
243.91095547773887	0.6485272422232977	0.7033438142980409
244.0440220110055	0.6478053046243872	0.7033655021717939
244.17708854427212	0.648388750256017	0.7039987749617449
244.31015507753875	0.6475118953541942	0.7040061148315397
244.4432216108054	0.6471944277524035	0.7040041927046293
244.57628814407204	0.6461382589000988	0.7047968720398021
244.70935467733867	0.645600368779471	0.7043347924284222
244.8424212106053	0.64640082323837	0.705392598399716
244.97548774387192	0.6467500023837198	0.7062787458705825
245.10855427713855	0.6464039062076327	0.7074641794873194
245.2416208104052	0.64659454217135	0.7077660007533267
245.37468734367184	0.6459264955626584	0.7077580768704438
245.50775387693847	0.6461326691998744	0.7067651947931168
245.6408204102051	0.6464693199733882	0.7069529956825719
245.77388694347172	0.6458933598701052	0.7059495681058052
245.90695347673835	0.6466946005220969	0.7058756515124882
246.040020010005	0.6470489587409253	0.7053369024654923
246.17308654327164	0.6457049206743904	0.7049189816272613
246.30615307653827	0.6466845596756072	0.7042183969813365
246.4392196098049	0.6457353194007762	0.7045961080676326
246.57228614307152	0.6457153603864213	0.7042287724921023
246.70535267633815	0.6452999154361723	0.7043887117038318
246.8384192096048	0.6455056209104066	0.7043807198687029
246.97148574287144	0.6442388770750131	0.704162828615419
247.10455227613807	0.6440401424605108	0.7043206110578019
247.2376188094047	0.6439141648380788	0.7037448242775833
247.37068534267132	0.6431889387911277	0.7023205448084404
247.50375187593795	0.6431315487495425	0.7019335997071214
247.6368184092046	0.6440097258793941	0.7008274294332605
247.76988494247124	0.6424349195079491	0.7012772996296555
247.90295147573786	0.6417455004771705	0.7009968056541596
248.0360180090045	0.6414268002195965	0.7003784216798478
248.16908454227112	0.6414834290353569	0.6999680361402022
248.30215107553775	0.6411925597279954	0.7009809713819605
248.4352176088044	0.6404464674654765	0.7009138473477576
248.56828414207104	0.6399285194243641	0.7017737869241643
248.70135067533766	0.6399338404606085	0.701871216031709
248.8344172086043	0.6403430788129177	0.702572181879138
248.96748374187092	0.6404665210336722	0.7033264547794664
249.10055027513755	0.6417325985761729	0.7034800866786048
249.2336168084042	0.6428206927329382	0.7045610971624395
249.36668334167084	0.6438544614378539	0.7041937340950402
249.49974987493746	0.6423391150826335	0.7024530914006996
249.6328164082041	0.6422266241639779	0.7024069438736359
249.76588294147072	0.6424015687111135	0.7020488521955524
249.89894947473735	0.6417956199507341	0.7017465095064253
250.032016008004	0.6427998667743274	0.7015413109129288
250.16508254127064	0.642014656568747	0.6995087768473087
250.29814907453726	0.6425915568935686	0.6994101910567129
250.4312156078039	0.6422135641238395	0.6996505149863205
250.56428214107052	0.6422642719746228	0.6987785722896863
250.69734867433715	0.641557245089078	0.6984314923204583
250.8304152076038	0.6405666191984771	0.6979498706513511
250.96348174087044	0.6417262037673669	0.6985677023309395
251.09654827413706	0.6421730335061558	0.6974687164600503
251.2296148074037	0.6422169099177963	0.6973652824902933
251.36268134067032	0.6429567008973761	0.6982133286254744
251.49574787393695	0.6436799397934593	0.6980384195705468
251.6288144072036	0.6428732413982038	0.69891396518541
251.76188094047023	0.6421713943865865	0.6988087664547034
251.89494747373686	0.6424412280114217	0.6971256062689757
252.0280140070035	0.6420141544166653	0.6971432913550168
252.16108054027012	0.6427265753917311	0.6967048327557498
252.29414707353675	0.6430219019659881	0.6970541803821879
252.4272136068034	0.6426537682458429	0.6965385511056967
252.56028014007003	0.6422729854418118	0.696563464695996
252.69334667333666	0.641322906601475	0.6956356277217424
252.8264132066033	0.6411889548610955	0.6953614266943723
252.95947973986992	0.6422019802986597	0.6957056014029542
253.09254627313655	0.6428896052710443	0.6960642273984033
253.2256128064032	0.6421128143795335	0.6961070044364485
253.35867933966983	0.6419154315636888	0.6951256280370682
253.49174587293646	0.6411684513381581	0.6948623651891142
253.6248124062031	0.6396085835298168	0.6957237783359028
253.75787893946972	0.6385258686390509	0.6962289349762961
253.89094547273635	0.6387240013490942	0.6955711046130856
254.024012006003	0.6379685461294192	0.6964134376374679
254.15707853926963	0.6379276707480003	0.6971004003999505
254.29014507253626	0.6382717401051856	0.6981675163346142
254.4232116058029	0.6386008641186438	0.6980705240702815
254.55627813906952	0.6377751699328955	0.69903608479009
254.68934467233615	0.638447482806219	0.6978340947803481
254.8224112056028	0.6389786702187042	0.6992039730369365
254.95547773886943	0.6376376123588465	0.6990531186323391
255.08854427213606	0.6366104152911667	0.6993276649771702
255.2216108054027	0.638276499247287	0.6983180909917065
255.35467733866932	0.6388457194008629	0.6982169014357603
255.48774387193595	0.639288114084786	0.6969448822999493
255.6208104052026	0.6404686659295473	0.6980198898116896
255.75387693846923	0.6391018068498711	0.6967316058527528
255.88694347173586	0.6385837736708436	0.6961602904707132
256.0200100050025	0.6382433820089692	0.6953694487892177
256.15307653826915	0.6372697057544435	0.6945066672145966
256.2861430715358	0.63835934123099	0.6950362126731372
256.4192096048024	0.6380814031530199	0.694513686608928
256.55227613806903	0.6386341413524115	0.6954567794794323
256.68534267133566	0.6388831558481316	0.6968166500551337
256.8184092046023	0.6367267658378306	0.6947754686361024
256.9514757378689	0.6386069532939456	0.6959193564764498
257.08454227113555	0.6375300299152331	0.6952272494010941
257.2176088044022	0.6359302171708807	0.6949653409497493
257.3506753376688	0.636664094248797	0.6950498656542696
257.4837418709355	0.6360087243860864	0.6944728671749424
257.6168084042021	0.6348887964653739	0.6946903625416311
257.74987493746875	0.6342982082312896	0.6951402387175971
257.8829414707354	0.6343856181917295	0.695200193668792
258.016008004002	0.6358379465942604	0.6946479137488429
258.14907453726863	0.6356565814063327	0.6935138090591375
258.28214107053526	0.6361921740663763	0.6930550130828794
258.4152076038019	0.6353675881457276	0.6927783577070988
258.5482741370685	0.6352851767552989	0.6930016944238837
258.68134067033515	0.6349534541905786	0.6926145708469312
258.8144072036018	0.6353498542797069	0.692383357486275
258.9474737368684	0.6362746551432147	0.6921735801929486
259.0805402701351	0.6370266920739938	0.6915873981404261
259.2136068034017	0.6366526208799279	0.6921127904179805
259.34667333666835	0.6363066808846733	0.6925978945724877
259.479739869935	0.6375862181808359	0.6915967758397302
259.6128064032016	0.6377174417109331	0.6931373707337818
259.74587293646823	0.6379427851015643	0.6924251996515549
259.87893946973486	0.6374199318441851	0.6920572436455367
260.0120060030015	0.6372745469785712	0.691646360332573
260.1450725362681	0.6371543163863514	0.6925534473542945
260.27813906953475	0.6366514506861098	0.6933121987752806
260.4112056028014	0.6373780188240032	0.6925999736672849
260.544272136068	0.6371902953292714	0.6920487960611561
260.6773386693347	0.6374869954487337	0.6924374985604725
260.8104052026013	0.6375991874999926	0.6926083042588034
260.94347173586794	0.6366600910011221	0.6919944773437071
261.0765382691346	0.6371177958276952	0.6916711006339431
261.2096048024012	0.6365149462827316	0.6918917493104244
261.34267133566783	0.6362073960092627	0.6915123351052341
261.47573786893446	0.6365709182714934	0.6902931499222217
261.6088044022011	0.635906762122603	0.6898372019449572
261.7418709354677	0.636294772755125	0.6896163026552813
261.87493746873434	0.6359863966399713	0.6895412397351541
262.008004002001	0.6344623442066555	0.6900504401491697
262.1410705352676	0.6335605228891363	0.690289535901142
262.2741370685343	0.6335291689049772	0.6910728791533158
262.4072036018009	0.6334992535343487	0.6906735010093795
262.54027013506754	0.6323866608015202	0.6913604829151767
262.6733366683342	0.6329455331754352	0.6906617327727602
262.8064032016008	0.6335078768780439	0.690328240167733
262.93946973486743	0.633404723193903	0.6893993914354306
263.07253626813406	0.6326799379641191	0.6892330852665759
263.2056028014007	0.6318085682519353	0.6894154297359204
263.3386693346673	0.6320229115656414	0.6892722852449414
263.47173586793394	0.6323968854894394	0.6906462964503927
263.6048024012006	0.6331956950633398	0.6901972055974844
263.7378689344672	0.6332897714053244	0.6895682928540028
263.8709354677339	0.6332883415169706	0.6898987901283703
264.0040020010005	0.6333126499340671	0.6896602240083242
264.13706853426714	0.6330239287260229	0.689368120317799
264.2701350675338	0.632894829800661	0.6900470855410916
264.4032016008004	0.6317228510475154	0.6912921998523227
264.53626813406703	0.6315128616109126	0.6913384271239768
264.66933466733366	0.6323377965067094	0.6919151124354592
264.8024012006003	0.6312979591727483	0.6914530289976675
264.9354677338669	0.6316493593293419	0.691229858803923
265.06853426713354	0.6310552355631287	0.6909207637278226
265.2016008004002	0.6303007575929244	0.6904989445976927
265.3346673336668	0.6300107715133937	0.6903884272844776
265.4677338669335	0.6302988117745328	0.6891743369515956
265.6008004002001	0.6302543627838663	0.6867563968605324
265.73386693346674	0.6307416564973258	0.6879273818370505
265.86693346673337	0.6307862136648957	0.6889477690591049
266.0	0.6316279069767442	0.6887929125138428
