0.0	0.0	0.0
0.1330665332666333	0.00011086500479703253	0.00017735788394486094
0.2661330665332666	0.0008652353965357376	0.0007982996898465931
0.39919959979989994	0.0027714628261376393	0.0021955118834791738
0.5322661330665333	0.004744589438406601	0.0044568130449270695
0.6653326663331666	0.007492546968322365	0.0070945903744064065
0.7983991995997999	0.009931221584540658	0.010175998448299027
0.9314657328664332	0.013143616512504574	0.013857653684071932
1.0645322661330665	0.015560056201345724	0.01878158884474755
1.1975987993997	0.01910660666987681	0.024814182896936102
1.3306653326663331	0.022009890767093573	0.0319970314194808
1.4637318659329663	0.0258455466056642	0.03978189280957775
1.5967983991995998	0.029166689357050198	0.0493174115658585
1.7298649324662332	0.032423103372870174	0.05974311159594319
1.8629314657328664	0.035347674903914744	0.07256374804326263
1.9959979989994996	0.03863129379151227	0.08635365214278352
2.129064532266133	0.04226531996252457	0.10177206745945853
2.2621310655327664	0.04560872473840744	0.11956058488438936
2.3951975987994	0.0489361211442681	0.13891865887455954
2.528264132066033	0.052521173370248975	0.16019337009681112
2.6613306653326663	0.0550167717283405	0.18448798360195584
2.7943971985992997	0.05746015366444867	0.2111136616286735
2.9274637318659327	0.06054411517025727	0.23858728732367773
3.060530265132566	0.06353159954286068	0.26845746840017903
3.1935967983991995	0.06621143552867839	0.2995656288494973
3.326663331665833	0.06900698215693579	0.33241623377503576
3.4597298649324664	0.0720206780946835	0.36574307911628445
3.5927963981990994	0.07483172488302271	0.40141198054316474
3.7258629314657328	0.07751265979963609	0.43661758055607647
3.858929464732366	0.08005456946425624	0.4716340671936923
3.991995997998999	0.08225359566651215	0.5050027779244909
4.125062531265633	0.08511252493067563	0.5399108161967737
4.258129064532266	0.08736763618540448	0.5748594682673815
4.391195597798899	0.09003896775595528	0.6063412503989727
4.524262131065533	0.09316216153205141	0.6369355131495554
4.657328664332166	0.09588263313199451	0.6626515355643446
4.7903951975988	0.09853991112373651	0.6880086762785957
4.923461730865433	0.1012787842427633	0.7122677848569653
5.056528264132066	0.10479916880380165	0.7334831899271234
5.1895947973986996	0.10738006875977402	0.7537977368434348
5.3226613306653325	0.10997024142879426	0.7718418588916827
5.4557278639319655	0.11223239017983876	0.7883038301162921
5.588794397198599	0.11484451006003626	0.8022144867618475
5.721860930465232	0.11687666989535203	0.8156123074036821
5.854927463731865	0.1191209475058382	0.826752178303549
5.987993996998499	0.12166140351464189	0.8372356951613769
6.121060530265132	0.12473466865591756	0.8453130106250923
6.254127063531766	0.1268684452259153	0.8544877715287265
6.387193596798399	0.12931006770459616	0.8616289295968653
6.520260130065032	0.13267751659023358	0.8673425237206605
6.653326663331666	0.1352557148331327	0.8736263642925579
6.786393196598299	0.1378033063918775	0.8792690522390576
6.919459729864933	0.14012720301929468	0.8828963473967374
7.052526263131566	0.14249729124284627	0.8873893537297323
7.185592796398199	0.1446628246665021	0.8907126199810201
7.318659329664833	0.14658019653642193	0.8946962923666156
7.4517258629314655	0.14851346362009185	0.8963237277706394
7.5847923961980985	0.15159304904902013	0.8982987191077633
7.717858929464732	0.15370765789475707	0.8997421123632875
7.850925462731365	0.15619287804584778	0.9023545053121824
7.983991995997998	0.1582692494071131	0.905502480467186
8.117058529264632	0.16058301143937448	0.9077231628974943
8.250125062531266	0.16290114811520773	0.9104387330531851
8.383191595797898	0.16467205415836686	0.9109058580201056
8.516258129064532	0.16603768598202026	0.9120241864381614
8.649324662331166	0.16834007750204322	0.9145701952119841
8.782391195597798	0.17073745102456753	0.9165611050383092
8.915457728864432	0.17344616520942688	0.9169905943057071
9.048524262131066	0.1757380463127957	0.9170073858571307
9.181590795397698	0.17713385876020257	0.9173631466354681
9.314657328664332	0.17947993107218171	0.9190944590126221
9.447723861930966	0.18224988596793526	0.9200729271081364
9.5807903951976	0.1840314119131687	0.9216918385807996
9.713856928464232	0.1862429119326227	0.9222741717016821
9.846923461730865	0.18874201829741744	0.9243974157053652
9.9799899949975	0.19180972386929415	0.9239267929305978
10.113056528264131	0.19450186581329346	0.9245932512114565
10.246123061530765	0.19632445400223658	0.925971418836427
10.379189594797399	0.19821622055065855	0.926440724734579
10.512256128064031	0.2000885719456628	0.9274400594328012
10.645322661330665	0.20185969131468787	0.9291981074365331
10.778389194597299	0.20422167037771768	0.9298553826263927
10.911455727863931	0.20580687158604496	0.9299506737038906
11.044522261130565	0.207586435930681	0.9292149233048244
11.177588794397199	0.2087013920478853	0.9320822243686624
11.31065532766383	0.2108174090808869	0.9336422029476832
11.443721860930465	0.21290430268346505	0.9335918094151219
11.576788394197099	0.21485107375361248	0.9332521282330336
11.70985492746373	0.21737919298751146	0.9321467857267173
11.842921460730365	0.21944940604116506	0.9319159897807093
11.975987993996998	0.22142418782436454	0.9317395439833224
12.109054527263632	0.22319574530967884	0.9310924694926916
12.242121060530264	0.2260272007240401	0.9305525200034285
12.375187593796898	0.22722304805314417	0.9301744412581037
12.508254127063532	0.22938500272749549	0.9313177131743704
12.641320660330164	0.2313656172821732	0.9307721053764094
12.774387193596798	0.23354046282159824	0.9303051112475215
12.907453726863432	0.23597998043189783	0.9303045807744413
13.040520260130064	0.2379252392752871	0.9316064552297154
13.173586793396698	0.24085489472873664	0.9330694072743765
13.306653326663332	0.2433599788118248	0.9325884695653963
13.439719859929964	0.24536342009979456	0.932480177263793
13.572786393196598	0.24785051334610594	0.9332770291964066
13.705852926463232	0.24978098250813546	0.9330297298382938
13.838919459729865	0.25140326386119677	0.9334403627144414
13.971985992996498	0.25380629173429864	0.9328700447032703
14.105052526263131	0.25586445327476526	0.9329443946541919
14.238119059529765	0.25782380131953586	0.9329227395753507
14.371185592796397	0.2585378189975508	0.9325840307259007
14.504252126063031	0.26058973394283286	0.9325856504815291
14.637318659329665	0.2627542485278864	0.93336883066465
14.770385192596297	0.2648977169982869	0.9336226100148164
14.903451725862931	0.26689263185917744	0.9336255042356495
15.036518259129565	0.26870933990144064	0.9339161086381192
15.169584792396197	0.27002359708106666	0.9340957038559115
15.302651325662831	0.2728874042289866	0.9328418789612594
15.435717858929465	0.27487430272197516	0.932377700490943
15.568784392196097	0.27672643324150087	0.9327613467690897
15.70185092546273	0.27874345052491517	0.931905293759815
15.834917458729365	0.2804583956200256	0.9318151720950422
15.967983991995997	0.28156927953511296	0.9316268848715712
16.101050525262632	0.28291917286236645	0.9322870402477434
16.234117058529264	0.28466015464224087	0.9324013174797052
16.367183591795897	0.28559239359315935	0.9335624554684308
16.500250125062532	0.28764894939569585	0.9338304397105899
16.633316658329164	0.28999256421093245	0.9337560665518039
16.766383191595796	0.2912280093693433	0.9331846865734513
16.899449724862432	0.29385435139092575	0.9342738335769668
17.032516258129064	0.2951801621684214	0.9341440211500877
17.165582791395696	0.2976610780542376	0.9345041038388346
17.298649324662332	0.2991750874801198	0.9331661682922885
17.431715857928964	0.300777047122768	0.9323418936469391
17.564782391195596	0.30282280000456635	0.9331302557694593
17.69784892446223	0.3042982274812704	0.9336708673658417
17.830915457728864	0.30746920198050565	0.9338277980632825
17.963981990995496	0.30980799148803984	0.9351191527016739
18.09704852426213	0.31173043122299116	0.9356578723822392
18.230115057528764	0.31400789836321635	0.9350522559955907
18.363181590795396	0.3158251077278431	0.9339493365588317
18.49624812406203	0.3178077585593972	0.9333721269854464
18.629314657328663	0.3198597491571459	0.9319392214978688
18.762381190595296	0.32111806116486497	0.9308684652727852
18.89544772386193	0.3234769396897609	0.9294837830695754
19.028514257128563	0.32521159627848334	0.9292284645501937
19.1615807903952	0.3257230857389165	0.9290482615156263
19.29464732366183	0.327951680335161	0.9287718374559801
19.427713856928463	0.32956405868044203	0.9281299922656799
19.5607803901951	0.33099021753601005	0.9279495163275202
19.69384692346173	0.33216376341936704	0.9276223470815409
19.826913456728363	0.3337682651531741	0.9289555099358137
19.959979989995	0.33598082086015635	0.9283139676010564
20.09304652326163	0.3377660748885636	0.9294168507410928
20.226113056528263	0.33868764925114697	0.9280341093957479
20.3591795897949	0.33994913313999486	0.9272434830634506
20.49224612306153	0.34110571024788056	0.9271955852342273
20.625312656328163	0.3432316230381009	0.9272161071483814
20.758379189594798	0.3448089876346478	0.9273225413203703
20.89144572286143	0.34610113976692447	0.9265209633836895
21.024512256128062	0.3471707867182051	0.9259186460861729
21.157578789394698	0.3493487557075212	0.9252630227322378
21.29064532266133	0.35115867886713736	0.9254881597403655
21.423711855927962	0.3522848485402807	0.9245917748239175
21.556778389194598	0.35414795159585666	0.9233229993071037
21.68984492246123	0.3562639461788839	0.924032109142564
21.822911455727862	0.3567336902666137	0.924050381290747
21.955977988994498	0.35807211904864494	0.9230466094586789
22.08904452226113	0.3596378048002506	0.9233759975267131
22.222111055527762	0.3615750440072425	0.9228595524049065
22.355177588794398	0.3642711819866255	0.9209496066313981
22.48824412206103	0.3652830458003847	0.9202720512365496
22.62131065532766	0.3671926461018775	0.92020845791767
22.754377188594297	0.3696017709738323	0.9219286655836204
22.88744372186093	0.3716042298781203	0.9206438361700925
23.02051025512756	0.37247861481090155	0.9202987460798697
23.153576788394197	0.37416402751530353	0.9203852427634729
23.28664332166083	0.37569565455991455	0.9197851266770471
23.41970985492746	0.3764810725967279	0.9188859897786883
23.552776388194097	0.378780680132611	0.9191989073883632
23.68584292146073	0.3812885297307692	0.9200634762114779
23.818909454727365	0.38152675411287484	0.9187560350896301
23.951975987993997	0.382277470302815	0.9195821496088136
24.08504252126063	0.3832922548236043	0.9204284123898162
24.218109054527265	0.3846044979317785	0.9203096356533932
24.351175587793897	0.38592116221870026	0.9202328638756817
24.48424212106053	0.3868567260347411	0.9205163850969318
24.617308654327164	0.3883892031242581	0.9208006327014566
24.750375187593797	0.38984339327151085	0.9207450849906889
24.88344172086043	0.3902070378798378	0.9203813294203752
25.016508254127064	0.3921835508051766	0.9214576769032263
25.149574787393696	0.3934934156137049	0.9214852862984348
25.28264132066033	0.3944819802148572	0.9218164025201644
25.415707853926964	0.3960200023661471	0.922509801810397
25.548774387193596	0.39766944054973125	0.9230827351066772
25.68184092046023	0.3981657588567031	0.9218003117017292
25.814907453726864	0.39946684897222995	0.9218416346375864
25.947973986993496	0.40021950970698345	0.9234169452196825
26.081040520260128	0.40197543429353516	0.922342041903071
26.214107053526764	0.40297230348309415	0.9236780830950951
26.347173586793396	0.4048496007087554	0.9230494664877018
26.480240120060028	0.4073961753970159	0.9229248853265468
26.613306653326664	0.40886176954462605	0.9234845009193661
26.746373186593296	0.4099450099710697	0.922087820708849
26.879439719859928	0.41239231722022573	0.9234018572354786
27.012506253126563	0.4143319068869273	0.9221665745407295
27.145572786393195	0.41538763589158945	0.922217448740149
27.278639319659828	0.4169812199713981	0.922167229929647
27.411705852926463	0.41838626022439807	0.9211409610051288
27.544772386193095	0.41962709605684245	0.9191059513599746
27.67783891945973	0.4213431661910584	0.9191099033223736
27.810905452726363	0.42207561732528304	0.9183377986999665
27.943971985992995	0.4240742293150021	0.9177495912001482
28.07703851925963	0.42524437138181265	0.9165598810405077
28.210105052526263	0.4267763395142806	0.9161139314510509
28.343171585792895	0.4285853615882991	0.9160173096826038
28.47623811905953	0.4304863157370293	0.9165331081877213
28.609304652326163	0.43174837851475995	0.9164020126881218
28.742371185592795	0.433404784376645	0.9156767659400337
28.87543771885943	0.435259496514614	0.9160132551490091
29.008504252126063	0.436618931916861	0.9145617376948623
29.141570785392695	0.43807889717800735	0.9156867834978694
29.27463731865933	0.43985522547736405	0.9136405701011837
29.407703851925962	0.4408885734521223	0.9152675607619456
29.540770385192594	0.4411758870015699	0.9147775596317337
29.67383691845923	0.4429841747077182	0.914171949558001
29.806903451725862	0.4438240221390442	0.9142904891109855
29.939969984992494	0.44540502088250217	0.9142602353181438
30.07303651825913	0.4467064935710428	0.913205263245535
30.206103051525762	0.4480941039925	0.9123131727619301
30.339169584792394	0.45003103756628166	0.9132456059246609
30.47223611805903	0.4512591166524161	0.9126756283467363
30.605302651325662	0.4531285408121159	0.9130829861232982
30.738369184592294	0.454959286009083	0.9134411532650115
30.87143571785893	0.455989926173389	0.9126759836662897
31.00450225112556	0.45702729693268773	0.9119624779754713
31.137568784392194	0.4584099021944643	0.9112908533164713
31.27063531765883	0.46022519449427923	0.9103865203877567
31.40370185092546	0.4613874264214037	0.9109193075365929
31.536768384192094	0.46232179577942145	0.9114580915309067
31.66983491745873	0.46272919827730075	0.9110149945708647
31.80290145072536	0.46355725281511045	0.9131600843024038
31.935967983991993	0.4657383822755555	0.9125563419544268
32.06903451725863	0.4669882575113632	0.9125170460348989
32.202101050525265	0.4687951346777195	0.9104755836674862
32.33516758379189	0.4699737352113613	0.9094107619924541
32.46823411705853	0.4715824413967868	0.9089874203210746
32.601300650325165	0.47299716276380427	0.9092820915355077
32.73436718359179	0.4741734949693494	0.9098545100855534
32.86743371685843	0.4750111391838681	0.9104580233787974
33.000500250125064	0.47506363650304917	0.9099588847096455
33.13356678339169	0.4764337257137584	0.9102238721043809
33.26663331665833	0.47719198710177885	0.909166408874367
33.399699849924964	0.47765079077061867	0.9076653247850345
33.53276638319159	0.47847501132684833	0.9087364113416109
33.66583291645823	0.48050865681296007	0.9102069868985619
33.798899449724864	0.48132521671723866	0.9094505498144421
33.93196598299149	0.48179898351848116	0.9097430908489224
34.06503251625813	0.48353582603898715	0.9105081291280948
34.198099049524764	0.48390548005884776	0.9115801943532525
34.33116558279139	0.48514930389837574	0.9097906412485397
34.46423211605803	0.4861396476498978	0.9101092054622031
34.597298649324664	0.4873103631601328	0.9110151799157594
34.73036518259129	0.48798704000961074	0.9121070213880059
34.86343171585793	0.48942599146651916	0.9103912638070119
34.99649824912456	0.4898451044434668	0.909275599850281
35.12956478239119	0.4914464033441306	0.9089418426620333
35.26263131565783	0.4924552705147697	0.9102125406708964
35.39569784892446	0.49283638378384304	0.9101636380152144
35.52876438219109	0.4943954358180299	0.9098724676790882
35.66183091545773	0.49518893725507845	0.9086838382402151
35.79489744872436	0.49541121909853064	0.908766511327398
35.92796398199099	0.49825325732899295	0.9078816679013739
36.06103051525763	0.4998793287040759	0.9069506138431759
36.19409704852426	0.5016574988194626	0.906972565305729
36.32716358179089	0.5015598620165617	0.9071975890015143
36.46023011505753	0.5017177455522058	0.9065402711851592
36.59329664832416	0.5028369914457569	0.905731919516316
36.72636318159079	0.503097579928254	0.9061126116584332
36.85942971485743	0.5040970759220259	0.9044141878074312
36.99249624812406	0.5054247470140989	0.9039400238041301
37.12556278139069	0.5071696754250419	0.9033996361741661
37.25862931465733	0.5094764046244786	0.9030323208320122
37.39169584792396	0.5095527602919082	0.9022754835156437
37.52476238119059	0.5102111876885987	0.9032180349950375
37.65782891445723	0.5119770723785892	0.9027847242075246
37.79089544772386	0.513043810333693	0.9021221847021771
37.92396198099049	0.5136782348475385	0.901055494719293
38.05702851425713	0.5141073117981624	0.8989735801838148
38.19009504752376	0.5156581927828479	0.9005523896869568
38.3231615807904	0.5166538030649455	0.9009630401346898
38.456228114057026	0.5172841873386146	0.9011973735380097
38.58929464732366	0.5176066944962381	0.9030894231687244
38.7223611805903	0.5184875063802945	0.9035268778099951
38.855427713856926	0.5182577245540012	0.902947585710405
38.98849424712356	0.5193113029603665	0.9026410021517174
39.1215607803902	0.5203189172074286	0.9020757057098421
39.254627313656826	0.5212990218481403	0.9039505437969522
39.38769384692346	0.5212295059488822	0.9033679592513817
39.5207603801901	0.5222156208634529	0.9046116270533253
39.653826913456726	0.5227533177587573	0.9040267438401439
39.78689344672336	0.5228283582849907	0.9035213635848968
39.91995997999	0.5233462440842963	0.903083043917857
40.053026513256626	0.5230736453737093	0.9042974879296021
40.18609304652326	0.524397578514175	0.9052493819653079
40.3191595797899	0.5257317885251195	0.9051418917953564
40.452226113056525	0.5265239917263602	0.9050845453712
40.58529264632316	0.5272843943834147	0.9042237028990353
40.7183591795898	0.5289029256541917	0.903994674868544
40.851425712856425	0.5305290002633734	0.9041833123564728
40.98449224612306	0.5324033006976904	0.9037307395579539
41.1175587793897	0.5320333972028122	0.9034331213832069
41.250625312656325	0.5324167554806727	0.9036805726839074
41.38369184592296	0.5334769003247484	0.90523021189035
41.516758379189596	0.5340060799339066	0.9053132964928892
41.649824912456225	0.5348474875566884	0.9052642428826693
41.78289144572286	0.5357286490259741	0.903841917176965
41.915957978989496	0.5365940710818231	0.905095618183572
42.049024512256125	0.5376556558632085	0.9048041034299822
42.18209104552276	0.5388556776397134	0.9029856939059813
42.315157578789396	0.5399376339495398	0.9028579992742762
42.448224112056025	0.5410545475901332	0.9039638654019854
42.58129064532266	0.5404068759163171	0.9037703934791101
42.714357178589296	0.5421946037246529	0.9034446823745472
42.847423711855924	0.5430901537913618	0.9038935489769302
42.98049024512256	0.5443579363606991	0.9033304906029055
43.113556778389196	0.5451529683398447	0.9039321354060484
43.246623311655824	0.5443981295563218	0.9038376246432375
43.37968984492246	0.5449353499207619	0.9012864927707962
43.512756378189096	0.5462193472932526	0.900579050160178
43.645822911455724	0.5465488010727707	0.9006744483349951
43.77888944472236	0.5469377120205416	0.9012365313043516
43.911955977988995	0.5482930066768339	0.9003054467078628
44.045022511255624	0.5499156177806639	0.8998715696657626
44.17808904452226	0.5514330341879904	0.899254349835495
44.311155577788895	0.552304351751329	0.8990079451771743
44.444222111055524	0.5536068604979201	0.8979118302308905
44.57728864432216	0.5558078387970556	0.8980045854057267
44.710355177588795	0.556836521586186	0.8992353577733487
44.843421710855424	0.55803856209526	0.8995174665741131
44.97648824412206	0.5588830223397834	0.8986018461115803
45.109554777388695	0.5585175759740624	0.8989077313994586
45.24262131065532	0.5592102433175296	0.8979046538661477
45.37568784392196	0.5603679353644266	0.8965319108306552
45.508754377188595	0.5612065015860015	0.895948323076495
45.64182091045522	0.5626542301303065	0.8964592213880367
45.77488744372186	0.5626986422842917	0.8948660514145745
45.907953976988495	0.5641279503411614	0.8951012266021303
46.04102051025512	0.5660707810891785	0.894680071651751
46.17408704352176	0.5670244923419261	0.8943914729697924
46.307153576788394	0.5683992714940576	0.8948832632957329
46.44022011005502	0.5692189042766309	0.8959354438870194
46.57328664332166	0.5711430614232001	0.8973366522998181
46.706353176588294	0.5725534050824791	0.8986776825654105
46.83941970985492	0.5727050548993733	0.8968143133306924
46.97248624312156	0.5732366484514337	0.8966843047634061
47.105552776388194	0.5743677286281235	0.8984838268443314
47.23861930965483	0.5746308019584375	0.8977958082000848
47.37168584292146	0.5747373305200983	0.8972917898228266
47.504752376188094	0.5759878432247996	0.8987122399953158
47.63781890945473	0.5756193575110626	0.8978110076380278
47.77088544272136	0.5760745710694793	0.8973299887037949
47.903951975987994	0.5772741111328663	0.8980564259454946
48.03701850925463	0.5782111439025607	0.8981981699099381
48.17008504252126	0.5795592421578912	0.8976544129639563
48.30315157578789	0.5795631495182875	0.896517410737792
48.43621810905453	0.5803160985766384	0.8967157231772707
48.56928464232116	0.5811622190412252	0.8962603311346874
48.70235117558779	0.5828018579259564	0.8974734812433788
48.83541770885443	0.5827451460463828	0.8967060255945943
48.96848424212106	0.5831219905916788	0.8956780224615164
49.10155077538769	0.583398549224099	0.8951600405035638
49.23461730865433	0.5835370424613465	0.8936409593558748
49.36768384192096	0.5841720705972954	0.8947368885185981
49.50075037518759	0.5847358151006627	0.8946508730037396
49.63381690845423	0.5853960493475622	0.8941908549500834
49.76688344172086	0.5852773226241523	0.8938898923942108
49.89994997498749	0.5856136413872198	0.8933949837271615
50.03301650825413	0.5863474630278284	0.8942171555352972
50.16608304152076	0.5877334205399966	0.893773493755415
50.29914957478739	0.5886827657157826	0.8940757338882965
50.43221610805403	0.5895608135032273	0.894827195872504
50.56528264132066	0.590784681129074	0.8950179970537928
50.69834917458729	0.5912121186686187	0.8952836980928383
50.83141570785393	0.5926824548702521	0.8950043784004822
50.96448224112056	0.5947097039669528	0.8944585002561285
51.09754877438719	0.5948635139847216	0.8930223026874605
51.23061530765383	0.5963083480223154	0.8933571775148248
51.36368184092046	0.5970990010796248	0.8931238947923195
51.49674837418709	0.5974924006873242	0.8928643567007029
51.62981490745373	0.598688204739926	0.8935248120891752
51.762881440720356	0.5994378350751765	0.8922773605822744
51.89594797398699	0.5998065056982647	0.8908534392009861
52.02901450725363	0.6004112726622334	0.8920554254760114
52.162081040520256	0.6001256136731864	0.8916238564842103
52.29514757378689	0.6011373492102805	0.8910450968159052
52.42821410705353	0.6022387347695637	0.8906946667919624
52.561280640320156	0.6036545351564093	0.8904349764944886
52.69434717358679	0.6033952909409598	0.8892574788877897
52.82741370685343	0.6048364921214989	0.8899778494075761
52.960480240120056	0.6053249643464383	0.8894005697723982
53.09354677338669	0.6049085875367882	0.8895699827347872
53.22661330665333	0.6055955986023184	0.8898754841365966
53.359679839919956	0.6053148361448669	0.8908363580337056
53.49274637318659	0.6053697254133754	0.8888602612262397
53.62581290645323	0.6058873357365713	0.8903300486650098
53.758879439719855	0.6065976723121916	0.8911159453159287
53.89194597298649	0.6079367923089772	0.8904994508224567
54.02501250625313	0.6083612967344755	0.8896087823316836
54.158079039519755	0.6080883466457339	0.88791206385236
54.29114557278639	0.6080477240450242	0.88834748859589
54.42421210605303	0.60963604046467	0.8884496654285016
54.557278639319655	0.6101149594790777	0.8876730569574438
54.69034517258629	0.6106490725927292	0.887370107338751
54.823411705852926	0.6117840688319748	0.8874652544205965
54.956478239119555	0.6106149628094988	0.8868254954730345
55.08954477238619	0.6122523461201483	0.8869695402532535
55.222611305652826	0.6132497439628629	0.8866712837590564
55.35567783891946	0.6142897509687507	0.8862631011336256
55.48874437218609	0.6154727320312706	0.8872984089399184
55.621810905452726	0.6152792225175336	0.8873036233005253
55.75487743871936	0.615446141426948	0.8863252343785523
55.88794397198599	0.6170736162864366	0.8869472197392035
56.021010505252626	0.6180272267225311	0.8863273005097096
56.15407703851926	0.6181081004581573	0.8871782913671984
56.28714357178589	0.619075360318525	0.8889261340857616
56.420210105052526	0.6195717235204552	0.8877507145654374
56.55327663831916	0.6212289539971578	0.8875116703405602
56.68634317158579	0.6212079939734835	0.8885269226049981
56.819409704852426	0.6220321426771992	0.8885034133138079
56.95247623811906	0.6232282776581461	0.8871532075566877
57.08554277138569	0.6232032550722644	0.8868916212192951
57.218609304652325	0.624476787124677	0.8874230919901093
57.35167583791896	0.6257935207520198	0.887002912649161
57.48474237118559	0.6266213364673715	0.8868442962336159
57.617808904452225	0.6254858202862607	0.8856968228205012
57.75087543771886	0.6248069905147883	0.8850340391704783
57.88394197098549	0.6245524626510525	0.8846322932708174
58.017008504252125	0.6249168966133717	0.8853533562086104
58.15007503751876	0.624100022108635	0.8862652146166604
58.28314157078539	0.6253502248909234	0.8858387457717996
58.416208104052025	0.6261446170036457	0.8869225605419663
58.54927463731866	0.625561207340224	0.886074498566342
58.68234117058529	0.6261864174295902	0.8855712059701719
58.815407703851925	0.6268544975487128	0.8860712913711131
58.94847423711856	0.6260116280591949	0.8866540713482993
59.08154077038519	0.6275320786538413	0.8859797704078805
59.214607303651825	0.6284467193222444	0.8858165174851027
59.34767383691846	0.6279880901012963	0.8860335031849427
59.48074037018509	0.6292815583306353	0.8853902483039107
59.613806903451724	0.6294392518316693	0.8843500541719156
59.74687343671836	0.6296920080674302	0.8830245450475422
59.87993996998499	0.6301825898283485	0.8831534250178187
60.013006503251624	0.6302995924335577	0.8842564088063679
60.14607303651826	0.6305694164293963	0.8840647705799501
60.27913956978489	0.6313203669743764	0.8841749430575441
60.412206103051524	0.6317972270222872	0.8842235184296064
60.54527263631816	0.6320178206769722	0.8835378057799167
60.67833916958479	0.6318588699868564	0.8839082647515439
60.811405702851424	0.6326754628264332	0.8842332564466869
60.94447223611806	0.6336861701390772	0.8833823377075103
61.07753876938469	0.6339962448144811	0.8835016978731808
61.210605302651324	0.6331019731887826	0.8816053823844258
61.34367183591796	0.6352199875339195	0.881505811550518
61.47673836918459	0.6364661867688608	0.8805410262051915
61.60980490245122	0.6365361208815072	0.8794326348221878
61.74287143571786	0.6378474838453432	0.8799194202011559
61.87593796898449	0.6391002710395428	0.8793671328332868
62.00900450225112	0.6382637959306519	0.8777962398555438
62.14207103551776	0.6395732731086551	0.8764569016888517
62.27513756878439	0.6396722961862057	0.8761186157492866
62.40820410205102	0.6413293515420929	0.8750303299101703
62.54127063531766	0.6420233162508117	0.8754197238952536
62.67433716858429	0.6410642198749956	0.8747481436224092
62.80740370185092	0.6412813996325614	0.875985445452635
62.94047023511756	0.6415091856830452	0.8758154374396425
63.07353676838419	0.6420587351571155	0.877228906487246
63.20660330165082	0.642028291059496	0.8779590096979367
63.33966983491746	0.6435177428316416	0.879884002191908
63.47273636818409	0.6436741503122552	0.8796881285050782
63.60580290145072	0.6418135422610822	0.8791852100603987
63.73886943471736	0.6432094375779107	0.8788801350751277
63.87193596798399	0.6444464428552492	0.879441629691226
64.00500250125063	0.6450845118779693	0.880270624614352
64.13806903451726	0.64541002375936	0.8813388634168637
64.27113556778389	0.6447301426714258	0.8794369230134631
64.40420210105053	0.6452334921697281	0.8784419775785325
64.53726863431716	0.6459112172747623	0.8780574276553466
64.67033516758379	0.6461387440060442	0.8778699648382248
64.80340170085043	0.6477319190080572	0.8779774771170057
64.93646823411706	0.6481191617291703	0.8778397286772174
65.06953476738369	0.6490890894020912	0.8768951197249093
65.20260130065033	0.650658496809674	0.8773955498732767
65.33566783391696	0.6503801096194795	0.8770569038211686
65.46873436718359	0.6503225019455021	0.8757729290238572
65.60180090045023	0.6502576787366529	0.8757227103462522
65.73486743371686	0.651188462559411	0.8769664660522389
65.86793396698349	0.6520148679424369	0.8753260002566899
66.00100050025013	0.6526282985108943	0.873990805315152
66.13406703351676	0.6520341950253161	0.8738709013091238
66.26713356678339	0.6530506584415571	0.8740190313458571
66.40020010005003	0.6539824693623051	0.8741933583924877
66.53326663331666	0.6536335714904588	0.8734680923601925
66.66633316658329	0.6527649754443984	0.8727129152372616
66.79939969984993	0.6532443982304986	0.8738214219208844
66.93246623311656	0.6538096846539738	0.8744106704239003
67.06553276638319	0.653563468159885	0.874111312117679
67.19859929964983	0.654096913788492	0.8748430012361074
67.33166583291646	0.6546467780095555	0.8756642670046062
67.46473236618309	0.6552129336243041	0.8756978664437908
67.59779889944973	0.6566321061234807	0.8750023396250982
67.73086543271636	0.6561533740558319	0.874442839093611
67.86393196598299	0.6559038588748006	0.8735897277881637
67.99699849924963	0.6570264635057403	0.8741923831973237
68.13006503251626	0.6573856869588758	0.8746812696332514
68.26313156578288	0.6573485784647368	0.8749295132184512
68.39619809904953	0.6583985629768486	0.8755364756746036
68.52926463231616	0.6582736014820063	0.8750597222392626
68.66233116558278	0.6585789004273106	0.873338293236466
68.79539769884943	0.6595291282421764	0.8720707488020781
68.92846423211606	0.6607629786880355	0.8706736846277153
69.06153076538268	0.6612343856183986	0.8708113460267591
69.19459729864933	0.6609818153950439	0.8718679210983834
69.32766383191596	0.6611815268320484	0.8723765434556452
69.46073036518258	0.662117746879695	0.8714234739872561
69.59379689844923	0.6617945126280793	0.8720944604107543
69.72686343171586	0.6623965760662363	0.8724361087453434
69.85992996498248	0.6616479498766991	0.8724387932583251
69.99299649824913	0.6612492482190925	0.8711094718853193
70.12606303151576	0.6619562851219344	0.8716510400718638
70.25912956478238	0.6625970609766948	0.8727736645928509
70.39219609804903	0.6628747816916359	0.8741131806265647
70.52526263131566	0.6621426440778635	0.8740420619621732
70.65832916458228	0.6619187419816677	0.8754997487468268
70.79139569784893	0.662891176758468	0.8740180823495932
70.92446223111556	0.6640005600263362	0.8723832763242904
71.05752876438218	0.6648520971371997	0.8715436183769665
71.19059529764883	0.6651928811755283	0.871532191972681
71.32366183091546	0.6657458010256714	0.870918913294115
71.45672836418208	0.6658675063579432	0.8707170990942193
71.58979489744873	0.6673708616595325	0.8686108812829226
71.72286143071535	0.6689189954242312	0.8696278000597691
71.85592796398198	0.6690811782371384	0.8704544099826472
71.98899449724863	0.6703707954169461	0.8697806906552127
72.12206103051525	0.6711586510944333	0.8692174128963682
72.25512756378188	0.6718832325638614	0.8677468878870462
72.38819409704853	0.6722948734179927	0.8673784910136202
72.52126063031515	0.6731792143064194	0.8662696966002781
72.65432716358178	0.6737818259624118	0.8666281226847525
72.78739369684843	0.6748725256839789	0.8669279574973672
72.92046023011505	0.6746715401427635	0.8664136055707389
73.05352676338168	0.6738777645748502	0.8666791227373195
73.18659329664833	0.6725553874132495	0.866579883594778
73.31965982991495	0.6734420792575364	0.8681613082172773
73.45272636318158	0.6739451676028346	0.8683561611318957
73.58579289644823	0.6742836247045726	0.8669461423807002
73.71885942971485	0.6740553487872424	0.8647575417338285
73.85192596298148	0.6741614650276153	0.8655802429836701
73.98499249624813	0.6746093168581874	0.8651281143516739
74.11805902951475	0.6740038072192261	0.8652368334777636
74.25112556278138	0.6733488719978412	0.8652523534758029
74.38419209604803	0.6737727873077987	0.8641108986723351
74.51725862931465	0.6736224914914419	0.8647567284184352
74.65032516258128	0.6735837366527296	0.8651358929331958
74.78339169584793	0.6736081690735513	0.8659345520341086
74.91645822911455	0.6741216457419	0.8643194065644659
75.04952476238118	0.6742320137048194	0.8640875920604045
75.18259129564782	0.6750956702972988	0.8644036095248894
75.31565782891445	0.6768107579221004	0.8642423431459748
75.44872436218108	0.6765086495353495	0.8640810501650786
75.58179089544772	0.6775988616811515	0.8637306935413086
75.71485742871435	0.6778966105285542	0.8638541902255166
75.84792396198098	0.6766915291770397	0.8639169955020959
75.98099049524762	0.6774071852312049	0.8638059029855305
76.11405702851425	0.6775120460324603	0.8646981630098818
76.24712356178088	0.6771827700977977	0.8640687027511007
76.38019009504752	0.6778741283543905	0.8627289506387937
76.51325662831415	0.6784234216943626	0.8623119052389666
76.6463231615808	0.6784835916574138	0.8615501152486015
76.77938969484742	0.6792851138125726	0.8616019419723158
76.91245622811405	0.6797316192848939	0.861599249912774
77.0455227613807	0.67959923880565	0.8615335634653765
77.17858929464732	0.6783180437501884	0.8627263988129819
77.31165582791395	0.6791742246360397	0.8629398326276305
77.4447223611806	0.6801828257934361	0.8625305539708844
77.57778889444722	0.6794487865209698	0.8623210128666347
77.71085542771385	0.6798302858395696	0.861953148225596
77.8439219609805	0.6807997405923609	0.8619778128830545
77.97698849424712	0.680777291417992	0.8614189359696107
78.11005502751375	0.6813594216819037	0.8627209411731128
78.2431215607804	0.6822359873909275	0.8638486988621449
78.37618809404702	0.6830166458132337	0.8627257878441146
78.50925462731365	0.683126049896765	0.8633687577424652
78.6423211605803	0.6834482608270113	0.8635173714762507
78.77538769384692	0.6835406236535149	0.8634970848269449
78.90845422711355	0.6827039739491859	0.8633649955620499
79.0415207603802	0.6827328371493218	0.8628925022706609
79.17458729364682	0.6826651566733931	0.8631701527126227
79.30765382691345	0.6826870077674059	0.862334808251815
79.4407203601801	0.6818204724033731	0.8619076816352337
79.57378689344672	0.6825568586953341	0.8615689231582875
79.70685342671335	0.6833513866192693	0.861239642063834
79.83991995998	0.6838783282319537	0.8603482111960077
79.97298649324662	0.683723508621313	0.8593798863174348
80.10605302651325	0.6845444519211701	0.8591240925880385
80.2391195597799	0.683922364330352	0.8604835331047442
80.37218609304652	0.6840474322962746	0.8603410923310522
80.50525262631315	0.6839409787020772	0.8605577990044818
80.6383191595798	0.6854107467442925	0.8602665004602904
80.77138569284642	0.6853453976259364	0.8608473773366234
80.90445222611305	0.6847576615216397	0.8612413096669724
81.0375187593797	0.6844933822739612	0.86005446789679
81.17058529264632	0.6847413316490867	0.8600882809639038
81.30365182591295	0.6859983767792706	0.8586683337465989
81.4367183591796	0.685909588393337	0.8583773178106037
81.56978489244622	0.6864439009557699	0.8569432800196416
81.70285142571285	0.6871263414872296	0.8562366516486833
81.8359179589795	0.6866096925152246	0.8564542200601569
81.96898449224612	0.686273458742738	0.8559292087814139
82.10205102551275	0.6880605510336356	0.8551810599008149
82.2351175587794	0.6873223461016229	0.8554194258933345
82.36818409204602	0.6876303705041351	0.8566810637831733
82.50125062531265	0.6882674862193856	0.856691293220195
82.6343171585793	0.6885880304829997	0.8565966284915046
82.76738369184592	0.6888507386961908	0.8577093960110155
82.90045022511255	0.6882749248497677	0.8577826281600718
83.03351675837919	0.6878319895865527	0.8577649943332174
83.16658329164582	0.6893634413300098	0.8588221806589011
83.29964982491245	0.690207573542255	0.8583782340099059
83.43271635817909	0.6911755863290956	0.8574550512686867
83.56578289144572	0.6913545493557803	0.8566225862596478
83.69884942471235	0.6905704433638441	0.8546105079591086
83.83191595797899	0.6911782937782734	0.8549508220650186
83.96498249124562	0.6916846660633398	0.8561683460208267
84.09804902451225	0.6911096509207416	0.8568029334887309
84.23111555777889	0.690365281021327	0.8561996874579607
84.36418209104552	0.6914674293806491	0.8568518320997074
84.49724862431215	0.6928276806434024	0.8570058265444506
84.63031515757879	0.692434774573618	0.8558620545788475
84.76338169084542	0.6932681469932824	0.8568159587124408
84.89644822411205	0.6939306743882073	0.8562209299798744
85.02951475737869	0.6941144436123831	0.8561250878248516
85.16258129064532	0.6954636839372643	0.8577560311793337
85.29564782391195	0.6955840410163978	0.8567922657378181
85.42871435717859	0.6960069888523233	0.8559678507644386
85.56178089044522	0.6960215788373819	0.8556793086129449
85.69484742371185	0.6955364942833853	0.8549165281011571
85.82791395697849	0.6965096899108845	0.8550779470705981
85.96098049024512	0.6974593094256162	0.8539745208679893
86.09404702351175	0.69849106868554	0.8528151676483436
86.22711355677839	0.7001294952168582	0.8533521162032631
86.36018009004502	0.7007932202429316	0.8522781970537683
86.49324662331165	0.6994854662148098	0.8521558921476579
86.62631315657829	0.6993102568895425	0.8515536082794762
86.75937968984492	0.6997158431124151	0.852013640932328
86.89244622311155	0.7004812442749075	0.8522219289443979
87.02551275637819	0.7017442333427646	0.852834567002888
87.15857928964482	0.701456463955494	0.8524718401159155
87.29164582291145	0.7012649851006425	0.8530341283692112
87.42471235617809	0.7023143922862853	0.8513279357900194
87.55777888944472	0.7028364574309566	0.8505604126561823
87.69084542271135	0.7027290229819949	0.8517720806503577
87.82391195597799	0.701244207397189	0.8515391322662493
87.95697848924462	0.6997978273635844	0.8512053194448044
88.09004502251125	0.6994485002353275	0.8519082113489738
88.22311155577789	0.7005775085497832	0.8521287980030507
88.35617808904452	0.7015696538019129	0.8519854813817049
88.48924462231115	0.7021558081133229	0.8501416894231695
88.62231115557779	0.7024016349392375	0.8483401854158423
88.75537768884442	0.7034607813276124	0.8487816915035284
88.88844422211105	0.7046912073630313	0.8471089503305574
89.02151075537769	0.7056292484032464	0.8455393012398288
89.15457728864432	0.7052369246399327	0.8450535876486398
89.28764382191095	0.7055318889643037	0.8449487549327047
89.42071035517759	0.7057653499713653	0.8461984939317992
89.55377688844422	0.7043486764329706	0.8467243617383072
89.68684342171085	0.7044139649204859	0.8465976302015956
89.81990995497749	0.7041885529783742	0.8465519266821465
89.95297648824412	0.7044188478237183	0.8462333472636722
90.08604302151075	0.7048875076188674	0.8459325126714015
90.21910955477739	0.7047084211474506	0.8457940529462231
90.35217608804402	0.7035333794761344	0.8453949764228601
90.48524262131065	0.7028460106273071	0.8455947483336219
90.61830915457729	0.7029260274556279	0.8456464927410083
90.75137568784392	0.7035743045239375	0.845928878379947
90.88444222111055	0.7038337325894694	0.8463496465600265
91.01750875437719	0.7046902939699278	0.8467644381941429
91.15057528764382	0.7049009259654861	0.8458073720213743
91.28364182091045	0.7049130429201061	0.8459699660588599
91.41670835417709	0.7061784322087262	0.8468394296054557
91.54977488744372	0.7071135220699186	0.8470394758655695
91.68284142071035	0.707063515232145	0.8483322728202912
91.81590795397699	0.7062613980606408	0.8496180930438347
91.94897448724362	0.705872492222137	0.8491748890025832
92.08204102051025	0.704623859114746	0.8492371468745044
92.21510755377689	0.7052249471319502	0.8489457467739975
92.34817408704352	0.7068984818106766	0.8492163644703853
92.48124062031015	0.7058823287498165	0.8513625889929842
92.61430715357679	0.7050044493368445	0.8514602097673076
92.74737368684342	0.7047758277050341	0.8509080469894443
92.88044022011005	0.7044187796945326	0.8500001820578446
93.01350675337669	0.7052517878943666	0.8494260066617714
93.14657328664332	0.7048094440139133	0.8505625219053158
93.27963981990995	0.7053368170863948	0.8509115527605462
93.41270635317659	0.7065112218873072	0.8493818846431401
93.54577288644322	0.7071429587705098	0.8486226367601201
93.67883941970985	0.7077000284822783	0.8476974923591781
93.81190595297649	0.7076227498899355	0.8472507900872877
93.94497248624312	0.7079293374449084	0.847889175648315
94.07803901950976	0.7081667977884025	0.8480849979729955
94.21110555277639	0.7077022386677946	0.8468394605259311
94.34417208604302	0.7072027945897149	0.8458359485870668
94.47723861930966	0.7069935786644845	0.8467329906296157
94.61030515257629	0.7070708655111702	0.8466693015664166
94.74337168584292	0.7069455341474146	0.8468487401504525
94.87643821910956	0.7074619189222745	0.8466894515396997
95.00950475237619	0.7080110688778026	0.846448769828918
95.14257128564282	0.7074343801035986	0.8452558276516728
95.27563781890946	0.7077869452454292	0.8437513808763157
95.40870435217609	0.7088828896345988	0.8440941650940372
95.54177088544272	0.7090276393998154	0.844783255571912
95.67483741870936	0.7075010283637572	0.8460475632586432
95.80790395197599	0.7074558398693764	0.8455035205496888
95.94097048524262	0.7084956439651302	0.8465008600211574
96.07403701850926	0.7086609953835639	0.8469786290548982
96.20710355177589	0.7092776988741027	0.8477223277201533
96.34017008504252	0.708073806329534	0.8467531352984032
96.47323661830916	0.7074232400800833	0.8460546799788202
96.60630315157579	0.7067947843624506	0.8460074019586465
96.73936968484242	0.7076566384926716	0.8465591476766439
96.87243621810906	0.7074573173352603	0.8473887315281345
97.00550275137569	0.7076736723795303	0.8490425958753999
97.13856928464232	0.7087264378574542	0.8489456932922084
97.27163581790896	0.7102233876366374	0.8484813966761089
97.40470235117559	0.7105848483223929	0.8479356058753269
97.53776888444222	0.7104472519551814	0.8476626543396478
97.67083541770886	0.7112938404350634	0.8465108615761731
97.80390195097549	0.7110320028167776	0.8452881661895635
97.93696848424212	0.7109113784843745	0.8449892172588024
98.07003501750876	0.7118002112451508	0.844864278771592
98.20310155077539	0.7122257677159017	0.8455634616613086
98.33616808404201	0.7124733122649481	0.8449587723605104
98.46923461730866	0.7124731538243952	0.8437366130848699
98.60230115057529	0.7128885252962818	0.8434155091778215
98.73536768384191	0.7125159715860182	0.8436406562777062
98.86843421710856	0.7125929002185113	0.8444448645504389
99.00150075037519	0.7121918571426494	0.844473207983827
99.13456728364181	0.7123485374020108	0.8432866708830751
99.26763381690846	0.7137350132143762	0.8434826127401613
99.40070035017509	0.7136198972386905	0.843450346628371
99.53376688344171	0.7138605784165081	0.8436828749542079
99.66683341670836	0.7140131286485515	0.8442784067309369
99.79989994997499	0.7136652371601707	0.8447153560798231
99.93296648324161	0.7138837968565459	0.8437385529793803
100.06603301650826	0.7138197406037148	0.8419203057425145
100.19909954977489	0.7140537225407578	0.8415637531656124
100.33216608304151	0.7142129998992202	0.842316291879173
100.46523261630816	0.7150160180455338	0.8421075684094123
100.59829914957479	0.7163095723760069	0.841870532253343
100.73136568284141	0.7166288581495276	0.8422356917523081
100.86443221610806	0.7159666592444401	0.8418918852870804
100.99749874937469	0.7156918230180946	0.8428851469222084
101.13056528264131	0.7145830660335895	0.8423908057939549
101.26363181590796	0.7142244723294845	0.8423267407516346
101.39669834917459	0.7139156571535048	0.8429720717360581
101.52976488244121	0.7132753319925828	0.8416004327335123
101.66283141570786	0.7141804511805453	0.8402847669986953
101.79589794897448	0.7145554984123639	0.8396848784365751
101.92896448224111	0.7143684421098305	0.8399197970634266
102.06203101550776	0.7136158722150593	0.8396132718879614
102.19509754877438	0.7144140864544725	0.839362249536154
102.32816408204101	0.7152561806888469	0.8388517557640844
102.46123061530766	0.7149312148434082	0.8391059347067353
102.59429714857428	0.7143570427192238	0.8389812387409415
102.72736368184091	0.7142695721745033	0.8388752990898092
102.86043021510756	0.7141929496506513	0.839239698748924
102.99349674837418	0.714248297999173	0.8388097240331914
103.12656328164081	0.7142416833527232	0.8384773013653429
103.25962981490746	0.7141299421593341	0.8394308187897573
103.39269634817408	0.7136081544049715	0.8403117212917259
103.52576288144071	0.714086677442665	0.8404976939186858
103.65882941470736	0.7143518349424142	0.8399465348682197
103.79189594797398	0.714766212682941	0.8397727395888663
103.92496248124061	0.7142757835894155	0.8403851212870049
104.05802901450726	0.7141814057043918	0.8407941518698594
104.19109554777388	0.7149893689961796	0.8414670850873742
104.32416208104051	0.7149756337242577	0.8415056157524464
104.45722861430716	0.7146213232498801	0.8405531108607073
104.59029514757378	0.7152917014241353	0.8407626739352341
104.72336168084041	0.7161345288891023	0.8411412746234452
104.85642821410705	0.7165681172284603	0.8405975550512632
104.98949474737368	0.716994577476559	0.8405987053128972
105.12256128064031	0.7171054491511177	0.8410589465914982
105.25562781390695	0.716930747164111	0.8413763375240598
105.38869434717358	0.7170988836550625	0.8405909491811241
105.52176088044021	0.7178560540112471	0.8415533825389957
105.65482741370685	0.7180808951586664	0.8408103540784436
105.78789394697348	0.7177278111453447	0.8399255124018219
105.92096048024011	0.7179455598821429	0.8390959463097114
106.05402701350675	0.718765660153916	0.8380747551062011
106.18709354677338	0.7184214492685549	0.8382452494175194
106.32016008004001	0.7183950885812612	0.8369910392138467
106.45322661330665	0.7190686073441019	0.8367466648696067
106.58629314657328	0.7194269571433203	0.8361382425644261
106.71935967983991	0.7192371216079232	0.8367300831250488
106.85242621310655	0.718921040486233	0.8369452103060671
106.98549274637318	0.7191290178724099	0.8360293854489161
107.11855927963981	0.7187885762493699	0.8364472917906913
107.25162581290645	0.7172637802022422	0.8364044624447081
107.38469234617308	0.7167330496909149	0.8353814483188221
107.51775887943971	0.7184465424053947	0.8361042625537496
107.65082541270635	0.7196272505782138	0.8371092538770986
107.78389194597298	0.7201091455683937	0.8372913564033985
107.91695847923961	0.7198449199562176	0.8358981709572454
108.05002501250625	0.7195732093452265	0.8353075263724508
108.18309154577288	0.7197069273834911	0.8357311134985476
108.31615807903951	0.7207806322791805	0.8355331190408727
108.44922461230615	0.7205326982715444	0.8346189425725065
108.58229114557278	0.7200889784948771	0.8349799537599408
108.71535767883941	0.7208103409858481	0.8357664489475041
108.84842421210605	0.7207551429236358	0.8351854320601945
108.98149074537268	0.7204760535279257	0.8344688823603765
109.11455727863931	0.7200563552152351	0.8339940745211821
109.24762381190595	0.72053731050626	0.8343659029897466
109.38069034517258	0.7199267995468837	0.8340228760533979
109.51375687843921	0.7201645683234545	0.8350392123794954
109.64682341170585	0.7200165404998035	0.8365324689369417
109.77988994497248	0.7191873382673527	0.8347951676727876
109.91295647823911	0.718803327684068	0.8347851691401831
110.04602301150575	0.7191173539215331	0.8345200426163891
110.17908954477238	0.7198138759081847	0.833812675484966
110.31215607803901	0.7192059205625163	0.8341416849111095
110.44522261130565	0.7189028411633938	0.8340882795564487
110.57828914457228	0.7184663380380718	0.833941497038501
110.71135567783892	0.7181551079859306	0.8336532555588694
110.84442221110555	0.7183250033639389	0.833492076521969
110.97748874437218	0.7177435359485743	0.8337208721945345
111.11055527763882	0.7168691781728243	0.8335140458261158
111.24362181090545	0.7168966634276722	0.8330820835956739
111.37668834417208	0.7173511973495721	0.8333548588397711
111.50975487743872	0.717730866728356	0.834459094441538
111.64282141070535	0.7177908909053016	0.8353470244680512
111.77588794397198	0.7186009661088525	0.8345270117562386
111.90895447723862	0.7176091126657265	0.833420858921807
112.04202101050525	0.7165748465792329	0.8333045358822402
112.17508754377188	0.7170147801757957	0.8339567857427564
112.30815407703852	0.7172312660775938	0.8325782960342731
112.44122061030515	0.7166217838917993	0.8325755429319593
112.57428714357178	0.7164815652625707	0.8329982667775481
112.70735367683842	0.7159244091875682	0.8325431633426673
112.84042021010505	0.7158935475455291	0.8329066745407905
112.97348674337168	0.7173520373076995	0.8343203147272306
113.10655327663832	0.7173986578822011	0.8340307780469061
113.23961980990495	0.7162003699812791	0.8331496806272309
113.37268634317158	0.7160108268690548	0.8325552062768863
113.50575287643822	0.7170378053571507	0.8322104241247609
113.63881940970485	0.7173271614609587	0.832013371010448
113.77188594297148	0.7185118930897817	0.8313555942175368
113.90495247623812	0.7191812396563547	0.8300366916418862
114.03801900950475	0.7198262756262104	0.8289396646809125
114.17108554277138	0.7198035954622439	0.8285621809566501
114.30415207603802	0.7200456779802688	0.82994833671646
114.43721860930465	0.721814120758714	0.830033976826932
114.57028514257128	0.7226876888269593	0.8305714134194285
114.70335167583792	0.7230868052115889	0.8306282124453261
114.83641820910455	0.7231720194030833	0.8298546081111224
114.96948474237118	0.7218776552362489	0.8292483681972278
115.10255127563782	0.7209939547203443	0.8282797466324461
115.23561780890445	0.7207693108303472	0.8283990752771345
115.36868434217108	0.7215870336962923	0.8280374836516926
115.50175087543772	0.7219294999707886	0.8271576293515289
115.63481740870435	0.7226957801366398	0.8274555926979434
115.76788394197098	0.7226716787157457	0.8265743261618721
115.90095047523762	0.7222635578875493	0.8265540630692869
116.03401700850425	0.7217595482763698	0.8266751679983683
116.16708354177088	0.7221193647629347	0.8270704398383694
116.30015007503752	0.72216429692035	0.8272257053969467
116.43321660830415	0.7214702607504083	0.8269272698507587
116.56628314157078	0.7226830441098595	0.8265731520977877
116.69934967483742	0.7231933220192637	0.8269517468519542
116.83241620810405	0.7229466009347402	0.8261995801825676
116.96548274137068	0.7238612662137087	0.8265936887486816
117.09854927463732	0.7250889846534125	0.8268339876111453
117.23161580790395	0.7243700856471943	0.8259830547583631
117.36468234117058	0.7245103165584873	0.8257695732453767
117.49774887443722	0.724861939929483	0.8251030688811926
117.63081540770385	0.7236689930429986	0.8254581252635156
117.76388194097048	0.7238042721604762	0.8260515459049534
117.89694847423712	0.7244343208718563	0.825061630486921
118.03001500750375	0.7254492448132859	0.8240938775073537
118.16308154077038	0.7260456931180128	0.8249836173993721
118.29614807403702	0.7259528534883118	0.8255227760078772
118.42921460730365	0.7257776092046615	0.8247887218048402
118.56228114057028	0.7254067691382617	0.825354834598073
118.69534767383692	0.725661894187626	0.8251011239061018
118.82841420710355	0.726107946921631	0.8246100769919716
118.96148074037018	0.7264673093563034	0.8248386721490504
119.09454727363682	0.7257330920587387	0.8257930791718415
119.22761380690345	0.724951519713108	0.8259816556987236
119.36068034017008	0.7243143367791914	0.8252571149547644
119.49374687343672	0.7232233665186738	0.8249097367474711
119.62681340670335	0.723974272776206	0.8240929663330283
119.75987993996998	0.7251504080399143	0.8245226662729449
119.89294647323662	0.7254146535085193	0.8241627425300002
120.02601300650325	0.7261282919710723	0.8238941327682177
120.15907953976988	0.7250356729364263	0.8245498057594167
120.29214607303652	0.7244485493528905	0.8258585547624596
120.42521260630315	0.7249477986394061	0.8255782251736934
120.55827913956978	0.724658009655643	0.8232396719370609
120.69134567283642	0.7253997643174249	0.8221180564120374
120.82441220610305	0.7250168967957608	0.8211210714844731
120.95747873936968	0.7249703554870802	0.8211992322062901
121.09054527263632	0.724653436571758	0.8219427114832301
121.22361180590295	0.7243154329321948	0.8227640063944027
121.35667833916958	0.7241849002962765	0.8217387441872384
121.48974487243622	0.7240524445980824	0.8211738751573997
121.62281140570285	0.7250804486072349	0.8216929412752859
121.75587793896948	0.7245474253095969	0.8222349614485353
121.88894447223612	0.723759611975222	0.8227554584149621
122.02201100550275	0.7248681937551104	0.8217858977120942
122.15507753876938	0.7257252947165546	0.8218056797410628
122.28814407203602	0.7260797931432497	0.8227872633168
122.42121060530265	0.7255979323601071	0.8227567424432856
122.55427713856928	0.7259662488169508	0.8223134286305004
122.68734367183592	0.7260333904742041	0.8216655559940996
122.82041020510255	0.7266815222397394	0.8214318496887012
122.95347673836918	0.7271788404542071	0.819813531445486
123.08654327163582	0.7259073677513247	0.8187819476439683
123.21960980490245	0.725863729407372	0.8201828444961823
123.35267633816908	0.7254780869455596	0.8200797709728639
123.48574287143572	0.7252275986926647	0.8186947240456269
123.61880940470235	0.7249781777505864	0.8191805525490568
123.75187593796898	0.7243725821335063	0.8201748810854183
123.88494247123562	0.7241262286164349	0.8199862777564183
124.01800900450225	0.7229302104770033	0.8195471563473614
124.15107553776888	0.722813361889222	0.81975855620874
124.28414207103552	0.7238394996025023	0.819323022320266
124.41720860430215	0.724683992449973	0.8193691283756938
124.55027513756878	0.7254942923415129	0.8201184152526293
124.68334167083542	0.7256424779097291	0.8187221571883889
124.81640820410205	0.7256756748985759	0.8182258686758374
124.94947473736867	0.7256228230040662	0.8189728207071146
125.08254127063532	0.7260043559027003	0.8189202385998646
125.21560780390195	0.7257774085975718	0.8180852678413773
125.34867433716857	0.7253685243435486	0.8174934640009062
125.48174087043522	0.7260028259944195	0.8175789569622802
125.61480740370185	0.726891791239469	0.8184816526998988
125.74787393696847	0.7271961121529976	0.8195336243717588
125.88094047023512	0.7266596362466303	0.8191101235117951
126.01400700350175	0.7270191700464489	0.8193375357276622
126.14707353676837	0.7277207303084277	0.8208657610948448
126.28014007003502	0.7274274713066082	0.821234270683468
126.41320660330165	0.7267765784749465	0.8206613455921637
126.54627313656827	0.7261406440928813	0.8201035354339793
126.67933966983492	0.7265258308207976	0.8199000310223147
126.81240620310155	0.7267167994525546	0.8191437872471821
126.94547273636817	0.7272692492294652	0.8170836672045738
127.07853926963482	0.7286745700971257	0.8164095833538754
127.21160580290145	0.7283691947069904	0.8162296490287402
127.34467233616807	0.7281869896681102	0.815828395981977
127.47773886943472	0.7280728064203799	0.8143279963531591
127.61080540270135	0.7270895249050287	0.8125838864178908
127.74387193596797	0.7271529578062358	0.8134198906948095
127.87693846923462	0.7271741601368249	0.8140596998843849
128.01000500250126	0.7269867179562295	0.81355921535082
128.1430715357679	0.7270146772220437	0.8126973713965402
128.27613806903452	0.7260766151876749	0.8123454406460376
128.40920460230114	0.7250226717602763	0.812074603651057
128.54227113556777	0.7254244348105447	0.8119935704162192
128.6753376688344	0.7262694678008974	0.8123997745501255
128.80840420210106	0.7259979847790665	0.813269736640311
128.9414707353677	0.7254199724112537	0.814184173893494
129.07453726863432	0.7256462159428029	0.814959395161188
129.20760380190094	0.724951262768882	0.8141456308720499
129.34067033516757	0.7238032760399454	0.8126285515931593
129.4737368684342	0.7240578432796485	0.812180359818282
129.60680340170086	0.7248135620637858	0.8116100800440387
129.7398699349675	0.7250491143835603	0.811270185300105
129.87293646823412	0.7260407476397882	0.8123754474007793
130.00600300150074	0.7274396159968847	0.812904757597327
130.13906953476737	0.7277051733810371	0.8131428014147782
130.272136068034	0.7271511809403566	0.8133721767741984
130.40520260130066	0.7266409530989425	0.8126794541622255
130.5382691345673	0.7266658766123086	0.8130818194405898
130.67133566783392	0.7265689656104013	0.8134022006124241
130.80440220110054	0.7269339294384974	0.8137130971181128
130.93746873436717	0.7270493974194403	0.8146321732382859
131.0705352676338	0.7275901307871528	0.8141580225028944
131.20360180090046	0.727858359928734	0.8120237892438398
131.3366683341671	0.7270753086271501	0.8113533125317013
131.46973486743371	0.7268946941081932	0.8120699944640242
131.60280140070034	0.7264171437730909	0.812012365325459
131.73586793396697	0.7264157116538609	0.8116475982879005
131.8689344672336	0.7254777550034246	0.8117210074075288
132.00200100050026	0.7251361417092719	0.8122825386723171
132.1350675337669	0.7251503837087746	0.8115345596888243
132.26813406703351	0.7249108731026823	0.8103540432543261
132.40120060030014	0.7240808338598699	0.8102359278904195
132.53426713356677	0.7237228770790356	0.8104781771265492
132.6673336668334	0.7241067257387356	0.8109117841545103
132.80040020010006	0.7229423957106967	0.8104090697994102
132.93346673336669	0.7222762224752647	0.8110523664357319
133.06653326663331	0.7227737814717042	0.8110029535031207
133.19959979989994	0.7225337615658822	0.8107073386623005
133.33266633316657	0.7218390812022337	0.8120971801289792
133.4657328664332	0.7223752636655245	0.8130129105556857
133.59879939969986	0.7237251532086142	0.8129011453305892
133.73186593296649	0.7227110517329668	0.8120967124402455
133.8649324662331	0.7211422570500554	0.8114610244286987
133.99799899949974	0.720923288304984	0.8107843886203925
134.13106553276637	0.721129327683415	0.8109784674149227
134.264132066033	0.7212214674393516	0.8107298458689665
134.39719859929966	0.721642129982422	0.8110139480521481
134.53026513256629	0.721051978135973	0.8111317615217875
134.6633316658329	0.7195712330716824	0.8110958291457167
134.79639819909954	0.7204231091172232	0.8121010212407643
134.92946473236617	0.7207337840591744	0.8120991614934213
135.0625312656328	0.7205515035882313	0.8111203662189997
135.19559779889946	0.7214969325156061	0.8107904403967398
135.32866433216608	0.721848490268195	0.811029610454678
135.4617308654327	0.7215256944354416	0.8110307441017595
135.59479739869934	0.721295197470447	0.8105666350887604
135.72786393196597	0.7218248175902803	0.809264113830446
135.8609304652326	0.721066457736689	0.8079145238449568
135.99399699849926	0.720751517302665	0.807688646157309
136.12706353176588	0.7213752052695818	0.8083100420159446
136.2601300650325	0.7212462508831007	0.8084510299207922
136.39319659829914	0.7217695586608025	0.8079496939894565
136.52626313156577	0.7218005858868809	0.8068818521923289
136.65932966483243	0.7217350652688006	0.8078193822141331
136.79239619809906	0.7213810099698221	0.8085347514609826
136.92546273136568	0.7214844967856554	0.808601816775512
137.0585292646323	0.7214647051075812	0.8102101119461236
137.19159579789894	0.7211840750458081	0.8113935646629105
137.32466233116557	0.7203269234699299	0.8105923614817001
137.45772886443223	0.7201449234389297	0.8100851442596935
137.59079539769886	0.720821856643372	0.8107609666097939
137.72386193096548	0.7204567350507947	0.8107145833165312
137.8569284642321	0.7197907025927397	0.8101826125240592
137.98999499749874	0.7189232392056629	0.8102829332182219
138.12306153076537	0.7181671361655068	0.8089370097262002
138.25612806403203	0.716810529612011	0.8089064234906962
138.38919459729865	0.7166909511385333	0.8095798619297535
138.52226113056528	0.7173424117467944	0.8092280573492231
138.6553276638319	0.7179350699174963	0.8099132643472748
138.78839419709854	0.7186816471000983	0.8104819997312572
138.92146073036517	0.7175026115012141	0.8095225051956225
139.05452726363183	0.7169841583703068	0.8096818173302525
139.18759379689845	0.7183682593721834	0.8104678532466058
139.32066033016508	0.7189095577892624	0.8100474879361592
139.4537268634317	0.7192917511001317	0.8100574520432859
139.58679339669834	0.7187826167015743	0.8091563772872304
139.71985992996497	0.7176685084397394	0.8074752201755782
139.85292646323163	0.7174673692453504	0.8069928576031249
139.98599299649825	0.7178166093144775	0.8066346772259008
140.11905952976488	0.7174604813252943	0.8056999550549037
140.2521260630315	0.7178181897996182	0.8046649541397985
140.38519259629814	0.7193124979393007	0.8050855425636059
140.51825912956477	0.7186303898624875	0.805049512940126
140.65132566283143	0.718066373484932	0.8035628894691148
140.78439219609805	0.7184011397369248	0.8039585149652226
140.91745872936468	0.718801710777018	0.805004495126829
141.0505252626313	0.7198215537173477	0.8061361910171038
141.18359179589794	0.7197249316239405	0.8073325437293377
141.31665832916457	0.7198219336917402	0.8073858266990764
141.44972486243122	0.7197380208656072	0.8059473610622435
141.58279139569785	0.7191815693402919	0.8045141656412537
141.71585792896448	0.7189380384494023	0.8039863595866357
141.8489244622311	0.7187289662063104	0.8042964389299443
141.98199099549774	0.7190497324713075	0.8052008988983822
142.11505752876437	0.7202426667820676	0.8058379390251279
142.24812406203102	0.7207530179357453	0.805814742169219
142.38119059529765	0.7206849245483904	0.8059363855833879
142.51425712856428	0.7209641838328702	0.8050285759832039
142.6473236618309	0.7209216259559871	0.8036613965381855
142.78039019509754	0.721834594266805	0.8031705251841158
142.91345672836417	0.7230759593419147	0.8032589872515608
143.04652326163082	0.7226923371239716	0.8015525058040897
143.17958979489745	0.7219830587942571	0.8004778542430416
143.31265632816408	0.7204026155678294	0.8006146962597548
143.4457228614307	0.7198040389020689	0.8021021519969066
143.57878939469734	0.7212462036468255	0.8023520259096815
143.71185592796397	0.7205072165402838	0.7998218330139408
143.84492246123062	0.7202967313472757	0.7994003039502451
143.97798899449725	0.7202575558403251	0.7996079343539846
144.11105552776388	0.7189905798302795	0.799557195016993
144.2441220610305	0.7201164016286088	0.8002042508830298
144.37718859429714	0.7195246286278281	0.8000896866602873
144.51025512756377	0.7184225910747682	0.8002366622156447
144.64332166083042	0.718159938896057	0.8013178500947059
144.77638819409705	0.7181175915408717	0.8022896634389937
144.90945472736368	0.7182078727502749	0.8033587821342307
145.0425212606303	0.7186847979246642	0.802856025200113
145.17558779389694	0.7191446237066115	0.801944378883821
145.30865432716357	0.7189445531727863	0.80239676199448
145.44172086043022	0.7185993390369527	0.8032699449137033
145.57478739369685	0.7179956900010074	0.8025875019350462
145.70785392696348	0.7186385654086888	0.8011164164379408
145.8409204602301	0.717457239322306	0.8002271148852147
145.97398699349674	0.7165028901313022	0.7995856871397079
146.10705352676337	0.7162177841033012	0.7986010339275855
146.24012006003002	0.7159653084613207	0.7982969794287669
146.37318659329665	0.71620005986962	0.7996328510571098
146.50625312656328	0.7157778061877598	0.798791929687784
146.6393196598299	0.7159233353727786	0.7982854803719813
146.77238619309654	0.7160116445802801	0.7993576741566983
146.90545272636317	0.7158462935558039	0.7980214135562256
147.03851925962982	0.7161073495516189	0.7973244813257839
147.17158579289645	0.7166148503711629	0.7971359115248792
147.30465232616308	0.7160375595550585	0.7964275068438083
147.4377188594297	0.7143648736601368	0.7971425399625289
147.57078539269634	0.7144024676638424	0.7970255382395767
147.70385192596297	0.7145820861608804	0.7971496898561731
147.83691845922962	0.7148464528251174	0.7981835518839199
147.96998499249625	0.713920559854813	0.7987447263758702
148.10305152576288	0.7135429484213427	0.7975827603380226
148.2361180590295	0.7141420009383848	0.7979609046569295
148.36918459229614	0.7147344779975624	0.7975132343662379
148.50225112556276	0.7149761110923007	0.7974974204984943
148.63531765882942	0.7144828919999083	0.798170791479578
148.76838419209605	0.714026644809689	0.7977292862703195
148.90145072536268	0.7131398608006745	0.7970288144424457
149.0345172586293	0.7137125236770485	0.7966837389094812
149.16758379189594	0.7139946578582913	0.7969857180877715
149.30065032516256	0.713732246912711	0.7966460368824541
149.43371685842922	0.7143066222348498	0.7974028272870222
149.56678339169585	0.7139354530312791	0.7981159615605006
149.69984992496248	0.7142437374031612	0.7984004911729707
149.8329164582291	0.7146382797111144	0.7984124384279164
149.96598299149574	0.7137993933033852	0.797903721425499
150.09904952476236	0.7135013465175689	0.7977876236732716
150.23211605802902	0.7136413302914045	0.7972543218468481
150.36518259129565	0.7142723963968282	0.7968921753476592
150.49824912456228	0.7149014060795976	0.7963906120073619
150.6313156578289	0.7155874460414142	0.7961224921947823
150.76438219109554	0.7147570275607739	0.7964624362671091
150.89744872436216	0.7129870802605748	0.7959452000030316
151.03051525762882	0.7130093842302659	0.7949600338966987
151.16358179089545	0.713291632627975	0.7949182303752019
151.29664832416208	0.7119359620291703	0.7956370903974217
151.4297148574287	0.7118122282843908	0.7957024967681143
151.56278139069533	0.7128186095130467	0.7950025174857944
151.69584792396196	0.7131724748191807	0.7943280128510509
151.82891445722862	0.713336353514925	0.793606918815999
151.96198099049525	0.713188594245728	0.7935606036828323
152.09504752376188	0.7134839296946432	0.7939980556946988
152.2281140570285	0.7134062518585575	0.7932366190090477
152.36118059029513	0.7132655500884816	0.791391822528879
152.49424712356176	0.7143634762453069	0.7916428760354313
152.62731365682842	0.7142981678059002	0.7927059011977753
152.76038019009505	0.713844387766754	0.7933910167588066
152.89344672336168	0.7142174832093077	0.7933975827442852
153.0265132566283	0.7148611669325033	0.7923843231683557
153.15957978989493	0.714946319647283	0.7921687082544082
153.2926463231616	0.7142695391626656	0.79297329378274
153.42571285642822	0.7135172344916579	0.7935265915125191
153.55877938969485	0.7142080916409844	0.7933983678882727
153.69184592296148	0.7149536778588205	0.7929215787581609
153.8249124562281	0.7142055469948534	0.793998066216717
153.95797898949473	0.7134129515068278	0.7946371336676344
154.0910455227614	0.7126873910077902	0.7938537160364423
154.22411205602802	0.7119074608342169	0.793100614174358
154.35717858929465	0.7122050600141958	0.7929853355648395
154.49024512256128	0.7127797993620257	0.7924058531412141
154.6233116558279	0.7131279920090625	0.7928687649314408
154.75637818909453	0.713764117493071	0.793715716408616
154.8894447223612	0.7136818196384556	0.7933274619476175
155.02251125562782	0.7134678488937359	0.7925954794984856
155.15557778889445	0.7138543674543407	0.791851023524128
155.28864432216108	0.7154014070145321	0.7911637203506712
155.4217108554277	0.7151703014624597	0.7907412426646102
155.55477738869433	0.7147782173455857	0.7900932013629666
155.687843921961	0.7154329649404455	0.7901674807430007
155.82091045522762	0.7141348756419861	0.7903673058272538
155.95397698849425	0.7146122448056097	0.7903253273104653
156.08704352176088	0.7143229172026079	0.7908401621326626
156.2201100550275	0.712755180528413	0.7907446954973776
156.35317658829413	0.7121261485974474	0.7911858797866296
156.4862431215608	0.7126074862762016	0.7911087819972754
156.61930965482742	0.7134644165904617	0.7919168780516596
156.75237618809405	0.7126088943469441	0.7921698995297485
156.88544272136068	0.712479170105247	0.7920778218205751
157.0185092546273	0.7123198004510349	0.7923990933030141
157.15157578789393	0.7117325231475855	0.791489648044853
157.2846423211606	0.7124722091396797	0.7912071638484226
157.41770885442722	0.7115582295548333	0.7914851703636807
157.55077538769385	0.7118819135750893	0.7911766581420757
157.68384192096048	0.7124549376057071	0.7916986384169856
157.8169084542271	0.7118889399733765	0.7912661000268947
157.94997498749373	0.7120833424944192	0.7909231790779969
158.0830415207604	0.7107052830669575	0.7923732964787372
158.21610805402702	0.7094803914614907	0.7945166406800505
158.34917458729365	0.7103529932354081	0.794635134620375
158.48224112056027	0.7104601421919227	0.7931704481503428
158.6153076538269	0.7105546201129753	0.7920991806745116
158.74837418709353	0.7109246905786752	0.7910774669290922
158.8814407203602	0.7112237352929779	0.7911416976029566
159.01450725362682	0.7107869583514693	0.7904857524281261
159.14757378689345	0.7110833946297574	0.790528241693624
159.28064032016007	0.7124032856260947	0.7908367434612495
159.4137068534267	0.7117500515927039	0.7913406483830691
159.54677338669333	0.7111801514847299	0.7913522441888022
159.67983991996	0.7113119437318638	0.7911695471458086
159.81290645322662	0.7108726256128602	0.7907730386743269
159.94597298649325	0.7112055737962801	0.7900524671797727
160.07903951975987	0.7106290053341139	0.7896265291362045
160.2121060530265	0.7095619121649296	0.7898799237257232
160.34517258629313	0.7096714890904495	0.7905834334956104
160.4782391195598	0.7095427626612669	0.7903270427452624
160.61130565282642	0.7089679007043976	0.7892882147368763
160.74437218609305	0.7086428418647669	0.7894032665128179
160.87743871935967	0.7089673685994998	0.7900388001867125
161.0105052526263	0.7078477965545046	0.789378097478417
161.14357178589293	0.7090685513462719	0.7891875190857645
161.2766383191596	0.7104761410864118	0.7882780753217713
161.40970485242622	0.7109963282469542	0.7869792268973843
161.54277138569284	0.7117349174318914	0.7871490416654884
161.67583791895947	0.711198817929772	0.7880569867329453
161.8089044522261	0.7110477711349014	0.7882005174307358
161.94197098549273	0.7104512588264276	0.7874537666865464
162.0750375187594	0.7103026516724542	0.7882794637270448
162.20810405202602	0.7099453823055157	0.789131034372053
162.34117058529264	0.7101747705172771	0.7870361987512279
162.47423711855927	0.7105948316142647	0.7869562419489601
162.6073036518259	0.7112460858974103	0.7879220084566918
162.74037018509253	0.7107229747344376	0.7874842308132765
162.8734367183592	0.7098085769009344	0.7866840533352545
163.00650325162582	0.7089760218306149	0.7857461543221529
163.13956978489244	0.7080641192466048	0.7849581951480415
163.27263631815907	0.708113299809649	0.7852254961636329
163.4057028514257	0.7083033742960191	0.7851504481326776
163.53876938469233	0.7083520435950371	0.7849437509100643
163.671835917959	0.7085179487656225	0.7845296689568824
163.80490245122562	0.7080531794749626	0.7850424107767473
163.93796898449224	0.7073819015678166	0.7866855317700893
164.07103551775887	0.7078156918357349	0.7863984920435209
164.2041020510255	0.7078605676675693	0.7864766166329333
164.33716858429213	0.7075172171533158	0.7870724229600248
164.4702351175588	0.7073885969509746	0.7875162087670389
164.60330165082541	0.7082986545952239	0.7870299606775494
164.73636818409204	0.7085327310191961	0.7866654728583867
164.86943471735867	0.707766555744461	0.7861443363745985
165.0025012506253	0.7077449101665155	0.7861479819666012
165.13556778389193	0.7080276070340453	0.7860704869907789
165.2686343171586	0.7092790678526141	0.7871807176338691
165.40170085042521	0.7095192528939447	0.7869164394122516
165.53476738369184	0.7098879986289189	0.7857339230419017
165.66783391695847	0.710074759250607	0.7853635090110487
165.8009004502251	0.7093622713421078	0.7848059691213217
165.93396698349173	0.709485494625878	0.7851489371759841
166.06703351675839	0.7091728381690401	0.7842424767188176
166.20010005002501	0.7097677614733084	0.7838072318048668
166.33316658329164	0.7098027872185501	0.7841701318061858
166.46623311655827	0.7099263493068462	0.783757699538428
166.5992996498249	0.7102993322387855	0.7831250791232812
166.73236618309153	0.7096441449221529	0.7826357904462947
166.86543271635819	0.7098964185869292	0.7831743583536636
166.9984992496248	0.7104767567764251	0.7836286056570202
167.13156578289144	0.7105765662072784	0.7846966718101186
167.26463231615807	0.7096724280919074	0.7829443277034477
167.3976988494247	0.7086597414368488	0.7822495103962996
167.53076538269133	0.7096010828946684	0.7820662461909242
167.66383191595799	0.7103298017386007	0.7814531772758404
167.7968984492246	0.7102878516071022	0.7813626972202262
167.92996498249124	0.7110289862780526	0.7806384188240999
168.06303151575787	0.7115333652447694	0.7804745799659909
168.1960980490245	0.7114069814098194	0.7800683061622667
168.32916458229113	0.7108953071690658	0.7795773154253085
168.46223111555778	0.7102843324323498	0.7793118733331337
168.5952976488244	0.7110561061474703	0.7798537106404382
168.72836418209104	0.711975060889318	0.7802542043336452
168.86143071535767	0.7115198121892072	0.7805371787936599
168.9944972486243	0.7103535866848786	0.7805366438604638
169.12756378189093	0.7095250403539869	0.7802918625556117
169.26063031515758	0.7107807119066984	0.7798218921275101
169.3936968484242	0.7108669672805639	0.7796574191509297
169.52676338169084	0.7111680339944456	0.7794593486543875
169.65982991495747	0.7105729571264764	0.77868209774951
169.7928964482241	0.7106088452036818	0.7792281193359621
169.92596298149073	0.7109270603765427	0.7799026735628541
170.05902951475738	0.7095912444478334	0.7804420506771914
170.192096048024	0.7085339122119626	0.7803614096806571
170.32516258129064	0.7091923630695127	0.7803839433877469
170.45822911455727	0.7097559374622824	0.7799430041513463
170.5912956478239	0.7088084309934851	0.7780071085203861
170.72436218109056	0.7089192851659295	0.7775014248173816
170.85742871435718	0.709209844431335	0.778706019530677
170.9904952476238	0.7075350266468687	0.7782800234789529
171.12356178089044	0.7078358789059549	0.7785027783723517
171.25662831415707	0.708083165758011	0.7784374202500802
171.3896948474237	0.7077250498552045	0.7787689586225007
171.52276138069035	0.7078096101034896	0.7783119480459572
171.65582791395698	0.7080356690857859	0.7777362602860851
171.7888944472236	0.7073792042569631	0.7783944089508128
171.92196098049024	0.7069148517377567	0.7780827567978158
172.05502751375687	0.706576224197942	0.7785225600718199
172.1880940470235	0.7068370740243642	0.7786482690074715
172.32116058029015	0.7058104711941772	0.7782770486858869
172.45422711355678	0.7057497933396609	0.7786181477643546
172.5872936468234	0.7064183073743047	0.7774400971385499
172.72036018009004	0.7060841480471667	0.776192715865093
172.85342671335667	0.7051086181935774	0.7770372077117885
172.9864932466233	0.7057772207585604	0.7775400355769293
173.11955977988995	0.7067969487196218	0.7779209920516023
173.25262631315658	0.7073017783346408	0.7780726384034922
173.3856928464232	0.7076095897401738	0.7779056628252771
173.51875937968984	0.7075552213275534	0.7778846497113654
173.65182591295647	0.7073145138793728	0.7778041370464874
173.7848924462231	0.7070261222145316	0.7773604637706248
173.91795897948975	0.7063050531338946	0.7771042149295999
174.05102551275638	0.7059069552016966	0.7755334300694424
174.184092046023	0.7068475046129122	0.7755920367582969
174.31715857928964	0.7072185537292185	0.7753414523483639
174.45022511255627	0.7067810394791763	0.7742941891916558
174.5832916458229	0.7067513465468739	0.7755203639152642
174.71635817908955	0.7064628062799895	0.7744927264057118
174.84942471235618	0.7063146333405493	0.7742129105482023
174.9824912456228	0.7060872344003822	0.7743210937598561
175.11555777888944	0.7052932340222088	0.7747143099092192
175.24862431215607	0.7055262222844711	0.774318725220072
175.3816908454227	0.7068402504284301	0.773713150344472
175.51475737868935	0.706288822135019	0.7735112912923215
175.64782391195598	0.7056191546958647	0.7730428369647875
175.7808904452226	0.7050884647977522	0.7718399047232711
175.91395697848924	0.705188134013091	0.7711789365958703
176.04702351175587	0.7058263508650087	0.7711352642328766
176.1800900450225	0.7055188395595042	0.7714210648694583
176.31315657828915	0.7054039381886169	0.7710606083598575
176.44622311155578	0.7057295011170127	0.7713279389881308
176.5792896448224	0.7049453417826087	0.7713146728784583
176.71235617808904	0.7047540429998436	0.7699213861923317
176.84542271135567	0.7049346135182882	0.7706076195872082
176.9784892446223	0.7046285128224714	0.772227699755841
177.11155577788895	0.7033845107605656	0.7726207264210333
177.24462231115558	0.7024522264410815	0.7721388470954652
177.3776888444222	0.7025820521539713	0.7723049136196384
177.51075537768884	0.7028205645855361	0.7727111543581698
177.64382191095547	0.7024411928108042	0.7718548939094421
177.7768884442221	0.7021058392508029	0.7714296131098832
177.90995497748875	0.7014670922158309	0.7713990287734552
178.04302151075538	0.7011734050729669	0.7709568064538527
178.176088044022	0.7009513140343431	0.7698648785086917
178.30915457728864	0.7011143075857645	0.7701950035274518
178.44222111055527	0.7011200269908041	0.7691964808694371
178.5752876438219	0.7002899755144816	0.7676633529784065
178.70835417708855	0.7002119966651281	0.7678225557100044
178.84142071035518	0.7011156926764421	0.7684567704199269
178.9744872436218	0.7015619280512463	0.7672497244805379
179.10755377688844	0.7012428333328384	0.7688571383512962
179.24062031015507	0.7013886232450484	0.770348002879563
179.3736868434217	0.7022154535689747	0.7702757453641352
179.50675337668835	0.7018568640044486	0.7705239556177246
179.63981990995498	0.7014920164615084	0.7709761969294389
179.7728864432216	0.7022428003022074	0.7691907074436819
179.90595297648824	0.7034175608810458	0.770281637254425
180.03901950975487	0.7030610921908709	0.7704452789850026
180.1720860430215	0.7025531459736232	0.770189414223188
180.30515257628815	0.7023094555613968	0.7708885984848656
180.43821910955478	0.7029097583070654	0.7719285074502913
180.5712856428214	0.7034100046352066	0.7714318320828195
180.70435217608804	0.703433618147263	0.7713156194694771
180.83741870935467	0.7026414255214039	0.7709789010176843
180.9704852426213	0.7033659982662374	0.7710896999312534
181.10355177588795	0.7027558923301661	0.7710531397139786
181.23661830915458	0.7031007880094085	0.7702711150802568
181.3696848424212	0.702040587239144	0.7691941317283029
181.50275137568784	0.702842356765281	0.7679688940054737
181.63581790895446	0.7037018187489356	0.7686913520527008
181.7688844422211	0.7034731931880837	0.7667047279608677
181.90195097548775	0.7021751452298814	0.7653167836452944
182.03501750875438	0.7014993782206884	0.7659608017928706
182.168084042021	0.7018837662833611	0.7660237456281763
182.30115057528764	0.702485058335274	0.767246480592964
182.43421710855426	0.7025655925848677	0.7660218561099119
182.5672836418209	0.7031609326848252	0.7654186845629707
182.70035017508755	0.7028021248302696	0.7652884411820386
182.83341670835418	0.7020250526583903	0.7665218266455597
182.9664832416208	0.7015592002355999	0.7673638473454409
183.09954977488744	0.7023528837586548	0.7666690774215306
183.23261630815406	0.7019140109193539	0.7669629863235211
183.3656828414207	0.7018954407979159	0.7673112213647256
183.49874937468735	0.7007930623566218	0.7675562422444807
183.63181590795398	0.6998755070204127	0.7681444844896276
183.7648824412206	0.6992185026475618	0.7680658650504424
183.89794897448724	0.6993449128976013	0.7673961358080779
184.03101550775386	0.6988169381862163	0.7677312499705032
184.1640820410205	0.6986401943482048	0.767354022025208
184.29714857428715	0.6986791426902137	0.7667827945203277
184.43021510755378	0.6982408603446384	0.7671534963986355
184.5632816408204	0.6981171393923146	0.7648174634757184
184.69634817408703	0.698296058889336	0.764387247672765
184.82941470735366	0.697310021686987	0.764380278725474
184.9624812406203	0.6980858663662003	0.7643696736114234
185.09554777388695	0.6988923904711375	0.7644037031533654
185.22861430715358	0.6986350172116926	0.7632734003217893
185.3616808404202	0.6990263117849166	0.7624697710636401
185.49474737368683	0.6994472733796054	0.7628583940755761
185.62781390695346	0.6990001745651219	0.7634027702704054
185.7608804402201	0.6984836365573146	0.7640861896588812
185.89394697348675	0.697936546575907	0.763453708848788
186.02701350675338	0.6980701079287218	0.7636623701547348
186.16008004002	0.6987290456848965	0.7645293711932117
186.29314657328663	0.6988172509170871	0.7635771719836213
186.42621310655326	0.6996384091409026	0.7634851066534706
186.5592796398199	0.7000910029478562	0.7632352492195562
186.69234617308655	0.6995368893803379	0.7626706163988223
186.82541270635318	0.6991774255955278	0.7618185479960576
186.9584792396198	0.6982843081165223	0.7618466803314567
187.09154577288643	0.6972481197920812	0.7615631340357842
187.22461230615306	0.6970047358404285	0.7614619807119313
187.3576788394197	0.6963840726007867	0.7616084567916418
187.49074537268635	0.6956798390291922	0.762335345100825
187.62381190595298	0.6940116885489633	0.7626100884103302
187.7568784392196	0.6939055810791878	0.7624463989536892
187.88994497248623	0.6939529780327024	0.7624851410812609
188.02301150575286	0.6949851251593168	0.7626506684353767
188.15607803901952	0.6946474202987556	0.7628471853900222
188.28914457228615	0.6942854339218718	0.7622072323167264
188.42221110555278	0.6939597854909128	0.7633491403694331
188.5552776388194	0.6944783152783394	0.7636550722309423
188.68834417208603	0.6948824188293613	0.7624118479408193
188.82141070535266	0.695950735736928	0.7630030746440205
188.95447723861932	0.6962893833360907	0.7627537259206654
189.08754377188595	0.6959675952396636	0.7619934061760631
189.22061030515258	0.6958312851461129	0.7617491213121641
189.3536768384192	0.6952851300020735	0.7616438753992597
189.48674337168583	0.6941157853942256	0.7616994048692146
189.61980990495246	0.6945811622184076	0.7620614323956186
189.75287643821912	0.694987763841775	0.7623735709422926
189.88594297148575	0.6946217588339871	0.7629683911573348
190.01900950475238	0.693827109959828	0.7627024863302664
190.152076038019	0.6933632889939505	0.761513872211014
190.28514257128563	0.6928654281227992	0.7610139398838811
190.41820910455226	0.6925493250989313	0.7603987250838123
190.55127563781892	0.6928100274445415	0.7617180381911458
190.68434217108555	0.6928172872199821	0.7616747003457345
190.81740870435218	0.6931280388824709	0.7619523016490205
190.9504752376188	0.693666219013323	0.762074730914481
191.08354177088543	0.6930501820324463	0.7625771482105798
191.21660830415206	0.6922377704344014	0.763446087092275
191.34967483741872	0.6919601594358348	0.7630104686114553
191.48274137068535	0.6920782536641998	0.7624990642578985
191.61580790395197	0.6921692729194455	0.761960954918523
191.7488744372186	0.6916599292065124	0.760479284963431
191.88194097048523	0.6924793816213046	0.7606983615990501
192.01500750375186	0.6920322722805952	0.7606452194363981
192.14807403701852	0.6915269909710833	0.7613682401868171
192.28114057028515	0.6921908279893626	0.7613623574002403
192.41420710355177	0.692512285213889	0.7609077766022235
192.5472736368184	0.6914547331201123	0.7615609116220726
192.68034017008503	0.69051828841721	0.7613113671585341
192.81340670335166	0.6915502128640015	0.761565555725064
192.94647323661832	0.692969329912212	0.7615364603702596
193.07953976988495	0.6928295361952939	0.7607504485812284
193.21260630315157	0.6919583480631727	0.7621780789636646
193.3456728364182	0.6919438752287111	0.7620427911078412
193.47873936968483	0.6914336555457419	0.7611030364379316
193.61180590295146	0.6906252793539928	0.7603145744150892
193.74487243621812	0.6908220343286101	0.7607979581539481
193.87793896948475	0.689883658049315	0.7607475142811274
194.01100550275137	0.689782753666677	0.7610192858858217
194.144072036018	0.6908285728235998	0.7609552691573728
194.27713856928463	0.6911054719460402	0.7605898066240958
194.41020510255126	0.691632304563553	0.7606139530185256
194.54327163581792	0.6916702118248399	0.7599421442098897
194.67633816908454	0.6914760468650826	0.7598353958601654
194.80940470235117	0.6913098737043809	0.7601189528148472
194.9424712356178	0.691013807547699	0.7615994385094895
195.07553776888443	0.6912372110579409	0.7614039145484813
195.20860430215106	0.6911244247279728	0.7620407573396896
195.34167083541772	0.690557079222531	0.7621043479221592
195.47473736868434	0.6902118481440611	0.761020019287606
195.60780390195097	0.691068716498487	0.7612201342139728
195.7408704352176	0.6907511360537075	0.760996547689035
195.87393696848423	0.6890915981017305	0.7606269726488972
196.00700350175086	0.6887355051302462	0.7587260238274053
196.14007003501752	0.6892525273016537	0.7582328953811849
196.27313656828414	0.6886536247574001	0.7578804398486271
196.40620310155077	0.6882911513089183	0.7583563129674654
196.5392696348174	0.6886034466680875	0.7582065342502751
196.67233616808403	0.6875744950116385	0.7582535798727886
196.80540270135066	0.6884594480720645	0.7583086489347016
196.93846923461732	0.6880987349372945	0.7579839188590026
197.07153576788394	0.6864798579891516	0.7567887177901593
197.20460230115057	0.6869385904888282	0.7565976274724949
197.3376688344172	0.6874694085453645	0.7571457447948923
197.47073536768383	0.6876985239351533	0.7564543432704182
197.60380190095046	0.687518145773323	0.7569356611036785
197.73686843421712	0.6880512188571835	0.7578980581294286
197.86993496748374	0.6884711080839081	0.7581206951886758
198.00300150075037	0.6875876772798318	0.7573873056906798
198.136068034017	0.6874090553584801	0.7575417504430595
198.26913456728363	0.6870846442163961	0.7574916792215601
198.40220110055026	0.6869561190677144	0.7577721880006846
198.53526763381691	0.6868686470995378	0.7573693748690227
198.66833416708354	0.6877675132541515	0.7568839508727502
198.80140070035017	0.6887031656580808	0.7562614918461449
198.9344672336168	0.6890290008621401	0.7563075582445999
199.06753376688343	0.6894903689847128	0.7560848584171705
199.20060030015006	0.6877288751791699	0.7557381168584938
199.33366683341671	0.6868695447061447	0.7563396795583244
199.46673336668334	0.6879537111637224	0.7557089331892213
199.59979989994997	0.687783650018772	0.7557982972941599
199.7328664332166	0.6877750895533836	0.7553981803105979
199.86593296648323	0.687478718278444	0.7550748802514256
199.99899949974986	0.6872532606716794	0.7551259930089358
200.1320660330165	0.6848234586064916	0.7545364832020505
200.26513256628314	0.6835115284409756	0.7547403794979478
200.39819909954977	0.6837755836668856	0.7545766687942597
200.5312656328164	0.6838693907215935	0.7554363900394855
200.66433216608303	0.6840814924985058	0.7554949864880547
200.79739869934966	0.6838733776993133	0.7545583838361319
200.9304652326163	0.6848954892820641	0.7549702601079699
201.06353176588294	0.6845760803636749	0.7544778386004124
201.19659829914957	0.6841675040423796	0.7541941195835864
201.3296648324162	0.6845711574452041	0.753919178809124
201.46273136568283	0.6839143055630635	0.7544886460360728
201.59579789894946	0.6839672745486682	0.753257519475759
201.7288644322161	0.6843393406240174	0.7524591540019243
201.86193096548274	0.6835590568635564	0.7518369096862457
201.99499749874937	0.6833991048859764	0.7516930355411239
202.128064032016	0.6835123557885645	0.7509021362829331
202.26113056528263	0.6839532104321361	0.75150916289749
202.39419709854926	0.6840547521803051	0.7515700158888542
202.5272636318159	0.6836987721249045	0.7521174324366134
202.66033016508254	0.6835517542078218	0.7521346600204598
202.79339669834917	0.6845393794346617	0.7528381337807282
202.9264632316158	0.6838558552645473	0.7528639743792565
203.05952976488243	0.6829045080635233	0.7516260023617777
203.19259629814906	0.6815857916824639	0.7523976763730135
203.3256628314157	0.6819615194785129	0.7522099709657747
203.45872936468234	0.6819845074409625	0.7514805139501471
203.59179589794897	0.682199037047241	0.7505803162753965
203.7248624312156	0.6824505733413591	0.7511494496162683
203.85792896448223	0.6818697172747356	0.7504026651741338
203.99099549774886	0.6834485502981625	0.7507660231756927
204.1240620310155	0.6841372117979867	0.7525856395440809
204.25712856428214	0.6831916306656552	0.7522889383671489
204.39019509754877	0.6832394773011445	0.7514767293996574
204.5232616308154	0.6836546504596412	0.7511230647766755
204.65632816408203	0.6838958629506343	0.7518460844183449
204.78939469734868	0.6835900278120673	0.7521959563273811
204.9224612306153	0.6827711833752139	0.7534538751041018
205.05552776388194	0.6842963764999999	0.7519410471008954
205.18859429714857	0.6838304724896661	0.7519318540132044
205.3216608304152	0.6837233834486826	0.7516811702359659
205.45472736368183	0.6834774157928848	0.7507689092491412
205.58779389694848	0.6823105454758103	0.7507019784010321
205.7208604302151	0.682432145074321	0.7508148422182517
205.85392696348174	0.6841698649944035	0.7509636997155955
205.98699349674837	0.6830954865715183	0.7500859545996351
206.120060030015	0.68120459736463	0.7498343787117857
206.25312656328163	0.6802540644903847	0.7497114111800672
206.38619309654828	0.6796818056098399	0.749506174174879
206.5192596298149	0.6805483469359332	0.7488104626863951
206.65232616308154	0.6807834190971019	0.7481135150055981
206.78539269634817	0.6804308113744828	0.7480081288012421
206.9184592296148	0.6807141995819903	0.747933615021049
207.05152576288143	0.6801362829203114	0.7475864412935554
207.18459229614808	0.6796110640331604	0.7478841436607134
207.3176588294147	0.6790767213285813	0.7468073865656297
207.45072536268134	0.6795186028929021	0.7465576023227387
207.58379189594797	0.6801404737102018	0.7460250514156684
207.7168584292146	0.679769679168242	0.7456978307951865
207.84992496248123	0.6799335006847325	0.7454799234603982
207.98299149574788	0.6785712870218038	0.7445351657124878
208.1160580290145	0.678789046782997	0.7449681985800992
208.24912456228114	0.6793694704940669	0.7456364309225378
208.38219109554777	0.6776387471114981	0.7469508750169317
208.5152576288144	0.6779865661896337	0.7465596453666153
208.64832416208102	0.6779116423519986	0.745287297719377
208.78139069534768	0.6781471471068019	0.7454887141287293
208.9144572286143	0.6785894697634838	0.7459451276522161
209.04752376188094	0.6783810157171968	0.7462955137001132
209.18059029514757	0.6786625619755472	0.7446546090558769
209.3136568284142	0.6781492196015875	0.7456028729145016
209.44672336168082	0.6788586171775778	0.744761418468578
209.57978989494748	0.6781026154240684	0.7456933364077719
209.7128564282141	0.6775427667285066	0.7462584100193342
209.84592296148074	0.6781386666951483	0.7465922851196444
209.97898949474737	0.6777561899880143	0.74597004506307
210.112056028014	0.6773319879516528	0.7466138046254807
210.24512256128062	0.6769873863777616	0.7468726427126946
210.37818909454728	0.675632616856581	0.745633704742692
210.5112556278139	0.6762627430944625	0.7438166651987239
210.64432216108054	0.6763936668597647	0.7425117541205484
210.77738869434717	0.6764960610551408	0.7443760113725857
210.9104552276138	0.6762253860403695	0.7442275947293001
211.04352176088042	0.6768789494147255	0.7436596389343219
211.17658829414708	0.6773016912129102	0.7447253824074327
211.3096548274137	0.6773675051513648	0.7449505271601641
211.44272136068034	0.6769684498417874	0.7456377560564553
211.57578789394697	0.6772861582594901	0.7448593830930339
211.7088544272136	0.6761797596393561	0.7443907926212345
211.84192096048022	0.6773081148252931	0.7432115662710461
211.97498749374688	0.6768454178834209	0.7424107111164934
212.1080540270135	0.6762161792800736	0.7419060100591357
212.24112056028014	0.6758498658539273	0.741342456720511
212.37418709354677	0.676036191704928	0.7405347792508274
212.5072536268134	0.6764592527723763	0.7405100481964734
212.64032016008002	0.6772486265774679	0.7418999335104048
212.77338669334668	0.6771063461554946	0.7434725416467566
212.9064532266133	0.6762405041730305	0.7438357592512911
213.03951975987994	0.6759721840151074	0.7439635417973697
213.17258629314657	0.6753317513667928	0.7443379803968552
213.3056528264132	0.673957152669599	0.7443589334734358
213.43871935967982	0.6738016835104024	0.7441697416044337
213.57178589294648	0.6745614593644982	0.7443692397393977
213.7048524262131	0.6748974372541835	0.74473067625605
213.83791895947974	0.674892002881065	0.7430493133227819
213.97098549274637	0.6748956476379985	0.7422329022626019
214.104052026013	0.6750765966309619	0.7424283620237998
214.23711855927962	0.6746471532776028	0.7422954360558276
214.37018509254628	0.6754274846645411	0.7423022674519424
214.5032516258129	0.6756021557598386	0.7412590981145354
214.63631815907954	0.6754594123323564	0.7403035285904332
214.76938469234616	0.6764932474136818	0.7403913286694094
214.9024512256128	0.6753164602879715	0.7396453607904717
215.03551775887942	0.6741567675315325	0.7406197693341524
215.16858429214608	0.6747531983864172	0.7412976193124885
215.3016508254127	0.6744799205082307	0.7410111814099826
215.43471735867934	0.674913753600829	0.7401765913128869
215.56778389194596	0.6737390881077935	0.739573929170794
215.7008504252126	0.6735092584103057	0.739031055844196
215.83391695847922	0.6736089378253521	0.7381447607688286
215.96698349174588	0.673660871830714	0.738441420694445
216.1000500250125	0.6724851536210512	0.7377069740684201
216.23311655827914	0.6731273451610366	0.7371940814374027
216.36618309154576	0.6725056387579389	0.736980141240808
216.4992496248124	0.6721474839547512	0.7369743500995608
216.63231615807902	0.6721353901630297	0.7376135196444634
216.76538269134568	0.672760344114673	0.7377519190303936
216.8984492246123	0.673323311395979	0.7384079599763852
217.03151575787894	0.6730815138287672	0.7382460664615579
217.16458229114556	0.6729844605084627	0.737636654435402
217.2976488244122	0.6728807638112626	0.7377171836252354
217.43071535767882	0.6716025719397614	0.7384143778641175
217.56378189094548	0.6710570026542968	0.7392134841460998
217.6968484242121	0.6712391597741331	0.7375358817523748
217.82991495747874	0.6714378610417793	0.7382529427023294
217.96298149074536	0.6720305073064983	0.7384158054146711
218.096048024012	0.6719005619121108	0.7383872283668236
218.22911455727862	0.6713813324565375	0.7388227916241905
218.36218109054528	0.6709815629971098	0.7393831780260284
218.4952476238119	0.6708446232864361	0.7385898895507104
218.62831415707853	0.670744955490456	0.738154717760849
218.76138069034516	0.672031803954657	0.7378800709372747
218.8944472236118	0.6717241967726283	0.7383931557810655
219.02751375687842	0.6721571589555173	0.7384970968256419
219.16058029014508	0.672564809187572	0.7377440255866428
219.2936468234117	0.6717856128186525	0.7374348398898901
219.42671335667833	0.6716806234817335	0.7386825554877839
219.55977988994496	0.6719213010618461	0.738564362509802
219.6928464232116	0.6717446704806674	0.7384519951689277
219.82591295647822	0.6720148060531498	0.7384229081312398
219.95897948974488	0.6724006818977137	0.738306916718241
220.0920460230115	0.6727585526321411	0.737923999069579
220.22511255627813	0.6723465981873777	0.7385739172876816
220.35817908954476	0.6719060598614139	0.7388502588059077
220.4912456228114	0.6726700224193783	0.7376796392377527
220.62431215607802	0.6724892332648349	0.7367763271525231
220.75737868934468	0.6721860404616404	0.7365766044562237
220.8904452226113	0.6715746010086888	0.7355192350666161
221.02351175587793	0.6716061721537884	0.7348546782575677
221.15657828914456	0.6711078630849071	0.7348889504712259
221.2896448224112	0.6716206679510606	0.7343312887884934
221.42271135567785	0.6723347448121918	0.7336651866740985
221.55577788894448	0.6722508350674707	0.7348824655110441
221.6888444222111	0.6716317966130364	0.7352403231032647
221.82191095547773	0.6717081606099206	0.7349581226166529
221.95497748874436	0.6713842019633923	0.7344466607253364
222.088044022011	0.6710475417783432	0.734627429624756
222.22111055527765	0.6711736283922339	0.7344101477051138
222.35417708854428	0.6706022733433821	0.7348736771046902
222.4872436218109	0.6703803373033982	0.7344324979036775
222.62031015507753	0.669357842609103	0.734144044883587
222.75337668834416	0.668617855450572	0.733796069955399
222.8864432216108	0.6684846998433815	0.7338090508974116
223.01950975487745	0.6685462371670498	0.7325363304758291
223.15257628814408	0.6689682233294162	0.7323125844744561
223.2856428214107	0.669104934599997	0.7326279391383886
223.41870935467733	0.6696483097661298	0.7326829501719653
223.55177588794396	0.6686457957866924	0.7328150299974798
223.6848424212106	0.668805853449523	0.7314408595745461
223.81790895447725	0.668844580220238	0.7308203485192218
223.95097548774388	0.6703881500870275	0.7316132227330374
224.0840420210105	0.6698723106675546	0.7301216638623182
224.21710855427713	0.670059586653696	0.7314817656431071
224.35017508754376	0.6707319931727006	0.7307875096036355
224.4832416208104	0.6698894070270104	0.7291640243459827
224.61630815407705	0.6697533416430436	0.7284317873007334
224.74937468734367	0.6697379577239596	0.728383133815555
224.8824412206103	0.6693099396779216	0.7282511179633236
225.01550775387693	0.6695593948600076	0.728783673274753
225.14857428714356	0.668780749452211	0.728833047683972
225.2816408204102	0.6677922683565318	0.7297669772161475
225.41470735367685	0.6675276150326862	0.7293222115375286
225.54777388694347	0.6673052465435089	0.7293730624892021
225.6808404202101	0.6670750400367641	0.7291809206883327
225.81390695347673	0.666895912093922	0.7282507322842267
225.94697348674336	0.6671909598420243	0.7282505730911323
226.08004002001	0.6684764867555519	0.7281573654494412
226.21310655327665	0.6676912248133325	0.7289922471099343
226.34617308654327	0.6674589011408256	0.7288020128913633
226.4792396198099	0.6665398589298559	0.7308740825695361
226.61230615307653	0.6656570968458143	0.729562763955027
226.74537268634316	0.6654384588846287	0.730200203002563
226.8784392196098	0.6646228622161713	0.7301484347216805
227.01150575287645	0.6648761890103975	0.7310117099818372
227.14457228614307	0.6650422422959441	0.7316587943510647
227.2776388194097	0.665672631559463	0.7315430288772913
227.41070535267633	0.6654045039272302	0.7310704365259362
227.54377188594296	0.6654647854131319	0.7302374461336529
227.6768384192096	0.6651744531028775	0.7297476537404418
227.80990495247624	0.6650345041364394	0.7287010715360522
227.94297148574287	0.6656183074315084	0.728965432754204
228.0760380190095	0.6666938130077122	0.7296974157264982
228.20910455227613	0.6670272653506116	0.7290571106494577
228.34217108554276	0.6658824956224353	0.7294666832074771
228.4752376188094	0.6658288908343452	0.7278340568877476
228.60830415207604	0.6662548827132374	0.7285749987695905
228.74137068534267	0.6652895675834806	0.7285577771019874
228.8744372186093	0.6636565953571733	0.7280784803744601
229.00750375187593	0.6636518430618156	0.7276629831447733
229.14057028514256	0.6632654303339084	0.7262971084526679
229.2736368184092	0.6624125196221844	0.7254131650510383
229.40670335167584	0.6620852482688505	0.7250618314888624
229.53976988494247	0.6622681483050654	0.725647158436888
229.6728364182091	0.6630247170798762	0.7255572491701233
229.80590295147573	0.663193832533835	0.726257293965935
229.93896948474236	0.6632762142108086	0.7262933907384928
230.072036018009	0.6633546596603819	0.7265440871703616
230.20510255127564	0.6629049514163168	0.7261348984509067
230.33816908454227	0.6629162714685919	0.7252595015732904
230.4712356178089	0.6633945014102929	0.7244270421225434
230.60430215107553	0.6635441189464809	0.7240065292141157
230.73736868434216	0.6629563940035242	0.7240257067166811
230.8704352176088	0.6641135252983434	0.7242735483279803
231.00350175087544	0.6629840217201383	0.7243087571711111
231.13656828414207	0.6636101569189776	0.724300635575654
231.2696348174087	0.6638948599368213	0.7247622114124327
231.40270135067533	0.6641483768679789	0.7243822558901862
231.53576788394196	0.6640692028285903	0.7235766229349347
231.6688344172086	0.6648243843146621	0.7235389186189619
231.80190095047524	0.6654995878722285	0.7251004324240982
231.93496748374187	0.6646977916578886	0.7250405165424025
232.0680340170085	0.6645840300327407	0.7250116212057581
232.20110055027513	0.6645358043343236	0.7248104108777779
232.33416708354176	0.664112364637004	0.723860305893352
232.4672336168084	0.6634327561057123	0.7234011428474707
232.60030015007504	0.661776193101553	0.7225239540300726
232.73336668334167	0.6622718074907661	0.7226150921614575
232.8664332166083	0.6627543113576019	0.7227560452724748
232.99949974987493	0.6631859863753575	0.7230526252384237
233.13256628314156	0.6632164580197604	0.7238207119124409
233.26563281640819	0.6624952616908173	0.7249064992850426
233.39869934967484	0.6629678022211393	0.7257508934590062
233.53176588294147	0.6623780747088716	0.7250744290478182
233.6648324162081	0.6620089961365615	0.7255451377995875
233.79789894947473	0.6618623340652283	0.7243976950045746
233.93096548274136	0.6619517189122823	0.7235676956475499
234.06403201600799	0.6617957251408313	0.7227114137741265
234.19709854927464	0.6619066903382632	0.7227839702909648
234.33016508254127	0.6615532024900102	0.7209180834029737
234.4632316158079	0.662744639683292	0.7210714699301007
234.59629814907453	0.6634190794671599	0.7220521489522462
234.72936468234116	0.6637382692030297	0.7215965561095307
234.86243121560778	0.6652867428960679	0.7205948107493751
234.99549774887444	0.6648609041694636	0.719789490910273
235.12856428214107	0.665657108758416	0.7211472815882878
235.2616308154077	0.664625566351117	0.722555130636513
235.39469734867433	0.6634588160340401	0.7219085249064626
235.52776388194096	0.6633534368356903	0.7208713746441786
235.66083041520758	0.6626618543230826	0.7219465021611445
235.79389694847424	0.6621444036341204	0.7223719695312791
235.92696348174087	0.6621137869859507	0.7218667508377703
236.0600300150075	0.6619015830461198	0.7205068312849093
236.19309654827413	0.6617246387923847	0.7195140834358489
236.32616308154076	0.6609898822057536	0.7190829763894159
236.45922961480738	0.6612432615896426	0.7188473697252825
236.59229614807404	0.659298329076295	0.7190462292528549
236.72536268134067	0.6577616705032747	0.7192870213037046
236.8584292146073	0.6583492286925817	0.7201366190568101
236.99149574787393	0.6571603010462235	0.7198310452127051
237.12456228114056	0.6586070259796337	0.7195474253825989
237.25762881440718	0.6587278090144753	0.7187966892131895
237.39069534767384	0.6587283924212896	0.71897337381175
237.52376188094047	0.6582036200189987	0.7186774319445556
237.6568284142071	0.6595522946084622	0.7189361173011651
237.78989494747373	0.6590697344546381	0.7181529163862758
237.92296148074036	0.6583171249616921	0.7185254353671957
238.05602801400698	0.6590415739657303	0.7197186598702592
238.18909454727364	0.6591984035370243	0.7200908670481667
238.32216108054027	0.6605976219683546	0.7205690369776447
238.4552276138069	0.6592316680985785	0.7197521842324729
238.58829414707353	0.6586518289865202	0.7194565067610406
238.72136068034015	0.6582296809721834	0.7190934877945169
238.8544272136068	0.6587163027996467	0.7182283835247709
238.98749374687344	0.658368444078979	0.7173010535185449
239.12056028014007	0.6567618216628374	0.7174419733426661
239.2536268134067	0.6569098701347584	0.7163052239467231
239.38669334667333	0.6566502562022675	0.7155937532619258
239.51975987993995	0.6562682025136175	0.7162456046450167
239.6528264132066	0.6567354992037344	0.7165637744542266
239.78589294647324	0.6571866478683824	0.7176367445227929
239.91895947973987	0.6580727928411926	0.7174667534523211
240.0520260130065	0.6580577723707172	0.7176260718868616
240.18509254627313	0.6568722949188245	0.7185749187010783
240.31815907953975	0.6574118474815417	0.7190115917760233
240.4512256128064	0.6574541695153041	0.7176194301167904
240.58429214607304	0.6575282531803306	0.7178554955725847
240.71735867933967	0.6581869767561865	0.7177230296589656
240.8504252126063	0.6575500726903902	0.7178733511015382
240.98349174587293	0.6577130340414652	0.7186983696499633
241.11655827913955	0.6566021493207461	0.7181219735771717
241.2496248124062	0.6571172437498052	0.7159435630840811
241.38269134567284	0.6578655265883787	0.716530929779976
241.51575787893947	0.6588380294331255	0.7166057841530623
241.6488244122061	0.659151918357652	0.7167080898581059
241.78189094547272	0.6584470712474323	0.716771579247719
241.91495747873935	0.6586438410268554	0.7170997823499695
242.048024012006	0.6589018995142457	0.7169229928296811
242.18109054527264	0.6561617502110066	0.7160801511897915
242.31415707853927	0.6560740849884594	0.7164833045767307
242.4472236118059	0.6561680854542636	0.7163225443889855
242.58029014507252	0.6565954636930446	0.7154217129217413
242.71335667833915	0.6555105151961104	0.715101024794822
242.8464232116058	0.655623003021984	0.7160183802339207
242.97948974487244	0.6562617054874215	0.715415592880189
243.11255627813907	0.6567847864609804	0.7137387891730653
243.2456228114057	0.6562239867929973	0.7128398679649242
243.37868934467232	0.6570674553501278	0.7122667145015239
243.51175587793895	0.6562658512307027	0.7129594803900744
243.6448224112056	0.655346872203365	0.7137586267221288
243.77788894447224	0.6559321127972503	0.7138034601914182
243.91095547773887	0.6557122950078029	0.7128744995543908
244.0440220110055	0.6554799377820437	0.7124958139199149
244.17708854427212	0.6568929641101704	0.7129675950055632
244.31015507753875	0.6565367136595249	0.7129380995371771
244.4432216108054	0.6553768193235554	0.7120404056756412
244.57628814407204	0.6553488570467114	0.7113709695799265
244.70935467733867	0.6553468880095348	0.7116441865242333
244.8424212106053	0.6545531622108838	0.7119028575920983
244.97548774387192	0.6543994860246691	0.7123315430290826
245.10855427713855	0.654142187176262	0.7115447099700244
245.2416208104052	0.6536970257237019	0.7111047516429967
245.37468734367184	0.6533398624892214	0.7093911369815702
245.50775387693847	0.6526795823866564	0.7102874577440533
245.6408204102051	0.6512385655887888	0.7106079971510945
245.77388694347172	0.6513029483692218	0.7119230774333778
245.90695347673835	0.6507325579473967	0.7125514754795014
246.040020010005	0.6511515258534721	0.7120498795930837
246.17308654327164	0.6505975160502774	0.7120405277118842
246.30615307653827	0.6502719283879896	0.7114735481951442
246.4392196098049	0.6502701128142532	0.7112187563206119
246.57228614307152	0.6493929464765594	0.7113264446937275
246.70535267633815	0.649367063357177	0.7105675381218118
246.8384192096048	0.6496248411619351	0.7110298030207376
246.97148574287144	0.6495344022502961	0.7114222637010131
247.10455227613807	0.6489673688421094	0.7101336359622507
247.2376188094047	0.6492838189531599	0.7113806748261639
247.37068534267132	0.6503072604366142	0.7113824605370302
247.50375187593795	0.6507884916963287	0.7100458279036528
247.6368184092046	0.6510254563365858	0.7104287290802788
247.76988494247124	0.6510542899945189	0.7102804708047323
247.90295147573786	0.6512555502728226	0.7108099178693031
248.0360180090045	0.6500177686794204	0.7118443138310414
248.16908454227112	0.6508428730343663	0.7125085167413955
248.30215107553775	0.6515189635807422	0.7116700468214853
248.4352176088044	0.6521930709049804	0.7114093143368052
248.56828414207104	0.6518102140626181	0.710213017782735
248.70135067533766	0.6518808856763093	0.7107788583360128
248.8344172086043	0.6523269502209813	0.7124211525731201
248.96748374187092	0.651709611439484	0.7110653669993865
249.10055027513755	0.6521834567692646	0.7107819156190401
249.2336168084042	0.6521636647134565	0.7101313868351051
249.36668334167084	0.6503112710257108	0.7106321406485051
249.49974987493746	0.6488547408991512	0.7106235366703924
249.6328164082041	0.6480957280792855	0.7117811945811682
249.76588294147072	0.6477527409969691	0.7121191892993839
249.89894947473735	0.6479957653001742	0.7116050734470925
250.032016008004	0.6480350852396484	0.7120434746861142
250.16508254127064	0.6471090525459349	0.7115813124368003
250.29814907453726	0.6471884857139699	0.7115421075448553
250.4312156078039	0.6458374962460742	0.7105567643415268
250.56428214107052	0.6457740986360274	0.7100961711785299
250.69734867433715	0.6452508909423313	0.7104071164950497
250.8304152076038	0.6441167834572763	0.7110494170386055
250.96348174087044	0.6448177495295381	0.7123914278047269
251.09654827413706	0.6458414010523685	0.7120787498079357
251.2296148074037	0.64516255837549	0.7119727757272535
251.36268134067032	0.6449345530919033	0.7119460556315369
251.49574787393695	0.6455913518613053	0.7109931121156919
251.6288144072036	0.6452122616186177	0.7105350282666649
251.76188094047023	0.6450359098051467	0.7106082690513025
251.89494747373686	0.6455497724576686	0.7092864481462913
252.0280140070035	0.6459149552230068	0.709639484347085
252.16108054027012	0.6453941983678618	0.7084688879686118
252.29414707353675	0.6445258667480489	0.7076712339227254
252.4272136068034	0.6457877958526447	0.707827957522382
252.56028014007003	0.6460595971487723	0.7079682840119637
252.69334667333666	0.6456415507604067	0.7079661756028135
252.8264132066033	0.6448244516907925	0.7072540747983449
252.95947973986992	0.6450291671340285	0.7062022347439266
253.09254627313655	0.6449813707621388	0.7063232780555864
253.2256128064032	0.6439677601225595	0.7064476618113618
253.35867933966983	0.6448406517410995	0.7070339267457224
253.49174587293646	0.6449197796223035	0.7067457422959874
253.6248124062031	0.6459394514648829	0.7065837831197498
253.75787893946972	0.6462787150732622	0.7056127763923054
253.89094547273635	0.6465233757469638	0.7055690002888134
254.024012006003	0.6458663285608565	0.7061206747037273
254.15707853926963	0.6460264037395469	0.70773162862728
254.29014507253626	0.64656370746713	0.707508786044055
254.4232116058029	0.6473285058666225	0.7065758048374452
254.55627813906952	0.6468322700560916	0.7065363297989019
254.68934467233615	0.6471612019998285	0.7057879290162354
254.8224112056028	0.6471586367609172	0.704009279644724
254.95547773886943	0.6473672237013791	0.7046152634458434
255.08854427213606	0.6481068107416956	0.7042862092544384
255.2216108054027	0.6473400008494568	0.7056069674446038
255.35467733866932	0.6469130197518351	0.7065222128828353
255.48774387193595	0.64602649135821	0.7064166640833389
255.6208104052026	0.645950486004947	0.7060121090073137
255.75387693846923	0.6462839725730409	0.7056806091098508
255.88694347173586	0.647296457230915	0.7045648557920724
256.0200100050025	0.6476925869857894	0.7045610773182328
256.15307653826915	0.6470372167583639	0.7041663799470821
256.2861430715358	0.6459875610090101	0.7039550639741126
256.4192096048024	0.6455828891526363	0.7054938983014477
256.55227613806903	0.6453895540198645	0.7054480926083018
256.68534267133566	0.6441311479503304	0.7043917988259034
256.8184092046023	0.6439912381389042	0.7059689431921942
256.9514757378689	0.6450732149767552	0.7056211222295712
257.08454227113555	0.646814970728817	0.7055079255889793
257.2176088044022	0.6455576852230204	0.7046063728001399
257.3506753376688	0.6449230002711757	0.7042953647582494
257.4837418709355	0.6433573478154797	0.7036000758240305
257.6168084042021	0.6418548143116275	0.7047812450917181
257.74987493746875	0.6410053503555732	0.7049406100918196
257.8829414707354	0.6411437587081165	0.7059601845917274
258.016008004002	0.6412411470644089	0.7048860231479459
258.14907453726863	0.6412163846816227	0.7056253102403445
258.28214107053526	0.6415710184968034	0.7056541318089875
258.4152076038019	0.6426514180221536	0.7056042258021216
258.5482741370685	0.6428839315219765	0.7053952286485883
258.68134067033515	0.6417661659569665	0.7052873120962833
258.8144072036018	0.6428381081094185	0.7068477975491977
258.9474737368684	0.6414745822094282	0.7060821245558725
259.0805402701351	0.642705507314789	0.7050893579243772
259.2136068034017	0.6431422132792676	0.7045951294938837
259.34667333666835	0.6418258852979141	0.7041951653912846
259.479739869935	0.6412161112298204	0.7038002637776039
259.6128064032016	0.6416293618437443	0.7033662859290144
259.74587293646823	0.6420400895927683	0.7036949959339731
259.87893946973486	0.6428394018730015	0.7034425485069307
260.0120060030015	0.6418521639943718	0.7031073092322112
260.1450725362681	0.6421165333238016	0.7026741501547838
260.27813906953475	0.6422150242598229	0.7018491170349409
260.4112056028014	0.6423008059614834	0.7020203017618073
260.544272136068	0.642328767904508	0.702686223711621
260.6773386693347	0.642126673569506	0.7015486882170883
260.8104052026013	0.6421960803061684	0.7014277274216246
260.94347173586794	0.6417988372302215	0.7019318662387687
261.0765382691346	0.6416689452824215	0.7011164992880247
261.2096048024012	0.6408364598739089	0.7011544121065773
261.34267133566783	0.6400979003321118	0.7004160922138666
261.47573786893446	0.6398850031115287	0.6997153313726929
261.6088044022011	0.6406234246023306	0.6998018518437442
261.7418709354677	0.6415901899445351	0.6994510362739847
261.87493746873434	0.6413100723257978	0.6994012579341206
262.008004002001	0.6413112846973544	0.6996352470957304
262.1410705352676	0.6407561664013813	0.7005660402358264
262.2741370685343	0.640632985246504	0.7007112036004532
262.4072036018009	0.6393399331045807	0.7003202146066115
262.54027013506754	0.6401241868906526	0.6997947001552068
262.6733366683342	0.6399187386054066	0.7007293710189019
262.8064032016008	0.6395789399612695	0.7001316042965513
262.93946973486743	0.6394780046830717	0.7011014016496512
263.07253626813406	0.6384715990487101	0.7008634060232674
263.2056028014007	0.6390747724959772	0.7010287082382023
263.3386693346673	0.6375928423410088	0.6992575747422619
263.47173586793394	0.6385443708495023	0.6994208609635142
263.6048024012006	0.639320952633851	0.6991204160422452
263.7378689344672	0.637595878363958	0.6981295062398443
263.8709354677339	0.6376263307756393	0.6966200104208028
264.0040020010005	0.6380891976510447	0.6962772854556624
264.13706853426714	0.6391739015888488	0.6966971868768629
264.2701350675338	0.6393192889365195	0.6967900856142782
264.4032016008004	0.6379680257710973	0.6963047279432996
264.53626813406703	0.6376975603507764	0.695859383696188
264.66933466733366	0.6371686092326921	0.6960324298475208
264.8024012006003	0.6367651183200052	0.6966984568013472
264.9354677338669	0.6372759106093593	0.6963930054607578
265.06853426713354	0.6367228331876779	0.6954625170889202
265.2016008004002	0.6371412331245692	0.6951262699064537
265.3346673336668	0.6378040159977704	0.6957249009236118
265.4677338669335	0.6392019257166482	0.6952616216425355
265.6008004002001	0.6386052152758351	0.6947072605419008
265.73386693346674	0.6388482120934488	0.6944405867722021
265.86693346673337	0.6381623018782484	0.6948614313174538
266.0	0.6367884828349945	0.69421926910299
