0.0	0.0	0.0
0.1330665332666333	4.434063483706303e-05	4.794235409321522e-08
0.2661330665332666	0.00022177410834061507	0.0001330310330233715
0.39919959979989994	0.0005541313667658363	0.000288237736809875
0.5322661330665333	0.0008202515427126627	0.000554309799446014
0.6653326663331666	0.0013079019272076034	0.0009538550039150767
0.7983991995997999	0.0017067561983010212	0.0016631326288765384
0.9314657328664332	0.0022389533090554003	0.002194303431078312
1.0645322661330665	0.002837800676116778	0.0027493908594636413
1.1975987993997	0.003591141191765423	0.0035913734037692673
1.3306653326663331	0.004144055433294226	0.004166599605971609
1.4637318659329663	0.004654774993181666	0.00476532495790306
1.5967983991995998	0.005363338934440189	0.005385833372154953
1.7298649324662332	0.005783613122017771	0.006028601924843646
1.8629314657328664	0.006315903660042199	0.006625761206514693
1.9959979989994996	0.00684898380859291	0.007091973566334068
2.129064532266133	0.007579084284240664	0.007846812045187883
2.2621310655327664	0.007909787342218002	0.00860022288158069
2.3951975987994	0.008399637627720065	0.00935209327975275
2.528264132066033	0.008974509214824592	0.009815872733807414
2.6613306653326663	0.00937340933892587	0.010304111152477265
2.7943971985992997	0.009905335213486716	0.010813811958298709
2.9274637318659327	0.01030360274776909	0.011391902024937416
3.060530265132566	0.010769247324672986	0.012145450375521944
3.1935967983991995	0.01116745437934033	0.012787579095115123
3.326663331665833	0.01154338210576133	0.013497106332431912
3.4597298649324664	0.011900220095985138	0.014115382715908583
3.5927963981990994	0.01252194081578005	0.014648802348550004
3.7258629314657328	0.012983845971028002	0.015403710433022265
3.858929464732366	0.013316864739650807	0.01604291963801538
3.991995997998999	0.013806708370878284	0.016600649234444598
4.125062531265633	0.014360425769657882	0.017533137897874265
4.258129064532266	0.0148231953157491	0.01821436550416551
4.391195597798899	0.01513240525105784	0.0187019909096289
4.524262131065533	0.015441964510953225	0.019325065334866706
4.657328664332166	0.01566273052537172	0.0200813820431739
4.7903951975988	0.015907198370546827	0.020943879962591925
4.923461730865433	0.01624368408388873	0.021654252759859466
5.056528264132066	0.01677428225273874	0.022585771068976673
5.1895947973986996	0.01703646731857991	0.023406923645158104
5.3226613306653325	0.017327091772618132	0.02437892945477466
5.4557278639319655	0.01765700908091914	0.024950494020736198
5.588794397198599	0.017810978822607668	0.025595064737762553
5.721860930465232	0.018127617616636903	0.026167834063254347
5.854927463731865	0.018706397116057347	0.026704259750713083
5.987993996998499	0.019211333905633815	0.027573070532706755
6.121060530265132	0.01949606355060298	0.028435810422904124
6.254127063531766	0.019716451661531603	0.02930128508147895
6.387193596798399	0.019894293588265062	0.030209480028574556
6.520260130065032	0.02016263924543376	0.031073620505723907
6.653326663331666	0.020352875932138546	0.031983018463159915
6.786393196598299	0.02022415595100286	0.03277196024595337
6.919459729864933	0.020608686911436146	0.033261508942033315
7.052526263131566	0.02091623522223582	0.034013558507036495
7.185592796398199	0.021248100310848457	0.034503310831622586
7.318659329664833	0.021563163998008776	0.03544250065651719
7.4517258629314655	0.02202087932004895	0.03632395042915109
7.5847923961980985	0.022043167495975593	0.03702519031778492
7.717858929464732	0.02244585897559818	0.03739463068166171
7.850925462731365	0.022546920801165417	0.03770831885918184
7.983991995997998	0.02259588374842318	0.038224074970625625
8.117058529264632	0.022843657273432464	0.038892580994428425
8.250125062531266	0.02310834026904703	0.03964687053501093
8.383191595797898	0.02330419441645242	0.04037665339378505
8.516258129064532	0.023415970825314093	0.041086656234788604
8.649324662331166	0.023591323340373234	0.04186468756473075
8.782391195597798	0.02370848905190165	0.0425868597722384
8.915457728864432	0.02410680652366315	0.04303044935747418
9.048524262131066	0.02426020482875898	0.04382048525551411
9.181590795397698	0.024570325347138416	0.04476604389301472
9.314657328664332	0.024628277231326375	0.045407724297465056
9.447723861930966	0.024704652839042125	0.0461775897492318
9.5807903951976	0.025109104438539354	0.046547830953503955
9.713856928464232	0.025287992983746246	0.04711219818604944
9.846923461730865	0.025099380693586727	0.04787180615102662
9.9799899949975	0.025502015987561293	0.04868509440586991
10.113056528264131	0.025493850419998736	0.04918594713799831
10.246123061530765	0.02567752869120093	0.049679133451046305
10.379189594797399	0.025807352536519904	0.05027438070577934
10.512256128064031	0.026040944583238492	0.05071766816011914
10.645322661330665	0.026476352589643908	0.05124547583393541
10.778389194597299	0.0264655149395744	0.05162915609768439
10.911455727863931	0.02651542215018749	0.052338289559319844
11.044522261130565	0.026703589813808607	0.05285441586079989
11.177588794397199	0.027097498080132343	0.05373985919426417
11.31065532766383	0.027206045755938952	0.054267707739660186
11.443721860930465	0.027471539271912714	0.055024337100899955
11.576788394197099	0.02750908931556631	0.055645396853027586
11.70985492746373	0.027578638017973164	0.056520673189521024
11.842921460730365	0.027743370741737817	0.05742089564231771
11.975987993996998	0.027994100340564713	0.05802894888907645
12.109054527263632	0.027769276847841848	0.05862022946397426
12.242121060530264	0.027867202415936793	0.0595474622402692
12.375187593796898	0.027861105126026464	0.06006682745628292
12.508254127063532	0.027864433235112777	0.06070094358115818
12.641320660330164	0.027882640578177267	0.06136720390086453
12.774387193596798	0.027818471479131256	0.06167423763892867
12.907453726863432	0.027862083721864588	0.06269400619842175
13.040520260130064	0.027820096581047258	0.06312948022287812
13.173586793396698	0.027908181385386057	0.06395758185804264
13.306653326663332	0.027887394167669634	0.06457496190302393
13.439719859929964	0.02802405612757752	0.06529928347130044
13.572786393196598	0.0280602356108624	0.06579505733667773
13.705852926463232	0.02806928043962104	0.06668398628334155
13.838919459729865	0.02826647928376772	0.06727528026897782
13.971985992996498	0.028263060689507603	0.06803719975151168
14.105052526263131	0.02843021309402146	0.06870908424622613
14.238119059529765	0.02864128409222647	0.06897214515884446
14.371185592796397	0.02859221470571476	0.06921215752701897
14.504252126063031	0.02879652886903596	0.07040175656429848
14.637318659329665	0.029371776284736067	0.07113120495364406
14.770385192596297	0.029595982221251663	0.07179588362858413
14.903451725862931	0.029736745990087292	0.07228896489739679
15.036518259129565	0.030127614790179953	0.07268442733980825
15.169584792396197	0.03050445502925373	0.07352992461464646
15.302651325662831	0.03045785772800155	0.07399545973062818
15.435717858929465	0.030661117561418823	0.0741168819327488
15.568784392196097	0.03070382630537435	0.07387692786129575
15.70185092546273	0.030935354522852124	0.07452225476671416
15.834917458729365	0.031227150623488104	0.07490104448216728
15.967983991995997	0.03147487545452866	0.07534471523001261
16.101050525262632	0.03141065113718161	0.07598887273230703
16.234117058529264	0.031666767682233955	0.0760682473953374
16.367183591795897	0.03185895993609468	0.07643343846765165
16.500250125062532	0.03204084567672096	0.07664165636287405
16.633316658329164	0.03228262598002192	0.07688319596258654
16.766383191595796	0.032408440494111325	0.07751650809021789
16.899449724862432	0.032472599878223346	0.0780559392686072
17.032516258129064	0.03246375422365229	0.07837703685766279
17.165582791395696	0.032383043892004366	0.07872984206557718
17.298649324662332	0.032549403332884294	0.07941909108919813
17.431715857928964	0.032668964509384564	0.07973931288329819
17.564782391195596	0.032625969527209454	0.08003477468153866
17.69784892446223	0.032691180683708285	0.08096998797135524
17.830915457728864	0.03264776412733011	0.08079202737012264
17.963981990995496	0.03274172692338975	0.08162532858209003
18.09704852426213	0.03269838567836245	0.0820339804074109
18.230115057528764	0.03268130593316397	0.08235062486301377
18.363181590795396	0.03340171217689264	0.08277965516292148
18.49624812406203	0.03325232823332758	0.08318335277258096
18.629314657328663	0.03327953788527669	0.08353080763186745
18.762381190595296	0.03350220296452355	0.08452832444347912
18.89544772386193	0.033599663972967014	0.08505120531050347
19.028514257128563	0.03349604063819404	0.08566210134130776
19.1615807903952	0.03335971566815748	0.0857007889766552
19.29464732366183	0.033485460051387216	0.0865735717492139
19.427713856928463	0.033304232703848274	0.08724996469321769
19.5607803901951	0.033497619219251686	0.08799866635495383
19.69384692346173	0.0338447180719194	0.0884938179572936
19.826913456728363	0.03371653989164711	0.08876912846258964
19.959979989995	0.03403808950044621	0.08858867817971812
20.09304652326163	0.034170481537354074	0.0887705229477777
20.226113056528263	0.03456011686384727	0.08894617843129371
20.3591795897949	0.03482643904772382	0.08897554678478871
20.49224612306153	0.03489383672540504	0.08955737220259433
20.625312656328163	0.035180314950845545	0.08981701963127825
20.758379189594798	0.03554393183486277	0.09045138005176921
20.89144572286143	0.035671311929474564	0.09120474564535871
21.024512256128062	0.0358701952710847	0.09157167862080265
21.157578789394698	0.03609223001220091	0.09189468083370207
21.29064532266133	0.03656327557332845	0.09179630013981491
21.423711855927962	0.03657217661968684	0.09220583970199993
21.556778389194598	0.03678407886938692	0.09221581779665455
21.68984492246123	0.03698650493576437	0.0923083009303356
21.822911455727862	0.037105028999574574	0.09283761820317343
21.955977988994498	0.03691777575792504	0.09280055559265064
22.08904452226113	0.03743592066183328	0.09326136438065939
22.222111055527762	0.037425520344862184	0.09317948519802041
22.355177588794398	0.03737304775949099	0.09333848706659262
22.48824412206103	0.037181729872084034	0.09329116361376834
22.62131065532766	0.0372606971768849	0.09346281225440863
22.754377188594297	0.03733109755886154	0.09374270896022312
22.88744372186093	0.03742571647394893	0.09407477917527085
23.02051025512756	0.037409876808408335	0.0939594197812519
23.153576788394197	0.037769694096108954	0.09403787829753894
23.28664332166083	0.03763252449635575	0.09468316953689773
23.41970985492746	0.037923502189357076	0.09486636508374258
23.552776388194097	0.03810369413753536	0.09508114117695332
23.68584292146073	0.038139073106785756	0.0957065823739335
23.818909454727365	0.038086473080730536	0.09609142671642333
23.951975987993997	0.03803421802510791	0.09631499171243083
24.08504252126063	0.03814271002546801	0.09598724797918445
24.218109054527265	0.03812020562947827	0.09596333130027339
24.351175587793897	0.03818347958376776	0.09623537416183144
24.48424212106053	0.038083987042208486	0.09643061431957885
24.617308654327164	0.038176523285844664	0.09665277641076366
24.750375187593797	0.03867738151753307	0.09682437822355408
24.88344172086043	0.0386851189240245	0.09730220788628725
25.016508254127064	0.0387667831423637	0.09822642729194689
25.149574787393696	0.03913231916888953	0.09805544700336936
25.28264132066033	0.03913770991268974	0.09863838679262953
25.415707853926964	0.0392046487072646	0.0982439837967109
25.548774387193596	0.03912312479410287	0.09842846426612929
25.68184092046023	0.03905292097316219	0.09898761685220236
25.814907453726864	0.03916199137320449	0.09924160689274517
25.947973986993496	0.03910931012858911	0.0991243950122705
26.081040520260128	0.039088396798728074	0.09942290284649795
26.214107053526764	0.039016962382345394	0.09941366981703689
26.347173586793396	0.03892800798546332	0.09924565027762247
26.480240120060028	0.03892805384196379	0.0992151248108024
26.613306653326664	0.0391583341399929	0.09971757670664763
26.746373186593296	0.03921172179565353	0.09977129913179801
26.879439719859928	0.03895471867110238	0.10015886766133533
27.012506253126563	0.03879751944205871	0.1004721711406471
27.145572786393195	0.038807818567468975	0.10057542332210469
27.278639319659828	0.03885445043864712	0.10122541961280367
27.411705852926463	0.038980458552176675	0.10130859291438753
27.544772386193095	0.039194683863248314	0.10119444362499065
27.67783891945973	0.03937260195945672	0.1015137428138705
27.810905452726363	0.03966222566857027	0.10122062523592654
27.943971985992995	0.03935933457560482	0.10111601265263001
28.07703851925963	0.0394158991167989	0.10164017382747631
28.210105052526263	0.0394626701873636	0.1017353312815866
28.343171585792895	0.03937695428002883	0.10153682427365796
28.47623811905953	0.039371647814110386	0.10156226715581326
28.609304652326163	0.039295879855151296	0.10181696489160429
28.742371185592795	0.03946564047339618	0.10227411144382635
28.87543771885943	0.039559468731113996	0.10235819227953333
29.008504252126063	0.03953011807618106	0.10211701540855285
29.141570785392695	0.03963600352009993	0.10216177577985765
29.27463731865933	0.03993931120869576	0.10285739307507505
29.407703851925962	0.03982284369760283	0.10278539746519563
29.540770385192594	0.03990493430133429	0.10251458362798377
29.67383691845923	0.03984300033272397	0.10238391800949723
29.806903451725862	0.04014662739736882	0.10293166394052927
29.939969984992494	0.04005954689594736	0.10351425366493673
30.07303651825913	0.04009063573879867	0.10299151830381827
30.206103051525762	0.04006364683033501	0.10309673477779153
30.339169584792394	0.04013025982761424	0.10331060034875604
30.47223611805903	0.04035455120789079	0.10313520005416703
30.605302651325662	0.040505384774914464	0.10342180307780552
30.738369184592294	0.04071587649279907	0.10329029335418503
30.87143571785893	0.040919283310551904	0.10354059205954433
31.00450225112556	0.04096403041165622	0.10405581719265869
31.137568784392194	0.04109257033720321	0.10388584742008397
31.27063531765883	0.040993053873842014	0.10356709952111752
31.40370185092546	0.04081681004130517	0.1032578702458834
31.536768384192094	0.041009945754746056	0.10323559892800242
31.66983491745873	0.04119301496364527	0.10323242740311318
31.80290145072536	0.04105696907939387	0.10348558918949267
31.935967983991993	0.04107927765389058	0.1041295795164243
32.06903451725863	0.04093640732587511	0.10420701513924574
32.202101050525265	0.04101164048316813	0.10488174321258074
32.33516758379189	0.04134659968085767	0.10516419508682381
32.46823411705853	0.041272580633867934	0.1051226478479591
32.601300650325165	0.041207051142284144	0.1054168809371586
32.73436718359179	0.041222603036577016	0.10592324971858867
32.86743371685843	0.04153133830610142	0.10619988683239083
33.000500250125064	0.04160520795415299	0.10617536355621524
33.13356678339169	0.041776018118746865	0.10594839360300386
33.26663331665833	0.041904527309513	0.10597330846715736
33.399699849924964	0.041899558388846896	0.1058986180959432
33.53276638319159	0.04209064527989906	0.10602886822549278
33.66583291645823	0.04197013898962751	0.1059169915811309
33.798899449724864	0.04189055228785175	0.10575567007192663
33.93196598299149	0.04199481082171361	0.10562738211352547
34.06503251625813	0.04192176293455363	0.10590899345130503
34.198099049524764	0.04182799055898479	0.10608299096890318
34.33116558279139	0.0415931067740094	0.10561974752455297
34.46423211605803	0.041797722377585333	0.10636411658391916
34.597298649324664	0.04195362908164476	0.10676141043060561
34.73036518259129	0.042325604946183946	0.10706570485090104
34.86343171585793	0.04274930005782312	0.10762315799863931
34.99649824912456	0.04265304131091128	0.10773539306680996
35.12956478239119	0.042523690293019986	0.10771192436670149
35.26263131565783	0.04253468236290733	0.1076040929096251
35.39569784892446	0.042349323694064425	0.10773198242272682
35.52876438219109	0.04243603809768315	0.10772885187575268
35.66183091545773	0.04285470620539977	0.10806326953678556
35.79489744872436	0.042909232449464305	0.10840617601732909
35.92796398199099	0.0428496818550653	0.10871098326468584
36.06103051525763	0.042984717407550686	0.10865016664357426
36.19409704852426	0.04292346538825134	0.1088493326710071
36.32716358179089	0.04336997037319074	0.10907560962839562
36.46023011505753	0.043690492864389883	0.10983499372739232
36.59329664832416	0.04365339030297802	0.11008049714761488
36.72636318159079	0.04370195938816071	0.1104554789761425
36.85942971485743	0.0437356827622723	0.11043389610550002
36.99249624812406	0.043698108416565434	0.11062893554756298
37.12556278139069	0.04339618919965992	0.1109953252050509
37.25862931465733	0.04373196997150914	0.11149806669248312
37.39169584792396	0.043802289863397785	0.11197060720486153
37.52476238119059	0.04388964249944549	0.11186634662293544
37.65782891445723	0.04369551702806039	0.11235399320785684
37.79089544772386	0.04363541695761231	0.11285960600701818
37.92396198099049	0.04384357711969685	0.11294350591872583
38.05702851425713	0.04407551026151362	0.11260268992399182
38.19009504752376	0.04375080045575039	0.11261588982343075
38.3231615807904	0.04388591233387091	0.11245063463591093
38.456228114057026	0.04379298084514665	0.11242999491823416
38.58929464732366	0.04384194804228996	0.11230857481252174
38.7223611805903	0.044159871759392594	0.11210194516385016
38.855427713856926	0.044340944792323624	0.11258389637545883
38.98849424712356	0.04446449258828532	0.11255419774907167
39.1215607803902	0.04439522745386052	0.1123544314538114
39.254627313656826	0.044148233191101297	0.11230517975760185
39.38769384692346	0.0443944177201655	0.11243367507431173
39.5207603801901	0.04472355407691259	0.11249703613225351
39.653826913456726	0.044457386281784694	0.11280263234126892
39.78689344672336	0.04473548541350909	0.11309488328853246
39.91995997999	0.0445076626518778	0.11334758133841917
40.053026513256626	0.044269675098746346	0.11333779151218581
40.18609304652326	0.04437218101462085	0.11326625537757767
40.3191595797899	0.04436704459347705	0.11290817590251571
40.452226113056525	0.04444006415875346	0.11327818974255946
40.58529264632316	0.04451166955278452	0.11395756260236381
40.7183591795898	0.04465213628010437	0.11373870319111472
40.851425712856425	0.04477527283301106	0.11402552608472748
40.98449224612306	0.04466855974652107	0.11446924275647605
41.1175587793897	0.0443421290401617	0.11469992943334908
41.250625312656325	0.04439040529188893	0.11482654705484485
41.38369184592296	0.044361671042174936	0.11441293379788564
41.516758379189596	0.04449232449721467	0.11398535477598916
41.649824912456225	0.04466613697611324	0.114211297105242
41.78289144572286	0.04464963988251109	0.11435155596032674
41.915957978989496	0.04502916697169599	0.1144401016264352
42.049024512256125	0.044960133040959555	0.11457078929619646
42.18209104552276	0.04488867881350457	0.1150659220196959
42.315157578789396	0.04469040755919604	0.11509819075047187
42.448224112056025	0.045077443674992605	0.11511960696982394
42.58129064532266	0.04487412757799022	0.11498366617811537
42.714357178589296	0.04505432961957147	0.11451458434776002
42.847423711855924	0.04503588479656152	0.11465423874347287
42.98049024512256	0.045517345412845286	0.11455915329613453
43.113556778389196	0.045997886042290735	0.11508846451556853
43.246623311655824	0.04618488863743281	0.1153304665770115
43.37968984492246	0.046161412066287995	0.11509480479940903
43.512756378189096	0.04619495793057432	0.11513263214240217
43.645822911455724	0.04620859297637742	0.11493441192502349
43.77888944472236	0.04640618772291448	0.11498248538108283
43.911955977988995	0.04633919186512752	0.11516645175586715
44.045022511255624	0.04645623568022503	0.11542572429789838
44.17808904452226	0.04651292061327803	0.11532059483421767
44.311155577788895	0.046646832586030834	0.11570218795749083
44.444222111055524	0.046642864723675584	0.11548022033164072
44.57728864432216	0.04673701132206743	0.11502566512223476
44.710355177588795	0.04651468522387044	0.11441392924883582
44.843421710855424	0.046604975709422895	0.11458086016606543
44.97648824412206	0.046647823096611904	0.1144184606930366
45.109554777388695	0.046543216077639095	0.11464481813888547
45.24262131065532	0.04670384060222094	0.11526747045974198
45.37568784392196	0.046650110199991275	0.1154677491603124
45.508754377188595	0.04660297331727453	0.1154502321545869
45.64182091045522	0.046647587889964134	0.11504758541699248
45.77488744372186	0.04661248876858216	0.11527610010683612
45.907953976988495	0.046400065885781605	0.1156539658775851
46.04102051025512	0.04615014739354277	0.1155017097991322
46.17408704352176	0.04645936980911846	0.11591764384645983
46.307153576788394	0.04667416260896038	0.11674631599845739
46.44022011005502	0.047054483664701434	0.11645584534940594
46.57328664332166	0.046868771154497425	0.11692338032135158
46.706353176588294	0.046850143759543314	0.11713338275448641
46.83941970985492	0.04676174697884587	0.11704916282266685
46.97248624312156	0.046910724586457855	0.1172082535211211
47.105552776388194	0.04692104689077439	0.11677152150944137
47.23861930965483	0.04686791124714423	0.11645598078420155
47.37168584292146	0.046875822591082424	0.11724544101555068
47.504752376188094	0.04687570477133192	0.1172863623567445
47.63781890945473	0.04724875695104362	0.11707155753199792
47.77088544272136	0.04735954979644814	0.11699728356123101
47.903951975987994	0.04718207753352542	0.11693979857664474
48.03701850925463	0.04743759114558592	0.11683093369267833
48.17008504252126	0.04738284814906798	0.11642066388052069
48.30315157578789	0.04783656917898684	0.11622892150818963
48.43621810905453	0.04775655159383982	0.1164952047797323
48.56928464232116	0.04768450644175088	0.11642924672973605
48.70235117558779	0.0476071859071954	0.116322611381112
48.83541770885443	0.04771020135399564	0.11671632616804756
48.96848424212106	0.047812284050243944	0.11662448375832943
49.10155077538769	0.04803488117981939	0.11658701021272205
49.23461730865433	0.0476693902114874	0.11676981021051461
49.36768384192096	0.04768872062378943	0.11696114200204488
49.50075037518759	0.04766452272823621	0.11746646459299326
49.63381690845423	0.04771885695812502	0.11783857391644026
49.76688344172086	0.04782972876686061	0.11774703267227786
49.89994997498749	0.04802205195103621	0.11771548531380174
50.03301650825413	0.048058322672076166	0.11808471638913824
50.16608304152076	0.04804518523279335	0.11818655814047171
50.29914957478739	0.04819762986459284	0.1184500538451294
50.43221610805403	0.04845102427385726	0.11880704027666533
50.56528264132066	0.04850203497416699	0.11848007145304466
50.69834917458729	0.04845027434519288	0.1188820299225983
50.83141570785393	0.04859791009777425	0.11877124335593627
50.96448224112056	0.0488758425952248	0.11889461089229517
51.09754877438719	0.04870493445228759	0.11847638001186155
51.23061530765383	0.04877021036015178	0.1190322047186541
51.36368184092046	0.04851710157724893	0.11943011671094908
51.49674837418709	0.04862387143038079	0.11954172553247354
51.62981490745373	0.048737165470733715	0.11952972406967147
51.762881440720356	0.0485396328174091	0.11928409899214967
51.89594797398699	0.04872874285779211	0.11883675598051159
52.02901450725363	0.04853892776927669	0.11885750052377919
52.162081040520256	0.048627661717786784	0.11899735854948032
52.29514757378689	0.04897924104715259	0.11935439605117518
52.42821410705353	0.04920303248372641	0.11913985580112421
52.561280640320156	0.04946497371868973	0.11990408070882062
52.69434717358679	0.04939799533800512	0.11967470122536693
52.82741370685343	0.049254391737269664	0.11943437727440294
52.960480240120056	0.04937549384479253	0.1192925684007688
53.09354677338669	0.04950492713403625	0.1198990681463082
53.22661330665333	0.049640315254967045	0.1192598440396021
53.359679839919956	0.04961303313558939	0.11911300489145443
53.49274637318659	0.04929512258159381	0.11906817790850853
53.62581290645323	0.049295556090992	0.11905604606074884
53.758879439719855	0.04961026411543526	0.1188306450762654
53.89194597298649	0.04973275337629036	0.1191730209421115
54.02501250625313	0.04956250135126379	0.11935754683533945
54.158079039519755	0.04944601505421978	0.11966381150255007
54.29114557278639	0.04935858808479419	0.11942190922462058
54.42421210605303	0.04933967252088413	0.11973905916502414
54.557278639319655	0.0490335002762166	0.11970251339500547
54.69034517258629	0.04900531016177015	0.12010231309704648
54.823411705852926	0.04879368173508917	0.12041120056697173
54.956478239119555	0.04889887551461824	0.1201836646053514
55.08954477238619	0.04893440928231536	0.1206203822511839
55.222611305652826	0.048746135973873464	0.12088459199242428
55.35567783891946	0.048874923497970256	0.12131184334194962
55.48874437218609	0.04881639377261692	0.1214440283302366
55.621810905452726	0.048818606714582734	0.12152501554791768
55.75487743871936	0.049035999386436595	0.12161898464840137
55.88794397198599	0.0489660900853434	0.12232553371538979
56.021010505252626	0.04868016003500641	0.12187322504334541
56.15407703851926	0.04881199721436093	0.12200872013616458
56.28714357178589	0.048744207367060394	0.12178138298337964
56.420210105052526	0.04900244607692938	0.12174250142610409
56.55327663831916	0.04905724697515805	0.12146389994235299
56.68634317158579	0.04903526186396468	0.12103170955829148
56.819409704852426	0.04914513174401615	0.12135157860100705
56.95247623811906	0.04885428499770811	0.12157499814585362
57.08554277138569	0.049068321536651624	0.1210446440999324
57.218609304652325	0.04920396760041118	0.12087574955683783
57.35167583791896	0.04945347222142022	0.12092942692377737
57.48474237118559	0.04937539443374906	0.1208469616798915
57.617808904452225	0.04929332621807299	0.1212955830541984
57.75087543771886	0.04927633491458665	0.12170788355236531
57.88394197098549	0.04956980116332866	0.12192640147949754
58.017008504252125	0.04948615748465036	0.12267931393017176
58.15007503751876	0.0493601120840409	0.1232695182005965
58.28314157078539	0.049598216101204615	0.12312940778856647
58.416208104052025	0.049585458348465894	0.12348744388686252
58.54927463731866	0.04974862439724464	0.12403738240890026
58.68234117058529	0.04944373740957282	0.12397873285049624
58.815407703851925	0.049376379370672976	0.1240472926853282
58.94847423711856	0.04956744462336606	0.12403653950810486
59.08154077038519	0.04985731631940436	0.12407813643880768
59.214607303651825	0.0498866108298647	0.12428289178811419
59.34767383691846	0.05000038671522698	0.12412278570420104
59.48074037018509	0.05027120961542786	0.1239409128894137
59.613806903451724	0.05013256896239854	0.12379691348150407
59.74687343671836	0.05024035045636244	0.12360708023047055
59.87993996998499	0.050257962082354175	0.1232620854260195
60.013006503251624	0.050729827741342895	0.1234495270292296
60.14607303651826	0.050847955956024427	0.12354458591674745
60.27913956978489	0.05094103932376192	0.12365113593141792
60.412206103051524	0.05106343131201301	0.1236732846157807
60.54527263631816	0.05109215529398539	0.1236141859571767
60.67833916958479	0.050957460940254974	0.12360565025074972
60.811405702851424	0.05105006612775348	0.1237536121782036
60.94447223611806	0.05086451784141928	0.12368191437373095
61.07753876938469	0.050456083820209364	0.12356840649913323
61.210605302651324	0.05051437983078925	0.12396241350185785
61.34367183591796	0.050516344117192004	0.12387610433325906
61.47673836918459	0.050450711965673516	0.123684334218963
61.60980490245122	0.050355549639899244	0.1239344730611396
61.74287143571786	0.050370642485569196	0.12411034577595739
61.87593796898449	0.05043806411024158	0.1243157942165727
62.00900450225112	0.050643875381381924	0.12484167231089195
62.14207103551776	0.05087794787878979	0.1253046798310828
62.27513756878439	0.051046134362262775	0.1251389035379975
62.40820410205102	0.051232070921982426	0.12549473701217595
62.54127063531766	0.051257696164422696	0.12592608669057065
62.67433716858429	0.0511779190754627	0.12616727087160898
62.80740370185092	0.0512663360198386	0.12612078226955048
62.94047023511756	0.05092895882957243	0.12561541261715678
63.07353676838419	0.050912344571641586	0.12555427298010227
63.20660330165082	0.05066730361074862	0.12575608637757313
63.33966983491746	0.050634377590695286	0.125699123371117
63.47273636818409	0.05108343774260952	0.12553466886898787
63.60580290145072	0.05156183937376884	0.12550914084556494
63.73886943471736	0.05146881323270842	0.1258900123994819
63.87193596798399	0.05159384676192911	0.12600065912694564
64.00500250125063	0.051559230940020774	0.1264347573036837
64.13806903451726	0.05159455408070867	0.1261090782785477
64.27113556778389	0.05124329416255096	0.12614947233212803
64.40420210105053	0.05141170122369871	0.12628893762735685
64.53726863431716	0.051102443764950406	0.12618659810454738
64.67033516758379	0.05088674329406937	0.126646687961882
64.80340170085043	0.05103547951951299	0.12693193305149195
64.93646823411706	0.0511318341380594	0.1269179280517036
65.06953476738369	0.05157665115753167	0.12724611097413313
65.20260130065033	0.05171646371257453	0.1270975313807967
65.33566783391696	0.05167777796854338	0.12688862522591007
65.46873436718359	0.05165718282303463	0.12705261472299031
65.60180090045023	0.05191986637948523	0.1270974625758249
65.73486743371686	0.051903582964191175	0.1272666906548232
65.86793396698349	0.05199710198529983	0.12735099444175121
66.00100050025013	0.05213680380698038	0.12708259374474187
66.13406703351676	0.05243405575487711	0.12696891398453594
66.26713356678339	0.0525353150820004	0.12687136290556128
66.40020010005003	0.05266319878599694	0.1270713492621743
66.53326663331666	0.05263449845791674	0.12664962531523755
66.66633316658329	0.05236714433968614	0.12664574365347772
66.79939969984993	0.052351914862966725	0.1263929499718072
66.93246623311656	0.05235544378450575	0.12643171524187558
67.06553276638319	0.05237976170193151	0.1263311111762707
67.19859929964983	0.052176160140625	0.12624007497220893
67.33166583291646	0.05226646849295852	0.1263678636126582
67.46473236618309	0.05258810986655976	0.12606792785635654
67.59779889944973	0.052485489967293644	0.12583202486591524
67.73086543271636	0.05226751671960743	0.12618523714397328
67.86393196598299	0.05202336315350684	0.12595443302921838
67.99699849924963	0.052103760644129526	0.12572402502480137
68.13006503251626	0.05186959148892074	0.1254132857439255
68.26313156578288	0.051602283419102064	0.12487536048783139
68.39619809904953	0.05152464805425709	0.12486302677752273
68.52926463231616	0.05172941062174758	0.1252979343350068
68.66233116558278	0.051815059200008756	0.12481714359313803
68.79539769884943	0.05179714357878247	0.1249462053102281
68.92846423211606	0.05168356376677216	0.12496810110769903
69.06153076538268	0.052014234939780746	0.12497226617324905
69.19459729864933	0.052250142123279684	0.12486013235078472
69.32766383191596	0.05258542899823328	0.12482011014394546
69.46073036518258	0.05279516695906421	0.12481567333713395
69.59379689844923	0.052886290655741804	0.12465911471104595
69.72686343171586	0.05306027432923933	0.12497198441362292
69.85992996498248	0.053055639772751434	0.12540279163259438
69.99299649824913	0.05336028698693998	0.1255876923561528
70.12606303151576	0.053511657527658615	0.12584285442410703
70.25912956478238	0.05372688792900202	0.12534778910757632
70.39219609804903	0.05382802223917506	0.125198482230593
70.52526263131566	0.05421314767531258	0.12531828722899785
70.65832916458228	0.054392910760454265	0.1259004753876357
70.79139569784893	0.0545484798568141	0.1259834675200438
70.92446223111556	0.05465766403240805	0.12538628000568383
71.05752876438218	0.05465136839294769	0.12526805657380205
71.19059529764883	0.05456671722605911	0.1251155090990824
71.32366183091546	0.05432748628651866	0.12502086493738834
71.45672836418208	0.05427263496741476	0.12483629014493128
71.58979489744873	0.054550534122440736	0.12456023031712236
71.72286143071535	0.054295858830809396	0.12484527006052104
71.85592796398198	0.054055505543558764	0.12494511040224573
71.98899449724863	0.054000815177199984	0.1247052414113016
72.12206103051525	0.054371707588068974	0.12438527278304096
72.25512756378188	0.05428094131546384	0.12432656198722108
72.38819409704853	0.05451772438342803	0.12465479012809587
72.52126063031515	0.05429469109859925	0.1246641041524167
72.65432716358178	0.054033900554065824	0.12482855124819708
72.78739369684843	0.05435500644677591	0.12511895876942328
72.92046023011505	0.054391137489351205	0.12481550604679345
73.05352676338168	0.054749343811271826	0.12479911014996273
73.18659329664833	0.05454060416556633	0.12463473423841737
73.31965982991495	0.054695936702473136	0.12485483952504563
73.45272636318158	0.05460218903317952	0.12467190719324832
73.58579289644823	0.05442331590330747	0.12465661329575199
73.71885942971485	0.0545257332714498	0.12445864599069027
73.85192596298148	0.0546823420749127	0.12472955396162995
73.98499249624813	0.05470356222879601	0.12508999238362
74.11805902951475	0.05461899877232714	0.12531433608293385
74.25112556278138	0.054660390067583144	0.12471823566624059
74.38419209604803	0.054792994879463895	0.12453367881352935
74.51725862931465	0.055018667248260426	0.12513956189771525
74.65032516258128	0.05503164834886957	0.12504923722628353
74.78339169584793	0.055198175939244656	0.12519944769433683
74.91645822911455	0.055162241762734696	0.1253950115719886
75.04952476238118	0.05545973667465437	0.12541068039470366
75.18259129564782	0.055608734067327484	0.1252248429405065
75.31565782891445	0.055854856194111645	0.12525157246263188
75.44872436218108	0.05597387350638877	0.12487029568363621
75.58179089544772	0.05633174121471788	0.12499466032134729
75.71485742871435	0.05622193345445777	0.12480853811277662
75.84792396198098	0.05599801741816424	0.12486762752808091
75.98099049524762	0.05598886949032855	0.12474110654663355
76.11405702851425	0.056084524910996816	0.12484827976737536
76.24712356178088	0.05604721615735456	0.12508866782010655
76.38019009504752	0.055964183601255386	0.12552077405062742
76.51325662831415	0.05559467785073873	0.12542844426567124
76.6463231615808	0.05579011879972036	0.12525282227830048
76.77938969484742	0.055916626972778216	0.12560416216636258
76.91245622811405	0.05616162584875411	0.12616644482592212
77.0455227613807	0.05637809115375441	0.1263765337849215
77.17858929464732	0.056471487433780054	0.12658047828966307
77.31165582791395	0.05639554028113521	0.12624286170010976
77.4447223611806	0.05647460256485381	0.12591958056470545
77.57778889444722	0.0565838392245347	0.12611963724063105
77.71085542771385	0.057098781620651747	0.12612629738660547
77.8439219609805	0.057162068479928524	0.1255798805006779
77.97698849424712	0.0571496647137351	0.12557164505394258
78.11005502751375	0.056878583748078235	0.12625067571596868
78.2431215607804	0.056747204467507376	0.12678550753376475
78.37618809404702	0.056814684429743655	0.1267033212842188
78.50925462731365	0.05683966707879481	0.12677146463553832
78.6423211605803	0.057116850538467524	0.12706396722631202
78.77538769384692	0.05738159890600359	0.12735228743704985
78.90845422711355	0.057435164075693525	0.12735542552837806
79.0415207603802	0.057439612417280385	0.12814346688020936
79.17458729364682	0.05710935443187351	0.1288323807922835
79.30765382691345	0.056653142535464794	0.12912736193871632
79.4407203601801	0.05636913054405127	0.12930310040455592
79.57378689344672	0.056526197824444714	0.12979771644682384
79.70685342671335	0.05667795873492949	0.12972782144969042
79.83991995998	0.05634794944139835	0.1298728736723712
79.97298649324662	0.05624057993601232	0.12983428206443434
80.10605302651325	0.056424428348316256	0.12962027151586458
80.2391195597799	0.05633446898446739	0.12973996741357624
80.37218609304652	0.05615085562440096	0.12984124415417134
80.50525262631315	0.056081442864582415	0.12938734871378138
80.6383191595798	0.0559247711216817	0.12940380654690847
80.77138569284642	0.05588244534236802	0.12943313088567196
80.90445222611305	0.05628499541537101	0.12933996283758586
81.0375187593797	0.05645385187591854	0.1291690398655609
81.17058529264632	0.05627903478725209	0.1286893148623267
81.30365182591295	0.05624627900287954	0.1288036233059397
81.4367183591796	0.05618072546888511	0.12919476445742387
81.56978489244622	0.056067474681633735	0.12898000969015772
81.70285142571285	0.05580261895276858	0.12926201129826828
81.8359179589795	0.055964806926009664	0.12977483597150466
81.96898449224612	0.05609274804410792	0.12973234938515563
82.10205102551275	0.05622379828585118	0.1296509510655953
82.2351175587794	0.05643578692867413	0.12940099501326216
82.36818409204602	0.056962767833275224	0.12921462146364712
82.50125062531265	0.05695795844559904	0.1291201106941361
82.6343171585793	0.056859629931762176	0.129031741499765
82.76738369184592	0.05691085968524719	0.1289925298921861
82.90045022511255	0.05650178560882226	0.12913131632569513
83.03351675837919	0.056662103964751784	0.12985279456329307
83.16658329164582	0.05689824959543851	0.13075989050392886
83.29964982491245	0.056783294582906374	0.13071114461942424
83.43271635817909	0.05662602766919057	0.13072472215403086
83.56578289144572	0.056279031268929865	0.13114614606486927
83.69884942471235	0.0564905078959023	0.1310983061757807
83.83191595797899	0.056906628328159264	0.13070856374247783
83.96498249124562	0.05702973989872289	0.13005470021548174
84.09804902451225	0.05690241245587338	0.12959667412598616
84.23111555777889	0.056971617167303513	0.1297759461507737
84.36418209104552	0.05684444495316537	0.12985166582230973
84.49724862431215	0.05694624465093667	0.12973465291689118
84.63031515757879	0.057004400745891824	0.12996469225362314
84.76338169084542	0.05723395339702727	0.13044851084565676
84.89644822411205	0.05725286679486051	0.13036568099541565
85.02951475737869	0.05735766680770071	0.13072800644704294
85.16258129064532	0.05742586430906772	0.1305806540136877
85.29564782391195	0.057261809581692226	0.13063686701149224
85.42871435717859	0.05705958992029717	0.13088297962247042
85.56178089044522	0.05685242873416373	0.13135313116191533
85.69484742371185	0.05711016308186764	0.13133095289361746
85.82791395697849	0.05740851970124105	0.13091918678210152
85.96098049024512	0.05736376466654141	0.130797290477917
86.09404702351175	0.05718167351008986	0.1306392855054823
86.22711355677839	0.05743468317632221	0.13075628874465506
86.36018009004502	0.057448265277563415	0.13091289293613637
86.49324662331165	0.057498617760250226	0.1312118120291057
86.62631315657829	0.05769746590082896	0.1312583724466602
86.75937968984492	0.05768397707366508	0.1313045837019505
86.89244622311155	0.057657798332108254	0.13125892798413585
87.02551275637819	0.057561060071314465	0.1314431819864299
87.15857928964482	0.057514274360579806	0.13160025666367114
87.29164582291145	0.05736948500877895	0.13148078304730482
87.42471235617809	0.05748677646733277	0.1310611979549923
87.55777888944472	0.05771060571147667	0.13057181391954972
87.69084542271135	0.05799656200876709	0.13031841269366087
87.82391195597799	0.05819624043795377	0.12991375692710763
87.95697848924462	0.058209623027910426	0.1296495372526265
88.09004502251125	0.05829468970343078	0.1299437240719801
88.22311155577789	0.05855508020414434	0.1303490249376405
88.35617808904452	0.058507325460388414	0.13001389161648125
88.48924462231115	0.05823056038317916	0.13026437731758653
88.62231115557779	0.058406108284294024	0.13075496547123977
88.75537768884442	0.058293756706467074	0.13076494756505433
88.88844422211105	0.058212355172088566	0.13058748907975423
89.02151075537769	0.058106256417145306	0.13091619689947007
89.15457728864432	0.05827135510718859	0.13086405768164935
89.28764382191095	0.058680697974392654	0.1305599829871656
89.42071035517759	0.058616169394073284	0.13071251645411694
89.55377688844422	0.0585599684910207	0.13081856704472367
89.68684342171085	0.05847619641155304	0.13062673844459272
89.81990995497749	0.05839766834191176	0.13033613812792272
89.95297648824412	0.0583695670434771	0.13033657931852988
90.08604302151075	0.05848812381601175	0.13079690404175587
90.21910955477739	0.05822731615779449	0.13096190813467626
90.35217608804402	0.05815692972505179	0.13111143732416064
90.48524262131065	0.058102270304332314	0.1313300671382859
90.61830915457729	0.05826569369683878	0.13148165176504495
90.75137568784392	0.05815296284608369	0.1317651414684768
90.88444222111055	0.0581472405430803	0.13216896744670878
91.01750875437719	0.05840013688260963	0.13218120068280373
91.15057528764382	0.05822095890553056	0.1321697439956408
91.28364182091045	0.05785131984114018	0.13217861349004345
91.41670835417709	0.05761203116890501	0.13206171411904744
91.54977488744372	0.057827661714837914	0.13155064469192013
91.68284142071035	0.05822667671284527	0.1317010182886182
91.81590795397699	0.058527049437437736	0.13207488255417132
91.94897448724362	0.05862460067492574	0.13172070548353068
92.08204102051025	0.05862937448087351	0.1318943722806344
92.21510755377689	0.05866794405405363	0.13195164382879937
92.34817408704352	0.05818609439534907	0.1320021494901794
92.48124062031015	0.05813226320822151	0.1316115893715031
92.61430715357679	0.058221360617053575	0.13170290466704312
92.74737368684342	0.058192233247059424	0.13199795422060118
92.88044022011005	0.05799822058054437	0.13187474515272876
93.01350675337669	0.058080024135230564	0.1319780164690602
93.14657328664332	0.05794034771993074	0.1319201194648856
93.27963981990995	0.0578579584934251	0.1323180504246772
93.41270635317659	0.05793705196093592	0.13217419722763343
93.54577288644322	0.057989432159227285	0.13191505367818887
93.67883941970985	0.05796593887161797	0.13202172052730823
93.81190595297649	0.05792313549013116	0.13174968547359242
93.94497248624312	0.05817602663269853	0.13146349428262766
94.07803901950976	0.05850050673419048	0.13124483996247596
94.21110555277639	0.05855011216157702	0.13113489779839194
94.34417208604302	0.05851574051706805	0.13118856283238206
94.47723861930966	0.05880963893922057	0.13101389555892717
94.61030515257629	0.058909510442886184	0.13110231390532676
94.74337168584292	0.05889081127408038	0.13182282300351544
94.87643821910956	0.05888164044181224	0.1321470057569612
95.00950475237619	0.059207698309764176	0.1315316008999039
95.14257128564282	0.059345077693863074	0.1313791109282484
95.27563781890946	0.059421175081178695	0.13151120735398622
95.40870435217609	0.05952796982959065	0.13169153261303623
95.54177088544272	0.059529619387577073	0.1319290812052289
95.67483741870936	0.05956622824350592	0.13219532469551645
95.80790395197599	0.05952764697374346	0.1323813168981966
95.94097048524262	0.059606339851310156	0.1322604566333271
96.07403701850926	0.05948859752597508	0.13228985731640852
96.20710355177589	0.059489786544675474	0.13268149940155025
96.34017008504252	0.05938962766945736	0.13280784746404525
96.47323661830916	0.05932719554228101	0.13326428838118545
96.60630315157579	0.05937083197036278	0.1333166599315234
96.73936968484242	0.05923640824653299	0.13335111994182708
96.87243621810906	0.059307924174930214	0.1333769447230059
97.00550275137569	0.059541649126692846	0.1332829364573347
97.13856928464232	0.059789584401573004	0.13318103048355032
97.27163581790896	0.05998060967523007	0.13306374679469107
97.40470235117559	0.06005862957651187	0.1330747512642443
97.53776888444222	0.0604164635258699	0.13309031988989672
97.67083541770886	0.060404458929137025	0.13296597594500748
97.80390195097549	0.060515259090077274	0.13340469915461906
97.93696848424212	0.060746409529517376	0.1336010277000832
98.07003501750876	0.060836646310075536	0.13362688046686824
98.20310155077539	0.06077440951468638	0.13369438276858164
98.33616808404201	0.06099206989632897	0.13370515694741725
98.46923461730866	0.06092110239517627	0.13388808782878447
98.60230115057529	0.06077003538045711	0.13392296121142674
98.73536768384191	0.06078777665585308	0.1336828449893473
98.86843421710856	0.060623291266691796	0.13343322942842628
99.00150075037519	0.060623548146927275	0.13356028222991959
99.13456728364181	0.06081435751954183	0.13391622643400888
99.26763381690846	0.06123921397092956	0.13359990670253677
99.40070035017509	0.06126980660700995	0.13333521113586902
99.53376688344171	0.06142480283181368	0.1333037114179095
99.66683341670836	0.06179456050468148	0.13291810325191625
99.79989994997499	0.061888405897548585	0.1322329649674283
99.93296648324161	0.06179052665542965	0.13277506205075096
100.06603301650826	0.06201512091288243	0.1327626213090594
100.19909954977489	0.062312134079678734	0.1328821687953742
100.33216608304151	0.06222949217241617	0.13340606716366704
100.46523261630816	0.06218052199739623	0.13302335893084233
100.59829914957479	0.06223627278706628	0.13350752471052563
100.73136568284141	0.06263011178604713	0.1335898605338958
100.86443221610806	0.06269622265543077	0.1335651164207808
100.99749874937469	0.06271712047254961	0.1337241699039156
101.13056528264131	0.06261618390728899	0.13416788948253514
101.26363181590796	0.06248004145225131	0.13444341240204508
101.39669834917459	0.06223545920403821	0.13419344028907423
101.52976488244121	0.062300340394423274	0.13403932144081254
101.66283141570786	0.062081679322127624	0.13411157481201755
101.79589794897448	0.06180402126235184	0.13403621257799
101.92896448224111	0.062061672100262484	0.1339965516718519
102.06203101550776	0.06222463086545576	0.13423406921236122
102.19509754877438	0.06252367888519042	0.13416548186628652
102.32816408204101	0.06239081463091427	0.13423873742914294
102.46123061530766	0.06224012340781147	0.1342162207767976
102.59429714857428	0.062191096993226176	0.1342332525288673
102.72736368184091	0.06203286127192133	0.13415607167889074
102.86043021510756	0.06204345695143373	0.134048344208338
102.99349674837418	0.06206476114653955	0.13362806109447456
103.12656328164081	0.062071106588446376	0.1335061426605402
103.25962981490746	0.0622253328025833	0.13348889904438538
103.39269634817408	0.06229714570141739	0.13372235589318235
103.52576288144071	0.06224056417724916	0.13400655123159314
103.65882941470736	0.062086307300912066	0.13394178655733616
103.79189594797398	0.061935706507302145	0.1340909683815063
103.92496248124061	0.06170978145815713	0.13420956111351737
104.05802901450726	0.061669882968656886	0.13424861271054017
104.19109554777388	0.06167468355291298	0.13420847489844986
104.32416208104051	0.06143654886482006	0.13394307270950562
104.45722861430716	0.06179130393268032	0.13439940676860498
104.59029514757378	0.06184949018437154	0.1347704981338462
104.72336168084041	0.061692948992553155	0.13508255193115656
104.85642821410705	0.06192217981895061	0.13542114187579907
104.98949474737368	0.06191305523467368	0.1353743312047862
105.12256128064031	0.061942098285584224	0.13529359790809195
105.25562781390695	0.06155142693550239	0.13534404639654277
105.38869434717358	0.061487631762252394	0.13523055730791045
105.52176088044021	0.06122603027161682	0.13503856047691967
105.65482741370685	0.06108473867650173	0.13497776185363355
105.78789394697348	0.06123980082590314	0.13537245111643986
105.92096048024011	0.06137955161933589	0.13526402375305888
106.05402701350675	0.061402697463714885	0.1348909881252682
106.18709354677338	0.06132471592380626	0.1353633424805415
106.32016008004001	0.06136278769477483	0.1356375766859567
106.45322661330665	0.06117667944146151	0.13533391141295933
106.58629314657328	0.06088754539666244	0.13509522683044747
106.71935967983991	0.06100578217198941	0.13551448698928298
106.85242621310655	0.06114160807567665	0.13579280569333108
106.98549274637318	0.06100398075201705	0.13578748154656647
107.11855927963981	0.060823278272655094	0.13563953659862973
107.25162581290645	0.06097588184378303	0.1354141612079038
107.38469234617308	0.06106711834169351	0.1352983436667902
107.51775887943971	0.061202826873651084	0.13565564186977405
107.65082541270635	0.0614871992903965	0.13560231911126966
107.78389194597298	0.061886302261953116	0.13557140787753985
107.91695847923961	0.062131978688264346	0.1354499125221804
108.05002501250625	0.06226636529197659	0.13490200188792806
108.18309154577288	0.06222932776239501	0.1351882385563505
108.31615807903951	0.06194366681955481	0.13536141013299605
108.44922461230615	0.061806533902934474	0.13507808199904028
108.58229114557278	0.06198892230228621	0.1346125577451396
108.71535767883941	0.06188467001924807	0.1346119762058352
108.84842421210605	0.06176203567772285	0.13491074170045878
108.98149074537268	0.06174393509758781	0.1350168528749508
109.11455727863931	0.06158495308410612	0.13534767968591618
109.24762381190595	0.06159091441713858	0.1352495548787644
109.38069034517258	0.06194586664520595	0.13495034202001718
109.51375687843921	0.06203232554782503	0.13492655899071196
109.64682341170585	0.061988626745745234	0.135174724116633
109.77988994497248	0.061916769554764335	0.13550694341832603
109.91295647823911	0.06190281810580287	0.1355668713957685
110.04602301150575	0.06226535436534321	0.13556771539635515
110.17908954477238	0.06259493906461863	0.13513331204702694
110.31215607803901	0.0627564360009731	0.13515920602716935
110.44522261130565	0.06262984420136349	0.13485652587846284
110.57828914457228	0.06239573165061968	0.134920040909921
110.71135567783892	0.06258668867887986	0.1350144309613854
110.84442221110555	0.06266328452109425	0.13495613101858417
110.97748874437218	0.0626793991968163	0.1350654093526776
111.11055527763882	0.06268238186428696	0.13464812570321336
111.24362181090545	0.06280959177695154	0.1346366517581472
111.37668834417208	0.06279551505368793	0.13477629229537005
111.50975487743872	0.06262549308462971	0.13419839171724857
111.64282141070535	0.06265904535840242	0.13434842625841645
111.77588794397198	0.06239087995455915	0.13471866414517147
111.90895447723862	0.06224618504814201	0.13426656677782609
112.04202101050525	0.062306662891698075	0.1341301624085832
112.17508754377188	0.062441328519399666	0.1340892402341298
112.30815407703852	0.0623500070716992	0.13415535400082468
112.44122061030515	0.061981208797110166	0.1340633261043786
112.57428714357178	0.06185513706207214	0.13394881407528933
112.70735367683842	0.061926422267820566	0.13385535508262908
112.84042021010505	0.06212513386943444	0.13398688166391837
112.97348674337168	0.06219104011447319	0.13397362497989096
113.10655327663832	0.06184621399889745	0.13389252349428926
113.23961980990495	0.06189869247251143	0.13395602048167163
113.37268634317158	0.06202509710240128	0.13383751602111973
113.50575287643822	0.06198216016604913	0.13416553331780054
113.63881940970485	0.06183407748967997	0.13438182013464964
113.77188594297148	0.06198291231464976	0.13404424944871565
113.90495247623812	0.06229451832141824	0.13418469513406672
114.03801900950475	0.0624290540478395	0.13487143357351167
114.17108554277138	0.06259378934416485	0.13510599586976502
114.30415207603802	0.06275391311420951	0.1350397681034419
114.43721860930465	0.06285365556177122	0.13499838814089685
114.57028514257128	0.06302702797126145	0.1352092359697076
114.70335167583792	0.06332413002618781	0.13535949018215748
114.83641820910455	0.06319068799614136	0.13534430854434762
114.96948474237118	0.06324042724387266	0.13547150889754994
115.10255127563782	0.06347146171967659	0.13541158019842914
115.23561780890445	0.06373556576898486	0.13536553046159058
115.36868434217108	0.06382680582414427	0.1359429928045388
115.50175087543772	0.06349637374393009	0.13614996169106303
115.63481740870435	0.0635563489706998	0.135974457480925
115.76788394197098	0.06363837906434587	0.1356286351310359
115.90095047523762	0.06353768029454966	0.13537609515095106
116.03401700850425	0.06335252907811151	0.13602295963327254
116.16708354177088	0.06294622349438196	0.13612493360121142
116.30015007503752	0.06289471464914424	0.13544015902464657
116.43321660830415	0.06293914488083552	0.13511784924536016
116.56628314157078	0.06264750425140117	0.1354292619430262
116.69934967483742	0.06279538184335794	0.1354118125004117
116.83241620810405	0.06316641789859585	0.13552856984873643
116.96548274137068	0.06316196312344445	0.13596252532076084
117.09854927463732	0.06318897656449358	0.13670105419459178
117.23161580790395	0.06332526411091872	0.13691902952127924
117.36468234117058	0.06319967614345509	0.13706693482212765
117.49774887443722	0.06320911288680395	0.13712562946323423
117.63081540770385	0.06340329029316566	0.13701999434329643
117.76388194097048	0.06346759862826212	0.1369398723472673
117.89694847423712	0.06354821407406822	0.13699400184050603
118.03001500750375	0.06359643395425146	0.13689700834191704
118.16308154077038	0.0638917367677518	0.1368902995678411
118.29614807403702	0.06370685557544163	0.1367972379603179
118.42921460730365	0.0635176544801569	0.13634581514560756
118.56228114057028	0.06382998770881407	0.1359784089664833
118.69534767383692	0.06367005898500588	0.13582896719209028
118.82841420710355	0.06346743473595572	0.13610199330700296
118.96148074037018	0.06346141059603869	0.13602182849154962
119.09454727363682	0.06377690092554758	0.13620962935572875
119.22761380690345	0.06410169285461563	0.13638090928984625
119.36068034017008	0.06418518940957227	0.13638216882115273
119.49374687343672	0.06435304457617072	0.13619153715677682
119.62681340670335	0.0641907948972491	0.1363230025188944
119.75987993996998	0.06406249615947433	0.13699182651532404
119.89294647323662	0.064100842659336	0.13751756468657936
120.02601300650325	0.06405607233725354	0.1374629727510223
120.15907953976988	0.06399254113081353	0.13772399063474242
120.29214607303652	0.06392287156120238	0.13759656675580825
120.42521260630315	0.06383683226663925	0.13733007903830363
120.55827913956978	0.0635453959195215	0.13763135476033414
120.69134567283642	0.06325113882675433	0.13817629624679353
120.82441220610305	0.06300675057635668	0.13818159997379978
120.95747873936968	0.06279560629119856	0.13794050903865962
121.09054527263632	0.06263039723940969	0.13801172304077208
121.22361180590295	0.06274911680448367	0.13785121274663364
121.35667833916958	0.0626683594884579	0.1382467056761181
121.48974487243622	0.06249729466750925	0.13864001650586058
121.62281140570285	0.06252119457346013	0.13841073497414663
121.75587793896948	0.062446575893172644	0.1385860211285304
121.88894447223612	0.06251977583765723	0.13863290589843658
122.02201100550275	0.06232875652578662	0.13864813467767162
122.15507753876938	0.06232456939803634	0.13909735425477432
122.28814407203602	0.06236452914961735	0.13981606683093306
122.42121060530265	0.062182527110193855	0.14023792599523704
122.55427713856928	0.06214858444893044	0.14015634743996186
122.68734367183592	0.061997523618200726	0.14008818786470262
122.82041020510255	0.06178242371589498	0.1402412345123913
122.95347673836918	0.061942672955225486	0.1403036461977129
123.08654327163582	0.06242595228113748	0.1401829642030356
123.21960980490245	0.0623809218647428	0.14033381267398892
123.35267633816908	0.062269749741496815	0.14012669216391607
123.48574287143572	0.06245967094464239	0.13984509705222353
123.61880940470235	0.06223275632161206	0.14007204509877877
123.75187593796898	0.062122655643507524	0.1398231062103467
123.88494247123562	0.06237999556105066	0.13983671262547745
124.01800900450225	0.062476227058180234	0.1399593019448617
124.15107553776888	0.06231167744249491	0.1398315862426448
124.28414207103552	0.061808694331447415	0.13981880259640478
124.41720860430215	0.06181001169982053	0.14005380729028863
124.55027513756878	0.06216834980772296	0.1401673058073614
124.68334167083542	0.06244104572471345	0.1400285882755267
124.81640820410205	0.06220520626655258	0.13971073995754632
124.94947473736867	0.06214829737101428	0.139344340854985
125.08254127063532	0.06239718726275931	0.13949017265422045
125.21560780390195	0.06256201162889118	0.13931686046874722
125.34867433716857	0.06252591960739398	0.1391074574732656
125.48174087043522	0.06254986156267442	0.13917899106467319
125.61480740370185	0.062415685252754954	0.13935365482481785
125.74787393696847	0.06266778106058044	0.1394751070977791
125.88094047023512	0.06270813614342154	0.13898854563504043
126.01400700350175	0.06251426127829271	0.13934490554560924
126.14707353676837	0.06253182235911364	0.1398534671024616
126.28014007003502	0.062455763674420184	0.13973341137194878
126.41320660330165	0.062309486493875216	0.13991413931355406
126.54627313656827	0.06217673663293593	0.14018400690597588
126.67933966983492	0.06221810656066068	0.1399950491378458
126.81240620310155	0.062121111464016804	0.13987379465589347
126.94547273636817	0.06235092070141547	0.13999687831821142
127.07853926963482	0.062458686085097845	0.13961500739978425
127.21160580290145	0.06239595119413	0.139434661815429
127.34467233616807	0.06246927256959844	0.13970560107503915
127.47773886943472	0.06259721267661955	0.13931602628039955
127.61080540270135	0.06252254427133648	0.13890109380948254
127.74387193596797	0.062385876220430084	0.13905994865772442
127.87693846923462	0.06224919820301714	0.13874896439957266
128.01000500250126	0.0624396047675903	0.1383428991860001
128.1430715357679	0.06295730241030316	0.13855288583200898
128.27613806903452	0.06302093905006301	0.13856961643861765
128.40920460230114	0.0628661499666614	0.1383816163651124
128.54227113556777	0.06287841871010366	0.13849703266631117
128.6753376688344	0.06290846401464796	0.13806489741697742
128.80840420210106	0.06285608597692124	0.13804582665902923
128.9414707353677	0.06229769136015017	0.1381095931027054
129.07453726863432	0.06214498547122269	0.13765604336874282
129.20760380190094	0.06233348684711907	0.1378100755811729
129.34067033516757	0.06216413349432127	0.13802505150053326
129.4737368684342	0.06220014497925192	0.1379957220305387
129.60680340170086	0.06226744918766555	0.13757929663840163
129.7398699349675	0.06250999431038419	0.13732861343169364
129.87293646823412	0.06266451204339274	0.13750781016130595
130.00600300150074	0.06253815906691328	0.13759886550236275
130.13906953476737	0.06254988252053348	0.13735445720671063
130.272136068034	0.0627177360585963	0.13711082436828764
130.40520260130066	0.06307123212046344	0.13694695817043384
130.5382691345673	0.06329705707558711	0.13662614155989886
130.67133566783392	0.06327003133729464	0.13654009741563988
130.80440220110054	0.06289851702282022	0.13666702936770075
130.93746873436717	0.0624982712659088	0.1370242356346521
131.0705352676338	0.06264083105337521	0.1371718012219534
131.20360180090046	0.06305570382212024	0.13703809481037532
131.3366683341671	0.0630719182242076	0.13722881593081815
131.46973486743371	0.0630370294764481	0.13697275315502716
131.60280140070034	0.06299264091911022	0.1368465588079001
131.73586793396697	0.06317218615842003	0.1373129179900438
131.8689344672336	0.06339287115133989	0.13704169119331927
132.00200100050026	0.06350188226665605	0.13677838004417808
132.1350675337669	0.0636730723365623	0.13689896274136543
132.26813406703351	0.06402725112074226	0.13672092951491402
132.40120060030014	0.06431499525671379	0.13662066561162065
132.53426713356677	0.06430067654658872	0.1365485647183017
132.6673336668334	0.06425764185631201	0.1366701770818354
132.80040020010006	0.06448247284711553	0.13628630941281764
132.93346673336669	0.06433158348186593	0.135861208799887
133.06653326663331	0.06417164725123374	0.1361581895443309
133.19959979989994	0.06444196477263682	0.13677713634509367
133.33266633316657	0.06471151054422672	0.13675943876244906
133.4657328664332	0.06470329594366549	0.13661533341721183
133.59879939969986	0.0647080294806502	0.13684193704116615
133.73186593296649	0.06476901011995266	0.13702374103429074
133.8649324662331	0.06446318938748366	0.13727412766096336
133.99799899949974	0.06437620144840013	0.13763910916324706
134.13106553276637	0.06428190656194685	0.13824674248965527
134.264132066033	0.0641518585503312	0.1380818152957293
134.39719859929966	0.06450655006614114	0.13773540412880672
134.53026513256629	0.06464234638050284	0.13764995975004377
134.6633316658329	0.0644169229657488	0.13734623498522933
134.79639819909954	0.06409368494778243	0.1371558268204109
134.92946473236617	0.06372800491669633	0.13702822881368393
135.0625312656328	0.06412588358710775	0.13684228302366985
135.19559779889946	0.06467074101740483	0.13665700400764152
135.32866433216608	0.06445868169660421	0.13654482206868854
135.4617308654327	0.06464878818651028	0.13667902557351672
135.59479739869934	0.06504451614274084	0.1368349728744801
135.72786393196597	0.06492802521541943	0.13714918777286905
135.8609304652326	0.0648712606244453	0.13744199863521556
135.99399699849926	0.06499575189528155	0.13750754337292834
136.12706353176588	0.0652139402893256	0.13772588519761655
136.2601300650325	0.06537014783171537	0.13758853377086827
136.39319659829914	0.06521273047306078	0.13756459604074509
136.52626313156577	0.06513308406627993	0.1375899974149036
136.65932966483243	0.06517431891157194	0.13678574439789373
136.79239619809906	0.0650349216903243	0.13696786618420334
136.92546273136568	0.06499207757861798	0.1372157532126991
137.0585292646323	0.06506137872261289	0.13710371528638735
137.19159579789894	0.06531093287988306	0.13761808514791646
137.32466233116557	0.06554620731949591	0.1380293278346704
137.45772886443223	0.06564509921458626	0.13787202717765837
137.59079539769886	0.06558877929650608	0.13734055825628583
137.72386193096548	0.0652811170120143	0.1371762097272766
137.8569284642321	0.06485955944713376	0.13716991696982433
137.98999499749874	0.06483566573625464	0.13697101987205684
138.12306153076537	0.06519884651194405	0.1369641043610832
138.25612806403203	0.06531960399404818	0.137391457949393
138.38919459729865	0.06508638724561985	0.13727367374160468
138.52226113056528	0.06528707894052997	0.13730051837733195
138.6553276638319	0.06551294646471428	0.13776143549072398
138.78839419709854	0.06550927298195723	0.13795556761380834
138.92146073036517	0.06537566257971016	0.13770512384490868
139.05452726363183	0.06526479014083023	0.13750412488363162
139.18759379689845	0.06545504026278641	0.1377257991572131
139.32066033016508	0.06555014792579816	0.13743261698467915
139.4537268634317	0.0655484852538313	0.13714360385182242
139.58679339669834	0.06546246090857867	0.13749135623814154
139.71985992996497	0.06559688471178977	0.13745885948017036
139.85292646323163	0.06582555696890512	0.1372518715558619
139.98599299649825	0.06592121416201742	0.13721710563363912
140.11905952976488	0.06605609716513774	0.13755285459902428
140.2521260630315	0.06614091984167052	0.13789202512434595
140.38519259629814	0.06612277443035094	0.13787392345749927
140.51825912956477	0.06644275265017813	0.1378216718060434
140.65132566283143	0.0665224186578782	0.13751466394312656
140.78439219609805	0.06631414660768595	0.1381949888254789
140.91745872936468	0.06605764626532744	0.13859603896257558
141.0505252626313	0.0660551476033918	0.13872977144709453
141.18359179589794	0.06566440324898268	0.1389877379567045
141.31665832916457	0.0651804655132582	0.13903585521643066
141.44972486243122	0.06516095017146657	0.13895910178046206
141.58279139569785	0.06515233810303524	0.13914562620437682
141.71585792896448	0.06530490446157851	0.13871395286996677
141.8489244622311	0.0654037845362913	0.13777741471079402
141.98199099549774	0.06535187632997239	0.1380082747779843
142.11505752876437	0.0653268489835276	0.1381840122154859
142.24812406203102	0.06512609213904291	0.13821572740825483
142.38119059529765	0.0649531058820765	0.1386419691661232
142.51425712856428	0.06497268009875047	0.13916460401195138
142.6473236618309	0.06456463395762371	0.1393339967509638
142.78039019509754	0.06444133576149064	0.13933764230648873
142.91345672836417	0.0645999641423472	0.13917519851114524
143.04652326163082	0.06475460110208302	0.13950722454437078
143.17958979489745	0.06466929741508644	0.13957473257783667
143.31265632816408	0.06454827637589956	0.13901693949110497
143.4457228614307	0.06443842686558528	0.13900517678713548
143.57878939469734	0.06429383705286038	0.13955116818160143
143.71185592796397	0.06423585513632094	0.13978960547299388
143.84492246123062	0.06420035543489866	0.13943342945319848
143.97798899449725	0.06422026457968102	0.139393925010916
144.11105552776388	0.0640670369531045	0.139372909022023
144.2441220610305	0.06416961772230227	0.1395767808542218
144.37718859429714	0.06393713262969775	0.14007872606203503
144.51025512756377	0.06379970548972089	0.14009619644518873
144.64332166083042	0.0639274449834345	0.13990969826057773
144.77638819409705	0.06395292618161326	0.13957470426069207
144.90945472736368	0.0642722646103042	0.13924671891226725
145.0425212606303	0.06445297768824323	0.13935716715134217
145.17558779389694	0.06422619614766623	0.13929751435039045
145.30865432716357	0.06437543621429286	0.1395746096975988
145.44172086043022	0.06452940158396292	0.1396635333755254
145.57478739369685	0.06444276081832417	0.13913709288421314
145.70785392696348	0.06469055168853838	0.1393156278588581
145.8409204602301	0.06508518544210891	0.13969420445671868
145.97398699349674	0.06506867824593128	0.13951523264033824
146.10705352676337	0.06501758552807983	0.13930337936729523
146.24012006003002	0.06495855526155343	0.1393738527411809
146.37318659329665	0.06478001864937406	0.13927971989095494
146.50625312656328	0.0646520456895384	0.1393886028331921
146.6393196598299	0.06438721159098705	0.13931159704104512
146.77238619309654	0.06455809926320367	0.13888331610864865
146.90545272636317	0.06497728169967179	0.1386555793852782
147.03851925962982	0.0649684852435696	0.1389237045489454
147.17158579289645	0.0649420145578418	0.1388341856486622
147.30465232616308	0.06488468913350978	0.13884657956749677
147.4377188594297	0.06459500615369752	0.1391400874110081
147.57078539269634	0.06454174388966033	0.13930853748841748
147.70385192596297	0.06450167603411851	0.1392342705629879
147.83691845922962	0.06467186854716693	0.13918063892116372
147.96998499249625	0.06508223620094673	0.13912221429998087
148.10305152576288	0.06547646571921181	0.13876489918192925
148.2361180590295	0.06534981235266382	0.13882179537760445
148.36918459229614	0.06517512652568606	0.138533794908351
148.50225112556276	0.06523283477675035	0.13835285637676378
148.63531765882942	0.06553425986022204	0.1384250399277783
148.76838419209605	0.06558703242921629	0.13851956414385433
148.90145072536268	0.0656492338407385	0.13849172997834722
149.0345172586293	0.06586797882382708	0.13870930042780788
149.16758379189594	0.0658124363518561	0.1389755983022522
149.30065032516256	0.06592435297164266	0.13917588118972135
149.43371685842922	0.06612257319418059	0.1391645219686973
149.56678339169585	0.0662385421676521	0.13905190661936098
149.69984992496248	0.06627715900103243	0.13935474024790065
149.8329164582291	0.06623751110236167	0.13959595090425134
149.96598299149574	0.06606994873166241	0.13987151525649025
150.09904952476236	0.06627024931287664	0.1397249648088569
150.23211605802902	0.0665124933032981	0.13997321941989616
150.36518259129565	0.0663844853622663	0.14011433455235411
150.49824912456228	0.06669015840190654	0.13992315436712355
150.6313156578289	0.06694154236375698	0.14002843651308625
150.76438219109554	0.06708979603849655	0.1399703890301881
150.89744872436216	0.06702259654442096	0.1402149675974209
151.03051525762882	0.06666266018447241	0.1404108156551694
151.16358179089545	0.06671985355542355	0.14027676900747163
151.29664832416208	0.06688141626426185	0.14026845503948937
151.4297148574287	0.06688846402964553	0.14061709632677408
151.56278139069533	0.06687601108439777	0.14045220269655836
151.69584792396196	0.06667103335225684	0.1401072228175093
151.82891445722862	0.066584104054641	0.14010547548424204
151.96198099049525	0.06679911732933241	0.13985755664123253
152.09504752376188	0.06659143433149205	0.13952154413116355
152.2281140570285	0.06655978684662278	0.13962386812832245
152.36118059029513	0.06674424073344393	0.14012995049011462
152.49424712356176	0.06672608045448218	0.14022402783669854
152.62731365682842	0.06674666916050238	0.14027673338080582
152.76038019009505	0.06664814606624496	0.1403905359827376
152.89344672336168	0.06633604217363182	0.140111738751189
153.0265132566283	0.06618303535056984	0.13969626047474948
153.15957978989493	0.0661373754256924	0.13937326159396177
153.2926463231616	0.06612956964551743	0.13960063649769947
153.42571285642822	0.0660884506082029	0.13965704710730206
153.55877938969485	0.06612890567920586	0.13936602696802933
153.69184592296148	0.06628761910625983	0.13921377650308037
153.8249124562281	0.06647334979977684	0.13928928267015855
153.95797898949473	0.0665277331715045	0.13967130550219312
154.0910455227614	0.06633053772380121	0.13992506505724456
154.22411205602802	0.06602401918762354	0.14017320379716233
154.35717858929465	0.066097780453922	0.1400650067088107
154.49024512256128	0.06612550331436123	0.14012129289908165
154.6233116558279	0.06603237183595786	0.1403994102982351
154.75637818909453	0.06641491891965087	0.14034519892819894
154.8894447223612	0.06648515570551579	0.14039747602236402
155.02251125562782	0.06616781247611922	0.14031337897834337
155.15557778889445	0.0663262775112894	0.1400020913318204
155.28864432216108	0.06646365881056446	0.14004722266915515
155.4217108554277	0.06668950458634319	0.14015746118494413
155.55477738869433	0.06693126440104923	0.1401074310172129
155.687843921961	0.06702842361614061	0.14024127244258594
155.82091045522762	0.06724809113980026	0.1402136105243763
155.95397698849425	0.06748180461154948	0.1399942322290188
156.08704352176088	0.06740279171624265	0.14005886047922614
156.2201100550275	0.06705730737362287	0.14000423566021097
156.35317658829413	0.06690819022110316	0.1402059452409751
156.4862431215608	0.06679780024148688	0.14007869398027398
156.61930965482742	0.06660984730335259	0.13991249123581284
156.75237618809405	0.06669643524675417	0.13979611866955663
156.88544272136068	0.0667360946960638	0.13980874128500617
157.0185092546273	0.06686382708414293	0.14034126886564005
157.15157578789393	0.06725768205173985	0.14055434141807532
157.2846423211606	0.06734368744998587	0.14073486693232934
157.41770885442722	0.0675240198925351	0.14065679218551536
157.55077538769385	0.06763910249811367	0.14049552184306816
157.68384192096048	0.0672998030920779	0.14047921691627818
157.8169084542271	0.06722175067493441	0.140404720063032
157.94997498749373	0.06703121427369158	0.14032318792142476
158.0830415207604	0.06682849868182174	0.14032958771798215
158.21610805402702	0.06685446428706121	0.13999719354583556
158.34917458729365	0.06683372366632383	0.14017311346512334
158.48224112056027	0.06718113130140507	0.14056231177495696
158.6153076538269	0.06711516042522522	0.14019782260705035
158.74837418709353	0.06680989940197733	0.13995075803848103
158.8814407203602	0.06679291872650901	0.13983024427657795
159.01450725362682	0.06650626788761914	0.13994031090966152
159.14757378689345	0.06606703460527898	0.14026335174477633
159.28064032016007	0.06599338819005818	0.14039999230794528
159.4137068534267	0.06601391042618525	0.14091486414019602
159.54677338669333	0.06614205561024718	0.1408764219730095
159.67983991996	0.06638501808769014	0.1408313506351358
159.81290645322662	0.06679151077417565	0.14106936750685917
159.94597298649325	0.0670498259715757	0.1410904603499335
160.07903951975987	0.06700960221502558	0.1407521563509528
160.2121060530265	0.06711295086641254	0.14059766426876943
160.34517258629313	0.06701523748504105	0.14115362938920656
160.4782391195598	0.06714140308740071	0.14166358975320528
160.61130565282642	0.06739718762462048	0.1417142052473517
160.74437218609305	0.06755247446668274	0.1415563076448637
160.87743871935967	0.06775001817311772	0.14140249568479127
161.0105052526263	0.06761728209044025	0.14157682780890332
161.14357178589293	0.06751183393705579	0.1417120811994152
161.2766383191596	0.06741043410585007	0.1414647137098672
161.40970485242622	0.06715524927992432	0.14174880697565084
161.54277138569284	0.06706427871315183	0.14181771214997985
161.67583791895947	0.06715093780279825	0.14167316432170027
161.8089044522261	0.06726746370080117	0.14143316511927595
161.94197098549273	0.0673677632939468	0.1413965063432588
162.0750375187594	0.06743758430005364	0.14170812914396744
162.20810405202602	0.06762632524192028	0.14145118859479205
162.34117058529264	0.06784454362854485	0.14121465723820364
162.47423711855927	0.06770115011001776	0.1409654142717131
162.6073036518259	0.06771087629438531	0.14093499093055264
162.74037018509253	0.06754308698683302	0.1412335897463473
162.8734367183592	0.0671939345929902	0.14103134579690624
163.00650325162582	0.06711650446668528	0.14066198748914197
163.13956978489244	0.06749537890186406	0.1399749984318925
163.27263631815907	0.06795074138193016	0.13999863561740272
163.4057028514257	0.06810423885592817	0.13997211777213878
163.53876938469233	0.06815308885647503	0.1399005223566338
163.671835917959	0.06777476238328634	0.13977705342888486
163.80490245122562	0.06743857521688636	0.14000561895959676
163.93796898449224	0.0676056878726433	0.14046115114401406
164.07103551775887	0.06758910894201729	0.14033615895072685
164.2041020510255	0.06734082054233018	0.1406708802545493
164.33716858429213	0.06738142744086564	0.14025711692897896
164.4702351175588	0.06746069836033838	0.1400093939325466
164.60330165082541	0.06729932115215075	0.14082871004680286
164.73636818409204	0.06724112203170601	0.1409550931042289
164.86943471735867	0.06726891926390886	0.14139852288593002
165.0025012506253	0.06705522976663614	0.14107846264936744
165.13556778389193	0.0669676498803353	0.14077819189798843
165.2686343171586	0.06682714533846691	0.1406941797532199
165.40170085042521	0.06684619975538666	0.1409434307566321
165.53476738369184	0.06671215415274045	0.14054594043300156
165.66783391695847	0.06654837866582308	0.14056915477098839
165.8009004502251	0.06667438801285237	0.14040898867638038
165.93396698349173	0.06693890059470252	0.140033845679287
166.06703351675839	0.0674805724934426	0.14001142251874837
166.20010005002501	0.06765678836038161	0.14005082459348023
166.33316658329164	0.06752644335454565	0.13998071769220632
166.46623311655827	0.06739986078657288	0.13974724968404947
166.5992996498249	0.06744052300371287	0.13976583052635183
166.73236618309153	0.06771987865054037	0.13980876949451637
166.86543271635819	0.0678923623662963	0.1402619980519959
166.9984992496248	0.06770920318289729	0.14067950452197903
167.13156578289144	0.06766471132050601	0.1410449556935832
167.26463231615807	0.06762687040972049	0.14130810242154204
167.3976988494247	0.06765482598712212	0.14123979010097856
167.53076538269133	0.06783733432241945	0.1410368600457151
167.66383191595799	0.06762388305647997	0.14085884117668712
167.7968984492246	0.06777252707021092	0.14122255604166511
167.92996498249124	0.06772315057942876	0.1415553171571728
168.06303151575787	0.06774113335740678	0.1413766481666848
168.1960980490245	0.06768786385441108	0.14130719141456446
168.32916458229113	0.06777081282659969	0.1412518627783536
168.46223111555778	0.06776065342799378	0.1417685832027771
168.5952976488244	0.06766242980949407	0.141910148432511
168.72836418209104	0.06773291479950988	0.1417092184931115
168.86143071535767	0.06788306220553847	0.1413772136284679
168.9944972486243	0.06804724043917948	0.1413527503767593
169.12756378189093	0.06812293050443718	0.1408230828485018
169.26063031515758	0.06822767821904527	0.14045598455868433
169.3936968484242	0.06825493294041717	0.14034074135058025
169.52676338169084	0.06811527473453315	0.14027347555068523
169.65982991495747	0.06801684855787174	0.14042694764478844
169.7928964482241	0.0680597817781497	0.14019723366931433
169.92596298149073	0.06822484997365887	0.14061361948616233
170.05902951475738	0.06843641472994906	0.1407172671840824
170.192096048024	0.06835157795279115	0.14018908050712295
170.32516258129064	0.06791497341439141	0.14042977264895717
170.45822911455727	0.06768456745433388	0.14068560976182826
170.5912956478239	0.06793308423951867	0.14108602415003715
170.72436218109056	0.06812463685303809	0.14129708470530622
170.85742871435718	0.06835802831618133	0.14197623590705663
170.9904952476238	0.06864772089657187	0.14168256303696197
171.12356178089044	0.06853102683680523	0.14144665206545795
171.25662831415707	0.06860043157907478	0.14097764624635187
171.3896948474237	0.0689305464754246	0.14105929262235567
171.52276138069035	0.06898152268158052	0.14113519612559908
171.65582791395698	0.06892929678506675	0.14066486052512575
171.7888944472236	0.06914338531798449	0.1404605874986271
171.92196098049024	0.06930475929836337	0.1406860802737846
172.05502751375687	0.06928362737430724	0.1410877338767311
172.1880940470235	0.0693897589349986	0.14081807638355595
172.32116058029015	0.06911792013965075	0.1401156627661323
172.45422711355678	0.06912414043018522	0.14043416708395615
172.5872936468234	0.06958144998872678	0.1405887290843664
172.72036018009004	0.06989658172621388	0.1410082771772813
172.85342671335667	0.06983985203171295	0.1414086312943724
172.9864932466233	0.0696955924829473	0.140807653889759
173.11955977988995	0.06998722590160764	0.14080821346002428
173.25262631315658	0.06978751090347698	0.14122781453765249
173.3856928464232	0.06980295623135968	0.1414274496284074
173.51875937968984	0.06974794223677502	0.1414596519144875
173.65182591295647	0.06943279391647746	0.14153509080644605
173.7848924462231	0.06949764331730005	0.14162278909164974
173.91795897948975	0.06929683760088845	0.14078692731601197
174.05102551275638	0.0690908513901192	0.14064015423232695
174.184092046023	0.0693756614018521	0.14067248193799192
174.31715857928964	0.06939141727633732	0.14103900212510495
174.45022511255627	0.06919896613336173	0.14175831848898804
174.5832916458229	0.06953794288608146	0.14165504322484618
174.71635817908955	0.07020116718154618	0.14123302020481543
174.84942471235618	0.07048936557458887	0.1412158892742232
174.9824912456228	0.07049512702028936	0.1414256955896503
175.11555777888944	0.07041386001611089	0.14154139575597055
175.24862431215607	0.07048032148105271	0.14156314234258327
175.3816908454227	0.07031517156294115	0.14172066208551828
175.51475737868935	0.07047595666127938	0.14175223933878703
175.64782391195598	0.0708161498222876	0.14148289829530006
175.7808904452226	0.07060117965746543	0.14135026284172134
175.91395697848924	0.07046422946707885	0.1415443403724515
176.04702351175587	0.07041045555003204	0.1413116729568869
176.1800900450225	0.06996419332064908	0.14111113907022094
176.31315657828915	0.06993666042041166	0.14149371130090332
176.44622311155578	0.07017351356846122	0.14144612846064322
176.5792896448224	0.07054076542519111	0.14166188632076568
176.71235617808904	0.0700222996771442	0.14157806232686046
176.84542271135567	0.0700328887179536	0.14157199808955456
176.9784892446223	0.07030069788225783	0.14172872938048658
177.11155577788895	0.07024747929961404	0.1417081759605033
177.24462231115558	0.07018942073874555	0.14167531734481648
177.3776888444222	0.07023933908765526	0.14246453143734902
177.51075537768884	0.07013703673189077	0.14279938340529091
177.64382191095547	0.07062503160473109	0.14209290042283518
177.7768884442221	0.07080373465736206	0.14219516375273583
177.90995497748875	0.0708612911653209	0.1418710475706631
178.04302151075538	0.07077609651205906	0.14149938435735804
178.176088044022	0.07065689527070142	0.14148947602546127
178.30915457728864	0.0707131797400597	0.1416307161624195
178.44222111055527	0.07055399172931688	0.14155982481927876
178.5752876438219	0.07027338660871307	0.14151510882873175
178.70835417708855	0.0702458096108323	0.14147160923087607
178.84142071035518	0.0699623716543321	0.1412897900631972
178.9744872436218	0.06995752213481769	0.14102647663319062
179.10755377688844	0.06995529620706764	0.14051329514302818
179.24062031015507	0.0698723476670801	0.1402800556371313
179.3736868434217	0.07012623061500305	0.13993658539088258
179.50675337668835	0.07011899082346529	0.13979659454609514
179.63981990995498	0.06999585851969387	0.13972374863590575
179.7728864432216	0.06997657156191883	0.1399099117856053
179.90595297648824	0.06990885324063785	0.13945223566591744
180.03901950975487	0.06958382485439628	0.13955677701567754
180.1720860430215	0.06950638261507179	0.13973650020806197
180.30515257628815	0.06935678030885148	0.13994328621130478
180.43821910955478	0.0694534549994983	0.14025050628546898
180.5712856428214	0.0692938249532795	0.14075613030328707
180.70435217608804	0.06940917695585407	0.1405290444091895
180.83741870935467	0.06959962995449723	0.14064890571906113
180.9704852426213	0.06943797264285352	0.14110227211151302
181.10355177588795	0.06936146284484353	0.14099498549239964
181.23661830915458	0.06915891969806828	0.14070348620669942
181.3696848424212	0.06939014447029918	0.1409038385320221
181.50275137568784	0.0694906674014439	0.1405152475406711
181.63581790895446	0.06925181860948823	0.14031236036557684
181.7688844422211	0.06937886586334828	0.14066969986125746
181.90195097548775	0.06953352799473575	0.14040961904366842
182.03501750875438	0.06973878205613004	0.14016212683996157
182.168084042021	0.07010077065812749	0.14012735774652366
182.30115057528764	0.06987905215231548	0.14036905769436653
182.43421710855426	0.06965964517895064	0.14059610293626398
182.5672836418209	0.06996721473121525	0.1399377719202709
182.70035017508755	0.06965557759034013	0.14010768716661823
182.83341670835418	0.06922206095702647	0.14027880757081573
182.9664832416208	0.06934870761986224	0.13985081991676665
183.09954977488744	0.06945847826515728	0.13969576947336734
183.23261630815406	0.06958780328706259	0.1395190012636717
183.3656828414207	0.06953890352224644	0.13960133310349238
183.49874937468735	0.06950188109145793	0.1394474545242304
183.63181590795398	0.06940134673826134	0.13935409071358892
183.7648824412206	0.0690126283377304	0.13972570914191426
183.89794897448724	0.06893508706290792	0.13939348643754385
184.03101550775386	0.06896882161397819	0.13976134659885456
184.1640820410205	0.06875755100808251	0.1398366451542733
184.29714857428715	0.06860413492999191	0.1399742612053576
184.43021510755378	0.06882919839747151	0.14001463827777993
184.5632816408204	0.0686283878354063	0.13996740443401764
184.69634817408703	0.06818011277276491	0.14045829510527522
184.82941470735366	0.06856443306333604	0.14066137950077034
184.9624812406203	0.06855400517380264	0.14066971506822057
185.09554777388695	0.0685730378148274	0.1409665691122976
185.22861430715358	0.06851058804119596	0.14114620968953925
185.3616808404202	0.06841972316405333	0.14089933099125246
185.49474737368683	0.06899237864268486	0.14091612507438653
185.62781390695346	0.06902664609456155	0.14101564622608123
185.7608804402201	0.06893343836051424	0.14092036900279453
185.89394697348675	0.06864726229889542	0.14099934556465057
186.02701350675338	0.06864980610788801	0.1412962171677474
186.16008004002	0.06858316029172704	0.14107586510964068
186.29314657328663	0.0687687027238843	0.14103065179178412
186.42621310655326	0.06871483166733477	0.14061484498463075
186.5592796398199	0.06823257769056758	0.14060898151024206
186.69234617308655	0.06859598558711094	0.14116729614847986
186.82541270635318	0.0687486961471553	0.14117530380902055
186.9584792396198	0.06875255999588703	0.14181450929220282
187.09154577288643	0.0689689966200164	0.14169435072707537
187.22461230615306	0.06905132032741929	0.1414028211392327
187.3576788394197	0.06906411626442494	0.1419521668183639
187.49074537268635	0.06877735663122723	0.1421973913205714
187.62381190595298	0.06899278113661202	0.14235394234519924
187.7568784392196	0.06900131301836634	0.1422164544637501
187.88994497248623	0.06898233584054195	0.14238089875663912
188.02301150575286	0.06900473978339706	0.14213050893045703
188.15607803901952	0.0688630129923508	0.14174905893306824
188.28914457228615	0.06888394465842236	0.14163989140313032
188.42221110555278	0.06914817909278491	0.1415678743402348
188.5552776388194	0.06913157366102822	0.14164975532815358
188.68834417208603	0.06918471917933279	0.14152991099968604
188.82141070535266	0.06959538515641164	0.14108880348051886
188.95447723861932	0.06983380997686386	0.14094217979239992
189.08754377188595	0.07013532929496942	0.14070548429216898
189.22061030515258	0.06982008128901984	0.14093563706667403
189.3536768384192	0.06971635157681803	0.14087950566015373
189.48674337168583	0.0696575991947182	0.14030232381390978
189.61980990495246	0.06959276678837832	0.13982141052492117
189.75287643821912	0.0695054913444017	0.13990850091760448
189.88594297148575	0.06923586697223538	0.14018550244221759
190.01900950475238	0.06938158813162111	0.14034505658262147
190.152076038019	0.069478399005151	0.14027052000453794
190.28514257128563	0.0692747548241357	0.13997113410631817
190.41820910455226	0.0691029469073496	0.13980391396217054
190.55127563781892	0.06893150541695493	0.14010304763647688
190.68434217108555	0.06893019927964723	0.1401272392012385
190.81740870435218	0.06894024495996817	0.13994818797191233
190.9504752376188	0.06891604439256244	0.1398267750469329
191.08354177088543	0.06911245182395132	0.13976179591389215
191.21660830415206	0.06911929176620667	0.1397570596353824
191.34967483741872	0.06955038416233675	0.1397574188745837
191.48274137068535	0.0694655885643473	0.13989710477045467
191.61580790395197	0.0697337975266032	0.13989855020676245
191.7488744372186	0.06957717049395251	0.13950106231001239
191.88194097048523	0.06937035130487802	0.13922718828324182
192.01500750375186	0.06916180295391805	0.139434154754126
192.14807403701852	0.0691208320543862	0.13933476464382347
192.28114057028515	0.06930938485813384	0.13937779545546533
192.41420710355177	0.06935368229806547	0.13940927656842966
192.5472736368184	0.06924681751750893	0.13922886603864992
192.68034017008503	0.06957288476218336	0.1396886103826414
192.81340670335166	0.06957733196638664	0.13993747017882946
192.94647323661832	0.06924179771068041	0.13953836976450423
193.07953976988495	0.06933485452465646	0.1393095433744843
193.21260630315157	0.06927495774899163	0.13950021138745428
193.3456728364182	0.06921820464797045	0.1394501091494129
193.47873936968483	0.06884286386104148	0.13936477280361634
193.61180590295146	0.06871963057235587	0.13943401755745619
193.74487243621812	0.06831638649201367	0.1392960575728567
193.87793896948475	0.06800967863908035	0.13934782668693466
194.01100550275137	0.06811374843540068	0.13939122540870005
194.144072036018	0.0680369332265578	0.13963625427822782
194.27713856928463	0.06794828390869612	0.1394811898900847
194.41020510255126	0.06781896319091761	0.13934848318760712
194.54327163581792	0.06772960862712235	0.13925817239059865
194.67633816908454	0.06805771148466609	0.13962903295587217
194.80940470235117	0.06824050501119547	0.1397714560169942
194.9424712356178	0.06837401108829283	0.139929514183879
195.07553776888443	0.06832905707554841	0.1398411280028108
195.20860430215106	0.06833357145515119	0.13993686732256555
195.34167083541772	0.06833309826605996	0.1395410907553127
195.47473736868434	0.0682016739795128	0.13993366579133448
195.60780390195097	0.068141683632665	0.14052134626378643
195.7408704352176	0.06803908655148061	0.14060442465968234
195.87393696848423	0.067875482668361	0.14057990282289362
196.00700350175086	0.06783560701506589	0.14046710511445828
196.14007003501752	0.06830064878943362	0.1408999379441371
196.27313656828414	0.06851443277723246	0.1411113759972187
196.40620310155077	0.06879259181858724	0.1416344417165665
196.5392696348174	0.06885394402097801	0.14198036534915737
196.67233616808403	0.06886139463192684	0.142066328149594
196.80540270135066	0.06879595493399937	0.14251800024628478
196.93846923461732	0.06906578595130936	0.14245413708765747
197.07153576788394	0.06922383718458758	0.14222680961627884
197.20460230115057	0.06948302392043507	0.1418910731319193
197.3376688344172	0.06955868136691255	0.14149141279989239
197.47073536768383	0.06953477306467633	0.1416132178538357
197.60380190095046	0.06928918882956833	0.14181325910286505
197.73686843421712	0.0692481377503012	0.14216689175799913
197.86993496748374	0.06915531580571588	0.14198117493270657
198.00300150075037	0.06885712549009804	0.14234070357943315
198.136068034017	0.06903156378024436	0.14207968841004787
198.26913456728363	0.06930823487476899	0.14156930158814177
198.40220110055026	0.06938380912691153	0.1412739709959047
198.53526763381691	0.06914055338848789	0.14149911663779802
198.66833416708354	0.06933179699422377	0.14200040770816766
198.80140070035017	0.06913310934684914	0.1417154800845401
198.9344672336168	0.06879567673582222	0.14194432789554956
199.06753376688343	0.06882766805562325	0.14213618263338434
199.20060030015006	0.06906772501382132	0.14212539097722524
199.33366683341671	0.06910360888510801	0.14194431272645028
199.46673336668334	0.06929743992595642	0.1419348263204798
199.59979989994997	0.06905145341641743	0.1420856030806415
199.7328664332166	0.06912239213969465	0.14228691560875292
199.86593296648323	0.0692341199012424	0.1427265317684768
199.99899949974986	0.06891805901403446	0.1431702899960885
200.1320660330165	0.06844789369522072	0.14307716750966712
200.26513256628314	0.06865076704022224	0.1425298707416908
200.39819909954977	0.06887390783855005	0.14192281412906094
200.5312656328164	0.06891442742784021	0.14164767932946337
200.66433216608303	0.06907594914334349	0.1415633031151842
200.79739869934966	0.06870478457170971	0.1418739108073327
200.9304652326163	0.06817861739904221	0.1421728592121683
201.06353176588294	0.06814258457097384	0.14250302193700728
201.19659829914957	0.06772617483477547	0.1427400914276117
201.3296648324162	0.06759307355142842	0.14232461455665318
201.46273136568283	0.06778165372149225	0.14220254458919235
201.59579789894946	0.0677086538896571	0.14270015177967277
201.7288644322161	0.06757197844276595	0.14214242274596128
201.86193096548274	0.0676874511589475	0.1419392119859945
201.99499749874937	0.06781677447712174	0.1421893667645069
202.128064032016	0.067869794687452	0.14191976272402906
202.26113056528263	0.06743029438480481	0.1422484625060725
202.39419709854926	0.06718341313650512	0.14228268168529526
202.5272636318159	0.06763701873292924	0.14194209957208537
202.66033016508254	0.06778114988640806	0.14200681211792038
202.79339669834917	0.06816361689827126	0.14117409599186673
202.9264632316158	0.06819790866965879	0.1409112326267096
203.05952976488243	0.06836919907352014	0.14109052845003547
203.19259629814906	0.0680627536615909	0.140954207501839
203.3256628314157	0.06817567218696449	0.14084761547644503
203.45872936468234	0.0685275842350464	0.14101144421702666
203.59179589794897	0.06849544756752265	0.1411180227990949
203.7248624312156	0.06873787130100438	0.1406538905191365
203.85792896448223	0.06894283091121087	0.14032498953823222
203.99099549774886	0.069062037796569	0.1401789727343718
204.1240620310155	0.06888637318366876	0.14029885907551237
204.25712856428214	0.06864864863808727	0.14033585716667013
204.39019509754877	0.06872446215049478	0.14036912217780348
204.5232616308154	0.06877488415563887	0.1403757764351519
204.65632816408203	0.06911475540311525	0.14055933184570377
204.78939469734868	0.06924702245094569	0.14045745889429945
204.9224612306153	0.06920658048035734	0.14062024578394153
205.05552776388194	0.06911584186904836	0.1407995445017135
205.18859429714857	0.06913018955568304	0.14089409424100183
205.3216608304152	0.06912688337199348	0.14092000317674086
205.45472736368183	0.06860968262312962	0.1409965388107155
205.58779389694848	0.06831634322426315	0.14090197312531239
205.7208604302151	0.06867731895754488	0.14092134729088232
205.85392696348174	0.06902352688516214	0.14077114961307016
205.98699349674837	0.06856951009907697	0.1412350756548811
206.120060030015	0.06838973597065778	0.14146787017912427
206.25312656328163	0.06834262605130054	0.14176734127960647
206.38619309654828	0.06851303756929503	0.14140636921198918
206.5192596298149	0.06849067715130129	0.1414476289000721
206.65232616308154	0.0682278045193695	0.14137085181520423
206.78539269634817	0.06801988344269717	0.14153697403629573
206.9184592296148	0.06775852148871184	0.14172759306455016
207.05152576288143	0.06747304564507015	0.14116561836976355
207.18459229614808	0.06769010118402856	0.1412567928627446
207.3176588294147	0.06815128973569018	0.14120573191549163
207.45072536268134	0.06832501398164453	0.14141762218533033
207.58379189594797	0.06860501241375033	0.1413899945912308
207.7168584292146	0.06819863507214241	0.14163639431322936
207.84992496248123	0.068302508463412	0.14145319874274584
207.98299149574788	0.06819638537045367	0.1418018383805002
208.1160580290145	0.06802073296149612	0.14190172208618837
208.24912456228114	0.06802592253381891	0.14147058890434805
208.38219109554777	0.06794048753420598	0.14182859412196608
208.5152576288144	0.06794370737580585	0.14175647068758068
208.64832416208102	0.06772149263092553	0.14162151910678195
208.78139069534768	0.0673869989188411	0.14194768078922068
208.9144572286143	0.06738259624279062	0.1423532644766717
209.04752376188094	0.06736063613663229	0.14288083899719084
209.18059029514757	0.06725658040526279	0.14284956869094018
209.3136568284142	0.06756348956606431	0.14247707445285943
209.44672336168082	0.06741864181728605	0.14246704901893975
209.57978989494748	0.06746483798849362	0.14236658243221964
209.7128564282141	0.06757374311049469	0.1418971633202605
209.84592296148074	0.067614534329843	0.14207653277153776
209.97898949474737	0.06798861018729062	0.141973828317085
210.112056028014	0.06814962819132968	0.1415830877525611
210.24512256128062	0.06816903763323942	0.1416218028955895
210.37818909454728	0.0681494458884581	0.14156860980864872
210.5112556278139	0.06809185851077343	0.14163622526927036
210.64432216108054	0.06862342350805342	0.14200419811156012
210.77738869434717	0.0686346425173358	0.141768011409901
210.9104552276138	0.06873591912745378	0.14210080927599708
211.04352176088042	0.0684016529703057	0.1422310447349735
211.17658829414708	0.06856269947683907	0.14227696918930965
211.3096548274137	0.06886391669246585	0.14248951020157946
211.44272136068034	0.06850716385329235	0.1420186021848363
211.57578789394697	0.06864179375923143	0.14191300912045784
211.7088544272136	0.06871297134859616	0.14190684835429715
211.84192096048022	0.06831683698276514	0.14235050372711033
211.97498749374688	0.0679941716611184	0.1422534720127601
212.1080540270135	0.06859033759883305	0.14191584461346773
212.24112056028014	0.0687326670340819	0.14174611560746414
212.37418709354677	0.06868783231999154	0.14221673449633862
212.5072536268134	0.06859056908633611	0.1419887657759762
212.64032016008002	0.06856784537663368	0.1422179145341674
212.77338669334668	0.06852223292201362	0.14213835440759365
212.9064532266133	0.06826643072826713	0.14156059375797359
213.03951975987994	0.06828554361311875	0.1411297154192344
213.17258629314657	0.0681279778260602	0.14158742197503915
213.3056528264132	0.06815237771570538	0.1416016082413111
213.43871935967982	0.06779138706025913	0.142063917624574
213.57178589294648	0.06774768522179234	0.14223942085006894
213.7048524262131	0.06762642669420438	0.14193187497315488
213.83791895947974	0.06780032572702936	0.1418644565543494
213.97098549274637	0.06781944699973033	0.14215366500077492
214.104052026013	0.06772606760571058	0.14226044766651694
214.23711855927962	0.06763711019612395	0.1427745788565889
214.37018509254628	0.0677894400461448	0.14226576576626077
214.5032516258129	0.06799496867359243	0.14217522703831711
214.63631815907954	0.06789579711675858	0.1423579651124382
214.76938469234616	0.06823245098014355	0.14196409978022348
214.9024512256128	0.06856531828643099	0.14168256601152965
215.03551775887942	0.06848902034987599	0.14130275558193378
215.16858429214608	0.06875826508399871	0.14196115556513328
215.3016508254127	0.06849514360793128	0.14200733446599573
215.43471735867934	0.06869308285447387	0.14167102620335326
215.56778389194596	0.0687824512240696	0.1415995681476224
215.7008504252126	0.06916719996910764	0.1415509469612411
215.83391695847922	0.06906200294161609	0.14162015010606266
215.96698349174588	0.0690346354009218	0.14164377951000579
216.1000500250125	0.0693419691755588	0.1414231540195075
216.23311655827914	0.06947674646662672	0.14147387301764355
216.36618309154576	0.0694556429962941	0.14173973762587536
216.4992496248124	0.06940850411685094	0.14133996067197646
216.63231615807902	0.07012106508540361	0.14096534455006896
216.76538269134568	0.07026157275011022	0.1406062717740066
216.8984492246123	0.07022288653451877	0.1404451865798103
217.03151575787894	0.0702543270921025	0.1402745793326204
217.16458229114556	0.07023961468162294	0.14035470392243518
217.2976488244122	0.07019461157663681	0.14013174622726118
217.43071535767882	0.0701479187361133	0.13993967845862576
217.56378189094548	0.06993251083037291	0.14034137949737902
217.6968484242121	0.06984993334385173	0.14020609461454617
217.82991495747874	0.0696837129477342	0.14055991401397017
217.96298149074536	0.06963246057584792	0.1407480797307687
218.096048024012	0.06961873457741702	0.14084389321611285
218.22911455727862	0.06959093983147899	0.14091502277910659
218.36218109054528	0.06957063446384754	0.14102999902826013
218.4952476238119	0.06936390427690645	0.14110445069485342
218.62831415707853	0.06942586884889093	0.14177257420800793
218.76138069034516	0.06934021301247989	0.14202695687127292
218.8944472236118	0.06938791179206558	0.14191951643970527
219.02751375687842	0.06954306592251833	0.14170568860795338
219.16058029014508	0.06988073005244205	0.14187576984221095
219.2936468234117	0.06985831339507918	0.14172825217914103
219.42671335667833	0.06934970193540481	0.1422452324561606
219.55977988994496	0.06920591722929367	0.14230743133513432
219.6928464232116	0.06923104183189897	0.1425274405000161
219.82591295647822	0.06922500287296969	0.14258478046993903
219.95897948974488	0.06890156861876462	0.1426820975451509
220.0920460230115	0.06889398142579545	0.14223900478263157
220.22511255627813	0.06912380772552153	0.14195244536667476
220.35817908954476	0.06957492533739616	0.14209225392643118
220.4912456228114	0.06955384998121285	0.1426397888873045
220.62431215607802	0.06988851338919903	0.14250287780130436
220.75737868934468	0.06976286504105132	0.1426603197958993
220.8904452226113	0.06993784725110852	0.14251891414589535
221.02351175587793	0.06983464681557322	0.14267471420828332
221.15657828914456	0.06967693274933515	0.14256564146688894
221.2896448224112	0.0697067776754542	0.14222795400773355
221.42271135567785	0.06931429135179394	0.14238237236702891
221.55577788894448	0.06907361516811643	0.14240175337081465
221.6888444222111	0.06946426292380924	0.14247355084670368
221.82191095547773	0.0695889467149505	0.1427085226143988
221.95497748874436	0.0696148569590477	0.14176593870500429
222.088044022011	0.06933836331421342	0.1418657780447493
222.22111055527765	0.06955016156965345	0.1416416503401697
222.35417708854428	0.06958753893402948	0.14164591996687614
222.4872436218109	0.06970459347689721	0.14145029082263613
222.62031015507753	0.06956229621570816	0.1420227313191898
222.75337668834416	0.07008487478972919	0.14137954109612735
222.8864432216108	0.06998230523527654	0.14140287860567763
223.01950975487745	0.0700396568163812	0.14083405777442345
223.15257628814408	0.07017078552141376	0.14093409705519955
223.2856428214107	0.07008330218478341	0.1413814690500748
223.41870935467733	0.07016372948061494	0.1416680919592049
223.55177588794396	0.07027272751578971	0.14161399405876504
223.6848424212106	0.07026892153060157	0.14148787888847777
223.81790895447725	0.07037823478725279	0.1410619263171112
223.95097548774388	0.07031996443821797	0.1410803982566481
224.0840420210105	0.07023233699301443	0.14119243799392955
224.21710855427713	0.07034155716910348	0.14134080952154018
224.35017508754376	0.07071458414527775	0.14085613971606636
224.4832416208104	0.07084573626981379	0.14103251073338988
224.61630815407705	0.07071577450171604	0.14062885905457576
224.74937468734367	0.07096643045068651	0.1405332545933205
224.8824412206103	0.07132446185987992	0.14076834705861468
225.01550775387693	0.0714664211231291	0.14031915197117506
225.14857428714356	0.0713961122870279	0.13993368224153918
225.2816408204102	0.07093583049673782	0.1403026858460293
225.41470735367685	0.07117831986396435	0.1399081985041998
225.54777388694347	0.07069372666820696	0.14008773369464805
225.6808404202101	0.07031343909126625	0.13978024598552308
225.81390695347673	0.07050679676121478	0.13941934879178666
225.94697348674336	0.07044062038597233	0.13987563747768664
226.08004002001	0.07075849333683525	0.13965341053488478
226.21310655327665	0.07065958097547612	0.13955829706684691
226.34617308654327	0.07090000675350866	0.1394691708534839
226.4792396198099	0.07099570571063388	0.13949556182004388
226.61230615307653	0.07117198026459436	0.13887697023553378
226.74537268634316	0.0710771051655674	0.13903675209858143
226.8784392196098	0.07093466833513495	0.1389486259000237
227.01150575287645	0.0706068157916114	0.13907087378151012
227.14457228614307	0.07073496938608026	0.1387398650994164
227.2776388194097	0.07074635264709134	0.13839900267748215
227.41070535267633	0.07052582402920736	0.13803221971113847
227.54377188594296	0.07044345841727678	0.13727147912457063
227.6768384192096	0.07063017695164939	0.13701773613945484
227.80990495247624	0.07095397860288931	0.1369837634417008
227.94297148574287	0.07099175378410966	0.13734424808793058
228.0760380190095	0.07072423440196202	0.13738505931661169
228.20910455227613	0.07069165471022616	0.13724930969547935
228.34217108554276	0.07069606612321148	0.13711936725927135
228.4752376188094	0.07069603638798842	0.13711782895563354
228.60830415207604	0.07050742492509543	0.13799175595799826
228.74137068534267	0.07087930393347168	0.1384292518741523
228.8744372186093	0.07087506305471561	0.13799980981986446
229.00750375187593	0.07104646607189498	0.13784008607558282
229.14057028514256	0.07082132486794589	0.1380226875233302
229.2736368184092	0.07088898674758008	0.13845194312261744
229.40670335167584	0.071527636509679	0.13850098939876845
229.53976988494247	0.07135073169934579	0.13826368496856473
229.6728364182091	0.07163085446552776	0.13831271198922096
229.80590295147573	0.07128849826305807	0.13824660734227884
229.93896948474236	0.07088864452736268	0.13855663742610325
230.072036018009	0.07099179142811306	0.13936962401094405
230.20510255127564	0.07127097865632441	0.13979684315317906
230.33816908454227	0.07134035712064404	0.13967564556845363
230.4712356178089	0.0713856406786184	0.13972797745744023
230.60430215107553	0.07153121231878663	0.13940481062198148
230.73736868434216	0.07125872424196357	0.1395571915653862
230.8704352176088	0.0715866796790079	0.1397562894016757
231.00350175087544	0.07187927427653165	0.1397023672484227
231.13656828414207	0.07194940937167446	0.13985720568442137
231.2696348174087	0.07208939469019039	0.13954374957068003
231.40270135067533	0.07218987892389694	0.1397246577762567
231.53576788394196	0.07173741955243565	0.13894996217590425
231.6688344172086	0.07173776418620961	0.13925245241157377
231.80190095047524	0.07178222794988576	0.13926099090885175
231.93496748374187	0.07162464633684971	0.13906072062943847
232.0680340170085	0.072027518830115	0.13910898227165497
232.20110055027513	0.07146062438169531	0.13966378563186804
232.33416708354176	0.07126199666627117	0.1397333012616946
232.4672336168084	0.07107243922699528	0.13980489635089793
232.60030015007504	0.07133796620610239	0.13931495183508996
232.73336668334167	0.07131034654180672	0.13940679199559766
232.8664332166083	0.07162730634450018	0.1399581559664361
232.99949974987493	0.07180098596373992	0.14030182816710604
233.13256628314156	0.07182535836446066	0.1401820762912335
233.26563281640819	0.07181453319853859	0.1400290301513669
233.39869934967484	0.0716736224313128	0.13993281666992285
233.53176588294147	0.07144510836016416	0.13937349828770154
233.6648324162081	0.0711177758282778	0.13926452741103446
233.79789894947473	0.0711734377075634	0.13987075006041882
233.93096548274136	0.07150196184713167	0.14011858431198498
234.06403201600799	0.0717543904180664	0.14024678821256556
234.19709854927464	0.07188151142711137	0.14012517643173333
234.33016508254127	0.07137461927762595	0.1404011076974996
234.4632316158079	0.07146209711416195	0.14039352482466183
234.59629814907453	0.07127811264805776	0.14088296556911972
234.72936468234116	0.07118109175606915	0.1406619841039771
234.86243121560778	0.07091524483935842	0.14073723165107005
234.99549774887444	0.07092462221124453	0.13998531104195766
235.12856428214107	0.07079467957572909	0.13967185771505156
235.2616308154077	0.0712373650370715	0.14022951608168616
235.39469734867433	0.07160125532486372	0.14016208459933907
235.52776388194096	0.07215122592125983	0.14037333592572993
235.66083041520758	0.0723129905913316	0.14043138614869877
235.79389694847424	0.07207374127427858	0.14058976620689514
235.92696348174087	0.07224555419649038	0.14020383899768246
236.0600300150075	0.07198816582588731	0.14040701241106035
236.19309654827413	0.07194207815784953	0.14071895309816634
236.32616308154076	0.07179374043836753	0.13998936699297398
236.45922961480738	0.07187071676222165	0.1395422833848206
236.59229614807404	0.07202771941301044	0.1386054900736582
236.72536268134067	0.0718869722186157	0.13869238423618369
236.8584292146073	0.07186491893711179	0.1392105686419211
236.99149574787393	0.07191415522242287	0.13900793171025622
237.12456228114056	0.0719132013016537	0.13906961961289674
237.25762881440718	0.07192794506224381	0.13962614493611736
237.39069534767384	0.0717599934664422	0.14000377274938064
237.52376188094047	0.0718856493907522	0.1397013125240887
237.6568284142071	0.07141404620749826	0.13974162853505812
237.78989494747373	0.0712719030639167	0.14047871161984263
237.92296148074036	0.07160044884699149	0.14057775294530026
238.05602801400698	0.07164589501261068	0.1407156089961566
238.18909454727364	0.07142403492584351	0.14067285288667325
238.32216108054027	0.07133062829867706	0.14037477498627668
238.4552276138069	0.07113624311013172	0.1406832788505923
238.58829414707353	0.07103888203065682	0.14061964648958697
238.72136068034015	0.07097462602364657	0.1405580206995524
238.8544272136068	0.07119576279927751	0.14079339636250898
238.98749374687344	0.07112492777418378	0.1405319304711379
239.12056028014007	0.07118153893767723	0.14014245412047713
239.2536268134067	0.07115413812368157	0.1399681618735112
239.38669334667333	0.07136926978127131	0.14009365756474748
239.51975987993995	0.07125089990536015	0.1394698869096637
239.6528264132066	0.07081324382500623	0.13948842243612014
239.78589294647324	0.07103707556794611	0.13966605998396903
239.91895947973987	0.07051944049693855	0.14002827674384283
240.0520260130065	0.0705387412697427	0.14030062374140137
240.18509254627313	0.07061433851349859	0.14035663418679944
240.31815907953975	0.07026782597594565	0.14063985551596578
240.4512256128064	0.070726702116928	0.14048996517151108
240.58429214607304	0.07042078115870355	0.14102388546910052
240.71735867933967	0.07081206728114867	0.14058562702693927
240.8504252126063	0.07091633846886104	0.14030932238872684
240.98349174587293	0.0710815734514642	0.13997750145009377
241.11655827913955	0.07115324560179463	0.13991646290373208
241.2496248124062	0.07131074879889546	0.13970167248523818
241.38269134567284	0.07130858238150373	0.1394359168839643
241.51575787893947	0.07139468879058078	0.1398523193037103
241.6488244122061	0.07068041870849352	0.14001414728448264
241.78189094547272	0.07066997069386236	0.14020046640987913
241.91495747873935	0.0708235528719401	0.14040410403206008
242.048024012006	0.07037589770246266	0.14063311147524005
242.18109054527264	0.06987919364726076	0.14103545394744682
242.31415707853927	0.06984483871137881	0.14118901400908182
242.4472236118059	0.06994511257968482	0.1413300750019008
242.58029014507252	0.06982762223228589	0.1414809847593661
242.71335667833915	0.06968483745117496	0.14097070656976696
242.8464232116058	0.06976124529162675	0.1406981817077509
242.97948974487244	0.070135548473543	0.14022760869939524
243.11255627813907	0.06997114542834848	0.14065967651270567
243.2456228114057	0.07020992234245928	0.14093237452715587
243.37868934467232	0.07029600598125844	0.14070523810858124
243.51175587793895	0.07038290042681006	0.14021590008778465
243.6448224112056	0.07035103408889373	0.14025400505961755
243.77788894447224	0.07024386182075723	0.13986739750651062
243.91095547773887	0.07010728594394014	0.14010877004330707
244.0440220110055	0.07005954879346585	0.14110839467731356
244.17708854427212	0.06999165761182899	0.14142564017399062
244.31015507753875	0.0700086386994892	0.14124769831084022
244.4432216108054	0.07001229738150735	0.14121478916539099
244.57628814407204	0.07006025119354842	0.1408329598015422
244.70935467733867	0.0702485403460806	0.141086165698791
244.8424212106053	0.06980072456055783	0.1415549251618387
244.97548774387192	0.07011926558783253	0.14157228883948886
245.10855427713855	0.07003765583565304	0.14169466821986684
245.2416208104052	0.06980679426777289	0.14166294285212716
245.37468734367184	0.07004628982970813	0.14127528875006748
245.50775387693847	0.06989666914809411	0.1414031726869461
245.6408204102051	0.06978743565277326	0.14145863254974
245.77388694347172	0.06978420926299067	0.1414426541682432
245.90695347673835	0.06939333025365324	0.14101634090245072
246.040020010005	0.06931575314208312	0.1415032696160886
246.17308654327164	0.0694861450023367	0.1413675985834895
246.30615307653827	0.06961773612987364	0.14143978024812778
246.4392196098049	0.06938653037694062	0.14159496491075133
246.57228614307152	0.06938528599368196	0.14109094932434005
246.70535267633815	0.06979616716719902	0.1414720545504074
246.8384192096048	0.0692082344834066	0.14123894286453684
246.97148574287144	0.06916859648188853	0.1417032269609016
247.10455227613807	0.06939967737654285	0.14167930507757312
247.2376188094047	0.06903136862527914	0.14201747547895774
247.37068534267132	0.06911177416923989	0.1420600871294994
247.50375187593795	0.06919051694690828	0.14207350433467095
247.6368184092046	0.06921215060875854	0.14159401825286003
247.76988494247124	0.06925198884005013	0.14111719255444188
247.90295147573786	0.06938151565159374	0.1412117642930684
248.0360180090045	0.0695132795951349	0.14113835278254885
248.16908454227112	0.06970828805889666	0.1411199095733752
248.30215107553775	0.06996633415004534	0.14135748210000285
248.4352176088044	0.07032593858815504	0.14144793653565926
248.56828414207104	0.07041456209434918	0.14110098161933896
248.70135067533766	0.0703214191029242	0.14040337664716535
248.8344172086043	0.07042421313553879	0.1398513488897929
248.96748374187092	0.07043956186014641	0.14014788974391573
249.10055027513755	0.07029983302164046	0.14045661883971314
249.2336168084042	0.07047880050334837	0.14054270724306514
249.36668334167084	0.07071795325596249	0.14077054432924538
249.49974987493746	0.07064788597319288	0.1406328128053585
249.6328164082041	0.07094626388791027	0.1406047547147749
249.76588294147072	0.07099531150174099	0.14090724814010716
249.89894947473735	0.07088618399760752	0.14066916108060798
250.032016008004	0.07116805883904138	0.14085851648380013
250.16508254127064	0.07073383876080498	0.14075033943741436
250.29814907453726	0.07100027233720792	0.14115873723472167
250.4312156078039	0.0712241019451259	0.1416525497179545
250.56428214107052	0.0706917365633159	0.14157212036664898
250.69734867433715	0.07087676260552365	0.14182118126866544
250.8304152076038	0.07101436827403182	0.14187729708815025
250.96348174087044	0.07085132883491288	0.14137868567891956
251.09654827413706	0.07108411140895314	0.14105437692382167
251.2296148074037	0.07112213090369099	0.1408845940027394
251.36268134067032	0.07113087732742061	0.14099857352585432
251.49574787393695	0.07134045828219916	0.14072806319137426
251.6288144072036	0.07116363892571802	0.14052941610036424
251.76188094047023	0.07139544282591063	0.14066377715165776
251.89494747373686	0.07135195462307453	0.14055297305534384
252.0280140070035	0.0712388847022996	0.14074517394680036
252.16108054027012	0.0716622363087173	0.14065794534293957
252.29414707353675	0.07142886309550932	0.14032249973770383
252.4272136068034	0.07108599764083696	0.14033677758061858
252.56028014007003	0.07090665457652112	0.1408220140894778
252.69334667333666	0.07064730538831736	0.14099284565812328
252.8264132066033	0.07037129051645184	0.14112098851048246
252.95947973986992	0.0703675587783348	0.14118490716981075
253.09254627313655	0.07025600264671367	0.1408646519752764
253.2256128064032	0.07037886726430184	0.1412593933272627
253.35867933966983	0.07049677462167486	0.1415887908073413
253.49174587293646	0.07040087623317011	0.14153938799233318
253.6248124062031	0.07002631436378003	0.14121154250294288
253.75787893946972	0.06981903457742622	0.1410369724804417
253.89094547273635	0.06968086983610995	0.1411986015511773
254.024012006003	0.06962460896676087	0.1409749229357064
254.15707853926963	0.06926226870897914	0.1412331568153924
254.29014507253626	0.06952972013250729	0.14103811770361438
254.4232116058029	0.06976068972014147	0.14061138741207477
254.55627813906952	0.06989666375030132	0.14038874997857728
254.68934467233615	0.06998152242415677	0.14001404824454466
254.8224112056028	0.07014645479378245	0.13990406433248956
254.95547773886943	0.06984819053986203	0.1402502891186482
255.08854427213606	0.06959973415442355	0.1405622894713925
255.2216108054027	0.0693935731757319	0.14084015355670168
255.35467733866932	0.0693373000588197	0.14065119570713053
255.48774387193595	0.06876913673706271	0.1406527760634691
255.6208104052026	0.06854814720216465	0.14097442518986047
255.75387693846923	0.06869551539958063	0.1408113021826512
255.88694347173586	0.06882044631314722	0.14126462644409746
256.0200100050025	0.06861168919642507	0.14059796061172922
256.15307653826915	0.06902517121585887	0.1405061744734724
256.2861430715358	0.06899798513171604	0.1405280771224201
256.4192096048024	0.06896576325385956	0.14064519534023145
256.55227613806903	0.06906356845638108	0.14038359915955598
256.68534267133566	0.06885491470214408	0.1404343890559592
256.8184092046023	0.06927223667944049	0.14074189690227412
256.9514757378689	0.06915162458088775	0.14085248664777322
257.08454227113555	0.06917168190335318	0.1403005785815287
257.2176088044022	0.06897386673345604	0.14038431957775874
257.3506753376688	0.0690734384104983	0.14077281485071233
257.4837418709355	0.06931636716623711	0.14058035302114294
257.6168084042021	0.06968185582311111	0.1406000077605348
257.74987493746875	0.07037279025178876	0.1404627438907051
257.8829414707354	0.07050054685166789	0.14058597401675071
258.016008004002	0.07043304056667983	0.13996207921903506
258.14907453726863	0.07035032165376563	0.1403417774579605
258.28214107053526	0.07001836178205824	0.14048372752534577
258.4152076038019	0.06996425209976699	0.14070471657277106
258.5482741370685	0.070095540787517	0.14058684125015591
258.68134067033515	0.07029038538743076	0.1401811787993656
258.8144072036018	0.0705854718404457	0.14038812452915653
258.9474737368684	0.07041398607452755	0.14072467019609694
259.0805402701351	0.07047007974031168	0.14082074763665053
259.2136068034017	0.07077783042912235	0.1407315995413239
259.34667333666835	0.0709656143772823	0.14073374788458998
259.479739869935	0.07070301815662017	0.140492887290274
259.6128064032016	0.07069426207851573	0.14043928064054506
259.74587293646823	0.07085028546589485	0.14074394689054542
259.87893946973486	0.07091650139315396	0.14099751099806784
260.0120060030015	0.07107209679217742	0.14079911309516147
260.1450725362681	0.07095018160965395	0.1408652262105999
260.27813906953475	0.07050236674258972	0.14056159015225234
260.4112056028014	0.0707104623388254	0.14029211608175457
260.544272136068	0.0710924735565736	0.14025994417518936
260.6773386693347	0.07109730832695252	0.14070285174168137
260.8104052026013	0.07105451362250505	0.1407943725189618
260.94347173586794	0.07079318607562518	0.14103937273388936
261.0765382691346	0.07056259651147032	0.1409105981242218
261.2096048024012	0.07083062139123145	0.14084420391670782
261.34267133566783	0.0704190985155222	0.14066479105320573
261.47573786893446	0.07003753909735487	0.14085924927437313
261.6088044022011	0.06994232717009745	0.14116603006732348
261.7418709354677	0.07014374455056735	0.14167874448788642
261.87493746873434	0.0700318855764692	0.1415784606454231
262.008004002001	0.07029766603386256	0.1412837384935573
262.1410705352676	0.07010289859279241	0.1416131244984633
262.2741370685343	0.07005446780213477	0.1415965775233029
262.4072036018009	0.07005767050888845	0.14157047592682126
262.54027013506754	0.0697705058693408	0.1418777305277543
262.6733366683342	0.06963650016434494	0.14216878711631262
262.8064032016008	0.06952228240686675	0.14223537174330042
262.93946973486743	0.06991681316478887	0.14234944337649208
263.07253626813406	0.07027506378310322	0.14201757257729652
263.2056028014007	0.07034195010690025	0.14212391307562006
263.3386693346673	0.07045550984364173	0.14232331081400731
263.47173586793394	0.07018821699148808	0.14258885734616009
263.6048024012006	0.07056080252124589	0.14281120790156096
263.7378689344672	0.07078606073438987	0.14279398807512092
263.8709354677339	0.07076360105690598	0.1423478773062368
264.0040020010005	0.07098328658193398	0.142635825158697
264.13706853426714	0.07120688614571086	0.14232520289432435
264.2701350675338	0.07109689499705772	0.1427890398538153
264.4032016008004	0.07116175168339867	0.14248418636265403
264.53626813406703	0.07129574297042661	0.1420819630897833
264.66933466733366	0.07111977401768832	0.14245584534156613
264.8024012006003	0.07102883541028636	0.1429653724931739
264.9354677338669	0.07144952178686345	0.14334479909132009
265.06853426713354	0.07145130368253082	0.14285885305585955
265.2016008004002	0.07144961503170326	0.14265784033701892
265.3346673336668	0.0720695013649499	0.14259202872435708
265.4677338669335	0.07227041724782687	0.14221533850410917
265.6008004002001	0.07209312321329706	0.1421925917149188
265.73386693346674	0.07222567786860148	0.14214860917551272
265.86693346673337	0.07246941931489793	0.14177210581557648
266.0	0.07273532668881506	0.14135105204872647
