0.0	0.0	0.0
0.1330665332666333	5.115572783770929e-08	4.4314472145746656e-05
0.2661330665332666	0.0002218335536340673	0.00015526737109956755
0.39919959979989994	0.0006429448807533394	0.0004878352731707377
0.5322661330665333	0.001064054966582938	0.0009091050506331773
0.6653326663331666	0.0015514732506039504	0.0014853680418793116
0.7983991995997999	0.00197277341523403	0.0019947517251185315
0.9314657328664332	0.0025487108843655	0.0025273422453876817
1.0645322661330665	0.0029702338434661473	0.0032804452825582467
1.1975987993997	0.003724117007646698	0.0037227759879446464
1.3306653326663331	0.004322102127822458	0.004255817084769268
1.4637318659329663	0.004986413069606259	0.0050098739746484
1.5967983991995998	0.005384183422598725	0.005762790037698327
1.7298649324662332	0.0058060944553093696	0.00644990440961146
1.8629314657328664	0.006360754996041987	0.007180619368545587
1.9959979989994996	0.006958965462834238	0.0078017282071211275
2.129064532266133	0.007512547640862629	0.00859901833410708
2.2621310655327664	0.008044570411998528	0.009152354463443129
2.3951975987994	0.00857545447048689	0.009839838772973676
2.528264132066033	0.00895155021802584	0.010460492739135359
2.6613306653326663	0.009327449829636722	0.01123738839595687
2.7943971985992997	0.009593987123037252	0.012126188576506613
2.9274637318659327	0.010060657761288089	0.013141794540066646
3.060530265132566	0.010411791085524579	0.013536691416472546
3.1935967983991995	0.010614658197453131	0.014003632407916536
3.326663331665833	0.011280685244541934	0.01456102535047907
3.4597298649324664	0.011585663227517274	0.015424759976227425
3.5927963981990994	0.011833396734209965	0.01602272101110724
3.7258629314657328	0.012363798122923327	0.016820045501686982
3.858929464732366	0.012585575280061182	0.017373861575191888
3.991995997998999	0.013188207392152854	0.018219509428674393
4.125062531265633	0.013738925695818527	0.019036633896476016
4.258129064532266	0.014113918297650331	0.019630861306699218
4.391195597798899	0.014469476692200178	0.020098801854376843
4.524262131065533	0.014867206169423029	0.02087741892062354
4.657328664332166	0.015085300921652162	0.02165345961365058
4.7903951975988	0.01524317994301047	0.022564131315481635
4.923461730865433	0.015574274132839528	0.023376923771898366
5.056528264132066	0.01566105182460627	0.023867395209184943
5.1895947973986996	0.015885757307265994	0.02470696958079074
5.3226613306653325	0.016174750954656446	0.025036052550642545
5.4557278639319655	0.016553876148710754	0.025778088982652412
5.588794397198599	0.01701940133039733	0.02675219810143531
5.721860930465232	0.01743979450467142	0.027522326557378816
5.854927463731865	0.01781313984502699	0.02816664492607879
5.987993996998499	0.018035672685075062	0.028917772621057047
6.121060530265132	0.018412609067002414	0.02944906729405802
6.254127063531766	0.018607987411613812	0.0301841281931165
6.387193596798399	0.018740124370811434	0.03086669411691483
6.520260130065032	0.018875955995960873	0.031278627868256845
6.653326663331666	0.01918883470365044	0.03153135981778531
6.786393196598299	0.019546109762677556	0.03249921960489709
6.919459729864933	0.020081490409073796	0.03357829636726591
7.052526263131566	0.020633512980765	0.03442267174026171
7.185592796398199	0.0210495992596978	0.03553116703757941
7.318659329664833	0.021290060649229055	0.03639144000583385
7.4517258629314655	0.021513977621118823	0.03737180881748425
7.5847923961980985	0.021799985555025537	0.03831411650097156
7.717858929464732	0.021906578914141394	0.03886819541083684
7.850925462731365	0.022094059539741053	0.03978545743931501
7.983991995997998	0.022602906027682525	0.040664841722907616
8.117058529264632	0.022819505178015724	0.041229399527326335
8.250125062531266	0.02306081294194647	0.04158951035315492
8.383191595797898	0.023127236629276487	0.04235084322706932
8.516258129064532	0.023350526437037153	0.04305441830854958
8.649324662331166	0.02353104589887448	0.04372494157601647
8.782391195597798	0.023884480706415558	0.04468526188628458
8.915457728864432	0.024086174776616003	0.04560517042124193
9.048524262131066	0.024482764871191345	0.046178109520419286
9.181590795397698	0.02458959979438944	0.04689035306663555
9.314657328664332	0.024812637779629613	0.047505152761072034
9.447723861930966	0.0248962070100658	0.0480625882272874
9.5807903951976	0.02503945797817557	0.04877391535669743
9.713856928464232	0.025436416243559724	0.04951135837438231
9.846923461730865	0.02561372938566631	0.05029167274442325
9.9799899949975	0.02599157517919972	0.050542637041781024
10.113056528264131	0.026211997776597846	0.05158158788681095
10.246123061530765	0.02656888696031335	0.05254991217119767
10.379189594797399	0.026805813976784148	0.053353083141612585
10.512256128064031	0.027012580712571052	0.05378240339894832
10.645322661330665	0.027433324833593068	0.054664426125361675
10.778389194597299	0.027624198817678646	0.05496527357952415
10.911455727863931	0.027807662176496478	0.05560021616780465
11.044522261130565	0.028066078421617374	0.05625847578313699
11.177588794397199	0.028216376466205294	0.05686503104477067
11.31065532766383	0.028922943895202186	0.05767941083060295
11.443721860930465	0.029042009116555564	0.05808815331118482
11.576788394197099	0.02928809528874057	0.05856541932585422
11.70985492746373	0.029399352392195433	0.059252634083088986
11.842921460730365	0.02969090605268918	0.059878722864875215
11.975987993996998	0.02993662342906495	0.06074559166426843
12.109054527263632	0.030264329265931336	0.06152371785732141
12.242121060530264	0.030295814817970803	0.06240135544739176
12.375187593796898	0.030155680259172372	0.06282758293361261
12.508254127063532	0.029939532800726462	0.06323826208400818
12.641320660330164	0.02997123376498586	0.0639315746230393
12.774387193596798	0.030058950024879145	0.06464550724796085
12.907453726863432	0.030048621376834395	0.06548474883942193
13.040520260130064	0.029900110767517727	0.06609616597721826
13.173586793396698	0.03009098055708624	0.06662256443637775
13.306653326663332	0.03027931886953581	0.06714741035321327
13.439719859929964	0.030230574063294293	0.06803441948463423
13.572786393196598	0.030334480181053586	0.06854593078022005
13.705852926463232	0.03061696678378046	0.068978826786161
13.838919459729865	0.030606301476842165	0.06982031990428454
13.971985992996498	0.03061228721700168	0.07065169777503401
14.105052526263131	0.030702378212103826	0.07088363767591893
14.238119059529765	0.030792470451371325	0.07167263719835447
14.371185592796397	0.03095152803211143	0.07172764964418381
14.504252126063031	0.031099449498249977	0.07217800941752514
14.637318659329665	0.031045630794816377	0.07224647805642984
14.770385192596297	0.03104184005383183	0.07243187917520703
14.903451725862931	0.03132363286543805	0.07291273871941757
15.036518259129565	0.0313545758257826	0.07259852133154682
15.169584792396197	0.031723156305839835	0.07298630110847996
15.302651325662831	0.03157906788382872	0.07342319438350686
15.435717858929465	0.03170446717693319	0.07376759015792068
15.568784392196097	0.03186031926853411	0.07407627227949083
15.70185092546273	0.03208383889486963	0.07485883677562238
15.834917458729365	0.032229030635560124	0.0753509089305178
15.967983991995997	0.03227923790306004	0.07582692938457787
16.101050525262632	0.032528648622245	0.07644435197387288
16.234117058529264	0.03261905174509808	0.07688130239967114
16.367183591795897	0.03241276759518567	0.07732211019667348
16.500250125062532	0.03234031421442997	0.07759562330123758
16.633316658329164	0.0323720232085173	0.0778115461470569
16.766383191595796	0.032208476334026244	0.07839559032673867
16.899449724862432	0.032481674295480795	0.07885702737737021
17.032516258129064	0.03257046096198513	0.07925683270574632
17.165582791395696	0.03285933408199896	0.07925220113891299
17.298649324662332	0.032912922133918096	0.07956349874154846
17.431715857928964	0.03296323505637074	0.08008316592430881
17.564782391195596	0.03315326759111886	0.08065015527954833
17.69784892446223	0.03335130387035224	0.08080888283368352
17.830915457728864	0.03315248427541151	0.08070819325455847
17.963981990995496	0.03332592394602688	0.08144689225429881
18.09704852426213	0.033473800867350675	0.08194792920396565
18.230115057528764	0.033558499394233256	0.08216204384025426
18.363181590795396	0.03360352816330169	0.08257476213354575
18.49624812406203	0.03374877174452348	0.08341244221902847
18.629314657328663	0.034119902789112526	0.08402825441282614
18.762381190595296	0.03449277396872955	0.08494668501811614
18.89544772386193	0.034335893584781	0.08500326094745063
19.028514257128563	0.03427453390432126	0.08553979423868391
19.1615807903952	0.03454525193524605	0.0854196775172378
19.29464732366183	0.03469908376468485	0.08522594448576083
19.427713856928463	0.03485923448244397	0.08575568026187115
19.5607803901951	0.03464601686003821	0.08574663609892663
19.69384692346173	0.034661584622182925	0.0862243209681853
19.826913456728363	0.03500451477892589	0.08676644259750026
19.959979989995	0.03492374511395832	0.08713640055552188
20.09304652326163	0.03503126401068133	0.08751527526840762
20.226113056528263	0.03517359082498302	0.08794531936610553
20.3591795897949	0.03518203641000259	0.0885581045530647
20.49224612306153	0.03534894332669596	0.08926483348094622
20.625312656328163	0.03529312878318937	0.08974334526348636
20.758379189594798	0.03561277560501712	0.09000549881344154
20.89144572286143	0.035789520337358	0.09064843851874209
21.024512256128062	0.03609706085066637	0.09088563487666051
21.157578789394698	0.036197375200177725	0.09104508499953172
21.29064532266133	0.03633697252491573	0.09121521629094183
21.423711855927962	0.03645864882464154	0.09136614113077667
21.556778389194598	0.03646267044105515	0.09181520394470545
21.68984492246123	0.03651184222819365	0.09200631509063514
21.822911455727862	0.03629479115753601	0.09218287489593649
21.955977988994498	0.03631558129081383	0.0927959483003111
22.08904452226113	0.03616968991861215	0.09264658263097426
22.222111055527762	0.0363319527976947	0.09299434700588431
22.355177588794398	0.0363233811091706	0.09338502161455617
22.48824412206103	0.03639932911492057	0.09368655312705912
22.62131065532766	0.03650835917466664	0.09384986938642133
22.754377188594297	0.03659883981906621	0.09397619001594826
22.88744372186093	0.036761636444514585	0.09424936218678893
23.02051025512756	0.03695641337506936	0.09419833506201812
23.153576788394197	0.03706384423014351	0.09431561584501995
23.28664332166083	0.03731403530411258	0.09427357062021292
23.41970985492746	0.0377351384977848	0.0942360687511737
23.552776388194097	0.03769308977956618	0.09437562388690014
23.68584292146073	0.037831519997811036	0.0938782484477135
23.818909454727365	0.03805511004813557	0.09390684561928375
23.951975987993997	0.0379839651766698	0.09432042208728934
24.08504252126063	0.03810947185230915	0.09485353921811537
24.218109054527265	0.03832474298070707	0.09461010633316763
24.351175587793897	0.0385823691371917	0.09449551161897392
24.48424212106053	0.038394623141950086	0.09483765566949476
24.617308654327164	0.038316976252562265	0.09523982223970731
24.750375187593797	0.03810359621975117	0.09547291116767749
24.88344172086043	0.038484236384853016	0.09590530916237776
25.016508254127064	0.03868236904511814	0.09588688978858605
25.149574787393696	0.038792896606771425	0.09585934616254867
25.28264132066033	0.03889977921070958	0.09608921477296146
25.415707853926964	0.038881062145592095	0.09576286745633852
25.548774387193596	0.03861117286036126	0.09615982272566831
25.68184092046023	0.03825310342191722	0.09654570781925516
25.814907453726864	0.038289152610116214	0.09645424888036816
25.947973986993496	0.038575609100424645	0.09681946663239276
26.081040520260128	0.03888058972384615	0.09665037250449995
26.214107053526764	0.038910293585169065	0.09680204877197593
26.347173586793396	0.039198490331639566	0.09689235633436843
26.480240120060028	0.039256307187314717	0.09694322735447612
26.613306653326664	0.03935624765911959	0.09688888205037587
26.746373186593296	0.039325640245968026	0.09771303846696172
26.879439719859928	0.039637147774981236	0.09787067117030364
27.012506253126563	0.03978970619135494	0.09867203458374771
27.145572786393195	0.03962731464156869	0.09834029053698026
27.278639319659828	0.03992557886373653	0.09857849558416625
27.411705852926463	0.040139513970994266	0.09892104941545922
27.544772386193095	0.04010801603492584	0.09901462926948196
27.67783891945973	0.0400491588784599	0.09895909509253303
27.810905452726363	0.039918039568682465	0.09925011439350793
27.943971985992995	0.04012666177078818	0.09912106955496634
28.07703851925963	0.040246402442992595	0.09931337796171115
28.210105052526263	0.04058547427922721	0.09918444840362188
28.343171585792895	0.04079566823645533	0.0995762316622902
28.47623811905953	0.04093434755573962	0.10018877857191644
28.609304652326163	0.04084779046637407	0.10053404929573097
28.742371185592795	0.04081483450200926	0.10082467994690783
28.87543771885943	0.041084926470689044	0.10141162085442924
29.008504252126063	0.04115627773276571	0.10167809112919074
29.141570785392695	0.04122811811688609	0.10159032871429534
29.27463731865933	0.04137463130066151	0.10189636000886917
29.407703851925962	0.04152744523622963	0.10184113090030178
29.540770385192594	0.04140894094811716	0.10207297495480337
29.67383691845923	0.04138923523947945	0.10240744085834948
29.806903451725862	0.04139191454600052	0.10243428951032442
29.939969984992494	0.04166255227707824	0.10217701444287408
30.07303651825913	0.04181911987812309	0.10298818832951291
30.206103051525762	0.04195996036707571	0.10297331256477085
30.339169584792394	0.04170936902997526	0.10334101199709048
30.47223611805903	0.041768270991259834	0.10296320048074581
30.605302651325662	0.04185329358090491	0.1029926200853441
30.738369184592294	0.04184388606908537	0.10316086987398129
30.87143571785893	0.04209681355093578	0.10375013161949846
31.00450225112556	0.041857222254171225	0.10376711681621387
31.137568784392194	0.042081711888990216	0.10427067775630439
31.27063531765883	0.042006139005821515	0.10466414166269818
31.40370185092546	0.04173425915400084	0.1048967037552427
31.536768384192094	0.04175275888659353	0.10509572951796754
31.66983491745873	0.04169111163455542	0.10532491454814114
31.80290145072536	0.0416220669012107	0.10543001549324148
31.935967983991993	0.041674883865449014	0.10532437688386793
32.06903451725863	0.041640282704479926	0.10585288612772356
32.202101050525265	0.041851285738342674	0.10617058904849924
32.33516758379189	0.04164141423746964	0.10670914288810684
32.46823411705853	0.04190972783297991	0.10664747564750977
32.601300650325165	0.041912644414788765	0.10625732088313414
32.73436718359179	0.041909418682120815	0.10614630859403804
32.86743371685843	0.04221292771804526	0.10619160603518382
33.000500250125064	0.04224906561050532	0.10659472986929136
33.13356678339169	0.042402242095719286	0.10690540846563903
33.26663331665833	0.04238991074350283	0.1073433396700063
33.399699849924964	0.04229544620693058	0.10719324722289367
33.53276638319159	0.04211220934320725	0.10744575075654722
33.66583291645823	0.04234315148131648	0.10771693607231904
33.798899449724864	0.042257648320948825	0.10769441880724746
33.93196598299149	0.04218599857576775	0.10788591023903238
34.06503251625813	0.04237969901712481	0.10794660142411604
34.198099049524764	0.04231888035232718	0.10788144685496033
34.33116558279139	0.042295689155473375	0.10781680253128682
34.46423211605803	0.04223856259150368	0.10773423561338286
34.597298649324664	0.04231119714262217	0.10805657741328317
34.73036518259129	0.04229344775858835	0.10809254315514503
34.86343171585793	0.04233641906140615	0.10844034420745396
34.99649824912456	0.04262818077650608	0.10828315550468785
35.12956478239119	0.04266130186189792	0.10790813784727674
35.26263131565783	0.042877494918600816	0.10771876133062577
35.39569784892446	0.042754033592752066	0.10793418895088408
35.52876438219109	0.043153604475433094	0.10856447633895312
35.66183091545773	0.04349660002964088	0.10870862264889931
35.79489744872436	0.043294120771460796	0.10866478479906004
35.92796398199099	0.043417605250228336	0.10854676679352934
36.06103051525763	0.043332141231043876	0.10869185045067747
36.19409704852426	0.04333117644833705	0.10899473449778407
36.32716358179089	0.04342063047885541	0.10921877689385162
36.46023011505753	0.043589418259192415	0.10920982137839483
36.59329664832416	0.04385158106980615	0.10956048875773086
36.72636318159079	0.043603403872684764	0.11000938928213436
36.85942971485743	0.04350786488510698	0.11053441821242102
36.99249624812406	0.043337650811458864	0.11103262481588835
37.12556278139069	0.04331061161865537	0.11136686114075875
37.25862931465733	0.043600213633892076	0.11195699674586235
37.39169584792396	0.04342315664904144	0.11198170192375388
37.52476238119059	0.04332641379155307	0.11183341113208653
37.65782891445723	0.04332118529865973	0.11235446286250891
37.79089544772386	0.04317993059298742	0.11218973108169468
37.92396198099049	0.04343555298135572	0.11250091912850133
38.05702851425713	0.04352142898070748	0.11254098182849333
38.19009504752376	0.04374879011792803	0.11257487997366478
38.3231615807904	0.0438011819929568	0.11258060645728382
38.456228114057026	0.04371616802354782	0.11249601986603985
38.58929464732366	0.043748177716599716	0.11188075460252446
38.7223611805903	0.043702234084785255	0.11223524876590053
38.855427713856926	0.043583778455734364	0.11220777191480179
38.98849424712356	0.043606825533091614	0.11232200588772162
39.1215607803902	0.04363730231585094	0.11238940985806975
39.254627313656826	0.04393755131006383	0.11251052078887278
39.38769384692346	0.044055555619867785	0.11230983741635207
39.5207603801901	0.04406343557310024	0.11262149497570444
39.653826913456726	0.044109178532771444	0.11272961669138233
39.78689344672336	0.04397615158135062	0.11336836022901395
39.91995997999	0.04398863972871676	0.11361802481263215
40.053026513256626	0.04415856182925529	0.11379870932271294
40.18609304652326	0.044530319379591995	0.11391695629452314
40.3191595797899	0.04443857903048639	0.113495351212298
40.452226113056525	0.04461597765834567	0.113826276439341
40.58529264632316	0.04449555632822143	0.11435792383068205
40.7183591795898	0.04436273437327404	0.1138420603849608
40.851425712856425	0.04424443314882264	0.11385814996226769
40.98449224612306	0.04432331736844902	0.11379440927423068
41.1175587793897	0.04445250426242837	0.1141499198138534
41.250625312656325	0.0443482745356796	0.11427346495188896
41.38369184592296	0.04431973386496011	0.1138248562255328
41.516758379189596	0.0444160161324103	0.11369734227387235
41.649824912456225	0.04469699857873219	0.11352689187571188
41.78289144572286	0.044814741702102714	0.11280587612446026
41.915957978989496	0.04463584558504849	0.11287672988885337
42.049024512256125	0.0448275429635236	0.11294709084937057
42.18209104552276	0.04534578354111058	0.11287377373842258
42.315157578789396	0.04552282755720264	0.11309485696643348
42.448224112056025	0.045319284405597064	0.11342828326754638
42.58129064532266	0.045380146795880684	0.1136382719145503
42.714357178589296	0.04561645174553233	0.1139479282092047
42.847423711855924	0.04576767833677616	0.11455935110606637
42.98049024512256	0.04540186885590823	0.11423978641356794
43.113556778389196	0.045578549768948345	0.114046021091412
43.246623311655824	0.04589111362242723	0.11398336483695436
43.37968984492246	0.046119768233933475	0.11368889509013809
43.512756378189096	0.045773724977110374	0.11441197289309309
43.645822911455724	0.04563980410515818	0.11500214221424344
43.77888944472236	0.045517748792530864	0.11510622845582567
43.911955977988995	0.04524557532602272	0.11587913167231866
44.045022511255624	0.04536689683561838	0.11617709597665708
44.17808904452226	0.04574732118599326	0.11586297444335822
44.311155577788895	0.045996913783042104	0.11628522298705277
44.444222111055524	0.0461723642847636	0.11669608666926064
44.57728864432216	0.04617653337552695	0.1169588084344561
44.710355177588795	0.04611452902639586	0.11651404100437461
44.843421710855424	0.0459914643832483	0.11659631646588323
44.97648824412206	0.04597429821568806	0.11694360593923116
45.109554777388695	0.04600563153350478	0.11696057497057857
45.24262131065532	0.04623522905851516	0.11684486862565066
45.37568784392196	0.046276080565752636	0.11688462074909599
45.508754377188595	0.04617490996160712	0.11670990436822751
45.64182091045522	0.04623454490007845	0.1173295167069052
45.77488744372186	0.0462747285459714	0.11766500036214413
45.907953976988495	0.046320359888957476	0.11736906238725621
46.04102051025512	0.04639909265958412	0.11756988055912353
46.17408704352176	0.0464599404712708	0.1178695488819491
46.307153576788394	0.04658877954472003	0.11732411878538276
46.44022011005502	0.04700973035664054	0.11751033378341887
46.57328664332166	0.04680753332714197	0.11760091414817428
46.706353176588294	0.04693306838007832	0.11764518789813679
46.83941970985492	0.0471237058680072	0.11762493723291946
46.97248624312156	0.047412017001026374	0.11795838030635782
47.105552776388194	0.047320928109052626	0.1183495123479606
47.23861930965483	0.04736377712684615	0.1181875124471629
47.37168584292146	0.04733119303843992	0.11790191745251792
47.504752376188094	0.04743442187599566	0.11786043589023028
47.63781890945473	0.047947897278857454	0.11765076886225348
47.77088544272136	0.047909544531821044	0.1179827208802914
47.903951975987994	0.04792640715234427	0.11830623309095174
48.03701850925463	0.04774432081070192	0.11823218655810018
48.17008504252126	0.04782600181773909	0.11827844894964455
48.30315157578789	0.04786256938825229	0.11838893243083505
48.43621810905453	0.04800802623584089	0.11894526958534206
48.56928464232116	0.04806750284056128	0.11898325386112162
48.70235117558779	0.04826317316491898	0.11977224791655372
48.83541770885443	0.04824179208238884	0.1199667535177326
48.96848424212106	0.048144227547428496	0.11930776614687183
49.10155077538769	0.0481822348495479	0.1194819205462715
49.23461730865433	0.04833561869017107	0.11992930397819612
49.36768384192096	0.048663358028292934	0.11978476328457932
49.50075037518759	0.04859648275824031	0.1194932680797594
49.63381690845423	0.048377137092956476	0.12009601755036814
49.76688344172086	0.04856170331088031	0.11980989505044905
49.89994997498749	0.04825804578525366	0.1199273515682323
50.03301650825413	0.04833315507692155	0.1200115815289085
50.16608304152076	0.04795858212713537	0.11986802734945738
50.29914957478739	0.048007254960875594	0.11999955619796793
50.43221610805403	0.047985402385950185	0.12044850065215708
50.56528264132066	0.04791369645588194	0.12048639560612792
50.69834917458729	0.0478974011638396	0.12049622910109693
50.83141570785393	0.0481267250808777	0.12106058457036355
50.96448224112056	0.04835400176941886	0.12083419293918804
51.09754877438719	0.04829429611528669	0.12071611731169613
51.23061530765383	0.04835173206058145	0.12019496214996747
51.36368184092046	0.048188545672070926	0.12058360912634881
51.49674837418709	0.04830592579547118	0.12055911384689993
51.62981490745373	0.048392835038711286	0.12049938793537984
51.762881440720356	0.04872268644101606	0.12034674487644768
51.89594797398699	0.049215039383601986	0.12019240266293131
52.02901450725363	0.04910615827328065	0.12039907752927198
52.162081040520256	0.04899520191654274	0.12055689718779779
52.29514757378689	0.04921164606662191	0.12098811903819535
52.42821410705353	0.04952443355002674	0.12099096065351043
52.561280640320156	0.049658372328770344	0.12092868080785044
52.69434717358679	0.049642257284938006	0.12102402785900135
52.82741370685343	0.04940907945141172	0.12088981387487387
52.960480240120056	0.04938279485742711	0.12088573292986268
53.09354677338669	0.0493911644323366	0.12079007598376736
53.22661330665333	0.04942515470590668	0.12108027334006262
53.359679839919956	0.049153925243405276	0.12085286152329809
53.49274637318659	0.04924700795944627	0.12121439418364238
53.62581290645323	0.04949898157805237	0.12116300114344446
53.758879439719855	0.04937243580466417	0.12155198634204681
53.89194597298649	0.049257948942595345	0.12153947096218805
54.02501250625313	0.04922088039940235	0.12127074199257151
54.158079039519755	0.04906666546687539	0.12131695984985276
54.29114557278639	0.049387812013158026	0.12114469309538106
54.42421210605303	0.049798757268142875	0.12095464294553654
54.557278639319655	0.049845820500823826	0.12038403851022582
54.69034517258629	0.04948111476703742	0.12010852624287749
54.823411705852926	0.049485240939892254	0.12068741534989604
54.956478239119555	0.04951632818314987	0.12076897689541467
55.08954477238619	0.049601846650438555	0.1211827563790102
55.222611305652826	0.049611379458538045	0.12137069949985366
55.35567783891946	0.04949887400490798	0.12132694234156617
55.48874437218609	0.04935743927562813	0.12196726069484867
55.621810905452726	0.04955949936567805	0.12247489165002881
55.75487743871936	0.04973105463074244	0.12254553647769799
55.88794397198599	0.04977941545737875	0.12190441604634683
56.021010505252626	0.04946099328918113	0.12176498297906266
56.15407703851926	0.04962223844874979	0.12170697024309035
56.28714357178589	0.04965272840148603	0.12198939485297917
56.420210105052526	0.04955700114918892	0.12216447127150812
56.55327663831916	0.049500817897937886	0.1220161227343893
56.68634317158579	0.049642275047614697	0.12194951315797224
56.819409704852426	0.04954525496115298	0.12227759299697376
56.95247623811906	0.04966024436940637	0.12220350621865907
57.08554277138569	0.049968167232237605	0.12244469410842806
57.218609304652325	0.04992485931162839	0.12215844091313456
57.35167583791896	0.050034980039089814	0.12260030955358012
57.48474237118559	0.050075566065215495	0.12267262832019785
57.617808904452225	0.04997667481091444	0.12220101341683803
57.75087543771886	0.04984120450762647	0.12211820337315824
57.88394197098549	0.04978995752672012	0.12230838190283588
58.017008504252125	0.04977419916665789	0.12192800635782942
58.15007503751876	0.04985071320155813	0.12190753702944326
58.28314157078539	0.04967549865567299	0.12190995740169465
58.416208104052025	0.04985299948944029	0.12223913419230888
58.54927463731866	0.0498757041767567	0.12220955460869352
58.68234117058529	0.04968760226646979	0.12216664464454213
58.815407703851925	0.04976088029711688	0.12225284249103872
58.94847423711856	0.05008081738048337	0.12212512340015234
59.08154077038519	0.050156885123006666	0.12198824501489763
59.214607303651825	0.05014114797444312	0.12176299840461742
59.34767383691846	0.049986762608207835	0.12180001181031107
59.48074037018509	0.05009489841530289	0.12187679560901064
59.613806903451724	0.05046261854551384	0.12181859986243727
59.74687343671836	0.05061355364292299	0.12202005859891604
59.87993996998499	0.05067705464641587	0.12233273120144478
60.013006503251624	0.050895476128087806	0.122217937642846
60.14607303651826	0.05095885937492636	0.12201002253003057
60.27913956978489	0.05104147424991465	0.1224057607859973
60.412206103051524	0.05089059373491163	0.12248007340332792
60.54527263631816	0.051182322021290715	0.12245033443754005
60.67833916958479	0.05146567798748177	0.1221922152920997
60.811405702851424	0.051823716715858975	0.12219971810752
60.94447223611806	0.051831206767207635	0.12189094483467068
61.07753876938469	0.05183267232285514	0.1216976473823148
61.210605302651324	0.05209733721224158	0.12208397724588958
61.34367183591796	0.05198797490453675	0.12197473840165635
61.47673836918459	0.05226333242924005	0.12183439391987058
61.60980490245122	0.051983411865257755	0.12213634472837162
61.74287143571786	0.052116553916754405	0.1220183463671541
61.87593796898449	0.05223612863699146	0.12213862175550201
62.00900450225112	0.05209705861768988	0.12179770199755614
62.14207103551776	0.052296625438125445	0.12215169659703362
62.27513756878439	0.05221016569983965	0.12203268265824009
62.40820410205102	0.05245521076473594	0.12231428236005712
62.54127063531766	0.05270539749555336	0.12257116904858559
62.67433716858429	0.052520026397118016	0.12241286482623975
62.80740370185092	0.05220617809564003	0.12254247451439516
62.94047023511756	0.052307528300811486	0.12311045009787551
63.07353676838419	0.051990144447108214	0.123712045802555
63.20660330165082	0.0519901472964363	0.12347601540926269
63.33966983491746	0.05213710893643496	0.12341244974051384
63.47273636818409	0.05208163311902537	0.1236945420823609
63.60580290145072	0.05193842636896985	0.12351601100671478
63.73886943471736	0.0519101444682883	0.12344496617003581
63.87193596798399	0.05176723426291164	0.12330462705533955
64.00500250125063	0.05161193764391989	0.1238605894605432
64.13806903451726	0.051765236851758795	0.12411197186547485
64.27113556778389	0.05174132173211044	0.12429703799114732
64.40420210105053	0.0517014676271469	0.12415864462785418
64.53726863431716	0.051814272018431196	0.12432843210829343
64.67033516758379	0.051737554146710614	0.12441034464602208
64.80340170085043	0.05147537735535796	0.12464841057777536
64.93646823411706	0.05163460265275399	0.1246483766818508
65.06953476738369	0.05178506749152582	0.12487766549870485
65.20260130065033	0.05196885498343843	0.12496079216160623
65.33566783391696	0.05227178133094733	0.1255272582171072
65.46873436718359	0.05223929353922156	0.12509204243113178
65.60180090045023	0.05225108736353595	0.12465641096107834
65.73486743371686	0.052424518059109186	0.12455464146787831
65.86793396698349	0.052254883339329594	0.12474823807183272
66.00100050025013	0.052241775863896125	0.12476664151763683
66.13406703351676	0.052285885490230555	0.1246867638259751
66.26713356678339	0.05208311043277031	0.1251835878522711
66.40020010005003	0.05180371109355257	0.1256404336312429
66.53326663331666	0.05180443611245306	0.12568066871931627
66.66633316658329	0.05187217976531126	0.12600774943702867
66.79939969984993	0.051770803130373404	0.126389908411836
66.93246623311656	0.051778323997226906	0.12614932037501175
67.06553276638319	0.05182591344653127	0.12595414354956447
67.19859929964983	0.051627895363542	0.1258760907197695
67.33166583291646	0.05187516915577142	0.12594945234582428
67.46473236618309	0.052053950869744035	0.12549494391093524
67.59779889944973	0.052060632381947504	0.12544887269660443
67.73086543271636	0.05202624977270014	0.12548818324148456
67.86393196598299	0.052143904402887756	0.125507416978319
67.99699849924963	0.05235835101818806	0.1250507343757394
68.13006503251626	0.05252160327065769	0.12537121585212532
68.26313156578288	0.05278344310615695	0.1257118693780603
68.39619809904953	0.05299654096202753	0.1260244048342827
68.52926463231616	0.05308753267292295	0.12652324122906353
68.66233116558278	0.05323138502124832	0.12635157499232882
68.79539769884943	0.05339891145114498	0.1264775806486804
68.92846423211606	0.053445022374665356	0.12664463509974766
69.06153076538268	0.05350634420066647	0.12650487047345393
69.19459729864933	0.05351406016327909	0.1261736733076471
69.32766383191596	0.05341214821439774	0.12619892711863806
69.46073036518258	0.0530731284737296	0.12636041959047556
69.59379689844923	0.053265005235552124	0.12645826246051348
69.72686343171586	0.0533681643737814	0.1270452197397822
69.85992996498248	0.05352237258964478	0.12705484322081495
69.99299649824913	0.053538837059799525	0.12699289093842084
70.12606303151576	0.053449603085520644	0.12676598676725398
70.25912956478238	0.053362987688577945	0.1266444828484379
70.39219609804903	0.053308539085955245	0.12669045736883636
70.52526263131566	0.05344383443542332	0.12633450753870218
70.65832916458228	0.0535291103652237	0.1262446034759228
70.79139569784893	0.05369415141884557	0.12655094131181868
70.92446223111556	0.05374907767842706	0.12674607276455235
71.05752876438218	0.053716882933128096	0.1267953578431436
71.19059529764883	0.053686187904597255	0.12728069496857328
71.32366183091546	0.054016744791793456	0.12748414622135404
71.45672836418208	0.05415861332464199	0.12759288162430477
71.58979489744873	0.05395309614524041	0.127538546520798
71.72286143071535	0.05371117495297494	0.1274859007894633
71.85592796398198	0.053941183096921676	0.1277925415779218
71.98899449724863	0.054106442934843166	0.12807634752655983
72.12206103051525	0.053908545665870874	0.12804413641992823
72.25512756378188	0.0539693171330587	0.12774726695240926
72.38819409704853	0.053970324270281034	0.1273747348548768
72.52126063031515	0.05394948540828843	0.12764626856950081
72.65432716358178	0.05387071789340798	0.12819562335252283
72.78739369684843	0.05386612684872314	0.12866053777359157
72.92046023011505	0.0539734029779062	0.1287518208139896
73.05352676338168	0.05375905569249653	0.12899592590915748
73.18659329664833	0.05386010638427148	0.12870412664093778
73.31965982991495	0.05385090925507962	0.12886250496208532
73.45272636318158	0.053561744349559015	0.12851280269752785
73.58579289644823	0.053630952609521956	0.12846057324883928
73.71885942971485	0.053618622050982716	0.128396349374019
73.85192596298148	0.05364212287871403	0.128300564465507
73.98499249624813	0.05330403579143043	0.12792011831558336
74.11805902951475	0.05327121765854463	0.12771946156124292
74.25112556278138	0.05314642681568316	0.1276804343992572
74.38419209604803	0.0533072092905986	0.12783834148306358
74.51725862931465	0.05353449049336596	0.1280828692040726
74.65032516258128	0.05339674036336992	0.12813593427969674
74.78339169584793	0.05371145939311682	0.1282725804442607
74.91645822911455	0.05389148154624688	0.1281329498385475
75.04952476238118	0.05391280707518881	0.12843162017380785
75.18259129564782	0.053989955685111925	0.12888201215442338
75.31565782891445	0.054151665319347946	0.129199876405338
75.44872436218108	0.05427212852987529	0.12963037859403884
75.58179089544772	0.054436553019025107	0.1294710699926291
75.71485742871435	0.05463404324620775	0.1295917240874384
75.84792396198098	0.05465708611471329	0.12943902165613108
75.98099049524762	0.054686755521954594	0.12907531276576423
76.11405702851425	0.054562928988253524	0.12866475195177127
76.24712356178088	0.054500337365620675	0.1281867810507203
76.38019009504752	0.05495916276420359	0.12807133277084282
76.51325662831415	0.05482048847745971	0.12805902452870313
76.6463231615808	0.05480828201285591	0.1280264291884389
76.77938969484742	0.054833187080969195	0.12803621020462855
76.91245622811405	0.05493241191087546	0.1278879639999458
77.0455227613807	0.05519899479484996	0.1276155662162846
77.17858929464732	0.05544176957891187	0.12763031820477885
77.31165582791395	0.055712088433082	0.12740322024569603
77.4447223611806	0.055852205868790084	0.12755681677221864
77.57778889444722	0.05618451539692911	0.12761957542645241
77.71085542771385	0.0559289350698075	0.1277864131143958
77.8439219609805	0.05623541536749026	0.12801268967702256
77.97698849424712	0.05658107951004466	0.12788102065308898
78.11005502751375	0.056390833726896426	0.1283955013097809
78.2431215607804	0.056368309931084076	0.1291057542343579
78.37618809404702	0.05636588631938569	0.12887047262638468
78.50925462731365	0.05642053621524793	0.12832083266223276
78.6423211605803	0.056272596954985266	0.12791397152080988
78.77538769384692	0.05599461759268037	0.1277169801721004
78.90845422711355	0.05606283022450674	0.12790615618744997
79.0415207603802	0.0559596691646331	0.12782169174287267
79.17458729364682	0.056125892777693594	0.12769071549780803
79.30765382691345	0.05607129673533201	0.1277333722485166
79.4407203601801	0.05589519650089778	0.12753277445528421
79.57378689344672	0.05534868017352346	0.12739535410368463
79.70685342671335	0.05534162844933258	0.12737279550173727
79.83991995998	0.05539776386488027	0.12748094475243307
79.97298649324662	0.055386421639790816	0.12767955964038727
80.10605302651325	0.05564776246190733	0.12790984725729967
80.2391195597799	0.05584100165052772	0.1281082161533293
80.37218609304652	0.055849097747595944	0.12818849836655666
80.50525262631315	0.055830912732270296	0.12866408690496545
80.6383191595798	0.05593550051426937	0.12867746302549168
80.77138569284642	0.055871930733999216	0.1285504703547899
80.90445222611305	0.05614216947840702	0.1280848397041113
81.0375187593797	0.05632533957030474	0.12811336944747087
81.17058529264632	0.056309541496877655	0.1283189173903657
81.30365182591295	0.05646045140067018	0.1282121842278683
81.4367183591796	0.05664737139464493	0.12819121079530402
81.56978489244622	0.0568418872121991	0.12790253678433597
81.70285142571285	0.056678634411972975	0.12712699885441886
81.8359179589795	0.05669388693632214	0.1269452785899701
81.96898449224612	0.05670084712678854	0.12747921640492446
82.10205102551275	0.05681799364813085	0.12759913014784272
82.2351175587794	0.056964521930694546	0.1276659733262153
82.36818409204602	0.0570101795960719	0.1277218684563787
82.50125062531265	0.05679205365485217	0.12813129524638434
82.6343171585793	0.05694702422247531	0.12851018098204764
82.76738369184592	0.05711397932095717	0.1286017092881435
82.90045022511255	0.05704530513393478	0.12815510430545413
83.03351675837919	0.0571162718875384	0.12785090976797428
83.16658329164582	0.05704091953577488	0.12776644092148512
83.29964982491245	0.057069296200818645	0.12835917664453472
83.43271635817909	0.057152547034686224	0.12848146791867168
83.56578289144572	0.05706168836505778	0.12806844005987522
83.69884942471235	0.05677156270767697	0.12832752205614908
83.83191595797899	0.056654968597312574	0.12885426156438912
83.96498249124562	0.05656363279909341	0.1288040208521416
84.09804902451225	0.05673916068719799	0.12903125959400596
84.23111555777889	0.057120187568455195	0.1290947235162168
84.36418209104552	0.05722275266198747	0.129200020876583
84.49724862431215	0.05702085083963204	0.12947154405580502
84.63031515757879	0.05716326077748085	0.12927708724676945
84.76338169084542	0.057373232568264064	0.12938968575506946
84.89644822411205	0.05768240011106981	0.12937429500547212
85.02951475737869	0.057678277667346414	0.1294870597970434
85.16258129064532	0.057538507773108996	0.1298307301616738
85.29564782391195	0.05744630354093552	0.12984686267597292
85.42871435717859	0.05728842093350592	0.12983389125483452
85.56178089044522	0.057278056786314625	0.1297638114574997
85.69484742371185	0.057269904502094425	0.130171687519193
85.82791395697849	0.05745502366215562	0.13041376612696903
85.96098049024512	0.05767549262364433	0.1305407943171481
86.09404702351175	0.05764368309354557	0.1308518918155314
86.22711355677839	0.057708303233026434	0.13118180778895205
86.36018009004502	0.057633030394389	0.13108336534429824
86.49324662331165	0.05747991719494994	0.13118090440799832
86.62631315657829	0.05709287536676718	0.1313024948901771
86.75937968984492	0.05733214744426249	0.13141903647769898
86.89244622311155	0.057508291322092855	0.13096119221064612
87.02551275637819	0.057584623702033835	0.13119699956040703
87.15857928964482	0.05742427226581851	0.13122309787089734
87.29164582291145	0.05739084258933618	0.13129599271872414
87.42471235617809	0.05766319393242602	0.13190770523428666
87.55777888944472	0.05774621630947169	0.1320861804694307
87.69084542271135	0.05786308324830472	0.1314245085533001
87.82391195597799	0.05835991748912423	0.13104829351111444
87.95697848924462	0.05853739584274881	0.13082010989100593
88.09004502251125	0.058292379489149636	0.13077970376706222
88.22311155577789	0.05839613872373698	0.13064593532960952
88.35617808904452	0.05811618854872913	0.1305641167088286
88.48924462231115	0.058178599939037304	0.13109127766947573
88.62231115557779	0.05857982977277765	0.13083182169566235
88.75537768884442	0.058612020153577964	0.13052318350080605
88.88844422211105	0.05854164340281019	0.13062016046935065
89.02151075537769	0.058639228828442844	0.13097853922993397
89.15457728864432	0.05902608930230911	0.1311953487871539
89.28764382191095	0.05890230639997395	0.13128962648884562
89.42071035517759	0.059078449450526024	0.13183010126477815
89.55377688844422	0.05872449960270559	0.13219140118655653
89.68684342171085	0.05842956122379116	0.13215791298142235
89.81990995497749	0.05874743114765901	0.1325047582914762
89.95297648824412	0.0587542709305903	0.13282570914887654
90.08604302151075	0.058530102133975456	0.13329744646532535
90.21910955477739	0.05864241373030554	0.1329541872464989
90.35217608804402	0.058394856676685654	0.132686206819978
90.48524262131065	0.05841610265138607	0.1327937968876882
90.61830915457729	0.05830094567283482	0.1324921323952366
90.75137568784392	0.058344378592298254	0.13186986090624284
90.88444222111055	0.05851159553686929	0.13177141628824066
91.01750875437719	0.05859433368903853	0.13183423760348428
91.15057528764382	0.058542499117000754	0.13161908025537541
91.28364182091045	0.05844797280211348	0.1313860389255629
91.41670835417709	0.05853292159742727	0.1315781635414835
91.54977488744372	0.05846691138220156	0.1314878074893748
91.68284142071035	0.05855279294023576	0.13131765372213017
91.81590795397699	0.05850068042742043	0.13154527956721893
91.94897448724362	0.058392044408778626	0.13192989861724463
92.08204102051025	0.058704554627300884	0.13274034348556393
92.21510755377689	0.05891896091441055	0.13306727394826445
92.34817408704352	0.05880085557260802	0.13317649358063072
92.48124062031015	0.058695624068164524	0.13327842526383832
92.61430715357679	0.05847339345699736	0.13374456353389497
92.74737368684342	0.058393612465990924	0.13363361256887618
92.88044022011005	0.05847901950639325	0.13327794542027055
93.01350675337669	0.058609963631402424	0.1332989611955753
93.14657328664332	0.05852289361847759	0.13358213657718407
93.27963981990995	0.058211687559264216	0.1339268194383865
93.41270635317659	0.05800453011798392	0.13413565878191444
93.54577288644322	0.05791073785708235	0.1344081600947538
93.67883941970985	0.0575345393638529	0.13449773985709848
93.81190595297649	0.05746960827147287	0.13457853118152366
93.94497248624312	0.05762622525288738	0.13466261829711806
94.07803901950976	0.057533460453080165	0.13465841167168
94.21110555277639	0.05723217868223232	0.1346512656884722
94.34417208604302	0.05707732367664323	0.134686666930017
94.47723861930966	0.057296619802178705	0.13495086044832058
94.61030515257629	0.05681627128837606	0.1346093685001916
94.74337168584292	0.05679969315086081	0.1342628670869782
94.87643821910956	0.05688957512922313	0.13458160537498742
95.00950475237619	0.056760171015692334	0.13475722214689898
95.14257128564282	0.0565496780040219	0.1347179487601389
95.27563781890946	0.05650882775043955	0.13419148707612688
95.40870435217609	0.05661320691429261	0.13390680638309918
95.54177088544272	0.05685201088395031	0.1336276306548695
95.67483741870936	0.05686263756408953	0.1338616797794496
95.80790395197599	0.056961000325322	0.134163048099761
95.94097048524262	0.057210280076330326	0.1339789207337281
96.07403701850926	0.057115689580503774	0.13421373064596562
96.20710355177589	0.057623665081719386	0.13412440848964718
96.34017008504252	0.05760807710065443	0.13425470102911774
96.47323661830916	0.057439039640999646	0.13434131041638056
96.60630315157579	0.05722567520253821	0.13443464686446482
96.73936968484242	0.057097291233921675	0.1342907250001678
96.87243621810906	0.05713857579678036	0.13391094837745038
97.00550275137569	0.05714651786796767	0.13370688203676928
97.13856928464232	0.05727391577083649	0.1336818208388283
97.27163581790896	0.057276375668273684	0.13391595034502057
97.40470235117559	0.05734983100325434	0.1338720367686025
97.53776888444222	0.05757639761637826	0.13448732672190197
97.67083541770886	0.05772726260548192	0.13446284779014064
97.80390195097549	0.05781649538857187	0.13405490153147975
97.93696848424212	0.057722939535377014	0.13420896969298676
98.07003501750876	0.057648011599092566	0.13422637470262852
98.20310155077539	0.057671851808342264	0.13420478847455633
98.33616808404201	0.05781962847392959	0.1341393300686203
98.46923461730866	0.058026748280302506	0.1339943949749235
98.60230115057529	0.05836913672068539	0.1341622599646487
98.73536768384191	0.05816199384712932	0.13408479949013394
98.86843421710856	0.05780804069853482	0.13375174662005504
99.00150075037519	0.05762971831667048	0.1336273248947695
99.13456728364181	0.05760199558741667	0.13346070248932898
99.26763381690846	0.05765124081626224	0.13387878215402302
99.40070035017509	0.057799385067121886	0.13405807143608814
99.53376688344171	0.05758792774534702	0.13423613972869866
99.66683341670836	0.057634539531634596	0.1349017093023288
99.79989994997499	0.05777963475879432	0.1352238234680232
99.93296648324161	0.05767517236001226	0.13555881732010808
100.06603301650826	0.05801413878598022	0.1355586829947354
100.19909954977489	0.058298982585100856	0.1353919310239539
100.33216608304151	0.05854125902208927	0.13573867500877693
100.46523261630816	0.05892400930106907	0.1355995107383647
100.59829914957479	0.059360678642382037	0.13535859923516552
100.73136568284141	0.05938519208065571	0.13597962088265575
100.86443221610806	0.05928442102119713	0.13592652321224213
100.99749874937469	0.059084950444855164	0.13565483070184386
101.13056528264131	0.05932750274157311	0.1359361288018662
101.26363181590796	0.059760564825412	0.13606496502602616
101.39669834917459	0.05982624281111027	0.13598448948837508
101.52976488244121	0.05988766964579051	0.13613689444112229
101.66283141570786	0.05984429382030999	0.13619800851251476
101.79589794897448	0.059872978740893805	0.136333982871782
101.92896448224111	0.05995676859041528	0.1358702902516177
102.06203101550776	0.0598418419225447	0.1355811086432014
102.19509754877438	0.060209857979313025	0.13572458213071345
102.32816408204101	0.060484885561080094	0.13602993108400185
102.46123061530766	0.060374893007302095	0.13607624124839643
102.59429714857428	0.060517512583266674	0.1354809695015943
102.72736368184091	0.06117701655625618	0.1353730952050082
102.86043021510756	0.06107763810722578	0.13571155599392112
102.99349674837418	0.061054408555232524	0.1357350728824618
103.12656328164081	0.061304210237727905	0.1354276494600308
103.25962981490746	0.0613807537164221	0.13507291835835109
103.39269634817408	0.06178196637228431	0.1352619469187897
103.52576288144071	0.061907765443198697	0.13529493752800947
103.65882941470736	0.06190200795549066	0.13517940009279703
103.79189594797398	0.061889339350387026	0.13478880087598316
103.92496248124061	0.06181554992553963	0.13434741363493605
104.05802901450726	0.061822199707498776	0.13445744919632419
104.19109554777388	0.061750888741834986	0.13462204192493413
104.32416208104051	0.061701018192991064	0.13441274529472894
104.45722861430716	0.061467034516937434	0.13435443233112915
104.59029514757378	0.06124479213747985	0.13441258873154377
104.72336168084041	0.06121510536290638	0.13449112254868503
104.85642821410705	0.0611896944063892	0.13427493630748638
104.98949474737368	0.06157004785986545	0.13421160514119038
105.12256128064031	0.062187133604177706	0.1342551883548432
105.25562781390695	0.062258263226544236	0.13389745194122363
105.38869434717358	0.06228296389447035	0.1339408538837165
105.52176088044021	0.06250405413161372	0.13381796238115629
105.65482741370685	0.06242506323406494	0.1339836400120184
105.78789394697348	0.06252520673923949	0.1334871470554262
105.92096048024011	0.062465689738829586	0.13351717783917302
106.05402701350675	0.062401850848562	0.13385861293442589
106.18709354677338	0.062370627812493744	0.13390028093399228
106.32016008004001	0.06229760289434656	0.1338514946447597
106.45322661330665	0.06216805637782472	0.13374000683295081
106.58629314657328	0.061956613484802255	0.13329588911832366
106.71935967983991	0.0620710372036732	0.1337440819619725
106.85242621310655	0.06239333374387486	0.1338207345624497
106.98549274637318	0.06268878447690998	0.13342861291183267
107.11855927963981	0.0627930501838285	0.13342297913938736
107.25162581290645	0.06277263592215478	0.1334597642304919
107.38469234617308	0.062845931971883	0.13335747931186115
107.51775887943971	0.06284781808964435	0.13327997153881443
107.65082541270635	0.06317400283016161	0.1333248954371761
107.78389194597298	0.06304351440489162	0.1337291334658723
107.91695847923961	0.06291161946874048	0.13393906024845356
108.05002501250625	0.06285689969524132	0.13408435001400795
108.18309154577288	0.06269166431874396	0.1342475220368836
108.31615807903951	0.06246370478427015	0.13426575930786572
108.44922461230615	0.06260569603562642	0.13416476577973185
108.58229114557278	0.06277848729721205	0.13416823139317394
108.71535767883941	0.06275035458198878	0.13429660060754348
108.84842421210605	0.062728598389183	0.13369247587050634
108.98149074537268	0.062853374367568	0.13323751711521728
109.11455727863931	0.06269522886655697	0.1333657530400138
109.24762381190595	0.06261923578410691	0.13364030778670155
109.38069034517258	0.06261232026336233	0.13340374257791462
109.51375687843921	0.062110819159060124	0.13345898778003698
109.64682341170585	0.06201139402671155	0.1336552659573637
109.77988994497248	0.062255874409227224	0.13343840138445362
109.91295647823911	0.06231069364213335	0.1336015470593303
110.04602301150575	0.06246970027007246	0.13415758497182112
110.17908954477238	0.06247961521829691	0.13459640296341535
110.31215607803901	0.062449713893647216	0.13472079461534292
110.44522261130565	0.0623852474822424	0.13533681907854597
110.57828914457228	0.06224146982603392	0.13569133894547528
110.71135567783892	0.06210026445038589	0.13505495715592725
110.84442221110555	0.062117325121030714	0.13522640298432922
110.97748874437218	0.06260648399364413	0.13577553743310855
111.11055527763882	0.0626865814470266	0.13569159071685588
111.24362181090545	0.0624255821423491	0.13567218218578983
111.37668834417208	0.062316677924349466	0.13604667170398013
111.50975487743872	0.06244672551158509	0.13606590309329084
111.64282141070535	0.062382613689530776	0.13593123396657156
111.77588794397198	0.0625584157847162	0.13624370982660647
111.90895447723862	0.06246658108323981	0.1363275860803665
112.04202101050525	0.06253465488235782	0.1358849879794096
112.17508754377188	0.06283815555715164	0.1355957015662995
112.30815407703852	0.06283993873529772	0.13556258595391538
112.44122061030515	0.06270507082592729	0.13575207888922833
112.57428714357178	0.06232795421985313	0.13532415119744204
112.70735367683842	0.062154376254741	0.13530206259872962
112.84042021010505	0.062225646206620966	0.1356840220425005
112.97348674337168	0.06224827387740358	0.13529118546137572
113.10655327663832	0.062233860589454355	0.1351538948203921
113.23961980990495	0.062390829575749644	0.13534277445637946
113.37268634317158	0.06218981438326465	0.13529762438437318
113.50575287643822	0.062102357037544194	0.13521611323077673
113.63881940970485	0.06230312853928444	0.13530341751731442
113.77188594297148	0.062427997592947926	0.13511099022540832
113.90495247623812	0.06248152461200135	0.1355589560013621
114.03801900950475	0.06236850829612301	0.13542629573860318
114.17108554277138	0.06226632849982767	0.13519730425056656
114.30415207603802	0.06233815583450987	0.13497781992382768
114.43721860930465	0.06238694669742532	0.1346881256500432
114.57028514257128	0.06236418959527345	0.13472116473941279
114.70335167583792	0.06226283877071927	0.13500172510530556
114.83641820910455	0.061971798564434154	0.13495999280535179
114.96948474237118	0.062038291240417466	0.13471363103845013
115.10255127563782	0.06225242596216212	0.13430453249170804
115.23561780890445	0.061918121984415125	0.13467063812593127
115.36868434217108	0.062054227647287595	0.13513020809359563
115.50175087543772	0.06231296226832774	0.1352484980937701
115.63481740870435	0.062399738605452684	0.13526122468739837
115.76788394197098	0.06221493958989386	0.13505453659302005
115.90095047523762	0.06196454714930262	0.13512211198961285
116.03401700850425	0.06193093581459722	0.13523495708809036
116.16708354177088	0.06206393199692774	0.1355602572792924
116.30015007503752	0.06201143021938092	0.13561953281467826
116.43321660830415	0.06213304642860581	0.13521653695182254
116.56628314157078	0.06221892380176702	0.13471260542545252
116.69934967483742	0.062202473399920716	0.13455949301523012
116.83241620810405	0.062170339295330564	0.13490334854048605
116.96548274137068	0.06198272650689119	0.13530817071532947
117.09854927463732	0.0621863919292962	0.135373665718253
117.23161580790395	0.062335071696759094	0.13544409739174026
117.36468234117058	0.06220062754865205	0.13561430867569332
117.49774887443722	0.06223934450901875	0.13623348281495717
117.63081540770385	0.06197900169570827	0.13614427571858112
117.76388194097048	0.061786973831181556	0.13584318644475474
117.89694847423712	0.06166408749808617	0.13647750795906993
118.03001500750375	0.06149460426200018	0.13677967716481015
118.16308154077038	0.06189186241245432	0.13663251564000636
118.29614807403702	0.062175463038078575	0.1366708286967996
118.42921460730365	0.062187228253689344	0.13664886830567044
118.56228114057028	0.061954293989524054	0.13657413023398737
118.69534767383692	0.06184443981800026	0.13658109561772963
118.82841420710355	0.06192461670912934	0.13661443556658126
118.96148074037018	0.06193551650119205	0.13691395192181013
119.09454727363682	0.061885037935643684	0.136849689912468
119.22761380690345	0.06191207627566283	0.1369669593718051
119.36068034017008	0.06194507790004917	0.13695104159632387
119.49374687343672	0.06208308868111813	0.13692567776653816
119.62681340670335	0.062270031267079376	0.13690428525547182
119.75987993996998	0.06201630857813631	0.1367847154793249
119.89294647323662	0.062110138257927855	0.1372423176283911
120.02601300650325	0.06224915265966885	0.1376444661656181
120.15907953976988	0.06216409972457042	0.13775139118664673
120.29214607303652	0.062105448554441244	0.13768732827885125
120.42521260630315	0.06180822496013994	0.13741401562686045
120.55827913956978	0.06186152120712641	0.1375022374440694
120.69134567283642	0.06223050606513656	0.13783432235097043
120.82441220610305	0.0622514772778945	0.13789657167572705
120.95747873936968	0.062120906422374216	0.13845600481958695
121.09054527263632	0.062170326167594984	0.1387400161428815
121.22361180590295	0.061942762623591566	0.13857986239316747
121.35667833916958	0.06189070782248013	0.13839972429936298
121.48974487243622	0.06178232721441639	0.1383072108611514
121.62281140570285	0.06167849301486198	0.1382996500446886
121.75587793896948	0.06187420837096394	0.13818313879343772
121.88894447223612	0.06174192692469107	0.1379084461320256
122.02201100550275	0.06160979250479752	0.13804889028469228
122.15507753876938	0.061408394250751556	0.13807280217267112
122.28814407203602	0.0611124153129615	0.13785240914283095
122.42121060530265	0.06093608495586188	0.13807408511440372
122.55427713856928	0.06099166379359898	0.13802701488448782
122.68734367183592	0.06120029501462773	0.1378615671846677
122.82041020510255	0.061117098456197616	0.13759334561486833
122.95347673836918	0.061070227144704614	0.13765376732280316
123.08654327163582	0.06103528724761528	0.13772309365566093
123.21960980490245	0.06086312033522477	0.13759915411082413
123.35267633816908	0.06100010777295294	0.13808149743582215
123.48574287143572	0.060960048927047636	0.1380371664505624
123.61880940470235	0.06124959310171141	0.1374472457464518
123.75187593796898	0.06153094744829934	0.1371801305175256
123.88494247123562	0.06161989577649821	0.13737651874841375
124.01800900450225	0.0617688764745174	0.1374623468373038
124.15107553776888	0.061640635894365976	0.1374759308357694
124.28414207103552	0.061574361913542146	0.1376740414723606
124.41720860430215	0.061391404267308165	0.1373145332106479
124.55027513756878	0.061642227022443596	0.13695523602801796
124.68334167083542	0.06203036841306664	0.13714993897970013
124.81640820410205	0.06217173900368201	0.13736053434403594
124.94947473736867	0.062046768090799766	0.1373823816238087
125.08254127063532	0.062118261918603854	0.1372321491793934
125.21560780390195	0.06226855620786114	0.1373772832813753
125.34867433716857	0.06199525212165319	0.13742222681646635
125.48174087043522	0.062112361583500066	0.13744305313417782
125.61480740370185	0.06223171671984151	0.1376175922722628
125.74787393696847	0.06237723760200284	0.1382107214121951
125.88094047023512	0.06249798367536559	0.13857244284825132
126.01400700350175	0.0624333241256917	0.13845429305299212
126.14707353676837	0.06266955315827298	0.13912098995861083
126.28014007003502	0.06257009600190429	0.1395328122714935
126.41320660330165	0.0625015660816203	0.13947500648651312
126.54627313656827	0.0628789576044069	0.13963491771332442
126.67933966983492	0.06296997736245843	0.13973089629041824
126.81240620310155	0.06258388708056259	0.1401147760163996
126.94547273636817	0.06245964076731681	0.14041757198749252
127.07853926963482	0.06256175566416985	0.1404445125971942
127.21160580290145	0.06248890449548093	0.14010975443758988
127.34467233616807	0.06236068056385023	0.14059592576660368
127.47773886943472	0.06231578687287208	0.1414419929969929
127.61080540270135	0.06218100347762278	0.14111455490717706
127.74387193596797	0.06194100686314741	0.14085719681117598
127.87693846923462	0.06208166993741995	0.14126614748600091
128.01000500250126	0.062216059367438	0.1414632466056272
128.1430715357679	0.06225119916992991	0.1413660602584629
128.27613806903452	0.06232851600219624	0.14079491804394478
128.40920460230114	0.06230030602597581	0.1404670671120085
128.54227113556777	0.062301025285773054	0.14045943900236227
128.6753376688344	0.0624041182111254	0.1402108156513463
128.80840420210106	0.06280072337581362	0.1401593882354524
128.9414707353677	0.06306046144950532	0.14077095227591807
129.07453726863432	0.06274344220324257	0.14104229272574104
129.20760380190094	0.06277642989878594	0.14104760971310135
129.34067033516757	0.06306151188241602	0.1410341414522241
129.4737368684342	0.06313633730945639	0.1404808205350717
129.60680340170086	0.06311175162814163	0.14038104080926553
129.7398699349675	0.06331288579254601	0.14011556449021892
129.87293646823412	0.06333857183465191	0.13983513870258013
130.00600300150074	0.06349317551173961	0.13940285580273815
130.13906953476737	0.06388646994150404	0.13903171223517916
130.272136068034	0.0637176726256479	0.13925612082586425
130.40520260130066	0.06350083519056667	0.1393310159534652
130.5382691345673	0.06367339826217273	0.13894038668567768
130.67133566783392	0.06370777009005435	0.1383217447833596
130.80440220110054	0.06360648975518107	0.13817112695107692
130.93746873436717	0.06376588968705235	0.1381397867597865
131.0705352676338	0.06391170645164161	0.13811959647269537
131.20360180090046	0.06378914840495961	0.13823671942103338
131.3366683341671	0.06357777551506534	0.1382239970175973
131.46973486743371	0.06351859942092289	0.13848052114962503
131.60280140070034	0.06334235114546208	0.13882643103791226
131.73586793396697	0.0634198792003517	0.1390831404117169
131.8689344672336	0.06344229520871945	0.13928720652420565
132.00200100050026	0.06356194213190262	0.13904566235125096
132.1350675337669	0.06377972328497118	0.139057138660712
132.26813406703351	0.06381800999321942	0.13931864949626732
132.40120060030014	0.06392799967788339	0.139302712945433
132.53426713356677	0.06367668708655082	0.13918319207314947
132.6673336668334	0.06373137053451941	0.13887756123789155
132.80040020010006	0.06370877926575803	0.13851810267773712
132.93346673336669	0.06338342378809267	0.13823627358355453
133.06653326663331	0.06340581434114144	0.1382355898087591
133.19959979989994	0.06338922175721365	0.13851737433331957
133.33266633316657	0.06313620057984337	0.13879788160307027
133.4657328664332	0.06318197515729905	0.13896187698893134
133.59879939969986	0.06328737847796857	0.13910711510486204
133.73186593296649	0.06318066643565366	0.13937766882502917
133.8649324662331	0.06345151750949667	0.13943393938651466
133.99799899949974	0.06368059632233407	0.1395685751443946
134.13106553276637	0.06364638659246252	0.13961445410141057
134.264132066033	0.0638174926779019	0.13939309329281235
134.39719859929966	0.0638560297400872	0.13915538183455162
134.53026513256629	0.06372674707639671	0.1393550313100443
134.6633316658329	0.0640303206948636	0.13983001765612613
134.79639819909954	0.06419078141201458	0.1397825752829694
134.92946473236617	0.06390309509905383	0.13960779373780347
135.0625312656328	0.06371970020313596	0.13977680289477254
135.19559779889946	0.06379292446760684	0.13973328407870803
135.32866433216608	0.06392757843189247	0.1396205098332224
135.4617308654327	0.06410290878667226	0.14000301411301042
135.59479739869934	0.06431484580825313	0.13996754821436214
135.72786393196597	0.06407272376358777	0.13924352382702596
135.8609304652326	0.06381656756211668	0.13888805516208147
135.99399699849926	0.0638227771635416	0.1388085271906315
136.12706353176588	0.0637523835853876	0.13861071143032475
136.2601300650325	0.06392992689779978	0.13837100118227333
136.39319659829914	0.06397257318154681	0.1386747579851628
136.52626313156577	0.06379276455469889	0.13844532225845332
136.65932966483243	0.06396816186009639	0.13851966655547637
136.79239619809906	0.06414699044216556	0.13877068867724882
136.92546273136568	0.06413371175206209	0.13862372585660465
137.0585292646323	0.0641696589541403	0.13880831361189627
137.19159579789894	0.06415584080360405	0.13872550094802233
137.32466233116557	0.06387043266670489	0.13847061658260237
137.45772886443223	0.0638483500886962	0.13844406640642445
137.59079539769886	0.06419906668951245	0.13864836926829072
137.72386193096548	0.0639238647925869	0.13879171767611442
137.8569284642321	0.06379958280878703	0.13871017538782607
137.98999499749874	0.06384835440881403	0.13863920516139666
138.12306153076537	0.0638714872323284	0.13864346006803158
138.25612806403203	0.0642719734674726	0.13858848552307235
138.38919459729865	0.06434103745355413	0.1383231485383695
138.52226113056528	0.06440885417445505	0.13829522700335523
138.6553276638319	0.0647459674616308	0.1384383346849702
138.78839419709854	0.06508748154488012	0.13812089506343728
138.92146073036517	0.06509945503786713	0.1385520086205195
139.05452726363183	0.06498031097646102	0.13881809306904244
139.18759379689845	0.06529597058642206	0.13856174044388905
139.32066033016508	0.06558923259115057	0.1386726740103347
139.4537268634317	0.06577505314589516	0.13881627298888383
139.58679339669834	0.06596073973024387	0.13905924987179455
139.71985992996497	0.06621907728641507	0.13917401791936346
139.85292646323163	0.0660505252005342	0.13916543475660248
139.98599299649825	0.06579573279615929	0.1390260033723748
140.11905952976488	0.06607921030349372	0.13917473186372153
140.2521260630315	0.06617927361496836	0.13908973244119233
140.38519259629814	0.0660085690551175	0.13903488466453678
140.51825912956477	0.06566088567083571	0.13874439659821064
140.65132566283143	0.0655702950798854	0.13829460489195666
140.78439219609805	0.0657477658458552	0.13812368981041365
140.91745872936468	0.06580130205698982	0.13804982540792166
141.0505252626313	0.06595452620107721	0.13823055687366345
141.18359179589794	0.06600577270631432	0.13792550145926752
141.31665832916457	0.0660377230742806	0.13790242490769156
141.44972486243122	0.06633147678050841	0.13818860441002634
141.58279139569785	0.06654950105679627	0.13781567597189642
141.71585792896448	0.06652123330798002	0.13776385394348153
141.8489244622311	0.06674919556839552	0.13784464954567882
141.98199099549774	0.06701017954442522	0.1380695545388613
142.11505752876437	0.06688234337398409	0.13830637444981214
142.24812406203102	0.06683421164429282	0.13795173303280756
142.38119059529765	0.06686655213437251	0.13774155678850875
142.51425712856428	0.06690134149103949	0.13776880918144507
142.6473236618309	0.06692387358792971	0.13801929771119503
142.78039019509754	0.06675015434042786	0.13789824243242818
142.91345672836417	0.06663346667333614	0.1376927301018873
143.04652326163082	0.06640694264538763	0.13791651501816668
143.17958979489745	0.06620546345249312	0.1378760853931433
143.31265632816408	0.06577153552907979	0.1376860596472117
143.4457228614307	0.06579003584775754	0.13761894555687484
143.57878939469734	0.06607426763246986	0.13764285085111405
143.71185592796397	0.06601079639301959	0.13794019665500815
143.84492246123062	0.06586330194256829	0.13816285444451548
143.97798899449725	0.06597286638254793	0.1380652199494527
144.11105552776388	0.06612061387504126	0.1379435999264661
144.2441220610305	0.06604273578175272	0.13724211690358182
144.37718859429714	0.06589145681735308	0.13714966560370884
144.51025512756377	0.06604019825403235	0.13726132835438826
144.64332166083042	0.0662448586490496	0.13721728457140037
144.77638819409705	0.06633168904055466	0.13749532448531349
144.90945472736368	0.06654772024626983	0.13772633043671081
145.0425212606303	0.0662740305188763	0.13830917972867154
145.17558779389694	0.06608236604112899	0.1380025071556705
145.30865432716357	0.06620487897201084	0.13761152044567931
145.44172086043022	0.06625214976665413	0.13782520689636735
145.57478739369685	0.06617543505827785	0.13764123143787238
145.70785392696348	0.06619614624345924	0.13789517212263305
145.8409204602301	0.0665565295903316	0.1380246279324807
145.97398699349674	0.06661998474746963	0.13762098577886647
146.10705352676337	0.06667702532019851	0.13731890523872062
146.24012006003002	0.06669723430960489	0.13735543002428122
146.37318659329665	0.06663568477103	0.13706878121738547
146.50625312656328	0.06682924942675258	0.13696420550978264
146.6393196598299	0.06703485901318428	0.13734220945035272
146.77238619309654	0.06683249330101317	0.1372560813067895
146.90545272636317	0.06658916044824477	0.13751443527869628
147.03851925962982	0.06645468321931365	0.1375379018531638
147.17158579289645	0.06636401507746673	0.13764397901384878
147.30465232616308	0.06637005303748938	0.1383276305376215
147.4377188594297	0.06626571986881787	0.13904293792332337
147.57078539269634	0.06622599365263707	0.13943707947030767
147.70385192596297	0.06635647491406997	0.139096094000802
147.83691845922962	0.06653914769359713	0.13889713128073067
147.96998499249625	0.0662973436057835	0.13917659305368718
148.10305152576288	0.06619417351257391	0.13924256705765592
148.2361180590295	0.06608229296816609	0.13877949736268977
148.36918459229614	0.06623294502033901	0.13854326048923077
148.50225112556276	0.06645281647547828	0.1384991780039067
148.63531765882942	0.06656643984989552	0.1385621371792889
148.76838419209605	0.06657801587631214	0.13861591990746464
148.90145072536268	0.06656845535384376	0.13924659375535026
149.0345172586293	0.06685916957023791	0.13991630982561135
149.16758379189594	0.06706606164013251	0.14022509307927675
149.30065032516256	0.06689078784937735	0.14017750337412135
149.43371685842922	0.06693817015391515	0.1399460604101979
149.56678339169585	0.06700780661266902	0.13995810279368107
149.69984992496248	0.06681542381238706	0.13950331632928323
149.8329164582291	0.06685588873826318	0.13942255153336566
149.96598299149574	0.066826832606475	0.13987814271699958
150.09904952476236	0.06650827818124254	0.13992589271840303
150.23211605802902	0.06613841267498924	0.14009779990725965
150.36518259129565	0.06623821297998252	0.1400438279076187
150.49824912456228	0.06669291437743292	0.1399996388133102
150.6313156578289	0.06652449309707446	0.14017502507810004
150.76438219109554	0.0666382999739793	0.14015311229885802
150.89744872436216	0.06686647407288586	0.1399252920008009
151.03051525762882	0.06676207508275071	0.13972561602395073
151.16358179089545	0.06655278934955114	0.13991425719137748
151.29664832416208	0.06662851300911081	0.1403188303785405
151.4297148574287	0.06705260541133558	0.140406255909495
151.56278139069533	0.06726249414612268	0.14044047089378536
151.69584792396196	0.06740279655941503	0.1407104216341182
151.82891445722862	0.06766341697469135	0.1404699110907743
151.96198099049525	0.06749926354897556	0.14043806957664753
152.09504752376188	0.0672494852640968	0.1403965813009693
152.2281140570285	0.06730095259965842	0.13987634619512235
152.36118059029513	0.06720107954862779	0.13943727760400584
152.49424712356176	0.06748055284320345	0.13941884565839804
152.62731365682842	0.06775252022753696	0.13960316830328123
152.76038019009505	0.06755246557106788	0.13978282293852523
152.89344672336168	0.06757681148428951	0.1398465821803341
153.0265132566283	0.06744029137965965	0.13980458744879803
153.15957978989493	0.06719310140179904	0.13972157047257144
153.2926463231616	0.06743502825470638	0.14000293949313544
153.42571285642822	0.06735411016462906	0.1405159607127349
153.55877938969485	0.06711542238702217	0.14077806429068554
153.69184592296148	0.06691822583146344	0.14049331530916834
153.8249124562281	0.0670931842880236	0.14080186646454299
153.95797898949473	0.06732604410678976	0.14143561434970509
154.0910455227614	0.06739806877497173	0.14178842029039931
154.22411205602802	0.067221639964627	0.1419594918308734
154.35717858929465	0.0669715102902346	0.14240189174711215
154.49024512256128	0.06722970543321238	0.1425273084515013
154.6233116558279	0.06743509012514533	0.14230558350213174
154.75637818909453	0.0672871126574304	0.14220979351849158
154.8894447223612	0.06701514828529795	0.14191076221801205
155.02251125562782	0.06710607124300709	0.14210433733702904
155.15557778889445	0.06736681973275647	0.14202907054552472
155.28864432216108	0.06748660935477759	0.1417959735210358
155.4217108554277	0.06767171889018009	0.14231982645506588
155.55477738869433	0.06763851661457616	0.14226979951110297
155.687843921961	0.06774051692563104	0.14235132800520692
155.82091045522762	0.06755988449818469	0.14269662898465554
155.95397698849425	0.06717987298669283	0.1429095003379463
156.08704352176088	0.06703166525563967	0.14325301084020975
156.2201100550275	0.06720619126532723	0.14368607738697914
156.35317658829413	0.0674995012483846	0.14397649659704612
156.4862431215608	0.06757900581084342	0.14399419145349474
156.61930965482742	0.06765008907037363	0.14343589721375044
156.75237618809405	0.06762471901427937	0.14333400410610245
156.88544272136068	0.06789464661748006	0.14340376481090036
157.0185092546273	0.06782972124106056	0.14341691171028048
157.15157578789393	0.06738178432090092	0.14346433435392855
157.2846423211606	0.06713488948363093	0.1438411811860198
157.41770885442722	0.06698851043592549	0.14408674275439493
157.55077538769385	0.06692054482049	0.14362446959089945
157.68384192096048	0.06672508676843417	0.14362069979776435
157.8169084542271	0.0668221586826991	0.14383205733376475
157.94997498749373	0.06685114080710515	0.14361196332913323
158.0830415207604	0.06654894978253335	0.14285471553082518
158.21610805402702	0.06623715608385272	0.1428503387442559
158.34917458729365	0.0659527222354973	0.14301845531636406
158.48224112056027	0.06590073900127917	0.1431750745615449
158.6153076538269	0.06596449131745422	0.14334024889055855
158.74837418709353	0.06593366792868173	0.14291536116479006
158.8814407203602	0.06621262924194343	0.14304327106284204
159.01450725362682	0.06659744860111488	0.14282675492631233
159.14757378689345	0.0667033041920507	0.1426501039368342
159.28064032016007	0.06681961766439812	0.14282062049881394
159.4137068534267	0.06666512127087619	0.14262087762808415
159.54677338669333	0.06662901668896008	0.142539443470667
159.67983991996	0.06667515563649655	0.14238899497775778
159.81290645322662	0.06663850207559625	0.1421863153383306
159.94597298649325	0.06654509311519051	0.14210078773605256
160.07903951975987	0.06664457600751889	0.14217570019534456
160.2121060530265	0.06656746485706724	0.14211545989181382
160.34517258629313	0.06634183491850472	0.1423268818412363
160.4782391195598	0.06639282376307422	0.14184363092263194
160.61130565282642	0.06650342085025263	0.14127652438253138
160.74437218609305	0.06657926061843698	0.14122469616678096
160.87743871935967	0.06661193244856807	0.14116324416990703
161.0105052526263	0.06667160482565727	0.14094115603120244
161.14357178589293	0.06687310353828736	0.14086653861785298
161.2766383191596	0.06711360013775111	0.1405526635870636
161.40970485242622	0.06708436064767338	0.14059805255266558
161.54277138569284	0.06657227805319979	0.1407374749562725
161.67583791895947	0.06638476028517439	0.14085959177493734
161.8089044522261	0.06630140439824574	0.14077178702960627
161.94197098549273	0.06648897164556437	0.14062702089936588
162.0750375187594	0.06634188068005899	0.14044980068454235
162.20810405202602	0.06637417044880743	0.14062289681397333
162.34117058529264	0.06663135354731003	0.14071883838773078
162.47423711855927	0.06667645177546998	0.14041813516763443
162.6073036518259	0.06658058138870779	0.140702884588049
162.74037018509253	0.06672551571531855	0.14116882263159758
162.8734367183592	0.06641674971677956	0.14147962725811913
163.00650325162582	0.06623322097344356	0.1415824847535898
163.13956978489244	0.0663329176204204	0.14109804739698867
163.27263631815907	0.06631900787934591	0.14094357607961075
163.4057028514257	0.06655960527968989	0.14072523493639555
163.53876938469233	0.0665980543243502	0.14040682312184122
163.671835917959	0.06607059358066644	0.1399454089045834
163.80490245122562	0.06586579996468861	0.13987230077906393
163.93796898449224	0.06602848406236972	0.13983365146788632
164.07103551775887	0.06601694244100115	0.14000736842442366
164.2041020510255	0.06614020675407309	0.14029552291702252
164.33716858429213	0.06620462241613295	0.14011758248756484
164.4702351175588	0.06649631368858651	0.14016274796677355
164.60330165082541	0.06679928996192336	0.14025608297648232
164.73636818409204	0.06671541987072367	0.14008205965044043
164.86943471735867	0.0665495490228593	0.14033890663922463
165.0025012506253	0.06647639298327336	0.14093380589289928
165.13556778389193	0.06637101089652099	0.14097837108351619
165.2686343171586	0.06653752612337388	0.14111779699156757
165.40170085042521	0.06661795300345079	0.14106871897312215
165.53476738369184	0.06673291405867558	0.14076398275585836
165.66783391695847	0.06639718264288168	0.14041089381341224
165.8009004502251	0.0665585352828633	0.13968194413423562
165.93396698349173	0.06676779691069061	0.1392443870453372
166.06703351675839	0.0666245165164072	0.1395398563978015
166.20010005002501	0.06660198153760416	0.13957290683460272
166.33316658329164	0.06610797399266619	0.13945554097568197
166.46623311655827	0.06615632596377811	0.13927133327006022
166.5992996498249	0.06593309120940472	0.13935727710972626
166.73236618309153	0.06592174725621684	0.13953273299850524
166.86543271635819	0.06590184141135762	0.1392901869047536
166.9984992496248	0.06584126852300118	0.13870561319531
167.13156578289144	0.06598485030476829	0.13881853906164743
167.26463231615807	0.06613502430294584	0.13913642165346296
167.3976988494247	0.06627661944485423	0.13920041275768286
167.53076538269133	0.06638805922859174	0.13913496453664065
167.66383191595799	0.06655376216518473	0.13906034571999235
167.7968984492246	0.06661097921599105	0.138892774960057
167.92996498249124	0.06648853123950098	0.1388326027577259
168.06303151575787	0.06652407107140669	0.139156398709723
168.1960980490245	0.06640160230171724	0.13939362758592436
168.32916458229113	0.06617718964920366	0.13919137977556284
168.46223111555778	0.06651085891889037	0.13944275686590576
168.5952976488244	0.0666039004525884	0.13942672175712684
168.72836418209104	0.06640780064787805	0.13941666542956824
168.86143071535767	0.06636293951762756	0.13947762306181777
168.9944972486243	0.06643074418829074	0.13945483435906167
169.12756378189093	0.06631199088203515	0.13943433119392745
169.26063031515758	0.06642376879778218	0.139160984144293
169.3936968484242	0.06632813240531635	0.13937135835315845
169.52676338169084	0.06640245873153838	0.1395065938687852
169.65982991495747	0.0665655460714313	0.1390827263123469
169.7928964482241	0.06647346121956117	0.13913300078852114
169.92596298149073	0.06685769614673633	0.1390005909056431
170.05902951475738	0.06686110462491539	0.1391442573684314
170.192096048024	0.06705126406800468	0.13924676122477864
170.32516258129064	0.06675780796345472	0.13934776172489352
170.45822911455727	0.06637017097313584	0.13922867841168665
170.5912956478239	0.06660802084214941	0.13951251005323762
170.72436218109056	0.06668143309590416	0.1400375519444555
170.85742871435718	0.06636521691988219	0.13994670433470233
170.9904952476238	0.06600642037469573	0.14029279214295937
171.12356178089044	0.06568966715999389	0.14045638999703214
171.25662831415707	0.06564954019105708	0.14041305731843207
171.3896948474237	0.06573816252535467	0.14035530109952601
171.52276138069035	0.06582529636279817	0.1406054171815098
171.65582791395698	0.06604715560831866	0.1404386167404744
171.7888944472236	0.06602621255434318	0.14033309417167922
171.92196098049024	0.06600959470863765	0.14018938997023972
172.05502751375687	0.0663091155290845	0.13994008105233569
172.1880940470235	0.06643295046643162	0.13990126977867823
172.32116058029015	0.06643764731716008	0.1400472351742107
172.45422711355678	0.06642871145714667	0.13996616283123406
172.5872936468234	0.06644258923891329	0.14016020551261513
172.72036018009004	0.06642124559294653	0.1403224908542228
172.85342671335667	0.06657292757310526	0.1411349957105792
172.9864932466233	0.06624856477189642	0.14162349850220143
173.11955977988995	0.06629870403423978	0.14182208010230118
173.25262631315658	0.06643648368312538	0.14186592369472623
173.3856928464232	0.06638752314718704	0.14178135793842775
173.51875937968984	0.0661954220829677	0.14151618564566765
173.65182591295647	0.06618215931960554	0.14173168614747936
173.7848924462231	0.06621584889373006	0.14185682792770477
173.91795897948975	0.06623607319438354	0.1420807152126815
174.05102551275638	0.06643859064149747	0.14222595248139294
174.184092046023	0.0665508810123661	0.14247107492461636
174.31715857928964	0.06612415479576908	0.14222223477799648
174.45022511255627	0.06607890577146458	0.14210557975010493
174.5832916458229	0.06603972893274748	0.14193425145885857
174.71635817908955	0.06601942248140903	0.14162873930336975
174.84942471235618	0.06610953986433346	0.1415788305499735
174.9824912456228	0.0661020351881665	0.14144303116532386
175.11555777888944	0.06594373828006597	0.14170096286276937
175.24862431215607	0.06586772021311219	0.14135372730939316
175.3816908454227	0.06573908011001485	0.14121822403889156
175.51475737868935	0.06583789170503375	0.1411922463405541
175.64782391195598	0.0661809736983627	0.14089334574781362
175.7808904452226	0.06616292067417631	0.14060815161875295
175.91395697848924	0.06672320683810656	0.14051404892265928
176.04702351175587	0.06725808098717653	0.14113328259210736
176.1800900450225	0.06737366148991031	0.14106917179121056
176.31315657828915	0.0671701044523345	0.14060968450898848
176.44622311155578	0.066959258383079	0.14036353824231534
176.5792896448224	0.06700930006353303	0.13980157029970722
176.71235617808904	0.067091630308208	0.13940045752884075
176.84542271135567	0.06728198669750078	0.1395953380893303
176.9784892446223	0.06752278480372945	0.14021268433375275
177.11155577788895	0.06738379468543562	0.1403287486110694
177.24462231115558	0.06728467806467367	0.14012366720038724
177.3776888444222	0.06723715824116377	0.1401719569429645
177.51075537768884	0.06725299072821693	0.1401564700391977
177.64382191095547	0.06725464982301818	0.13993414411058294
177.7768884442221	0.06759968599312967	0.14016767498333302
177.90995497748875	0.06767307531326905	0.14035022057749896
178.04302151075538	0.06772983562035316	0.1404349539981642
178.176088044022	0.0676959599845438	0.14057902163532376
178.30915457728864	0.06726423593536594	0.14081644374378843
178.44222111055527	0.0673686700100998	0.14082872751299028
178.5752876438219	0.06744293692614961	0.1410807074433888
178.70835417708855	0.06736399142522628	0.14151256332505077
178.84142071035518	0.0671783089099961	0.14171341574575774
178.9744872436218	0.06721527394623987	0.1410785781536474
179.10755377688844	0.06750024096704102	0.14058159640143747
179.24062031015507	0.06757676621765936	0.14039388368662853
179.3736868434217	0.06797645917265266	0.14029049411880365
179.50675337668835	0.0680827033933577	0.14052612695131464
179.63981990995498	0.0678484843999523	0.14059508989891148
179.7728864432216	0.06796959528700133	0.14056812631151322
179.90595297648824	0.06799148882173497	0.1402275807217587
180.03901950975487	0.0682813523400129	0.14037036704709305
180.1720860430215	0.06837311690981823	0.1410048324307424
180.30515257628815	0.06796524110759357	0.14123166260257158
180.43821910955478	0.06807881960719833	0.14091788657864424
180.5712856428214	0.06815317402804345	0.14187039998558823
180.70435217608804	0.06796530633855066	0.14214288596332744
180.83741870935467	0.06815675921818025	0.14256819592935796
180.9704852426213	0.06828906354096287	0.14304333863250868
181.10355177588795	0.06854083034748551	0.14279157599027814
181.23661830915458	0.06858513860156368	0.14211090805064136
181.3696848424212	0.06855776248340836	0.14151723024075494
181.50275137568784	0.06855896214056428	0.1411375769446999
181.63581790895446	0.0685498764319759	0.14161938630580811
181.7688844422211	0.06851673962415863	0.14162130972581627
181.90195097548775	0.06840428531985292	0.14134581144376204
182.03501750875438	0.0685756468527877	0.1410699675572684
182.168084042021	0.06848330703478578	0.14124369801822906
182.30115057528764	0.06832616347513203	0.14115972463183968
182.43421710855426	0.06860702676206898	0.14124492604220387
182.5672836418209	0.06878495543233337	0.14108863682704745
182.70035017508755	0.06894249096854668	0.140902050002115
182.83341670835418	0.06888231225556453	0.1410767858400929
182.9664832416208	0.06884230897100768	0.14150667449368579
183.09954977488744	0.06886792953729812	0.14126343560736246
183.23261630815406	0.06894079937275216	0.14068914566888413
183.3656828414207	0.06871112281896094	0.14019673321489964
183.49874937468735	0.0683498578176976	0.14011419722032223
183.63181590795398	0.06885223130117207	0.139972694432281
183.7648824412206	0.06897311038501218	0.14015858019899907
183.89794897448724	0.06914803586932201	0.14022426351176737
184.03101550775386	0.06894444176912064	0.14025644341136345
184.1640820410205	0.06885975327708334	0.14032508423432333
184.29714857428715	0.06863992434735543	0.14075662430774527
184.43021510755378	0.0687224567563181	0.1409516853722833
184.5632816408204	0.06910610882211476	0.14128321576527103
184.69634817408703	0.06895198281065953	0.14119267821456286
184.82941470735366	0.06905593138196442	0.14136180428335063
184.9624812406203	0.06916372235125527	0.14119842402784932
185.09554777388695	0.06864452564353046	0.14121079660012406
185.22861430715358	0.0685802268992039	0.14137498476347235
185.3616808404202	0.06836465873032183	0.1408436328322847
185.49474737368683	0.06839562218768608	0.14077502170836895
185.62781390695346	0.0687106154866964	0.14077191271357858
185.7608804402201	0.06883043976242535	0.14023760838261523
185.89394697348675	0.06871120829440712	0.14020751445130328
186.02701350675338	0.06873627254139071	0.14023658143375023
186.16008004002	0.06892331577993602	0.14017924591800104
186.29314657328663	0.06889650009916556	0.14027471900852384
186.42621310655326	0.06882232458103668	0.14026210700002498
186.5592796398199	0.06894778168219433	0.14052421647087338
186.69234617308655	0.06916846092509854	0.14082351650128408
186.82541270635318	0.06920502404791479	0.14093394845928034
186.9584792396198	0.06881287226185083	0.14128869139783065
187.09154577288643	0.0688990912149142	0.1417676631754523
187.22461230615306	0.06877686762617981	0.14204749954817808
187.3576788394197	0.0686314955264092	0.14188463081004302
187.49074537268635	0.06879607177462962	0.14233431439786773
187.62381190595298	0.06925151701683967	0.1426548433936588
187.7568784392196	0.06932837097472679	0.14236136935597668
187.88994497248623	0.06939253733075018	0.14276770078696188
188.02301150575286	0.06972684559972603	0.14277783062422666
188.15607803901952	0.06990391125546393	0.1423113877113039
188.28914457228615	0.06984276935000742	0.141835143275317
188.42221110555278	0.06991171364494127	0.14188435008032976
188.5552776388194	0.07013874906423732	0.14196320106106208
188.68834417208603	0.07060980992053438	0.1419685094260317
188.82141070535266	0.07049915183264326	0.14209430313603957
188.95447723861932	0.07036113638304042	0.14241996223967862
189.08754377188595	0.07005416639178613	0.14239901157700888
189.22061030515258	0.07011734642173927	0.14204421618039012
189.3536768384192	0.07020995213558982	0.14196674799032663
189.48674337168583	0.07028664285138998	0.14232957334463514
189.61980990495246	0.07023813652849974	0.14256464615482117
189.75287643821912	0.07049875715183895	0.14267093888787524
189.88594297148575	0.07057306367334346	0.14273244440914132
190.01900950475238	0.0702684306051578	0.14252049861807747
190.152076038019	0.07022576373875063	0.142412861143297
190.28514257128563	0.07028071083065593	0.14233055474571044
190.41820910455226	0.07022540698637418	0.14288467271452684
190.55127563781892	0.06997566321566098	0.1421336183347562
190.68434217108555	0.07033382255294708	0.1415024515820898
190.81740870435218	0.07031340686798122	0.14167693358981523
190.9504752376188	0.07031701614088531	0.1419564186993589
191.08354177088543	0.07012372989356727	0.14228400678559752
191.21660830415206	0.07020578878948443	0.14165698284142647
191.34967483741872	0.07007241992753864	0.14121659128173422
191.48274137068535	0.07032575379930028	0.1417756613025476
191.61580790395197	0.07026762455768659	0.14167626144579842
191.7488744372186	0.06989132175004291	0.14135379786256919
191.88194097048523	0.06994299259701157	0.14187869520570937
192.01500750375186	0.07002405351272757	0.14217841908709763
192.14807403701852	0.07008421754990173	0.14250424319763005
192.28114057028515	0.06994680729977537	0.1419658199641188
192.41420710355177	0.06987901747549169	0.14239019471325762
192.5472736368184	0.06983796660535871	0.1424158227379843
192.68034017008503	0.0699042353870135	0.1422878409594156
192.81340670335166	0.07004146880863335	0.14218331579955334
192.94647323661832	0.07016762841608519	0.1419536357974915
193.07953976988495	0.07016689395439152	0.14221062841449478
193.21260630315157	0.06989096001079317	0.1420733350612832
193.3456728364182	0.06947528247023227	0.14188597556643295
193.47873936968483	0.06984785457880523	0.14227229660889382
193.61180590295146	0.06978264472440264	0.14208892048936275
193.74487243621812	0.06972190567661378	0.1418911666709693
193.87793896948475	0.06966668896507759	0.14222942607704223
194.01100550275137	0.06949830321678682	0.14229683202531349
194.144072036018	0.06949323683715083	0.14232508529423027
194.27713856928463	0.06949731201414842	0.14214787713070806
194.41020510255126	0.06954430363757359	0.14162780580566564
194.54327163581792	0.06949595131440531	0.14194142295664908
194.67633816908454	0.06962958102088883	0.14216592105971268
194.80940470235117	0.0695586922969272	0.142109108175871
194.9424712356178	0.06943207188306989	0.14180862004401015
195.07553776888443	0.06962641753910957	0.14185699973829877
195.20860430215106	0.06954828337652849	0.1423515833067067
195.34167083541772	0.06954513622071574	0.14257423025287924
195.47473736868434	0.06999519152629112	0.14264591305624455
195.60780390195097	0.07002915216280711	0.14245189334010014
195.7408704352176	0.0700052614977081	0.14206615052849422
195.87393696848423	0.07005495004259617	0.1420259475651795
196.00700350175086	0.06974230816645541	0.1416893538622311
196.14007003501752	0.06957582060796777	0.14170956460509032
196.27313656828414	0.0694898056173189	0.14168187902774182
196.40620310155077	0.06926662091178469	0.14176292277473712
196.5392696348174	0.06942993726689942	0.14189776474375068
196.67233616808403	0.069407790635623	0.14188980692187758
196.80540270135066	0.06919309740911676	0.1418264747609331
196.93846923461732	0.0690314685915969	0.14137333317379824
197.07153576788394	0.06890384246358343	0.1413224739841532
197.20460230115057	0.06900420689091558	0.14130418902060737
197.3376688344172	0.0690601589896724	0.14146743034967815
197.47073536768383	0.06922434951295046	0.14141331210368124
197.60380190095046	0.0691829198837655	0.14123722448223233
197.73686843421712	0.06883168037831687	0.14127853320109712
197.86993496748374	0.06898688928538844	0.14062077252054644
198.00300150075037	0.06954510969151527	0.1405226725804179
198.136068034017	0.06970614613352176	0.13984151338945086
198.26913456728363	0.07019009358148257	0.14030926237379296
198.40220110055026	0.0702649841085589	0.14022172624901333
198.53526763381691	0.07009099223264355	0.14033855529385292
198.66833416708354	0.06958227567173368	0.1401173925633158
198.80140070035017	0.0691611812489298	0.1394781888818069
198.9344672336168	0.0689448661205129	0.13977475817423005
199.06753376688343	0.06866669105975821	0.1399643474690513
199.20060030015006	0.06858552623618216	0.14032528679908318
199.33366683341671	0.06855270985201277	0.14048139840522947
199.46673336668334	0.06816309761875773	0.14059501676402672
199.59979989994997	0.06843964208882368	0.14063311315583749
199.7328664332166	0.06896564038915833	0.141041433091478
199.86593296648323	0.06936082434679915	0.1409405976680236
199.99899949974986	0.06894157679410214	0.14079767212722266
200.1320660330165	0.06892518975665997	0.14070147974846892
200.26513256628314	0.06906289338211906	0.14156484628249344
200.39819909954977	0.06917579605714959	0.14193348758819851
200.5312656328164	0.06899620014353681	0.1414232300909933
200.66433216608303	0.06910197127247873	0.14140994107409846
200.79739869934966	0.06899993114112021	0.14090384060660585
200.9304652326163	0.06922408956690061	0.1410597337215402
201.06353176588294	0.0691582168722442	0.14075729053280767
201.19659829914957	0.06893191277416418	0.1405735919744604
201.3296648324162	0.06903065675218678	0.1412382209893216
201.46273136568283	0.0692473961926582	0.1411865511341624
201.59579789894946	0.06962136999573265	0.14050121907889576
201.7288644322161	0.06968222011736447	0.14085424719039952
201.86193096548274	0.06989613440827079	0.140756512883797
201.99499749874937	0.06957805621677353	0.14048810988916346
202.128064032016	0.06939358053562261	0.14077512848563123
202.26113056528263	0.06903545612022886	0.1413124452872297
202.39419709854926	0.06942552713064204	0.14112339177489586
202.5272636318159	0.06988309012744888	0.14117092641765114
202.66033016508254	0.06999017296206607	0.14121764573703502
202.79339669834917	0.07011235871714121	0.1412161331219747
202.9264632316158	0.07020584638549192	0.14033549692980918
203.05952976488243	0.07015246668287474	0.13996832245956062
203.19259629814906	0.06984832494358742	0.13972874832697926
203.3256628314157	0.06977667670446196	0.1394377077285274
203.45872936468234	0.06993808318882322	0.13900466418146692
203.59179589794897	0.06980387731137984	0.13877390676199286
203.7248624312156	0.06962419519521885	0.1385680156751673
203.85792896448223	0.06968092766451531	0.1386024526257424
203.99099549774886	0.07001089895772061	0.13878467228494423
204.1240620310155	0.06984406851399391	0.1387764520187954
204.25712856428214	0.07001626552084783	0.1387870666616838
204.39019509754877	0.07025433765762812	0.1391235889151203
204.5232616308154	0.07056270515501145	0.1386938493864086
204.65632816408203	0.0710079215584331	0.13890083631280753
204.78939469734868	0.07062826164998692	0.13878556827657867
204.9224612306153	0.0706604858937697	0.13940353183147355
205.05552776388194	0.07067072150730523	0.1395108320446368
205.18859429714857	0.0702452779711599	0.13927978006153505
205.3216608304152	0.07039894478455792	0.1395960811942511
205.45472736368183	0.07027096179944049	0.13937194648052034
205.58779389694848	0.07054820686255034	0.13944745174531956
205.7208604302151	0.07078709540295987	0.13951609067548879
205.85392696348174	0.07058016468558485	0.13894487345488518
205.98699349674837	0.07056795610371397	0.13922804062937055
206.120060030015	0.07059221783242291	0.1393313264911017
206.25312656328163	0.07061519446486128	0.13909335829266653
206.38619309654828	0.07081981736288853	0.13927037146079033
206.5192596298149	0.070520739722511	0.13919477871119706
206.65232616308154	0.07064351184218155	0.13860769407773635
206.78539269634817	0.07052093884290593	0.1394636597775679
206.9184592296148	0.07067215229607299	0.1390981991584297
207.05152576288143	0.07043329590142126	0.13988292403156846
207.18459229614808	0.069859743277092	0.14025117491882272
207.3176588294147	0.06978092926226263	0.13996867717216574
207.45072536268134	0.06973876814006283	0.13989987062096496
207.58379189594797	0.06986731931854812	0.1400056099324425
207.7168584292146	0.06956266500149527	0.1401172967191784
207.84992496248123	0.06957453259193647	0.13967184706354166
207.98299149574788	0.06962055160476659	0.13992480266929322
208.1160580290145	0.06963764366392555	0.14028973876234677
208.24912456228114	0.069754223340813	0.14047904339695308
208.38219109554777	0.06995339985484478	0.14060799582284433
208.5152576288144	0.07021167050013881	0.1409271969856587
208.64832416208102	0.07012647211051216	0.14063279607824633
208.78139069534768	0.06992279500096617	0.14087423641367633
208.9144572286143	0.06971904212453882	0.14076173727263877
209.04752376188094	0.06979656598442127	0.1407073985145178
209.18059029514757	0.07009968889239779	0.1404404742461595
209.3136568284142	0.0701497616831828	0.14072807719745548
209.44672336168082	0.07005740918575872	0.14101455917246877
209.57978989494748	0.07048501746821874	0.14040468725793157
209.7128564282141	0.07051124301821747	0.14027932584302094
209.84592296148074	0.07012640696771318	0.14044385828690936
209.97898949474737	0.07028312496969735	0.14019503560223992
210.112056028014	0.07044410649344283	0.14039463264891183
210.24512256128062	0.07066169548251242	0.14041208809470782
210.37818909454728	0.07049324375030563	0.14055067115373557
210.5112556278139	0.07037885704015569	0.13976564650929157
210.64432216108054	0.07076083142334395	0.13974953452043548
210.77738869434717	0.07054795687456192	0.1402001639473361
210.9104552276138	0.07077129354723896	0.14002927990881328
211.04352176088042	0.07053314942453227	0.1398189049809563
211.17658829414708	0.07020342313786825	0.14012508539760704
211.3096548274137	0.07010170001029986	0.14008181945940354
211.44272136068034	0.07053873037182663	0.1396059419245433
211.57578789394697	0.0707128989072903	0.13933484291942677
211.7088544272136	0.07044824888989798	0.13970663629634
211.84192096048022	0.07042068541351826	0.14020017368045645
211.97498749374688	0.07042468071506311	0.14041156910786162
212.1080540270135	0.07056151621814144	0.14059310734610797
212.24112056028014	0.07080362892211037	0.14062035595269726
212.37418709354677	0.07103410366360159	0.1405048763474633
212.5072536268134	0.07114671278206186	0.14064734243329194
212.64032016008002	0.07083154999236732	0.14050391904717435
212.77338669334668	0.07065959229990443	0.14004981732714755
212.9064532266133	0.0706307815849296	0.13981894679917076
213.03951975987994	0.07070013583096309	0.13957492027639834
213.17258629314657	0.07096902891748343	0.13974998701021682
213.3056528264132	0.07104069978843967	0.14025867997667135
213.43871935967982	0.07116026970075193	0.1403794619733655
213.57178589294648	0.07101532232372922	0.14006400916747258
213.7048524262131	0.07101404929721838	0.140255428840724
213.83791895947974	0.07103442548118245	0.14028163681773426
213.97098549274637	0.07101574789953083	0.13994469235118676
214.104052026013	0.07095184606421442	0.1401196072950117
214.23711855927962	0.07097154850444402	0.1396328659701927
214.37018509254628	0.07124775451874507	0.13931446551440832
214.5032516258129	0.07135020680702155	0.13910607299262323
214.63631815907954	0.07133800734317262	0.13878321778224223
214.76938469234616	0.07163353060870968	0.13849597167625105
214.9024512256128	0.07087526664862383	0.13880331307464305
215.03551775887942	0.07116100176024605	0.13944138066915623
215.16858429214608	0.07117096783333743	0.13893807779420558
215.3016508254127	0.07146392858859477	0.13905474748217636
215.43471735867934	0.07143923968113887	0.13938634835823885
215.56778389194596	0.07164857889908895	0.13891727119869446
215.7008504252126	0.07185801788107307	0.13855827249851269
215.83391695847922	0.07171009038716794	0.13876239796219506
215.96698349174588	0.07175958477935376	0.1390280448729836
216.1000500250125	0.07157679090479306	0.1389590450374327
216.23311655827914	0.07136778041140107	0.13850863204911643
216.36618309154576	0.07164590837987206	0.13842570113306732
216.4992496248124	0.07167962534274258	0.13829750689380088
216.63231615807902	0.07152315872692781	0.1381305630550804
216.76538269134568	0.07136977241608848	0.13860894666227097
216.8984492246123	0.0712098026080159	0.1391397473548824
217.03151575787894	0.07109640409012154	0.13894242147378585
217.16458229114556	0.07098444712517513	0.1388193733422822
217.2976488244122	0.0710857289733292	0.1384373605784881
217.43071535767882	0.07105786275341137	0.1383959051404766
217.56378189094548	0.07130878317893906	0.13842581187138958
217.6968484242121	0.07125211877825434	0.1391439398721176
217.82991495747874	0.07124930770936368	0.13948110712816422
217.96298149074536	0.07127238225836614	0.1397398626531366
218.096048024012	0.07193473080363162	0.13955314203756827
218.22911455727862	0.07194552471577885	0.13921393780114188
218.36218109054528	0.07158856768387177	0.13850924211292748
218.4952476238119	0.0715730001393109	0.1384422504430204
218.62831415707853	0.07133032548880065	0.13830176111798934
218.76138069034516	0.07111437023810391	0.13851656193876583
218.8944472236118	0.07105376521778772	0.13859015295978785
219.02751375687842	0.07109249719164455	0.13880112485081203
219.16058029014508	0.07129170432999352	0.13871810974314294
219.2936468234117	0.07138826036214732	0.1384153637154193
219.42671335667833	0.07174609892451732	0.13789089176008085
219.55977988994496	0.0717301586149292	0.13760894115472752
219.6928464232116	0.07200873229485981	0.137693963660667
219.82591295647822	0.07195558880450283	0.13764127147903032
219.95897948974488	0.07183739359530489	0.13801000213879114
220.0920460230115	0.0719483146059841	0.13750161725733837
220.22511255627813	0.07178084403115777	0.13761163956120895
220.35817908954476	0.07231004247242014	0.13752731538165508
220.4912456228114	0.07250859853986254	0.13759647982130485
220.62431215607802	0.07271068326211617	0.13790604046300223
220.75737868934468	0.07302984975609582	0.13782649581139678
220.8904452226113	0.0724053136106304	0.13830580998826836
221.02351175587793	0.0719120820364932	0.13843223452899278
221.15657828914456	0.07197223223882639	0.13854611321411428
221.2896448224112	0.07210322588326898	0.13867110939623703
221.42271135567785	0.07191759020259234	0.1384680945760787
221.55577788894448	0.07192819015136816	0.13897110784913866
221.6888444222111	0.0719031503556818	0.13884814160398914
221.82191095547773	0.07192934575298247	0.13904530827037087
221.95497748874436	0.07212597487215372	0.13889160634524497
222.088044022011	0.07180795341229061	0.13907717347290377
222.22111055527765	0.07174905510828886	0.13929147465526806
222.35417708854428	0.0715090628083132	0.13916976073086984
222.4872436218109	0.07145480072841896	0.1389849896273981
222.62031015507753	0.07129517492397607	0.1388961432939301
222.75337668834416	0.07106702289190495	0.139209741175433
222.8864432216108	0.07107368771132136	0.13969910194597598
223.01950975487745	0.07095851760374158	0.13989749267904308
223.15257628814408	0.07073057900291765	0.14004074177786724
223.2856428214107	0.07078762764510792	0.14040466067583726
223.41870935467733	0.07061634510814596	0.14046108560199183
223.55177588794396	0.07062967001148747	0.14063717973354595
223.6848424212106	0.07092663613929358	0.14091176543144904
223.81790895447725	0.07052498047760591	0.14097246441712774
223.95097548774388	0.07041457549108267	0.14149045844274824
224.0840420210105	0.07071499760728688	0.14157473508992124
224.21710855427713	0.07072065547915597	0.1419599970672542
224.35017508754376	0.07083380690419265	0.14213734172574374
224.4832416208104	0.07080316690779227	0.1427585265003335
224.61630815407705	0.07055372628975554	0.14278585639456576
224.74937468734367	0.07095673218543094	0.14230348537628124
224.8824412206103	0.07111452265346291	0.14178849091005738
225.01550775387693	0.07066599880796934	0.14176717651379403
225.14857428714356	0.07027200096365008	0.14163470256302543
225.2816408204102	0.0701432855588789	0.1414380530797609
225.41470735367685	0.07042911646693935	0.1416224276165626
225.54777388694347	0.07039994665379284	0.14181073677899045
225.6808404202101	0.07069841729116537	0.1420296711415437
225.81390695347673	0.07074088610415191	0.14216042563213221
225.94697348674336	0.0706485662429803	0.14218322877663742
226.08004002001	0.0707537021028469	0.14200721288707752
226.21310655327665	0.0707406245248679	0.1418347991268769
226.34617308654327	0.0708640998480007	0.1419529552655342
226.4792396198099	0.07101964697969206	0.14163534873537853
226.61230615307653	0.07078602406661673	0.14118899553797487
226.74537268634316	0.07088292019324817	0.14160693528339804
226.8784392196098	0.07108888244284467	0.14159780389725354
227.01150575287645	0.07126917390210596	0.14156825036866422
227.14457228614307	0.07114619516194388	0.14159238680368852
227.2776388194097	0.0710608805538571	0.14189013286213464
227.41070535267633	0.07123282899042123	0.14191731188329926
227.54377188594296	0.07126566054860341	0.141690604154819
227.6768384192096	0.07142311683664736	0.14203908973165405
227.80990495247624	0.07149619142898281	0.14183200110654445
227.94297148574287	0.07120084773824871	0.14207195169977221
228.0760380190095	0.0710957417100109	0.1419943607831854
228.20910455227613	0.07106587011910073	0.14200190630580856
228.34217108554276	0.07094889655441639	0.14199785821708463
228.4752376188094	0.07093630444718405	0.14173101363221285
228.60830415207604	0.07071347357854237	0.1416753826756376
228.74137068534267	0.07086352443398058	0.14143158138782766
228.8744372186093	0.07123304870199859	0.14127763199777443
229.00750375187593	0.07118051751860052	0.1411726352636368
229.14057028514256	0.07137844873280191	0.14124803818166293
229.2736368184092	0.07119141701320456	0.14103810490623686
229.40670335167584	0.07147012253247628	0.14105122404911202
229.53976988494247	0.07161626219668982	0.14077201406579362
229.6728364182091	0.07178321891775105	0.1406425906397234
229.80590295147573	0.07187939195864773	0.14067035934469974
229.93896948474236	0.07203161541708762	0.14083120697755674
230.072036018009	0.07206033197419141	0.14084297732111023
230.20510255127564	0.07194726444804958	0.14116206663359804
230.33816908454227	0.07195386025934469	0.141144398108448
230.4712356178089	0.07202386237782774	0.1409030451763451
230.60430215107553	0.07231640979415806	0.1412118950664583
230.73736868434216	0.07254410211114018	0.14132591617522372
230.8704352176088	0.07261035466221867	0.14089872548434118
231.00350175087544	0.07272343544241386	0.14108634536719847
231.13656828414207	0.07254548286374059	0.14045921802057185
231.2696348174087	0.07291373522309332	0.14080268554818523
231.40270135067533	0.07269150246146382	0.1405868271691751
231.53576788394196	0.0728749531698209	0.1407745730731473
231.6688344172086	0.07290558620959962	0.14120081704799434
231.80190095047524	0.07256986831879536	0.14117616091302354
231.93496748374187	0.07276910096477829	0.14159476360061796
232.0680340170085	0.07283154159515012	0.14160142774366738
232.20110055027513	0.07278655153180892	0.14142546803452538
232.33416708354176	0.07270414095193937	0.1414819641270196
232.4672336168084	0.07262502525480578	0.14161642266785485
232.60030015007504	0.07262312332950974	0.1412871893451062
232.73336668334167	0.07242507158048546	0.14164939758797016
232.8664332166083	0.0729669188122057	0.1415313599899899
232.99949974987493	0.07295694136109315	0.141571261006056
233.13256628314156	0.07267190990970152	0.141626737300138
233.26563281640819	0.07281769897285358	0.1411165452406475
233.39869934967484	0.07263306287524553	0.14066528847041995
233.53176588294147	0.0725465346394164	0.14060925119830767
233.6648324162081	0.07275754769583004	0.14044397839886638
233.79789894947473	0.07310179547649757	0.14058073917499408
233.93096548274136	0.07293507620298653	0.14030637764761875
234.06403201600799	0.07289671659877023	0.14046040454834866
234.19709854927464	0.07268555494132532	0.14046686053690544
234.33016508254127	0.07247637079790417	0.14020989399780467
234.4632316158079	0.07278826361624428	0.1399764608996058
234.59629814907453	0.07253647072134331	0.13995840930674724
234.72936468234116	0.07234088624084294	0.1404782889553556
234.86243121560778	0.07226004026895644	0.14024757025885853
234.99549774887444	0.07194560435806359	0.13978058837769133
235.12856428214107	0.07240817688066895	0.14009956682046049
235.2616308154077	0.07194640881226369	0.14003624871225323
235.39469734867433	0.07166283441343899	0.13976996864386113
235.52776388194096	0.07186573309621673	0.13991285007329518
235.66083041520758	0.07202325019998286	0.1406636065374247
235.79389694847424	0.07189373684700685	0.14088745314089782
235.92696348174087	0.07143312116055263	0.14096463377424712
236.0600300150075	0.07148354513877264	0.14139092917426263
236.19309654827413	0.07143547317443961	0.14171797800153565
236.32616308154076	0.07154559966462756	0.141964631700151
236.45922961480738	0.0719046980646437	0.14172916881012804
236.59229614807404	0.07178258357372663	0.1410888922904343
236.72536268134067	0.07204632869740116	0.14126731612956878
236.8584292146073	0.07198668887087356	0.14117030479072104
236.99149574787393	0.0717458947780275	0.14151112437889846
237.12456228114056	0.0715350887696048	0.14157541044594504
237.25762881440718	0.07173204009893584	0.1413005097571463
237.39069534767384	0.07163560622690023	0.14129085627947158
237.52376188094047	0.07209217985254646	0.1411023477868239
237.6568284142071	0.07225503067980418	0.1410495449442883
237.78989494747373	0.07258150491939655	0.14095817414743153
237.92296148074036	0.07289379806727561	0.14140306924085766
238.05602801400698	0.07299314379962676	0.1418290755825856
238.18909454727364	0.07305232869551162	0.14198530982318644
238.32216108054027	0.07285113053331041	0.14170062802671093
238.4552276138069	0.07267242999350097	0.14184183359117133
238.58829414707353	0.07274455002838641	0.1421044421636073
238.72136068034015	0.07279173897490905	0.14161305743862573
238.8544272136068	0.07259230746013212	0.14196721956464523
238.98749374687344	0.07266724406851667	0.14221030854337882
239.12056028014007	0.07288211938803178	0.1425906311838002
239.2536268134067	0.07281635142223004	0.14249366348380774
239.38669334667333	0.07271619126295029	0.1419879130370752
239.51975987993995	0.0727157745607089	0.14108912638487806
239.6528264132066	0.07271613774678805	0.1410966868681519
239.78589294647324	0.07307784413087637	0.14100072733997648
239.91895947973987	0.07321024620459048	0.14117297456299016
240.0520260130065	0.07310127797295234	0.1413178157662132
240.18509254627313	0.07336799666133885	0.14143497117396198
240.31815907953975	0.07311386034611386	0.14138510940673635
240.4512256128064	0.07272815244614368	0.1411548714563015
240.58429214607304	0.07270237424287274	0.14053096581003108
240.71735867933967	0.07247408168429485	0.14036078693984838
240.8504252126063	0.07275535661281615	0.14017921612794018
240.98349174587293	0.07304488232658206	0.13993263507455478
241.11655827913955	0.0725027182786708	0.1398280718327036
241.2496248124062	0.07264933753648828	0.1401263952466678
241.38269134567284	0.07289015999987028	0.13992303772872483
241.51575787893947	0.07237084262138661	0.14007043398019645
241.6488244122061	0.07235399813313362	0.1400468418579822
241.78189094547272	0.07220488215719446	0.1398615889041379
241.91495747873935	0.0720127268438436	0.14058070217116952
242.048024012006	0.07195041921374504	0.1408443352877658
242.18109054527264	0.07166575909124623	0.140983614270014
242.31415707853927	0.07132043081543235	0.14189520532562971
242.4472236118059	0.07156082506826421	0.14202552260073179
242.58029014507252	0.07167984376342135	0.1423987747623277
242.71335667833915	0.07196167866072956	0.142211998705676
242.8464232116058	0.07204768350260701	0.14205863246979003
242.97948974487244	0.07203750197905617	0.1414357848118816
243.11255627813907	0.07182118364582483	0.14223281073272198
243.2456228114057	0.07175788674521089	0.1422980750751852
243.37868934467232	0.07176883373136733	0.14150468144573966
243.51175587793895	0.07159577922336369	0.14183637874214608
243.6448224112056	0.0715414664801639	0.14169753822840694
243.77788894447224	0.07149671582644579	0.14168102935241658
243.91095547773887	0.07148099047257071	0.1411811536530621
244.0440220110055	0.07129087523937813	0.14128788752720817
244.17708854427212	0.07116377346708583	0.14179316920249402
244.31015507753875	0.0712397039654131	0.1417681076625125
244.4432216108054	0.07134248423835352	0.14157894209326236
244.57628814407204	0.07123235526967232	0.14159226038119774
244.70935467733867	0.07127742886752222	0.14159236461453906
244.8424212106053	0.07101908558490111	0.14167538679623132
244.97548774387192	0.07067979043455438	0.1417116578088255
245.10855427713855	0.07087750555882194	0.14149215660275954
245.2416208104052	0.07103628490501888	0.14099696064953074
245.37468734367184	0.07130377562316953	0.14061175599163572
245.50775387693847	0.07139289090390882	0.14095346822696048
245.6408204102051	0.07169634538398466	0.14056063126632531
245.77388694347172	0.07185635356545769	0.14098945183119443
245.90695347673835	0.07198399419235756	0.14105090266520282
246.040020010005	0.07143812186714907	0.14137520389718153
246.17308654327164	0.07181042658484098	0.14103961199536547
246.30615307653827	0.07152625764400349	0.14159813023628276
246.4392196098049	0.07139527925124058	0.14166158983262386
246.57228614307152	0.07156430741873508	0.14128925854439062
246.70535267633815	0.0714013836782757	0.14122128175485774
246.8384192096048	0.07165411550081884	0.14196621828100248
246.97148574287144	0.07124622153677698	0.14144357095342205
247.10455227613807	0.07143102753493259	0.14211796174565502
247.2376188094047	0.0715868166260914	0.14180312093773154
247.37068534267132	0.07203968410001242	0.1417262772408515
247.50375187593795	0.07227048067954808	0.1416405424364027
247.6368184092046	0.07218420100588317	0.1417608724283551
247.76988494247124	0.07217254188059934	0.14196392984899872
247.90295147573786	0.07180503094343976	0.14252111222413513
248.0360180090045	0.07172767990025197	0.14257754467574504
248.16908454227112	0.07196792301485323	0.14244885528033727
248.30215107553775	0.07207043974490654	0.1421543415514226
248.4352176088044	0.07210408960180606	0.14170679836990624
248.56828414207104	0.07233107031922782	0.1416548853954624
248.70135067533766	0.072233289291607	0.14226178793104438
248.8344172086043	0.07226110458618225	0.14213672878512199
248.96748374187092	0.0723627475203299	0.14211712712463045
249.10055027513755	0.07218864753327792	0.14164637484670298
249.2336168084042	0.07220357193932436	0.14145695227963062
249.36668334167084	0.07213850335726092	0.14155591261427294
249.49974987493746	0.07223730558162254	0.14151576515371872
249.6328164082041	0.07226795518513822	0.14241466777490283
249.76588294147072	0.0717945830435478	0.1421094615211029
249.89894947473735	0.07199027808102985	0.14262693275074362
250.032016008004	0.07202543162565643	0.14268799820407463
250.16508254127064	0.07220662996040217	0.14260039869419225
250.29814907453726	0.07252458722985329	0.14236118702169606
250.4312156078039	0.07250564529986397	0.14212736999213024
250.56428214107052	0.07230752751387391	0.1418027151028365
250.69734867433715	0.07269455491435566	0.14249255583985318
250.8304152076038	0.07279623779254404	0.14263142962356606
250.96348174087044	0.07295630788158249	0.1428130977880885
251.09654827413706	0.07278769100063776	0.1425796279531595
251.2296148074037	0.07272323030256615	0.1425517576421721
251.36268134067032	0.07237793478795677	0.1422978406192113
251.49574787393695	0.07218437905465272	0.14208834109948196
251.6288144072036	0.07229467146134355	0.14190566574025956
251.76188094047023	0.0727623840867102	0.14138672585168618
251.89494747373686	0.07282720327013176	0.14155151144373693
252.0280140070035	0.07289576467446443	0.14179805422124112
252.16108054027012	0.07328192021820143	0.14149812840282874
252.29414707353675	0.07310242640635903	0.1414551801959705
252.4272136068034	0.07304037774078993	0.14149662917321323
252.56028014007003	0.07319263001835287	0.14105745772220193
252.69334667333666	0.0732878784193582	0.14090004965338815
252.8264132066033	0.07334451306090309	0.14041966317969026
252.95947973986992	0.0736374501997541	0.1401863300549271
253.09254627313655	0.07350029464448533	0.13992529946912255
253.2256128064032	0.07337480165549574	0.13973467871789935
253.35867933966983	0.07352767428494032	0.13999407022545363
253.49174587293646	0.07362818573888334	0.1405121310646807
253.6248124062031	0.07415318521513625	0.13995579553200282
253.75787893946972	0.07448783269294157	0.1399835978517532
253.89094547273635	0.07492365127951421	0.140303381222596
254.024012006003	0.07471194295821328	0.14028958600645747
254.15707853926963	0.07475888615675248	0.14044554013320512
254.29014507253626	0.07435926411066276	0.14088421234443896
254.4232116058029	0.07460303835718646	0.14060260676207642
254.55627813906952	0.07478951223806378	0.1407560851259611
254.68934467233615	0.07484720674954969	0.14036598322727362
254.8224112056028	0.07449673725971967	0.14039677628301475
254.95547773886943	0.07437967527444779	0.14025259395538456
255.08854427213606	0.07416055053608453	0.1400736334986348
255.2216108054027	0.0740863625842684	0.13987562251665406
255.35467733866932	0.07402843201013107	0.1396945860059739
255.48774387193595	0.07379829854065507	0.1396261593739158
255.6208104052026	0.07399460375052196	0.139616421761667
255.75387693846923	0.07375035828358699	0.1397668667429772
255.88694347173586	0.07333913782628529	0.13929196686081913
256.0200100050025	0.07339834383173902	0.13978671271787835
256.15307653826915	0.07333282438750922	0.13973708586137804
256.2861430715358	0.0734235209322045	0.13990247715681794
256.4192096048024	0.07320780864286133	0.1400232377524498
256.55227613806903	0.07313464181994664	0.14007391766676458
256.68534267133566	0.07317133457005841	0.14077509470951768
256.8184092046023	0.07337978697240713	0.1411025093375726
256.9514757378689	0.07311527112965625	0.14113561183658332
257.08454227113555	0.07318386484476778	0.1409282274530398
257.2176088044022	0.07270563910971976	0.1411929894722802
257.3506753376688	0.07253671997720496	0.14104270688687665
257.4837418709355	0.07251425198197636	0.14125332812575214
257.6168084042021	0.0725136896954298	0.1414763502031642
257.74987493746875	0.07247374826155266	0.14166264209798143
257.8829414707354	0.07229586753584602	0.14144397446978077
258.016008004002	0.07237177151807367	0.1414821098303177
258.14907453726863	0.0727092917468798	0.14152342405850696
258.28214107053526	0.07260619530650433	0.14178830010169016
258.4152076038019	0.07262145071316213	0.14169624160249272
258.5482741370685	0.07263136860405993	0.14115925550987857
258.68134067033515	0.07235649602329332	0.1411546754233961
258.8144072036018	0.07264868570315586	0.14099001681983245
258.9474737368684	0.0722091082495784	0.14158435398523653
259.0805402701351	0.072318705847485	0.14153237195291068
259.2136068034017	0.07187426961319114	0.1414246827583134
259.34667333666835	0.07213720823359017	0.14114751476255769
259.479739869935	0.07174503875368293	0.14175699343554124
259.6128064032016	0.07180489561879007	0.14189143109292435
259.74587293646823	0.07162996726292715	0.14133874985597916
259.87893946973486	0.07161189209378437	0.14130035158408918
260.0120060030015	0.07110552007627476	0.14161354632239295
260.1450725362681	0.07096466389782734	0.14146985685952998
260.27813906953475	0.07106247892398175	0.14104937326774888
260.4112056028014	0.07177673760900476	0.14063269418223778
260.544272136068	0.07158652102681533	0.140173327345186
260.6773386693347	0.07171543531090531	0.14079113323253212
260.8104052026013	0.07164732325750288	0.14037067333559633
260.94347173586794	0.07204195215621241	0.13965336445505602
261.0765382691346	0.07213892318781337	0.13959823399941826
261.2096048024012	0.07215358833757907	0.13986017242903068
261.34267133566783	0.07259975664946841	0.1403449359205039
261.47573786893446	0.07234295579033988	0.1408561809573266
261.6088044022011	0.07215953699488946	0.14112940557847836
261.7418709354677	0.07224633301360833	0.14099776689000837
261.87493746873434	0.07235618355789813	0.14121022816864875
262.008004002001	0.072492507597788	0.14166106685579447
262.1410705352676	0.0722731421182209	0.14128884565963187
262.2741370685343	0.07226756553499855	0.14132680008660514
262.4072036018009	0.0724690578133977	0.1415013611788253
262.54027013506754	0.07235952065161932	0.14185999172059277
262.6733366683342	0.07244601880486207	0.1417252255604253
262.8064032016008	0.07257696358541006	0.1421263706617098
262.93946973486743	0.07301751833393669	0.14175032121141629
263.07253626813406	0.0734834000113408	0.14210270054517196
263.2056028014007	0.07388402085785897	0.14175427040345653
263.3386693346673	0.07397694899286103	0.1414650366797725
263.47173586793394	0.07382016826571794	0.14115232489311294
263.6048024012006	0.07401927564493842	0.14121961718827417
263.7378689344672	0.07380179052628454	0.14075705301795888
263.8709354677339	0.07353236350655955	0.14053171315053897
264.0040020010005	0.07377508978951444	0.14055413790628155
264.13706853426714	0.07373256231841824	0.1405515088901626
264.2701350675338	0.07375357033762388	0.14088730639547833
264.4032016008004	0.07388593679711182	0.14013716780628385
264.53626813406703	0.07412902035439493	0.13991069920338683
264.66933466733366	0.07441757223642995	0.14024102437248095
264.8024012006003	0.07463827386455445	0.14072980769711116
264.9354677338669	0.07508237018407328	0.14064344589168937
265.06853426713354	0.07484111547244254	0.1404209185905264
265.2016008004002	0.07455099396233192	0.14050942317517484
265.3346673336668	0.07486188306257048	0.14042071100149664
265.4677338669335	0.07437469968667282	0.14066386633865058
265.6008004002001	0.07470587686139946	0.14077541919914682
265.73386693346674	0.07488374763853156	0.1405095681775511
265.86693346673337	0.07483938978923493	0.1405094269505111
266.0	0.07528239202657808	0.14008859357696568
