0.0	0.0	0.0
0.1330665332666333	4.436139484740091e-05	2.217119327580085e-05
0.2661330665332666	0.000221690943819523	0.00011088354559116443
0.39919959979989994	0.0005100719245494679	0.0003772012998639745
0.5322661330665333	0.0009751231943657621	0.0009312519643905359
0.6653326663331666	0.0011970947253398378	0.0013744494917242714
0.7983991995997999	0.0018847193594990399	0.0019730596843034382
0.9314657328664332	0.002415624898906439	0.0025713838324659087
1.0645322661330665	0.002836988814722832	0.003236434979705212
1.1975987993997	0.0033910353038244384	0.003878364768422399
1.3306653326663331	0.003923699017139322	0.004388548479151916
1.4637318659329663	0.004721612186108282	0.005119912057607602
1.5967983991995998	0.005364229691134045	0.005696002491424512
1.7298649324662332	0.00609416403175683	0.006450087825517878
1.8629314657328664	0.006335356065268522	0.007158998792902009
1.9959979989994996	0.006581250040716307	0.007867211845617813
2.129064532266133	0.007113698342587592	0.008444233850039212
2.2621310655327664	0.007556575152984399	0.009241616298119036
2.3951975987994	0.008066360694271814	0.009795330378275386
2.528264132066033	0.008486550237762154	0.010572087425459592
2.6613306653326663	0.008908446160248426	0.011258104723394561
2.7943971985992997	0.00944103433513938	0.011944964403345068
2.9274637318659327	0.009972224540686915	0.012633282351179564
3.060530265132566	0.01043711971901577	0.013543780623715035
3.1935967983991995	0.01085684860049837	0.014496209139185185
3.326663331665833	0.01114426306052324	0.015335371791674227
3.4597298649324664	0.011477546314558197	0.0159325418891658
3.5927963981990994	0.011808674248121867	0.01657531003692283
3.7258629314657328	0.012122263684407534	0.01719726627656991
3.858929464732366	0.012765897550179615	0.017949221252157897
3.991995997998999	0.013160401665679111	0.018481287616661884
4.125062531265633	0.013426156761953337	0.01918931315104871
4.258129064532266	0.013737688797309735	0.019748224651993662
4.391195597798899	0.01409136837182543	0.020833931086490093
4.524262131065533	0.01438042478429103	0.021288797307723196
4.657328664332166	0.014848657461693417	0.021579370806410654
4.7903951975988	0.015240227847203922	0.022116046013824234
4.923461730865433	0.015194511871884812	0.022825543787701942
5.056528264132066	0.015420487599837248	0.023443915712728372
5.1895947973986996	0.015710980021925218	0.023973682123906416
5.3226613306653325	0.016199891795181116	0.024464037663777874
5.4557278639319655	0.016573238881978068	0.025221865975914023
5.588794397198599	0.016861242634688765	0.025993964420954554
5.721860930465232	0.017194830642079047	0.02659171536687138
5.854927463731865	0.017596147021114845	0.027350156480577162
5.987993996998499	0.018059109809247072	0.028141060189223882
6.121060530265132	0.018346393938616912	0.028561378950890535
6.254127063531766	0.01874687014764412	0.029228069156532442
6.387193596798399	0.019076344475694066	0.029878946549821418
6.520260130065032	0.019342827809982907	0.03096060925033056
6.653326663331666	0.019652352057592457	0.031538239480050516
6.786393196598299	0.01989649339196779	0.03252891282851633
6.919459729864933	0.020230092473907123	0.03284118001161855
7.052526263131566	0.02044415986941472	0.03398365114745741
7.185592796398199	0.020494643314678738	0.03478940264241846
7.318659329664833	0.020964056602569253	0.035413322445477735
7.4517258629314655	0.02127204574109041	0.03613856647228563
7.5847923961980985	0.021622638064598153	0.03663483850820983
7.717858929464732	0.02178217638999983	0.03767575940978143
7.850925462731365	0.02229307183724989	0.038129328435881064
7.983991995997998	0.022485009206706652	0.038738610877908794
8.117058529264632	0.02263794619839699	0.03948575963342825
8.250125062531266	0.022757186881588197	0.039878869539904244
8.383191595797898	0.023220770684355824	0.04044564506862356
8.516258129064532	0.023206053112674044	0.041284306758404464
8.649324662331166	0.02315106171320491	0.041837024921778355
8.782391195597798	0.023486193039960277	0.042494377508246806
8.915457728864432	0.023711812255432264	0.04285908992303041
9.048524262131066	0.024270653650861368	0.04388419537282114
9.181590795397698	0.02461305247523105	0.044543246101779434
9.314657328664332	0.024746360917943827	0.045435264389175375
9.447723861930966	0.024990751045780357	0.04617969113611323
9.5807903951976	0.025119884105605082	0.04677770845638367
9.713856928464232	0.02525610240197862	0.047444168904720106
9.846923461730865	0.02542914184984389	0.048060103483376804
9.9799899949975	0.02545190240810582	0.04854407324160893
10.113056528264131	0.02570676714892796	0.0491847406283324
10.246123061530765	0.026053292554547674	0.050262427702546526
10.379189594797399	0.02609361577270517	0.050791475048665324
10.512256128064031	0.026301413982433828	0.05175287799838298
10.645322661330665	0.026513701458384838	0.05242320271996879
10.778389194597299	0.026492607175491057	0.052988270892549545
10.911455727863931	0.026696915487898716	0.05389851228468763
11.044522261130565	0.026801725613842767	0.05460569799122243
11.177588794397199	0.026896098601010686	0.05549731832583225
11.31065532766383	0.027040192147577875	0.056235379455363006
11.443721860930465	0.02681511423153756	0.05662730708677953
11.576788394197099	0.026949610776684375	0.05712667532683274
11.70985492746373	0.027438095490378792	0.05791196976891765
11.842921460730365	0.02771809039362372	0.05859690466650405
11.975987993996998	0.027961740406231315	0.05882947998764831
12.109054527263632	0.028157807544670368	0.05972732702895894
12.242121060530264	0.028238446821887954	0.060288346815218066
12.375187593796898	0.028195964958116815	0.06079677361853994
12.508254127063532	0.028287093721411458	0.06124179578251433
12.641320660330164	0.02833083395628618	0.06182257504138031
12.774387193596798	0.028343395930444687	0.06247273945362942
12.907453726863432	0.0281977555277155	0.06334453735069824
13.040520260130064	0.0283983827859388	0.06415008864293793
13.173586793396698	0.028351614057025746	0.06457889336736337
13.306653326663332	0.028537718658504966	0.06493892301400267
13.439719859929964	0.02861083961732785	0.0654786654700657
13.572786393196598	0.028509078251359645	0.0660242383018626
13.705852926463232	0.028811838646832868	0.06650447996861261
13.838919459729865	0.029090084533882798	0.06736914997856407
13.971985992996498	0.029325493701979663	0.06799172627242425
14.105052526263131	0.029827323696871008	0.06887680625415936
14.238119059529765	0.02988040788516727	0.06934050102712036
14.371185592796397	0.02994128764999629	0.06963133111233163
14.504252126063031	0.029836394650404694	0.07005757610484203
14.637318659329665	0.03014789423962016	0.0704753878792028
14.770385192596297	0.030501901058358448	0.07087808181418231
14.903451725862931	0.03036084333899505	0.07133950550124082
15.036518259129565	0.03043746535382483	0.07185360907741946
15.169584792396197	0.030581760989560218	0.07284253149366149
15.302651325662831	0.030931153621941956	0.0732740341601188
15.435717858929465	0.03096414832823143	0.07383954114482809
15.568784392196097	0.031087112631383536	0.0741249697031228
15.70185092546273	0.031276485188730226	0.07503379367810815
15.834917458729365	0.031282086593406866	0.07534433623601709
15.967983991995997	0.03155243767746434	0.07574651043755704
16.101050525262632	0.03168157072410414	0.07611282584383354
16.234117058529264	0.03196132884926393	0.07677908549477938
16.367183591795897	0.03230407007259725	0.0772677715049394
16.500250125062532	0.03236293401975353	0.07803635657762334
16.633316658329164	0.03242160403014831	0.07874742873605098
16.766383191595796	0.032421072786813165	0.0793016054976986
16.899449724862432	0.03283623220512223	0.08012745649481999
17.032516258129064	0.03277853635688644	0.08009037143045361
17.165582791395696	0.03289698729527822	0.08101311169118379
17.298649324662332	0.0329652586326683	0.08154031817661853
17.431715857928964	0.03308888575407954	0.0815775364437188
17.564782391195596	0.03302868244867177	0.08189705346766048
17.69784892446223	0.03325831760211683	0.08245977187854228
17.830915457728864	0.03333369198715614	0.08262812295709006
17.963981990995496	0.03336185140682419	0.08291442871278044
18.09704852426213	0.03349543996170623	0.08310502984722623
18.230115057528764	0.033505898306972676	0.08372221681390796
18.363181590795396	0.03341807998700147	0.084365965075064
18.49624812406203	0.033289377133035404	0.08502048520683606
18.629314657328663	0.03289326437549245	0.08543156535017238
18.762381190595296	0.03287937199468952	0.08577377829366781
18.89544772386193	0.03305149164087793	0.08603927637706066
19.028514257128563	0.033072229999800966	0.08686644589093867
19.1615807903952	0.03321062665557893	0.08744326780517807
19.29464732366183	0.03340009993870586	0.08722550425823253
19.427713856928463	0.033777662093453675	0.08764533864508418
19.5607803901951	0.033932836294513304	0.08780878636151168
19.69384692346173	0.033993015277125574	0.08827678463052817
19.826913456728363	0.034407565516883995	0.08917668328205047
19.959979989995	0.034745841423689826	0.08956893158969498
20.09304652326163	0.0348930229220024	0.08973726491148051
20.226113056528263	0.03494424131419553	0.08960371491338506
20.3591795897949	0.03473028373306614	0.09000807037969775
20.49224612306153	0.0347142454651269	0.09003885133411613
20.625312656328163	0.035151751752298364	0.09030531623503865
20.758379189594798	0.03487836748363116	0.0906251161220035
20.89144572286143	0.035067138099410713	0.09086588955826926
21.024512256128062	0.03499676452821685	0.09155463131479968
21.157578789394698	0.03521480597478435	0.09206135223115339
21.29064532266133	0.035346073044671994	0.09214407212716581
21.423711855927962	0.035261669135897664	0.09261468438601933
21.556778389194598	0.03534919349164698	0.0924095692422655
21.68984492246123	0.035282011336287965	0.09260430755665792
21.822911455727862	0.0353525465581094	0.09323091373477017
21.955977988994498	0.03529326033014694	0.09328973643204047
22.08904452226113	0.03522374657135333	0.09344448286914521
22.222111055527762	0.03537243600697431	0.09381153940041843
22.355177588794398	0.03525224803973542	0.09439864869545421
22.48824412206103	0.03515214022837009	0.0953324360689963
22.62131065532766	0.03487028117808593	0.09605077814698434
22.754377188594297	0.03494647893538417	0.09669911937856142
22.88744372186093	0.035161127650441173	0.09711597677653944
23.02051025512756	0.03525035280548473	0.097739621961318
23.153576788394197	0.035482411817877264	0.09836726109047304
23.28664332166083	0.03572155085469907	0.09846083323079226
23.41970985492746	0.03589312672730257	0.09871600497555236
23.552776388194097	0.03596776715703972	0.09899199506359073
23.68584292146073	0.0359828778533304	0.09932514931468177
23.818909454727365	0.036257660380273275	0.09923392672665005
23.951975987993997	0.036423364141610653	0.09918520041068203
24.08504252126063	0.03650160435206935	0.09915814568416853
24.218109054527265	0.036564455350680786	0.09895028145400563
24.351175587793897	0.0367345552538606	0.09950626658226981
24.48424212106053	0.03643897452620751	0.10001076739917003
24.617308654327164	0.03643386046407422	0.10014979608920854
24.750375187593797	0.03641816063538076	0.10004369485271132
24.88344172086043	0.03652618774362744	0.10025527670449444
25.016508254127064	0.03658902014172423	0.10056587200031211
25.149574787393696	0.03695023809815935	0.10064355732760792
25.28264132066033	0.03710703153327117	0.10099541759637674
25.415707853926964	0.03711037305916003	0.10107541461181598
25.548774387193596	0.036955818027840724	0.10110270323759245
25.68184092046023	0.03700430630694251	0.10071823495638534
25.814907453726864	0.037170743972622856	0.1008788556133695
25.947973986993496	0.03717232165396864	0.10090972982973387
26.081040520260128	0.03721735304001745	0.10101540006738698
26.214107053526764	0.03700564666875846	0.10138338975187194
26.347173586793396	0.03709936116525861	0.10185483509914149
26.480240120060028	0.0370946006495875	0.10170747015302321
26.613306653326664	0.03746725736912533	0.10164417909627568
26.746373186593296	0.03756832193428177	0.10179112274022742
26.879439719859928	0.03742624013698307	0.10193197144284902
27.012506253126563	0.03777930323339297	0.10184098285221482
27.145572786393195	0.03771860520524991	0.10170857639865409
27.278639319659828	0.03789788374713609	0.10196605246498969
27.411705852926463	0.038027537968813425	0.10245120404072768
27.544772386193095	0.037993795958608946	0.1028384130631983
27.67783891945973	0.03832294576689204	0.10276748382666391
27.810905452726363	0.03876642344308378	0.10313914669815921
27.943971985992995	0.03882152254599641	0.102994015461495
28.07703851925963	0.03890081010232199	0.10297763814305382
28.210105052526263	0.0391838633242451	0.10293394644819373
28.343171585792895	0.03901586004383215	0.10264610530932192
28.47623811905953	0.039015856956206206	0.10313195485991845
28.609304652326163	0.03886393076640636	0.10346232193490704
28.742371185592795	0.039041891329253564	0.10372502346398609
28.87543771885943	0.039314643366241436	0.10382157252074246
29.008504252126063	0.03917968638468252	0.10367393297788385
29.141570785392695	0.039264051829045334	0.10374225177034506
29.27463731865933	0.03922625745979464	0.10343583695349874
29.407703851925962	0.03957702389354759	0.10301878103908557
29.540770385192594	0.03946729937538859	0.10335902985283403
29.67383691845923	0.039331863939950445	0.10337879745967189
29.806903451725862	0.03929670582818076	0.1037071041750324
29.939969984992494	0.03913446247815578	0.10333881192413648
30.07303651825913	0.039258781147830456	0.10369344743876245
30.206103051525762	0.03929590777519614	0.10384145271342107
30.339169584792394	0.03939640785725691	0.10371478423166569
30.47223611805903	0.03951910968805069	0.10326568284781006
30.605302651325662	0.03954190596953384	0.10353479124440505
30.738369184592294	0.03956814780037255	0.10365257889030449
30.87143571785893	0.03944621519888122	0.10367494510611394
31.00450225112556	0.039570086835100056	0.10397370731380538
31.137568784392194	0.039569801458969184	0.10397761578743468
31.27063531765883	0.0394874964869262	0.10369290371016197
31.40370185092546	0.03954649824237783	0.10408932732920465
31.536768384192094	0.03965979455858846	0.10465391828631719
31.66983491745873	0.039673697638110926	0.10458252928418499
31.80290145072536	0.039600649713075614	0.10477155002618745
31.935967983991993	0.03993915748292324	0.10503616892302844
32.06903451725863	0.03997774972631871	0.10530851657221942
32.202101050525265	0.04000275794848957	0.10558077331991388
32.33516758379189	0.04002744580516833	0.10577764031170152
32.46823411705853	0.040130037478208175	0.10604262915594964
32.601300650325165	0.040149770280270586	0.10596614917171018
32.73436718359179	0.039914903275975036	0.10650069629832208
32.86743371685843	0.04008810138688151	0.10670254324675173
33.000500250125064	0.03992605072655774	0.10687746559709789
33.13356678339169	0.040038672191521775	0.10712271470152397
33.26663331665833	0.04002374513523295	0.10730057203980185
33.399699849924964	0.039929338944441485	0.10782636806257727
33.53276638319159	0.040162033494728584	0.10773792963487043
33.66583291645823	0.04003259507372043	0.1077635174114991
33.798899449724864	0.04007896134630286	0.10803634034442108
33.93196598299149	0.04019368981389168	0.10854228351064642
34.06503251625813	0.040294040117365676	0.10856618653959269
34.198099049524764	0.04037969073716416	0.1087051613848003
34.33116558279139	0.04052276908702123	0.10918095815060425
34.46423211605803	0.04047555886090616	0.10933122354621039
34.597298649324664	0.040895030906550396	0.1091415220935123
34.73036518259129	0.04078562885968298	0.10905298900355813
34.86343171585793	0.040621917710291014	0.10872133801359893
34.99649824912456	0.040705964692847096	0.10925193203414875
35.12956478239119	0.04065336174314989	0.10948496979869535
35.26263131565783	0.040865884569507425	0.10963407003254838
35.39569784892446	0.04086615933830708	0.10957442911789635
35.52876438219109	0.04060311362946476	0.10961605203527512
35.66183091545773	0.040606792364932184	0.10959877471052042
35.79489744872436	0.0410890694122685	0.11025546148322897
35.92796398199099	0.041118498155253896	0.11060927754573537
36.06103051525763	0.041482227829484956	0.11133496774080358
36.19409704852426	0.041578109285882625	0.11208142351549824
36.32716358179089	0.04197746055767003	0.11261989065480976
36.46023011505753	0.04173056985925392	0.1127625047467745
36.59329664832416	0.04183841750660393	0.11293390872406979
36.72636318159079	0.04189983494725083	0.11304850972855429
36.85942971485743	0.041902026264791725	0.11356130612696753
36.99249624812406	0.042028875146479426	0.11344090987430248
37.12556278139069	0.04178353568511715	0.11401928796134891
37.25862931465733	0.04177818688884205	0.11400159421406086
37.39169584792396	0.04203611790136497	0.11407685907881211
37.52476238119059	0.0420012343581855	0.11389143183598963
37.65782891445723	0.041920890184491216	0.11389200585233009
37.79089544772386	0.041867179894444204	0.11377727992472614
37.92396198099049	0.04193528945793608	0.11337348927193999
38.05702851425713	0.04221160632989658	0.11334870133767522
38.19009504752376	0.04182578868869894	0.11366197324924157
38.3231615807904	0.042128839912299036	0.11365540995439607
38.456228114057026	0.04239454943043203	0.11374098873131461
38.58929464732366	0.04270851671565033	0.11353871327813457
38.7223611805903	0.04287601281721125	0.11339148796136259
38.855427713856926	0.04326409893873712	0.11326736721080911
38.98849424712356	0.04346665780603357	0.11395377846323564
39.1215607803902	0.04348203453871566	0.11383250241601317
39.254627313656826	0.043588802713106486	0.11391319536472214
39.38769384692346	0.043803305855715895	0.11379502861357704
39.5207603801901	0.04396540452298708	0.11361806737846197
39.653826913456726	0.04386604154390896	0.11346923784143383
39.78689344672336	0.043948296972073975	0.11356529087593782
39.91995997999	0.04410232474270057	0.1137181561645721
40.053026513256626	0.04401794728950061	0.1132205665193369
40.18609304652326	0.04412082144094554	0.11337381747317285
40.3191595797899	0.04435887448169096	0.11268670898626176
40.452226113056525	0.04411083400619898	0.11269601346624446
40.58529264632316	0.04408248317757785	0.11262801026666099
40.7183591795898	0.04405085969504613	0.11201381542430734
40.851425712856425	0.04389647034300557	0.1116979774606654
40.98449224612306	0.04399447491618269	0.11150407692255479
41.1175587793897	0.04395876319826495	0.11169352242799742
41.250625312656325	0.04410809432888722	0.11199700445672434
41.38369184592296	0.04441628471546262	0.111848461451749
41.516758379189596	0.04435759649504125	0.11239381482031623
41.649824912456225	0.04461385605269423	0.11272907805136129
41.78289144572286	0.04468545994766834	0.11242715247883724
41.915957978989496	0.04476786494129702	0.1124037286428672
42.049024512256125	0.04500289765129282	0.11270719295238484
42.18209104552276	0.0455855352898882	0.11293295737784255
42.315157578789396	0.045472702978580255	0.11299951057236156
42.448224112056025	0.04531880554576104	0.11346312537950014
42.58129064532266	0.04540116199814265	0.11313180362881854
42.714357178589296	0.04541627871065002	0.11301548791096093
42.847423711855924	0.04568566296883039	0.11346556957003477
42.98049024512256	0.04565689631060855	0.1138597998293664
43.113556778389196	0.04572412614177908	0.11449722013195611
43.246623311655824	0.04567676906915712	0.11485369301420968
43.37968984492246	0.046061317260955616	0.11458621500415618
43.512756378189096	0.04622899433239134	0.11432712390595738
43.645822911455724	0.04623546426812957	0.11460951217225011
43.77888944472236	0.04627481447539428	0.11450321637010823
43.911955977988995	0.04623040645022601	0.11464626945541728
44.045022511255624	0.04665629976262877	0.11465848110265804
44.17808904452226	0.04680927051405042	0.11461514651333488
44.311155577788895	0.04638756887840742	0.11487320340990691
44.444222111055524	0.04619330828199178	0.11459743416080558
44.57728864432216	0.04613605148178277	0.114950692110483
44.710355177588795	0.046318347742834005	0.11552187821335155
44.843421710855424	0.046245040803206655	0.1154475206358566
44.97648824412206	0.04639041834544436	0.11563499108627401
45.109554777388695	0.04640813271829702	0.11586093917976978
45.24262131065532	0.04617654304623484	0.11574700036446099
45.37568784392196	0.04628991385159705	0.11606759476709272
45.508754377188595	0.04634384598907504	0.11571867868179765
45.64182091045522	0.04678103596246143	0.11594501063171171
45.77488744372186	0.0468556662780914	0.11613091282086893
45.907953976988495	0.04697325202218609	0.1160834433855651
46.04102051025512	0.04695026547230033	0.11658989929267022
46.17408704352176	0.046718807550044726	0.11670109845987964
46.307153576788394	0.046654518808464884	0.11681218701637482
46.44022011005502	0.04677057944540916	0.11685650479554063
46.57328664332166	0.04684014431635859	0.11645811211885736
46.706353176588294	0.04708358372160701	0.1168082526768047
46.83941970985492	0.047266331798874385	0.11676840343956746
46.97248624312156	0.047103474388054165	0.11676651159261005
47.105552776388194	0.04731228592384674	0.11701377976474212
47.23861930965483	0.04712674538464471	0.11717053995939816
47.37168584292146	0.04701076295556839	0.11714743116672928
47.504752376188094	0.04693733783732069	0.11714456782363931
47.63781890945473	0.047169894580329746	0.11714581235004717
47.77088544272136	0.04710017830945704	0.11725735312674601
47.903951975987994	0.04718495429353124	0.11705165973169518
48.03701850925463	0.047420847726321706	0.11771285854353654
48.17008504252126	0.0476596794599009	0.11758948202173444
48.30315157578789	0.04773626590122608	0.11818859922815292
48.43621810905453	0.047544206127480976	0.11798597873403142
48.56928464232116	0.04748810727325108	0.1181963993938265
48.70235117558779	0.047578330186849725	0.11804074218625955
48.83541770885443	0.04769558680295765	0.11799531864635848
48.96848424212106	0.0476798790470564	0.11815300704776596
49.10155077538769	0.04769898647235687	0.11850097091629845
49.23461730865433	0.047930623141074304	0.11899305570804031
49.36768384192096	0.048204313050293934	0.11900528072695901
49.50075037518759	0.04798466234772674	0.11894490265912175
49.63381690845423	0.047740843129276664	0.11891931222766759
49.76688344172086	0.0476932605980441	0.11879275446344112
49.89994997498749	0.0476071913823765	0.11901287497802114
50.03301650825413	0.04717188514805547	0.11880098211715294
50.16608304152076	0.04705628692918152	0.11913115212343385
50.29914957478739	0.04715216948734031	0.11919297744159167
50.43221610805403	0.0471270557887519	0.11856190677071647
50.56528264132066	0.04727901491405888	0.11852765271328848
50.69834917458729	0.04729971647138906	0.11885535370992635
50.83141570785393	0.04730318512980843	0.11914410692178339
50.96448224112056	0.04700551467651542	0.1193382950219905
51.09754877438719	0.04683800853743659	0.11970231827535803
51.23061530765383	0.04700932881630167	0.11983626690249057
51.36368184092046	0.04712579560678752	0.12008271295830321
51.49674837418709	0.04686051257443151	0.11975363255921567
51.62981490745373	0.04690072724574964	0.11953236192159147
51.762881440720356	0.04690272942811414	0.11948671244774779
51.89594797398699	0.04693994652763445	0.11950090974222621
52.02901450725363	0.04709730676308811	0.11986925238285429
52.162081040520256	0.04699078852576148	0.12049683769580602
52.29514757378689	0.04698971526760287	0.1206240054171035
52.42821410705353	0.04714889747350646	0.12121106578078349
52.561280640320156	0.04712555542130867	0.1215271400890475
52.69434717358679	0.04754877745582112	0.12146174120765497
52.82741370685343	0.04779569282054358	0.12124871996999717
52.960480240120056	0.047867495127572345	0.1214997203501835
53.09354677338669	0.0480450437862562	0.12134177411010502
53.22661330665333	0.04804235568048336	0.12165170820757684
53.359679839919956	0.04798483188671656	0.12182428103215628
53.49274637318659	0.0480926001749	0.12194137734539484
53.62581290645323	0.04797836374017659	0.122171462153444
53.758879439719855	0.0478698441859516	0.12231069313130868
53.89194597298649	0.047986659688908834	0.1217565286768867
54.02501250625313	0.047929655526753	0.12180420556933162
54.158079039519755	0.0479779059897879	0.1215409292955629
54.29114557278639	0.04820025585175579	0.12167138756882903
54.42421210605303	0.04802636060289148	0.1219188686630924
54.557278639319655	0.047863879820819764	0.12245504536045741
54.69034517258629	0.047577786458395895	0.12225216359493851
54.823411705852926	0.047463605177836383	0.1225251862467031
54.956478239119555	0.047741577333409724	0.12248404905146541
55.08954477238619	0.04786805516790002	0.12185999840022854
55.222611305652826	0.047913857394494455	0.12150844982266203
55.35567783891946	0.04808177440892446	0.12127904384343653
55.48874437218609	0.048042414768963156	0.12135116455334916
55.621810905452726	0.04800577153414823	0.12173922837061445
55.75487743871936	0.048056445588779355	0.12225189546996604
55.88794397198599	0.04811151402033623	0.1226262639618872
56.021010505252626	0.04856871965683719	0.1226809750999444
56.15407703851926	0.04883642499312777	0.12252766701536519
56.28714357178589	0.04845484570297318	0.12284355120510991
56.420210105052526	0.04816914935499683	0.12319842746011499
56.55327663831916	0.048443623792247426	0.12265682145588497
56.68634317158579	0.04834709511539024	0.12277270645150853
56.819409704852426	0.048424609184216934	0.12259720282400716
56.95247623811906	0.04861496871930451	0.12260208255246204
57.08554277138569	0.0486162457263738	0.12275374659146472
57.218609304652325	0.04883712209871961	0.12273751337104735
57.35167583791896	0.04869653082752919	0.12284804154070024
57.48474237118559	0.048865447017671704	0.12286482008272322
57.617808904452225	0.049191836168444636	0.12262266584912102
57.75087543771886	0.04951432345489619	0.12211909751329325
57.88394197098549	0.04964596476790812	0.12235596010126266
58.017008504252125	0.04982062851412137	0.1226404792090432
58.15007503751876	0.04964372702102332	0.12303439098066668
58.28314157078539	0.0496676858565845	0.12286907961233424
58.416208104052025	0.049590599137517656	0.12275442774398444
58.54927463731866	0.049591361519859475	0.12299178449335708
58.68234117058529	0.04943116413851714	0.12277220359721681
58.815407703851925	0.04950461245978224	0.12308460725840516
58.94847423711856	0.04977218949662889	0.12336594621709596
59.08154077038519	0.04998019300612749	0.12371421746232593
59.214607303651825	0.0502668719597966	0.1238885744035309
59.34767383691846	0.05052012742520134	0.12359631357713188
59.48074037018509	0.05082163963365829	0.12369843008262858
59.613806903451724	0.05095094371514419	0.12421191495010707
59.74687343671836	0.05085795132677857	0.1243331548521317
59.87993996998499	0.05074176706147067	0.12500986807674344
60.013006503251624	0.0509012609242376	0.1243510307423271
60.14607303651826	0.05107869137046111	0.12444772989788883
60.27913956978489	0.05108256420022863	0.124680994564919
60.412206103051524	0.05094566215984364	0.12444503276546036
60.54527263631816	0.05073737054498894	0.12395008528125027
60.67833916958479	0.050797954321692054	0.12385953866377925
60.811405702851424	0.05102041744901342	0.12364827459222295
60.94447223611806	0.05075845977110418	0.1235869675865457
61.07753876938469	0.05098491399100442	0.12353473533383943
61.210605302651324	0.05082377689340235	0.12352162539674597
61.34367183591796	0.05060194250616265	0.12326799382113995
61.47673836918459	0.05084226882874747	0.12320623934118217
61.60980490245122	0.0506508042136578	0.12326449766513842
61.74287143571786	0.050726892361151785	0.12378698166817202
61.87593796898449	0.05077759278927869	0.12378614184893734
62.00900450225112	0.05114022218963586	0.12342312049250566
62.14207103551776	0.05106298873986999	0.12360535386758864
62.27513756878439	0.05132044100576632	0.12378243696549589
62.40820410205102	0.0516064669367537	0.12405466548136954
62.54127063531766	0.05168510206573388	0.12370213079220516
62.67433716858429	0.05163050952280343	0.12383247551875282
62.80740370185092	0.05175947183718594	0.12349275152937579
62.94047023511756	0.05157690472054895	0.12305316162633677
63.07353676838419	0.051986704339992015	0.12296272593704091
63.20660330165082	0.05213512681618786	0.12305854514510778
63.33966983491746	0.05232249253405875	0.12343927080477504
63.47273636818409	0.05227946221502807	0.12397245095809914
63.60580290145072	0.052106443254862904	0.1241327502236995
63.73886943471736	0.05207283438387308	0.12397635610938429
63.87193596798399	0.05201354440681027	0.12442273546170335
64.00500250125063	0.05192809967804106	0.12487718872741886
64.13806903451726	0.05194826383349036	0.12475249228016488
64.27113556778389	0.05172960116126358	0.12471411508906649
64.40420210105053	0.05183827358627091	0.12486173757694734
64.53726863431716	0.05184949647193935	0.12495392477998286
64.67033516758379	0.051580258937955425	0.12539052001621978
64.80340170085043	0.05181041967064656	0.125385003788385
64.93646823411706	0.05196090343998873	0.1256488723492326
65.06953476738369	0.05219314928743484	0.12590866029813577
65.20260130065033	0.05228596181455345	0.12637350733442193
65.33566783391696	0.052226681198111115	0.12588831088945132
65.46873436718359	0.05240454200288895	0.12574713245630628
65.60180090045023	0.052630714094681535	0.12573481998300215
65.73486743371686	0.05265861123872063	0.12538807760356538
65.86793396698349	0.052763846218808086	0.12516366693675146
66.00100050025013	0.05261292017029439	0.12504574796826218
66.13406703351676	0.05244983141253385	0.12488566258294148
66.26713356678339	0.05294148596674251	0.12463670320870913
66.40020010005003	0.05286847389373383	0.12450675156561346
66.53326663331666	0.05270196968655397	0.12456659322747837
66.66633316658329	0.05264148044030352	0.1248899431702963
66.79939969984993	0.05265055457978003	0.12523784556837414
66.93246623311656	0.05272352854972379	0.12511570736177785
67.06553276638319	0.05283822705889375	0.12530093788373775
67.19859929964983	0.05294162426114873	0.12550640587092335
67.33166583291646	0.05304646251088164	0.12583942379399352
67.46473236618309	0.0528627424433253	0.12615889375190062
67.59779889944973	0.05278860195397876	0.12626280899671866
67.73086543271636	0.05269988395807093	0.12655879968467015
67.86393196598299	0.05278335619178699	0.12666772317364128
67.99699849924963	0.05276622074144909	0.12620336752615247
68.13006503251626	0.05283620585937847	0.1259990407953304
68.26313156578288	0.053070227393812966	0.12603551994974369
68.39619809904953	0.05351217379111667	0.1257578234712354
68.52926463231616	0.05342888269119615	0.1256532528414649
68.66233116558278	0.05343420069832405	0.12542866591847698
68.79539769884943	0.05383838096018879	0.12592995871699542
68.92846423211606	0.053736299612972445	0.12606265201377823
69.06153076538268	0.05343507711199213	0.12562330010889453
69.19459729864933	0.05336224839695006	0.12564767512040828
69.32766383191596	0.05357779830487764	0.1255611470835504
69.46073036518258	0.05361231490847252	0.12521261866546338
69.59379689844923	0.053399558131238034	0.12536537075229326
69.72686343171586	0.05316799590495999	0.12597195750728682
69.85992996498248	0.05320679546715478	0.12587355983030368
69.99299649824913	0.053014424086731585	0.12581970579005017
70.12606303151576	0.052718560631038	0.12617805994694492
70.25912956478238	0.052457512642473766	0.12602758862700994
70.39219609804903	0.05249419901352554	0.12621516575283595
70.52526263131566	0.052324886592446794	0.1265423763780298
70.65832916458228	0.05228817653295598	0.1264545020507379
70.79139569784893	0.05212440036331953	0.12620205403352588
70.92446223111556	0.05208666206576702	0.12640014224205456
71.05752876438218	0.052464721987413684	0.12657149733486228
71.19059529764883	0.05235288757156115	0.12711304783329472
71.32366183091546	0.05247591575283789	0.12707491536793877
71.45672836418208	0.05267876120375289	0.12716006977198846
71.58979489744873	0.052585519367757606	0.12720305063979018
71.72286143071535	0.05253085593142073	0.12751293476186484
71.85592796398198	0.05257359791471527	0.12722379213918578
71.98899449724863	0.05271179923246791	0.12753056873141091
72.12206103051525	0.0525084362077133	0.1275626239092791
72.25512756378188	0.05259278311687632	0.1274915050139252
72.38819409704853	0.05254369159100058	0.12750583959703432
72.52126063031515	0.052299234888866244	0.12772732276436088
72.65432716358178	0.052432456117427195	0.12804150828396474
72.78739369684843	0.052740393902195364	0.1282653182665118
72.92046023011505	0.05290263709999778	0.1281947779796799
73.05352676338168	0.05305334225537815	0.12790813169443044
73.18659329664833	0.053289476001009174	0.12817503066836447
73.31965982991495	0.05348759286048949	0.12806134699838084
73.45272636318158	0.05356509684480561	0.12820611115380415
73.58579289644823	0.05372313022819049	0.12854337928504522
73.71885942971485	0.053902552106630315	0.12879811121545262
73.85192596298148	0.053753373578102254	0.12883114979700472
73.98499249624813	0.05384007362427293	0.1287053811432994
74.11805902951475	0.05398534331615263	0.1285475293908758
74.25112556278138	0.054155792016606384	0.12816149248160033
74.38419209604803	0.05435443792736423	0.1283238365934109
74.51725862931465	0.05436321207097445	0.12805177241776386
74.65032516258128	0.05457194815120093	0.1283450959584591
74.78339169584793	0.05460721344803547	0.12833594084251937
74.91645822911455	0.05431175302964805	0.12866252062841585
75.04952476238118	0.054437485043618394	0.12868652690588422
75.18259129564782	0.05436991238246874	0.1288295913196021
75.31565782891445	0.054288295695897014	0.1290644590628643
75.44872436218108	0.05431456109017546	0.12881550212746828
75.58179089544772	0.05444894914360795	0.129062626873988
75.71485742871435	0.05444061861104004	0.12983940027159907
75.84792396198098	0.05432102970616314	0.13004775474139477
75.98099049524762	0.054293879419953964	0.12981530440965328
76.11405702851425	0.05437963528813756	0.1303355725733627
76.24712356178088	0.054363760893971075	0.1300406144281639
76.38019009504752	0.05420704825511874	0.1299112714059022
76.51325662831415	0.05417476615163328	0.12977579855596938
76.6463231615808	0.05407098675870674	0.13017169416108404
76.77938969484742	0.05388272395517285	0.1300715933713769
76.91245622811405	0.053839868187246	0.13024660473355443
77.0455227613807	0.053829936213984686	0.13037660948914068
77.17858929464732	0.054025392684671526	0.12994922048009824
77.31165582791395	0.05413833097228538	0.1298363774418659
77.4447223611806	0.05435243522714241	0.12997673381944289
77.57778889444722	0.05443222270720855	0.1301760051586048
77.71085542771385	0.054247122111997906	0.13010846971857043
77.8439219609805	0.05443838062345819	0.12975403728807605
77.97698849424712	0.05441156020853951	0.12968165227613482
78.11005502751375	0.05421551729458018	0.12969350980261202
78.2431215607804	0.05407726508889138	0.12974761588433503
78.37618809404702	0.05391461203054369	0.12994343114078108
78.50925462731365	0.05357323028233003	0.1301896325834215
78.6423211605803	0.053711517665715164	0.13034265301980236
78.77538769384692	0.05385097870012454	0.13000517000853604
78.90845422711355	0.05382724515665865	0.13012584999831553
79.0415207603802	0.053962844299813	0.13040221315306197
79.17458729364682	0.05416869401184807	0.13014595084151276
79.30765382691345	0.05421951176569661	0.12991583742365992
79.4407203601801	0.05397381973345083	0.12995172237230507
79.57378689344672	0.05367260031866437	0.12994713924249937
79.70685342671335	0.053598716267405803	0.13054433125938808
79.83991995998	0.05388594051064501	0.13040891985255115
79.97298649324662	0.05414956920628535	0.13044082910514643
80.10605302651325	0.05400123107864919	0.13099782315049674
80.2391195597799	0.05400600872624424	0.13081441008893716
80.37218609304652	0.05428787007984429	0.13094651536586144
80.50525262631315	0.054297987701624285	0.130732456932779
80.6383191595798	0.05466126396445633	0.13104519679221785
80.77138569284642	0.05464619612805732	0.13129632664380714
80.90445222611305	0.0547602967603846	0.13129023974305473
81.0375187593797	0.05502902762118369	0.13112518572045784
81.17058529264632	0.055101479067902664	0.13088150079238714
81.30365182591295	0.055365413612924734	0.1312179064224694
81.4367183591796	0.05536808642241488	0.13122864036924287
81.56978489244622	0.05506427851842948	0.131150872096454
81.70285142571285	0.05549214402402921	0.13132771996118378
81.8359179589795	0.05531690139930642	0.13170828007386978
81.96898449224612	0.05506560101166872	0.13197510748892644
82.10205102551275	0.05515941033584071	0.13223616242564876
82.2351175587794	0.05526048547822445	0.1324279573341381
82.36818409204602	0.055212123201043	0.1324057311923353
82.50125062531265	0.05510034772721748	0.1324743411151871
82.6343171585793	0.0550570553325626	0.13241609379433333
82.76738369184592	0.05531676134435331	0.1319417724901647
82.90045022511255	0.055128083544646	0.13211273140088742
83.03351675837919	0.05520939333861591	0.1320159631324547
83.16658329164582	0.055178306342973375	0.13248151618746268
83.29964982491245	0.05468385336047532	0.13293390689967674
83.43271635817909	0.05515927571193083	0.1325737771334446
83.56578289144572	0.05515482727737381	0.1323235986686265
83.69884942471235	0.05511907552398039	0.13253921233510768
83.83191595797899	0.05515007790359011	0.13230064944726846
83.96498249124562	0.055240064059762096	0.13189198315978362
84.09804902451225	0.055304083695671254	0.1319057070688792
84.23111555777889	0.055359766579507905	0.13201881320553166
84.36418209104552	0.055175382198530736	0.132095565947856
84.49724862431215	0.055135857085459324	0.13210361631955583
84.63031515757879	0.05561505525312052	0.1323874761125755
84.76338169084542	0.055564486006710434	0.132236115456308
84.89644822411205	0.05547427853798842	0.13214045668655164
85.02951475737869	0.05566491006258853	0.1325647626731205
85.16258129064532	0.05567474295255984	0.1323031164738755
85.29564782391195	0.05573115542788148	0.13225730938901395
85.42871435717859	0.05588953860171817	0.1328681783532037
85.56178089044522	0.05617903571818632	0.13300471452835738
85.69484742371185	0.05638536678509063	0.13308522148954505
85.82791395697849	0.05642920436229907	0.1332247750439689
85.96098049024512	0.055974710060261286	0.1330908083839861
86.09404702351175	0.0561023307531401	0.13310008704507859
86.22711355677839	0.05627481426534759	0.13318183197856506
86.36018009004502	0.05632773864336485	0.13331943481855213
86.49324662331165	0.056649237910650345	0.13370660065224196
86.62631315657829	0.05655170829957567	0.13382856077562713
86.75937968984492	0.0565842622158493	0.1340474541840234
86.89244622311155	0.05651500657263312	0.13439053513368954
87.02551275637819	0.05659204575434218	0.1339483735362744
87.15857928964482	0.056734596921177556	0.1333806053575397
87.29164582291145	0.05694655215605037	0.13326698770882484
87.42471235617809	0.056851093941704775	0.13312162536062944
87.55777888944472	0.0570110376237654	0.1329744374969908
87.69084542271135	0.05718749752311375	0.13279090263027746
87.82391195597799	0.057128886854264344	0.13292847667502075
87.95697848924462	0.05700945573535266	0.13294912494609606
88.09004502251125	0.05699122412824892	0.13250036016896838
88.22311155577789	0.056919205414611526	0.13213427282916865
88.35617808904452	0.05717431200458839	0.13186446219397896
88.48924462231115	0.05728596225596241	0.1316723732507611
88.62231115557779	0.057256648903163995	0.13153746214215434
88.75537768884442	0.05729099935674218	0.13160417518416542
88.88844422211105	0.05717292223784125	0.13171341256959804
89.02151075537769	0.05717951850771467	0.1315570178472654
89.15457728864432	0.05723616339835541	0.13126114417629514
89.28764382191095	0.05724305794298606	0.1310138845474263
89.42071035517759	0.057151112948472735	0.13064321402558918
89.55377688844422	0.05733204336813736	0.13039402616903034
89.68684342171085	0.057305778300085125	0.13039845944597542
89.81990995497749	0.05730824623399049	0.13048102029554912
89.95297648824412	0.057249864308705316	0.1304022734143252
90.08604302151075	0.05718096951586516	0.1305793853287282
90.21910955477739	0.05731019038098453	0.13085829685710343
90.35217608804402	0.05735255379016404	0.13092218301825434
90.48524262131065	0.05731354121885457	0.13112349274663493
90.61830915457729	0.05745795782438512	0.13130699022190168
90.75137568784392	0.05755242180768131	0.13143164681470837
90.88444222111055	0.05716259535032141	0.13119177628632517
91.01750875437719	0.05718200849365606	0.13138123916063468
91.15057528764382	0.05757593392166204	0.13119334831162674
91.28364182091045	0.057774485227640664	0.1309692512756769
91.41670835417709	0.05773543227968922	0.13109403180991713
91.54977488744372	0.058086136708265235	0.13106662971753347
91.68284142071035	0.05784125078201309	0.13106473007184402
91.81590795397699	0.05765332594675968	0.13106981260211262
91.94897448724362	0.05747433381058782	0.13162418740933657
92.08204102051025	0.05720266840119571	0.13151575602808682
92.21510755377689	0.057473404733577066	0.13144337131344092
92.34817408704352	0.057832023036508695	0.13169879910314364
92.48124062031015	0.057498677285581556	0.1319877482872145
92.61430715357679	0.05742741038900512	0.13156458929751266
92.74737368684342	0.057726691438308414	0.1310204788771718
92.88044022011005	0.05800849707969	0.13114031579736832
93.01350675337669	0.05795904328723949	0.13116964700252687
93.14657328664332	0.05795774019836324	0.1312604390507012
93.27963981990995	0.05812845304642925	0.13126185811473717
93.41270635317659	0.05815796114326213	0.1317078124317726
93.54577288644322	0.058021001213922584	0.1318344972473511
93.67883941970985	0.058087629761772994	0.13217536158119994
93.81190595297649	0.058332851918729174	0.13248679457722834
93.94497248624312	0.058636151779155835	0.13293886040597444
94.07803901950976	0.05842156499277678	0.1331345358440014
94.21110555277639	0.058443822170934155	0.13309584234396318
94.34417208604302	0.05852263599313997	0.1328914381430603
94.47723861930966	0.058445102724639104	0.13345288899807511
94.61030515257629	0.05872546689191427	0.13329262364630343
94.74337168584292	0.058481882594479014	0.13313713862990875
94.87643821910956	0.05828679083847342	0.133353464493089
95.00950475237619	0.058243702001712194	0.13331643064078294
95.14257128564282	0.058080658097487955	0.13311094951239358
95.27563781890946	0.058175329114000536	0.13282877833433704
95.40870435217609	0.058049867561123174	0.13255112021916812
95.54177088544272	0.05818386399371328	0.1329285784542733
95.67483741870936	0.058124259422101136	0.13307537146969683
95.80790395197599	0.057936103762186345	0.13318184560881824
95.94097048524262	0.05804743368502396	0.13360227576677333
96.07403701850926	0.058118729445985444	0.1339574355399412
96.20710355177589	0.05791583797842815	0.13390650303980442
96.34017008504252	0.05776946454606189	0.1341690431509246
96.47323661830916	0.057618587945667904	0.13409047724296466
96.60630315157579	0.05770120690146839	0.13404462908509776
96.73936968484242	0.05766025863147025	0.13372314662559995
96.87243621810906	0.057624921072467535	0.13326256757655058
97.00550275137569	0.0577833997856891	0.13290355834518036
97.13856928464232	0.05790113183715768	0.13311632725464376
97.27163581790896	0.05803930413347672	0.13337987443131222
97.40470235117559	0.0582845017020541	0.13364908915257465
97.53776888444222	0.05831347438765523	0.133943996320778
97.67083541770886	0.05836550099208385	0.1339600353860907
97.80390195097549	0.058539648618758676	0.1338555168238148
97.93696848424212	0.05869290641101955	0.13367459835624812
98.07003501750876	0.05897590201832756	0.13359205365860452
98.20310155077539	0.05919578779229115	0.13340334096067807
98.33616808404201	0.05924910271911053	0.13348613955243663
98.46923461730866	0.05912526421781354	0.13354151890815766
98.60230115057529	0.05938278562041895	0.133530960632479
98.73536768384191	0.05952332606640437	0.13367367537558364
98.86843421710856	0.05992082271695273	0.13360617067851546
99.00150075037519	0.0600751406134682	0.13398167100889136
99.13456728364181	0.06011509288335146	0.13409549642590918
99.26763381690846	0.0602985946313196	0.1341233174143269
99.40070035017509	0.06031838653295444	0.1342387107858983
99.53376688344171	0.06011448624241609	0.13434305943591462
99.66683341670836	0.05987546624532666	0.13458535425794882
99.79989994997499	0.05995804459972588	0.1341348677777628
99.93296648324161	0.06013146873774262	0.13366900672117787
100.06603301650826	0.06028749293783147	0.13373965539844868
100.19909954977489	0.060719588471876626	0.13359466463841288
100.33216608304151	0.060795152976655685	0.1335752864519383
100.46523261630816	0.06063226489446745	0.13377389475280677
100.59829914957479	0.060702894179787685	0.13387750652257363
100.73136568284141	0.060551219484096974	0.1340221416884957
100.86443221610806	0.060623292283126316	0.13417460405520729
100.99749874937469	0.060549194877298276	0.13454063647857248
101.13056528264131	0.060532966066114816	0.1349076652438165
101.26363181590796	0.06033791507159228	0.1350485752053168
101.39669834917459	0.060161999478336656	0.13503147176563515
101.52976488244121	0.0602268137299116	0.13494625059762203
101.66283141570786	0.05991381246205591	0.13519483836723545
101.79589794897448	0.059679564218279114	0.13488267497061174
101.92896448224111	0.05960423683234002	0.13463201008528342
102.06203101550776	0.05948781386621592	0.13417917059094212
102.19509754877438	0.05971688607446831	0.134175996556236
102.32816408204101	0.059768791374476805	0.13402822747659526
102.46123061530766	0.059776988805262964	0.13370008596637853
102.59429714857428	0.059889299874051706	0.13356128731445263
102.72736368184091	0.05977342549006231	0.13352781211558645
102.86043021510756	0.059748904709843335	0.1334665185211212
102.99349674837418	0.0596028787311159	0.13355719716199255
103.12656328164081	0.05959881026769847	0.13381234546218312
103.25962981490746	0.05941899449598025	0.1333490632662154
103.39269634817408	0.059414337186936776	0.13411976079105262
103.52576288144071	0.05952756595872983	0.13433402250597543
103.65882941470736	0.05971723548670812	0.13390110550068057
103.79189594797398	0.05952142691204738	0.13398594213552498
103.92496248124061	0.05921794514583774	0.13374656372178817
104.05802901450726	0.05929886428527153	0.1336615883433239
104.19109554777388	0.05926576720756079	0.13371576124723725
104.32416208104051	0.05913683486533418	0.1338106408858276
104.45722861430716	0.05917427826391393	0.1339220933277829
104.59029514757378	0.059392676201424716	0.13386474676458032
104.72336168084041	0.059117229207625854	0.13373177369362857
104.85642821410705	0.05916443828267313	0.134023247776714
104.98949474737368	0.059267499976713295	0.13410746319117361
105.12256128064031	0.059102933306506275	0.13433543061497544
105.25562781390695	0.059082028968602096	0.13473310096212993
105.38869434717358	0.059007829327862735	0.13483305314228927
105.52176088044021	0.0590022581896974	0.13480379704102213
105.65482741370685	0.058717160984380554	0.13465377198864828
105.78789394697348	0.05884179549767535	0.13431544983219026
105.92096048024011	0.058865684670161164	0.13434154864116257
106.05402701350675	0.05888514562851901	0.13426731829206087
106.18709354677338	0.059122796893450305	0.13401629529395484
106.32016008004001	0.059159491593291924	0.13368823888914752
106.45322661330665	0.05927805372734125	0.13324779262289047
106.58629314657328	0.05946808033315903	0.13333640169222996
106.71935967983991	0.05966406822071463	0.13331010332105914
106.85242621310655	0.059534773721881	0.1331351876377028
106.98549274637318	0.059512988495983896	0.13298100645496921
107.11855927963981	0.05974030029978794	0.13297143048341392
107.25162581290645	0.059620196974753174	0.13312018657957705
107.38469234617308	0.05969303788872526	0.13352836146811659
107.51775887943971	0.05981449633165044	0.1338114617444093
107.65082541270635	0.05988558842424987	0.13377111436727251
107.78389194597298	0.06009416466063685	0.13414377947023357
107.91695847923961	0.060049276398617	0.13419819772723154
108.05002501250625	0.06008551737797008	0.13412114241024709
108.18309154577288	0.06026037586315508	0.13410902722573081
108.31615807903951	0.06029426466178208	0.13433825388229687
108.44922461230615	0.06042500440580741	0.13507683073964746
108.58229114557278	0.06035938571293141	0.13522580145585025
108.71535767883941	0.06030468833652405	0.13479517021303294
108.84842421210605	0.06048961229512753	0.13495447290298604
108.98149074537268	0.06061091920212735	0.13530688577081204
109.11455727863931	0.06063471432135329	0.13505011043382267
109.24762381190595	0.06077165460269256	0.13514635331078417
109.38069034517258	0.06063920894608103	0.13523612749536504
109.51375687843921	0.06072428290938214	0.13490262823526922
109.64682341170585	0.061014853273606943	0.13480123979916186
109.77988994497248	0.06089051981670781	0.13469091255113838
109.91295647823911	0.060758819488175964	0.13438914704173907
110.04602301150575	0.060813731307117494	0.13445224600030264
110.17908954477238	0.06083665050109916	0.13464571681304324
110.31215607803901	0.06079083591461424	0.1343489768201799
110.44522261130565	0.060781062689616625	0.13420021089298992
110.57828914457228	0.06100677233726664	0.13468051286410224
110.71135567783892	0.060839745748096676	0.13516872244780206
110.84442221110555	0.06070922258088953	0.13542321844118838
110.97748874437218	0.060606569355045346	0.13573868237969824
111.11055527763882	0.060489515248625524	0.13600763501452134
111.24362181090545	0.06075835237972636	0.1358849938717691
111.37668834417208	0.06094393706809339	0.13611486493568628
111.50975487743872	0.06096209168800938	0.1362516664451409
111.64282141070535	0.06085890579475146	0.13634793039384271
111.77588794397198	0.06097160633969279	0.13652443552151414
111.90895447723862	0.06134532237914823	0.136712626883669
112.04202101050525	0.06151315884976894	0.13669825158452054
112.17508754377188	0.061183540632666684	0.1366761011811538
112.30815407703852	0.06104908040638881	0.13629553011520237
112.44122061030515	0.06131536561606641	0.13621354640542008
112.57428714357178	0.06133122597052132	0.13608153145413834
112.70735367683842	0.061361433034059984	0.13566077283555222
112.84042021010505	0.06120384057343368	0.1357725761549258
112.97348674337168	0.06121135232310939	0.1357565094965779
113.10655327663832	0.06148462251172392	0.13591438694768904
113.23961980990495	0.06130621369834205	0.13602363156477365
113.37268634317158	0.06093112523283478	0.13605748311225538
113.50575287643822	0.06113544868484734	0.13578596782801747
113.63881940970485	0.06134473915679018	0.13592784792593818
113.77188594297148	0.06145923296273495	0.13620618871181311
113.90495247623812	0.061512115051006656	0.13598891357024917
114.03801900950475	0.061534711014278536	0.1359404014375605
114.17108554277138	0.06147140602050016	0.13613158745781476
114.30415207603802	0.061434794786214934	0.13635152368436715
114.43721860930465	0.061637597466959716	0.13677228201444588
114.57028514257128	0.061551381292067074	0.13737224143923552
114.70335167583792	0.06138754126645858	0.13770999838006345
114.83641820910455	0.06111292792164093	0.13718609966218762
114.96948474237118	0.061091986021799514	0.13684427298246896
115.10255127563782	0.06125357490206262	0.13676235466677017
115.23561780890445	0.061250108583955756	0.13641602582757073
115.36868434217108	0.0613733289765642	0.13626751594426456
115.50175087543772	0.06163243639572197	0.1363049347100867
115.63481740870435	0.06143059219760342	0.1367248075037894
115.76788394197098	0.061239270350425	0.1370686387273725
115.90095047523762	0.06091452626232224	0.13734561660855288
116.03401700850425	0.061116655360143234	0.1370415489958353
116.16708354177088	0.06117823404166744	0.13661189423355818
116.30015007503752	0.06115473730563336	0.13674634537786365
116.43321660830415	0.06106611614650409	0.13712798753687833
116.56628314157078	0.06064424467551647	0.13721964202082865
116.69934967483742	0.06053293281570496	0.13747667461066107
116.83241620810405	0.060327969715070234	0.13773970743223424
116.96548274137068	0.06003808418118764	0.13765777286934622
117.09854927463732	0.06009089094376394	0.1375898920368884
117.23161580790395	0.06003384502655585	0.13819066737073873
117.36468234117058	0.06024772999021899	0.13848428756991762
117.49774887443722	0.06061726089292931	0.13826563857229493
117.63081540770385	0.060475183021081194	0.13836515999865126
117.76388194097048	0.06053863666794019	0.13831257636320113
117.89694847423712	0.06057304372759772	0.1383360884075006
118.03001500750375	0.060797954215119514	0.13804492413278632
118.16308154077038	0.061020280695668005	0.13789895113520748
118.29614807403702	0.06114988518619968	0.1378942640707457
118.42921460730365	0.061329822495629634	0.13764259593092315
118.56228114057028	0.061553372194605376	0.13726230771213108
118.69534767383692	0.061568255447171205	0.13725571551852755
118.82841420710355	0.06166156573142213	0.13761813825093647
118.96148074037018	0.061792819991774245	0.13767808969102568
119.09454727363682	0.0618869615310335	0.13747054056475955
119.22761380690345	0.06199340444961575	0.13708496432052036
119.36068034017008	0.06198009554420081	0.13669686118573326
119.49374687343672	0.06180074315436469	0.1364638249485994
119.62681340670335	0.06197632638656207	0.13639182121569296
119.75987993996998	0.0621917690369802	0.13643033207037716
119.89294647323662	0.06222434602738548	0.1369602354338689
120.02601300650325	0.062242205564018466	0.13733752850740147
120.15907953976988	0.062305413292870766	0.1372351574224425
120.29214607303652	0.062461011889237014	0.13720165701633774
120.42521260630315	0.06250171261946726	0.13757879361476724
120.55827913956978	0.0627405191683847	0.13769596716783264
120.69134567283642	0.06286323732776557	0.13691580172214465
120.82441220610305	0.06286215549335955	0.13661327156574576
120.95747873936968	0.06294530121300575	0.13700128491695698
121.09054527263632	0.06295587464846615	0.1372143871360107
121.22361180590295	0.06302218288280088	0.1374109789325946
121.35667833916958	0.06294998141307857	0.13756371933768174
121.48974487243622	0.06308919128631726	0.13698537692498775
121.62281140570285	0.06339102211448026	0.13674707539700215
121.75587793896948	0.0634537264313922	0.13700568409585312
121.88894447223612	0.06322842267706036	0.13690307523640724
122.02201100550275	0.06332406972348609	0.1366386800580406
122.15507753876938	0.06364097885962046	0.13642548185293407
122.28814407203602	0.06371086928471163	0.1363068218957088
122.42121060530265	0.06394309799551208	0.136214618391681
122.55427713856928	0.06390314299730156	0.1363896292862591
122.68734367183592	0.06398898667005767	0.13618684553833696
122.82041020510255	0.06393377244954432	0.13636359658120686
122.95347673836918	0.06371698944901054	0.13675954861806147
123.08654327163582	0.0641196300399306	0.13649758628562378
123.21960980490245	0.0644274486654108	0.1364536430999352
123.35267633816908	0.06415975227227752	0.1367856152994123
123.48574287143572	0.06378594311678114	0.13676592622550338
123.61880940470235	0.06392521241546863	0.13655464187944774
123.75187593796898	0.06409206421154535	0.13658356759137552
123.88494247123562	0.06432978024118723	0.13627949251101118
124.01800900450225	0.06443099392963655	0.13567762158333085
124.15107553776888	0.06444544673728651	0.13524803063761462
124.28414207103552	0.06461922889769811	0.1354364103108249
124.41720860430215	0.0645411458797381	0.135655222101046
124.55027513756878	0.06455047951839478	0.1355143109237584
124.68334167083542	0.0646979415828133	0.13568138754382036
124.81640820410205	0.0646474383613536	0.13573307916302665
124.94947473736867	0.0642688569287035	0.1356683995707402
125.08254127063532	0.06424002003250928	0.13574967592116274
125.21560780390195	0.06449013593455886	0.1356744347818188
125.34867433716857	0.06424710739665318	0.13580399710037164
125.48174087043522	0.06422412401766261	0.13604220871990721
125.61480740370185	0.06431794995350927	0.1360399365305442
125.74787393696847	0.0644229418999617	0.13586771528742278
125.88094047023512	0.06468278357549093	0.13604801035958902
126.01400700350175	0.06470023766010796	0.13661659638957163
126.14707353676837	0.06489946254201587	0.13667024895429752
126.28014007003502	0.06502201108837595	0.13633046583040173
126.41320660330165	0.06502972820301076	0.13644745631285277
126.54627313656827	0.06514643535192699	0.13697461808617667
126.67933966983492	0.06506616783201837	0.13706268604488162
126.81240620310155	0.06532432193191329	0.13716264714322035
126.94547273636817	0.06539370842562651	0.13738781651513293
127.07853926963482	0.06508520947627737	0.1375175454432651
127.21160580290145	0.06494980126275246	0.13760372108231067
127.34467233616807	0.06508031553105788	0.13736278230015456
127.47773886943472	0.0653511505603344	0.13759630017508007
127.61080540270135	0.06526665306404801	0.13765156344335028
127.74387193596797	0.0650719611182173	0.13749900144286648
127.87693846923462	0.06504693089070587	0.13779418590602321
128.01000500250126	0.06497733873879467	0.13797229917857337
128.1430715357679	0.06494968881016895	0.1374450433513432
128.27613806903452	0.06470672096119308	0.13688786078494075
128.40920460230114	0.06473784230924695	0.13684933667310586
128.54227113556777	0.06505338462220842	0.13672025007960634
128.6753376688344	0.06471891670687631	0.13662361598944847
128.80840420210106	0.06454984329826427	0.13662082711957102
128.9414707353677	0.06449118922629217	0.13709856740929854
129.07453726863432	0.06457622271238125	0.137422646642325
129.20760380190094	0.06491799534440464	0.13709328065693754
129.34067033516757	0.06477215048861389	0.1369578485605974
129.4737368684342	0.06470452192373884	0.13689913245107999
129.60680340170086	0.0645740124871514	0.13677077997141077
129.7398699349675	0.06438920852767657	0.13670179530830123
129.87293646823412	0.06440852377382121	0.1366045460323207
130.00600300150074	0.06419949870223951	0.13612042352611523
130.13906953476737	0.0640635414851536	0.13616111168886244
130.272136068034	0.06402472056290599	0.13634544534392629
130.40520260130066	0.06403419326619006	0.13662185127351414
130.5382691345673	0.063944664238023	0.13716945301070807
130.67133566783392	0.06392737914954441	0.13718552716890622
130.80440220110054	0.06402610540227921	0.13703012996472108
130.93746873436717	0.06432452568043155	0.13681701769230697
131.0705352676338	0.06471224867812456	0.13673719319515842
131.20360180090046	0.0647362745024716	0.136861031869485
131.3366683341671	0.06491921393173278	0.13669927203307367
131.46973486743371	0.06491952424059785	0.13637401460261814
131.60280140070034	0.0648223520882561	0.1359393539374613
131.73586793396697	0.06484378816890293	0.13573872321933733
131.8689344672336	0.06485347257087941	0.13568695901109612
132.00200100050026	0.06514880968629211	0.13545202399192355
132.1350675337669	0.06520268729701902	0.1354395852006657
132.26813406703351	0.06502495788268169	0.1356616626818691
132.40120060030014	0.06494027230568032	0.13588261743845734
132.53426713356677	0.06485251362774633	0.13638267022748746
132.6673336668334	0.0647508422961135	0.13635393036714272
132.80040020010006	0.06464713415271421	0.13586733410735033
132.93346673336669	0.06449887284546856	0.1360055879072037
133.06653326663331	0.06449773879579333	0.13575792929939043
133.19959979989994	0.06464775753107978	0.13583807121512295
133.33266633316657	0.06467736086462077	0.13630433134888062
133.4657328664332	0.06491057710599893	0.13629054211012526
133.59879939969986	0.06504327052386878	0.13648288159320174
133.73186593296649	0.06523047649507825	0.1364004622836481
133.8649324662331	0.06561567066397204	0.13607809814081168
133.99799899949974	0.06535323200031644	0.1361681534963916
134.13106553276637	0.06503162729461127	0.1364407409600189
134.264132066033	0.06499883675356334	0.13661028202012615
134.39719859929966	0.06494916679019885	0.1370227319996915
134.53026513256629	0.06497430295175881	0.1372014779044398
134.6633316658329	0.06475247365817849	0.13726742627992433
134.79639819909954	0.0647382250828762	0.13738132364525912
134.92946473236617	0.0646571584577924	0.13713694802688267
135.0625312656328	0.06436249680495797	0.1371525822666745
135.19559779889946	0.06430147354123629	0.13711985878291508
135.32866433216608	0.06430703616927773	0.13724922168762646
135.4617308654327	0.06457104815402934	0.1373515002161027
135.59479739869934	0.06480186570534571	0.137462676311987
135.72786393196597	0.06499181694590202	0.1375290274917195
135.8609304652326	0.06512313670701281	0.13784079228582352
135.99399699849926	0.06503954502603486	0.13792630195949002
136.12706353176588	0.06494563135655186	0.13752856425405055
136.2601300650325	0.06510614827235045	0.13753745406001622
136.39319659829914	0.06479367301041547	0.1380077600050194
136.52626313156577	0.0645991732130759	0.13827334260918614
136.65932966483243	0.06454257986175438	0.1381162789133067
136.79239619809906	0.06430628822296951	0.1380379831790608
136.92546273136568	0.06447349842842603	0.138273280667123
137.0585292646323	0.06451135581806705	0.13789808314871754
137.19159579789894	0.06451059025774344	0.1379409537364509
137.32466233116557	0.06447223004278155	0.13851635294861833
137.45772886443223	0.06420358455396064	0.13839582260610503
137.59079539769886	0.06434343359538239	0.13822541633322774
137.72386193096548	0.0644172174910689	0.13823062059145858
137.8569284642321	0.06415502055547984	0.13847463279803532
137.98999499749874	0.06400861857765945	0.13838081508291536
138.12306153076537	0.06402751480284592	0.1379601079522627
138.25612806403203	0.06424913790476079	0.13824222763200592
138.38919459729865	0.06419532011312022	0.13841527516133437
138.52226113056528	0.06412657711228023	0.13825496156226139
138.6553276638319	0.06408908266069274	0.13827709847227
138.78839419709854	0.06410348869061266	0.1380150329655622
138.92146073036517	0.06408429898441266	0.13790780010979886
139.05452726363183	0.0640726192789936	0.1382204332847499
139.18759379689845	0.06416377379122482	0.13849335484173164
139.32066033016508	0.06400691310031513	0.13853844637457158
139.4537268634317	0.06373970898666176	0.13843078590885421
139.58679339669834	0.06362460501451886	0.1387611423694878
139.71985992996497	0.0636501778843052	0.13869319965403548
139.85292646323163	0.06372188742319726	0.139067012767145
139.98599299649825	0.06379660810998063	0.13932998294458143
140.11905952976488	0.06371671860575634	0.13903859902498536
140.2521260630315	0.0634827617512073	0.1392706662486498
140.38519259629814	0.0635643792704999	0.1391290326674546
140.51825912956477	0.06328441673431111	0.13916038243158188
140.65132566283143	0.06328941760834365	0.13922735788177762
140.78439219609805	0.06351525626035924	0.13962392305727975
140.91745872936468	0.06348058546124946	0.13996191068919447
141.0505252626313	0.0636655032790029	0.13996507214195272
141.18359179589794	0.0635645688270398	0.14038731563085283
141.31665832916457	0.0637747271359672	0.14015000209164644
141.44972486243122	0.06392020377839257	0.13993606606702405
141.58279139569785	0.06416066935709656	0.1402842335176724
141.71585792896448	0.06440375841478208	0.1400601885046705
141.8489244622311	0.06400338402784449	0.13989120293157822
141.98199099549774	0.06369250437595177	0.140224905732076
142.11505752876437	0.06362669770765621	0.14054229232706475
142.24812406203102	0.06344354918497092	0.14050161874215358
142.38119059529765	0.06363159079892032	0.1405559370310639
142.51425712856428	0.06357316466509481	0.1403717417884392
142.6473236618309	0.06356053352854253	0.14032200098395992
142.78039019509754	0.06353988201169203	0.14056938196541718
142.91345672836417	0.0634280292793897	0.14081574292896246
143.04652326163082	0.06362071865730676	0.14048108245642188
143.17958979489745	0.06378502865232087	0.14048017663695703
143.31265632816408	0.06383747779833165	0.1407864302300264
143.4457228614307	0.06373526306030608	0.14071406067658768
143.57878939469734	0.06341095724041353	0.14082181791087178
143.71185592796397	0.06349689202150646	0.14051694674397697
143.84492246123062	0.06359761128014671	0.1405631496902407
143.97798899449725	0.0635382547639429	0.1408520845400314
144.11105552776388	0.06380082658960415	0.1405196467777451
144.2441220610305	0.06413413992556129	0.1405978622717742
144.37718859429714	0.06419011803939588	0.1410237406695931
144.51025512756377	0.06411336112573321	0.14100223802038034
144.64332166083042	0.06425825137091055	0.14088607965596536
144.77638819409705	0.06451289179743759	0.1407535883618879
144.90945472736368	0.06471160597164095	0.14101336306887874
145.0425212606303	0.06455914573100818	0.14118679208728202
145.17558779389694	0.06434885254350439	0.14118089926320876
145.30865432716357	0.06428272736175955	0.14119221117887423
145.44172086043022	0.06424194809898166	0.1407059345502009
145.57478739369685	0.06454935603332738	0.14092514802334438
145.70785392696348	0.06473784296968985	0.14101914299085624
145.8409204602301	0.06451039408298909	0.14115260653097733
145.97398699349674	0.06425674776486766	0.1412938870633688
146.10705352676337	0.06440473603804196	0.14098303754359465
146.24012006003002	0.06423101291795735	0.14083906812387118
146.37318659329665	0.0641870106721423	0.14054926889943878
146.50625312656328	0.06417360276496735	0.13999620610780156
146.6393196598299	0.06394957729628956	0.13986600051482462
146.77238619309654	0.06415212379562361	0.13974586489716806
146.90545272636317	0.06439156522230118	0.13937506030686134
147.03851925962982	0.0646668667351071	0.13972882686680949
147.17158579289645	0.0647469048098381	0.13995140177629628
147.30465232616308	0.06468914876954254	0.1394160288286404
147.4377188594297	0.0649321298778028	0.13924383051594616
147.57078539269634	0.06490408221710851	0.1395380466902514
147.70385192596297	0.06485399363311745	0.1393799207173472
147.83691845922962	0.06534178705724736	0.13900005740769722
147.96998499249625	0.06558512779609188	0.1388759884975858
148.10305152576288	0.06558668557530971	0.13912948418375107
148.2361180590295	0.0658205378285035	0.13913959602415762
148.36918459229614	0.06585132057975393	0.13922605572508864
148.50225112556276	0.06589874673784096	0.13883287745255382
148.63531765882942	0.06565289886885457	0.1385826922839823
148.76838419209605	0.06545529772049428	0.13897834338631232
148.90145072536268	0.06525544116523223	0.1393018336449187
149.0345172586293	0.06514943494719899	0.13919248614599564
149.16758379189594	0.06523514418111734	0.138602888472658
149.30065032516256	0.06528223477547737	0.13875807730707124
149.43371685842922	0.06538825728007312	0.13902418372356712
149.56678339169585	0.06577673740529126	0.13910085122864738
149.69984992496248	0.06605847048910964	0.13925218366564712
149.8329164582291	0.06604290183459201	0.13923891515468312
149.96598299149574	0.06593497973526023	0.13937072718120935
150.09904952476236	0.06565436121807502	0.13936862283187337
150.23211605802902	0.06534668900645456	0.13904013503072832
150.36518259129565	0.0651916320539883	0.1387810434205278
150.49824912456228	0.06527394680429272	0.13889189988869569
150.6313156578289	0.06518912466475577	0.13900436407095695
150.76438219109554	0.06478206469641276	0.1388640597433636
150.89744872436216	0.06472133394737775	0.13887708391169126
151.03051525762882	0.06476703177073737	0.1389487746358981
151.16358179089545	0.06497496447288865	0.13865137399705282
151.29664832416208	0.06530284667412561	0.13842055123113345
151.4297148574287	0.06504361800660376	0.13853823320704178
151.56278139069533	0.06489502558758618	0.1385554389457873
151.69584792396196	0.06474235173744851	0.13849189791177946
151.82891445722862	0.0649951445638004	0.13830476962616972
151.96198099049525	0.06491864322743149	0.13796647495824138
152.09504752376188	0.06486183646981061	0.13751007283365854
152.2281140570285	0.0651716372985121	0.13768838111556395
152.36118059029513	0.06543880099350409	0.13740689737159334
152.49424712356176	0.06537828564478933	0.1374959068960543
152.62731365682842	0.06503868974168396	0.13762377113761615
152.76038019009505	0.06489621661568627	0.13746613572759558
152.89344672336168	0.0649791650955144	0.13743955391617532
153.0265132566283	0.06526391734804236	0.13729570549768585
153.15957978989493	0.06512493291611487	0.13752904840148114
153.2926463231616	0.06502860594579134	0.13823531531532848
153.42571285642822	0.06494272736976699	0.13810341366991546
153.55877938969485	0.06521947798844188	0.13785212438832312
153.69184592296148	0.0654274962988467	0.13812143324810833
153.8249124562281	0.0651080878008618	0.13825228052447533
153.95797898949473	0.06533321710125428	0.1384113537984049
154.0910455227614	0.06573304960852401	0.13803350876841544
154.22411205602802	0.06561088712508097	0.13776361792681843
154.35717858929465	0.06557242713281589	0.13786732149686437
154.49024512256128	0.06552973471312501	0.1375852551615695
154.6233116558279	0.06539493342406709	0.13716561280911221
154.75637818909453	0.06545708704163478	0.1371641065835576
154.8894447223612	0.06541143198057789	0.13733438400689182
155.02251125562782	0.06544843922585471	0.13739042549196906
155.15557778889445	0.06564712870557378	0.13744000723951322
155.28864432216108	0.06567532609848825	0.13746080509723838
155.4217108554277	0.06535741750409516	0.13766874716978839
155.55477738869433	0.06541040253185382	0.13700960297475934
155.687843921961	0.0658364467787134	0.13660589924063418
155.82091045522762	0.06588555010061824	0.1368416847671661
155.95397698849425	0.06604612923067919	0.13706727668968055
156.08704352176088	0.06587940973033118	0.13728005957962663
156.2201100550275	0.06568630891666818	0.13746284102472997
156.35317658829413	0.06557215559658677	0.13718736016935118
156.4862431215608	0.06553451670429182	0.13679880335015174
156.61930965482742	0.06582329608199797	0.13668454968143504
156.75237618809405	0.06555988019862785	0.1368656052395977
156.88544272136068	0.06538239185942303	0.13734225931875085
157.0185092546273	0.06544616014079792	0.13738177077674482
157.15157578789393	0.06525657152874179	0.13709627605091862
157.2846423211606	0.06528036912588028	0.13700933716982663
157.41770885442722	0.06600111106247435	0.13697582441977796
157.55077538769385	0.06617059027978617	0.13672484396569953
157.68384192096048	0.06590387832806083	0.136822406091587
157.8169084542271	0.06625607689080766	0.13688076408484096
157.94997498749373	0.06636890691708014	0.13690515086164337
158.0830415207604	0.06627104965492588	0.13725287116523713
158.21610805402702	0.06639436234595382	0.13740901344778347
158.34917458729365	0.06637965567562805	0.1374312364562202
158.48224112056027	0.06622893359149601	0.13735335385834543
158.6153076538269	0.06652308512438528	0.13707460393384815
158.74837418709353	0.06673366105946461	0.13696485542273035
158.8814407203602	0.06660958022677414	0.1369060659500918
159.01450725362682	0.06626695829089947	0.13670241678518252
159.14757378689345	0.06601430317920205	0.1364902190002344
159.28064032016007	0.0660938534158477	0.1364141142814542
159.4137068534267	0.0660338175943915	0.13660296457245624
159.54677338669333	0.06591356548464934	0.13684003074003015
159.67983991996	0.06621289817284205	0.13648515430224495
159.81290645322662	0.06611127393138524	0.1364997473887618
159.94597298649325	0.06592112336792073	0.13698917198023597
160.07903951975987	0.06607846843019584	0.13694115326134948
160.2121060530265	0.06611289046203542	0.1366079550073597
160.34517258629313	0.06636525463135233	0.13712771052525466
160.4782391195598	0.06653102903134019	0.1369400618178479
160.61130565282642	0.06670541774730598	0.13627105469837286
160.74437218609305	0.06671677188033562	0.1366054114118693
160.87743871935967	0.06663206629512015	0.13670450398208875
161.0105052526263	0.06693948343446443	0.13651617060991666
161.14357178589293	0.0670969078482421	0.13658546564304846
161.2766383191596	0.06693152293652582	0.13702610677447666
161.40970485242622	0.06691347995663734	0.13763377020910048
161.54277138569284	0.06699398778560192	0.13826690644075468
161.67583791895947	0.06698823798411502	0.1385286878992505
161.8089044522261	0.06709358463867954	0.13864436947693257
161.94197098549273	0.06747756972063608	0.13904170686073478
162.0750375187594	0.06738330322336113	0.13899350081669065
162.20810405202602	0.06699312948716335	0.13930557239682032
162.34117058529264	0.0670344172652706	0.1395351291248203
162.47423711855927	0.06706546219569609	0.1396288409811337
162.6073036518259	0.06706587982517355	0.13943486735207378
162.74037018509253	0.06687699831898579	0.1397721313005441
162.8734367183592	0.06685790774993106	0.13974447642283935
163.00650325162582	0.06686542949013063	0.13945729524504807
163.13956978489244	0.06672710405783945	0.13927322422882188
163.27263631815907	0.06672441200028817	0.13888051530818948
163.4057028514257	0.06671875246909134	0.1385204206676138
163.53876938469233	0.06672019271691816	0.13848926699499012
163.671835917959	0.0666520586175912	0.1384083148405548
163.80490245122562	0.06673995462897772	0.1379424650740022
163.93796898449224	0.06680963903040307	0.13802436022100015
164.07103551775887	0.06691393621182183	0.13846983379188657
164.2041020510255	0.06680678600203582	0.13810917356640653
164.33716858429213	0.06677610020244715	0.13812393057856007
164.4702351175588	0.06702499848028866	0.13808689837021307
164.60330165082541	0.06720369998965872	0.13827329219862275
164.73636818409204	0.06726839798730878	0.13835905169526316
164.86943471735867	0.0670183783624837	0.1379713454230015
165.0025012506253	0.06689055805656714	0.13779215701953632
165.13556778389193	0.06699257772118965	0.1375299957758645
165.2686343171586	0.0669465382388006	0.13791422385510474
165.40170085042521	0.06689184528713821	0.1379588090061006
165.53476738369184	0.06686353990792382	0.13766596126672484
165.66783391695847	0.0668269906259101	0.1377445807519163
165.8009004502251	0.0669047487292829	0.13791197709129818
165.93396698349173	0.06670991733125639	0.13794297423239707
166.06703351675839	0.06665388421892554	0.13849996957169944
166.20010005002501	0.06663764223662569	0.138608145020324
166.33316658329164	0.0665826023619395	0.1388444221950285
166.46623311655827	0.0661080675761942	0.13924028159153062
166.5992996498249	0.06599358854259853	0.1391845663503579
166.73236618309153	0.06613035130029672	0.13894387227606125
166.86543271635819	0.06631331313165387	0.13852154752540952
166.9984992496248	0.06630851186151757	0.13828089366416768
167.13156578289144	0.06613243087388544	0.13824737268160273
167.26463231615807	0.06612734673051969	0.1377904326665702
167.3976988494247	0.06619999946165542	0.13809049408813084
167.53076538269133	0.06595856615555085	0.13847936568048166
167.66383191595799	0.06622733831277935	0.1380087220141014
167.7968984492246	0.06630019617239684	0.13803040393059227
167.92996498249124	0.0661922687509131	0.13780904333218172
168.06303151575787	0.06621731194028166	0.13790199814970724
168.1960980490245	0.06607577942642479	0.13802506255289976
168.32916458229113	0.06588271030970744	0.1378879119775593
168.46223111555778	0.06588099713550051	0.13811507220111824
168.5952976488244	0.06604204434340764	0.1378059220469733
168.72836418209104	0.06611309774391108	0.13758698261931773
168.86143071535767	0.06589505126165435	0.13736083518814832
168.9944972486243	0.06572842937520877	0.13781306285985187
169.12756378189093	0.06547431212293865	0.13808562711449762
169.26063031515758	0.06544229737280917	0.13872696930102746
169.3936968484242	0.06508029101348398	0.13879666116624992
169.52676338169084	0.06514270657046563	0.13790533310827435
169.65982991495747	0.06524066773741556	0.13785996480691515
169.7928964482241	0.0653249950303532	0.13801573556101332
169.92596298149073	0.06552178843748034	0.137960813000887
170.05902951475738	0.06553043071705585	0.13783562201818148
170.192096048024	0.06544143173097064	0.13761232010540297
170.32516258129064	0.06493274824213166	0.13831618269310528
170.45822911455727	0.06482661466322583	0.13850408394240676
170.5912956478239	0.0647763871177161	0.13824395839343512
170.72436218109056	0.06488737848590412	0.1388149494855637
170.85742871435718	0.06511359268495748	0.13892981169629914
170.9904952476238	0.0650816524796698	0.13846463463313205
171.12356178089044	0.0653467300935012	0.13828403600669223
171.25662831415707	0.06554820340701312	0.13778517885512637
171.3896948474237	0.06571285788197898	0.13763100560099312
171.52276138069035	0.0655832751156507	0.13801282715634347
171.65582791395698	0.06547745225687762	0.13798336342829357
171.7888944472236	0.06549860989965403	0.13803529238981635
171.92196098049024	0.06594575528956548	0.138088537277383
172.05502751375687	0.0660212461538263	0.13824693942401678
172.1880940470235	0.06591883964770864	0.1385504801016533
172.32116058029015	0.06580181937358022	0.13891146416703998
172.45422711355678	0.06583761172913935	0.13870447479978384
172.5872936468234	0.06612728961854397	0.1388600021461691
172.72036018009004	0.06622148681503162	0.13921988631828774
172.85342671335667	0.06595529199125928	0.13912856786966143
172.9864932466233	0.06608849743420608	0.13888412708750178
173.11955977988995	0.06624565814306457	0.13861640140978848
173.25262631315658	0.06620706327827933	0.13895044125928085
173.3856928464232	0.06629189237977315	0.13840577630479534
173.51875937968984	0.06627479166410152	0.13843443798073754
173.65182591295647	0.06621603643834616	0.13846029021594494
173.7848924462231	0.06607590609705329	0.13828085654197916
173.91795897948975	0.06642624749976442	0.13846609871461082
174.05102551275638	0.06624459814514488	0.13866493208299482
174.184092046023	0.0659965645603409	0.13867293497169123
174.31715857928964	0.06592954756424284	0.1389964645769466
174.45022511255627	0.066030422540352	0.13919229563047397
174.5832916458229	0.06617666382587443	0.1391285817652711
174.71635817908955	0.06594529218003195	0.13950676290620126
174.84942471235618	0.0659824267867813	0.13925573795729737
174.9824912456228	0.06583049492580488	0.1394679007895825
175.11555777888944	0.06593490741526045	0.13971237176849277
175.24862431215607	0.06563396883203539	0.13946654209054854
175.3816908454227	0.06535599455306557	0.13979217569129332
175.51475737868935	0.06531223076075753	0.13981705269621217
175.64782391195598	0.06545740101504877	0.13966429436298755
175.7808904452226	0.06556322626831278	0.14011759967801138
175.91395697848924	0.06525569512141347	0.14026231650184656
176.04702351175587	0.06539207092795268	0.13989981215661224
176.1800900450225	0.06557633921092904	0.1398372896426037
176.31315657828915	0.06541099222632321	0.13962348188284718
176.44622311155578	0.06539333626394457	0.13965464159884625
176.5792896448224	0.06606242883190018	0.13954083619864566
176.71235617808904	0.06641924416939626	0.1395295916554578
176.84542271135567	0.06652039884398188	0.13967520574164233
176.9784892446223	0.06675242819580192	0.13960743931063588
177.11155577788895	0.06679588393465101	0.13982523815573744
177.24462231115558	0.06666211979082755	0.14003876701949594
177.3776888444222	0.06684296908998592	0.14024156461693327
177.51075537768884	0.06709261478607527	0.14011128600709682
177.64382191095547	0.06707718430985783	0.1399695402192424
177.7768884442221	0.06722063386148018	0.13987059075855143
177.90995497748875	0.06719034343354383	0.13989620387707433
178.04302151075538	0.06706795712648897	0.13998387426194644
178.176088044022	0.06685135922152595	0.14026838769976416
178.30915457728864	0.06682534526449427	0.14019859094092513
178.44222111055527	0.0665457075599158	0.13969148934790668
178.5752876438219	0.06650407621122792	0.13944002834136196
178.70835417708855	0.06675863733585402	0.13940162392156324
178.84142071035518	0.06665655997564307	0.13943316837935923
178.9744872436218	0.06636517246799209	0.139445235584867
179.10755377688844	0.06632862866606948	0.13944852639401148
179.24062031015507	0.06654120202721187	0.13919692442357864
179.3736868434217	0.06699157882405088	0.13933308077970374
179.50675337668835	0.06704326204529948	0.13927402070464773
179.63981990995498	0.06703155934768903	0.1389793106596182
179.7728864432216	0.06706433059541901	0.13879225320474925
179.90595297648824	0.06687172943194576	0.13861697583023594
180.03901950975487	0.06684316324866889	0.13835543505183284
180.1720860430215	0.06699230614376579	0.13850484878020633
180.30515257628815	0.06714269281761327	0.1383786610410921
180.43821910955478	0.06718048040174408	0.13887909931590128
180.5712856428214	0.06692941524220936	0.13848897702993168
180.70435217608804	0.0667880056601033	0.13814840963392566
180.83741870935467	0.06683711302742663	0.13782911308768214
180.9704852426213	0.0668514807465419	0.13757406590468652
181.10355177588795	0.06721083713766592	0.13746689318430727
181.23661830915458	0.06749086302098113	0.13731258285755696
181.3696848424212	0.06740117334797213	0.13721314301277815
181.50275137568784	0.06740964703311343	0.1373181540576681
181.63581790895446	0.0673779956353044	0.13788329622538095
181.7688844422211	0.06756023171382429	0.13802435693094725
181.90195097548775	0.06718835955933697	0.13774365636222596
182.03501750875438	0.06696211036426881	0.13749708613842684
182.168084042021	0.06703614532817177	0.13767725926624494
182.30115057528764	0.06708499456726542	0.13763420268992552
182.43421710855426	0.06727728512797587	0.1371067168928095
182.5672836418209	0.06722110220725552	0.13667827624822765
182.70035017508755	0.06705043913406473	0.13742746776782666
182.83341670835418	0.06695378976132586	0.137676067325099
182.9664832416208	0.06664774974025299	0.13786822429096515
183.09954977488744	0.06648627809382097	0.13866100362127518
183.23261630815406	0.0663842970626126	0.1389971787823492
183.3656828414207	0.06653763554158906	0.13926865690209747
183.49874937468735	0.06696899973186587	0.13918445414422767
183.63181590795398	0.06698721867752604	0.1395011639872777
183.7648824412206	0.06690438500479677	0.13956364764232398
183.89794897448724	0.06704449318362916	0.13961915997791619
184.03101550775386	0.06711605433804996	0.1399354658570885
184.1640820410205	0.06711154924375924	0.13929203331128506
184.29714857428715	0.0673243957631355	0.13920547960093163
184.43021510755378	0.06707046396201385	0.13971009787740496
184.5632816408204	0.06689400637880624	0.1398914919720435
184.69634817408703	0.06661693551151562	0.14010983328244325
184.82941470735366	0.06618664068516909	0.1402367382763282
184.9624812406203	0.06619133524227173	0.14037863000860548
185.09554777388695	0.066072717264346	0.1401793030340206
185.22861430715358	0.06620051777228694	0.14020734814111216
185.3616808404202	0.06625798927398652	0.1406624343895441
185.49474737368683	0.06628345148397637	0.14077372463653837
185.62781390695346	0.06595605175384633	0.1410108967070917
185.7608804402201	0.06594620123997748	0.14092749277216324
185.89394697348675	0.0658545068292366	0.14090031130944802
186.02701350675338	0.06584846129815676	0.14095518760382028
186.16008004002	0.06580897556469303	0.14151591473769098
186.29314657328663	0.06594014899667254	0.14186500326695703
186.42621310655326	0.06601639628503085	0.14195732536800476
186.5592796398199	0.0658472619961858	0.1418569771453383
186.69234617308655	0.06568496266199159	0.14129298341203061
186.82541270635318	0.06606062319402789	0.14107903839610017
186.9584792396198	0.06584317524967942	0.1410655954058354
187.09154577288643	0.06609404290012777	0.14139687041563767
187.22461230615306	0.0661388991326152	0.14156035861071753
187.3576788394197	0.06596650296712395	0.14157591950346995
187.49074537268635	0.06605835577451251	0.14159450664436152
187.62381190595298	0.06613788042982449	0.14134681748822117
187.7568784392196	0.06624616804111291	0.1412911934583024
187.88994497248623	0.06647204165858728	0.14128172242783654
188.02301150575286	0.06613007307465367	0.14138213831212407
188.15607803901952	0.066484565367936	0.14141794474912908
188.28914457228615	0.06662201033694862	0.14147906796684412
188.42221110555278	0.06651759077558665	0.14155717996805284
188.5552776388194	0.06645611513458001	0.14184725198026707
188.68834417208603	0.06661038933771372	0.14153358551296444
188.82141070535266	0.0664286485690858	0.1411999389471063
188.95447723861932	0.06655209969778385	0.1412700732564835
189.08754377188595	0.06683597605305099	0.14143006804216046
189.22061030515258	0.06675335712258591	0.14080388512139044
189.3536768384192	0.06682187268171194	0.14065815188070252
189.48674337168583	0.06686733378185317	0.141294551292795
189.61980990495246	0.06666305817434731	0.14127023876825362
189.75287643821912	0.06677016049852683	0.1412297857684398
189.88594297148575	0.06669834989194565	0.1413486800056383
190.01900950475238	0.06690641416813475	0.14105534190615338
190.152076038019	0.06700234423255329	0.1411762185694975
190.28514257128563	0.06654225775302555	0.14186085101707274
190.41820910455226	0.06629524569468805	0.14199036626431144
190.55127563781892	0.06586790199576947	0.14174631135880897
190.68434217108555	0.0657412489684588	0.14118229651994524
190.81740870435218	0.06570487564214429	0.14149333888228982
190.9504752376188	0.06580965642046241	0.14156701511686698
191.08354177088543	0.06622731566877549	0.1410278969705278
191.21660830415206	0.06620827266838301	0.14131236966724667
191.34967483741872	0.06627416028180348	0.14113586354497035
191.48274137068535	0.0661471731390813	0.1407392378646886
191.61580790395197	0.06623862343447298	0.14071755079556758
191.7488744372186	0.06625032259111616	0.14072857200484826
191.88194097048523	0.06610353531823016	0.14062351681158267
192.01500750375186	0.06611502744955455	0.1406068952704595
192.14807403701852	0.06602998246920547	0.14074886927662492
192.28114057028515	0.06606026521212169	0.14046079428419003
192.41420710355177	0.0665209671459506	0.14020044963343883
192.5472736368184	0.06635446576217896	0.139775631777468
192.68034017008503	0.06635228773961122	0.14028679465400595
192.81340670335166	0.06663332702498898	0.14018973133570056
192.94647323661832	0.06650078927887551	0.14022470462202072
193.07953976988495	0.06641392513770535	0.14035103229722598
193.21260630315157	0.0663080287461803	0.1404461918740271
193.3456728364182	0.0665082302630808	0.14039800017339565
193.47873936968483	0.06658002776518888	0.14041307654263793
193.61180590295146	0.06640620477282033	0.14032808501884955
193.74487243621812	0.06651829364252371	0.1401012033599876
193.87793896948475	0.06640929647005435	0.14014409001343373
194.01100550275137	0.06664095393040981	0.14077270319455076
194.144072036018	0.0667405829891223	0.14086107005130508
194.27713856928463	0.06643600941992672	0.1403010940703993
194.41020510255126	0.06684420106494228	0.14020821250465446
194.54327163581792	0.06714595758153476	0.14030246462670637
194.67633816908454	0.0671595776792495	0.1407587063250987
194.80940470235117	0.0668279179973788	0.14072735427458757
194.9424712356178	0.06693015673203698	0.14085381980649822
195.07553776888443	0.06687185280542546	0.14104035046490393
195.20860430215106	0.06700915680470496	0.1402723034823628
195.34167083541772	0.06732386510710472	0.1400808543647547
195.47473736868434	0.06730323291144169	0.1401656550260529
195.60780390195097	0.06731913527481531	0.14054201959873186
195.7408704352176	0.06717003702212611	0.14009521979821604
195.87393696848423	0.06733459269779381	0.14006852495992803
196.00700350175086	0.06757079153697301	0.14034117621350162
196.14007003501752	0.06783380562671905	0.14034137001693944
196.27313656828414	0.06835171143482346	0.14038069798377684
196.40620310155077	0.06853836856946109	0.1395296732350469
196.5392696348174	0.06835736678502863	0.1394141467495383
196.67233616808403	0.0684336441250397	0.13976716186797306
196.80540270135066	0.06899009283100452	0.139906663101453
196.93846923461732	0.06903338808614873	0.139591643041708
197.07153576788394	0.06933431341753309	0.13978867297585618
197.20460230115057	0.06947540893967714	0.13966095434383372
197.3376688344172	0.06946714720203825	0.1395355390776356
197.47073536768383	0.06952600506207703	0.13949690448808605
197.60380190095046	0.06972886492542359	0.1397684892977148
197.73686843421712	0.0694138541703908	0.13912124877137821
197.86993496748374	0.0690414059921997	0.1389244718953096
198.00300150075037	0.06909193670936845	0.13901441961019984
198.136068034017	0.06942253827257121	0.1391392152878117
198.26913456728363	0.06916756312075481	0.13911285484911187
198.40220110055026	0.06909769374030462	0.1393955876371016
198.53526763381691	0.06924959771235444	0.13933129915083933
198.66833416708354	0.06919202571262884	0.1396034263689891
198.80140070035017	0.06901207060025029	0.1403498047292231
198.9344672336168	0.06903078976542519	0.14087399553741886
199.06753376688343	0.06897393052813863	0.14054916525973193
199.20060030015006	0.06903902501084563	0.14095337008071152
199.33366683341671	0.06876105833129058	0.14053579390152923
199.46673336668334	0.06913908258209829	0.14013429657179888
199.59979989994997	0.06938234104020446	0.14039042508738064
199.7328664332166	0.06923870312636204	0.14010785282950564
199.86593296648323	0.06955701248013	0.13986751360862837
199.99899949974986	0.0698924850201592	0.13976469898498278
200.1320660330165	0.06960620462109171	0.14007135330416026
200.26513256628314	0.06944735224355365	0.14084224013800078
200.39819909954977	0.06912776024130798	0.1410053727443273
200.5312656328164	0.06876089233504315	0.14078635792878577
200.66433216608303	0.06874742854513048	0.14059670300978597
200.79739869934966	0.06870366962531309	0.14067865667378054
200.9304652326163	0.06916773062170956	0.14013138613268944
201.06353176588294	0.06944377480937636	0.14048601204827307
201.19659829914957	0.06926137672422707	0.14072195070552562
201.3296648324162	0.06962236369942705	0.14064424935124012
201.46273136568283	0.06960907197758359	0.14084419284608485
201.59579789894946	0.0696701710418776	0.14115836292347997
201.7288644322161	0.06998711015139225	0.1408495833840207
201.86193096548274	0.07018855789368988	0.1408347930669613
201.99499749874937	0.07009651208501391	0.14078532337449823
202.128064032016	0.07029380834587629	0.14078658797762067
202.26113056528263	0.07032503343213577	0.14103226558763596
202.39419709854926	0.07040974236359215	0.1407098284863577
202.5272636318159	0.07028107234977617	0.1408407080759942
202.66033016508254	0.07069959876833325	0.140247769899034
202.79339669834917	0.07099647826190084	0.14022551586698964
202.9264632316158	0.07104445495763714	0.14020970727794768
203.05952976488243	0.07105350001484037	0.14026059994017223
203.19259629814906	0.07109271951328534	0.14042306139536592
203.3256628314157	0.07136433113794187	0.14043755191576857
203.45872936468234	0.07122509910738703	0.14009076845751894
203.59179589794897	0.07143050258553943	0.13941161491743573
203.7248624312156	0.07144489384263272	0.13988696098711456
203.85792896448223	0.07118603329937655	0.14036397194005218
203.99099549774886	0.07103454342202194	0.13975920482457438
204.1240620310155	0.07071740315753104	0.14043936107518162
204.25712856428214	0.07044540363033258	0.14080014736824129
204.39019509754877	0.07052260694538655	0.14044077648355785
204.5232616308154	0.07067243495564834	0.14010079297626377
204.65632816408203	0.07071879724228208	0.1397603141710428
204.78939469734868	0.07036252728236679	0.13971121935016367
204.9224612306153	0.07015938637549037	0.13979395766554156
205.05552776388194	0.07008058192103835	0.13976506907568792
205.18859429714857	0.07016698368385023	0.13961031914683378
205.3216608304152	0.07032391556984398	0.13969506049276814
205.45472736368183	0.07021044274550352	0.13970273585880574
205.58779389694848	0.07035767284825431	0.14026723055382512
205.7208604302151	0.06995388955221389	0.14085588950809566
205.85392696348174	0.0699052969489248	0.14091742486748685
205.98699349674837	0.07026785334729808	0.14114384036194974
206.120060030015	0.07016272702214266	0.1413368748880369
206.25312656328163	0.06996312258665369	0.14100014723458387
206.38619309654828	0.06991374791727113	0.1408081041116265
206.5192596298149	0.0698343767885059	0.141283191636646
206.65232616308154	0.06988243072212326	0.1415585972098351
206.78539269634817	0.06954592495094787	0.14159311622421938
206.9184592296148	0.06933076938047283	0.1414084168739061
207.05152576288143	0.06928929475663974	0.14140109075688548
207.18459229614808	0.06912842110516575	0.14155017253743052
207.3176588294147	0.06939475734547498	0.14128272819702897
207.45072536268134	0.06893109047865192	0.14154599905662937
207.58379189594797	0.06881722310319734	0.14167710206048773
207.7168584292146	0.06890468054314385	0.14117775340766045
207.84992496248123	0.06893824921036384	0.14152257998900764
207.98299149574788	0.06918183911668042	0.14134774262439445
208.1160580290145	0.0694656883084574	0.14107883303872273
208.24912456228114	0.06921537857365455	0.14115938323043153
208.38219109554777	0.06945088289108431	0.1409394260808857
208.5152576288144	0.06952792286473977	0.14068943844403015
208.64832416208102	0.06942958790610167	0.14081358077556458
208.78139069534768	0.06922027939107492	0.1408768847728216
208.9144572286143	0.0695293233272003	0.14133819241072387
209.04752376188094	0.0691999620176821	0.1414371789947512
209.18059029514757	0.06941460076544552	0.1417730358954609
209.3136568284142	0.06935236162882519	0.14159316115243978
209.44672336168082	0.06928687684602262	0.14142114459788507
209.57978989494748	0.06917862914676438	0.14185188369355892
209.7128564282141	0.06945536166711883	0.14141421505121282
209.84592296148074	0.06934845140317855	0.14152178616794925
209.97898949474737	0.06893683838230277	0.14158555427703823
210.112056028014	0.06887507875336285	0.14143663587722877
210.24512256128062	0.06917512281479667	0.14120166092260267
210.37818909454728	0.06893516434844528	0.14119824396229186
210.5112556278139	0.06855714980801732	0.14103529865077272
210.64432216108054	0.06838116578640477	0.14084863507912113
210.77738869434717	0.068373566991649	0.14120682079159802
210.9104552276138	0.06816461911827107	0.14087016077507905
211.04352176088042	0.0683276703437515	0.14124362177518027
211.17658829414708	0.06840909615592558	0.14102848781804964
211.3096548274137	0.06874998060845895	0.1412259225157465
211.44272136068034	0.06902538972639029	0.141326739609674
211.57578789394697	0.06903152269341915	0.14105393332160548
211.7088544272136	0.06933930272289104	0.14058239340901982
211.84192096048022	0.0695356486105811	0.13998455137085367
211.97498749374688	0.06935547958827212	0.13954629801395907
212.1080540270135	0.06919078690072249	0.13976094801592115
212.24112056028014	0.06946373272996031	0.13990096161049867
212.37418709354677	0.06938177844800643	0.1400846036814293
212.5072536268134	0.06917761813698578	0.14074081486981035
212.64032016008002	0.069258667934755	0.14140949418163104
212.77338669334668	0.06944409038089366	0.14099012921506662
212.9064532266133	0.06925786648578641	0.14101067445899565
213.03951975987994	0.06955509007688629	0.14088875452039662
213.17258629314657	0.0695722528463387	0.1408105835491693
213.3056528264132	0.06972808801664662	0.1408137373792375
213.43871935967982	0.06966413497452549	0.14067620968724517
213.57178589294648	0.07016981730707497	0.1405179880784255
213.7048524262131	0.06995741032974562	0.14040472957617853
213.83791895947974	0.069654105236631	0.14059352890494953
213.97098549274637	0.06952992800299775	0.1403261580291479
214.104052026013	0.06921649263811443	0.1400330441639897
214.23711855927962	0.06930928647434238	0.1398277411288624
214.37018509254628	0.0690979963147317	0.13939760000261736
214.5032516258129	0.068542711505146	0.13951612088309054
214.63631815907954	0.06850928215744968	0.13966738629182157
214.76938469234616	0.0684659231503932	0.13925788718714535
214.9024512256128	0.0683712715877129	0.13922154204374076
215.03551775887942	0.06852208015517249	0.1389114379193273
215.16858429214608	0.069202947915032	0.13922886214939081
215.3016508254127	0.06952200597702377	0.1394356101786998
215.43471735867934	0.06925378417051022	0.13974228125430313
215.56778389194596	0.06905681941594764	0.13969005859263928
215.7008504252126	0.06915337594638271	0.13980412952653384
215.83391695847922	0.06917508853710437	0.14032191796414625
215.96698349174588	0.06931739055089704	0.14030983733126098
216.1000500250125	0.06901954067829966	0.14039279042260683
216.23311655827914	0.06920119253016209	0.14061590250521577
216.36618309154576	0.0690950535900142	0.1405586163191849
216.4992496248124	0.06909745039891384	0.141083254892307
216.63231615807902	0.06921740689029343	0.1412137772907116
216.76538269134568	0.06931316704181816	0.14125719574497553
216.8984492246123	0.06930621879482396	0.14165564224699417
217.03151575787894	0.06909503827624161	0.14205794466151986
217.16458229114556	0.06902973943145972	0.14174260473339795
217.2976488244122	0.06932061805896937	0.14146946911184188
217.43071535767882	0.0696220802104371	0.1412619106124238
217.56378189094548	0.06952500807232903	0.14109507142829342
217.6968484242121	0.069539850143119	0.14133025730603269
217.82991495747874	0.06966524679946214	0.14136570926701914
217.96298149074536	0.06953368410973983	0.14114127693609954
218.096048024012	0.06981403038500351	0.14124460776531733
218.22911455727862	0.06956271380721787	0.1411546201326881
218.36218109054528	0.0695196352815672	0.1408977277597396
218.4952476238119	0.06982111644145358	0.1407597945285046
218.62831415707853	0.06986512185779369	0.1405178088779482
218.76138069034516	0.06984055415815225	0.14031677936323547
218.8944472236118	0.0697007652537521	0.14059747294205843
219.02751375687842	0.06925094887646063	0.14061021766842866
219.16058029014508	0.06940616894345396	0.1404602429038591
219.2936468234117	0.06973703393591311	0.1406423068688066
219.42671335667833	0.06974824403732209	0.14075926332526892
219.55977988994496	0.069469195301475	0.14049670866419206
219.6928464232116	0.07007922470763425	0.14070535175919283
219.82591295647822	0.07004673981086047	0.1405657454766892
219.95897948974488	0.06989720731694155	0.14062638907128777
220.0920460230115	0.06994678484317791	0.14096445792949686
220.22511255627813	0.07013627036981243	0.14076409023892758
220.35817908954476	0.07039720055549596	0.1406760224722783
220.4912456228114	0.07010530057269622	0.1398540599518083
220.62431215607802	0.0702779609631936	0.1398869445357074
220.75737868934468	0.07034956666803598	0.1398338383088665
220.8904452226113	0.07062222012849664	0.13950376604473216
221.02351175587793	0.07079904011032927	0.13919142911351626
221.15657828914456	0.07080728225399749	0.13908748460134263
221.2896448224112	0.07060915238195845	0.13889141359923235
221.42271135567785	0.07060548129872384	0.1386336912635653
221.55577788894448	0.07053833051298003	0.13833591860771358
221.6888444222111	0.07045234448873912	0.13848412626187395
221.82191095547773	0.07029373349397817	0.139002709176468
221.95497748874436	0.07021367352599524	0.13918581331322316
222.088044022011	0.06973957089566504	0.13914785004019395
222.22111055527765	0.0697045659510994	0.13936205887573902
222.35417708854428	0.06994148268497863	0.1397134950516224
222.4872436218109	0.07006103593604197	0.13959927582072568
222.62031015507753	0.07043719886127851	0.13935126989970964
222.75337668834416	0.07067438065651958	0.13897695372347016
222.8864432216108	0.07084290761207554	0.13947708924193222
223.01950975487745	0.07101770037749154	0.13999333660756622
223.15257628814408	0.07103690460099495	0.13974383608442736
223.2856428214107	0.07121656274299362	0.13958518799546857
223.41870935467733	0.07117116383225888	0.1395637367546639
223.55177588794396	0.07143381608549564	0.13977991978900967
223.6848424212106	0.07128165089925287	0.14002127849172888
223.81790895447725	0.07145878107457458	0.14032740441722166
223.95097548774388	0.07103758829815232	0.14031025712912534
224.0840420210105	0.07108679824386989	0.14024713472892017
224.21710855427713	0.07087907857123231	0.14050261829759975
224.35017508754376	0.07103336990041258	0.1407148608126559
224.4832416208104	0.07147177283827319	0.14050476887370023
224.61630815407705	0.07205349567115996	0.14032323193933377
224.74937468734367	0.07194929278126394	0.14009566819923716
224.8824412206103	0.07196682916261848	0.1404710307570598
225.01550775387693	0.07219587444555106	0.14037438032587665
225.14857428714356	0.07206024138394228	0.14047318917062385
225.2816408204102	0.07196511285421446	0.14038733975367315
225.41470735367685	0.07214887610245121	0.1405393604607157
225.54777388694347	0.0720594585536152	0.14101724436547003
225.6808404202101	0.07214072145762213	0.14161295110733968
225.81390695347673	0.07220757063917661	0.14180917424080772
225.94697348674336	0.07243255739710569	0.14142825018023653
226.08004002001	0.07263288413698656	0.1417224875650989
226.21310655327665	0.07291031882740492	0.14144798783818383
226.34617308654327	0.07289099120906005	0.14112819765639217
226.4792396198099	0.07268389974518992	0.14105856745480025
226.61230615307653	0.07225549759545843	0.14115232610192777
226.74537268634316	0.07258254580185632	0.14122258201159388
226.8784392196098	0.07255653415204129	0.1409900275233239
227.01150575287645	0.07278967873746893	0.14159482018060143
227.14457228614307	0.07256535269179187	0.14153939380571695
227.2776388194097	0.07265828531038702	0.14148616722856536
227.41070535267633	0.07268923586131186	0.14110464751350524
227.54377188594296	0.07228141240565948	0.14118000072919765
227.6768384192096	0.07235120960806436	0.14147921559429083
227.80990495247624	0.07243075693455787	0.14079884347428095
227.94297148574287	0.07234124972456647	0.1408474990190664
228.0760380190095	0.07217198102101564	0.1406734414666018
228.20910455227613	0.07239766904183753	0.14095017258374168
228.34217108554276	0.07213233002568564	0.14100046774442462
228.4752376188094	0.07204704127904356	0.14089882125422482
228.60830415207604	0.07169937776834816	0.14138835196643892
228.74137068534267	0.0714849048314998	0.14160450866238644
228.8744372186093	0.07116299893030134	0.14129487946780178
229.00750375187593	0.07127696437639762	0.14168735355648068
229.14057028514256	0.0715180393023959	0.14099343423069519
229.2736368184092	0.07160348863806644	0.14069650456127047
229.40670335167584	0.07151923205994153	0.14046457798562909
229.53976988494247	0.07109534541636173	0.1401607413436232
229.6728364182091	0.07121349311254728	0.13988317997574357
229.80590295147573	0.07084345093698384	0.14043799612564697
229.93896948474236	0.07095876643922608	0.1402772654509779
230.072036018009	0.07094947616175787	0.14011022019966166
230.20510255127564	0.071055526995718	0.1403236148681207
230.33816908454227	0.07132491489914218	0.1399830386025923
230.4712356178089	0.07091313519246023	0.14032327886242912
230.60430215107553	0.07042339116479268	0.13988726976368013
230.73736868434216	0.0702460209819236	0.14019083333526125
230.8704352176088	0.06990987792980587	0.14079948013678764
231.00350175087544	0.0701241087399006	0.14081659950548087
231.13656828414207	0.06999076050046756	0.14038930962525495
231.2696348174087	0.06999716886847575	0.14005422069944168
231.40270135067533	0.07008208099677941	0.13985741358219206
231.53576788394196	0.0703494524098009	0.1398704660737717
231.6688344172086	0.07075256896672452	0.1399769248848939
231.80190095047524	0.07035170749077842	0.13965576017855685
231.93496748374187	0.07082221944888052	0.13993746918966163
232.0680340170085	0.07073220130812378	0.14000205261324436
232.20110055027513	0.07062768869498791	0.14006597384581962
232.33416708354176	0.0704057217903815	0.14002329908486552
232.4672336168084	0.07078735939942844	0.14031512018942371
232.60030015007504	0.07110915463089182	0.13988810404817129
232.73336668334167	0.0709749381001566	0.13995113049035568
232.8664332166083	0.07047651564460737	0.14003168022616722
232.99949974987493	0.07069599386509648	0.14019749061664483
233.13256628314156	0.07087438600269144	0.1399313623358495
233.26563281640819	0.07079249483638987	0.1394802570554975
233.39869934967484	0.0705469349817534	0.13974587040411818
233.53176588294147	0.07082764227395415	0.14000758606369823
233.6648324162081	0.0713561843412248	0.1396573618472824
233.79789894947473	0.07130742812918967	0.13908371942109812
233.93096548274136	0.07134161569205306	0.1393229937971925
234.06403201600799	0.07119857798115618	0.1390700563170202
234.19709854927464	0.0712813558731349	0.13926632122976454
234.33016508254127	0.07151838234151091	0.13960099659827854
234.4632316158079	0.0709279796618976	0.13990543466140737
234.59629814907453	0.07061456546388337	0.1394840276446717
234.72936468234116	0.07054807155398618	0.13984368956093932
234.86243121560778	0.07015032708856823	0.1399074669392664
234.99549774887444	0.06983512577093698	0.14013103297679994
235.12856428214107	0.06976474054980755	0.1402523737811771
235.2616308154077	0.07015022624076707	0.14067786737037036
235.39469734867433	0.0702428551709929	0.14029708546326794
235.52776388194096	0.07018102374232207	0.14016102256497115
235.66083041520758	0.07030061110772007	0.14038384897893869
235.79389694847424	0.07007297588518047	0.1407084828843738
235.92696348174087	0.06981815892516378	0.14074024829087256
236.0600300150075	0.06996909800658076	0.1407463617890111
236.19309654827413	0.07028435881160335	0.1411434895935694
236.32616308154076	0.06987940193932354	0.14119162300782273
236.45922961480738	0.06980761676100841	0.14132827668687206
236.59229614807404	0.070096668269958	0.1412247427218919
236.72536268134067	0.0701744309821439	0.14155361654027895
236.8584292146073	0.07009454249811821	0.14104975090864674
236.99149574787393	0.07029238906985813	0.1410595762520393
237.12456228114056	0.07050267089722884	0.14137903963218473
237.25762881440718	0.07059568679528914	0.14077546579584546
237.39069534767384	0.07043564733012812	0.1411157379836097
237.52376188094047	0.07062067444260613	0.14068317965600854
237.6568284142071	0.07090761592443633	0.14072721803651417
237.78989494747373	0.07121264148905153	0.14045312050642067
237.92296148074036	0.07121231899410058	0.1404194471739831
238.05602801400698	0.07125764574891456	0.1406561279443896
238.18909454727364	0.07146780408148982	0.1405968805920894
238.32216108054027	0.07170247901959816	0.1407129075051057
238.4552276138069	0.07172355605017969	0.14049605100051402
238.58829414707353	0.07163810654804044	0.1406989501517581
238.72136068034015	0.07154613796677653	0.14103966170684532
238.8544272136068	0.07151581592208954	0.14184363095888877
238.98749374687344	0.07150720491126453	0.14160488220498305
239.12056028014007	0.07131036980410718	0.1411435440101427
239.2536268134067	0.0712426103730202	0.14058245340315237
239.38669334667333	0.07097357740504981	0.14093414368296772
239.51975987993995	0.07078047316941699	0.1406695858341489
239.6528264132066	0.07097383808620517	0.14071688297286544
239.78589294647324	0.07092525418094986	0.14078003794104965
239.91895947973987	0.07094394877635099	0.1409887115229973
240.0520260130065	0.0708200586759684	0.14055290048857408
240.18509254627313	0.07081796449940421	0.14073624799630127
240.31815907953975	0.07100933469991694	0.14054953998234307
240.4512256128064	0.07107795135794456	0.1402626711832827
240.58429214607304	0.07065079671163343	0.14049507825501115
240.71735867933967	0.07070770326476314	0.14051046863986127
240.8504252126063	0.07037156876499946	0.14091863947891706
240.98349174587293	0.07068023301333062	0.1406441653600771
241.11655827913955	0.07046186971219481	0.14071292291865622
241.2496248124062	0.07031113327893126	0.1408114058967921
241.38269134567284	0.07007933762996972	0.1410743290560641
241.51575787893947	0.06990516648136764	0.14181139745535049
241.6488244122061	0.06997027046904203	0.14200826629290544
241.78189094547272	0.07023183660664344	0.14217935457806638
241.91495747873935	0.07035236924269068	0.14230051169215055
242.048024012006	0.07013675719253562	0.14263310415112318
242.18109054527264	0.07013459086660194	0.1422290997572317
242.31415707853927	0.07032767137176392	0.14175641593711463
242.4472236118059	0.07081346891657224	0.1419208799342837
242.58029014507252	0.07066826574871793	0.14167547698860972
242.71335667833915	0.07064430409377438	0.1415814910830353
242.8464232116058	0.07023377286212194	0.14252291607922932
242.97948974487244	0.06984861613762373	0.14188768693250622
243.11255627813907	0.06979572940882368	0.14160680785632956
243.2456228114057	0.06966149595042158	0.1417265089769214
243.37868934467232	0.06971912763110942	0.14166040684190243
243.51175587793895	0.0696482875402778	0.14185313264209504
243.6448224112056	0.06948881064857174	0.1420935374244805
243.77788894447224	0.06941980904601812	0.14172106419633979
243.91095547773887	0.06934378356959735	0.14178412456173076
244.0440220110055	0.06948877899600897	0.1413993478067037
244.17708854427212	0.0695659968724403	0.14168997439290448
244.31015507753875	0.06955445745806625	0.1411650984524741
244.4432216108054	0.06936529814993621	0.1416263213930249
244.57628814407204	0.06916087630252148	0.14168850244644227
244.70935467733867	0.06912642189899715	0.1421230697541611
244.8424212106053	0.06952787784735341	0.14161566644688792
244.97548774387192	0.06950217173974939	0.14151055900464815
245.10855427713855	0.06966714859428694	0.14174075892644192
245.2416208104052	0.06971501933817965	0.1417124009975219
245.37468734367184	0.06991233175750337	0.1416801191607459
245.50775387693847	0.06990394714771409	0.14178154304633736
245.6408204102051	0.0699536713614738	0.14190667975356897
245.77388694347172	0.070226190131677	0.14177746584072184
245.90695347673835	0.07064349841046098	0.14190248279723408
246.040020010005	0.07092212427947729	0.14220901360334104
246.17308654327164	0.07072239600486584	0.14212280981317235
246.30615307653827	0.07085950931285584	0.14236005088278253
246.4392196098049	0.07040435060520006	0.14233719963152444
246.57228614307152	0.07015954613922103	0.1427925024516252
246.70535267633815	0.07041248764250664	0.14318357891738706
246.8384192096048	0.07054265123033512	0.14299521538405346
246.97148574287144	0.07055393277583133	0.14270291072054697
247.10455227613807	0.07085140089220235	0.14299889415094913
247.2376188094047	0.07108655924359061	0.14349064212461227
247.37068534267132	0.07128670942239566	0.14369482059084457
247.50375187593795	0.07181214150557581	0.14318981079301815
247.6368184092046	0.07166233442054747	0.14308266673302442
247.76988494247124	0.07160113060386032	0.14243549174591041
247.90295147573786	0.07117575335917913	0.14267651033491716
248.0360180090045	0.07131058667178435	0.14277470935130426
248.16908454227112	0.07115686353851021	0.14261108409969683
248.30215107553775	0.0711029200415408	0.1422383056339552
248.4352176088044	0.07142172811150115	0.14200116437757415
248.56828414207104	0.07133396660898539	0.14193142275396892
248.70135067533766	0.07162422073802618	0.14182462711618818
248.8344172086043	0.07138980377024458	0.14158335191372476
248.96748374187092	0.07163351203750146	0.14093873662879458
249.10055027513755	0.07172934650943334	0.1407748113347531
249.2336168084042	0.07193800163117643	0.1407551528013718
249.36668334167084	0.07176139201739051	0.14071299884240257
249.49974987493746	0.07199438961864128	0.14064371246557625
249.6328164082041	0.07194115917140625	0.14071876391128957
249.76588294147072	0.07202143675343571	0.1409255350210406
249.89894947473735	0.07197174716403947	0.14083063651589683
250.032016008004	0.07171099814188506	0.14069056605769834
250.16508254127064	0.07148285418901114	0.14070345590534875
250.29814907453726	0.07134768340871765	0.14079554952018514
250.4312156078039	0.07123187703646959	0.1406083840992441
250.56428214107052	0.07126860305637363	0.1400634817298958
250.69734867433715	0.07130098706841236	0.14067685796087684
250.8304152076038	0.07116403387433298	0.14077798731050364
250.96348174087044	0.07134383204434584	0.14089504321210153
251.09654827413706	0.07154720894956199	0.14100802530165724
251.2296148074037	0.07127088059937302	0.14059434382969416
251.36268134067032	0.07167761972439213	0.14062065916347122
251.49574787393695	0.07170956305902747	0.14111044801273115
251.6288144072036	0.07209408300637067	0.1412559690769346
251.76188094047023	0.07221334105640459	0.1414158792487798
251.89494747373686	0.07198351508308329	0.1412914599732852
252.0280140070035	0.07213655419513168	0.14124334475536984
252.16108054027012	0.07184958242984768	0.14094581634675454
252.29414707353675	0.0715440940251157	0.14007245530282372
252.4272136068034	0.07163942571350673	0.14005351567594268
252.56028014007003	0.07195428658717049	0.1402383340540713
252.69334667333666	0.07246905972709662	0.14021142573176906
252.8264132066033	0.07202355738421133	0.1399352801887545
252.95947973986992	0.07207696628343083	0.14016538673758733
253.09254627313655	0.07229614275599336	0.140204192505853
253.2256128064032	0.07199548903612153	0.1401309592050081
253.35867933966983	0.07191510616787358	0.14022225333349714
253.49174587293646	0.0718964678513473	0.14026475944112904
253.6248124062031	0.07180983745320778	0.1410603847179989
253.75787893946972	0.0717771528133893	0.14103369284372358
253.89094547273635	0.0719584857280697	0.14082038862804303
254.024012006003	0.07185087322557712	0.1410224193245354
254.15707853926963	0.0719378440302064	0.14141111313229845
254.29014507253626	0.07177008591636337	0.14146703897394705
254.4232116058029	0.07167078084856926	0.1419549917071156
254.55627813906952	0.07177774978294106	0.14118069606010605
254.68934467233615	0.07194570795595487	0.14096227234395642
254.8224112056028	0.07238843268985883	0.14058015962550152
254.95547773886943	0.07251524304707993	0.1407735663541012
255.08854427213606	0.07250840746477859	0.14036126051189013
255.2216108054027	0.07274916122742883	0.13980548956631547
255.35467733866932	0.07288279339307598	0.13999600834388537
255.48774387193595	0.07306901343574929	0.1397902898883125
255.6208104052026	0.07281173536381272	0.13972348924366298
255.75387693846923	0.07271411693688955	0.14008545529144273
255.88694347173586	0.07261168010694481	0.1399314729925943
256.0200100050025	0.07240021329209947	0.14023939392433055
256.15307653826915	0.07262625633220737	0.13987067710733506
256.2861430715358	0.072199459922456	0.13939660859865277
256.4192096048024	0.07205992631129433	0.13996369616379278
256.55227613806903	0.07256601894385448	0.13981646637171757
256.68534267133566	0.07269136316980541	0.13953248098020016
256.8184092046023	0.0727116285098704	0.1396970251077386
256.9514757378689	0.07281644683735823	0.13918870705663364
257.08454227113555	0.07298335592575507	0.13935418828072707
257.2176088044022	0.07261255589521762	0.13920527319183446
257.3506753376688	0.07251597600100244	0.13947211092057799
257.4837418709355	0.07250441812494697	0.1398336556282635
257.6168084042021	0.07293118917109614	0.13908150541195183
257.74987493746875	0.0727357316850899	0.13938754253677585
257.8829414707354	0.0731797184873709	0.13961802938318865
258.016008004002	0.07360234070250023	0.13975963389983734
258.14907453726863	0.07320568597805023	0.13961518712738544
258.28214107053526	0.07339488975566787	0.14017174669067703
258.4152076038019	0.07329487207907226	0.13993448274944414
258.5482741370685	0.07315834298856858	0.14040365638530788
258.68134067033515	0.0731938971061999	0.14105716216666817
258.8144072036018	0.07352638857255865	0.1420546255298603
258.9474737368684	0.07363867542548186	0.14155763659444356
259.0805402701351	0.07380243119944589	0.14177233993053218
259.2136068034017	0.07338577071114177	0.14131525269274417
259.34667333666835	0.07333318194803429	0.1414934973992029
259.479739869935	0.07322665472291948	0.1418818176576909
259.6128064032016	0.07300906845784629	0.14174648427121211
259.74587293646823	0.07275515806807861	0.14216460627958333
259.87893946973486	0.07310661247004079	0.1419399695515294
260.0120060030015	0.07298597484984602	0.14129838864167193
260.1450725362681	0.07279973589216791	0.14088863003382907
260.27813906953475	0.07300146900704454	0.1409300307826031
260.4112056028014	0.07269786052475137	0.14092560062398346
260.544272136068	0.07253778252180024	0.1412607253101907
260.6773386693347	0.07242776594089781	0.14096144733881627
260.8104052026013	0.07231595058909407	0.14054049128162194
260.94347173586794	0.0723129276103261	0.1400735015369693
261.0765382691346	0.0724240011276545	0.13982644483259302
261.2096048024012	0.07244648418356905	0.13971052877686407
261.34267133566783	0.07253496871996247	0.13997262487567308
261.47573786893446	0.07255726573477803	0.14013309180137196
261.6088044022011	0.07258245173340923	0.13998173668402636
261.7418709354677	0.07229730752877898	0.13982243983668685
261.87493746873434	0.0721579465107902	0.13999701221225497
262.008004002001	0.07248429538406401	0.1400038206065869
262.1410705352676	0.0728886388703997	0.13958524119499707
262.2741370685343	0.07275955748096793	0.13920921516763188
262.4072036018009	0.07284155771956817	0.13869813160386488
262.54027013506754	0.07313485871267923	0.1383903371777904
262.6733366683342	0.07282532432085603	0.13770167474229447
262.8064032016008	0.07299992367481728	0.13763128948865813
262.93946973486743	0.07289120190889349	0.1375804808971109
263.07253626813406	0.07297764813460343	0.13835657765260795
263.2056028014007	0.07306621107085014	0.13827232723803465
263.3386693346673	0.07320011190643051	0.13860187748800368
263.47173586793394	0.07309147258949895	0.13867028406954415
263.6048024012006	0.07293541348597928	0.1387826373901845
263.7378689344672	0.07297740612819359	0.1385608107503666
263.8709354677339	0.0730695520005825	0.13869301547502202
264.0040020010005	0.07262633736972593	0.13856076441120915
264.13706853426714	0.0726907271684138	0.13871364144183618
264.2701350675338	0.07258073484360819	0.13876193976528095
264.4032016008004	0.07268966387772015	0.13803426151394432
264.53626813406703	0.07288988720103923	0.13740899305950552
264.66933466733366	0.07286841707001433	0.13773941589855046
264.8024012006003	0.07289003911462605	0.137763128202188
264.9354677338669	0.07293486645140841	0.1378729081298902
265.06853426713354	0.07278031758613501	0.137985041281592
265.2016008004002	0.07264679301098213	0.13760911648788549
265.3346673336668	0.07271298601470388	0.1374747104778444
265.4677338669335	0.07273536975666069	0.1375643771101877
265.6008004002001	0.07282340809390599	0.1371424696052556
265.73386693346674	0.07331080271458822	0.13791767611472394
265.86693346673337	0.07339984901202906	0.13754180729862667
266.0	0.073156146179402	0.13794019933554819
