0.0	0.0	0.0
0.1330665332666333	2.4990121396499645e-09	5.7881832036137965e-09
0.2661330665332666	2.2193837291850168e-05	2.2180660892322708e-05
0.39919959979989994	6.646422522437574e-05	6.653347534046913e-05
0.5322661330665333	6.651830805637398e-05	0.000133019901250516
0.6653326663331666	0.00015530756903217382	0.00019953790430199002
0.7983991995997999	0.00028852453276830215	0.0003105084556784558
0.9314657328664332	0.0005323654090624239	0.00046561532095675467
1.0645322661330665	0.0007093288878210827	0.0005761913208482127
1.1975987993997	0.000864628889180392	0.0006650027879571086
1.3306653326663331	0.0010639786357013593	0.0007978038735180006
1.4637318659329663	0.001196698551418959	0.0008643679172116872
1.5967983991995998	0.0013747724945045378	0.0010422860695866252
1.7298649324662332	0.0016851774723974158	0.001218705172644973
1.8629314657328664	0.0019285180545120402	0.001263223116210962
1.9959979989994996	0.0021271283041230746	0.0014407482862030276
2.129064532266133	0.0022161313689714694	0.0015290263405369315
2.2621310655327664	0.002460488552329025	0.0017303494040920115
2.3951975987994	0.002614263511240722	0.0020843038083324193
2.528264132066033	0.002703601879279622	0.0022612047312286186
2.6613306653326663	0.002902969800457088	0.00254973174413512
2.7943971985992997	0.003036697893166402	0.002725389856308052
2.9274637318659327	0.0033017126242658756	0.0028367800265195857
3.060530265132566	0.0033457349915187234	0.003036353777218846
3.1935967983991995	0.0035452940996950327	0.003237631176444775
3.326663331665833	0.0035892055706027623	0.003682117574434506
3.4597298649324664	0.003813452692328779	0.00401194086536334
3.5927963981990994	0.004100548276223717	0.004210942383055005
3.7258629314657328	0.004277051220680604	0.00443265939291037
3.858929464732366	0.0044539366876263685	0.004632016806661784
3.991995997998999	0.004564177266555279	0.004877002641168072
4.125062531265633	0.004721103776535587	0.005164121153002814
4.258129064532266	0.004987529735120126	0.005317503731066165
4.391195597798899	0.005184901752507435	0.005427918410111233
4.524262131065533	0.005272543565179115	0.005516659588431942
4.657328664332166	0.005361862623834004	0.005674151451577527
4.7903951975988	0.005448750506516681	0.005939671517380515
4.923461730865433	0.005450267001069684	0.006070222695945109
5.056528264132066	0.005651920177533812	0.006182737297889979
5.1895947973986996	0.005851904057175694	0.0064051131033775405
5.3226613306653325	0.006093757662458152	0.00658109928077992
5.4557278639319655	0.006159054842406082	0.006713137497176323
5.588794397198599	0.0063158903205459095	0.006848523605877451
5.721860930465232	0.00642349899138136	0.007137742269215859
5.854927463731865	0.006424523492827097	0.0072865952869218915
5.987993996998499	0.006605873557470252	0.007244406607620041
6.121060530265132	0.006895762228836967	0.007492906271951268
6.254127063531766	0.007227176275781862	0.007710858685000843
6.387193596798399	0.007445839276490124	0.007821945259061271
6.520260130065032	0.007601137379990333	0.007951324112007371
6.653326663331666	0.007801463457431631	0.007885538509963624
6.786393196598299	0.007952563967763919	0.008020232415165893
6.919459729864933	0.007976291963752775	0.00808860051899417
7.052526263131566	0.008177694937744921	0.0083081616348064
7.185592796398199	0.008309326213142808	0.008284285889794827
7.318659329664833	0.008488419406416139	0.008444089408975005
7.4517258629314655	0.008687303987902193	0.0085962070915157
7.5847923961980985	0.008816630803362086	0.008686397524610664
7.717858929464732	0.008838728901628205	0.008911043618008112
7.850925462731365	0.008927969261517824	0.009129914753497285
7.983991995997998	0.008995768352349741	0.009286838886376856
8.117058529264632	0.009151244026884078	0.009576988920537521
8.250125062531266	0.009165813419167872	0.009793799341246608
8.383191595797898	0.009011961340778753	0.009905144707231594
8.516258129064532	0.009037947655948977	0.010081467576152445
8.649324662331166	0.009084207747579206	0.010097624873305922
8.782391195597798	0.009240857457527472	0.01008161917552326
8.915457728864432	0.009349520638261182	0.010329750464065875
9.048524262131066	0.009487564236922732	0.010526404889979113
9.181590795397698	0.009726840900682831	0.010679191555061666
9.314657328664332	0.00970002790443405	0.01076851440615248
9.447723861930966	0.009748032341298474	0.010948352170404
9.5807903951976	0.00983830391922682	0.01112368225617268
9.713856928464232	0.010019810444339448	0.011256898600578545
9.846923461730865	0.010212334002537828	0.011410789847791328
9.9799899949975	0.010190531334280844	0.011449325086673645
10.113056528264131	0.010397570127433475	0.011407226875498486
10.246123061530765	0.010615046729828331	0.011474080501212545
10.379189594797399	0.01074865495813436	0.01152430631024535
10.512256128064031	0.010922912413995008	0.011765649478638401
10.645322661330665	0.010917541889781286	0.011737017417533323
10.778389194597299	0.010971771883745195	0.011762649424166632
10.911455727863931	0.011236446308186746	0.0118075554118921
11.044522261130565	0.011323367887066168	0.011923629908032378
11.177588794397199	0.01149916329455873	0.012145692248524596
11.31065532766383	0.011544418781072706	0.01227306697719398
11.443721860930465	0.011720887567582026	0.012291638567811368
11.576788394197099	0.011766009194167691	0.012320300495508892
11.70985492746373	0.011891985100132228	0.012521384928542772
11.842921460730365	0.011710359454366404	0.012629042825086596
11.975987993996998	0.011720211140964418	0.012688938301093316
12.109054527263632	0.011758364839516408	0.01260239369986671
12.242121060530264	0.011645978126842142	0.012694432041196939
12.375187593796898	0.01165429658839791	0.012714507026195884
12.508254127063532	0.01186582812182097	0.012834408072390559
12.641320660330164	0.012136531707013648	0.013049718132802812
12.774387193596798	0.011959398566789018	0.013073181276675354
12.907453726863432	0.012143510725773222	0.013247647001951787
13.040520260130064	0.012086728973598103	0.01322652537966576
13.173586793396698	0.012003506084681956	0.013430970473098994
13.306653326663332	0.012027565982584858	0.013563643898954446
13.439719859929964	0.012026722441016883	0.013785771723337753
13.572786393196598	0.012050698688339963	0.01383835828034827
13.705852926463232	0.012095354738247726	0.013783390520121326
13.838919459729865	0.012165511135333155	0.014025848906124164
13.971985992996498	0.012297516974172126	0.014076919635870657
14.105052526263131	0.012388845102529049	0.014375512807098225
14.238119059529765	0.012538514475747324	0.014170748705088092
14.371185592796397	0.012515661187088939	0.014315748870993666
14.504252126063031	0.012604338705126252	0.014378795646995698
14.637318659329665	0.01258075235048035	0.014436512504717723
14.770385192596297	0.012599000387987915	0.014333657773708097
14.903451725862931	0.012489012728969903	0.014640980146833375
15.036518259129565	0.012566616862042688	0.014906736505944734
15.169584792396197	0.012694255908210167	0.01476860753721993
15.302651325662831	0.0127172409674748	0.014872845908440336
15.435717858929465	0.012828233751926372	0.015018598021737543
15.568784392196097	0.012846983477100664	0.015022840693245165
15.70185092546273	0.012894291171792176	0.015199797706286435
15.834917458729365	0.012986383067230538	0.015245771957522783
15.967983991995997	0.013065480908242283	0.015445847118740863
16.101050525262632	0.012977921061009276	0.015535397987410939
16.234117058529264	0.013102234483572403	0.015732878941471698
16.367183591795897	0.013271235392319303	0.015746587084469667
16.500250125062532	0.013294158097893352	0.01580052577799123
16.633316658329164	0.013453751540737902	0.015951234108240116
16.766383191595796	0.013560344308155758	0.015974430267999065
16.899449724862432	0.013702316949471088	0.016132970756259576
17.032516258129064	0.01391373473521024	0.016243760707681146
17.165582791395696	0.013862843277958718	0.01647661697393276
17.298649324662332	0.0139139519482754	0.016699577098634667
17.431715857928964	0.01398058340770835	0.016511111626551497
17.564782391195596	0.014070454032498764	0.016429651142657226
17.69784892446223	0.014158083883723865	0.016447379844549605
17.830915457728864	0.014249528659447114	0.016707754222458508
17.963981990995496	0.014300892787480791	0.016651191168115875
18.09704852426213	0.014205682445455765	0.01665693222395964
18.230115057528764	0.014499417858559828	0.016735755019662388
18.363181590795396	0.014501115224218201	0.017056829165316697
18.49624812406203	0.014467358203425804	0.017303799682985576
18.629314657328663	0.014632260453195592	0.017273996819921224
18.762381190595296	0.014749137795995602	0.017326788326279235
18.89544772386193	0.01466077376123003	0.017439414075724934
19.028514257128563	0.014706586407820329	0.01757468943994831
19.1615807903952	0.014662202431417186	0.01767356357525508
19.29464732366183	0.014707960193962318	0.017634550968880135
19.427713856928463	0.01470988459415678	0.017740801832463488
19.5607803901951	0.014828527008274407	0.017732057470356846
19.69384692346173	0.014983332182400751	0.018016820298507534
19.826913456728363	0.015113439420090493	0.0179844491392727
19.959979989995	0.01519858786455794	0.018052218885022175
20.09304652326163	0.015239826439587842	0.018059876597581626
20.226113056528263	0.01523562207989605	0.018234171342741176
20.3591795897949	0.015218731190874621	0.018232471199009587
20.49224612306153	0.015285430789751578	0.018370451240452466
20.625312656328163	0.015309340617206728	0.01859657142164987
20.758379189594798	0.015370042517602949	0.019085555324299192
20.89144572286143	0.01530115931368211	0.019052794095430436
21.024512256128062	0.01538804764648629	0.01931170686592527
21.157578789394698	0.015598642580430602	0.019368515592944863
21.29064532266133	0.015599490428947012	0.019145654899004067
21.423711855927962	0.015753287591616195	0.01905993153839951
21.556778389194598	0.015723941191432417	0.01890678644601329
21.68984492246123	0.015748167564051705	0.01897786984934194
21.822911455727862	0.015639087336348226	0.01932167585400414
21.955977988994498	0.0154092770220483	0.01950588755137438
22.08904452226113	0.015516110308464766	0.019307429540756958
22.222111055527762	0.01553726781582139	0.01938281672960295
22.355177588794398	0.015336345413806742	0.019332991602503867
22.48824412206103	0.015279069540447408	0.019389008913849495
22.62131065532766	0.015264616663671174	0.019497187870451644
22.754377188594297	0.015297297095482628	0.019509056192615195
22.88744372186093	0.015198172611442668	0.01941276873354172
23.02051025512756	0.015270460817404607	0.01939599610801027
23.153576788394197	0.015006375635770168	0.01965660870379397
23.28664332166083	0.015119797235010992	0.019649060052190165
23.41970985492746	0.015192139402499581	0.0197345536136751
23.552776388194097	0.015150265880734096	0.019608227834375845
23.68584292146073	0.0152516189741183	0.01948616858179275
23.818909454727365	0.01537620426013122	0.019605765593098606
23.951975987993997	0.015311710889805345	0.01987072258843215
24.08504252126063	0.015170020739893365	0.019753775219941892
24.218109054527265	0.015240822141395126	0.01985039451322215
24.351175587793897	0.015187902086033486	0.019819134430296703
24.48424212106053	0.015203706194804285	0.01979773946707918
24.617308654327164	0.015303942081680205	0.01978180592606287
24.750375187593797	0.015151718278196724	0.019907097995975568
24.88344172086043	0.014987259355539616	0.020073689187456962
25.016508254127064	0.01502715538274277	0.020035703367672002
25.149574787393696	0.015132112125089832	0.019920813904429485
25.28264132066033	0.015126226692023192	0.01981971433346658
25.415707853926964	0.015097936468591349	0.019877567561692674
25.548774387193596	0.015013376069500576	0.02001445297382009
25.68184092046023	0.015013689437304962	0.02008266432396405
25.814907453726864	0.01503185455959675	0.019946184537551412
25.947973986993496	0.015279775780942676	0.020023425095652077
26.081040520260128	0.015377574350535012	0.020278306764387726
26.214107053526764	0.01547174171341717	0.020262896802107914
26.347173586793396	0.01563332019445307	0.02029411228000377
26.480240120060028	0.015745098423634897	0.020330686680231982
26.613306653326664	0.015568278009095231	0.020314885277686698
26.746373186593296	0.015414392343437333	0.02043367279440739
26.879439719859928	0.015512787459842555	0.020571714522604173
27.012506253126563	0.01552280452990605	0.020711601417468417
27.145572786393195	0.015506590121387925	0.020722195876868042
27.278639319659828	0.015578954420273792	0.021007479031895666
27.411705852926463	0.015610581291103296	0.021317936506848233
27.544772386193095	0.015515640309552013	0.02159016297756211
27.67783891945973	0.015398182068830415	0.021667941604836278
27.810905452726363	0.015314623690026653	0.021760130438002376
27.943971985992995	0.015488273444039864	0.021845424062792097
28.07703851925963	0.015406083378921227	0.02191415353332905
28.210105052526263	0.015396811879382244	0.02205838842307546
28.343171585792895	0.015411147669685349	0.022252403659392715
28.47623811905953	0.0153747232622446	0.022331429164713278
28.609304652326163	0.015437334716591193	0.022342051530914772
28.742371185592795	0.015453632113023613	0.0222508774890484
28.87543771885943	0.01567329122391119	0.022242187883348606
29.008504252126063	0.01567978697293668	0.022278035397454272
29.141570785392695	0.015678147429059923	0.02215112531446311
29.27463731865933	0.015633659523490846	0.0220379939600154
29.407703851925962	0.015639061123683344	0.02207686109479001
29.540770385192594	0.01563058460967804	0.022024600196368337
29.67383691845923	0.015568324569715585	0.022176487870215505
29.806903451725862	0.015564642405421924	0.02218421307158833
29.939969984992494	0.015595570439667193	0.022322243795539036
30.07303651825913	0.015870279276326053	0.02218962409332194
30.206103051525762	0.015810957536544244	0.02235113752091646
30.339169584792394	0.015861412611396807	0.022449348504686367
30.47223611805903	0.01586221504556779	0.02226544877980138
30.605302651325662	0.015930940715622118	0.022238495551867125
30.738369184592294	0.0159159830588428	0.022233134349834857
30.87143571785893	0.015861428423343413	0.02215869295015973
31.00450225112556	0.01589492788291779	0.02201681311871743
31.137568784392194	0.01582093022857948	0.02187662179031001
31.27063531765883	0.01595055147035791	0.02194099604024249
31.40370185092546	0.015843137816212063	0.02207540579378949
31.536768384192094	0.01576368985256577	0.022086238201371806
31.66983491745873	0.015718937836415658	0.0218959755976032
31.80290145072536	0.015712369474968322	0.022018909454585785
31.935967983991993	0.01585204980480851	0.022175784168849792
32.06903451725863	0.01596070093512237	0.022149535708286126
32.202101050525265	0.016034846292478876	0.022256032176082095
32.33516758379189	0.015927538638686272	0.022405878154229977
32.46823411705853	0.015715523983859003	0.022460832223448534
32.601300650325165	0.015581386846791792	0.0224565996202179
32.73436718359179	0.015718893734448777	0.022463821387708395
32.86743371685843	0.01563514699101177	0.022595681472679978
33.000500250125064	0.016035287254615428	0.022775818542674877
33.13356678339169	0.01619934027625142	0.022810188960309955
33.26663331665833	0.016144358526029398	0.023089645707850597
33.399699849924964	0.015902267140507357	0.023243223478472717
33.53276638319159	0.01586350971891356	0.02315733195050211
33.66583291645823	0.015900462577297103	0.02294725974407157
33.798899449724864	0.01582560957173381	0.023206405371712025
33.93196598299149	0.015763180337821495	0.02336709225007253
34.06503251625813	0.015784158167783724	0.023297245077892176
34.198099049524764	0.015939924284367094	0.023320290312165485
34.33116558279139	0.015996760230902383	0.023340860255318233
34.46423211605803	0.015975479538765082	0.023439595826083647
34.597298649324664	0.015793764823388696	0.023162476821963294
34.73036518259129	0.01578663600036589	0.023190440373399613
34.86343171585793	0.015897681709367166	0.02334854460611968
34.99649824912456	0.015791376508216905	0.02333388743322757
35.12956478239119	0.015887884830648277	0.02342325365280858
35.26263131565783	0.015817300472347865	0.02327509275424911
35.39569784892446	0.015760862502021016	0.02343798566185844
35.52876438219109	0.015970894265031597	0.023575901060655557
35.66183091545773	0.01600290243759269	0.023520195534733924
35.79489744872436	0.01589320340933324	0.02336324293405182
35.92796398199099	0.0158792028696943	0.023502455149000664
36.06103051525763	0.01588687372394678	0.023612199163507652
36.19409704852426	0.01592004404857531	0.023494389099197044
36.32716358179089	0.015855604180479568	0.02337120891395406
36.46023011505753	0.01584957168835462	0.02354671142847362
36.59329664832416	0.015766047495691007	0.023568658285143967
36.72636318159079	0.015760660074990576	0.02350301576723018
36.85942971485743	0.015614051684235578	0.023841418647970354
36.99249624812406	0.015526219482119673	0.02387367370080283
37.12556278139069	0.015540182652740769	0.023975595036236027
37.25862931465733	0.015424768710058169	0.02416167846917689
37.39169584792396	0.015357640769867825	0.024024645280369215
37.52476238119059	0.015315308500371003	0.024207080699269908
37.65782891445723	0.015512887287968138	0.02440566866573577
37.79089544772386	0.01567356942653148	0.02423182787686401
37.92396198099049	0.015666947744037582	0.02431368036273042
38.05702851425713	0.015666411929318398	0.024574120329717675
38.19009504752376	0.016009726208625695	0.024452113220629353
38.3231615807904	0.016097224017244463	0.02441870813944355
38.456228114057026	0.01606357444242868	0.024624519218468914
38.58929464732366	0.016153801313156368	0.024810450674063726
38.7223611805903	0.016142965703976775	0.02473311408084516
38.855427713856926	0.016184958706746265	0.024703589119387068
38.98849424712356	0.01631221735954504	0.024606741132258164
39.1215607803902	0.0162907085267342	0.024779352849293147
39.254627313656826	0.01629965725682082	0.02493067978650758
39.38769384692346	0.01646492069309985	0.02494383842385092
39.5207603801901	0.016469049312290034	0.025288651017603348
39.653826913456726	0.01659639981167751	0.025016196508435767
39.78689344672336	0.016565138518769132	0.02507567685344633
39.91995997999	0.016659685813854252	0.024803854159906033
40.053026513256626	0.016857640861422878	0.024842622560465127
40.18609304652326	0.016951810187926214	0.02493012026669891
40.3191595797899	0.016961955893247966	0.024984884894587434
40.452226113056525	0.016981358362100626	0.02495628776012051
40.58529264632316	0.017108707682358993	0.024903358961234832
40.7183591795898	0.017195852638231632	0.024858074402403545
40.851425712856425	0.01725839692429852	0.024874300874537528
40.98449224612306	0.016937586657755545	0.024648693991427245
41.1175587793897	0.017069251794868977	0.02460369413499388
41.250625312656325	0.01692743839541187	0.024686657064439173
41.38369184592296	0.017148009727564306	0.024902521593522332
41.516758379189596	0.01715209527703557	0.024857721931225256
41.649824912456225	0.017036793439923967	0.024931701812368832
41.78289144572286	0.016990867631929536	0.024861434334707857
41.915957978989496	0.01700016400276321	0.02501704528272109
42.049024512256125	0.01691898940875891	0.025011237390673253
42.18209104552276	0.0170424727044675	0.02510814666274839
42.315157578789396	0.017225974468390585	0.025205658884306193
42.448224112056025	0.017259713489858997	0.02538713984298003
42.58129064532266	0.017402958093496075	0.025471217960571647
42.714357178589296	0.017661344434263662	0.02545237751986986
42.847423711855924	0.01785100162550196	0.0255962785483457
42.98049024512256	0.01805160819600131	0.025831421304917272
43.113556778389196	0.017932495931826678	0.02592436032789208
43.246623311655824	0.017993939647883372	0.026095969147967094
43.37968984492246	0.01804227340462829	0.02637593839413203
43.512756378189096	0.018156964915275617	0.026323387875568975
43.645822911455724	0.01824076940438144	0.026385846894781906
43.77888944472236	0.01823091716173584	0.026641739513262153
43.911955977988995	0.018116462300305527	0.02674894734695557
44.045022511255624	0.018189360494930633	0.02673531159903618
44.17808904452226	0.01826113338402472	0.02694909721321146
44.311155577788895	0.01845680702074911	0.026934971340248463
44.444222111055524	0.01830578929261786	0.027081197690201928
44.57728864432216	0.018137580015205337	0.027319961579071725
44.710355177588795	0.018076751064021773	0.027429225261724595
44.843421710855424	0.018114877805623594	0.027510360656043658
44.97648824412206	0.018108133372773977	0.027582389030290214
45.109554777388695	0.01821198150508681	0.027432268665223112
45.24262131065532	0.018181350575570143	0.0273921445845167
45.37568784392196	0.01821354453838861	0.027142775012836896
45.508754377188595	0.018222672443488904	0.02705611534029135
45.64182091045522	0.018181419267347815	0.02701701376231791
45.77488744372186	0.018179491333370403	0.02688466175112225
45.907953976988495	0.018097008625091927	0.026666121034946734
46.04102051025512	0.01799759279766821	0.026813789971629958
46.17408704352176	0.018015306256402998	0.026801366105778088
46.307153576788394	0.0180158961312063	0.026921133859384133
46.44022011005502	0.017903851822017796	0.027148841512622382
46.57328664332166	0.017940102722175628	0.027229359486611773
46.706353176588294	0.018057451207084907	0.027173228434922776
46.83941970985492	0.018025459841034406	0.027443834299810094
46.97248624312156	0.01798976381252621	0.02754951612502322
47.105552776388194	0.017961524656720393	0.027407538587515653
47.23861930965483	0.018092038071222703	0.027283081562082378
47.37168584292146	0.017976321359575474	0.02730242433458695
47.504752376188094	0.01793398596813674	0.027132458419979723
47.63781890945473	0.01771497905853009	0.02697523202564477
47.77088544272136	0.01770219813305211	0.027008255352399306
47.903951975987994	0.017715846915032068	0.02680529210152223
48.03701850925463	0.0176620379811599	0.026825614761277417
48.17008504252126	0.017598580445195414	0.02717016535180582
48.30315157578789	0.017592060541419048	0.02705127081333161
48.43621810905453	0.01759585939424212	0.02671576293428461
48.56928464232116	0.017515468948221626	0.026666582596075558
48.70235117558779	0.01750652396117538	0.026666651521327297
48.83541770885443	0.017466914080136734	0.026740253835260956
48.96848424212106	0.017634704680516373	0.02683128208070254
49.10155077538769	0.01777718856742221	0.026781530414631237
49.23461730865433	0.017920514151937104	0.026985673277090616
49.36768384192096	0.017881203709952786	0.02687033746115744
49.50075037518759	0.018077798913230154	0.026873273464406235
49.63381690845423	0.018187600895204378	0.02684334591627056
49.76688344172086	0.017982848394456852	0.026656392654514645
49.89994997498749	0.017991574318933716	0.026687435569286776
50.03301650825413	0.018006409188250756	0.026812710877722717
50.16608304152076	0.018011243274267008	0.026541780537153198
50.29914957478739	0.01809954062807188	0.02673127324370143
50.43221610805403	0.018176999665821213	0.026853298773994803
50.56528264132066	0.018088947891987395	0.026985482263939972
50.69834917458729	0.018047561965715383	0.027231456078430496
50.83141570785393	0.017875698459293893	0.0271849309501801
50.96448224112056	0.01791991963127218	0.02725546889648241
51.09754877438719	0.01804214140783037	0.02707447771393883
51.23061530765383	0.018013455437774262	0.027001465746575155
51.36368184092046	0.017928210059611923	0.027083347217677713
51.49674837418709	0.017924851241249394	0.0271718014510022
51.62981490745373	0.018004407700672	0.02733118408929982
51.762881440720356	0.018040845443103148	0.027489635928160214
51.89594797398699	0.017992138988318043	0.027487070359595106
52.02901450725363	0.018119535255300447	0.02765571343000234
52.162081040520256	0.01819341566062213	0.027530771172804117
52.29514757378689	0.018277150429418212	0.027253443727155886
52.42821410705353	0.01842765028913892	0.027034263748979964
52.561280640320156	0.018438591580333303	0.02690174931560625
52.69434717358679	0.01845647976068077	0.02679731596690696
52.82741370685343	0.018573839379208847	0.02685026730532418
52.960480240120056	0.018476103028896948	0.0268802852342705
53.09354677338669	0.018597761641282896	0.026964408214194772
53.22661330665333	0.01860876749511984	0.02705917320906799
53.359679839919956	0.018582940416315016	0.027269735136293004
53.49274637318659	0.018537336636114156	0.027432847940987534
53.62581290645323	0.018635178422568816	0.02763610893822941
53.758879439719855	0.018521772682847	0.02743080797675153
53.89194597298649	0.018669965672943694	0.027400817398967343
54.02501250625313	0.01877865298280855	0.027345716253474293
54.158079039519755	0.01901437926750417	0.027213916362374937
54.29114557278639	0.019002622208400603	0.02719751760353955
54.42421210605303	0.01887692263188017	0.02697431318600413
54.557278639319655	0.01891291924583176	0.02694274948389669
54.69034517258629	0.018979076602764565	0.027076715545888048
54.823411705852926	0.018897840613219506	0.026997023398498625
54.956478239119555	0.018797238521180756	0.02719525566595002
55.08954477238619	0.018762658181211454	0.027101301238580323
55.222611305652826	0.01892875270455101	0.02706007079244249
55.35567783891946	0.01896193859309596	0.02719238798837208
55.48874437218609	0.01902433307493231	0.02719946567903606
55.621810905452726	0.018864712352933577	0.02722682752205219
55.75487743871936	0.019060567579850737	0.02724347021673946
55.88794397198599	0.019232572717726423	0.02732239123813091
56.021010505252626	0.019131909580115163	0.027474913398856146
56.15407703851926	0.019068359138340693	0.027435653414572457
56.28714357178589	0.01913534959669215	0.027364887379990818
56.420210105052526	0.019247204715639867	0.027122878053553245
56.55327663831916	0.01924673423477183	0.027078082846406448
56.68634317158579	0.01912588939389109	0.027316773698508597
56.819409704852426	0.019171369501994884	0.027334525258865844
56.95247623811906	0.019245342159461675	0.02726968740457941
57.08554277138569	0.019240183839074835	0.02718065310243771
57.218609304652325	0.01911449860798263	0.02739661208041557
57.35167583791896	0.019178021070980798	0.0273388766168593
57.48474237118559	0.019146625382421917	0.02733927352674716
57.617808904452225	0.019150784994512192	0.027340114672238798
57.75087543771886	0.0190393631066959	0.02733220380921188
57.88394197098549	0.019234057746481986	0.027440770910388178
58.017008504252125	0.019313128934221022	0.027333330379080645
58.15007503751876	0.01929479876899203	0.027108584491726914
58.28314157078539	0.01910615187275476	0.02686864663126255
58.416208104052025	0.019107571549727923	0.02716062102827197
58.54927463731866	0.01887429513423137	0.026982695257433482
58.68234117058529	0.018790668393310124	0.026895795198948205
58.815407703851925	0.018760572552148223	0.027069273539481596
58.94847423711856	0.018785516876371658	0.02696712392150604
59.08154077038519	0.01873702012917606	0.02708500641060387
59.214607303651825	0.01863669305868578	0.027157387547602527
59.34767383691846	0.01870351459329195	0.02704143514670521
59.48074037018509	0.018844501088795575	0.02707668973586963
59.613806903451724	0.01888259868149133	0.026956276923411848
59.74687343671836	0.018865031267217548	0.026931177939376234
59.87993996998499	0.018722419814190927	0.027016587741199537
60.013006503251624	0.018660708055310924	0.027202331515778836
60.14607303651826	0.018494930485107246	0.027176326910766775
60.27913956978489	0.018580075564220144	0.027029204573473756
60.412206103051524	0.018683428536779838	0.026878336618775717
60.54527263631816	0.01861475180477905	0.026789629503837738
60.67833916958479	0.01872678532042427	0.026729304414601838
60.811405702851424	0.018638156362155652	0.026561519884696173
60.94447223611806	0.018649148057343364	0.026413810327626824
61.07753876938469	0.018784402096973553	0.02632325443452102
61.210605302651324	0.018624024253597153	0.026268646743159683
61.34367183591796	0.018721815957916756	0.026202411827204366
61.47673836918459	0.018577382486384478	0.026293937854269447
61.60980490245122	0.018571175447587594	0.026360799371626328
61.74287143571786	0.018851252952236906	0.026237619752629206
61.87593796898449	0.01867421869274515	0.026054244780117974
62.00900450225112	0.01842823775971058	0.026139748448937378
62.14207103551776	0.018402111791892516	0.026166276950608358
62.27513756878439	0.018505385412485607	0.02620380729349096
62.40820410205102	0.018405781312019615	0.02637889705778357
62.54127063531766	0.018221563367514567	0.026333780410408285
62.67433716858429	0.01830164366471195	0.02655825996030019
62.80740370185092	0.01844028999962264	0.026534449061898297
62.94047023511756	0.01834230162295027	0.02645929432350945
63.07353676838419	0.01843706228127053	0.02668700838831439
63.20660330165082	0.0184354822773763	0.026728201044141506
63.33966983491746	0.01846736222081531	0.0268927861661968
63.47273636818409	0.01842373801949763	0.026903854656658496
63.60580290145072	0.018421420223444906	0.027193738782098596
63.73886943471736	0.01837227908822447	0.027242024573805097
63.87193596798399	0.018325381306242162	0.027374953696500746
64.00500250125063	0.018380815780035926	0.02779601299520327
64.13806903451726	0.018429905362400807	0.02778452984634754
64.27113556778389	0.018303392945574714	0.02812598973390243
64.40420210105053	0.01861779637442804	0.02797495680431502
64.53726863431716	0.018541810646012208	0.02773326915125179
64.67033516758379	0.018411318163745662	0.02768654295437854
64.80340170085043	0.01862404388559741	0.0277574763060455
64.93646823411706	0.0186274230863443	0.027937900800554027
65.06953476738369	0.018872033402004076	0.028150761068027327
65.20260130065033	0.01895353736125404	0.028123177250074606
65.33566783391696	0.018790955659266143	0.027947988114742982
65.46873436718359	0.01886704297996392	0.028055679266204038
65.60180090045023	0.018895664352185107	0.02811630589424539
65.73486743371686	0.018929417878169832	0.028216242523754258
65.86793396698349	0.018949132395493232	0.028224388105247487
66.00100050025013	0.018970080297030085	0.028315380217276184
66.13406703351676	0.019137671780872917	0.02821475186739265
66.26713356678339	0.019087291861422297	0.028258798293980623
66.40020010005003	0.01907322083092957	0.0282579849409252
66.53326663331666	0.01918608723596	0.02823430847713424
66.66633316658329	0.019125253180307927	0.028022146896799573
66.79939969984993	0.019193973759603338	0.027973431276504715
66.93246623311656	0.01937979635815297	0.027820278838334964
67.06553276638319	0.019391997039071563	0.02790816611857978
67.19859929964983	0.01917633672385696	0.027867013051497608
67.33166583291646	0.01912395222985107	0.0278139643129776
67.46473236618309	0.019230696188952276	0.027540504075807222
67.59779889944973	0.01939065885749288	0.027418866414949002
67.73086543271636	0.019504779198325186	0.027592695321352317
67.86393196598299	0.019510894294994443	0.028004932585419664
67.99699849924963	0.019618363887474094	0.027944280212616437
68.13006503251626	0.019389189568476083	0.02792222846426865
68.26313156578288	0.01950724922578494	0.027962513998136092
68.39619809904953	0.019634016042871648	0.02782332704698869
68.52926463231616	0.019535002426262726	0.027574381433396897
68.66233116558278	0.019564534167790117	0.027341124708096364
68.79539769884943	0.019447835594885082	0.027437190688637578
68.92846423211606	0.019369677814932883	0.027488908857962072
69.06153076538268	0.019387661312933437	0.02754345690293109
69.19459729864933	0.01959296294605693	0.027398946196115576
69.32766383191596	0.019486107069931195	0.027297511272215122
69.46073036518258	0.019434705381107885	0.027275008736896037
69.59379689844923	0.019303820329611535	0.027291918636051585
69.72686343171586	0.019231732234202135	0.02745976032926607
69.85992996498248	0.019348882634804054	0.027587021321357874
69.99299649824913	0.019240184206495137	0.027671727943323825
70.12606303151576	0.019259458222444743	0.02770765998204677
70.25912956478238	0.01928762261963899	0.027865090155848867
70.39219609804903	0.019428763625285433	0.02794913424210803
70.52526263131566	0.019475843507066517	0.0278615308151417
70.65832916458228	0.0196471473328495	0.027853738918804213
70.79139569784893	0.01954685218944032	0.027869060014779047
70.92446223111556	0.019540551077252624	0.02769662938697481
71.05752876438218	0.01941307770101472	0.027650727578590467
71.19059529764883	0.019399714549464413	0.027954134969891666
71.32366183091546	0.019557688098719602	0.02813697960608819
71.45672836418208	0.01952105858916897	0.027940930390433983
71.58979489744873	0.019370389354576394	0.027857516566969668
71.72286143071535	0.01949229288923703	0.028010881722081746
71.85592796398198	0.019375110189472702	0.02790869600996673
71.98899449724863	0.019365568975508153	0.027970625883166834
72.12206103051525	0.019323307904916178	0.02793662806187789
72.25512756378188	0.01922415549754011	0.028007296722537944
72.38819409704853	0.019361269205233126	0.0279809870110959
72.52126063031515	0.019579897701250466	0.027955003954402303
72.65432716358178	0.019762284958236856	0.028060755401898337
72.78739369684843	0.019734504648360275	0.028287464309318947
72.92046023011505	0.01974338245323867	0.028552212371869612
73.05352676338168	0.01984756890882439	0.028699390663301065
73.18659329664833	0.019842713677807364	0.028712941885657563
73.31965982991495	0.019903172050327926	0.028801816986255096
73.45272636318158	0.01980001766929373	0.02885508850162621
73.58579289644823	0.019777543223229894	0.02867141817197731
73.71885942971485	0.019731099596497565	0.02845626009462511
73.85192596298148	0.019666693094362673	0.028455880414028332
73.98499249624813	0.019732263667223457	0.028450343961080215
74.11805902951475	0.01970284756465476	0.0286117656349101
74.25112556278138	0.019677300451519733	0.02885313663599115
74.38419209604803	0.01980689733108158	0.028908780339354453
74.51725862931465	0.019611290850233113	0.028791978901684598
74.65032516258128	0.019481752564387163	0.028859995035551925
74.78339169584793	0.019626225918774484	0.02911395921849955
74.91645822911455	0.019664591660634414	0.029274507237416234
75.04952476238118	0.019801974709359835	0.02949129897190269
75.18259129564782	0.0199435720256922	0.02997491046693974
75.31565782891445	0.02006412059066074	0.030003940763699454
75.44872436218108	0.020164699672446253	0.0299265396201167
75.58179089544772	0.020253197104104517	0.0300015606485009
75.71485742871435	0.02036319561339623	0.029975328943018645
75.84792396198098	0.02030910677566535	0.02994135714951227
75.98099049524762	0.020386133023224316	0.030085427537027705
76.11405702851425	0.020365101078042732	0.030258263116068
76.24712356178088	0.02048892101486345	0.030184825568259927
76.38019009504752	0.020456298058877803	0.030201213642255125
76.51325662831415	0.020445206734348534	0.030222836341279573
76.6463231615808	0.020163320718500185	0.030366049053399728
76.77938969484742	0.020087461558578358	0.03041043217278659
76.91245622811405	0.020130406669995493	0.030483425338580027
77.0455227613807	0.020110812136711162	0.030335961170890314
77.17858929464732	0.020268220191374545	0.030007548127698774
77.31165582791395	0.020203415511785176	0.029935511073417288
77.4447223611806	0.02027474725228774	0.0302362149141457
77.57778889444722	0.02017315166135278	0.03045172558977351
77.71085542771385	0.020103614038360716	0.030555048531423254
77.8439219609805	0.02022238427681404	0.0307390808959098
77.97698849424712	0.020209214739719737	0.030856223024323778
78.11005502751375	0.02021730623981618	0.030893053419228014
78.2431215607804	0.020262500790276212	0.030962024294207684
78.37618809404702	0.02016157573394183	0.030848340986974827
78.50925462731365	0.020031192681307836	0.03085106594863815
78.6423211605803	0.0200701943463049	0.030759614021445076
78.77538769384692	0.020158142890904316	0.030975576535243816
78.90845422711355	0.020026593842803368	0.03129678084410254
79.0415207603802	0.019996908867036988	0.03141511846275556
79.17458729364682	0.019795413761676935	0.03128380640195118
79.30765382691345	0.019708280094577542	0.030912656337588065
79.4407203601801	0.019853736107151743	0.030885555467710234
79.57378689344672	0.01986180676501779	0.030975214116700973
79.70685342671335	0.019937439367728124	0.031023869081671637
79.83991995998	0.020042397608333883	0.030938288017390715
79.97298649324662	0.01996606838546334	0.031080757673455986
80.10605302651325	0.020081971869086303	0.031201125177265733
80.2391195597799	0.020197771464224672	0.031019741065125266
80.37218609304652	0.020121430183767268	0.031176854109416834
80.50525262631315	0.0201352342226806	0.031052493859481323
80.6383191595798	0.02003697172711711	0.030975736094617165
80.77138569284642	0.01998422922733293	0.030798865799366137
80.90445222611305	0.020087915872548812	0.03063334435765729
81.0375187593797	0.02010864090687036	0.03089709433293679
81.17058529264632	0.02026211241293946	0.03107129976624077
81.30365182591295	0.02024580694980722	0.031231511007227895
81.4367183591796	0.02026129798592014	0.0312263734210355
81.56978489244622	0.02009871580939772	0.03128358984668744
81.70285142571285	0.01986524498848797	0.031527981053695496
81.8359179589795	0.019906121719963525	0.03168416078536748
81.96898449224612	0.020012572180402043	0.03157452748965813
82.10205102551275	0.019949230706706945	0.0315031809430828
82.2351175587794	0.01987155976665819	0.03141003627306161
82.36818409204602	0.01973305568248542	0.03140509309742269
82.50125062531265	0.019651168257447872	0.03130782689998413
82.6343171585793	0.019745027537812026	0.03151532656554647
82.76738369184592	0.019622596968547613	0.03140930078143915
82.90045022511255	0.019576696145767625	0.03146264885782693
83.03351675837919	0.019551205370356414	0.031310986383860206
83.16658329164582	0.019592804702284736	0.031163368919261428
83.29964982491245	0.019621373210443393	0.031137626792944153
83.43271635817909	0.019790961914214013	0.03111517392924463
83.56578289144572	0.019840797865216357	0.03087553236783062
83.69884942471235	0.019803878030177528	0.03061022607107508
83.83191595797899	0.01961605036232177	0.030401118846076033
83.96498249124562	0.019502231126898376	0.0305395872743383
84.09804902451225	0.019384491401768986	0.030595548963729676
84.23111555777889	0.019501007233228836	0.0305699966923582
84.36418209104552	0.019651782311121406	0.030549176825549945
84.49724862431215	0.01935472789556831	0.030498920097566506
84.63031515757879	0.019367453988308816	0.030423299536690134
84.76338169084542	0.019407639710721316	0.030552248216891495
84.89644822411205	0.019272657381856132	0.03050269155996894
85.02951475737869	0.019223121459657412	0.03059940734966649
85.16258129064532	0.019261122080567756	0.030829564244892776
85.29564782391195	0.01925371791476827	0.030614521706800568
85.42871435717859	0.01918442981665332	0.030468657817166653
85.56178089044522	0.019199427257510625	0.030443194227045202
85.69484742371185	0.019305062458767314	0.030594899225637687
85.82791395697849	0.01925996416961421	0.03056276968658868
85.96098049024512	0.01918308095051203	0.030421311622956904
86.09404702351175	0.019298180582193583	0.030506214613983552
86.22711355677839	0.019180113533561954	0.030663780527481727
86.36018009004502	0.019155640642948904	0.030444785870130255
86.49324662331165	0.01913572971258758	0.03053712755683742
86.62631315657829	0.019080720074197997	0.030742488393918757
86.75937968984492	0.01921306351229494	0.030859341875238144
86.89244622311155	0.01924168393388881	0.031071067193365002
87.02551275637819	0.019436837707003014	0.0315137915592321
87.15857928964482	0.01958606665282345	0.03138845592618121
87.29164582291145	0.01962452809070946	0.031494870509682464
87.42471235617809	0.019507391279044838	0.03162260309185885
87.55777888944472	0.019542376275923402	0.03162246452948478
87.69084542271135	0.0196047798121744	0.031624459054956575
87.82391195597799	0.019623756023194563	0.031746043001938465
87.95697848924462	0.01976090626940059	0.031570341779531844
88.09004502251125	0.019819885319295974	0.031453897355006505
88.22311155577789	0.019812611538129556	0.031528453620290074
88.35617808904452	0.019677288752392195	0.03156938660310925
88.48924462231115	0.019352943817573316	0.031671301588680825
88.62231115557779	0.01931141353740799	0.031501226533716314
88.75537768884442	0.019313065674541646	0.0312711464232697
88.88844422211105	0.01920907193038573	0.031276851287723804
89.02151075537769	0.0190239165102948	0.03119256343285981
89.15457728864432	0.018972836977599137	0.03106345701221549
89.28764382191095	0.019052329856733437	0.030970989116842654
89.42071035517759	0.01907665515892722	0.03110747231011592
89.55377688844422	0.01894162331108335	0.030921965851334186
89.68684342171085	0.019010123694151344	0.030777711063778072
89.81990995497749	0.019102696974852406	0.03101182730090478
89.95297648824412	0.019120681222755374	0.03112423410116947
90.08604302151075	0.019061892792642057	0.03104246314219821
90.21910955477739	0.01912451421281961	0.031090228876298306
90.35217608804402	0.019239057480251755	0.03078868490497088
90.48524262131065	0.01914334880545076	0.030730695381596142
90.61830915457729	0.018918979972643604	0.030915312621641617
90.75137568784392	0.018854530071205515	0.03111964611464728
90.88444222111055	0.018785234456952557	0.03107948471703192
91.01750875437719	0.01882712737171878	0.03106182042008219
91.15057528764382	0.018745942567003952	0.031128770305107877
91.28364182091045	0.018742641597138926	0.03102898387335666
91.41670835417709	0.018742232374003704	0.030935224799685593
91.54977488744372	0.018660767563285687	0.030914662751037287
91.68284142071035	0.018914521125884532	0.031098927018832757
91.81590795397699	0.01907036606427555	0.03115832469723899
91.94897448724362	0.018885463045350374	0.031188144999019115
92.08204102051025	0.018819953913312478	0.031130439732147065
92.21510755377689	0.019016263383724332	0.03101108686031739
92.34817408704352	0.019051858209861352	0.030854874418169358
92.48124062031015	0.018924032113167413	0.030818805201929655
92.61430715357679	0.01886023494229039	0.030933009198896154
92.74737368684342	0.018887320829586003	0.030930063380456053
92.88044022011005	0.01928077230190743	0.03101909883532734
93.01350675337669	0.019460697466093215	0.03104633436999969
93.14657328664332	0.019337478613161898	0.0312654634639057
93.27963981990995	0.019170719209899396	0.031726926271541264
93.41270635317659	0.019399711550870894	0.031620586719343806
93.54577288644322	0.019566824220409562	0.031244857876445632
93.67883941970985	0.019498013288653544	0.031019888628305153
93.81190595297649	0.01947578223610193	0.030879411577472614
93.94497248624312	0.01944361753856373	0.030932576361543496
94.07803901950976	0.01938260342866278	0.03097508015567097
94.21110555277639	0.019316816765017526	0.031048077813455158
94.34417208604302	0.019252446791601225	0.031037688095099526
94.47723861930966	0.0191419858098268	0.031261660709436256
94.61030515257629	0.01931026754499794	0.031197943132989153
94.74337168584292	0.019325925270583157	0.031189081385629994
94.87643821910956	0.019301695401331472	0.03127885087919993
95.00950475237619	0.019532039206710004	0.03111040175256599
95.14257128564282	0.019617411689525084	0.031084333020293058
95.27563781890946	0.019588374539862608	0.0311257626184991
95.40870435217609	0.019562169979967643	0.031108771307388355
95.54177088544272	0.019450136114777358	0.030990535762537286
95.67483741870936	0.019486067338202705	0.03117874368117645
95.80790395197599	0.019579195782695673	0.03161884944722354
95.94097048524262	0.019653210612736727	0.03165381555224543
96.07403701850926	0.019710659059217615	0.03154912940268396
96.20710355177589	0.019765491762731076	0.03136504028173995
96.34017008504252	0.01971443599230018	0.03155733991988198
96.47323661830916	0.019829219655062288	0.03143189877886582
96.60630315157579	0.019827635253102046	0.03120025046410161
96.73936968484242	0.01972242286005291	0.03127784236842387
96.87243621810906	0.019719074658664557	0.031294775761129705
97.00550275137569	0.01964536724117942	0.03119211057595101
97.13856928464232	0.019617031714589468	0.031089297361195853
97.27163581790896	0.019641994394834904	0.03129301283989775
97.40470235117559	0.019716467299163768	0.031402810761367146
97.53776888444222	0.019661327245304446	0.031229185605454984
97.67083541770886	0.019588732345997825	0.03120021539092511
97.80390195097549	0.019650313939401892	0.03117713491154435
97.93696848424212	0.01955574495010471	0.03127096651732703
98.07003501750876	0.019536703088780232	0.03152009426336305
98.20310155077539	0.019611148397249936	0.03164536995077434
98.33616808404201	0.019662412723783603	0.031614586540796845
98.46923461730866	0.019683078060446	0.03160792701464117
98.60230115057529	0.019587486988684677	0.031476357081545676
98.73536768384191	0.019601475312192015	0.031391564890468085
98.86843421710856	0.01955859081341578	0.0315591732224916
99.00150075037519	0.019537253404692707	0.031602026115376367
99.13456728364181	0.019508072504830852	0.03173889753069383
99.26763381690846	0.019422043934232747	0.031712495099955856
99.40070035017509	0.019396715417033628	0.031605660347206896
99.53376688344171	0.019477239912379492	0.0318577033600528
99.66683341670836	0.019675075821722413	0.03197074229012115
99.79989994997499	0.019826412575210322	0.03197245704800566
99.93296648324161	0.019979887267448995	0.0319484129457833
100.06603301650826	0.020070227682783808	0.031849097560013126
100.19909954977489	0.02016743612040416	0.031798235406490453
100.33216608304151	0.02038763616983687	0.03171281505804114
100.46523261630816	0.020433544332605674	0.03169766393173953
100.59829914957479	0.020374469929193856	0.0317904476092524
100.73136568284141	0.020267164823631095	0.031947319625525085
100.86443221610806	0.020320044707404505	0.03195921844145468
100.99749874937469	0.020337604540784752	0.03192844872689297
101.13056528264131	0.020158629143070646	0.032002729114961694
101.26363181590796	0.02014264686748079	0.031990589188268186
101.39669834917459	0.020213045904565803	0.031944493275955256
101.52976488244121	0.020044891735405884	0.031888449703307606
101.66283141570786	0.020068724061810126	0.03178085316561572
101.79589794897448	0.020057301041696132	0.03163886034141558
101.92896448224111	0.019825608574339095	0.03164687886658734
102.06203101550776	0.019676939887039793	0.031638449560468594
102.19509754877438	0.019779500338108953	0.031506514080483564
102.32816408204101	0.01987867767544012	0.031531141727372584
102.46123061530766	0.01991476119120266	0.03142946423373868
102.59429714857428	0.019912700699569644	0.03138213948719835
102.72736368184091	0.019782353037326828	0.0313066636275532
102.86043021510756	0.01973976394417541	0.031304833101494796
102.99349674837418	0.01987827065556468	0.031510062237490304
103.12656328164081	0.019794511550629498	0.031533020238287315
103.25962981490746	0.019719594199872476	0.0315180365944607
103.39269634817408	0.01966040956208515	0.03150159178378457
103.52576288144071	0.01972636678399308	0.031529732298228745
103.65882941470736	0.019790456424216413	0.03163590357571253
103.79189594797398	0.01976138372906622	0.031710427466798606
103.92496248124061	0.019784853063004783	0.031880536786103954
104.05802901450726	0.019864886339058113	0.031836544297179865
104.19109554777388	0.019799964321053118	0.03186838864828752
104.32416208104051	0.019788905075183907	0.03187561108280197
104.45722861430716	0.01987867254611592	0.03148303540154552
104.59029514757378	0.019754447958646813	0.03155428687895474
104.72336168084041	0.01972199521564424	0.031640230204181004
104.85642821410705	0.019803604076445293	0.03166453958461186
104.98949474737368	0.01973232561316691	0.03159992963953875
105.12256128064031	0.019887647751792	0.031360500727864726
105.25562781390695	0.020053137359453663	0.0313015604544761
105.38869434717358	0.019994581270498305	0.031536576655201404
105.52176088044021	0.019974143061300083	0.03127564200385485
105.65482741370685	0.01994581206842892	0.031172677768401748
105.78789394697348	0.02009332915238705	0.03131613517888567
105.92096048024011	0.02018564154505514	0.031327527499165224
106.05402701350675	0.020072187090005588	0.031600807376136075
106.18709354677338	0.01999705405675239	0.031694394021131715
106.32016008004001	0.020085655558698193	0.03156793704111237
106.45322661330665	0.020084530985183938	0.03153326310224949
106.58629314657328	0.020184086413973863	0.031407342678732644
106.71935967983991	0.020271333899413328	0.03120464878397757
106.85242621310655	0.020151184919449554	0.031208566999264047
106.98549274637318	0.02026043504382824	0.031231802461407197
107.11855927963981	0.02023664017094073	0.03131944387999554
107.25162581290645	0.020461289658856498	0.03118842927025017
107.38469234617308	0.020649529227868738	0.031041201553194113
107.51775887943971	0.020399213303145477	0.03084342193001237
107.65082541270635	0.020297748611907855	0.03063507380971762
107.78389194597298	0.020220494118700437	0.030691796608691636
107.91695847923961	0.020297224427947336	0.030736878087363157
108.05002501250625	0.020413257886027387	0.03075811442115311
108.18309154577288	0.0204987107465021	0.030887732797090728
108.31615807903951	0.020425959942899606	0.030904544182492846
108.44922461230615	0.020427105803525976	0.030779386181177436
108.58229114557278	0.020500620546947974	0.03055490468315649
108.71535767883941	0.02047860197761607	0.030651951211519025
108.84842421210605	0.020638581674682265	0.030787787472933148
108.98149074537268	0.02071391852887798	0.031023588873809186
109.11455727863931	0.02071087035262914	0.03110287178607461
109.24762381190595	0.021085595618776518	0.031000147591517736
109.38069034517258	0.02114300120226052	0.030913651660746055
109.51375687843921	0.020809994304911265	0.030857628455092528
109.64682341170585	0.020628139600944468	0.031042564079668683
109.77988994497248	0.02060110012190234	0.031241600374733773
109.91295647823911	0.020452167201495345	0.031216666975757142
110.04602301150575	0.020270818038123972	0.031089581212612797
110.17908954477238	0.020271451703245326	0.030997131776070896
110.31215607803901	0.020288879658358894	0.03094667768761963
110.44522261130565	0.020120703941328717	0.030895867038625655
110.57828914457228	0.020103206998747694	0.031070902565414147
110.71135567783892	0.020048302056218863	0.03114795309369118
110.84442221110555	0.01984671759494567	0.031073076627181482
110.97748874437218	0.019892322245673017	0.03117675842942831
111.11055527763882	0.019841155095078236	0.031127326403729966
111.24362181090545	0.019789368062104497	0.0311529645979863
111.37668834417208	0.019939041079043544	0.031173772092538042
111.50975487743872	0.020051524237345943	0.031098887033531093
111.64282141070535	0.020077407564915096	0.030885716846531196
111.77588794397198	0.02014908617996466	0.030948437936210032
111.90895447723862	0.020087475832162548	0.031135752294167478
112.04202101050525	0.020019292281105494	0.03133761738759787
112.17508754377188	0.020098304790781382	0.031718397286983294
112.30815407703852	0.020043182118232847	0.03195151382810003
112.44122061030515	0.020142019530357932	0.0319113297777608
112.57428714357178	0.020121460636642594	0.03201563105069366
112.70735367683842	0.019890547183962784	0.0321481952850208
112.84042021010505	0.019927544364838578	0.03214449932774445
112.97348674337168	0.019986578796369437	0.03219344836553632
113.10655327663832	0.020113046155508397	0.032231804331567374
113.23961980990495	0.020339978353356124	0.032081931871886835
113.37268634317158	0.020235403658856014	0.0321430813303751
113.50575287643822	0.020113257019687542	0.03211877760037378
113.63881940970485	0.020193635293432457	0.03232479193075922
113.77188594297148	0.020094881249478305	0.03251500578233584
113.90495247623812	0.020071929202519795	0.03261698357082891
114.03801900950475	0.02014117660983358	0.03258373308311571
114.17108554277138	0.020151152437995593	0.03248525832753287
114.30415207603802	0.02029978067331485	0.03239366054355499
114.43721860930465	0.020310027040883544	0.032413167657942756
114.57028514257128	0.02027127799476161	0.03260432564871689
114.70335167583792	0.02031825531355927	0.03251530409679487
114.83641820910455	0.020190683492177678	0.03240394873917793
114.96948474237118	0.02029933562402008	0.03243813709553154
115.10255127563782	0.020543369530856895	0.032335227248043975
115.23561780890445	0.020631353400394323	0.03234680542451271
115.36868434217108	0.020609150896370956	0.03241775089561771
115.50175087543772	0.020605514807312583	0.032453590917649634
115.63481740870435	0.02066834433424262	0.03262948337117871
115.76788394197098	0.02043360389576828	0.0327021249230796
115.90095047523762	0.02049598021754857	0.03276560686720765
116.03401700850425	0.02063463841781696	0.03292977190059988
116.16708354177088	0.020559340394932995	0.03294186920252165
116.30015007503752	0.020695597813165666	0.032895357326635066
116.43321660830415	0.02069157417736027	0.032843880562241135
116.56628314157078	0.020703905625380083	0.0328101277904441
116.69934967483742	0.02069110192142344	0.03261333516288232
116.83241620810405	0.020707457118099695	0.03249603777233979
116.96548274137068	0.020745120068265527	0.032515187450596776
117.09854927463732	0.020864510548083443	0.032324059964987086
117.23161580790395	0.020883689071933727	0.03222300266148059
117.36468234117058	0.020902561670974266	0.03214557242835273
117.49774887443722	0.021022743176802857	0.031876075784443646
117.63081540770385	0.021053799013909986	0.03179346280948083
117.76388194097048	0.020890147069309636	0.031826824264167504
117.89694847423712	0.021005543474948565	0.03198068010042237
118.03001500750375	0.020890874317363597	0.0320949910144324
118.16308154077038	0.02088853231191388	0.03216380194419005
118.29614807403702	0.021169348388312723	0.03245511151403202
118.42921460730365	0.021279026451430535	0.03258142238347103
118.56228114057028	0.021284714569655742	0.032695475101207454
118.69534767383692	0.021108597817459312	0.03289760069515047
118.82841420710355	0.021099025592151273	0.03289652160974598
118.96148074037018	0.021015121627475902	0.032952112820367405
119.09454727363682	0.02091876697573939	0.03291843732617517
119.22761380690345	0.02099158228193638	0.03303260283159437
119.36068034017008	0.02099644802406191	0.033005261976900985
119.49374687343672	0.02094919252738589	0.033020066069183125
119.62681340670335	0.02098285041033481	0.033131879087741775
119.75987993996998	0.020832447304315823	0.033345690987601165
119.89294647323662	0.02085742618328935	0.03334501881113946
120.02601300650325	0.020971095221259006	0.03314009751385972
120.15907953976988	0.02094880470883504	0.03323399024083281
120.29214607303652	0.021013737594476962	0.0331286310838532
120.42521260630315	0.020946659169646175	0.03278612586406155
120.55827913956978	0.020796942973045504	0.032739777854344315
120.69134567283642	0.020470451213082063	0.0325762449073969
120.82441220610305	0.020239841513370726	0.0326886311855121
120.95747873936968	0.020419957169290275	0.03284446475538602
121.09054527263632	0.020365964350498984	0.03269284301873594
121.22361180590295	0.020397096812628735	0.032647434008751024
121.35667833916958	0.0204896904085654	0.03266181815868338
121.48974487243622	0.020632298879371094	0.03259820792578971
121.62281140570285	0.02084393960671481	0.03255999494350838
121.75587793896948	0.020791958921156477	0.03255036609380824
121.88894447223612	0.020920871860087623	0.03285584719999098
122.02201100550275	0.020991351731540896	0.03295509194869398
122.15507753876938	0.020887558979762216	0.033043095889266155
122.28814407203602	0.021070855250099017	0.033097384301022624
122.42121060530265	0.021154138547215696	0.0328911107158437
122.55427713856928	0.0211398947600387	0.032792502824598495
122.68734367183592	0.021117965948048347	0.03272134069958604
122.82041020510255	0.02112555832392078	0.03298371121813073
122.95347673836918	0.021279147548147335	0.033264209705722934
123.08654327163582	0.021232520431631822	0.03300700863388647
123.21960980490245	0.021310398608716054	0.03277889392846614
123.35267633816908	0.021269584137330367	0.03310683413152156
123.48574287143572	0.02128503445188563	0.033160130104674494
123.61880940470235	0.021486462230400433	0.032998716729705176
123.75187593796898	0.02149981466484853	0.03320565959003493
123.88494247123562	0.021537112573697396	0.03314563315104986
124.01800900450225	0.021514379421225194	0.03323316338303715
124.15107553776888	0.02159060193676826	0.033375642681500985
124.28414207103552	0.021745889788798076	0.033503418652602465
124.41720860430215	0.02182015764891112	0.03350331921314307
124.55027513756878	0.021774956765119563	0.03370439406583604
124.68334167083542	0.021720561848132525	0.0337926946999306
124.81640820410205	0.021723862621089524	0.03348773599963293
124.94947473736867	0.021828923663352793	0.03329802930273627
125.08254127063532	0.021887952107289648	0.03325445106872066
125.21560780390195	0.021693388670016727	0.033291486259575453
125.34867433716857	0.02175652004717236	0.033324287297740764
125.48174087043522	0.021752358161199737	0.03338297005004792
125.61480740370185	0.02160376491965855	0.033123747114044345
125.74787393696847	0.021625261094567583	0.03319200085175399
125.88094047023512	0.021598355085213967	0.033221652921886245
126.01400700350175	0.021555902818351808	0.03304526848148294
126.14707353676837	0.021788756441783227	0.032956602145918064
126.28014007003502	0.021999867465248964	0.03282800719160584
126.41320660330165	0.02192212325170032	0.03291122030760861
126.54627313656827	0.021863649582833915	0.03292182555163126
126.67933966983492	0.021648547842288982	0.03301746278332274
126.81240620310155	0.021401228998334347	0.03297355779974065
126.94547273636817	0.02131137206607659	0.032845958082984565
127.07853926963482	0.021356341789088847	0.033011762651447805
127.21160580290145	0.021444449276634348	0.032871205856506595
127.34467233616807	0.021551854086095102	0.0328004073290186
127.47773886943472	0.021483314327816146	0.03274479600657275
127.61080540270135	0.021345300671865797	0.03272171063211458
127.74387193596797	0.021190390449496124	0.032775399159913274
127.87693846923462	0.021093030716716157	0.032559530865822806
128.01000500250126	0.02096061935634481	0.03243277377768034
128.1430715357679	0.020945225908532147	0.0324279089037503
128.27613806903452	0.020979074909852242	0.03248784914941503
128.40920460230114	0.020984330829251805	0.0325681806791137
128.54227113556777	0.020988210400205723	0.03265725430224272
128.6753376688344	0.02090245039634473	0.032964106310129825
128.80840420210106	0.020860937041962523	0.03310188229547168
128.9414707353677	0.02084829116575132	0.032984098477512706
129.07453726863432	0.02086674137443425	0.03283345267504084
129.20760380190094	0.020866971190022444	0.03279003367115668
129.34067033516757	0.02092077781919294	0.03275776475623804
129.4737368684342	0.02096284660229526	0.032816148553155046
129.60680340170086	0.02107875875538994	0.03299836989401553
129.7398699349675	0.021069213081437676	0.033192414666114646
129.87293646823412	0.0209472868696228	0.03332745988209377
130.00600300150074	0.0210226367846027	0.033111893732189715
130.13906953476737	0.021148943198039276	0.033058000459911537
130.272136068034	0.021205269209605578	0.03307256303354613
130.40520260130066	0.021193896777912762	0.03290403666913427
130.5382691345673	0.02127119429609612	0.032884523132360385
130.67133566783392	0.02128155738582041	0.03298246403492907
130.80440220110054	0.021232041579974655	0.03289863963708713
130.93746873436717	0.021167330561007114	0.03283045153653491
131.0705352676338	0.0212320839085336	0.03272324646711579
131.20360180090046	0.021275403464965162	0.03270400157899935
131.3366683341671	0.021302612397755695	0.03258823696325524
131.46973486743371	0.02126967920841986	0.03234993875908762
131.60280140070034	0.02111505221576798	0.03234279847467861
131.73586793396697	0.021140325600784406	0.03245558971273771
131.8689344672336	0.021098492043535054	0.032425771441433784
132.00200100050026	0.021119210765505925	0.032323198275234936
132.1350675337669	0.021134753943003563	0.03255484818395497
132.26813406703351	0.021111326664234254	0.032729800788218084
132.40120060030014	0.021053707002615076	0.03270700944222646
132.53426713356677	0.02089909686933275	0.03287557152110989
132.6673336668334	0.020653499814825886	0.03290710649891711
132.80040020010006	0.020574881774387307	0.032739119537246925
132.93346673336669	0.020668207185357418	0.03277304852896581
133.06653326663331	0.020661376638481967	0.03270516265699216
133.19959979989994	0.020678573758020083	0.03269915873495451
133.33266633316657	0.02083853094191061	0.032872035094811305
133.4657328664332	0.021024109502820514	0.03286746902783735
133.59879939969986	0.021087709981815927	0.032942336280680155
133.73186593296649	0.021053918492755626	0.033041921998610974
133.8649324662331	0.0211614159842273	0.03300753052592182
133.99799899949974	0.021204689205887486	0.03299789957390009
134.13106553276637	0.021181191913226927	0.03292919730745159
134.264132066033	0.021178044164772043	0.03282456765469208
134.39719859929966	0.021070023426673568	0.03295132593046248
134.53026513256629	0.02114437685079767	0.032962028153981304
134.6633316658329	0.02112045712336555	0.03276231732660935
134.79639819909954	0.021076703742442693	0.03259974972957406
134.92946473236617	0.02110194213320415	0.03261531703047157
135.0625312656328	0.021253820782453383	0.03263090938464862
135.19559779889946	0.021396929376035226	0.03267688386023918
135.32866433216608	0.021368554599365163	0.03266436241738456
135.4617308654327	0.021370990486602123	0.032517393327695675
135.59479739869934	0.021471680586063045	0.03249827825874588
135.72786393196597	0.02150153783385964	0.03251920277400431
135.8609304652326	0.021317893358158507	0.03259190470461051
135.99399699849926	0.021281183119566588	0.03274501525656864
136.12706353176588	0.021353013268217858	0.03275614660763274
136.2601300650325	0.021260472537452953	0.032690775128478934
136.39319659829914	0.021328796255320154	0.03279311690501261
136.52626313156577	0.021332516375991442	0.03297085335896602
136.65932966483243	0.0212946897467895	0.03297970385525916
136.79239619809906	0.021187313665556866	0.032969750643252985
136.92546273136568	0.02120489537209628	0.03296003262334384
137.0585292646323	0.021176525793545245	0.03315460786268494
137.19159579789894	0.021198130979805267	0.032978506242656094
137.32466233116557	0.021301297860288653	0.03277022833232298
137.45772886443223	0.02128540817616789	0.033035885197396746
137.59079539769886	0.021343433561362098	0.03300599005526729
137.72386193096548	0.02129523402675743	0.03307915119132928
137.8569284642321	0.0212375200859603	0.032996160240665554
137.98999499749874	0.02111419431351428	0.032847041304760245
138.12306153076537	0.021174984836358185	0.03293300495630493
138.25612806403203	0.02125419989302935	0.033058999167595304
138.38919459729865	0.02140645388357893	0.033264070457235305
138.52226113056528	0.021575829943392605	0.03327177867496987
138.6553276638319	0.021401297070319455	0.03330267663650333
138.78839419709854	0.02129965917391892	0.03316117346058753
138.92146073036517	0.02117105271406872	0.03312380625497221
139.05452726363183	0.021214889979983716	0.03341947764449125
139.18759379689845	0.021473712000727577	0.03328001447971811
139.32066033016508	0.02141565669882532	0.03315561137310271
139.4537268634317	0.021094453901773183	0.03311930251560972
139.58679339669834	0.021059770273818983	0.033194323231823114
139.71985992996497	0.021071777104886107	0.033434908323516394
139.85292646323163	0.02101855415641193	0.03362052515956861
139.98599299649825	0.02121279181020023	0.03375793044936474
140.11905952976488	0.0211481504332066	0.03378630435269229
140.2521260630315	0.020997060616363018	0.03357360587214089
140.38519259629814	0.02108102344015119	0.033584572701169366
140.51825912956477	0.02122247818535596	0.03365068319977539
140.65132566283143	0.02118926605800073	0.033578136010262
140.78439219609805	0.021192194799228535	0.03365871503446583
140.91745872936468	0.021321536053508228	0.03372130562122829
141.0505252626313	0.02136907459208954	0.033621634225682796
141.18359179589794	0.021458059636253947	0.03357933679337941
141.31665832916457	0.021599861850122647	0.03377021281497878
141.44972486243122	0.02164929573862498	0.03362947530650611
141.58279139569785	0.021711740528079445	0.03352965620715487
141.71585792896448	0.021826601919175605	0.033458215746067055
141.8489244622311	0.021804118794131536	0.03350412551951807
141.98199099549774	0.021857380832388296	0.03355077756349912
142.11505752876437	0.021867135175694868	0.033548495904764754
142.24812406203102	0.021735316146167437	0.03386276437037443
142.38119059529765	0.021861123645845585	0.0338448832402185
142.51425712856428	0.022036202939760236	0.03369494689590739
142.6473236618309	0.022085888850439897	0.03388820975329597
142.78039019509754	0.022100014328470526	0.03388483139829668
142.91345672836417	0.021889501926285367	0.0338700240992219
143.04652326163082	0.021897088350744248	0.03391924476914082
143.17958979489745	0.021918756463446133	0.03399092658534579
143.31265632816408	0.021986483104040343	0.03425176576515159
143.4457228614307	0.02197785449167271	0.034592676125201706
143.57878939469734	0.021985828509123274	0.03461817740635609
143.71185592796397	0.022258136223400674	0.03453035405504214
143.84492246123062	0.022362050031030506	0.0346770498608923
143.97798899449725	0.022446307205569296	0.0345695545654159
144.11105552776388	0.022304290862861363	0.03426053953863193
144.2441220610305	0.022258285444242618	0.034223143318013356
144.37718859429714	0.022230777138094956	0.034082619848257216
144.51025512756377	0.02214284681189298	0.03398922299734471
144.64332166083042	0.02225883765277692	0.033975591760012316
144.77638819409705	0.022246193444660695	0.034210149724535954
144.90945472736368	0.022230275194779697	0.034281192297059525
145.0425212606303	0.022266269124649355	0.03426247057103367
145.17558779389694	0.022173498546195602	0.03409969162807833
145.30865432716357	0.022286884055308036	0.03410123091709145
145.44172086043022	0.022422603728823633	0.0343839610440042
145.57478739369685	0.02242521711547999	0.03421785264126988
145.70785392696348	0.02233402539620785	0.033975730662593726
145.8409204602301	0.02222531489044573	0.034013287196199574
145.97398699349674	0.022359557955155453	0.0340715875597184
146.10705352676337	0.022379339099441366	0.034355521445243294
146.24012006003002	0.022398219206536337	0.03456120873538587
146.37318659329665	0.02247358497975828	0.03437045873142612
146.50625312656328	0.022358158833152078	0.034386009693250855
146.6393196598299	0.022371109450067813	0.034335992823832914
146.77238619309654	0.022395983771239362	0.03418630366342327
146.90545272636317	0.022292241512786675	0.034070835951341936
147.03851925962982	0.022229618629144222	0.033946254020210086
147.17158579289645	0.022114452913399318	0.03402018777567251
147.30465232616308	0.02203666354068089	0.034041575281446204
147.4377188594297	0.021943337692099066	0.03388669663071154
147.57078539269634	0.02184073551744164	0.0340276059752895
147.70385192596297	0.021683259295889837	0.03411626689692038
147.83691845922962	0.021641628867868024	0.03415254683430156
147.96998499249625	0.02186116755679146	0.03430354009298255
148.10305152576288	0.02191015587092752	0.034101938373279794
148.2361180590295	0.021894196519219124	0.034204757644860785
148.36918459229614	0.021690474891558516	0.03445225961930725
148.50225112556276	0.02157780488937006	0.034598794503417754
148.63531765882942	0.02158752452090526	0.03469961397298235
148.76838419209605	0.02146455951932806	0.034615649308863905
148.90145072536268	0.02144971510043426	0.034779668871961794
149.0345172586293	0.021538535393733432	0.03480474921553067
149.16758379189594	0.021493788715648558	0.03461736348486611
149.30065032516256	0.021412677281151954	0.03442769707408708
149.43371685842922	0.02134199329217506	0.03415673134073418
149.56678339169585	0.02130876026265396	0.03409515379993072
149.69984992496248	0.021351515832466618	0.03414884107347997
149.8329164582291	0.021421907804748855	0.0341783220618322
149.96598299149574	0.021583875219179968	0.03437966838824003
150.09904952476236	0.021541880840886957	0.03436338075728338
150.23211605802902	0.02131989708503353	0.034095267754005495
150.36518259129565	0.021147102802434932	0.033878812759488716
150.49824912456228	0.021035437205448662	0.033638840670639165
150.6313156578289	0.02121486870985683	0.03379132136031038
150.76438219109554	0.021463365414302	0.034055940358483604
150.89744872436216	0.021526021740620512	0.034129298518044374
151.03051525762882	0.02143212887030149	0.034153731642031324
151.16358179089545	0.021338828021007006	0.03418358168761191
151.29664832416208	0.021401527684633527	0.03433407553381901
151.4297148574287	0.021370739267917823	0.03407590076925039
151.56278139069533	0.02141154915331831	0.03407179974531629
151.69584792396196	0.021363584829755013	0.034091318586442085
151.82891445722862	0.02134077897891721	0.034113964786649506
151.96198099049525	0.02142661676974329	0.03415613211486615
152.09504752376188	0.021473155413356683	0.03415673115640238
152.2281140570285	0.021445696129982858	0.03424719588860161
152.36118059029513	0.021337202619612756	0.034222504734843014
152.49424712356176	0.021367684945033185	0.034063462607601916
152.62731365682842	0.02119835481114244	0.03418652358491437
152.76038019009505	0.021161269815676946	0.034347047666062225
152.89344672336168	0.021349458263119674	0.03443311506988059
153.0265132566283	0.021183067983683895	0.03465904332346092
153.15957978989493	0.02117267449897184	0.034762704121286674
153.2926463231616	0.021218932216749434	0.03470817392556454
153.42571285642822	0.021161172540081107	0.034694316574116355
153.55877938969485	0.02120596318154595	0.03478689005710292
153.69184592296148	0.021484352471934854	0.03472784941482828
153.8249124562281	0.02147731374495123	0.034709417309929665
153.95797898949473	0.021247536430828447	0.034780432667158585
154.0910455227614	0.021105476328197228	0.03482168198972113
154.22411205602802	0.020985020718357283	0.03476597053347289
154.35717858929465	0.020993082546533464	0.034919641684599774
154.49024512256128	0.020956164707549275	0.035111416157418376
154.6233116558279	0.020950314224522974	0.03525034584828568
154.75637818909453	0.021078635043059568	0.035297691728575
154.8894447223612	0.021170858887250954	0.03540970105352568
155.02251125562782	0.021246989182289764	0.03548333874594761
155.15557778889445	0.021315489946331003	0.0354684611596028
155.28864432216108	0.02124491408692479	0.035577808532970615
155.4217108554277	0.021165516586778246	0.035702211199773376
155.55477738869433	0.0212155916493763	0.03562662695782813
155.687843921961	0.021228175105510467	0.035649198570015556
155.82091045522762	0.021057315000231336	0.03560340172944542
155.95397698849425	0.021194300469606412	0.035386230182234295
156.08704352176088	0.02131204557897625	0.0353759063993318
156.2201100550275	0.02121554655267481	0.03545283287390904
156.35317658829413	0.021155846030310805	0.035538583972245914
156.4862431215608	0.020911880514004694	0.0355039975829505
156.61930965482742	0.020813490937885464	0.03581571716806372
156.75237618809405	0.020728918901601147	0.035929492511939415
156.88544272136068	0.02047358518540429	0.035901586644523635
157.0185092546273	0.020536001492994282	0.036110024643321054
157.15157578789393	0.02045926177512404	0.036217482239073055
157.2846423211606	0.02032289030892338	0.03633337257506199
157.41770885442722	0.020516696045589367	0.03614671329069961
157.55077538769385	0.020735887909540417	0.03594839631227685
157.68384192096048	0.02085813755009834	0.03603248535581666
157.8169084542271	0.020708618381770547	0.0361492713443442
157.94997498749373	0.020583253761097587	0.03644084353478529
158.0830415207604	0.02043444674814311	0.03663115651797752
158.21610805402702	0.020507675911916375	0.03654712586240633
158.34917458729365	0.020412173547495287	0.03655577152870678
158.48224112056027	0.020244672341645793	0.0365996295087865
158.6153076538269	0.020387307107048475	0.036557377144835826
158.74837418709353	0.020470368577868592	0.036354657196160545
158.8814407203602	0.020450114244776905	0.036277382199241294
159.01450725362682	0.020451787572432538	0.036291449489928844
159.14757378689345	0.020587504666343983	0.03619138171264743
159.28064032016007	0.020657029741453545	0.0361969280093176
159.4137068534267	0.020728191174995494	0.03626538384642248
159.54677338669333	0.02079697745678897	0.03610283487125356
159.67983991996	0.020708731583096017	0.03605918202042701
159.81290645322662	0.020728099931382735	0.036124692273230175
159.94597298649325	0.02071422308510347	0.03623566482159638
160.07903951975987	0.02060856573776752	0.036352015993753165
160.2121060530265	0.020619087620631103	0.03628259199897358
160.34517258629313	0.020559662538884277	0.036204945691123376
160.4782391195598	0.020463991011511848	0.03636676869166617
160.61130565282642	0.020408005547659865	0.03661921269028284
160.74437218609305	0.02041247543338576	0.03663032835186864
160.87743871935967	0.020312381672147516	0.036937171872848444
161.0105052526263	0.020385133549732665	0.03682703721511615
161.14357178589293	0.020501550545010305	0.036516795064028516
161.2766383191596	0.020455462249488007	0.03655631371454665
161.40970485242622	0.020454770002700687	0.03655985704661294
161.54277138569284	0.020569816116147232	0.03673514543401656
161.67583791895947	0.02065431728827888	0.03690090486816911
161.8089044522261	0.020582947532342053	0.03696656861156952
161.94197098549273	0.020572648362778338	0.036992249224421785
162.0750375187594	0.020730855364814418	0.03707959576808411
162.20810405202602	0.020966597833936396	0.036934472162389924
162.34117058529264	0.0211062133061873	0.036981328652042414
162.47423711855927	0.021268450361729724	0.03701341482702929
162.6073036518259	0.02133806354621179	0.03697032494824626
162.74037018509253	0.021239382274646196	0.03688428685043634
162.8734367183592	0.021133213607437182	0.037027284301807024
163.00650325162582	0.021007190286290823	0.036993917950115286
163.13956978489244	0.021169254787199	0.03667047003017838
163.27263631815907	0.021085563555193993	0.036747640180681204
163.4057028514257	0.021142860980414863	0.03705362757070358
163.53876938469233	0.021353865117033997	0.03693978440415792
163.671835917959	0.02150537943770164	0.03698029885570955
163.80490245122562	0.02151865543900735	0.03713961828881746
163.93796898449224	0.0214848862715377	0.03732895939469415
164.07103551775887	0.021542814720744374	0.03700422537285347
164.2041020510255	0.021618386221380896	0.03666324764248395
164.33716858429213	0.02143048887005378	0.03661972729323495
164.4702351175588	0.021289171605285886	0.036543560514913656
164.60330165082541	0.021432662899824238	0.03638476774729077
164.73636818409204	0.021396531398190873	0.03619018212695312
164.86943471735867	0.021353281320718353	0.03620863269932722
165.0025012506253	0.02127109353623106	0.036007484035207336
165.13556778389193	0.021203801876503447	0.03597867047369593
165.2686343171586	0.0213508933279153	0.03582274496424625
165.40170085042521	0.021482194725375665	0.03596352485973173
165.53476738369184	0.021545662467094766	0.03602023426783523
165.66783391695847	0.021607900520825913	0.035940378133349486
165.8009004502251	0.02150077397707764	0.03577431900044167
165.93396698349173	0.021516276618604942	0.035746697590307804
166.06703351675839	0.02173811899597253	0.035779482971109874
166.20010005002501	0.02190671102877222	0.03583509981798308
166.33316658329164	0.0219088113366671	0.03601535508798244
166.46623311655827	0.021945645792738392	0.036180454251696983
166.5992996498249	0.021863496640812236	0.036327656472829546
166.73236618309153	0.021829630936401615	0.03660638924537846
166.86543271635819	0.021879957210605868	0.036651687456450976
166.9984992496248	0.021783598707744854	0.03683710040314588
167.13156578289144	0.02176398667337294	0.03707485189483296
167.26463231615807	0.02183933446023925	0.0371162405995898
167.3976988494247	0.021894616056502985	0.037006071089104225
167.53076538269133	0.021990348793855332	0.03686852745204987
167.66383191595799	0.021782972010858687	0.036759198798488685
167.7968984492246	0.021558729946101612	0.036582084633980286
167.92996498249124	0.02146608038240658	0.03656845023248216
168.06303151575787	0.021435364914080657	0.03646139293600596
168.1960980490245	0.021429200473737864	0.036441685054833126
168.32916458229113	0.021394947208257197	0.03635996847559004
168.46223111555778	0.02131544930477199	0.036075680989629835
168.5952976488244	0.021260524378066314	0.036024181073695136
168.72836418209104	0.02127481459847727	0.036084403521660764
168.86143071535767	0.021176396316523696	0.03605557028947172
168.9944972486243	0.021001879756727022	0.036102223799267634
169.12756378189093	0.02099497915412731	0.03599623632380687
169.26063031515758	0.020928903200386654	0.03586018971441909
169.3936968484242	0.020983035591230877	0.03578869651702724
169.52676338169084	0.0210830152786756	0.03587464068535855
169.65982991495747	0.021078610791858646	0.03584279312003741
169.7928964482241	0.021008953811138577	0.03587269157701068
169.92596298149073	0.020944927961804888	0.03598383789673262
170.05902951475738	0.02112638552683506	0.03619929452603202
170.192096048024	0.021307994450056787	0.036308658942001505
170.32516258129064	0.02134037741556053	0.036211539032089256
170.45822911455727	0.0212812446832476	0.036319498968754034
170.5912956478239	0.0212670064569682	0.03633427849557126
170.72436218109056	0.021205162121572533	0.03631262639158618
170.85742871435718	0.02116528502130396	0.03639239804428127
170.9904952476238	0.02119863977403853	0.03619283934467884
171.12356178089044	0.0213839412445045	0.03594691466941128
171.25662831415707	0.021528102870381996	0.03586044736291621
171.3896948474237	0.021494378672656494	0.03599547060333766
171.52276138069035	0.021523174630589725	0.03599404610802672
171.65582791395698	0.02167726075533214	0.03610815643541197
171.7888944472236	0.021665842847477607	0.03589955990015499
171.92196098049024	0.021649420590316517	0.03552289922825321
172.05502751375687	0.02164224878276819	0.03572279006107551
172.1880940470235	0.02156747391428595	0.03567411667539924
172.32116058029015	0.021541848983980604	0.0357200509271077
172.45422711355678	0.02148332576973692	0.03577744361059718
172.5872936468234	0.02167465183603382	0.0357570643120682
172.72036018009004	0.021618380503818167	0.035750318708230755
172.85342671335667	0.02159464044263519	0.03566588356716126
172.9864932466233	0.021861366763023905	0.03548538447245915
173.11955977988995	0.021829904004039984	0.035440982679972914
173.25262631315658	0.021744002723291165	0.035439743069949146
173.3856928464232	0.021737396513815066	0.03513908275664475
173.51875937968984	0.021605962174326813	0.03504307932642798
173.65182591295647	0.02160287641502642	0.03545351786089044
173.7848924462231	0.021680273221242205	0.035440677042718034
173.91795897948975	0.021664043137621526	0.03517846422968546
174.05102551275638	0.02168595833311381	0.03493057589868647
174.184092046023	0.021610403225686886	0.03485386581884908
174.31715857928964	0.021575091338113576	0.03505303634306624
174.45022511255627	0.02173627947356446	0.035084425439562965
174.5832916458229	0.02172654516638107	0.03494928637414166
174.71635817908955	0.02166753981689608	0.03483751426752728
174.84942471235618	0.021958450293400298	0.03480111325645099
174.9824912456228	0.02198438593373069	0.034650962801899596
175.11555777888944	0.022039887985505893	0.0345787132537994
175.24862431215607	0.02224838720790588	0.03462242502646454
175.3816908454227	0.02217773141338739	0.03456937770373271
175.51475737868935	0.022217652006874474	0.03458584028659152
175.64782391195598	0.022352344421974115	0.03477864910581868
175.7808904452226	0.022143188043195573	0.034781708756808194
175.91395697848924	0.022058422989068648	0.03487142759586418
176.04702351175587	0.022303582191411868	0.03494214149771733
176.1800900450225	0.022267331758409475	0.034781737940011326
176.31315657828915	0.022203793303124275	0.034586432649871594
176.44622311155578	0.02207753314104704	0.034650438960460724
176.5792896448224	0.021969880363888673	0.03453709478627532
176.71235617808904	0.021990630949321622	0.03453653838739626
176.84542271135567	0.02210731706387781	0.034538325454137764
176.9784892446223	0.022295785207395363	0.03438532556037541
177.11155577788895	0.02231249536378295	0.03446620436404455
177.24462231115558	0.022589444879304088	0.034598910925869655
177.3776888444222	0.022760042728471375	0.03453057165045809
177.51075537768884	0.022838040725645978	0.034526197556064994
177.64382191095547	0.022672837536406185	0.03448746335566755
177.7768884442221	0.022578763423689297	0.03468232569368021
177.90995497748875	0.02280156750599205	0.03462422068854726
178.04302151075538	0.022851186941257883	0.03487566020345682
178.176088044022	0.022858632259504456	0.034874617698879416
178.30915457728864	0.022891380970491388	0.035047920759998887
178.44222111055527	0.02281654928369458	0.03522311153273252
178.5752876438219	0.022668444744593973	0.03501049466869368
178.70835417708855	0.02274204234890465	0.034925174460332296
178.84142071035518	0.02269726741441521	0.03488074239393727
178.9744872436218	0.022666005252464594	0.03461610193517195
179.10755377688844	0.022672948161759594	0.03446421557232875
179.24062031015507	0.022741455443120256	0.034600513145277144
179.3736868434217	0.022637260695746907	0.03476137844201397
179.50675337668835	0.02249650105197957	0.03496750284200407
179.63981990995498	0.022574591184517254	0.0350195508663585
179.7728864432216	0.02253141359972467	0.035088057667157606
179.90595297648824	0.02253050695732302	0.03526450277642639
180.03901950975487	0.022651877659157296	0.035069118286654224
180.1720860430215	0.02268720150316739	0.034801923568937604
180.30515257628815	0.022536247458074046	0.035028087111340485
180.43821910955478	0.02244407963209784	0.03518253133346147
180.5712856428214	0.02264639711170849	0.03514949470883045
180.70435217608804	0.022680287261839564	0.03505908800078633
180.83741870935467	0.022669535607494462	0.03516930270334713
180.9704852426213	0.022548087145061794	0.035087213207526106
181.10355177588795	0.022614940825693913	0.03505111629151384
181.23661830915458	0.02250404120358735	0.034890005122370074
181.3696848424212	0.022413906254393046	0.03502458545387524
181.50275137568784	0.02235238123256322	0.035114189142240085
181.63581790895446	0.022331978270656312	0.03520538251377891
181.7688844422211	0.02236752994769737	0.03556105433002618
181.90195097548775	0.022360915906173638	0.03563075651713175
182.03501750875438	0.022322887174471867	0.03568395533694816
182.168084042021	0.022498618909561872	0.03587886296537866
182.30115057528764	0.02250177050546675	0.03583073358656382
182.43421710855426	0.022410417227383225	0.03567937931761179
182.5672836418209	0.022327532913218987	0.03591289918331363
182.70035017508755	0.02228759551233216	0.03596312209654103
182.83341670835418	0.022231910780231734	0.035775843207179484
182.9664832416208	0.022090630388612996	0.035629758034683524
183.09954977488744	0.02205523259345286	0.03553186921391055
183.23261630815406	0.02203685161035617	0.03555413871038997
183.3656828414207	0.02196446756900797	0.0354802246015478
183.49874937468735	0.021951888909331863	0.03576684735788824
183.63181590795398	0.022031247806686326	0.03595215338796466
183.7648824412206	0.02199041934590323	0.036108980418526754
183.89794897448724	0.022111886261838767	0.03631137007886446
184.03101550775386	0.022075925801976835	0.036149140894648706
184.1640820410205	0.021899867689769443	0.036316966034558966
184.29714857428715	0.021665577895302955	0.036592869475775794
184.43021510755378	0.021619477402318014	0.03672680456300185
184.5632816408204	0.02152702961479487	0.03699604296783165
184.69634817408703	0.021598065464003453	0.03728565675690873
184.82941470735366	0.021756018472446147	0.0372985692781226
184.9624812406203	0.021752919879281674	0.03753815262808613
185.09554777388695	0.02165190069342491	0.037682158372841945
185.22861430715358	0.021555636027819416	0.03768378886473787
185.3616808404202	0.02160264430103228	0.037721131661445244
185.49474737368683	0.021710909726017517	0.03767365425959263
185.62781390695346	0.02170559987321871	0.03763108689510923
185.7608804402201	0.02148172346924255	0.03763166963771833
185.89394697348675	0.02125288419278905	0.037623580616593814
186.02701350675338	0.021345419173832703	0.03764715178328467
186.16008004002	0.021544765319802966	0.03738394294743824
186.29314657328663	0.021438421081349465	0.03738546191155576
186.42621310655326	0.021405493723660227	0.03740214431576303
186.5592796398199	0.021379123232753056	0.03715921390559316
186.69234617308655	0.021331599942963218	0.03704598673172341
186.82541270635318	0.02158081946704076	0.036950158284991014
186.9584792396198	0.021587886646819585	0.036799649458359486
187.09154577288643	0.02156466542899669	0.03696659514504861
187.22461230615306	0.02165398977539008	0.036782725564626674
187.3576788394197	0.02164545234478746	0.03656892266020739
187.49074537268635	0.02178349465803201	0.036474390238375044
187.62381190595298	0.021761622526128416	0.036624324030157515
187.7568784392196	0.021724668386019406	0.03681243521222579
187.88994497248623	0.021840855065447175	0.03684675065096826
188.02301150575286	0.021945003798936193	0.0368960820586226
188.15607803901952	0.021774224235539326	0.03684775785167081
188.28914457228615	0.021769433065966827	0.036854809514099245
188.42221110555278	0.021897074669846493	0.03679454072403352
188.5552776388194	0.021884253981278724	0.036882912497070604
188.68834417208603	0.022071274239763215	0.03691169920561489
188.82141070535266	0.02210447412906027	0.03682141477015668
188.95447723861932	0.0219463881720422	0.03720902693140548
189.08754377188595	0.021821725301709973	0.03705156235496877
189.22061030515258	0.021747955957933707	0.0369556309635442
189.3536768384192	0.021795063508906268	0.03724740950487539
189.48674337168583	0.021705469748359532	0.037441999744336485
189.61980990495246	0.021742260756947927	0.037667497222991515
189.75287643821912	0.0218008770917752	0.03762006960778926
189.88594297148575	0.022033714005231093	0.03775826598640806
190.01900950475238	0.022012793200976693	0.0379023556827559
190.152076038019	0.02194797657103831	0.037969407953805566
190.28514257128563	0.02177742936109903	0.037820033874993976
190.41820910455226	0.021717624415852656	0.03758391267372564
190.55127563781892	0.021722201225163676	0.03759459597996572
190.68434217108555	0.02178345749276495	0.0372689294287893
190.81740870435218	0.021755895350229617	0.03698189978084342
190.9504752376188	0.021796611967630906	0.036969129020507495
191.08354177088543	0.02166676777990464	0.03693964454602326
191.21660830415206	0.021589246737432233	0.03716497953220652
191.34967483741872	0.021585242678932397	0.0372479405676031
191.48274137068535	0.021509234286470256	0.03719290487377066
191.61580790395197	0.02130793394488919	0.03690179983048561
191.7488744372186	0.021386872405600495	0.036827984899073664
191.88194097048523	0.02150523056844035	0.03676491974507773
192.01500750375186	0.021603688247959153	0.03693650555509988
192.14807403701852	0.02141994954592312	0.03709067987129396
192.28114057028515	0.021297168575354238	0.037116055484434064
192.41420710355177	0.02134343299126719	0.037080804146437545
192.5472736368184	0.021330185880392507	0.03668394102291715
192.68034017008503	0.021239441009649283	0.036551919119914206
192.81340670335166	0.021347644344888804	0.03639980064446218
192.94647323661832	0.02147394572942445	0.036332202228863665
193.07953976988495	0.021601193880592433	0.036487894085369725
193.21260630315157	0.021424448848108596	0.03638449428708475
193.3456728364182	0.021407880961350195	0.036232767800921696
193.47873936968483	0.02148755563903186	0.036333841174385685
193.61180590295146	0.02173511338038647	0.036496515296722806
193.74487243621812	0.02179458779277929	0.036259086183598965
193.87793896948475	0.021722228279797237	0.036165846695997116
194.01100550275137	0.02151603912811856	0.035954367188869615
194.144072036018	0.02156781230261236	0.035978453487839276
194.27713856928463	0.021670509310473485	0.03630309015629175
194.41020510255126	0.02159161099368659	0.03656221852714798
194.54327163581792	0.021581994714110066	0.03657178493070404
194.67633816908454	0.021606333706693733	0.03662734756899346
194.80940470235117	0.021534251726585765	0.036685952867984525
194.9424712356178	0.02155761393976343	0.03662355660384722
195.07553776888443	0.021257601019722225	0.036636034858301976
195.20860430215106	0.020987338373177872	0.03672339933441523
195.34167083541772	0.02087292172238893	0.036927867187215815
195.47473736868434	0.020917280876052234	0.03695529894105726
195.60780390195097	0.02105228415458615	0.036960675172836265
195.7408704352176	0.021139736705266008	0.0369264258598449
195.87393696848423	0.02102360581717032	0.036841448535322535
196.00700350175086	0.02100592810962312	0.03699639683407884
196.14007003501752	0.020873125244079457	0.03700129399940369
196.27313656828414	0.020872856234035293	0.037026580993739316
196.40620310155077	0.020831616458199174	0.03698143191307396
196.5392696348174	0.020739221569734918	0.0371228422262266
196.67233616808403	0.020862604674861673	0.0369929708622399
196.80540270135066	0.020688245250331694	0.03682683107178375
196.93846923461732	0.020712677509268695	0.03692692461483601
197.07153576788394	0.020776781473146377	0.03702941026377341
197.20460230115057	0.02080432977702431	0.036998523471444916
197.3376688344172	0.020872599327936683	0.03699731005955433
197.47073536768383	0.021044492346994265	0.03705702577232632
197.60380190095046	0.020989864222632305	0.03710387406162907
197.73686843421712	0.02106658867351908	0.03689387738973443
197.86993496748374	0.021141968770288982	0.03691494726132637
198.00300150075037	0.021052195122965744	0.036921888153408085
198.136068034017	0.02092065206246666	0.0368401817132004
198.26913456728363	0.020793039543699456	0.03668856041233659
198.40220110055026	0.020783030070354556	0.03664836391930337
198.53526763381691	0.0208181375216048	0.03680885340027187
198.66833416708354	0.020672781413684796	0.03676850042948121
198.80140070035017	0.02081567141224794	0.03658541496712965
198.9344672336168	0.020858022262372936	0.03646348842939553
199.06753376688343	0.0208318990646879	0.03648931351931271
199.20060030015006	0.020736916611060814	0.0365364843734101
199.33366683341671	0.020822042212262616	0.036869289408498575
199.46673336668334	0.0207867874134384	0.036794931553856124
199.59979989994997	0.020825567881265494	0.03660187484050214
199.7328664332166	0.020641506503312524	0.03658882602871877
199.86593296648323	0.02047948435084876	0.03657040766926948
199.99899949974986	0.020426807839254435	0.036592451359184826
200.1320660330165	0.020461754016253015	0.03666264551534658
200.26513256628314	0.02071919708951769	0.03655859288224961
200.39819909954977	0.020678918101682823	0.036628529867023876
200.5312656328164	0.0208105895323141	0.03660553852173146
200.66433216608303	0.021081540151217944	0.03632155961687539
200.79739869934966	0.02123430104533812	0.036453468345248194
200.9304652326163	0.021358893959761396	0.03628996891653561
201.06353176588294	0.021497600864301813	0.036131850814972694
201.19659829914957	0.021448089518700097	0.03620792516991615
201.3296648324162	0.021509583294077424	0.03599142438339017
201.46273136568283	0.0214791412436036	0.03602207064152617
201.59579789894946	0.021318820077954784	0.036230060669329656
201.7288644322161	0.021375076945133402	0.036245856180323804
201.86193096548274	0.02136969631526562	0.036065243387711846
201.99499749874937	0.021324299991316065	0.03604747119369967
202.128064032016	0.02137768383770658	0.036041852723663365
202.26113056528263	0.021423114004323777	0.0360387290921177
202.39419709854926	0.021382883105657634	0.03599668313578544
202.5272636318159	0.021546297238513264	0.036023385371658646
202.66033016508254	0.021688386883957113	0.03606023302134718
202.79339669834917	0.02190419707791204	0.03621945661313544
202.9264632316158	0.021805948885321714	0.03643462116221817
203.05952976488243	0.021646805580686174	0.036297542255494794
203.19259629814906	0.021667944519121653	0.03659416557582229
203.3256628314157	0.021730306367408428	0.036697690326560076
203.45872936468234	0.021825421096684887	0.036696211952710084
203.59179589794897	0.021833536602658687	0.03681759981098075
203.7248624312156	0.021889020897417465	0.036845234196989825
203.85792896448223	0.021774714219881284	0.03710042637966891
203.99099549774886	0.021936274331672615	0.03708085494711314
204.1240620310155	0.02188264867705719	0.03707100575724163
204.25712856428214	0.021764206568327567	0.03702407247177177
204.39019509754877	0.021723047949744168	0.03699390267995083
204.5232616308154	0.021973849403755595	0.036775727180370525
204.65632816408203	0.022131215515686805	0.03679411807562941
204.78939469734868	0.022226042371113048	0.03655918036853811
204.9224612306153	0.02222349970702233	0.03630370607466945
205.05552776388194	0.022371733395466713	0.03608396546794457
205.18859429714857	0.022318787568407706	0.03611231064276077
205.3216608304152	0.02241438402497238	0.03619533636127197
205.45472736368183	0.022698737391535016	0.03595258297322894
205.58779389694848	0.022640739270410763	0.03591217136646138
205.7208604302151	0.022596678959399066	0.036043659304584454
205.85392696348174	0.022336058000020705	0.03586224463908808
205.98699349674837	0.022257838547579966	0.03574952464228407
206.120060030015	0.022199983627912222	0.03557217372214454
206.25312656328163	0.022228817449939806	0.03560256875515178
206.38619309654828	0.022041626435259348	0.03554621847834446
206.5192596298149	0.022139247162396285	0.03553779578938372
206.65232616308154	0.022303424304183615	0.035532068613556594
206.78539269634817	0.022401295498480973	0.03534292499717817
206.9184592296148	0.02242637108026631	0.0352713190971407
207.05152576288143	0.02252264176279024	0.035328992179201095
207.18459229614808	0.022608759542328025	0.03527286456095049
207.3176588294147	0.022769902608255576	0.03543644139584464
207.45072536268134	0.022756853308839916	0.03532828061604
207.58379189594797	0.022768928491555922	0.03504994950619446
207.7168584292146	0.02270814743655036	0.03506083755587
207.84992496248123	0.022771395675872056	0.0354663353953342
207.98299149574788	0.022772448057708918	0.035519716041884905
208.1160580290145	0.022641958610665584	0.035680794675701726
208.24912456228114	0.02272376719551353	0.03541975263389167
208.38219109554777	0.022735625148457988	0.0354778702987272
208.5152576288144	0.022695940498730905	0.035385440697984535
208.64832416208102	0.022606911885293297	0.03534612138263257
208.78139069534768	0.022782327906526675	0.03531407024120836
208.9144572286143	0.022937239814267082	0.03551473426608138
209.04752376188094	0.022934906145768628	0.03569497457416802
209.18059029514757	0.022870250874780177	0.03582510180830471
209.3136568284142	0.022811656194444616	0.03564476377635161
209.44672336168082	0.02272311511177058	0.03582396279926829
209.57978989494748	0.023025866264968147	0.035544051233856656
209.7128564282141	0.023222565073151652	0.035404296802569984
209.84592296148074	0.023238832437241667	0.03560367777565865
209.97898949474737	0.023019808815144337	0.03565322629627518
210.112056028014	0.023052786764073793	0.03554753135319358
210.24512256128062	0.023110282919015054	0.03551695044159971
210.37818909454728	0.02320933532949727	0.0357785160349231
210.5112556278139	0.023101069154287206	0.03590616269338707
210.64432216108054	0.023110302719171097	0.035656588805962126
210.77738869434717	0.02310860090805918	0.03544481665610079
210.9104552276138	0.02310896787620339	0.035493432341354776
211.04352176088042	0.023221244900406928	0.035457852402932706
211.17658829414708	0.023388278159996324	0.03539195782114476
211.3096548274137	0.02342155019695338	0.03543249199928179
211.44272136068034	0.02336700801792935	0.03540434516672278
211.57578789394697	0.023419564832309885	0.03538492304732856
211.7088544272136	0.023461013676181874	0.035426310879488346
211.84192096048022	0.023556859235065765	0.03530754564792936
211.97498749374688	0.023336252376148246	0.03547287255809804
212.1080540270135	0.023338838593119787	0.03561154123859859
212.24112056028014	0.023244843801526253	0.03539623466724207
212.37418709354677	0.02337440703576119	0.03529071735740032
212.5072536268134	0.02361706859141695	0.03541372634331605
212.64032016008002	0.023597749305545625	0.03549750526654525
212.77338669334668	0.023768427954960945	0.03572466836034429
212.9064532266133	0.02351969113202094	0.035828398141319454
213.03951975987994	0.023759849870996063	0.03573391994033212
213.17258629314657	0.02369322345008841	0.035970303743988144
213.3056528264132	0.023666331065817774	0.03599084060582627
213.43871935967982	0.023665013548110153	0.03591893887696482
213.57178589294648	0.023813373682503584	0.03580442168904417
213.7048524262131	0.02376318950421731	0.0358481127602042
213.83791895947974	0.023740877035082444	0.03600558334562174
213.97098549274637	0.023709460649390904	0.03593807414263801
214.104052026013	0.02366559072525773	0.03595021708959992
214.23711855927962	0.023572250637382643	0.035894002875029675
214.37018509254628	0.023401895053315913	0.036255918204593646
214.5032516258129	0.02324857518427511	0.03616407123173687
214.63631815907954	0.023206998726892587	0.03613818167308153
214.76938469234616	0.023053402389479845	0.03612457077147149
214.9024512256128	0.02309208579336375	0.036392108152037535
215.03551775887942	0.023215486805159495	0.036406556122758435
215.16858429214608	0.023119519471197537	0.03633377733789201
215.3016508254127	0.0232850574106439	0.03585980632217124
215.43471735867934	0.02315213426859069	0.03579095737587037
215.56778389194596	0.023161231941909742	0.035648335311133546
215.7008504252126	0.02305127929431751	0.0358239309602487
215.83391695847922	0.022893028342422718	0.03600565132063293
215.96698349174588	0.02286213363960067	0.035975370182277144
216.1000500250125	0.022791451446837228	0.035788226608282715
216.23311655827914	0.02267072583035795	0.03581911752329552
216.36618309154576	0.02266813233619531	0.035843278604782224
216.4992496248124	0.02274839922464017	0.03582391779602637
216.63231615807902	0.022863036202119495	0.03588957354377643
216.76538269134568	0.022904117055424795	0.035563191739565826
216.8984492246123	0.022879948080161715	0.03587277307098326
217.03151575787894	0.022912148239994934	0.035973573739112336
217.16458229114556	0.02296449313153651	0.035875185454663575
217.2976488244122	0.0229521884315159	0.03600154386393879
217.43071535767882	0.022912979082988675	0.03618657333706214
217.56378189094548	0.02281658782475187	0.03652744824733383
217.6968484242121	0.022673302946323026	0.03673097540434384
217.82991495747874	0.022666789397667586	0.036540204141440026
217.96298149074536	0.022728344649017344	0.036471772980441464
218.096048024012	0.022644296868374963	0.03676043331419282
218.22911455727862	0.022664411507718783	0.037113963389515434
218.36218109054528	0.022511544336040957	0.037098429913639853
218.4952476238119	0.022472724404600394	0.03704444329756854
218.62831415707853	0.022677633869621495	0.03712253949779297
218.76138069034516	0.022511129854115863	0.03702070700857799
218.8944472236118	0.022727774188421188	0.03713173350466126
219.02751375687842	0.022723983790138548	0.037438106378920706
219.16058029014508	0.022669684958951483	0.03729240020817317
219.2936468234117	0.02254150273946433	0.03723341374859009
219.42671335667833	0.022527815253209182	0.03739612258076544
219.55977988994496	0.022497558835085776	0.037519378214862835
219.6928464232116	0.02285585822633186	0.03720262226777662
219.82591295647822	0.02306894439827557	0.037057493519033424
219.95897948974488	0.02310215830363959	0.03723435412440116
220.0920460230115	0.023103391739779683	0.03715589754093139
220.22511255627813	0.023299335433137097	0.03677913536603841
220.35817908954476	0.0233021590663463	0.036758797114123255
220.4912456228114	0.023377293791646988	0.03648889515733021
220.62431215607802	0.023380074759274682	0.036519166567916976
220.75737868934468	0.023522685585798463	0.036352775499000574
220.8904452226113	0.02350749158262957	0.03635132666346477
221.02351175587793	0.023301408144306295	0.036404138675975174
221.15657828914456	0.02324523388481627	0.03649707852521571
221.2896448224112	0.023088806274886006	0.03665756766450417
221.42271135567785	0.022993047299231094	0.03670635033694505
221.55577788894448	0.02323634874569933	0.03660387867156634
221.6888444222111	0.02331064108991648	0.03634855704173765
221.82191095547773	0.022995013915338425	0.03630053954802155
221.95497748874436	0.022841761006121657	0.03598883039401683
222.088044022011	0.022823461013866734	0.03574593886534345
222.22111055527765	0.022926455976649187	0.03584365948015049
222.35417708854428	0.022808885731739604	0.035603004306222194
222.4872436218109	0.02300438998564211	0.03567229347479611
222.62031015507753	0.022767091831129477	0.03597465743754515
222.75337668834416	0.022747139088976173	0.03590840891508586
222.8864432216108	0.022800990895967283	0.03600891064456664
223.01950975487745	0.022732311822177387	0.03584633988065577
223.15257628814408	0.02299989247049811	0.03574657396185486
223.2856428214107	0.023256530964806958	0.035553372347096025
223.41870935467733	0.023296764988471066	0.035695931703354805
223.55177588794396	0.023104993360065093	0.0354983003614614
223.6848424212106	0.02307665351320586	0.03547094626134409
223.81790895447725	0.023238753825299937	0.03570563352625538
223.95097548774388	0.023019842404729977	0.035676972510870916
224.0840420210105	0.023050012759051303	0.0356149824918544
224.21710855427713	0.023169526055043497	0.03564583614056753
224.35017508754376	0.0230455984471052	0.03578018644243482
224.4832416208104	0.02286584237001146	0.03598520166373069
224.61630815407705	0.022899011274344662	0.035846795881797046
224.74937468734367	0.022852847328506225	0.03576876615986834
224.8824412206103	0.022993633977023337	0.03598391726556532
225.01550775387693	0.023008968399451	0.03583069806360451
225.14857428714356	0.02309659801224656	0.03591373240191257
225.2816408204102	0.023007034654774407	0.035813800824937056
225.41470735367685	0.022983725522189864	0.035783774303508466
225.54777388694347	0.023025703068225857	0.03585647008173694
225.6808404202101	0.023065638080838793	0.036086829983552414
225.81390695347673	0.022908530335693535	0.0362787901113434
225.94697348674336	0.022790124970970545	0.036363010856006864
226.08004002001	0.022877844719878547	0.036097945615823364
226.21310655327665	0.023035366741886786	0.0359712772589977
226.34617308654327	0.023098708375266414	0.035952072560408416
226.4792396198099	0.022857383888715922	0.03592153984629845
226.61230615307653	0.0228621321697458	0.03597071677840328
226.74537268634316	0.022722341665133535	0.03588819877307832
226.8784392196098	0.022985735276798237	0.035919230477979625
227.01150575287645	0.02315859138905911	0.03590318508680315
227.14457228614307	0.02321055599635932	0.035930081937154225
227.2776388194097	0.02321541378781402	0.035836420449015624
227.41070535267633	0.02342094856709076	0.03598378827913065
227.54377188594296	0.02330424675947973	0.0361271423944412
227.6768384192096	0.02324640189680446	0.03629702487428428
227.80990495247624	0.023375892978206355	0.03648587022626755
227.94297148574287	0.023609938924966736	0.03676580064504251
228.0760380190095	0.023381554872740164	0.036772532397419296
228.20910455227613	0.023267925337476163	0.03680200940702463
228.34217108554276	0.023101767568588567	0.036873726074480376
228.4752376188094	0.02305919566806641	0.0371214421450861
228.60830415207604	0.02326019050003093	0.037137409168701514
228.74137068534267	0.02323140415615787	0.03726969207339524
228.8744372186093	0.02312423162767744	0.037129688795150856
229.00750375187593	0.023125670548036836	0.03693618097419815
229.14057028514256	0.022784251403472223	0.03658822074019375
229.2736368184092	0.022778661811275663	0.036430123192804566
229.40670335167584	0.023023737419715702	0.03655878666459343
229.53976988494247	0.022922437774838166	0.03675658704190506
229.6728364182091	0.022888902217121174	0.03673901632920133
229.80590295147573	0.02294521514895822	0.03689846126139104
229.93896948474236	0.022596431785954694	0.03693691464491741
230.072036018009	0.022414143957333044	0.0368387004064898
230.20510255127564	0.02251262684366601	0.037178421365146534
230.33816908454227	0.022797317389633878	0.0373466514780485
230.4712356178089	0.022731446715467292	0.03706734001430593
230.60430215107553	0.02283663029750543	0.03746932764092012
230.73736868434216	0.022872717679226547	0.0372279271154748
230.8704352176088	0.022728195513765977	0.03723250574120593
231.00350175087544	0.02282440524355334	0.03728305622797906
231.13656828414207	0.02279574653583629	0.03724309840172207
231.2696348174087	0.022858492252348594	0.03741434311622887
231.40270135067533	0.023006097804542346	0.03737107636372222
231.53576788394196	0.02295524588942089	0.03710621072018918
231.6688344172086	0.022913092819662355	0.036985739505236065
231.80190095047524	0.022820812486425552	0.037005328035492495
231.93496748374187	0.02309949797576842	0.03675873760038594
232.0680340170085	0.023107373363733603	0.03681713256702367
232.20110055027513	0.023428584484165422	0.03658039864488918
232.33416708354176	0.023376567252852965	0.036713623043116234
232.4672336168084	0.023478445528621484	0.03657382304779916
232.60030015007504	0.023576785949503763	0.03671668512625447
232.73336668334167	0.02367574298026196	0.03652366047753918
232.8664332166083	0.023579950962721887	0.036520606914946165
232.99949974987493	0.023482073757816208	0.03643981887683343
233.13256628314156	0.02323069786115979	0.03649471445377354
233.26563281640819	0.023534143856274194	0.03650594120361907
233.39869934967484	0.023529856365887763	0.036705828791039716
233.53176588294147	0.023582568467090854	0.03641073193370321
233.6648324162081	0.023529728573929945	0.03659118386983318
233.79789894947473	0.023506282668163535	0.03683368575153102
233.93096548274136	0.023427952031229708	0.036982419410912924
234.06403201600799	0.02356353495611157	0.03696172948725745
234.19709854927464	0.023482093851125582	0.03714649585273972
234.33016508254127	0.02393022276794024	0.037477302818297226
234.4632316158079	0.02415813210693324	0.03747900745996502
234.59629814907453	0.024233225364856763	0.037472203865174185
234.72936468234116	0.024406591861773703	0.03710697765374777
234.86243121560778	0.024247887365145743	0.036766894946056464
234.99549774887444	0.02421451168351336	0.03663060054326966
235.12856428214107	0.024097954065173083	0.036395319330233766
235.2616308154077	0.024284990603407792	0.036255438519394986
235.39469734867433	0.024507402898296154	0.036339509331681605
235.52776388194096	0.024534464626634483	0.036275886245282926
235.66083041520758	0.024674064330232816	0.036128288235396454
235.79389694847424	0.024867034163635077	0.03613846549591677
235.92696348174087	0.025090758050210844	0.03589248140191065
236.0600300150075	0.02490561513885263	0.03600173819182098
236.19309654827413	0.024702524474760925	0.03595181574615316
236.32616308154076	0.024715951411682646	0.03599391880616514
236.45922961480738	0.02467818831686686	0.0358189110063841
236.59229614807404	0.02468728488486956	0.03562924807069617
236.72536268134067	0.024777639937531654	0.03564108040793506
236.8584292146073	0.024832488026815966	0.03611480197656168
236.99149574787393	0.025076850995247892	0.03577431961490371
237.12456228114056	0.02509332995077105	0.03590987375943457
237.25762881440718	0.025161287195986214	0.03576866637744209
237.39069534767384	0.025056213594982668	0.035724869327635606
237.52376188094047	0.025125847179965917	0.035651315494452794
237.6568284142071	0.025151212045207476	0.03553148294965123
237.78989494747373	0.02497326546326314	0.03559200133812696
237.92296148074036	0.024946488099227452	0.03579541021378797
238.05602801400698	0.02477857896069229	0.035563750098989586
238.18909454727364	0.024717409747769137	0.03566168542183712
238.32216108054027	0.02468540370425837	0.035713492063067925
238.4552276138069	0.024560704557285214	0.035530148170361056
238.58829414707353	0.02472348991606858	0.035296784302860526
238.72136068034015	0.024746744142069968	0.03522594853568818
238.8544272136068	0.024695769297170437	0.03500798787571005
238.98749374687344	0.024718155139760247	0.034628633667983445
239.12056028014007	0.02467563337088206	0.034442288739962267
239.2536268134067	0.024726477199383066	0.034502054950553473
239.38669334667333	0.024881573359154047	0.03450449375070656
239.51975987993995	0.02495839786909533	0.034571509904017195
239.6528264132066	0.024963909464329064	0.03453083106266585
239.78589294647324	0.02492090996216706	0.03462092174189643
239.91895947973987	0.024896489717203076	0.03482566801821824
240.0520260130065	0.024874961931467907	0.03488192099121943
240.18509254627313	0.024917726434040544	0.03495546449725688
240.31815907953975	0.025213230895673386	0.035111151925423995
240.4512256128064	0.02513071376239864	0.03486002509882563
240.58429214607304	0.025041262267219172	0.034850852313410674
240.71735867933967	0.024839237181269253	0.034926460669465434
240.8504252126063	0.024833246508302972	0.03494071416028655
240.98349174587293	0.024650024901361783	0.03509776409167482
241.11655827913955	0.02448594557056773	0.03508029718880169
241.2496248124062	0.024337123495277856	0.03519062697575506
241.38269134567284	0.024149228093143026	0.03505986786552609
241.51575787893947	0.024147312095622913	0.03488827864261008
241.6488244122061	0.02399610259723076	0.034924308520456436
241.78189094547272	0.02400646588609212	0.03490861436710182
241.91495747873935	0.023986017904346325	0.034955093337826565
242.048024012006	0.024048382120326294	0.03520225411118285
242.18109054527264	0.02405349041906572	0.035166265032690845
242.31415707853927	0.024123472317697615	0.03498145006868125
242.4472236118059	0.024356363105906755	0.03495368530079893
242.58029014507252	0.0242611905945921	0.034866393359634894
242.71335667833915	0.024256024672091394	0.03491460800838918
242.8464232116058	0.02409507139087167	0.03512642853954351
242.97948974487244	0.023958534343695256	0.03537799103726726
243.11255627813907	0.02415224435949705	0.0354249235056251
243.2456228114057	0.024110160024050958	0.03526702041606512
243.37868934467232	0.024025714572344817	0.03533435913849691
243.51175587793895	0.02414273060701782	0.03546052652805361
243.6448224112056	0.02401082818946271	0.035303736333926396
243.77788894447224	0.02417234721935368	0.03512507485981617
243.91095547773887	0.024156884072357263	0.03524250624542418
244.0440220110055	0.023987073161624878	0.034988040560754295
244.17708854427212	0.02414855754280917	0.03504441089296349
244.31015507753875	0.02428088928718522	0.03517358813103305
244.4432216108054	0.024494980835763267	0.03508242003133913
244.57628814407204	0.024275040335298297	0.03522719130188252
244.70935467733867	0.02414058750282931	0.03524205919022194
244.8424212106053	0.024169941849977537	0.03525029029978549
244.97548774387192	0.023979701417240682	0.03544597934274947
245.10855427713855	0.02389689036127413	0.03554229795977366
245.2416208104052	0.023939582433415946	0.03563200569636101
245.37468734367184	0.02392646212380827	0.035639314353334825
245.50775387693847	0.023816825537639433	0.03564870504323954
245.6408204102051	0.02376679458428061	0.0358310818416368
245.77388694347172	0.023797620058094913	0.035717931449151974
245.90695347673835	0.024002056440242888	0.03564686075717245
246.040020010005	0.023981993862874203	0.03589587175276365
246.17308654327164	0.024192965907937913	0.03575971784925317
246.30615307653827	0.02425587186488905	0.035742344272527114
246.4392196098049	0.024208297784035316	0.03577366825450835
246.57228614307152	0.02428538912507616	0.035735965398577055
246.70535267633815	0.024445083939677967	0.036077310230413405
246.8384192096048	0.024436309249330535	0.0362175403987932
246.97148574287144	0.024308633698039324	0.03606768736192361
247.10455227613807	0.024184658120036586	0.036012341567149574
247.2376188094047	0.024311672931408547	0.03603494668917419
247.37068534267132	0.02428377500990895	0.0360511818107487
247.50375187593795	0.024148260894679696	0.03616779394524843
247.6368184092046	0.024082632972613975	0.03602718935221586
247.76988494247124	0.02400067570636149	0.03590303501836476
247.90295147573786	0.024227921128307964	0.03600069394465284
248.0360180090045	0.02405657929150568	0.03614672878684233
248.16908454227112	0.024223717481761046	0.0360379780686042
248.30215107553775	0.024125618942542382	0.03613837150741072
248.4352176088044	0.024179648987640998	0.03618747136481029
248.56828414207104	0.024191670118523734	0.03629117629957613
248.70135067533766	0.024097580310907425	0.036484004767627566
248.8344172086043	0.024182162948182012	0.0366801869434393
248.96748374187092	0.024165129954824418	0.03644834303884921
249.10055027513755	0.02416728932329992	0.036406237286321884
249.2336168084042	0.024058128463727787	0.03649805719020227
249.36668334167084	0.024033865080455793	0.03651672196546194
249.49974987493746	0.023909501912902417	0.0366724547206756
249.6328164082041	0.023711351224014986	0.036692578932487147
249.76588294147072	0.023566360588760375	0.03687647043483864
249.89894947473735	0.023650726874590446	0.03672403481223882
250.032016008004	0.02361529275864921	0.03683619848510662
250.16508254127064	0.023601973876321326	0.03657526124813752
250.29814907453726	0.02374850357096697	0.03672822835120606
250.4312156078039	0.023427712311279898	0.03685897257090157
250.56428214107052	0.023344166982612692	0.036667546151575456
250.69734867433715	0.02328534204904095	0.03656633162748091
250.8304152076038	0.0231680744958917	0.03664822463345913
250.96348174087044	0.023269416642076293	0.03681844846073736
251.09654827413706	0.023384563447534736	0.03707037816955517
251.2296148074037	0.023412715102578634	0.03701561997944552
251.36268134067032	0.02334759014298323	0.03696760860789715
251.49574787393695	0.023266525023051224	0.03696007327010853
251.6288144072036	0.023019098012778776	0.037098466835935595
251.76188094047023	0.02307176915217147	0.03696928905399144
251.89494747373686	0.023163182311339372	0.036992442438519534
252.0280140070035	0.02323178571399895	0.03677389481665153
252.16108054027012	0.023253034382998364	0.036843632199777154
252.29414707353675	0.02337846018744472	0.037085814335686466
252.4272136068034	0.023562095931902644	0.03715884084139647
252.56028014007003	0.023543810148952567	0.03670575758680533
252.69334667333666	0.0236266164181156	0.037053512716686235
252.8264132066033	0.023717208234123145	0.03725492929287693
252.95947973986992	0.023822853927618907	0.03718625974072316
253.09254627313655	0.023986901324213005	0.03733305663356459
253.2256128064032	0.02383742683628947	0.03748963057240352
253.35867933966983	0.02385095552099116	0.03758968232175506
253.49174587293646	0.0238754484221241	0.03748821826546862
253.6248124062031	0.02393519598926411	0.037810861209734585
253.75787893946972	0.02407728696848529	0.03733426740428133
253.89094547273635	0.023901469101930795	0.037426070111850354
254.024012006003	0.024042925340725867	0.037265644472417855
254.15707853926963	0.024184688210308253	0.03704203454713359
254.29014507253626	0.024125044443628185	0.036914869414334646
254.4232116058029	0.024030904886703435	0.03728199021470521
254.55627813906952	0.024096257625730002	0.037432990272795404
254.68934467233615	0.024074012999937222	0.0373810247143058
254.8224112056028	0.02416237367692696	0.037645427187568595
254.95547773886943	0.024140195608869174	0.03761119439755055
255.08854427213606	0.024269413847496236	0.03754897232266856
255.2216108054027	0.024280016173367565	0.03726302794259838
255.35467733866932	0.02408212691315053	0.03716663653262047
255.48774387193595	0.023989159125063157	0.037062173631732365
255.6208104052026	0.02396151451878747	0.036897295131235276
255.75387693846923	0.02411468900812207	0.037134303076517536
255.88694347173586	0.024182775826355214	0.03726799956580326
256.0200100050025	0.024294722805328222	0.03749663254072265
256.15307653826915	0.024334930431247803	0.03728383727346062
256.2861430715358	0.02460007879069472	0.037150670912819164
256.4192096048024	0.02459005170451476	0.03690078037274802
256.55227613806903	0.024453467740566066	0.037051476221415754
256.68534267133566	0.024494424146615193	0.036987194648121044
256.8184092046023	0.024456629997011616	0.03709976783244356
256.9514757378689	0.02429945620813274	0.036962931387316586
257.08454227113555	0.024317715713623515	0.037289036727653775
257.2176088044022	0.024298875421340536	0.037281463595284656
257.3506753376688	0.024271919119397	0.03714368345674901
257.4837418709355	0.024365891788548	0.037207500121722664
257.6168084042021	0.024105318271283382	0.03720912469418601
257.74987493746875	0.024028943671603353	0.03729234943507166
257.8829414707354	0.02409834580974597	0.037432643781755884
258.016008004002	0.024008918286627327	0.037234587458899446
258.14907453726863	0.02409682002027986	0.03721523770198748
258.28214107053526	0.023990570243587448	0.03688076366734718
258.4152076038019	0.023860042160694293	0.037048538910458874
258.5482741370685	0.023654067190158976	0.03717994076423826
258.68134067033515	0.023870742894659982	0.03745419804258064
258.8144072036018	0.02385807056607976	0.03712676663264545
258.9474737368684	0.02372136619368621	0.037204558035710766
259.0805402701351	0.023828094664701784	0.03725593917444763
259.2136068034017	0.023939083714794394	0.03706103228678658
259.34667333666835	0.024094094044061813	0.03683551267860664
259.479739869935	0.02420493681616392	0.036811694735246356
259.6128064032016	0.02427779220317142	0.03666133852761474
259.74587293646823	0.02399251477653665	0.03645764671845218
259.87893946973486	0.023939989841649488	0.036562665467652224
260.0120060030015	0.024011473315834055	0.03678184852207581
260.1450725362681	0.02380999989935174	0.03703153284220153
260.27813906953475	0.024005059047613922	0.0369209108446848
260.4112056028014	0.02403120964939019	0.03709711840309002
260.544272136068	0.024011635658698738	0.03698943593555246
260.6773386693347	0.02379072884030228	0.037052194790547555
260.8104052026013	0.023722240938672774	0.03709858655745942
260.94347173586794	0.02365377039695053	0.03701421028343902
261.0765382691346	0.023764494126554812	0.03683088668355767
261.2096048024012	0.02374169013548851	0.03713951050854528
261.34267133566783	0.023876391490555645	0.03703606128543582
261.47573786893446	0.023658361989218436	0.03694153126627203
261.6088044022011	0.02358697369443959	0.03714162366099796
261.7418709354677	0.023633978509144515	0.037055377892287786
261.87493746873434	0.023455805908976952	0.037139824913462155
262.008004002001	0.02356500184221215	0.037361168357615056
262.1410705352676	0.023500231484686884	0.037496857261144975
262.2741370685343	0.023542536595523574	0.03745350963379294
262.4072036018009	0.023503322506973706	0.0374316210433002
262.54027013506754	0.023167946547287023	0.03740661544330716
262.6733366683342	0.023408073595532573	0.03762976922675026
262.8064032016008	0.02339061409781668	0.037497102020794586
262.93946973486743	0.023234959852565993	0.03771662263062962
263.07253626813406	0.023210713881187513	0.037805148018971335
263.2056028014007	0.023278484044935314	0.038115060145339406
263.3386693346673	0.023167236327311456	0.038097320738872335
263.47173586793394	0.023320538224995583	0.03791787809084491
263.6048024012006	0.023389207652578223	0.03807255440489163
263.7378689344672	0.02330027736032488	0.03789857035379386
263.8709354677339	0.023344423568398345	0.03760954942857366
264.0040020010005	0.023299887654248504	0.03762789515383031
264.13706853426714	0.02341029979790561	0.03807031893038624
264.2701350675338	0.02338920549523919	0.038206926351749305
264.4032016008004	0.02330072033856901	0.03805018498140503
264.53626813406703	0.02325535226893304	0.038404048228274666
264.66933466733366	0.02338856082596378	0.03838339024974582
264.8024012006003	0.02334409307717176	0.038449253196061
264.9354677338669	0.02352124404922856	0.03844991039057825
265.06853426713354	0.023411614969048495	0.03840501497708531
265.2016008004002	0.02327780409421377	0.03853822146429341
265.3346673336668	0.023454807363203694	0.03831754226591923
265.4677338669335	0.023521330933872837	0.03802921442682959
265.6008004002001	0.023676633696097852	0.037896041897076536
265.73386693346674	0.02352172448971271	0.037851555615200885
265.86693346673337	0.02354368299039504	0.037962302107247214
266.0	0.023654485049833886	0.03787375415282392
