0.0	0.0	0.0
0.1330665332666333	2.211921577188732e-05	1.0799536648421774e-08
0.2661330665332666	4.448022240088213e-05	8.877213046548355e-05
0.39919959979989994	0.000377106485791463	0.0003326186016610045
0.5322661330665333	0.0007538198334308012	0.0006208949839237203
0.6653326663331666	0.0011750035873779989	0.0010865704891921705
0.7983991995997999	0.0016850289590593904	0.0015961143041512253
0.9314657328664332	0.0022607734379533223	0.0020615452680677613
1.0645322661330665	0.002659681184940124	0.0026382798914155853
1.1975987993997	0.0032138517709329076	0.003280381265604517
1.3306653326663331	0.0036342340862847034	0.0037906244605258716
1.4637318659329663	0.003988300613706205	0.004544029330482702
1.5967983991995998	0.004299537454731396	0.0050754495384923975
1.7298649324662332	0.004853587695604464	0.005763077887814995
1.8629314657328664	0.005252643218720159	0.006360156408805543
1.9959979989994996	0.005851191641321583	0.0069610464302624
2.129064532266133	0.006271324084318734	0.007980720071142318
2.2621310655327664	0.006805181925255427	0.008687853473834264
2.3951975987994	0.007491530427431541	0.009419684571155072
2.528264132066033	0.007977869118012891	0.010082998485891425
2.6613306653326663	0.008510882166382941	0.01059170013623571
2.7943971985992997	0.00910891904455	0.011193790709446082
2.9274637318659327	0.009594713396082576	0.012123403769920353
3.060530265132566	0.00997141303986396	0.01269876236095999
3.1935967983991995	0.010483943929133462	0.01349666852189824
3.326663331665833	0.011147406342579642	0.013980719308855517
3.4597298649324664	0.011498080547894206	0.014493823460207023
3.5927963981990994	0.01176585094625786	0.015293558937061183
3.7258629314657328	0.012278660578711896	0.016067880329529976
3.858929464732366	0.012852903089073208	0.016729982727805744
3.991995997998999	0.013274327904776168	0.017309778577564827
4.125062531265633	0.013897555613009444	0.018287222247337486
4.258129064532266	0.014492188447068387	0.019127411157066076
4.391195597798899	0.014869026407564132	0.020014786486293033
4.524262131065533	0.015424592977105406	0.020901226648486034
4.657328664332166	0.01586425702950309	0.021809627272371932
4.7903951975988	0.01617431741429659	0.022649723948421654
4.923461730865433	0.01645846369350277	0.02340284479711258
5.056528264132066	0.016503860684709576	0.024248443537845634
5.1895947973986996	0.016839233845649275	0.025081282639293424
5.3226613306653325	0.017057410169258835	0.025440389518330817
5.4557278639319655	0.017212704749100645	0.02643963493702679
5.588794397198599	0.01741378744267482	0.027038289829650144
5.721860930465232	0.017703473415779186	0.02803310914673298
5.854927463731865	0.017988855879052214	0.028426623042561355
5.987993996998499	0.018191549976110465	0.02914242247631241
6.121060530265132	0.018611683811707812	0.02996893350958761
6.254127063531766	0.018858067439836004	0.031118525928301277
6.387193596798399	0.01943642229367567	0.03175105152149767
6.520260130065032	0.0197147311982467	0.03233021074131711
6.653326663331666	0.019757205615622216	0.03301902549013788
6.786393196598299	0.019777370894257774	0.03372724298012659
6.919459729864933	0.01973616555852613	0.03436791632672718
7.052526263131566	0.019963599658318235	0.03501433708406696
7.185592796398199	0.020250848460507613	0.03578744731967083
7.318659329664833	0.020421367216201018	0.036315437049844426
7.4517258629314655	0.020473727537150384	0.03691795360534773
7.5847923961980985	0.020939169130621944	0.0375326402169548
7.717858929464732	0.021044935804587155	0.038005228093105706
7.850925462731365	0.021290955140598634	0.038941375785546656
7.983991995997998	0.021396983151363375	0.03976163892965795
8.117058529264632	0.021488929136515796	0.040661623701672006
8.250125062531266	0.021736962687039355	0.04112707972102238
8.383191595797898	0.022046885562748773	0.041998143446387706
8.516258129064532	0.022311396719596727	0.04262773929655259
8.649324662331166	0.022481670709438368	0.04312491474965642
8.782391195597798	0.0225095583454973	0.04408451057823602
8.915457728864432	0.022916337339497224	0.04487371297723992
9.048524262131066	0.02331399965180081	0.0455861072920765
9.181590795397698	0.02370962696593725	0.046428962386882947
9.314657328664332	0.023975586030276236	0.047228665738434046
9.447723861930966	0.024304858030638213	0.04803767320185232
9.5807903951976	0.024385851595218437	0.048384934006871855
9.713856928464232	0.024384543740744124	0.04902749664499866
9.846923461730865	0.024363609697582344	0.05023613213227263
9.9799899949975	0.02448384991047231	0.0513489914765825
10.113056528264131	0.02489155888410179	0.052009474686529375
10.246123061530765	0.025351066243392263	0.05280691165132739
10.379189594797399	0.0255652162697813	0.05332707508833444
10.512256128064031	0.025720794465199873	0.05385157965449121
10.645322661330665	0.025874057407681297	0.05478382677035836
10.778389194597299	0.025911469627624775	0.05539254988327911
10.911455727863931	0.025847786802642235	0.05592270260745024
11.044522261130565	0.026014113610459896	0.05641280959095772
11.177588794397199	0.026322911765147824	0.05711169067832904
11.31065532766383	0.026420477746488296	0.05794744469641423
11.443721860930465	0.02641110988250359	0.05854548036887223
11.576788394197099	0.02666125587897085	0.05924686380413341
11.70985492746373	0.026333764070014316	0.05964865719043681
11.842921460730365	0.026577807469745786	0.06043318810529884
11.975987993996998	0.026333366941158193	0.06083877387268377
12.109054527263632	0.026661565419092526	0.060901209942441116
12.242121060530264	0.02689632870122859	0.06223882827936257
12.375187593796898	0.02707316149468441	0.06280487499132476
12.508254127063532	0.027201695748997418	0.06394825783257206
12.641320660330164	0.02734704132802875	0.06475362384304165
12.774387193596798	0.027791208987415376	0.06557643499734757
12.907453726863432	0.028005300728220387	0.06622069094403225
13.040520260130064	0.028174255837189393	0.06648387583480642
13.173586793396698	0.028156255998497897	0.06703290074838332
13.306653326663332	0.02830250194173122	0.06771512859412245
13.439719859929964	0.028181002546237087	0.06829748063095128
13.572786393196598	0.02868887470162966	0.0689915005268076
13.705852926463232	0.029018447307029235	0.06918261658724455
13.838919459729865	0.029046967092438515	0.06976847540569804
13.971985992996498	0.029406677523651784	0.07053869765635246
14.105052526263131	0.029525218707517384	0.07046936326449965
14.238119059529765	0.029522295193900965	0.07063390364768615
14.371185592796397	0.029528512402673932	0.07128807923498583
14.504252126063031	0.029662132233829987	0.07180053160125571
14.637318659329665	0.029702746608641396	0.07212170658578315
14.770385192596297	0.02977352012511378	0.07273718339943436
14.903451725862931	0.029986396709253908	0.07302463437778024
15.036518259129565	0.030409440508620367	0.0734499686206988
15.169584792396197	0.030713539510886668	0.07325882670570348
15.302651325662831	0.030976142176440947	0.07357891160248566
15.435717858929465	0.03109707700518159	0.07442038775097072
15.568784392196097	0.031076275190898506	0.0743433809119391
15.70185092546273	0.03124548482288943	0.0743558775614602
15.834917458729365	0.03158261105227971	0.07445145395817059
15.967983991995997	0.031700430938636955	0.07472530947000489
16.101050525262632	0.03136397445795512	0.0751935959055286
16.234117058529264	0.03173301813104834	0.07611303889591116
16.367183591795897	0.03178896218930326	0.0768470166744273
16.500250125062532	0.03193910334778249	0.07729608807172018
16.633316658329164	0.03190165369879803	0.0776105418425289
16.766383191595796	0.032224847208123276	0.07813221758819273
16.899449724862432	0.03240572196208154	0.0787844437160765
17.032516258129064	0.03235369725441978	0.07955988073046488
17.165582791395696	0.032315304075052086	0.07997633425189873
17.298649324662332	0.03233511801021222	0.07986085338589673
17.431715857928964	0.032346200452750606	0.08040061615458406
17.564782391195596	0.032621533701965535	0.08065697168285539
17.69784892446223	0.03280701763841183	0.08145940887104129
17.830915457728864	0.032771798329480635	0.08165685899358345
17.963981990995496	0.0326400949358372	0.08173600142638647
18.09704852426213	0.03260218054028618	0.0823769353427005
18.230115057528764	0.03262874774949767	0.0827005460304015
18.363181590795396	0.03280170426309013	0.08357038346582464
18.49624812406203	0.03309557373953747	0.08388287008401579
18.629314657328663	0.0329959148031143	0.08397666187004107
18.762381190595296	0.032971417038506014	0.08438805908160335
18.89544772386193	0.03284717306832092	0.08508430328751183
19.028514257128563	0.03306782359998892	0.08530441933480234
19.1615807903952	0.033266605417912286	0.08550881178814497
19.29464732366183	0.033181001896122546	0.08573063875644837
19.427713856928463	0.03342310606405618	0.08606023081288536
19.5607803901951	0.033649569555008446	0.08666619310171646
19.69384692346173	0.03367268318177519	0.08727314175935968
19.826913456728363	0.033854878264305756	0.08771866584413537
19.959979989995	0.033988665360350466	0.08727781330951259
20.09304652326163	0.034186556903534816	0.08751655070952698
20.226113056528263	0.03426751602724887	0.08739329046309952
20.3591795897949	0.034309943559692746	0.08763157237758362
20.49224612306153	0.03424960312649567	0.08825084743415607
20.625312656328163	0.03411452918530311	0.08900456941718558
20.758379189594798	0.034369878351809095	0.08974128238597612
20.89144572286143	0.03449436086140425	0.09047307813428582
21.024512256128062	0.03462548445857881	0.09089609482247403
21.157578789394698	0.03463524803268607	0.09145260732174058
21.29064532266133	0.03468490291366919	0.09138750189657784
21.423711855927962	0.03502727920552905	0.0912581286012462
21.556778389194598	0.03494632805832551	0.09151615019769689
21.68984492246123	0.03502384803250643	0.09173804161052533
21.822911455727862	0.03511857644435071	0.09213525250371686
21.955977988994498	0.035232532756184765	0.09268878360841011
22.08904452226113	0.0351371126296087	0.09318002271029673
22.222111055527762	0.03549032584798802	0.0936092143169109
22.355177588794398	0.03562819103979447	0.09342243771503694
22.48824412206103	0.035455818731740495	0.09351341014724553
22.62131065532766	0.03558320724850803	0.09403768847816937
22.754377188594297	0.03566155794627412	0.09372367887587432
22.88744372186093	0.03579805393572173	0.09440168890112964
23.02051025512756	0.03607603004786881	0.09457542101180977
23.153576788394197	0.035856133915404965	0.09474009577969249
23.28664332166083	0.03598781517319103	0.09514204905589646
23.41970985492746	0.03583957363213901	0.0951362480212586
23.552776388194097	0.03610163386502399	0.09556195900768151
23.68584292146073	0.03619037210222314	0.09609554645714488
23.818909454727365	0.03616737202616658	0.0959270453979889
23.951975987993997	0.03622418656940438	0.09580594156272401
24.08504252126063	0.036350136004200506	0.09586219544054983
24.218109054527265	0.03640591118725637	0.09620425452070089
24.351175587793897	0.0365613446223032	0.0963704535010145
24.48424212106053	0.03638787190290812	0.09704601430367217
24.617308654327164	0.036589273110865767	0.09704876971676733
24.750375187593797	0.03669760617035362	0.09725376990413234
24.88344172086043	0.03674975754567927	0.09785639799280761
25.016508254127064	0.03716863719374824	0.09823955683666412
25.149574787393696	0.03732276735747965	0.09838463572537948
25.28264132066033	0.03756015062549999	0.097983716084696
25.415707853926964	0.037447897811072994	0.09792871212669128
25.548774387193596	0.0378838405774944	0.09784704890808253
25.68184092046023	0.03799013588159602	0.0982951828129395
25.814907453726864	0.038051835590707184	0.09857155890701455
25.947973986993496	0.038000869273687385	0.09863996810937448
26.081040520260128	0.0380759599562582	0.09878505647548194
26.214107053526764	0.03834888262441794	0.09882681238988789
26.347173586793396	0.03835096335015057	0.09930202939395683
26.480240120060028	0.038573959425835844	0.099650709214085
26.613306653326664	0.0386419168351324	0.0995307129564925
26.746373186593296	0.03877644815890351	0.0996047588193752
26.879439719859928	0.038683490748394056	0.09966931057469557
27.012506253126563	0.03895063191202875	0.10006151777971517
27.145572786393195	0.03891294139668	0.10038791441697927
27.278639319659828	0.038990750397413176	0.10080547790243073
27.411705852926463	0.038992532618430886	0.10130163986613229
27.544772386193095	0.038924645660630204	0.10149141430391798
27.67783891945973	0.03906881581653836	0.10147638419833498
27.810905452726363	0.03892878797216955	0.10126832726164249
27.943971985992995	0.039022287100043455	0.10106140357511098
28.07703851925963	0.03913313286857265	0.1014292061040858
28.210105052526263	0.039048012673399926	0.10121827214932705
28.343171585792895	0.03917341441597453	0.1012365634533311
28.47623811905953	0.03918915577015125	0.10142985101820044
28.609304652326163	0.039104864221164465	0.10152725176838602
28.742371185592795	0.03938200857450022	0.10173485166535517
28.87543771885943	0.03947498661978046	0.10183253215567063
29.008504252126063	0.0395707087612372	0.10237464284646115
29.141570785392695	0.03970261904468086	0.1025475512904953
29.27463731865933	0.03978515801389308	0.10259162379335378
29.407703851925962	0.03976504065426606	0.10287839945293062
29.540770385192594	0.039583670985884854	0.10283441862642671
29.67383691845923	0.039603012475290404	0.10253263541283231
29.806903451725862	0.0398892631257231	0.1024714412562107
29.939969984992494	0.039809956631186236	0.10314417957901144
30.07303651825913	0.039561380636215476	0.1036474917959035
30.206103051525762	0.040006351320087036	0.10347472529444932
30.339169584792394	0.04039197229039756	0.10335987050109183
30.47223611805903	0.04012806483426609	0.10337769082032516
30.605302651325662	0.04038361697837668	0.1033280733703076
30.738369184592294	0.040463158793623444	0.10308178510365487
30.87143571785893	0.04041637146164219	0.10363441341965374
31.00450225112556	0.04039621729799474	0.10388015009220909
31.137568784392194	0.040437193847541505	0.10443551566691021
31.27063531765883	0.04064177466528474	0.10458560552333766
31.40370185092546	0.04067167669129575	0.10459338535112953
31.536768384192094	0.040529719102382206	0.10467275350249838
31.66983491745873	0.040659823635987816	0.10488149158100184
31.80290145072536	0.04082592448879984	0.10544357062212045
31.935967983991993	0.04089976386845695	0.10488395396632104
32.06903451725863	0.04063231637694629	0.10487884812168118
32.202101050525265	0.04096847087459156	0.10510592755570773
32.33516758379189	0.040795639652785425	0.10531596603600417
32.46823411705853	0.040731412316469436	0.10611097891352494
32.601300650325165	0.04069269002337432	0.10670431180364491
32.73436718359179	0.04060962525413589	0.10718150843727722
32.86743371685843	0.04078135591202514	0.10697168109828406
33.000500250125064	0.04060863857271833	0.10733441660455385
33.13356678339169	0.04054006278861091	0.10777457925755604
33.26663331665833	0.0408787559296532	0.10781490557193882
33.399699849924964	0.04082771307128224	0.10799544996736028
33.53276638319159	0.041008653755496983	0.10753820291663367
33.66583291645823	0.04106312490006501	0.10686484444994797
33.798899449724864	0.04139735996806212	0.10692744828754062
33.93196598299149	0.041658126226823945	0.10673158604276893
34.06503251625813	0.041771263969660036	0.10746811562802049
34.198099049524764	0.04199850832213335	0.10766015633795564
34.33116558279139	0.04204150620353	0.10798985682428737
34.46423211605803	0.0418181721611204	0.10817618273447925
34.597298649324664	0.04183052736440903	0.10771892025758364
34.73036518259129	0.04202662858876828	0.10790186511489597
34.86343171585793	0.04228913086535809	0.1076808487239985
34.99649824912456	0.0422921105040775	0.10788879312738231
35.12956478239119	0.04206963909096877	0.10811277312721257
35.26263131565783	0.04231339207062809	0.10860611861312892
35.39569784892446	0.04204912843376838	0.10879209677658201
35.52876438219109	0.041763817432839155	0.10863144454632764
35.66183091545773	0.04187152285909209	0.1086661500540721
35.79489744872436	0.041823164440166635	0.10929593903078992
35.92796398199099	0.04188125321538486	0.10939701178486425
36.06103051525763	0.042294399540657626	0.10886509289668321
36.19409704852426	0.04235327379490865	0.10922387582573043
36.32716358179089	0.04245093277905128	0.10926309068733088
36.46023011505753	0.04240312375154264	0.10890227937807928
36.59329664832416	0.042198790698209754	0.10908743531721857
36.72636318159079	0.042438605203234385	0.10921948223647046
36.85942971485743	0.04235659127700766	0.10892287281393569
36.99249624812406	0.04207840211045248	0.10958473563744926
37.12556278139069	0.0420733192886709	0.10999624614773316
37.25862931465733	0.0420797853571669	0.10994187706325782
37.39169584792396	0.041812117340346205	0.11013928521706126
37.52476238119059	0.04183817935010929	0.10999580987569615
37.65782891445723	0.041909244930729124	0.11013819243628183
37.79089544772386	0.04172156692792355	0.11015336167122501
37.92396198099049	0.04182700325064735	0.11069467851954715
38.05702851425713	0.0417453485271359	0.11070496780777167
38.19009504752376	0.04162077226079388	0.11080766453191901
38.3231615807904	0.041701793229622974	0.11071401221288399
38.456228114057026	0.041783547417214136	0.11094294912919483
38.58929464732366	0.04217518445181618	0.11122600324787953
38.7223611805903	0.04196511072796974	0.11076461266682615
38.855427713856926	0.042214851710161046	0.1108098918354826
38.98849424712356	0.042506131899381426	0.11092608609464188
39.1215607803902	0.0426303024388025	0.11088474323441569
39.254627313656826	0.042565444759221444	0.1108981667827597
39.38769384692346	0.0431851219317203	0.11105099426335766
39.5207603801901	0.04310087268277812	0.11083287670283612
39.653826913456726	0.04320991152554432	0.11047438480112627
39.78689344672336	0.04322827652093687	0.11012945750388248
39.91995997999	0.043561524631366165	0.11018308305895692
40.053026513256626	0.04350390051689198	0.10990437159132498
40.18609304652326	0.043648221756914796	0.10953231523821212
40.3191595797899	0.043818693650985036	0.10948532891899604
40.452226113056525	0.04415794429725727	0.10962612145090775
40.58529264632316	0.04403570808127096	0.10965019421315843
40.7183591795898	0.04407251392487315	0.10906841186276596
40.851425712856425	0.04416178935257672	0.10885861387766547
40.98449224612306	0.044197669012492384	0.10903209204743089
41.1175587793897	0.04447047851481126	0.10942884994259013
41.250625312656325	0.04449200278561015	0.10982804612223279
41.38369184592296	0.0447316732969805	0.10957672761487176
41.516758379189596	0.044926996710767345	0.10954378412689998
41.649824912456225	0.045184010172651425	0.1100333564115836
41.78289144572286	0.045429707486165545	0.10986572128372735
41.915957978989496	0.04546487600937447	0.10974805881405306
42.049024512256125	0.04535802168429444	0.10926865476522037
42.18209104552276	0.0452778994160873	0.10957119865922373
42.315157578789396	0.04532647085839294	0.1101078247231368
42.448224112056025	0.045267245112351515	0.11033135842387026
42.58129064532266	0.04546050635202198	0.11085267854170196
42.714357178589296	0.0454295545891147	0.11144839101315343
42.847423711855924	0.045495542180913735	0.11194483317198677
42.98049024512256	0.045506630449873575	0.11154537157431223
43.113556778389196	0.045711175280977505	0.11098421827137242
43.246623311655824	0.04587448720631957	0.11124851724740305
43.37968984492246	0.04585563100503451	0.1110642514904488
43.512756378189096	0.04597185844780401	0.11126864541733737
43.645822911455724	0.045939447558548466	0.11116654575271788
43.77888944472236	0.045985219707652306	0.11147244021719054
43.911955977988995	0.046407228417695616	0.11171314243403763
44.045022511255624	0.04655891075514987	0.11222395299479786
44.17808904452226	0.046700341024515216	0.11170692394014899
44.311155577788895	0.046752928522821195	0.11195473202405859
44.444222111055524	0.0468701882570566	0.11197105673779355
44.57728864432216	0.04692194070111885	0.11198235199107473
44.710355177588795	0.047248534301987874	0.11218852614747023
44.843421710855424	0.047445392904577686	0.11238722024626649
44.97648824412206	0.04764225410045409	0.11274234209906892
45.109554777388695	0.04785070704120033	0.1129732877928134
45.24262131065532	0.04775295214124692	0.11325496628558648
45.37568784392196	0.04778602568314003	0.11326574904566293
45.508754377188595	0.04797922889405713	0.11283340065592218
45.64182091045522	0.048012689004331005	0.11328694734768048
45.77488744372186	0.04819721045744487	0.11392516367041938
45.907953976988495	0.04793872300162904	0.11420625974187662
46.04102051025512	0.04797558870410111	0.11412953302995402
46.17408704352176	0.04771759402829199	0.11457809222566338
46.307153576788394	0.04776838687146281	0.11469892201492651
46.44022011005502	0.04773846770731262	0.11516658453759948
46.57328664332166	0.047106861892849	0.11559327756374077
46.706353176588294	0.04710960631101533	0.11559666386544905
46.83941970985492	0.047171414017808846	0.1156174582453475
46.97248624312156	0.047068521813584466	0.11524665133585499
47.105552776388194	0.04702251463315518	0.1156798679873857
47.23861930965483	0.047221682381212125	0.11568933740926277
47.37168584292146	0.047584546299218156	0.11556915119785956
47.504752376188094	0.04746086481127797	0.11607092302121573
47.63781890945473	0.047215553080099226	0.1167211109508315
47.77088544272136	0.047244284630004726	0.11685957542473872
47.903951975987994	0.04739380132923921	0.11678996293546953
48.03701850925463	0.04738318029707442	0.11703559310698484
48.17008504252126	0.0473755151334393	0.11692004543556256
48.30315157578789	0.047511002748576045	0.11681543421297519
48.43621810905453	0.047437087598478124	0.11707996703278392
48.56928464232116	0.04750017537441913	0.11700823443650961
48.70235117558779	0.047343758785491075	0.11702097896120082
48.83541770885443	0.04706496213337767	0.11725881088258279
48.96848424212106	0.04744242558600039	0.11741948623187866
49.10155077538769	0.04754125101807845	0.11761198986319567
49.23461730865433	0.047709149689401015	0.11744303721369577
49.36768384192096	0.047577484583912005	0.1177104667116369
49.50075037518759	0.04754973680765756	0.11788834586855644
49.63381690845423	0.04771171842845355	0.11836332590795902
49.76688344172086	0.04798639411007968	0.11889882773281678
49.89994997498749	0.04772170721246877	0.11922587325151994
50.03301650825413	0.04750916038826389	0.11906664406481063
50.16608304152076	0.04713776915469407	0.11962426194603867
50.29914957478739	0.04756956196925616	0.11959071652513506
50.43221610805403	0.04786519195732058	0.11925177831076629
50.56528264132066	0.04803446903831582	0.11966200635917107
50.69834917458729	0.04799701692568817	0.11969061738840814
50.83141570785393	0.048048828228033795	0.11931871962915343
50.96448224112056	0.04823352211997181	0.11941715098062533
51.09754877438719	0.047775789906592155	0.11917613921462859
51.23061530765383	0.047455245131027536	0.11899830638336475
51.36368184092046	0.04726866724778749	0.11897886689329666
51.49674837418709	0.047270066957854545	0.11924849676164229
51.62981490745373	0.04717530042489201	0.11936292405718374
51.762881440720356	0.04715427570760537	0.11896124505059051
51.89594797398699	0.0475464404251355	0.11880582087698036
52.02901450725363	0.047388100174613916	0.11876544939848532
52.162081040520256	0.047466950109124474	0.11895294043206905
52.29514757378689	0.04730584312246531	0.11949862866180279
52.42821410705353	0.04734190140130848	0.11977715598478818
52.561280640320156	0.04801355011410245	0.1193891403747499
52.69434717358679	0.048266337643610505	0.11988930803229084
52.82741370685343	0.04811706161485851	0.11968259324129717
52.960480240120056	0.04829551801956915	0.11954126083975031
53.09354677338669	0.04831261708430734	0.1195103721854934
53.22661330665333	0.04853228726858558	0.1195160650241961
53.359679839919956	0.04851150056284608	0.11942510116881003
53.49274637318659	0.048382831920892495	0.11939378850511885
53.62581290645323	0.04824622556539882	0.11983958397141302
53.758879439719855	0.04808723939166837	0.12007471767626332
53.89194597298649	0.047834553763338956	0.120239394412202
54.02501250625313	0.04792568067007497	0.12005976236344439
54.158079039519755	0.04772492503254903	0.12050277657338268
54.29114557278639	0.04759378314537853	0.12041980123587559
54.42421210605303	0.04772441766611687	0.12085780427523941
54.557278639319655	0.0478045922717617	0.12087289726840061
54.69034517258629	0.04767170668665182	0.12076878863353543
54.823411705852926	0.047727457942025035	0.12088590421926315
54.956478239119555	0.04784586336913306	0.1215073895515461
55.08954477238619	0.04797420546943477	0.1215373754225457
55.222611305652826	0.04793592367877212	0.12128397068984517
55.35567783891946	0.04792306858388381	0.12144987389660586
55.48874437218609	0.048255896353514925	0.12090697255153693
55.621810905452726	0.048148579646889844	0.121264848276535
55.75487743871936	0.0482510535348914	0.12154416287811638
55.88794397198599	0.04816037618071649	0.12181256903402143
56.021010505252626	0.048106433362753206	0.12142258559964453
56.15407703851926	0.048125922556572776	0.12130833582228068
56.28714357178589	0.04800020627213984	0.12142347039625527
56.420210105052526	0.048505474567021534	0.1207076437220927
56.55327663831916	0.048557025130721854	0.1207251778343277
56.68634317158579	0.04839198309406805	0.12061267240625564
56.819409704852426	0.04841436734782221	0.12082983270533805
56.95247623811906	0.04836888002398185	0.1205212631217077
57.08554277138569	0.04871604797096487	0.12071429841149836
57.218609304652325	0.0486412416771519	0.1212124566724384
57.35167583791896	0.04845699142860987	0.12096259027540687
57.48474237118559	0.04872060828179477	0.12069941238657657
57.617808904452225	0.04859301808418768	0.12077703884053832
57.75087543771886	0.04820886432856923	0.12097042365049594
57.88394197098549	0.0480208747065872	0.12103024980915128
58.017008504252125	0.04794434314981954	0.12130209502990305
58.15007503751876	0.04783849841230291	0.12148104765984243
58.28314157078539	0.0478866335075785	0.12159935769094142
58.416208104052025	0.04782393668906101	0.12189645041910777
58.54927463731866	0.047885039899018704	0.12206380761599005
58.68234117058529	0.0481956348775407	0.12209738528776458
58.815407703851925	0.04840249505816899	0.12202123678814367
58.94847423711856	0.04838986792977201	0.12211859913030301
59.08154077038519	0.04836052798621531	0.12249149256488154
59.214607303651825	0.048776443743520484	0.12291427815494058
59.34767383691846	0.04901049337349137	0.12333339903747001
59.48074037018509	0.04878737769137097	0.12343564595136026
59.613806903451724	0.048869887263852135	0.1234848075312913
59.74687343671836	0.04882453513908567	0.12317942099301012
59.87993996998499	0.04915220381301024	0.12370418722637412
60.013006503251624	0.04927680637844884	0.12340174647555106
60.14607303651826	0.049249961164972884	0.12381298554373148
60.27913956978489	0.04931784447671819	0.12416796168578269
60.412206103051524	0.04914246820958763	0.12423891261674487
60.54527263631816	0.04912567860389131	0.1242883393841066
60.67833916958479	0.0493733373078792	0.12435732193840464
60.811405702851424	0.049338865031805526	0.12454277206664228
60.94447223611806	0.04943395745722036	0.12469610672088684
61.07753876938469	0.04961485270272642	0.12467002541358825
61.210605302651324	0.04976241412518625	0.12504135586448467
61.34367183591796	0.05001580570825182	0.12485223658670565
61.47673836918459	0.049892597980340084	0.12485481189136877
61.60980490245122	0.04965492290941118	0.12534831880534802
61.74287143571786	0.049644973084700714	0.12564551449696074
61.87593796898449	0.04988810136471691	0.1256043129637629
62.00900450225112	0.05003346186936542	0.1251880374337596
62.14207103551776	0.05033741745679554	0.12546479968685348
62.27513756878439	0.05072465717057213	0.12574260520528802
62.40820410205102	0.05061344170058595	0.1254836381448866
62.54127063531766	0.05101935515854801	0.1251832839914019
62.67433716858429	0.051248351378592835	0.1250081622990639
62.80740370185092	0.05135032549881061	0.12500832275108392
62.94047023511756	0.05158720176410809	0.12500224741061858
63.07353676838419	0.051676744742238864	0.12510067598860217
63.20660330165082	0.05176786533477311	0.1252440935614173
63.33966983491746	0.05142590072407854	0.12537741917151413
63.47273636818409	0.05130524704140601	0.12576670403489654
63.60580290145072	0.051128699804725355	0.12552060685711827
63.73886943471736	0.0509815064899727	0.1255102137535148
63.87193596798399	0.051372510738099036	0.12533788505582213
64.00500250125063	0.0513922884248335	0.12516037216827292
64.13806903451726	0.05124112936265995	0.125468382553776
64.27113556778389	0.05131344155322661	0.12569781262260274
64.40420210105053	0.05147073731000078	0.12545792197503236
64.53726863431716	0.051649143255543026	0.12569668284863392
64.67033516758379	0.051561808424639914	0.12607874856183798
64.80340170085043	0.051636266222197816	0.12619522245562256
64.93646823411706	0.05171741972726314	0.12641089950704662
65.06953476738369	0.051798230673777576	0.12632074692011855
65.20260130065033	0.051781599038793515	0.12678502198931554
65.33566783391696	0.05191733415119601	0.12668324360773756
65.46873436718359	0.05157936806603681	0.12637497737190165
65.60180090045023	0.05190117009622716	0.12627095160274077
65.73486743371686	0.05201080214744265	0.1268062983925063
65.86793396698349	0.052050818300796164	0.1263861284080408
66.00100050025013	0.05223243313194431	0.12643618912207064
66.13406703351676	0.05233684050227564	0.1260196018746837
66.26713356678339	0.05229111258427537	0.12598039475073702
66.40020010005003	0.052399160141689355	0.12626496676190443
66.53326663331666	0.05235959455985987	0.12598629017999505
66.66633316658329	0.05222700425610981	0.12626862095115984
66.79939969984993	0.052603759138052986	0.12666486166821525
66.93246623311656	0.052724071446284326	0.1268366757633533
67.06553276638319	0.052922931394849396	0.12645739682238843
67.19859929964983	0.05305864222051589	0.12637862364649488
67.33166583291646	0.05304120386313271	0.12655087906944537
67.46473236618309	0.05309223153359202	0.1265382992013319
67.59779889944973	0.053066995326634545	0.1268122348694778
67.73086543271636	0.05282417722574243	0.1265815309852925
67.86393196598299	0.052996432392445926	0.12639568820234232
67.99699849924963	0.05333466623629812	0.1265778486627917
68.13006503251626	0.0534074217663376	0.12627701041911601
68.26313156578288	0.05375460480404668	0.12599474122927226
68.39619809904953	0.05376487159590008	0.1256566894637096
68.52926463231616	0.053775665580712985	0.12561732488756838
68.66233116558278	0.05360451357308751	0.1253759390152833
68.79539769884943	0.0537364169319417	0.12538081518741742
68.92846423211606	0.05399655471642498	0.12497781987107277
69.06153076538268	0.05390763368716345	0.12510427999040444
69.19459729864933	0.054085004084756104	0.12531706599844147
69.32766383191596	0.05406629373164714	0.1258557708872501
69.46073036518258	0.05407796898551513	0.1260102463262598
69.59379689844923	0.05409034622822201	0.12625822403776218
69.72686343171586	0.054215108983547665	0.12604432229050955
69.85992996498248	0.054223435218781285	0.12599599450950075
69.99299649824913	0.05437714930826937	0.1261710993815186
70.12606303151576	0.054690587122398805	0.1260959951160699
70.25912956478238	0.0547451633373774	0.1260956663671252
70.39219609804903	0.05455530350075228	0.12593899613334816
70.52526263131566	0.054551973665597664	0.1257583972598453
70.65832916458228	0.054839042862765384	0.1259525453130916
70.79139569784893	0.05512585531569646	0.12592671787239174
70.92446223111556	0.05500816151598743	0.12618755971864148
71.05752876438218	0.05505786239194812	0.12650180831827706
71.19059529764883	0.05499323868244451	0.12673645704562955
71.32366183091546	0.05474250299919226	0.12691009480931853
71.45672836418208	0.05480301048373136	0.12702758793908667
71.58979489744873	0.05432143453436459	0.12736977359130075
71.72286143071535	0.05405698382842562	0.1267445491138712
71.85592796398198	0.05387694230188665	0.12684980097094403
71.98899449724863	0.053877278459966864	0.12756727714835345
72.12206103051525	0.054109600668251844	0.1279731556277482
72.25512756378188	0.05405403829607464	0.12791871297097315
72.38819409704853	0.05392873091135664	0.12779919656331196
72.52126063031515	0.053574441118619	0.1283589511071673
72.65432716358178	0.05340885001260514	0.12833898694173212
72.78739369684843	0.053555397791944064	0.12825597727407045
72.92046023011505	0.05394687622739671	0.12852435046611285
73.05352676338168	0.05406869377029124	0.12893860634896354
73.18659329664833	0.05377924688772814	0.1287720238840907
73.31965982991495	0.05400321734719248	0.1284214081199789
73.45272636318158	0.0541466605963253	0.12835189074283668
73.58579289644823	0.05411891664559586	0.12833563597405298
73.71885942971485	0.054211201415011886	0.12834457918036193
73.85192596298148	0.05439116439162966	0.128859090904265
73.98499249624813	0.05429536126170178	0.12919338177565656
74.11805902951475	0.05429068021012173	0.12969761417414036
74.25112556278138	0.05423260140670926	0.12968939247226358
74.38419209604803	0.05412282407880737	0.12968665346290453
74.51725862931465	0.054426101059884574	0.12948014953570589
74.65032516258128	0.05433641796394978	0.12947508133618688
74.78339169584793	0.054263560929149954	0.12938443890175708
74.91645822911455	0.05411220054736593	0.12937865142938243
75.04952476238118	0.05413598351260661	0.129564000486186
75.18259129564782	0.053985737483067786	0.12951134371937847
75.31565782891445	0.053741871653966836	0.12977036046146548
75.44872436218108	0.05371971213701142	0.12912275754294114
75.58179089544772	0.05374743802641811	0.12938491180995343
75.71485742871435	0.05401630613944684	0.12916145266871235
75.84792396198098	0.05409832887222321	0.1287238460482619
75.98099049524762	0.05389064889955478	0.12852230846090804
76.11405702851425	0.053862282393405576	0.12875854337861337
76.24712356178088	0.053779490267447015	0.12882832068353045
76.38019009504752	0.05368578080215551	0.1291061421236614
76.51325662831415	0.053650728253081675	0.1292313029213858
76.6463231615808	0.05375745067994729	0.12887892616018434
76.77938969484742	0.05415625578712241	0.12920755147867685
76.91245622811405	0.05405517864067911	0.12913001378495725
77.0455227613807	0.05415418578345924	0.12892906166819057
77.17858929464732	0.05425555659069579	0.12899220326696226
77.31165582791395	0.05414981427860646	0.12888169853317655
77.4447223611806	0.05440245622289384	0.12885743685372586
77.57778889444722	0.05446769898665168	0.12859063378205596
77.71085542771385	0.054255306524154515	0.1283615420997449
77.8439219609805	0.054228392858778146	0.12830916572344234
77.97698849424712	0.05434698021324661	0.1284449070395865
78.11005502751375	0.05419038181715499	0.12833143350290893
78.2431215607804	0.05422699934871684	0.12857267053616578
78.37618809404702	0.054147575760792065	0.12868001650636957
78.50925462731365	0.053982989786874644	0.12857716416511297
78.6423211605803	0.053770513650009816	0.1284766250410894
78.77538769384692	0.053944934876332624	0.128159131886417
78.90845422711355	0.05373751053996699	0.12852915903842743
79.0415207603802	0.05360401333655926	0.12902687427893472
79.17458729364682	0.05370689857427279	0.12883591750445444
79.30765382691345	0.05385647364611712	0.12877395693281382
79.4407203601801	0.053953517121904965	0.12957878134355602
79.57378689344672	0.053629545099751624	0.12990794440595058
79.70685342671335	0.05370384811344428	0.1300126345840807
79.83991995998	0.05362458197588498	0.13085338106608718
79.97298649324662	0.05314079195915159	0.13064693437882638
80.10605302651325	0.0534191130822395	0.13051108524414
80.2391195597799	0.05340486991339543	0.13073204707922478
80.37218609304652	0.05319551051339685	0.13104551365089084
80.50525262631315	0.053184463726189284	0.13051942882337964
80.6383191595798	0.053287438509419804	0.1302304203739682
80.77138569284642	0.05367532371435702	0.13041354160543583
80.90445222611305	0.05372025233406775	0.13011992334516934
81.0375187593797	0.05367565643338056	0.1299002408559125
81.17058529264632	0.0537069280376324	0.1299203040848318
81.30365182591295	0.05366244670880448	0.13010261965291123
81.4367183591796	0.054005500082050364	0.1300870728445538
81.56978489244622	0.05412784021844805	0.12978256778182695
81.70285142571285	0.054184525195221774	0.1300970578229429
81.8359179589795	0.05409033843412228	0.1301722795964022
81.96898449224612	0.05418952406867293	0.13037326208945774
82.10205102551275	0.054456963038617245	0.13005890759044866
82.2351175587794	0.054476973897749956	0.13066992471940223
82.36818409204602	0.05443385610403774	0.13075016570346457
82.50125062531265	0.054657250263382785	0.13045250708401288
82.6343171585793	0.05464847912880552	0.13036376969004618
82.76738369184592	0.05490004708853144	0.12996724870861917
82.90045022511255	0.05496972239338285	0.12974775275582084
83.03351675837919	0.054892131969904404	0.13010640902160864
83.16658329164582	0.05494488506182755	0.1302053946632942
83.29964982491245	0.05506407118288451	0.13092109940142746
83.43271635817909	0.055193927178794025	0.1312142049671487
83.56578289144572	0.05487585605363705	0.13157473805823425
83.69884942471235	0.055061752685648876	0.13178332853535393
83.83191595797899	0.05536926162185334	0.1319179777150163
83.96498249124562	0.05542729686829405	0.13201971595005257
84.09804902451225	0.05559192041732961	0.13146798525149928
84.23111555777889	0.05562609669941653	0.1319403835665536
84.36418209104552	0.05590676900408767	0.13225392326327448
84.49724862431215	0.055702526698475564	0.13239870959707897
84.63031515757879	0.05582543845031202	0.13254610845539197
84.76338169084542	0.05601528147176677	0.13282087511153967
84.89644822411205	0.05598811727289566	0.13306023405129336
85.02951475737869	0.05633964903918548	0.13297384098106318
85.16258129064532	0.056800175367992874	0.1327903699663416
85.29564782391195	0.0569471361437137	0.13275299465851603
85.42871435717859	0.05741295127142769	0.1326376622268545
85.56178089044522	0.05752997408980678	0.13268633608084573
85.69484742371185	0.05740586579515177	0.13306197874785927
85.82791395697849	0.057013945475003124	0.13281252942865018
85.96098049024512	0.05690094667377972	0.13262503379081697
86.09404702351175	0.05721894481453589	0.13248754920038264
86.22711355677839	0.057156414920103996	0.13278208781050796
86.36018009004502	0.057070988099331546	0.13254979854616783
86.49324662331165	0.056927644164881934	0.1325418887889681
86.62631315657829	0.056888534717836885	0.13262221577543798
86.75937968984492	0.056983658888324754	0.13273168303279753
86.89244622311155	0.057022223475989064	0.13258440130455293
87.02551275637819	0.05727637011059422	0.13257485383850742
87.15857928964482	0.057351249441923734	0.1329147847534702
87.29164582291145	0.057383186018609374	0.13293173249191387
87.42471235617809	0.05744554308780801	0.13289368744411476
87.55777888944472	0.05749843454707134	0.13324408576538166
87.69084542271135	0.05738739547762589	0.13351224572683373
87.82391195597799	0.057158102373858995	0.13324548743804834
87.95697848924462	0.057294159763809	0.13357294838824776
88.09004502251125	0.057334503457211736	0.13345371721538557
88.22311155577789	0.05721745463024923	0.1331937557229638
88.35617808904452	0.057382789161797336	0.1330253090784253
88.48924462231115	0.05757062054767967	0.1330208102632539
88.62231115557779	0.057667091141893015	0.13286453456576802
88.75537768884442	0.05773759125974998	0.13320696275263744
88.88844422211105	0.05782705171353073	0.13343364210051067
89.02151075537769	0.05802470126122321	0.13395912325225828
89.15457728864432	0.0578871164614692	0.13375216442612023
89.28764382191095	0.05812918673658739	0.13349065463188653
89.42071035517759	0.05819990122170706	0.1333207292387787
89.55377688844422	0.058163556511597804	0.13332362967320896
89.68684342171085	0.05828601109915721	0.13326136208703138
89.81990995497749	0.05839635793044809	0.13330417636456696
89.95297648824412	0.05849026541055922	0.13333125741526058
90.08604302151075	0.05859593252425871	0.13352135257448194
90.21910955477739	0.05855784336642361	0.1339763548225229
90.35217608804402	0.05883996519377082	0.13327709944066754
90.48524262131065	0.05913748270271642	0.13339067368499494
90.61830915457729	0.0591277049054202	0.13375533912989232
90.75137568784392	0.05918380157734108	0.13360934944955383
90.88444222111055	0.059337678673916115	0.13366718309083747
91.01750875437719	0.059157628436603354	0.13368519101223403
91.15057528764382	0.059222129447212814	0.13373985761512494
91.28364182091045	0.05956857228114973	0.13433035496172788
91.41670835417709	0.059675176819752145	0.13448791142175495
91.54977488744372	0.059463080907884325	0.13440654335630944
91.68284142071035	0.05920724915481469	0.13425462815676195
91.81590795397699	0.05934365304946962	0.134348369282018
91.94897448724362	0.05954020560364649	0.13458354538987566
92.08204102051025	0.0594728264115249	0.13460119048325817
92.21510755377689	0.05940926143508812	0.13457343331451177
92.34817408704352	0.05935433337078327	0.13516230981336427
92.48124062031015	0.059175050656064196	0.13556221112807315
92.61430715357679	0.05955458437074113	0.13519422905397216
92.74737368684342	0.059661146902573146	0.1350920580395537
92.88044022011005	0.05941783516590944	0.134738599357296
93.01350675337669	0.05938693547318661	0.13435951026929405
93.14657328664332	0.059250572701847797	0.13436744963493197
93.27963981990995	0.0590974224470878	0.13395876991099803
93.41270635317659	0.0589583653811143	0.13378855837261458
93.54577288644322	0.058781563835806676	0.13366274466029934
93.67883941970985	0.0586607556383454	0.1332298989009841
93.81190595297649	0.05853784483971046	0.13289866607330778
93.94497248624312	0.05876262512017336	0.13324600350419638
94.07803901950976	0.058928780072080716	0.1334609335594628
94.21110555277639	0.05894237026441723	0.13303274880941832
94.34417208604302	0.05925910016468345	0.13275248874338777
94.47723861930966	0.059411280929856966	0.13294438400176434
94.61030515257629	0.05940563642111941	0.1332971277996597
94.74337168584292	0.05949645942669667	0.13310022922273956
94.87643821910956	0.05991620537528758	0.13256622446035277
95.00950475237619	0.05953248479632665	0.13238082341007273
95.14257128564282	0.059569945333387185	0.13249652260405795
95.27563781890946	0.05951408733593106	0.13256511565466128
95.40870435217609	0.0592550523285664	0.132081409223186
95.54177088544272	0.059288214293624394	0.13228918263419776
95.67483741870936	0.0593254496601248	0.13315618171037735
95.80790395197599	0.05900475362243943	0.13330580330026298
95.94097048524262	0.05877179111640304	0.1337690208925003
96.07403701850926	0.0587617883819776	0.13416828882852178
96.20710355177589	0.05904600509867596	0.13386779461490855
96.34017008504252	0.05913705873508505	0.1337640179734508
96.47323661830916	0.0588639872432395	0.13319388056903378
96.60630315157579	0.058766902282176445	0.1327786306278904
96.73936968484242	0.05898655199514267	0.1327202706811366
96.87243621810906	0.0590452010022795	0.1324493278633097
97.00550275137569	0.05897483391171253	0.13217259353377828
97.13856928464232	0.05892648589721856	0.1319405420190363
97.27163581790896	0.05890222579916382	0.13115702454902553
97.40470235117559	0.05885447234523157	0.13093969961573165
97.53776888444222	0.05903670950106882	0.13127967442617755
97.67083541770886	0.05927146479397732	0.1311472544954133
97.80390195097549	0.059108171945690215	0.13125889160589724
97.93696848424212	0.05907560718685879	0.1317446303645712
98.07003501750876	0.058888564805267794	0.13198280579440286
98.20310155077539	0.05870481733703472	0.13232658231377825
98.33616808404201	0.05880883563628723	0.1325887572532427
98.46923461730866	0.058649000981251115	0.13266190235502712
98.60230115057529	0.05896551332847634	0.13258367021615483
98.73536768384191	0.05911352771403901	0.13241998864727395
98.86843421710856	0.05906089894050542	0.1325657122106074
99.00150075037519	0.05868529472424221	0.13248675771727056
99.13456728364181	0.058423877690879804	0.13293886203570635
99.26763381690846	0.058370793599144016	0.13406205990014344
99.40070035017509	0.058303224110015095	0.13420717495836781
99.53376688344171	0.05867807468562124	0.13424895276186266
99.66683341670836	0.058821869544635585	0.13417715612249892
99.79989994997499	0.05927030676036498	0.13383753598233405
99.93296648324161	0.05934326580321116	0.13404150731014516
100.06603301650826	0.05928046819700033	0.13376963627677674
100.19909954977489	0.05900847894184293	0.13371698143893798
100.33216608304151	0.0589504459012544	0.13367404335882696
100.46523261630816	0.059256654307265795	0.13379011170411004
100.59829914957479	0.05908056149866298	0.13395549592690265
100.73136568284141	0.059315220812956926	0.1335671787145234
100.86443221610806	0.05935944278101941	0.13330655566650276
100.99749874937469	0.0589819138153285	0.13359288406721284
101.13056528264131	0.05903544478391957	0.1336252588827928
101.26363181590796	0.05927117417705435	0.13382224578807045
101.39669834917459	0.05943253850135532	0.13388437395816705
101.52976488244121	0.059659811121619416	0.13413898468674715
101.66283141570786	0.05954860289549861	0.13451561323398556
101.79589794897448	0.0591939942631415	0.13483084883808294
101.92896448224111	0.059250107879016654	0.1350359267440134
102.06203101550776	0.059474739806707276	0.13478743054981557
102.19509754877438	0.05972040733629438	0.1352650171781384
102.32816408204101	0.05986081262470077	0.1350904546732467
102.46123061530766	0.059816953369970255	0.1347678459450205
102.59429714857428	0.059913678031401116	0.13488394917189886
102.72736368184091	0.059957381632402024	0.13494575068779782
102.86043021510756	0.06001593237562331	0.1347141971669263
102.99349674837418	0.060081701709573894	0.13476262968368463
103.12656328164081	0.06025480991913591	0.1346797951975028
103.25962981490746	0.06037672681167366	0.1346780451679563
103.39269634817408	0.06043722032800405	0.13462189990987103
103.52576288144071	0.0603526564729411	0.13451077001225015
103.65882941470736	0.06019238076684269	0.13457581567070956
103.79189594797398	0.0602337878749147	0.13488487837449625
103.92496248124061	0.06003441914265738	0.1353303604910236
104.05802901450726	0.05996246443611693	0.1355385501620598
104.19109554777388	0.06028315846557892	0.1358045647012687
104.32416208104051	0.060492892066469524	0.13559944920545475
104.45722861430716	0.06046521087421669	0.13581540845950843
104.59029514757378	0.06061656805923206	0.13548139281360863
104.72336168084041	0.06074299926764152	0.13507834347381936
104.85642821410705	0.060637713580738016	0.13548474064425287
104.98949474737368	0.0607387800453513	0.13561045694016202
105.12256128064031	0.060884113821583485	0.13546076329143525
105.25562781390695	0.06088388590301129	0.13520537134132754
105.38869434717358	0.061034085344233505	0.13523370943185853
105.52176088044021	0.06097620536063443	0.13532641991866398
105.65482741370685	0.060947174206504334	0.13514827867423018
105.78789394697348	0.0609484145078931	0.13525597937739733
105.92096048024011	0.06111773996107631	0.1352481554315126
106.05402701350675	0.06125609953749579	0.13566603972321156
106.18709354677338	0.06094493300207142	0.13593932656138386
106.32016008004001	0.061133951795151624	0.13583001709867185
106.45322661330665	0.06182465551319805	0.13597329969992322
106.58629314657328	0.061825218071522074	0.13569165838665323
106.71935967983991	0.06145757134760534	0.1354492924133974
106.85242621310655	0.06162951035777087	0.13530831363935128
106.98549274637318	0.061644089042950996	0.13512733833419766
107.11855927963981	0.06169727179283007	0.1350254349876235
107.25162581290645	0.06149904170527168	0.13501589388146648
107.38469234617308	0.06149794724345964	0.13523198855773005
107.51775887943971	0.06158353236848149	0.13525093797664778
107.65082541270635	0.06139701107864727	0.13521150895458062
107.78389194597298	0.06143944437026058	0.13544571723622315
107.91695847923961	0.06145372448578742	0.135689575353304
108.05002501250625	0.06097295272139977	0.13583312093021158
108.18309154577288	0.06096401031888262	0.135963301955301
108.31615807903951	0.0610601789266404	0.13581583008744508
108.44922461230615	0.060900637380463064	0.13581705542710512
108.58229114557278	0.06074159932736324	0.1356667484422694
108.71535767883941	0.06086647869214044	0.13509436027339564
108.84842421210605	0.061383305220063744	0.13519152583213243
108.98149074537268	0.06156453341868462	0.13551185856481868
109.11455727863931	0.06137239492816007	0.1358794193869594
109.24762381190595	0.06136766520948889	0.1363068431477381
109.38069034517258	0.061223195646803896	0.13635389103257556
109.51375687843921	0.06126500119051829	0.13657876216552575
109.64682341170585	0.06141223909289584	0.13707255288666542
109.77988994497248	0.06119342650461728	0.13667647822899345
109.91295647823911	0.061539569910957874	0.13648512275367278
110.04602301150575	0.062024813205985796	0.13687675723354506
110.17908954477238	0.06211092642976509	0.13681103465423022
110.31215607803901	0.06236573555920249	0.13653664152387449
110.44522261130565	0.06223405412749361	0.13661040927935256
110.57828914457228	0.06220205965248314	0.1365932801354305
110.71135567783892	0.06260924852363288	0.13661822473143362
110.84442221110555	0.06283432867605812	0.1361485010114219
110.97748874437218	0.06266856740733745	0.13626888796485911
111.11055527763882	0.06270326028239392	0.13658469068320842
111.24362181090545	0.06275725450802025	0.13658786753153543
111.37668834417208	0.0628194206376541	0.13639477056407878
111.50975487743872	0.06276275914992355	0.1357726418073186
111.64282141070535	0.06251192662600603	0.1358286880767415
111.77588794397198	0.062451497815474495	0.1358856009658847
111.90895447723862	0.06226124314446832	0.13587692861388742
112.04202101050525	0.06237014257717388	0.13608391905099534
112.17508754377188	0.06256977295569754	0.1358200878501173
112.30815407703852	0.06259040629757157	0.13551151802155859
112.44122061030515	0.06251557689167557	0.13527780012778326
112.57428714357178	0.06254722455079426	0.13486534604133288
112.70735367683842	0.062400573072512976	0.13456935501057823
112.84042021010505	0.06211951973091395	0.13467439694233668
112.97348674337168	0.06211606962369168	0.1348011514978134
113.10655327663832	0.06242714457952168	0.13523609396778793
113.23961980990495	0.06246278780741848	0.13523093155295887
113.37268634317158	0.06260712588359629	0.1348781236841586
113.50575287643822	0.06269032275304101	0.13551951555343855
113.63881940970485	0.06270525859855289	0.13595768828742122
113.77188594297148	0.06246645593983834	0.13621549413189218
113.90495247623812	0.06232941031563893	0.13646952912731447
114.03801900950475	0.06229712223441651	0.13679876657575288
114.17108554277138	0.0620401401239476	0.13689806238448646
114.30415207603802	0.061926114487279735	0.13652004274200022
114.43721860930465	0.062130617185826256	0.13590706631921132
114.57028514257128	0.06221550369299646	0.13548153435794724
114.70335167583792	0.06226801458141754	0.1353395237232551
114.83641820910455	0.06197002720736333	0.1354911836593518
114.96948474237118	0.061969014470867695	0.13586344221411223
115.10255127563782	0.061986197693537755	0.1358376142135461
115.23561780890445	0.06197486866817455	0.13585976196450766
115.36868434217108	0.06180063099109613	0.13607540510414742
115.50175087543772	0.06155054433892913	0.13625977361533897
115.63481740870435	0.061645686605990214	0.135918129947499
115.76788394197098	0.061673268201542855	0.13574789789255606
115.90095047523762	0.06205227470243123	0.13560995900779182
116.03401700850425	0.06267184926528806	0.13531808991464447
116.16708354177088	0.06288313320383854	0.13488735393430806
116.30015007503752	0.06301166575476007	0.13451605788947765
116.43321660830415	0.06277079653101267	0.13437267772480546
116.56628314157078	0.06240175301422852	0.1340210217196029
116.69934967483742	0.06218271082649772	0.13403554382482424
116.83241620810405	0.0620370724150375	0.13424548440300527
116.96548274137068	0.062181842785076796	0.1346637087603852
117.09854927463732	0.06255900807389239	0.1345119818710388
117.23161580790395	0.062273658265948315	0.13436197702990824
117.36468234117058	0.06189793233704525	0.13454909002225365
117.49774887443722	0.06236251209937029	0.1345509819643067
117.63081540770385	0.06280320558348414	0.13513814247309922
117.76388194097048	0.06250798652865738	0.13563540766359747
117.89694847423712	0.06219849023406754	0.13557327846965533
118.03001500750375	0.0621735590018618	0.13536719145402115
118.16308154077038	0.062260346338490376	0.13523790959305523
118.29614807403702	0.0621990771163039	0.1346775353527193
118.42921460730365	0.0623815064118268	0.1345392237915125
118.56228114057028	0.06240847179960018	0.13478250828380436
118.69534767383692	0.062074283815604044	0.1345710377742715
118.82841420710355	0.06188768330182153	0.13493699878149334
118.96148074037018	0.06187785684324291	0.135007805610833
119.09454727363682	0.06203543567832505	0.13526023253331576
119.22761380690345	0.06201720677921926	0.1351520209142919
119.36068034017008	0.06208466695908023	0.13455209745565147
119.49374687343672	0.06228742422514324	0.13516983542654648
119.62681340670335	0.062280250055628913	0.13524886085782253
119.75987993996998	0.06239623458165987	0.13487939463525433
119.89294647323662	0.06231515086782593	0.1347985442988172
120.02601300650325	0.06227144833102767	0.13492847965434743
120.15907953976988	0.062494206669933015	0.13535666168276214
120.29214607303652	0.06257339411000955	0.1349583695127265
120.42521260630315	0.06267851842317755	0.13483168893126876
120.55827913956978	0.06281478001043761	0.1349055167112405
120.69134567283642	0.06284393101429807	0.1349403170819818
120.82441220610305	0.06293239937944207	0.1353487506228734
120.95747873936968	0.0628741824183335	0.1356410533569441
121.09054527263632	0.06287152059711235	0.1354700476152823
121.22361180590295	0.06298241025837029	0.13559009503750571
121.35667833916958	0.06311194329087538	0.13599363184733684
121.48974487243622	0.06298444373034674	0.13604162163266326
121.62281140570285	0.06295552287760338	0.136340883719281
121.75587793896948	0.06319377659380368	0.13610617809495554
121.88894447223612	0.06329965239492023	0.13615868254224078
122.02201100550275	0.06342455709133821	0.13676570786764497
122.15507753876938	0.06337531269946607	0.13669004262414908
122.28814407203602	0.0634895835830347	0.13677847055068038
122.42121060530265	0.06363393489272003	0.1373757285527668
122.55427713856928	0.06366457494498082	0.13744503618464987
122.68734367183592	0.06368676374661747	0.1367787644086066
122.82041020510255	0.06364467276673579	0.13661836702433838
122.95347673836918	0.06382723949819478	0.1364949935227468
123.08654327163582	0.06405081926836602	0.1361372443720444
123.21960980490245	0.06410963378117866	0.13624533850967338
123.35267633816908	0.06419720973793491	0.13630356681521433
123.48574287143572	0.064125520250086	0.13681958528924507
123.61880940470235	0.06402929980049758	0.1368461812834198
123.75187593796898	0.0640451171693145	0.13659618130171555
123.88494247123562	0.06417970915809237	0.13650809191348115
124.01800900450225	0.06425635958501029	0.13601843073135125
124.15107553776888	0.06428167867317265	0.1362502673507256
124.28414207103552	0.06410684857378068	0.13680413492439678
124.41720860430215	0.06398699597630571	0.13612086812112376
124.55027513756878	0.06393594892233943	0.1355839240648933
124.68334167083542	0.06345745054995937	0.13624876589619203
124.81640820410205	0.06358389884226798	0.13635424274482066
124.94947473736867	0.06388684012501664	0.13601423668927548
125.08254127063532	0.06336260668992531	0.13610762456969497
125.21560780390195	0.0630975683940902	0.13649271018675055
125.34867433716857	0.06312188774198413	0.13643674699408814
125.48174087043522	0.06301920487633576	0.13651058460006404
125.61480740370185	0.06304611435481519	0.13657608497941057
125.74787393696847	0.06335321550662844	0.1368019843992751
125.88094047023512	0.06345993152708862	0.1368589195654957
126.01400700350175	0.06314910580343483	0.1364779735996257
126.14707353676837	0.06301575468031202	0.13673265472215965
126.28014007003502	0.06318070183218505	0.13686054472850886
126.41320660330165	0.06338605779513652	0.13635414564542028
126.54627313656827	0.06349055980832204	0.1363231700683463
126.67933966983492	0.06341543657062458	0.13665816870150305
126.81240620310155	0.06340156255206267	0.13664092559392843
126.94547273636817	0.06367211091189229	0.13648967683697696
127.07853926963482	0.06369847173372287	0.13650766014490387
127.21160580290145	0.06350330892059874	0.1364057559780725
127.34467233616807	0.06336832151326326	0.13660501938215097
127.47773886943472	0.06325580842581073	0.13685448208860843
127.61080540270135	0.0632390837409008	0.136504189722306
127.74387193596797	0.06350166106132478	0.13652588451696443
127.87693846923462	0.06369677984558986	0.13653750599181963
128.01000500250126	0.0635997251143336	0.13659942910731304
128.1430715357679	0.06379640993871305	0.13656242349075784
128.27613806903452	0.06398840857285365	0.1362008105326642
128.40920460230114	0.06398147357434977	0.13626365596823004
128.54227113556777	0.06377267501929794	0.13643410446115178
128.6753376688344	0.06345742602248884	0.13660959863374506
128.80840420210106	0.06331775518240536	0.137068623225156
128.9414707353677	0.06322506489057199	0.1373085828266825
129.07453726863432	0.06314387469335155	0.13744640162017444
129.20760380190094	0.06329933558862448	0.13768133138161706
129.34067033516757	0.06331081921795942	0.1377657797835399
129.4737368684342	0.06353976688291793	0.13774141528528192
129.60680340170086	0.06345615796623022	0.13772186528002556
129.7398699349675	0.0631450471946281	0.13800071252550022
129.87293646823412	0.06300026825392727	0.13836804795534216
130.00600300150074	0.0629008438372373	0.13842824901673803
130.13906953476737	0.06311493913103955	0.1384788718778186
130.272136068034	0.06314969140172058	0.13886036942148824
130.40520260130066	0.06323487039342422	0.13904507401047417
130.5382691345673	0.063603993219239	0.13893632472740575
130.67133566783392	0.06360975753125901	0.13921035066320916
130.80440220110054	0.06361340596882911	0.13932469715497384
130.93746873436717	0.06375105864355358	0.13886448761974218
131.0705352676338	0.06399612928620849	0.13822528174422807
131.20360180090046	0.06430265937644583	0.1378926379565059
131.3366683341671	0.06425159104034173	0.1380822310948116
131.46973486743371	0.0644310332248837	0.13811914941202574
131.60280140070034	0.0646006370584538	0.13775642625857343
131.73586793396697	0.06471866172365502	0.137744274250912
131.8689344672336	0.06457684168125175	0.1374944646530842
132.00200100050026	0.06433919419256257	0.13751915927420216
132.1350675337669	0.06434724736182364	0.13785998437774888
132.26813406703351	0.06417044691065309	0.13790441572570392
132.40120060030014	0.06418061123605816	0.13786087063969973
132.53426713356677	0.06414537372675608	0.13760059228581198
132.6673336668334	0.06384664643202519	0.1376297871527614
132.80040020010006	0.06367581115080258	0.1376798263217733
132.93346673336669	0.06360743550883162	0.13785507326198873
133.06653326663331	0.06372460333577734	0.1380672833618711
133.19959979989994	0.06381436264752317	0.13777125318479533
133.33266633316657	0.06371987978022055	0.13780167932902393
133.4657328664332	0.06395064407700012	0.13795022867564685
133.59879939969986	0.06421267165515383	0.13761879159011514
133.73186593296649	0.06428892013076892	0.13719253107874158
133.8649324662331	0.06448961629331026	0.13706157964223692
133.99799899949974	0.0644905266385265	0.13736501138495294
134.13106553276637	0.06419741061279342	0.13736403220167698
134.264132066033	0.06397619769702917	0.13734896993385237
134.39719859929966	0.06408241282280767	0.1373760358485568
134.53026513256629	0.06430939651255958	0.13756347656055962
134.6633316658329	0.06429576941465086	0.13775324862728855
134.79639819909954	0.06436274886941568	0.13753364720018307
134.92946473236617	0.06451894513797904	0.1375178037298927
135.0625312656328	0.06451859147328412	0.13767189144627553
135.19559779889946	0.06458407852911925	0.1374598234322465
135.32866433216608	0.06450197378861995	0.13749949091491614
135.4617308654327	0.06453643750276886	0.13770352356893775
135.59479739869934	0.06477619450824279	0.1377036726069871
135.72786393196597	0.06493532150877218	0.13773185853467645
135.8609304652326	0.06511618038193416	0.1378314562954628
135.99399699849926	0.06498564292202448	0.13800252304182117
136.12706353176588	0.06497962521195752	0.1378742400479814
136.2601300650325	0.06509609730488757	0.13755075880439327
136.39319659829914	0.06514569925575517	0.1372931294556517
136.52626313156577	0.06563116899374308	0.13722454878907517
136.65932966483243	0.06571540151210861	0.1372131266322995
136.79239619809906	0.06551576709679122	0.1372336244903001
136.92546273136568	0.06536520339624252	0.13674058239497522
137.0585292646323	0.06516374966733052	0.13637926128727257
137.19159579789894	0.06515934259763319	0.13658638626163613
137.32466233116557	0.06492922934482206	0.13674965140105516
137.45772886443223	0.06491601410222758	0.13632030523686134
137.59079539769886	0.06525196689216863	0.13640917144791603
137.72386193096548	0.06521505894522928	0.13648698331635764
137.8569284642321	0.06549250527359271	0.1362229419021319
137.98999499749874	0.06574221786669233	0.13601838764259164
138.12306153076537	0.06564240334566214	0.13583276499964167
138.25612806403203	0.0659612364826595	0.1360101322370545
138.38919459729865	0.065726284973749	0.13624090930536545
138.52226113056528	0.06542081031893386	0.1362895458354222
138.6553276638319	0.0656325421923122	0.13617440901051525
138.78839419709854	0.06559516136250182	0.13640684317991952
138.92146073036517	0.06569375174712373	0.13628363587964437
139.05452726363183	0.06597479118923123	0.1356595237235201
139.18759379689845	0.06601713278885352	0.13553047759362913
139.32066033016508	0.06626571782216502	0.13596540000841906
139.4537268634317	0.06624579550138916	0.13585222886851378
139.58679339669834	0.06602588833551953	0.1358887682806741
139.71985992996497	0.066096096944463	0.135973457013812
139.85292646323163	0.06597909951558834	0.13568671701403737
139.98599299649825	0.06591962524105924	0.13578947479065456
140.11905952976488	0.0658967963498206	0.13545414095355215
140.2521260630315	0.0658354825223779	0.13548471789612856
140.38519259629814	0.06601164052056546	0.1356387228621181
140.51825912956477	0.06581852376608721	0.13561733599737122
140.65132566283143	0.06560955876971711	0.13583196970094139
140.78439219609805	0.065750578579742	0.13570321799581334
140.91745872936468	0.06555716832660241	0.1358855729555917
141.0505252626313	0.06531588828588653	0.13626545909510662
141.18359179589794	0.06529285401784903	0.13632023602312568
141.31665832916457	0.06537442874437954	0.1364436825858643
141.44972486243122	0.06553485515098639	0.13592203962603827
141.58279139569785	0.06550480885726546	0.1355030012955329
141.71585792896448	0.06571772780354176	0.13555852582967692
141.8489244622311	0.06614969498089945	0.1353780509389815
141.98199099549774	0.06613281676193467	0.13536166514464001
142.11505752876437	0.06610834598304881	0.13552281236367328
142.24812406203102	0.06638557446586588	0.13576789468761435
142.38119059529765	0.06644141207894054	0.13600676539698742
142.51425712856428	0.06657530359667649	0.13618629312028555
142.6473236618309	0.06617816578938807	0.13635107006595917
142.78039019509754	0.06598275034816993	0.1364086908488661
142.91345672836417	0.06630135734357231	0.1360614435912202
143.04652326163082	0.06626390846158833	0.13601258741756977
143.17958979489745	0.06624505241136386	0.13634391467764725
143.31265632816408	0.06649811997061907	0.1362625814988693
143.4457228614307	0.06667036164880914	0.1362561652584101
143.57878939469734	0.06632810272730194	0.1363585740523785
143.71185592796397	0.06652312736235151	0.1362056214021351
143.84492246123062	0.06674097201881209	0.13622889455988568
143.97798899449725	0.06649296546072339	0.13633176339356443
144.11105552776388	0.06675889694264245	0.13637604917669907
144.2441220610305	0.06704319934810078	0.13608802552421245
144.37718859429714	0.06720757323020238	0.1356985439971971
144.51025512756377	0.0671794197218107	0.1356685936617488
144.64332166083042	0.06715767480177975	0.13540110374114922
144.77638819409705	0.06693978482442421	0.13531466044333804
144.90945472736368	0.0667271913128786	0.13552736170815044
145.0425212606303	0.06670288594675533	0.13571230019304517
145.17558779389694	0.06663803675912633	0.1358057782853481
145.30865432716357	0.06658641207688337	0.13590014420757937
145.44172086043022	0.06607506671750794	0.13614375507212167
145.57478739369685	0.06574526394163185	0.1361546937354908
145.70785392696348	0.06581484146502642	0.13642938426255954
145.8409204602301	0.0658408432681672	0.13651937538509226
145.97398699349674	0.06612610301802774	0.136338779176666
146.10705352676337	0.06660572852839636	0.1362652439996401
146.24012006003002	0.06648600122789024	0.13652309631241896
146.37318659329665	0.0661969406050491	0.1363134079132513
146.50625312656328	0.06630204840252034	0.13656422279843328
146.6393196598299	0.06618452982987055	0.1368857625919858
146.77238619309654	0.06594832873509421	0.13708715460482077
146.90545272636317	0.06597852598876862	0.13725326795962023
147.03851925962982	0.06594717311067552	0.13736921991170487
147.17158579289645	0.06562519831689732	0.13807399340469445
147.30465232616308	0.06579663428542623	0.138063525716438
147.4377188594297	0.06597566058850295	0.1376611133259997
147.57078539269634	0.06586196950883547	0.13757450573818003
147.70385192596297	0.0660468339921538	0.1374926373067657
147.83691845922962	0.06624087800392724	0.13776707406376104
147.96998499249625	0.06627547732466606	0.13772619098285205
148.10305152576288	0.06633134353045035	0.13780253890590685
148.2361180590295	0.06617180831578673	0.1378213958434467
148.36918459229614	0.06617409315291355	0.137454423594148
148.50225112556276	0.06654793215699896	0.13691328397168223
148.63531765882942	0.06671492540264388	0.13670703789644453
148.76838419209605	0.0668115546951149	0.13661348235440723
148.90145072536268	0.06706109379108299	0.13659630966068623
149.0345172586293	0.06737852980482942	0.1364522306684762
149.16758379189594	0.06743539252926468	0.1361504901024089
149.30065032516256	0.06716715580508685	0.13651360854888084
149.43371685842922	0.06721180623781575	0.13635625343323823
149.56678339169585	0.06749220020692479	0.1362004265598151
149.69984992496248	0.06750742263225941	0.13623924778399868
149.8329164582291	0.06787846749125795	0.136127972031009
149.96598299149574	0.06798804262941106	0.13612705432974698
150.09904952476236	0.06786552965294342	0.13599463122343136
150.23211605802902	0.06815067304174918	0.13585650934544083
150.36518259129565	0.06814484771002723	0.13593771995298495
150.49824912456228	0.068231581573578	0.1357791522311882
150.6313156578289	0.06837870993552785	0.13551655293272574
150.76438219109554	0.06832111896859976	0.13577603053844117
150.89744872436216	0.06819296753092442	0.13571047330162972
151.03051525762882	0.06817461231565675	0.1357401038102098
151.16358179089545	0.06797829515112597	0.13566683535051588
151.29664832416208	0.06806327282003322	0.13611054584966797
151.4297148574287	0.06817058663496045	0.13682522934922195
151.56278139069533	0.0682134154529294	0.13632336299291906
151.69584792396196	0.0683307320585622	0.13617831660596277
151.82891445722862	0.06807057825559405	0.13638019130836893
151.96198099049525	0.06774568679545598	0.13645106778064678
152.09504752376188	0.06779627228817912	0.13645269749404074
152.2281140570285	0.06814138136103312	0.1366585360632577
152.36118059029513	0.06860414048870167	0.13703370207267973
152.49424712356176	0.06888039140056806	0.13732955587598666
152.62731365682842	0.06899291507187895	0.13773356644549256
152.76038019009505	0.06887426990158503	0.13799236240441726
152.89344672336168	0.06879387114587333	0.1384149690326556
153.0265132566283	0.06868941077458786	0.13869653366073856
153.15957978989493	0.06861029001037894	0.13916454760431193
153.2926463231616	0.06845678609644074	0.13935612824013194
153.42571285642822	0.06830715241450121	0.13929700409932172
153.55877938969485	0.06835880716657593	0.13946215286740804
153.69184592296148	0.06817904806637068	0.13930464492149122
153.8249124562281	0.06808869803867834	0.13928021617663258
153.95797898949473	0.06822941448452687	0.13947253715643085
154.0910455227614	0.06817214354270242	0.13922078636675156
154.22411205602802	0.06825215754476611	0.13846080914229605
154.35717858929465	0.06842917273149715	0.13806227776250252
154.49024512256128	0.06869335456767914	0.13847888036022185
154.6233116558279	0.06876220468344896	0.13879864684721438
154.75637818909453	0.06859086261522788	0.1387622216035394
154.8894447223612	0.06844479460984412	0.13926652200399467
155.02251125562782	0.06873820841061018	0.13963517024392524
155.15557778889445	0.06890815914183498	0.13946325219084074
155.28864432216108	0.06877419754196115	0.1392892059800185
155.4217108554277	0.06863163948414375	0.13932613681177286
155.55477738869433	0.0688376714000308	0.13949107791045806
155.687843921961	0.06906251378635422	0.139243243954606
155.82091045522762	0.06907393982844072	0.13865276599878584
155.95397698849425	0.06914802267294935	0.1381873008788288
156.08704352176088	0.06906744392834045	0.13816708557328986
156.2201100550275	0.06888796283881053	0.13805997750551097
156.35317658829413	0.06839294544634135	0.1381218560998454
156.4862431215608	0.06787688629920399	0.1379454289406535
156.61930965482742	0.06779020536137073	0.13759489623990628
156.75237618809405	0.06782913979825003	0.1376273819460355
156.88544272136068	0.06758771550461094	0.13746480156541807
157.0185092546273	0.06740343328197802	0.1377278763268169
157.15157578789393	0.06748068409615293	0.13793566900985965
157.2846423211606	0.06768911840410574	0.13807430596770795
157.41770885442722	0.06776725444590917	0.13844483156274168
157.55077538769385	0.06813873598247742	0.1381422340837452
157.68384192096048	0.06828886544366698	0.13815316319451035
157.8169084542271	0.06829494133884904	0.13809033902331772
157.94997498749373	0.06813331305929497	0.13815486244374608
158.0830415207604	0.06793595850131678	0.13887908668788235
158.21610805402702	0.06807865160461772	0.1393640529164394
158.34917458729365	0.06821694987131463	0.13971356881228555
158.48224112056027	0.06827240060954994	0.1397360870462339
158.6153076538269	0.0685729963020984	0.1396838121524439
158.74837418709353	0.06864912804934305	0.13977686376257425
158.8814407203602	0.06861151804665368	0.13967624308514645
159.01450725362682	0.06870988923983207	0.14002103113863645
159.14757378689345	0.06860954243443149	0.1404756311520432
159.28064032016007	0.06823212518003452	0.1405683311323699
159.4137068534267	0.06807241384626547	0.14077105644151733
159.54677338669333	0.06807854634037626	0.14072540247403603
159.67983991996	0.0684590445443638	0.1409455026398423
159.81290645322662	0.06876576914185846	0.14131856896893868
159.94597298649325	0.06881162623771524	0.1412158489774308
160.07903951975987	0.06902636774159802	0.14079947551709762
160.2121060530265	0.06893850461657712	0.14110786369414405
160.34517258629313	0.06900117488133613	0.14132902252516674
160.4782391195598	0.06922442128390988	0.14113609657065315
160.61130565282642	0.06921518201392918	0.14166556679848732
160.74437218609305	0.0692806871055258	0.14191494104856345
160.87743871935967	0.0695176753021778	0.1415715709465691
161.0105052526263	0.0693206642383112	0.1421541653449541
161.14357178589293	0.06928112953759949	0.14237255303760696
161.2766383191596	0.06917688490350181	0.14215985012720236
161.40970485242622	0.06892082485634118	0.14241727006880883
161.54277138569284	0.06892448252695865	0.14230240422257273
161.67583791895947	0.0689753771901809	0.1421804491529624
161.8089044522261	0.06901826712425779	0.14201616408819642
161.94197098549273	0.06896954485304732	0.14193047208863077
162.0750375187594	0.06909426014582319	0.14181307976409321
162.20810405202602	0.06948440062044423	0.14207261843400765
162.34117058529264	0.06958963159784544	0.14198196973241278
162.47423711855927	0.06937466092981198	0.1422867107478646
162.6073036518259	0.06886832580835488	0.14250228152759278
162.74037018509253	0.06888160331622896	0.14223020474728332
162.8734367183592	0.06896191425444963	0.14207715283570777
163.00650325162582	0.0690128216288472	0.14203069356096576
163.13956978489244	0.06911444708922203	0.1420388737226612
163.27263631815907	0.0695217892666398	0.14214812129199478
163.4057028514257	0.06993584134233785	0.14219761827148455
163.53876938469233	0.069957380146273	0.14232365606929573
163.671835917959	0.07015198691730136	0.1422938205789239
163.80490245122562	0.07010943021671898	0.14191750575964543
163.93796898449224	0.07016650202188457	0.1415905666023912
164.07103551775887	0.07036609684005839	0.14110073853589
164.2041020510255	0.07031927446829063	0.14116022208890594
164.33716858429213	0.07043016315939221	0.14103339776901738
164.4702351175588	0.07049867450905822	0.1407906606918701
164.60330165082541	0.07027874685654403	0.1407418858211508
164.73636818409204	0.07042940590852001	0.14047082618692833
164.86943471735867	0.07065845457197056	0.13991195549063218
165.0025012506253	0.07060034262783609	0.13977685123761435
165.13556778389193	0.07055274465122717	0.1399876826036684
165.2686343171586	0.07079750579107055	0.14024364735728811
165.40170085042521	0.07072435748483534	0.14046669519127186
165.53476738369184	0.07072819326426116	0.14021803231168858
165.66783391695847	0.07060650738740322	0.13978252567925634
165.8009004502251	0.07018108784569922	0.13907058364810948
165.93396698349173	0.07042605557393225	0.1394253711183433
166.06703351675839	0.07040961862727052	0.13953169038081611
166.20010005002501	0.07039982455557149	0.1397274460919336
166.33316658329164	0.07003627588888284	0.13954194826135835
166.46623311655827	0.06993908366921976	0.1393561378207739
166.5992996498249	0.07017702222431207	0.13927784218933492
166.73236618309153	0.06998304544289219	0.1395708616500881
166.86543271635819	0.06985487986296868	0.1394572965035389
166.9984992496248	0.06951832174151071	0.13924308823877735
167.13156578289144	0.06940799533889555	0.1397342272221514
167.26463231615807	0.06945331202124223	0.14004765749974413
167.3976988494247	0.06953603012793452	0.1404128712870478
167.53076538269133	0.06930701740903557	0.14057571549695463
167.66383191595799	0.06932637248426553	0.14026391362257706
167.7968984492246	0.06960286456916029	0.14008341448326278
167.92996498249124	0.06962341447815816	0.13999858143179056
168.06303151575787	0.06960006451599418	0.13980412513470225
168.1960980490245	0.06921077861938614	0.13979071359568354
168.32916458229113	0.06894890315213945	0.14013585451810326
168.46223111555778	0.06924206429207354	0.14001881424742235
168.5952976488244	0.06934210064011916	0.13960523451179196
168.72836418209104	0.06906060921100922	0.13932198313946936
168.86143071535767	0.0689259862152983	0.13935599569469165
168.9944972486243	0.06900747184534504	0.13895481576924187
169.12756378189093	0.0689211241812458	0.1388225192966893
169.26063031515758	0.06860959205198376	0.13895131640589378
169.3936968484242	0.06872439746528555	0.13883691670429701
169.52676338169084	0.06882999819674032	0.13897817553654737
169.65982991495747	0.06919491294662337	0.1386284347935556
169.7928964482241	0.06934602284358042	0.13877084718839344
169.92596298149073	0.06934134019778043	0.13899063909461162
170.05902951475738	0.06944851275582536	0.13870124852976173
170.192096048024	0.06951513053640475	0.13882477208632582
170.32516258129064	0.0690754501363833	0.13892533541082708
170.45822911455727	0.06911714330323032	0.13910683899878967
170.5912956478239	0.06937767168161567	0.13934721020536436
170.72436218109056	0.06900684097711282	0.1393279863533294
170.85742871435718	0.06889109256771346	0.13968456311211921
170.9904952476238	0.06885123911570787	0.13990818649784878
171.12356178089044	0.06855334726031477	0.13977618494691818
171.25662831415707	0.06870016328560136	0.139663804972849
171.3896948474237	0.06876887107163544	0.13936215983186043
171.52276138069035	0.06873356470080318	0.1398512510674004
171.65582791395698	0.06875731683573799	0.14041831849175113
171.7888944472236	0.06907162178768216	0.14032228616123235
171.92196098049024	0.06921186394085901	0.14068861020948026
172.05502751375687	0.0690967212863648	0.14067922572688749
172.1880940470235	0.06885518226207527	0.14049542032170376
172.32116058029015	0.06860072821613053	0.14028906383467946
172.45422711355678	0.06846874587084226	0.14041705730911672
172.5872936468234	0.06807120778598998	0.14069777784161772
172.72036018009004	0.06805671263379642	0.14072525248121948
172.85342671335667	0.06784422530154685	0.140320501979308
172.9864932466233	0.06732018767000073	0.14002690108899468
173.11955977988995	0.06709759834031798	0.14002945638782383
173.25262631315658	0.0673456458537786	0.13982686296373084
173.3856928464232	0.06753390058125873	0.1394451261797046
173.51875937968984	0.06719026458097388	0.13956687297309278
173.65182591295647	0.06725340603014776	0.13983226400725993
173.7848924462231	0.06737178664799653	0.14010828708981238
173.91795897948975	0.06749981023850846	0.1399227130648589
174.05102551275638	0.06749624482922861	0.1398897535431294
174.184092046023	0.06727748009480945	0.1400646379430129
174.31715857928964	0.06718851688113628	0.14003291960202302
174.45022511255627	0.06750564742885312	0.1401544177483477
174.5832916458229	0.06798565157812542	0.14007564768860895
174.71635817908955	0.06803174141705302	0.14030432189806039
174.84942471235618	0.06823765738221177	0.140590798924634
174.9824912456228	0.06817813332779488	0.1399871596982099
175.11555777888944	0.06807187022108599	0.1397782876139795
175.24862431215607	0.06839580404338595	0.13981390192736778
175.3816908454227	0.06858477194409586	0.1395401501639361
175.51475737868935	0.06861575418227969	0.13933561264338792
175.64782391195598	0.06856047982098223	0.13942752642254683
175.7808904452226	0.06840544205637338	0.13932563481262206
175.91395697848924	0.06868841511199525	0.13917708296512177
176.04702351175587	0.06842956859874816	0.13912628610445057
176.1800900450225	0.06857371067345765	0.13937432931879087
176.31315657828915	0.06872238898914293	0.13970349697576087
176.44622311155578	0.06862609450448401	0.13957787993610785
176.5792896448224	0.0687052901657641	0.13984522559655138
176.71235617808904	0.06917125621344931	0.13953468968107136
176.84542271135567	0.06906116684628996	0.13963903491119492
176.9784892446223	0.06907972551758539	0.13982787719750225
177.11155577788895	0.06883673387165357	0.13987744549091535
177.24462231115558	0.06883154830320906	0.13997609350309415
177.3776888444222	0.0688463629166334	0.14002609148042236
177.51075537768884	0.06893916724669924	0.14050980980874325
177.64382191095547	0.06926864711682582	0.14045796179766126
177.7768884442221	0.06906640030462786	0.14013362709046454
177.90995497748875	0.06902290615064852	0.1400030540226923
178.04302151075538	0.0692952286687406	0.13975269846563523
178.176088044022	0.0689134986435464	0.13994503480123244
178.30915457728864	0.0691476009682153	0.14016037732673192
178.44222111055527	0.06910508721723052	0.1402761990400376
178.5752876438219	0.06891816216188214	0.14063028665037844
178.70835417708855	0.06885392918646628	0.14043675111655526
178.84142071035518	0.0688394191890258	0.14040279110348225
178.9744872436218	0.06921432316091926	0.1406716589400418
179.10755377688844	0.06922531434275027	0.14045692783124852
179.24062031015507	0.06905999992378666	0.1404371920957831
179.3736868434217	0.06886159069419936	0.14059195784208653
179.50675337668835	0.06885281491301468	0.14054706848694656
179.63981990995498	0.06883443287481256	0.14025699307128858
179.7728864432216	0.06851208817321594	0.1395506349724063
179.90595297648824	0.06873209613151292	0.1394129712946723
180.03901950975487	0.069042268536157	0.13986643581346392
180.1720860430215	0.06928119596086738	0.1394106872567796
180.30515257628815	0.0692407050450442	0.1389232433915996
180.43821910955478	0.069198717987898	0.13895440743150184
180.5712856428214	0.06920933617091769	0.13874958477410262
180.70435217608804	0.06943370723559573	0.13852700535090406
180.83741870935467	0.06984259835712926	0.13846427333778882
180.9704852426213	0.06993919730128136	0.13880107423220275
181.10355177588795	0.0699027952697802	0.13906093182466372
181.23661830915458	0.06966190572759319	0.1389275598282822
181.3696848424212	0.0698577483250481	0.13886502013038748
181.50275137568784	0.07009857075277195	0.13933971323743938
181.63581790895446	0.07000031609050389	0.13939684790643375
181.7688844422211	0.07046172888735887	0.13888886385632246
181.90195097548775	0.07069536591627412	0.13908799815647468
182.03501750875438	0.07075143794375566	0.13977269130297698
182.168084042021	0.0711336331546651	0.13988400481462138
182.30115057528764	0.07097939783865313	0.1401653733186129
182.43421710855426	0.07058664571889052	0.14088056985634967
182.5672836418209	0.07034115168970546	0.14136607272505403
182.70035017508755	0.07040720381268921	0.14122314354236323
182.83341670835418	0.07035758305569656	0.14064526806832564
182.9664832416208	0.0704615079217923	0.1403002158097379
183.09954977488744	0.07038081782350153	0.14013279692065034
183.23261630815406	0.07008617495558879	0.14042118940870169
183.3656828414207	0.07025749877285813	0.1405670445095828
183.49874937468735	0.07022471816952647	0.14063895255235057
183.63181590795398	0.06989561308920238	0.14108811399815813
183.7648824412206	0.06972368823523062	0.14081437564471208
183.89794897448724	0.06998486066034326	0.14067614674475318
184.03101550775386	0.06947504671410484	0.14111019681815729
184.1640820410205	0.06913759433467917	0.1409316044269782
184.29714857428715	0.06897310179380124	0.14102796213571084
184.43021510755378	0.06914522411439453	0.14092745905825818
184.5632816408204	0.0693935717352141	0.14096512998506494
184.69634817408703	0.06955497174026015	0.1409177810895347
184.82941470735366	0.06962085376950598	0.1403312818280048
184.9624812406203	0.06997476918093187	0.14005379980359917
185.09554777388695	0.07009109108480648	0.13980793485748727
185.22861430715358	0.07013698076374254	0.13919422670673096
185.3616808404202	0.07000075565037599	0.1389489359878904
185.49474737368683	0.06968133505760404	0.138884084001337
185.62781390695346	0.06956025726855049	0.1393045749521298
185.7608804402201	0.06974969833048697	0.1393918066422997
185.89394697348675	0.06982659886543553	0.1395707929138759
186.02701350675338	0.06956065096926771	0.13947469222497566
186.16008004002	0.0698061025502934	0.13940493225587416
186.29314657328663	0.06996649723568195	0.139255235368562
186.42621310655326	0.06996899899238519	0.13928780686202902
186.5592796398199	0.07026839836103672	0.1398439365270458
186.69234617308655	0.0701823953945418	0.13964042274185817
186.82541270635318	0.06978712797836305	0.13966105289109015
186.9584792396198	0.06998724903528876	0.1397818699042057
187.09154577288643	0.06995175833970829	0.13949411504115433
187.22461230615306	0.0701125876151437	0.1397445380553604
187.3576788394197	0.07026704618472787	0.13934356893367433
187.49074537268635	0.07010624505529822	0.13972016700737352
187.62381190595298	0.07014405324721247	0.13956718707402307
187.7568784392196	0.07036811798652931	0.13921665791069873
187.88994497248623	0.07028824078492268	0.1388206169983354
188.02301150575286	0.07034278568381089	0.13851982770561724
188.15607803901952	0.07070665376013163	0.13897269860754077
188.28914457228615	0.07108030522720901	0.13902604410000918
188.42221110555278	0.07100245133523168	0.1388071391635194
188.5552776388194	0.0707771482971818	0.13886554976166993
188.68834417208603	0.07089581532472551	0.1386526137889635
188.82141070535266	0.0714213882291497	0.13881480400246732
188.95447723861932	0.07106092512318778	0.13849423101120878
189.08754377188595	0.07115516803837542	0.13873730951870145
189.22061030515258	0.07143527953830935	0.13854653788362326
189.3536768384192	0.07159765241554526	0.13832089055497743
189.48674337168583	0.07119557053522266	0.13792128346801827
189.61980990495246	0.07134726088323341	0.1378329524804334
189.75287643821912	0.07117465536802357	0.13796698654587183
189.88594297148575	0.07153161712598367	0.13775025321261244
190.01900950475238	0.07158840030199348	0.13764852571673894
190.152076038019	0.071531794067329	0.1382212919589797
190.28514257128563	0.07138941889319791	0.1387251141081273
190.41820910455226	0.0711025632867507	0.13842584854254938
190.55127563781892	0.07112944411449047	0.1383450407344237
190.68434217108555	0.07105188675011917	0.13769609734569602
190.81740870435218	0.07103455751119357	0.1376016610182219
190.9504752376188	0.0704202023173821	0.13788528292187416
191.08354177088543	0.07082926724590917	0.13780075116018822
191.21660830415206	0.07120154994011686	0.13743314878049023
191.34967483741872	0.07133285658528354	0.13712861075183305
191.48274137068535	0.07127144914611774	0.13723240222865327
191.61580790395197	0.07125642233738184	0.13696922648445137
191.7488744372186	0.07154078060182524	0.13677382751618875
191.88194097048523	0.07162081947963413	0.13707681452229242
192.01500750375186	0.07149948379355289	0.136701133651076
192.14807403701852	0.07186579955442718	0.13680115077395294
192.28114057028515	0.07190656551037282	0.13765294568371716
192.41420710355177	0.0717852254871603	0.1371217152497842
192.5472736368184	0.07168172119859971	0.13693787610492575
192.68034017008503	0.07201263567274678	0.13649517240020437
192.81340670335166	0.07182875882573063	0.13709243746669386
192.94647323661832	0.07138993165468276	0.1374080694646372
193.07953976988495	0.0716056576208615	0.13715347693271784
193.21260630315157	0.07146711550158469	0.1372422216275274
193.3456728364182	0.07148122716627314	0.1372438922965357
193.47873936968483	0.07132060620246501	0.13717684940683336
193.61180590295146	0.07133580219879278	0.1375566724838278
193.74487243621812	0.07102240437493482	0.13764295283785027
193.87793896948475	0.07118181737273768	0.1374419084657824
194.01100550275137	0.07124603520067485	0.1374045971722923
194.144072036018	0.07108803225612265	0.13753551515089107
194.27713856928463	0.07134169939531296	0.13752733242346366
194.41020510255126	0.07107935549042389	0.13722982653207177
194.54327163581792	0.07090847622389372	0.138023190510159
194.67633816908454	0.07115349617243358	0.13830148974178755
194.80940470235117	0.07092878095180413	0.13842090405266164
194.9424712356178	0.07072498293272324	0.13841566890909304
195.07553776888443	0.07071574105438469	0.1384041588883643
195.20860430215106	0.0706893268528087	0.13847297640025313
195.34167083541772	0.07019836227478672	0.13851782545370991
195.47473736868434	0.07016547299338702	0.13801106254250026
195.60780390195097	0.07012342955422145	0.1378064910324163
195.7408704352176	0.06978071980524209	0.13800651246946974
195.87393696848423	0.0699988638813414	0.1380640644379124
196.00700350175086	0.06988069410545769	0.13770090233206594
196.14007003501752	0.06950018900938447	0.13752725105334632
196.27313656828414	0.06918979313325016	0.13744285436073178
196.40620310155077	0.06910634182389219	0.13735363818342083
196.5392696348174	0.06863797005499724	0.13743509141173663
196.67233616808403	0.06881469693300987	0.13715585490279653
196.80540270135066	0.06882287564854206	0.13736099252394865
196.93846923461732	0.06864559230492469	0.13752962844913852
197.07153576788394	0.06879315123672934	0.13795979277645684
197.20460230115057	0.06875428250894731	0.13803928193596793
197.3376688344172	0.0690602543204325	0.1384872138955119
197.47073536768383	0.06927580315708481	0.13854474675939726
197.60380190095046	0.06902531003232353	0.1382318587284668
197.73686843421712	0.06925516972603984	0.13848272647040738
197.86993496748374	0.06908744836726233	0.13890483684987248
198.00300150075037	0.06891513992969713	0.13929638890328255
198.136068034017	0.06896784984624625	0.13951016062952734
198.26913456728363	0.06906744136413423	0.13950435385395624
198.40220110055026	0.06892120064048982	0.14003772074551854
198.53526763381691	0.06902197879874795	0.13984762694612218
198.66833416708354	0.06884676622229104	0.1400013764847703
198.80140070035017	0.0686402408339374	0.14002418213214415
198.9344672336168	0.0682408251715724	0.1397027288459632
199.06753376688343	0.06824618657329906	0.14008679565061088
199.20060030015006	0.06827941589074615	0.14051005094664495
199.33366683341671	0.06856556967381522	0.14040361358261513
199.46673336668334	0.06866966394421127	0.1412477458151907
199.59979989994997	0.06885247277690179	0.14149942319657488
199.7328664332166	0.06893854209955284	0.14122519948483322
199.86593296648323	0.06907775803650812	0.14102286413907586
199.99899949974986	0.06937687932373306	0.14091328840002032
200.1320660330165	0.06947615473947286	0.1413816429173724
200.26513256628314	0.06919307123369417	0.14134061758466873
200.39819909954977	0.06908990557506561	0.1415340193622338
200.5312656328164	0.06928827640956758	0.14191664391710745
200.66433216608303	0.06929844122834365	0.14143336294956543
200.79739869934966	0.06912192859719861	0.141384619141207
200.9304652326163	0.06917298196226111	0.14096329561533277
201.06353176588294	0.0693386823483981	0.14086075432997974
201.19659829914957	0.06955921263538135	0.1412607670292992
201.3296648324162	0.06940135887882608	0.14121112047384363
201.46273136568283	0.06934769804521931	0.1412303868315936
201.59579789894946	0.06958917392084599	0.14143662570908544
201.7288644322161	0.06983358539567051	0.1413688538194162
201.86193096548274	0.07002386311972474	0.1420427606392606
201.99499749874937	0.07042606719858044	0.14194213456153085
202.128064032016	0.07050433081864133	0.14131128654927394
202.26113056528263	0.07039097939922855	0.1411314454591018
202.39419709854926	0.07013235653158956	0.141331681860987
202.5272636318159	0.07022099500401417	0.14184965889344006
202.66033016508254	0.07051804805684153	0.14167259266677734
202.79339669834917	0.0704680117863119	0.14133572034813308
202.9264632316158	0.07056398455080895	0.14177365402526448
203.05952976488243	0.07070349513633975	0.14178245592707445
203.19259629814906	0.07093418802785623	0.1418721327102059
203.3256628314157	0.0710011778407761	0.14193463461151823
203.45872936468234	0.07057948796665957	0.141474393202327
203.59179589794897	0.07032750549872602	0.14162016421623025
203.7248624312156	0.07034930548209678	0.141752642018129
203.85792896448223	0.0704282748954183	0.14149835062669616
203.99099549774886	0.07054821390224766	0.141734754824096
204.1240620310155	0.07058297676561652	0.1422065501587396
204.25712856428214	0.0707818051404886	0.1420247142566267
204.39019509754877	0.07074421580140908	0.141699151940911
204.5232616308154	0.07093299476881101	0.14155564622259895
204.65632816408203	0.0710950707080314	0.14102710635571575
204.78939469734868	0.07060010984131893	0.14034083465751945
204.9224612306153	0.07079098020860178	0.13968065163110746
205.05552776388194	0.07071200891352156	0.13981708857396039
205.18859429714857	0.07079379094788328	0.13990942531832887
205.3216608304152	0.07061190435140961	0.13985704602973553
205.45472736368183	0.07062906962156523	0.13974127449483367
205.58779389694848	0.07064456075620686	0.13947668225070772
205.7208604302151	0.07093763477270283	0.13934985970518873
205.85392696348174	0.07069985826576287	0.1394346081097769
205.98699349674837	0.07052412662322576	0.13933742858807754
206.120060030015	0.07059403709780707	0.13884028241567758
206.25312656328163	0.07028411911253762	0.1389581050569815
206.38619309654828	0.07012917929113327	0.1391599568216707
206.5192596298149	0.07004195653053252	0.1386531980941545
206.65232616308154	0.06991773839954704	0.1390524188251438
206.78539269634817	0.06988934244834497	0.13866029080211295
206.9184592296148	0.06999067112148857	0.13825216626299647
207.05152576288143	0.07020300922655423	0.1380999016800479
207.18459229614808	0.07023420547954294	0.13783810632521143
207.3176588294147	0.07024277077630771	0.13754847786047883
207.45072536268134	0.06991827894326946	0.13791933766104417
207.58379189594797	0.06967546210027722	0.13801520160662137
207.7168584292146	0.06962955165917734	0.13788758894185785
207.84992496248123	0.06968666167959402	0.13752918506118925
207.98299149574788	0.06977535497707511	0.13766679523346062
208.1160580290145	0.07020103793906259	0.1375053020330925
208.24912456228114	0.07040891447504777	0.13733433466124334
208.38219109554777	0.0698842922877799	0.13759172181092097
208.5152576288144	0.07000364963510133	0.13750296880601523
208.64832416208102	0.07030233162501386	0.13699144658029233
208.78139069534768	0.070308911148807	0.1368395756047053
208.9144572286143	0.07030359502378494	0.1374019582899576
209.04752376188094	0.07040777761800093	0.13719348074345666
209.18059029514757	0.07028145349264783	0.13760620387019615
209.3136568284142	0.0700861560574229	0.138062158844627
209.44672336168082	0.06997596019990046	0.1379573210788786
209.57978989494748	0.06995702670580647	0.1378425154657124
209.7128564282141	0.06984917551343506	0.13782791360277008
209.84592296148074	0.0698871332011658	0.1381746277320534
209.97898949474737	0.07000509128671491	0.13797572289195445
210.112056028014	0.06962954323965374	0.13775981293249162
210.24512256128062	0.06983858531634231	0.1375834600786751
210.37818909454728	0.06995380660546766	0.1371406015391036
210.5112556278139	0.06944786163956215	0.13760458108625168
210.64432216108054	0.06959070141879826	0.1375953281851598
210.77738869434717	0.06988818033333889	0.13774276994216544
210.9104552276138	0.06997712774435635	0.1378119913924656
211.04352176088042	0.0696757597268558	0.1371522476905832
211.17658829414708	0.06976321708714665	0.13724944561333974
211.3096548274137	0.07002172284944744	0.13705493849700054
211.44272136068034	0.06979746105040444	0.13745911677117784
211.57578789394697	0.07012908464555336	0.13712976873555938
211.7088544272136	0.07039862769382323	0.13755239109068643
211.84192096048022	0.07025300247572262	0.13714507225832856
211.97498749374688	0.07028341795423985	0.13705619326142637
212.1080540270135	0.07021606655261793	0.13682199643837745
212.24112056028014	0.06970025628777468	0.13757654798602995
212.37418709354677	0.06940655828230412	0.13780150487482698
212.5072536268134	0.0699657459652933	0.1375307919707441
212.64032016008002	0.07018227822687145	0.13755431011296487
212.77338669334668	0.07014535432142635	0.13831081043889445
212.9064532266133	0.07032306641302687	0.13861903066941178
213.03951975987994	0.07026363238266675	0.13854759636812095
213.17258629314657	0.07019324071712844	0.13874073390846028
213.3056528264132	0.07025293012907889	0.13877034497173055
213.43871935967982	0.06964227291401222	0.138375370104671
213.57178589294648	0.06983255767758477	0.13836203538310712
213.7048524262131	0.07021211085885937	0.13875211601592533
213.83791895947974	0.07021293151706177	0.13874682839131702
213.97098549274637	0.0702683294126641	0.13825518019547775
214.104052026013	0.0702399135715061	0.13818158220885393
214.23711855927962	0.0702993093028435	0.13847832826052553
214.37018509254628	0.07054084839858123	0.13870477082292915
214.5032516258129	0.07032954569079139	0.13867152173264885
214.63631815907954	0.07042388864554275	0.138731969166054
214.76938469234616	0.0704410683526643	0.13850259010261307
214.9024512256128	0.07065155500687287	0.1386616943321058
215.03551775887942	0.0706471097712061	0.13801669154833207
215.16858429214608	0.07124703013871121	0.1381623894557935
215.3016508254127	0.07128547998715576	0.138677441333901
215.43471735867934	0.07130934572673552	0.13828873773008665
215.56778389194596	0.07145267933800499	0.1384126805099228
215.7008504252126	0.0716976513044084	0.1387504111215944
215.83391695847922	0.07149608346657432	0.13897520112198747
215.96698349174588	0.07203334608719453	0.1386658715816601
216.1000500250125	0.07189369414906041	0.1387190624229719
216.23311655827914	0.07142131077693611	0.13838005392417094
216.36618309154576	0.07142402621681873	0.1381637890650715
216.4992496248124	0.07153955794373651	0.13837292494574904
216.63231615807902	0.07167507623227584	0.13839981208037647
216.76538269134568	0.07174250456834844	0.13837382080987065
216.8984492246123	0.07188142496419458	0.13863246612456753
217.03151575787894	0.07185103395388788	0.13855340891624723
217.16458229114556	0.07194282670727249	0.13894892888403823
217.2976488244122	0.07189681332856497	0.1382089473941104
217.43071535767882	0.07165028408589519	0.13789707541014895
217.56378189094548	0.07208010805771506	0.1379221456334545
217.6968484242121	0.07194877966511445	0.13765683518962962
217.82991495747874	0.07161457757096754	0.13732586609680833
217.96298149074536	0.07134714973678499	0.1375900087652606
218.096048024012	0.07148455769690211	0.13798048292821682
218.22911455727862	0.07134847466422232	0.13819230519459663
218.36218109054528	0.07157139304103809	0.1385135876657197
218.4952476238119	0.0716917876092979	0.13927089268738674
218.62831415707853	0.07153511182896452	0.1393623324051093
218.76138069034516	0.07147213741455946	0.13954462441058257
218.8944472236118	0.07106996545654644	0.13958866946049975
219.02751375687842	0.07117039987405582	0.13979509495969736
219.16058029014508	0.07117045627491138	0.1397734402960967
219.2936468234117	0.07106039316736845	0.13979227941263023
219.42671335667833	0.07119007960129387	0.13996233612219505
219.55977988994496	0.07076520770613666	0.13969198045111966
219.6928464232116	0.07090304829001286	0.13943082735171686
219.82591295647822	0.07085552757250034	0.1394009301345799
219.95897948974488	0.07093438484138351	0.13874633183988308
220.0920460230115	0.07149670922803003	0.13876592027356588
220.22511255627813	0.07176017621956528	0.13856974344509596
220.35817908954476	0.07169123055687103	0.13871072355348693
220.4912456228114	0.0716231632359559	0.13914371386058308
220.62431215607802	0.07171767437972305	0.13957161825736603
220.75737868934468	0.0718381764480783	0.1396150269621342
220.8904452226113	0.07204863758692527	0.14019686342174098
221.02351175587793	0.07187648711625719	0.1400190924673246
221.15657828914456	0.0721323674189531	0.14055069253358535
221.2896448224112	0.0722197424054059	0.14033779953238837
221.42271135567785	0.07228522027384547	0.14010061426449247
221.55577788894448	0.07182413865234348	0.14067700653747378
221.6888444222111	0.07198965836953365	0.14074196907396905
221.82191095547773	0.07181583217500212	0.1405972977616457
221.95497748874436	0.07119798004000197	0.14050753061439433
222.088044022011	0.07112896920415333	0.1408382037270009
222.22111055527765	0.07086692529282329	0.14097720242193698
222.35417708854428	0.0708118708907022	0.14145334631067374
222.4872436218109	0.0704667594173815	0.14164602220394296
222.62031015507753	0.07053118538839817	0.1415690635518124
222.75337668834416	0.07038923542074473	0.1415308988904333
222.8864432216108	0.07047135341930137	0.1420339455563241
223.01950975487745	0.07084257052584461	0.14239819267562615
223.15257628814408	0.07122243588360583	0.14236885006616942
223.2856428214107	0.07078643275944292	0.14215755821801102
223.41870935467733	0.07092177526778233	0.14162991360049393
223.55177588794396	0.07073632488566343	0.14211337164823595
223.6848424212106	0.07092514933054989	0.14264421369746166
223.81790895447725	0.07071149695542066	0.1427021179057857
223.95097548774388	0.07073083293471735	0.14254596632468705
224.0840420210105	0.07060989797058176	0.14266738625526887
224.21710855427713	0.07038478109206016	0.14233609616955437
224.35017508754376	0.07066229692633139	0.14220133018661188
224.4832416208104	0.07114031358366932	0.14207263198892994
224.61630815407705	0.07124505190361757	0.14209776873839994
224.74937468734367	0.07133753545152534	0.14205351930114557
224.8824412206103	0.07136247088947316	0.1419352829438634
225.01550775387693	0.07202319059762126	0.14164973349096827
225.14857428714356	0.07146074228769896	0.14136015271690275
225.2816408204102	0.07113073940657048	0.14145581943352478
225.41470735367685	0.07118000492755233	0.14129845500184574
225.54777388694347	0.07093112371883506	0.14110632625942882
225.6808404202101	0.07089470094117566	0.14076938655287513
225.81390695347673	0.07110786045386015	0.14092735437369017
225.94697348674336	0.07126340017329699	0.1408804184584072
226.08004002001	0.07141378351161204	0.1408669434986646
226.21310655327665	0.07217903989299555	0.1407804741335477
226.34617308654327	0.07212551256880112	0.14082327228733096
226.4792396198099	0.0721079277381082	0.14065400045981422
226.61230615307653	0.07179635335838509	0.14051321238297781
226.74537268634316	0.07178467706657268	0.1406129112913888
226.8784392196098	0.0716482337174153	0.1410227409524243
227.01150575287645	0.07187320883470098	0.14089417444934113
227.14457228614307	0.07171873476584864	0.1413223281841642
227.2776388194097	0.07146373427870731	0.14103971511204963
227.41070535267633	0.0712382304456158	0.14110981768513023
227.54377188594296	0.07125701613967152	0.14104598954535902
227.6768384192096	0.07087396268588689	0.14123628991692583
227.80990495247624	0.07110463615614486	0.14145135306939563
227.94297148574287	0.07104093652633828	0.14108623485700636
228.0760380190095	0.07097453474576418	0.14057617498709032
228.20910455227613	0.07137342385454035	0.14091333713122564
228.34217108554276	0.07160580778704252	0.14054832377766613
228.4752376188094	0.07178669158708291	0.1404711205800909
228.60830415207604	0.0718296248977203	0.14053443417463166
228.74137068534267	0.07178277350744314	0.14064331170645084
228.8744372186093	0.07153277381114968	0.1399638380881337
229.00750375187593	0.07136296383626581	0.13985173305868434
229.14057028514256	0.07144088944032384	0.13959663078689577
229.2736368184092	0.0714197483737548	0.13979718417250556
229.40670335167584	0.07131235045315037	0.14003745324866657
229.53976988494247	0.0712815659754073	0.140282876048953
229.6728364182091	0.07169262427536646	0.14033447137038976
229.80590295147573	0.07145039414490266	0.14005350540110215
229.93896948474236	0.0711235145405794	0.139890081294234
230.072036018009	0.07121202358910736	0.13942864796178653
230.20510255127564	0.07094188957935131	0.13968196363327204
230.33816908454227	0.07082421708248797	0.14004021463997393
230.4712356178089	0.07115857692007599	0.13947134676648013
230.60430215107553	0.07106859730550696	0.13882279358172778
230.73736868434216	0.07082557853666206	0.13905271902830316
230.8704352176088	0.07075689041685242	0.13910290783610585
231.00350175087544	0.0705792955322389	0.1390428134255422
231.13656828414207	0.07062846187872185	0.13884389030161676
231.2696348174087	0.07083086478193283	0.1388985199147128
231.40270135067533	0.0709064350791343	0.1393304824189881
231.53576788394196	0.07081757556474373	0.1398877769060971
231.6688344172086	0.07107728958297267	0.14032000090814506
231.80190095047524	0.07092411971948648	0.14037100741474332
231.93496748374187	0.0706451170802673	0.13991202850984003
232.0680340170085	0.0709973839415825	0.139848520925506
232.20110055027513	0.07128566394215302	0.13998601389769094
232.33416708354176	0.0715639048216645	0.1400473744739737
232.4672336168084	0.07153697733702104	0.1399382264167983
232.60030015007504	0.07139627172362772	0.13969429488813537
232.73336668334167	0.07132803591857714	0.13956349289805225
232.8664332166083	0.0712188816725359	0.139581306747983
232.99949974987493	0.07116624596337306	0.13985009589297187
233.13256628314156	0.07109617883166215	0.14008043037863885
233.26563281640819	0.07081053613764923	0.14001771994654857
233.39869934967484	0.070504837059932	0.13994343191118824
233.53176588294147	0.07065520126887648	0.14015514681606242
233.6648324162081	0.07069369665943133	0.1402925201561332
233.79789894947473	0.07078458948677378	0.140750140907471
233.93096548274136	0.07068590881280105	0.14063057159021822
234.06403201600799	0.07074034484909425	0.14080059762395436
234.19709854927464	0.07091929615053692	0.1408657582060146
234.33016508254127	0.07081996203839877	0.14148405262597757
234.4632316158079	0.07107427108429283	0.1413496260352345
234.59629814907453	0.07070010878451864	0.14122013968155506
234.72936468234116	0.07058562650729773	0.1415632885639608
234.86243121560778	0.07054185771167693	0.14196291250706852
234.99549774887444	0.07070175502007882	0.14202124239966618
235.12856428214107	0.07110155616113409	0.14165173521239566
235.2616308154077	0.07138210671069818	0.14162530383692773
235.39469734867433	0.0717874580724152	0.1420292546657269
235.52776388194096	0.07132214553135277	0.1421422214366851
235.66083041520758	0.07119063687758868	0.14254841533944446
235.79389694847424	0.07069124705111485	0.14232924026131055
235.92696348174087	0.07068149078665563	0.14201727025459754
236.0600300150075	0.07035899461061246	0.14189644727712414
236.19309654827413	0.07020296877438144	0.14214908412390923
236.32616308154076	0.07001748407489101	0.1424392845087087
236.45922961480738	0.0701452153848387	0.14214436405790162
236.59229614807404	0.0702021213998381	0.14206195472514282
236.72536268134067	0.07002057723272576	0.1425604107378742
236.8584292146073	0.07008620178458518	0.14219602437303344
236.99149574787393	0.07008086622736952	0.1423931885154408
237.12456228114056	0.06971616781959197	0.14221304569740248
237.25762881440718	0.06959220708117453	0.14190433544600967
237.39069534767384	0.06988463274040695	0.1417463238189845
237.52376188094047	0.06978659815025252	0.14151303111208635
237.6568284142071	0.06972145930005774	0.14116679089876458
237.78989494747373	0.0696948924046645	0.1405626729257306
237.92296148074036	0.06956866732165835	0.1406923164746835
238.05602801400698	0.07002449528073888	0.14097594120433427
238.18909454727364	0.06994421735021404	0.14093031082686375
238.32216108054027	0.06994334494677645	0.14017073137686287
238.4552276138069	0.0702948923839732	0.14107331520780672
238.58829414707353	0.07071929649296883	0.1410607620943029
238.72136068034015	0.07082537995376921	0.14125221598680027
238.8544272136068	0.07123511703916702	0.14139257112105538
238.98749374687344	0.07108154401654136	0.14138520753209213
239.12056028014007	0.07124818420589929	0.1412549096827064
239.2536268134067	0.07102122812606455	0.14155898728137248
239.38669334667333	0.07108553210370447	0.14181290245310305
239.51975987993995	0.07080018552860225	0.142008155935178
239.6528264132066	0.07128882802209628	0.14163358742856214
239.78589294647324	0.07109863429888208	0.1418030084072237
239.91895947973987	0.07114841576612631	0.1416745171782699
240.0520260130065	0.0712654254496626	0.14183299913390068
240.18509254627313	0.07161636544777561	0.1424532494626959
240.31815907953975	0.07110333184967055	0.14266717484937083
240.4512256128064	0.0713598986583624	0.14250570544896277
240.58429214607304	0.07159056842657585	0.14266122578362225
240.71735867933967	0.0713496143321723	0.14261462152681656
240.8504252126063	0.07110195198653821	0.14206285246219424
240.98349174587293	0.07117673016833297	0.1424887362111825
241.11655827913955	0.07118519003584986	0.14207426815926003
241.2496248124062	0.07125808508947257	0.14209626202545414
241.38269134567284	0.07140733598781945	0.14204626164907402
241.51575787893947	0.07119573571539588	0.14228391691277315
241.6488244122061	0.07083766302326702	0.14153319356542346
241.78189094547272	0.07063168160594445	0.14165959774057532
241.91495747873935	0.07076966431154953	0.14205761677741824
242.048024012006	0.07092339530062702	0.1421636210273382
242.18109054527264	0.07118430753845643	0.14180803456412247
242.31415707853927	0.07128858057104448	0.14158797723316835
242.4472236118059	0.07106589719028432	0.14182140023117376
242.58029014507252	0.07155254095424153	0.14187625065064474
242.71335667833915	0.07182609774021853	0.14201285497529983
242.8464232116058	0.07136345616951716	0.1418767474487365
242.97948974487244	0.07152518458592291	0.14175736375679898
243.11255627813907	0.07179015315747576	0.14170043170090516
243.2456228114057	0.0715421925257258	0.14171318272592198
243.37868934467232	0.07180834662363811	0.14113425485880482
243.51175587793895	0.07175283984773942	0.14131586395674364
243.6448224112056	0.07163971291177498	0.1415517208581484
243.77788894447224	0.07149463730275221	0.1413552794995832
243.91095547773887	0.07164019703900011	0.1411113181269783
244.0440220110055	0.07157988763894546	0.14121067319559638
244.17708854427212	0.07138426376234258	0.14121482933564014
244.31015507753875	0.0715673368178366	0.14132456062054174
244.4432216108054	0.07164779533297828	0.14133764526669687
244.57628814407204	0.07160607391088876	0.1417471852705061
244.70935467733867	0.07118597518786576	0.14229290120668883
244.8424212106053	0.0711564944327357	0.14250327097676652
244.97548774387192	0.0711651485431896	0.14240107041852088
245.10855427713855	0.0711076435667842	0.14215825470639556
245.2416208104052	0.07090958515956794	0.1412579776090501
245.37468734367184	0.07086831091939422	0.14138438624190647
245.50775387693847	0.07103340114280253	0.14163494011551814
245.6408204102051	0.07126342839503219	0.14172025833486004
245.77388694347172	0.0713477029332385	0.1422455050119783
245.90695347673835	0.07161781119001363	0.1419910472055529
246.040020010005	0.07160056327854136	0.14197505456968296
246.17308654327164	0.07183469297212403	0.14172577687836602
246.30615307653827	0.07192532525135596	0.14168396269377184
246.4392196098049	0.07212269449279929	0.1421230506219566
246.57228614307152	0.07180917329073803	0.14214878671290482
246.70535267633815	0.07208330315830018	0.14173088996494548
246.8384192096048	0.07179572197611837	0.14166154607845555
246.97148574287144	0.07137085818834682	0.142175243853987
247.10455227613807	0.0710124064347268	0.14250343774444219
247.2376188094047	0.07119411155001676	0.1424383085066198
247.37068534267132	0.07120946656860701	0.14301093922517158
247.50375187593795	0.07117467437005648	0.14289407545777238
247.6368184092046	0.07090855308012177	0.14289553192561102
247.76988494247124	0.07087981538864475	0.14303083413657539
247.90295147573786	0.07068734507936632	0.14350696879836275
248.0360180090045	0.0705769330347651	0.14339678132964465
248.16908454227112	0.07040273996837254	0.1434173327878374
248.30215107553775	0.07076484820839798	0.1431202657775906
248.4352176088044	0.07081698274772924	0.14299209711939176
248.56828414207104	0.07062808669257253	0.14296780808789855
248.70135067533766	0.07038546244469772	0.14306129383255106
248.8344172086043	0.07067682365762354	0.14336048219686612
248.96748374187092	0.07086465989468248	0.14331263905666672
249.10055027513755	0.07110005445591845	0.1437573211679595
249.2336168084042	0.07133501299771035	0.1438957397813527
249.36668334167084	0.07124246288019759	0.14340783359697915
249.49974987493746	0.07105718158844128	0.14340770223651977
249.6328164082041	0.07114488029586383	0.14329047933123026
249.76588294147072	0.07157412500143649	0.14309211870413102
249.89894947473735	0.07195759348950248	0.14292255793688202
250.032016008004	0.07178651514079225	0.14309116423030732
250.16508254127064	0.07189680358039087	0.14319860685348434
250.29814907453726	0.07159875641825546	0.1435282332912232
250.4312156078039	0.07152252467729123	0.14366719377087456
250.56428214107052	0.07138221475901066	0.14385292886917905
250.69734867433715	0.07155975572354539	0.14374160000120714
250.8304152076038	0.07127827567226469	0.14389979389103505
250.96348174087044	0.07088561226700449	0.14366057923333792
251.09654827413706	0.0708912373590209	0.14376498566278406
251.2296148074037	0.07088686548398755	0.14355418581745572
251.36268134067032	0.07059379685417053	0.14361583374574194
251.49574787393695	0.07074729759420652	0.14389694235743097
251.6288144072036	0.07094389538419907	0.14366736153747642
251.76188094047023	0.07080490318512526	0.1435893757939602
251.89494747373686	0.07116177111345601	0.1434496010179669
252.0280140070035	0.07142509554852293	0.14312783271267077
252.16108054027012	0.0714816617628814	0.1432512808589316
252.29414707353675	0.0718618155060979	0.14315293623305025
252.4272136068034	0.07171121345156124	0.14304149021827706
252.56028014007003	0.071456661859382	0.14290212476669706
252.69334667333666	0.07141105260981291	0.14296961115319615
252.8264132066033	0.07129409421576503	0.1427598524908195
252.95947973986992	0.07148594678269553	0.14255411801805973
253.09254627313655	0.07157842268417602	0.14236467319231066
253.2256128064032	0.07173341260953095	0.14180698578977627
253.35867933966983	0.07176045706165693	0.14116628698361544
253.49174587293646	0.07180232357380072	0.1412279156090012
253.6248124062031	0.07179073130489899	0.14139665303877397
253.75787893946972	0.07154650062099616	0.14130300787858208
253.89094547273635	0.07151875536293868	0.1415833184742563
254.024012006003	0.07141053705870433	0.1416413073402863
254.15707853926963	0.07142334973987306	0.14163468575122556
254.29014507253626	0.0715002237791277	0.14186655685181698
254.4232116058029	0.07127665402794879	0.142266022439755
254.55627813906952	0.0714994185970539	0.14247839252407468
254.68934467233615	0.07184357418293504	0.142458368298983
254.8224112056028	0.0717487227678387	0.14256131092799834
254.95547773886943	0.07160180909516609	0.14256670732718568
255.08854427213606	0.07190203755623566	0.1419720684841783
255.2216108054027	0.07218937149964258	0.14254968640426202
255.35467733866932	0.07253207881199578	0.14255135205675998
255.48774387193595	0.07242640779711886	0.14266960858220018
255.6208104052026	0.07263449009051096	0.14283809863124058
255.75387693846923	0.07278552787157867	0.1424598451756024
255.88694347173586	0.07233841961692891	0.14197349843585297
256.0200100050025	0.07177491041947538	0.14215156857511885
256.15307653826915	0.07168623501775165	0.14173744650625678
256.2861430715358	0.07189852833681717	0.14189176238597342
256.4192096048024	0.0714633515989132	0.14210522568205836
256.55227613806903	0.07152450945480432	0.14197105404761362
256.68534267133566	0.07207339726852423	0.14198515797245456
256.8184092046023	0.0723846497143493	0.1411987189002074
256.9514757378689	0.07213541360650687	0.14082699447053196
257.08454227113555	0.07238651065559353	0.1407226453153297
257.2176088044022	0.07181527481628827	0.14122583732169433
257.3506753376688	0.07191786319922862	0.14137439569500956
257.4837418709355	0.0716057728290146	0.14124879959314962
257.6168084042021	0.07203637924315151	0.14097722340452473
257.74987493746875	0.07211530522068904	0.1409812022781756
257.8829414707354	0.07218086417130186	0.14064291605869012
258.016008004002	0.07213785718430922	0.14088660617189833
258.14907453726863	0.07220070559024915	0.14047584655846043
258.28214107053526	0.07235126462383748	0.1403585665763898
258.4152076038019	0.07254022985953949	0.14007327773442357
258.5482741370685	0.0721045079273073	0.14001973972354903
258.68134067033515	0.07185729401594998	0.14023249085610168
258.8144072036018	0.07154193002745785	0.14072013511544024
258.9474737368684	0.0716693510234969	0.14107103423459882
259.0805402701351	0.07156792461403952	0.1415324432199808
259.2136068034017	0.07138355995763675	0.14087575642348893
259.34667333666835	0.07153819672584505	0.14096653937459727
259.479739869935	0.07136822155249233	0.14106827237603942
259.6128064032016	0.0712288273127368	0.14083815083025497
259.74587293646823	0.07139957368917499	0.14140255832397497
259.87893946973486	0.07164832687419885	0.14164521914207978
260.0120060030015	0.07156380093306906	0.1411998244506317
260.1450725362681	0.07149778643412244	0.14130863069466654
260.27813906953475	0.0713203325214378	0.14091498216271275
260.4112056028014	0.07137915486053516	0.14084265291458656
260.544272136068	0.07160585443288497	0.14068958469735318
260.6773386693347	0.07130485446866189	0.14055840830595265
260.8104052026013	0.07096514340991741	0.14024818909058778
260.94347173586794	0.07103020623552708	0.13994670142231272
261.0765382691346	0.07077205365774861	0.1390578955397676
261.2096048024012	0.07039101246123194	0.13898098593779667
261.34267133566783	0.07049196623097251	0.13878669540453947
261.47573786893446	0.07087177992814359	0.1385420701420597
261.6088044022011	0.07081066365693607	0.1384466108517386
261.7418709354677	0.07074253168146308	0.13886288594746166
261.87493746873434	0.07071969477101128	0.1390939551604892
262.008004002001	0.07084780328357658	0.13882696532321773
262.1410705352676	0.07122633215349214	0.13902354457374547
262.2741370685343	0.07116529153889067	0.13889625570305972
262.4072036018009	0.07109478199457081	0.13882185903440522
262.54027013506754	0.07135822353172377	0.13939551400009523
262.6733366683342	0.07138981814554471	0.13951563581724014
262.8064032016008	0.07078904026154588	0.13916176568983082
262.93946973486743	0.07098396485519935	0.13904805201501755
263.07253626813406	0.07085412671956985	0.13915366641376495
263.2056028014007	0.07085304403786838	0.13975173154071022
263.3386693346673	0.07078569614051611	0.13999655710569386
263.47173586793394	0.07100528613192959	0.14024701856029415
263.6048024012006	0.07105468609122056	0.1394512455572982
263.7378689344672	0.07061138072269574	0.1395961774077145
263.8709354677339	0.07069528677447161	0.1401098554619122
264.0040020010005	0.07094078336973057	0.1397605929926541
264.13706853426714	0.07096187799982796	0.13944525355170564
264.2701350675338	0.07125168390344702	0.13973492432113807
264.4032016008004	0.0709418806201761	0.13935749854148488
264.53626813406703	0.07120551673825509	0.13988691717108884
264.66933466733366	0.07127376578720142	0.13978082818506715
264.8024012006003	0.07112012146370754	0.13931474301676106
264.9354677338669	0.07072048310168065	0.13924673197460916
265.06853426713354	0.07085195037242009	0.13942272306428963
265.2016008004002	0.0709194825456209	0.1398226666083155
265.3346673336668	0.07087415623433138	0.1394915728120181
265.4677338669335	0.07125143789586633	0.1393134019479812
265.6008004002001	0.07091921465874097	0.1394679432568698
265.73386693346674	0.0712732922006021	0.13975635868604938
265.86693346673337	0.07111865637266938	0.13949073590670108
266.0	0.07107419712070875	0.13964562569213732
