0.0	0.0	0.0
0.1330665332666333	8.871735216227726e-05	2.222410501658772e-05
0.2661330665332666	0.00042119982197566405	0.0002883023679645957
0.39919959979989994	0.0008868729731697792	0.0008428634069413631
0.5322661330665333	0.0017742269242175084	0.0018403506925495695
0.6653326663331666	0.003081746989984415	0.00286005640379466
0.7983991995997999	0.004189270112522934	0.004190157735820654
0.9314657328664332	0.005386849828429499	0.005541987880469721
1.0645322661330665	0.006939240248765592	0.007004835592052648
1.1975987993997	0.008622681316862876	0.00857938913405593
1.3306653326663331	0.009995368304242542	0.010530553880123684
1.4637318659329663	0.011393133269401733	0.0125023893900246
1.5967983991995998	0.013054086278731858	0.014565350395448295
1.7298649324662332	0.014271596662085457	0.017093233215446875
1.8629314657328664	0.01571436246039982	0.01964141876883663
1.9959979989994996	0.017309169086150412	0.02223421795859491
2.129064532266133	0.018681478022913093	0.025054308033476344
2.2621310655327664	0.01992115906708245	0.028553202855267527
2.3951975987994	0.021165744836905764	0.03123345893120534
2.528264132066033	0.02289390988185826	0.03460574950365503
2.6613306653326663	0.024108583120965407	0.037977808805793364
2.7943971985992997	0.025329496508619653	0.042102523204649585
2.9274637318659327	0.026726898202627157	0.0459334954939141
3.060530265132566	0.028052032063134214	0.04992559282900792
3.1935967983991995	0.02900610469407482	0.054137910044215205
3.326663331665833	0.03042791125685688	0.05857399549917119
3.4597298649324664	0.031732160268128015	0.06329387844879965
3.5927963981990994	0.0329753192777132	0.06790561768190179
3.7258629314657328	0.03434626411542896	0.07293847744368417
3.858929464732366	0.03534238912100003	0.07811130393055109
3.991995997998999	0.03646968913583998	0.08404793918727424
4.125062531265633	0.037061962301049974	0.08902245593529048
4.258129064532266	0.0377332851911185	0.09436186654372022
4.391195597798899	0.038869202963276644	0.10117948954608762
4.524262131065533	0.04013120943401413	0.10806574125961065
4.657328664332166	0.041236038463501504	0.11445498596853734
4.7903951975988	0.04230329435114259	0.12031630270550957
4.923461730865433	0.04368069419497363	0.12755712484136283
5.056528264132066	0.04507683883652751	0.13475220254314577
5.1895947973986996	0.0464465586756157	0.14168112604399946
5.3226613306653325	0.04753061790786137	0.14816737829561255
5.4557278639319655	0.04868153516400218	0.15459710661111092
5.588794397198599	0.049680341829005895	0.1614361667707004
5.721860930465232	0.0508987039490509	0.16912241812941953
5.854927463731865	0.05191876757255669	0.1771996632216092
5.987993996998499	0.05301726919952526	0.18408529826084788
6.121060530265132	0.05348149880510913	0.19081034690869803
6.254127063531766	0.05451130979927134	0.19940077441838383
6.387193596798399	0.055551219132882496	0.2069663561639001
6.520260130065032	0.05644693387824334	0.2140783920107517
6.653326663331666	0.056779774235507285	0.22220437259959328
6.786393196598299	0.057606719784288725	0.22898534989297967
6.919459729864933	0.05833834135329167	0.2357610297036
7.052526263131566	0.059221718341250965	0.2423443333594237
7.185592796398199	0.059868169265355875	0.25023271540085795
7.318659329664833	0.06083933673053221	0.25676206904977594
7.4517258629314655	0.06134766395090274	0.2632155826565889
7.5847923961980985	0.062214048325135975	0.26932765692332533
7.717858929464732	0.062859197585358	0.274913523346688
7.850925462731365	0.06397793714628884	0.28183059993395987
7.983991995997998	0.06488608687588145	0.287443581020182
8.117058529264632	0.06505780089156131	0.29257571297119833
8.250125062531266	0.0656748945353449	0.29769769300218746
8.383191595797898	0.06655670538755165	0.30362021802727146
8.516258129064532	0.06717670346988791	0.30792368541716914
8.649324662331166	0.06807143923748162	0.3119061616214053
8.782391195597798	0.06887632568516332	0.31602525350390953
8.915457728864432	0.06925325736444247	0.3212191484965561
9.048524262131066	0.06987052976494791	0.3242642482865869
9.181590795397698	0.07013561196974953	0.3288879894849407
9.314657328664332	0.07078997085562637	0.33309999505120097
9.447723861930966	0.07147339155356776	0.3371940027896152
9.5807903951976	0.07204401500764787	0.3410768684754156
9.713856928464232	0.07258528905406698	0.34531166612501907
9.846923461730865	0.07352429906706237	0.3493202021540406
9.9799899949975	0.07438025576693616	0.3532647848341165
10.113056528264131	0.07511361394742604	0.3565749600730162
10.246123061530765	0.07605343613935914	0.36031260685147043
10.379189594797399	0.07709145112261712	0.36240442855409605
10.512256128064031	0.07795121848255883	0.36506770650984766
10.645322661330665	0.07876693720671654	0.36852488695861724
10.778389194597299	0.0795782875734403	0.3713797661279957
10.911455727863931	0.0806472860516977	0.3738976514735189
11.044522261130565	0.08082070890578265	0.3760665594269539
11.177588794397199	0.08101134199624625	0.3778036179715488
11.31065532766383	0.08143446745807062	0.37976713587094907
11.443721860930465	0.08196378970755527	0.3805534017018052
11.576788394197099	0.08278009544988188	0.38198514868917144
11.70985492746373	0.0827401727192107	0.38300977136971975
11.842921460730365	0.08365178603148071	0.3840327262259413
11.975987993996998	0.08450038316530689	0.3855573493934875
12.109054527263632	0.08571461630054901	0.3882393202046533
12.242121060530264	0.0865129328957947	0.38920271825932795
12.375187593796898	0.08766327127445644	0.39006979668361336
12.508254127063532	0.08828574066879577	0.3910351765027729
12.641320660330164	0.08891760897291384	0.3926459446648244
12.774387193596798	0.08966238902358128	0.39293533297559
12.907453726863432	0.08994694263546532	0.3940441155032484
13.040520260130064	0.09010376185660976	0.39520468795148866
13.173586793396698	0.0909605893669562	0.39570064130036997
13.306653326663332	0.0915115785779991	0.39691040640369596
13.439719859929964	0.09185396123482852	0.3979415300318863
13.572786393196598	0.09262478353565076	0.3996709995072817
13.705852926463232	0.09325608649001502	0.40090824510301376
13.838919459729865	0.09332944602354624	0.40089595743683426
13.971985992996498	0.09406195222079326	0.4015972875636536
14.105052526263131	0.09471415721198526	0.40248512400317327
14.238119059529765	0.09534746437407676	0.4031029058881147
14.371185592796397	0.09615535206884585	0.4029891090041339
14.504252126063031	0.09649622218480981	0.4038979615950338
14.637318659329665	0.09687196031511532	0.4045465594703745
14.770385192596297	0.09721798247048864	0.4059370887371029
14.903451725862931	0.09782816967873025	0.40713364848516725
15.036518259129565	0.09797394180347496	0.4074371060467977
15.169584792396197	0.09839009339055853	0.40892270502152434
15.302651325662831	0.09900387617590414	0.4087146715283631
15.435717858929465	0.09976435303109572	0.4092575340562732
15.568784392196097	0.0999842324175549	0.41043233994209793
15.70185092546273	0.10030408550661433	0.4110760552532521
15.834917458729365	0.10102204210424523	0.41215994648470516
15.967983991995997	0.101058498392816	0.4114661836587685
16.101050525262632	0.10135806082023063	0.4119099200757619
16.234117058529264	0.10254794008094247	0.41128255552704773
16.367183591795897	0.10334043281920625	0.41167068775106275
16.500250125062532	0.10387531888762548	0.4118809682266516
16.633316658329164	0.1042487433604725	0.41274522990617046
16.766383191595796	0.10509622378073329	0.41304170014108527
16.899449724862432	0.10563789203897206	0.41291828893775484
17.032516258129064	0.10631778133560639	0.41448736426511
17.165582791395696	0.1071677723363195	0.4137835303704892
17.298649324662332	0.10802136016052062	0.4145681368860617
17.431715857928964	0.10833523755796116	0.41534456503071676
17.564782391195596	0.10816258167220974	0.41658851851427997
17.69784892446223	0.10919963720286756	0.4174110141062545
17.830915457728864	0.10952350176144776	0.41721191123669543
17.963981990995496	0.10996617471127929	0.41795838099306365
18.09704852426213	0.11029775620453246	0.4178238161626385
18.230115057528764	0.11098282911687027	0.41858791915199367
18.363181590795396	0.11106002566815382	0.4189490070509116
18.49624812406203	0.11182239017776749	0.41899632992531427
18.629314657328663	0.11214776604641277	0.41895093679417533
18.762381190595296	0.11266095022494858	0.4190639891494564
18.89544772386193	0.11285259661768735	0.41832387486121725
19.028514257128563	0.1140022037326371	0.41863851957058
19.1615807903952	0.11461218158512758	0.4199044637867511
19.29464732366183	0.11521379981736377	0.4202775762056879
19.427713856928463	0.11576820428301346	0.4210574975328798
19.5607803901951	0.11636278131355655	0.4217477665970854
19.69384692346173	0.11673800101036176	0.4222774478672756
19.826913456728363	0.11700275793463626	0.422662938823382
19.959979989995	0.1177033515356909	0.42265678423001013
20.09304652326163	0.11826903840200573	0.4233391771311281
20.226113056528263	0.11868466631975721	0.42369666313395454
20.3591795897949	0.11889037576912852	0.42285695862309397
20.49224612306153	0.11972591494489651	0.4224657283442931
20.625312656328163	0.1204258044033395	0.4229226721065784
20.758379189594798	0.12137608931204007	0.42317625057951513
20.89144572286143	0.121611982727104	0.42301641006721985
21.024512256128062	0.12203599927503021	0.4239099933965168
21.157578789394698	0.1225879381363638	0.42478861842114574
21.29064532266133	0.12304754927510236	0.4256079809442875
21.423711855927962	0.12371388351532304	0.42623255433641405
21.556778389194598	0.12449675904217695	0.4268884081608043
21.68984492246123	0.12399023623391785	0.42600079237029165
21.822911455727862	0.12436528421582312	0.42653418944241994
21.955977988994498	0.12469882416173214	0.4280159360214366
22.08904452226113	0.12463721023304046	0.4284587845690807
22.222111055527762	0.12502783875684328	0.42892172819086344
22.355177588794398	0.12563938393192178	0.4298971849714307
22.48824412206103	0.1263172357841066	0.4304445548599322
22.62131065532766	0.1268785697500078	0.43024584112960684
22.754377188594297	0.12740875229617554	0.4308117387457044
22.88744372186093	0.12709124215442955	0.4301961998444062
23.02051025512756	0.12693717660675052	0.4308735437706141
23.153576788394197	0.12767111415104818	0.4309774923356534
23.28664332166083	0.12823254379979676	0.4322975841395402
23.41970985492746	0.12820134979925754	0.4319522129692735
23.552776388194097	0.12863336045537088	0.43210293403892197
23.68584292146073	0.12946480888685227	0.4323652923529937
23.818909454727365	0.13009033186122446	0.4326003499794458
23.951975987993997	0.13049130934957118	0.43340209207338803
24.08504252126063	0.1312546739297553	0.4329348687335325
24.218109054527265	0.13149350883070507	0.43234505668464757
24.351175587793897	0.1317821574292735	0.4323799844974836
24.48424212106053	0.13187060347303373	0.4329647785868095
24.617308654327164	0.1321998315045011	0.43283430413854473
24.750375187593797	0.13342563990115594	0.4327267259227796
24.88344172086043	0.13382326659939991	0.4330852975849675
25.016508254127064	0.13349376506020197	0.43265440659409876
25.149574787393696	0.13294698958800902	0.43344877068705084
25.28264132066033	0.1335424513496366	0.43264753215285406
25.415707853926964	0.13443490070627506	0.43143079713220706
25.548774387193596	0.13447916184499242	0.43128864795591026
25.68184092046023	0.13490096019551978	0.43095735449996747
25.814907453726864	0.135200914075008	0.4307629850111974
25.947973986993496	0.1357108411247149	0.43163116853694405
26.081040520260128	0.13660416483732576	0.4315195071013571
26.214107053526764	0.13720724427815434	0.43086987103458974
26.347173586793396	0.13740819681779406	0.43219471830193423
26.480240120060028	0.13734545094143022	0.43274885336231733
26.613306653326664	0.13734090241786107	0.43202848949512995
26.746373186593296	0.1374331328318577	0.4305419768302316
26.879439719859928	0.13861627485173553	0.43153562640843973
27.012506253126563	0.1385792435238704	0.4313294894927519
27.145572786393195	0.1392862743665667	0.4324545465322259
27.278639319659828	0.13991436522996142	0.43327267935363317
27.411705852926463	0.14040111899262672	0.43380282721258795
27.544772386193095	0.14093936762380127	0.4341149646509054
27.67783891945973	0.14108257959574824	0.4348074472818544
27.810905452726363	0.14232824027166138	0.434497816227831
27.943971985992995	0.14249250438528088	0.4348088689558032
28.07703851925963	0.14243832737428472	0.4350124006907408
28.210105052526263	0.1427493874222923	0.4350988124620575
28.343171585792895	0.14357657976582802	0.43508529236878896
28.47623811905953	0.14395474047614565	0.43558664224820504
28.609304652326163	0.14388323070283499	0.43623345355235993
28.742371185592795	0.1439635433757131	0.4369361507416233
28.87543771885943	0.14467127076642533	0.43709389578030344
29.008504252126063	0.14535223732120775	0.4378073868139967
29.141570785392695	0.14563103643749578	0.43802917866021557
29.27463731865933	0.14582536927157702	0.43696225204185746
29.407703851925962	0.14664363214335588	0.43654630780622694
29.540770385192594	0.14691560003859333	0.43607948163867927
29.67383691845923	0.1472596186152254	0.4359956284257008
29.806903451725862	0.147499342455752	0.43646859886128775
29.939969984992494	0.14777864873756597	0.43723485966803644
30.07303651825913	0.1483892990884647	0.4380702193725093
30.206103051525762	0.14846469259351502	0.4373557142357455
30.339169584792394	0.14916838530840526	0.4379031687827508
30.47223611805903	0.14891356900126254	0.43758405774595927
30.605302651325662	0.150078569155997	0.4378658768786554
30.738369184592294	0.1507557308612723	0.43921991436419516
30.87143571785893	0.15166154056729125	0.439817536033729
31.00450225112556	0.1518209458381825	0.4406265875559979
31.137568784392194	0.15239890397020026	0.44040333526434816
31.27063531765883	0.15268365768792744	0.4412376606608421
31.40370185092546	0.1527129679097685	0.4405016595606619
31.536768384192094	0.15283752407594578	0.4395973093238263
31.66983491745873	0.15342998578211395	0.4407193054805429
31.80290145072536	0.1542554558899947	0.44091570197015645
31.935967983991993	0.1548298396613914	0.44028509795618004
32.06903451725863	0.15549968197932607	0.44168313792437736
32.202101050525265	0.15591988261828102	0.4415342780131771
32.33516758379189	0.15652472749699042	0.44241642718617963
32.46823411705853	0.1569362600533815	0.4418878970447444
32.601300650325165	0.1571690768157464	0.44149973156180894
32.73436718359179	0.15751794058215388	0.4418345581779957
32.86743371685843	0.1579551805564356	0.44095501409168814
33.000500250125064	0.158069843490499	0.441197960251499
33.13356678339169	0.15885777828506342	0.44177200485321844
33.26663331665833	0.1589202528720763	0.4421877495039684
33.399699849924964	0.15894183686279773	0.44225850869493494
33.53276638319159	0.15995507714282003	0.4421899105109005
33.66583291645823	0.1601317031376242	0.44303409223471485
33.798899449724864	0.1607439888307641	0.4438743695997164
33.93196598299149	0.16048899452912102	0.4443865060519672
34.06503251625813	0.16095559679212415	0.44530977301761027
34.198099049524764	0.16134197186603813	0.44538251633027126
34.33116558279139	0.16158761147722556	0.44607190058246626
34.46423211605803	0.16179815884432522	0.4463213985036205
34.597298649324664	0.16198401299730214	0.4447442210697367
34.73036518259129	0.16276746951243182	0.4450693843177041
34.86343171585793	0.16288931608731774	0.4449102601562042
34.99649824912456	0.16286589778368876	0.44559116879648386
35.12956478239119	0.16278782675371004	0.4460005954811602
35.26263131565783	0.1636285858388389	0.44547797725095034
35.39569784892446	0.16387395654420958	0.44579844675299807
35.52876438219109	0.16408582055270546	0.4452783318258019
35.66183091545773	0.16455232896191974	0.44545133317433655
35.79489744872436	0.1654440418193544	0.4454346962355473
35.92796398199099	0.16576650700083778	0.4460788336364642
36.06103051525763	0.16556582207343534	0.44522504399842183
36.19409704852426	0.16588911181010235	0.446132410120374
36.32716358179089	0.16616334564406912	0.446134260883749
36.46023011505753	0.16618859841195	0.445747398283975
36.59329664832416	0.16571808716282094	0.44627467823316413
36.72636318159079	0.16644472593157267	0.4462573364137095
36.85942971485743	0.16607227336749147	0.44567580861371636
36.99249624812406	0.1663817435405065	0.4457319830240118
37.12556278139069	0.166545154457965	0.4454730388266101
37.25862931465733	0.16661178061911772	0.44614781576269236
37.39169584792396	0.1669935822227657	0.4455850154745678
37.52476238119059	0.16770350206842521	0.44597535084617856
37.65782891445723	0.16751694385025095	0.4459504920681918
37.79089544772386	0.16751734061333926	0.4460226814379906
37.92396198099049	0.1679982532889614	0.4464718023041224
38.05702851425713	0.1686859901862206	0.4472549078718158
38.19009504752376	0.16911068314483527	0.44743269433290983
38.3231615807904	0.16918254616096332	0.4479122582915187
38.456228114057026	0.16955115550118868	0.4476756839882409
38.58929464732366	0.17023376775590174	0.4473992244439579
38.7223611805903	0.17033186493020674	0.44777395906836165
38.855427713856926	0.17052316993886735	0.448836135316426
38.98849424712356	0.17137254032030114	0.4486937588268573
39.1215607803902	0.17180273793265646	0.4480986439157863
39.254627313656826	0.17225856932812816	0.44898142190075513
39.38769384692346	0.17273183475560375	0.449055554894997
39.5207603801901	0.17336646386525195	0.4488914431456905
39.653826913456726	0.17316482504555356	0.4489104415357764
39.78689344672336	0.1734962210741628	0.4490568476277045
39.91995997999	0.17439174219773484	0.44934962363296094
40.053026513256626	0.1742720197671258	0.4498403266536337
40.18609304652326	0.17487612840723926	0.4506164671710532
40.3191595797899	0.17539649903946547	0.44987779679591844
40.452226113056525	0.17611056570805075	0.45027187685481934
40.58529264632316	0.17616988320625593	0.450315754543111
40.7183591795898	0.17667574078643522	0.45081435306556505
40.851425712856425	0.17738843041570324	0.4501893560672281
40.98449224612306	0.17799562173594266	0.4505524487134393
41.1175587793897	0.17884285170605999	0.45026384545668946
41.250625312656325	0.17917925818009642	0.4499157175798359
41.38369184592296	0.17927301466313458	0.4497570931294449
41.516758379189596	0.1796683884285822	0.4489431373933924
41.649824912456225	0.1802130228594184	0.4492363171640888
41.78289144572286	0.1804397498909502	0.4500567690873646
41.915957978989496	0.18088898707797565	0.4504624496772346
42.049024512256125	0.18126505724445943	0.4503929346451403
42.18209104552276	0.18104002601371977	0.45052609554920164
42.315157578789396	0.18093461139603179	0.45103009831507346
42.448224112056025	0.18078077795739525	0.45012019491034394
42.58129064532266	0.18114118462738504	0.45036446179495
42.714357178589296	0.18136581052829373	0.45054659297434524
42.847423711855924	0.18182200958021913	0.4509879270147574
42.98049024512256	0.18169010264014945	0.45107625846368593
43.113556778389196	0.18209638272063688	0.45088878719768194
43.246623311655824	0.18232819871011122	0.4511911854391206
43.37968984492246	0.18322287279162394	0.45075891787423217
43.512756378189096	0.18355114795306704	0.4507189180566167
43.645822911455724	0.18311124724696723	0.4506320461711538
43.77888944472236	0.18351812852776833	0.45057354265229865
43.911955977988995	0.18422071360600217	0.4505467696815907
44.045022511255624	0.18416549334759663	0.4500514011574011
44.17808904452226	0.18422314970607848	0.4497447768939433
44.311155577788895	0.18489901346603185	0.45026805905667344
44.444222111055524	0.1857824567652898	0.450739194211418
44.57728864432216	0.185945364155643	0.4503784539084721
44.710355177588795	0.1869795760112648	0.45084801203665625
44.843421710855424	0.18740162845780992	0.45040882288591855
44.97648824412206	0.18822500952692972	0.4510114257150385
45.109554777388695	0.18833630421456718	0.4500830539408759
45.24262131065532	0.18833322105049724	0.4503175556923583
45.37568784392196	0.1885063237296497	0.45031179473487487
45.508754377188595	0.18852426259465152	0.44913532984751126
45.64182091045522	0.18886971651068232	0.44953873678024237
45.77488744372186	0.1886767167860959	0.44995267057618155
45.907953976988495	0.188830821338587	0.45012215592164995
46.04102051025512	0.18995504881143258	0.4496695877348546
46.17408704352176	0.18968006029594728	0.45048728324868775
46.307153576788394	0.18953587050689627	0.4503898779158284
46.44022011005502	0.18911888062223342	0.4505560323085764
46.57328664332166	0.189388869047313	0.45103964584048833
46.706353176588294	0.19010580199304816	0.4513960178957606
46.83941970985492	0.19025523700272245	0.4514362720274512
46.97248624312156	0.1909511146930124	0.45195050261087444
47.105552776388194	0.1912975634198316	0.4520381762281481
47.23861930965483	0.1919032966098716	0.451673684182836
47.37168584292146	0.191830545168226	0.4517090415437861
47.504752376188094	0.19210710797193054	0.45243204788747693
47.63781890945473	0.19192231409587007	0.45249780168723813
47.77088544272136	0.19153120801637277	0.4524895711821415
47.903951975987994	0.1910547388376634	0.45410092665639185
48.03701850925463	0.19125014643990285	0.45473880223701724
48.17008504252126	0.19092496782334709	0.4548363122833494
48.30315157578789	0.1913903598899877	0.45452062252190645
48.43621810905453	0.19200834757268703	0.4549252760518711
48.56928464232116	0.1919131460389212	0.45546758146068433
48.70235117558779	0.19212934231504059	0.4558672144195704
48.83541770885443	0.1930653319928937	0.45620026902186384
48.96848424212106	0.19392420777240604	0.4560784078892253
49.10155077538769	0.19422807238397588	0.45648626261978964
49.23461730865433	0.19471693305525015	0.4565985521289304
49.36768384192096	0.19531129490211763	0.4570938564943595
49.50075037518759	0.19596720644035634	0.45691873430951435
49.63381690845423	0.19715057228311816	0.4572254278242665
49.76688344172086	0.197337587054422	0.4579527124974307
49.89994997498749	0.19801507608811988	0.4571851387051893
50.03301650825413	0.198439508149213	0.45702338958623934
50.16608304152076	0.19831324098717976	0.4572288368836687
50.29914957478739	0.19871250605979907	0.4570247712307569
50.43221610805403	0.19921903967389995	0.4568679891523291
50.56528264132066	0.19904069877290784	0.4562855377545342
50.69834917458729	0.1993959890838365	0.455372717638249
50.83141570785393	0.19991987711735806	0.45468922788354177
50.96448224112056	0.2004471203605823	0.45462430917497476
51.09754877438719	0.20134174360265877	0.45470136424680385
51.23061530765383	0.2015235082794309	0.4542395063902252
51.36368184092046	0.20179836818070193	0.4540606312795661
51.49674837418709	0.20240484595374122	0.45416601821062075
51.62981490745373	0.20240749531391794	0.45308878008989856
51.762881440720356	0.20302103131296917	0.4530870940745024
51.89594797398699	0.20269041788684763	0.4535530186892928
52.02901450725363	0.2028908451295124	0.4531935800250466
52.162081040520256	0.20308711038845026	0.452493405070994
52.29514757378689	0.2042515492761053	0.45244305319369255
52.42821410705353	0.20520801588661697	0.4520581067786675
52.561280640320156	0.20502714988065315	0.45106602499152254
52.69434717358679	0.20508777894225927	0.45087412862227044
52.82741370685343	0.20581077922046334	0.4505329243280816
52.960480240120056	0.20551952345968455	0.4503628936693816
53.09354677338669	0.20624823637181114	0.44916026720487834
53.22661330665333	0.20651460585633855	0.4498135312521732
53.359679839919956	0.20622784848305703	0.4496515515596769
53.49274637318659	0.20684956185870304	0.44939926799941105
53.62581290645323	0.20766603224257685	0.44978904076220594
53.758879439719855	0.20826802592999868	0.44904931939921766
53.89194597298649	0.20912843882772328	0.4488726038840055
54.02501250625313	0.20914414610000107	0.4483936472183589
54.158079039519755	0.20916141655452178	0.4476667276101961
54.29114557278639	0.2094122471204722	0.4480330620604965
54.42421210605303	0.21003451446651536	0.4474838514937757
54.557278639319655	0.21010864096127915	0.4469949472941432
54.69034517258629	0.21089721843263098	0.4471447798860314
54.823411705852926	0.21126821799039527	0.4482090983509813
54.956478239119555	0.21098212179924686	0.44762150071040174
55.08954477238619	0.2113740390190555	0.4477184684532508
55.222611305652826	0.2117497869960281	0.4488123563182959
55.35567783891946	0.2118537800414404	0.4491193012614187
55.48874437218609	0.21216974205132524	0.44883629618980553
55.621810905452726	0.21296719239254	0.44917028547636517
55.75487743871936	0.21333053737688765	0.4483560005860435
55.88794397198599	0.21383543087716558	0.4485240860556012
56.021010505252626	0.21429582216139287	0.4485673641141769
56.15407703851926	0.21486764999248728	0.4481835949680129
56.28714357178589	0.2151157314924814	0.4493508749137763
56.420210105052526	0.21494644864196408	0.44843237469550945
56.55327663831916	0.21570381897164873	0.44895803910484877
56.68634317158579	0.21602394170226993	0.4492201849762063
56.819409704852426	0.21648207030932407	0.44949329446445085
56.95247623811906	0.21656116374168805	0.4499896450997262
57.08554277138569	0.21651620768930013	0.44978086750473734
57.218609304652325	0.2159454909335097	0.4494833264082742
57.35167583791896	0.21619358213320794	0.449704922146641
57.48474237118559	0.21662684923935907	0.4495625020547333
57.617808904452225	0.2166713876852213	0.4501826898593065
57.75087543771886	0.21730001877467334	0.449818696230634
57.88394197098549	0.21811113564908208	0.4504990733477125
58.017008504252125	0.21873717513309798	0.4504530191464725
58.15007503751876	0.21975433484655793	0.4504351943484019
58.28314157078539	0.2194528882590812	0.45037671838129606
58.416208104052025	0.21935506683698894	0.45009093474412876
58.54927463731866	0.2197962765270162	0.45001719606413737
58.68234117058529	0.22057610951580597	0.4497613343535633
58.815407703851925	0.2210895215098273	0.44864511766693915
58.94847423711856	0.22141091255456988	0.44881655354400035
59.08154077038519	0.22180574028671526	0.4489496311006767
59.214607303651825	0.22210169563810742	0.44934076120417504
59.34767383691846	0.22210600091626356	0.44897285059921116
59.48074037018509	0.22273083442628797	0.44852796045657406
59.613806903451724	0.22281635687362936	0.4482698418152301
59.74687343671836	0.22357005824244028	0.4483765004316859
59.87993996998499	0.22384531960820603	0.4488193407815302
60.013006503251624	0.22376793963132707	0.4489092882320841
60.14607303651826	0.2239961119459282	0.4492615746470533
60.27913956978489	0.22442572229610622	0.45009532732945373
60.412206103051524	0.22549231921187002	0.449414406573041
60.54527263631816	0.2259635323604883	0.4497863297813196
60.67833916958479	0.22649784694449127	0.45002470048482635
60.811405702851424	0.22684571050308353	0.4500704822902562
60.94447223611806	0.22655472933986842	0.4501660285941636
61.07753876938469	0.2276092375002467	0.45057764064695965
61.210605302651324	0.22776634432329504	0.45107017837518937
61.34367183591796	0.22785656866802426	0.45005030993919487
61.47673836918459	0.22830898698239815	0.45077521455618635
61.60980490245122	0.22816432618264015	0.450086119784303
61.74287143571786	0.22815625753663363	0.4499422955907684
61.87593796898449	0.2276768197215668	0.4511151311189289
62.00900450225112	0.2278248689581845	0.4508179690439247
62.14207103551776	0.22869182079456055	0.4515179604407263
62.27513756878439	0.22798981804680366	0.4523799579232829
62.40820410205102	0.22787984647060047	0.4528514357377234
62.54127063531766	0.227863219650996	0.45214971107911917
62.67433716858429	0.22742993478940043	0.4529442704285993
62.80740370185092	0.22715727105544992	0.4528162361138727
62.94047023511756	0.22741419125100576	0.4530394055112902
63.07353676838419	0.22763051748155924	0.45290003949060953
63.20660330165082	0.2279106624616379	0.4525910726943644
63.33966983491746	0.2282320783496522	0.4522932534625249
63.47273636818409	0.22854791295515448	0.45233449166089795
63.60580290145072	0.22878475333003076	0.45195362493924873
63.73886943471736	0.2292751169260089	0.4527772613674155
63.87193596798399	0.22984849602411497	0.45324360393712676
64.00500250125063	0.23002357269400917	0.45252461358399854
64.13806903451726	0.23069794355145185	0.45275552031932653
64.27113556778389	0.23091262113702302	0.4532002104029454
64.40420210105053	0.23088200552949967	0.4526709603185158
64.53726863431716	0.2311707393733629	0.4520135772868678
64.67033516758379	0.23105435313338063	0.45186098855505596
64.80340170085043	0.23148599895491706	0.4521136714241511
64.93646823411706	0.2315156844336696	0.4516786224268653
65.06953476738369	0.23142120130541927	0.45188978917644385
65.20260130065033	0.23141903039140457	0.45172934141124094
65.33566783391696	0.23151799447996438	0.45192042625856266
65.46873436718359	0.2314455382409371	0.45050187565526384
65.60180090045023	0.23101814918869715	0.4502763417601879
65.73486743371686	0.23114520337616462	0.4505225735798797
65.86793396698349	0.23066905705534146	0.45103949398030696
66.00100050025013	0.23110759074541123	0.45169943332102425
66.13406703351676	0.230743200500136	0.4521622629119643
66.26713356678339	0.23070725242671677	0.45277378128141993
66.40020010005003	0.23143390049606619	0.4525346179741125
66.53326663331666	0.23134334177984198	0.4532152764482987
66.66633316658329	0.23163693508091682	0.4541104657843028
66.79939969984993	0.23166217139282852	0.45375609698731634
66.93246623311656	0.23247588244400033	0.4534201487682977
67.06553276638319	0.23313254584904358	0.4541502215437137
67.19859929964983	0.23331104392089008	0.4539038182711374
67.33166583291646	0.23392598586661276	0.45358787867907413
67.46473236618309	0.2346020501435475	0.45297739809492665
67.59779889944973	0.23502755723989843	0.4541069981547196
67.73086543271636	0.23459176893260972	0.4538415063707796
67.86393196598299	0.23544648435437104	0.45288175318266033
67.99699849924963	0.2360031033928639	0.4537219618703395
68.13006503251626	0.23664673544246528	0.45339712285712824
68.26313156578288	0.23646892464078484	0.4535865580288278
68.39619809904953	0.23634825488154124	0.4528838396661355
68.52926463231616	0.2369988426455225	0.452356632650907
68.66233116558278	0.23611460733854636	0.4521537068400558
68.79539769884943	0.23600739216292776	0.45242305586421094
68.92846423211606	0.2364732056789537	0.4531081277708067
69.06153076538268	0.23659574125211144	0.45354268059350855
69.19459729864933	0.2366885413081058	0.4536634952171632
69.32766383191596	0.23658366953355928	0.45413094835176493
69.46073036518258	0.23663337674713378	0.4535858770302176
69.59379689844923	0.23736396312381722	0.4535203195261597
69.72686343171586	0.23742004802635924	0.45328716367372535
69.85992996498248	0.2367345276948147	0.4538421714284435
69.99299649824913	0.2373275698586401	0.45375584241231876
70.12606303151576	0.23754935042534472	0.45396029019680234
70.25912956478238	0.23714067242519893	0.45388141662600073
70.39219609804903	0.23675862122275115	0.45453604177546636
70.52526263131566	0.23766024983237996	0.45429154007049977
70.65832916458228	0.23791451336954725	0.4541883832190646
70.79139569784893	0.23821116439412926	0.4542996399832211
70.92446223111556	0.23860380533165376	0.45401267097339754
71.05752876438218	0.23896160284423837	0.4537467041243951
71.19059529764883	0.23913147922050867	0.4536840120432726
71.32366183091546	0.2384602697038945	0.45321696773299686
71.45672836418208	0.23862344466874483	0.4538812822651099
71.58979489744873	0.23913148891102343	0.45395419288365046
71.72286143071535	0.2397241280145829	0.45355790463672885
71.85592796398198	0.24017313318663003	0.45295473143240367
71.98899449724863	0.24024194782551098	0.4530899554164243
72.12206103051525	0.2394302937680256	0.45384856931882933
72.25512756378188	0.23937443358148425	0.4531148688756218
72.38819409704853	0.2393673520890352	0.4527007422979644
72.52126063031515	0.23934620275093227	0.45270783319058555
72.65432716358178	0.23985141040125554	0.4532090503662212
72.78739369684843	0.23952470693826522	0.45373386865776544
72.92046023011505	0.24031739697268437	0.453897566413989
73.05352676338168	0.24099374615934152	0.4541728648941763
73.18659329664833	0.24152944977830088	0.45439873834809175
73.31965982991495	0.2415567600930229	0.45348098808855425
73.45272636318158	0.24097865918898556	0.453147133749163
73.58579289644823	0.2413686559642381	0.4531013805441666
73.71885942971485	0.24129226079213525	0.45208486855575336
73.85192596298148	0.2423452879428417	0.451699516145101
73.98499249624813	0.24214989754063604	0.4515020025106038
74.11805902951475	0.242062226499435	0.45109039703464243
74.25112556278138	0.24240827598443948	0.45053623965766143
74.38419209604803	0.24308548938012825	0.4513596179560479
74.51725862931465	0.24370621983224108	0.4512512104074884
74.65032516258128	0.24350639920029685	0.4512379414705818
74.78339169584793	0.2433459994762033	0.4523191568272251
74.91645822911455	0.2440934873792845	0.4531199053517015
75.04952476238118	0.24421684200562088	0.4527535790880503
75.18259129564782	0.24409812637000083	0.4528899706764608
75.31565782891445	0.24447244133642293	0.4527621252232687
75.44872436218108	0.24417921500792175	0.4528198661766556
75.58179089544772	0.2454583301721005	0.4522414441992771
75.71485742871435	0.24546670638525311	0.45185833567245803
75.84792396198098	0.24543041417509034	0.45248465812059646
75.98099049524762	0.24468181324541013	0.45187709868042414
76.11405702851425	0.24510515329764762	0.4528194177019717
76.24712356178088	0.24481099056573413	0.45354882976906274
76.38019009504752	0.24512729009466552	0.453552509230683
76.51325662831415	0.2454940433216212	0.4538036842027176
76.6463231615808	0.24570524887270973	0.4533019026958713
76.77938969484742	0.24612926955834188	0.4528774187999271
76.91245622811405	0.24577185542895932	0.4529804756745154
77.0455227613807	0.24547848881457762	0.4529464489862211
77.17858929464732	0.24575206148036619	0.4533030874158674
77.31165582791395	0.24601871927818003	0.45294595105596774
77.4447223611806	0.24712122802515843	0.4523404044430135
77.57778889444722	0.2478461571902552	0.45200288849922193
77.71085542771385	0.24862370979141904	0.4508600986881523
77.8439219609805	0.24905458371105943	0.45106352286455165
77.97698849424712	0.24973162669219892	0.45165125222234875
78.11005502751375	0.2502417848708172	0.45108050100279773
78.2431215607804	0.250367058754938	0.45056253551122577
78.37618809404702	0.25066557188211397	0.45125184474563723
78.50925462731365	0.25129586154561984	0.45224775913003507
78.6423211605803	0.25167331742336724	0.45180494991836817
78.77538769384692	0.25146372523573335	0.451525392196746
78.90845422711355	0.25122628716733114	0.45214606982352873
79.0415207603802	0.2511496127112417	0.45127946386142503
79.17458729364682	0.2506946806802726	0.45125133942782814
79.30765382691345	0.2511384211116205	0.452173774237444
79.4407203601801	0.2507258408948665	0.4528408465073939
79.57378689344672	0.2501389227014958	0.4523658209694134
79.70685342671335	0.25054913476454654	0.4517886850276399
79.83991995998	0.250908151820731	0.45197383091381377
79.97298649324662	0.25101774076615996	0.4511514802884068
80.10605302651325	0.2514366007732531	0.45069145667287225
80.2391195597799	0.25200052328102274	0.4513534792004865
80.37218609304652	0.2520711696665163	0.45142954411038194
80.50525262631315	0.2523807179472827	0.451355752553173
80.6383191595798	0.253582657357156	0.45206674762077137
80.77138569284642	0.2536277244086006	0.4518561724586436
80.90445222611305	0.2533106152723913	0.45242307965391815
81.0375187593797	0.2536072132032094	0.4526745549769904
81.17058529264632	0.25404828303876875	0.45269604351068166
81.30365182591295	0.25431970601122494	0.4527938444365951
81.4367183591796	0.2543551244367265	0.45262784608419304
81.56978489244622	0.25416396749977016	0.4523875934800482
81.70285142571285	0.253850042249807	0.45297607031074844
81.8359179589795	0.25392666079007603	0.4531989367111985
81.96898449224612	0.2538396622769612	0.45324864813696014
82.10205102551275	0.25455807301347844	0.4527954906113756
82.2351175587794	0.25519448077215595	0.45313930583951223
82.36818409204602	0.2551833706163192	0.45211104474962605
82.50125062531265	0.25518655038779425	0.45348364262064994
82.6343171585793	0.2554291313940421	0.45409366719593414
82.76738369184592	0.2558056681710478	0.45345170762046394
82.90045022511255	0.25595812038759774	0.4538793187269173
83.03351675837919	0.25570621590893194	0.45442537991912574
83.16658329164582	0.25595666910325104	0.4538120580555642
83.29964982491245	0.255944198854521	0.4541992161045159
83.43271635817909	0.25545100971506013	0.4544538664804379
83.56578289144572	0.25537423952063126	0.45410285765467673
83.69884942471235	0.25522590721508326	0.4539180962146743
83.83191595797899	0.25491395222447766	0.45443019683250213
83.96498249124562	0.25532617399890195	0.4551362144356047
84.09804902451225	0.2550633295079988	0.4551912265047826
84.23111555777889	0.25519736826840067	0.45510416775193563
84.36418209104552	0.25613278913964344	0.4565202623003444
84.49724862431215	0.2564337679663373	0.4564288782042086
84.63031515757879	0.2563425747991482	0.4559478847967521
84.76338169084542	0.2567829353208912	0.4554502001709686
84.89644822411205	0.25740879228051816	0.45527457736281124
85.02951475737869	0.2571244659938403	0.4555419314909646
85.16258129064532	0.2569808963599693	0.45586602625587397
85.29564782391195	0.2569547760466086	0.4555994689263091
85.42871435717859	0.2570951273721129	0.45514473893379254
85.56178089044522	0.25759804437825184	0.455901538618242
85.69484742371185	0.257747276994537	0.4556353966058913
85.82791395697849	0.25800173787536107	0.45563632500011625
85.96098049024512	0.2580554560208929	0.4557834566253654
86.09404702351175	0.2572135403785915	0.4566446174673426
86.22711355677839	0.2571078022032423	0.4568724066547853
86.36018009004502	0.2578913700122382	0.4572786572867595
86.49324662331165	0.25775585729618206	0.45815187079927966
86.62631315657829	0.2575673135719027	0.45889714436234735
86.75937968984492	0.25741575231241753	0.4581769904419134
86.89244622311155	0.25742995932535856	0.45755631088161386
87.02551275637819	0.2578055623912987	0.45756228315273406
87.15857928964482	0.2578732416783359	0.4582360081426634
87.29164582291145	0.2580648291227874	0.4581299163256939
87.42471235617809	0.2576154281243253	0.4586321032327689
87.55777888944472	0.2576455973203746	0.4579051150624603
87.69084542271135	0.2578303460043242	0.45721562532741394
87.82391195597799	0.25772681974546696	0.45854800420239733
87.95697848924462	0.25746933046238446	0.45872888249133137
88.09004502251125	0.2572158515134026	0.45796075821281845
88.22311155577789	0.25699081872378854	0.4579614231999009
88.35617808904452	0.2562460452896809	0.4573348680415639
88.48924462231115	0.25618501562452306	0.4572456736128199
88.62231115557779	0.25622957486801706	0.45786719859034014
88.75537768884442	0.2567318286515189	0.4576120629200807
88.88844422211105	0.25668156000249	0.458201995127203
89.02151075537769	0.256684301585455	0.4584564898613174
89.15457728864432	0.2572392069971342	0.45764719144566246
89.28764382191095	0.25769392279912184	0.4574868815197587
89.42071035517759	0.25821022039688907	0.4562691040201042
89.55377688844422	0.25802542947286805	0.4556508163493757
89.68684342171085	0.25811068082975014	0.45648649524847534
89.81990995497749	0.2583549600682352	0.45717083775930195
89.95297648824412	0.258450900172515	0.4564592533110921
90.08604302151075	0.2589761199619019	0.45540372703617027
90.21910955477739	0.25943641346799173	0.45589117820820263
90.35217608804402	0.25922198809691704	0.4567961906538645
90.48524262131065	0.2601196203648812	0.45624243748428517
90.61830915457729	0.2603994570631275	0.4554483495761722
90.75137568784392	0.26056170560307146	0.45561278494793017
90.88444222111055	0.2612046917866326	0.456171444203678
91.01750875437719	0.2610471789284248	0.45679135378330804
91.15057528764382	0.2611397952061734	0.457176649056124
91.28364182091045	0.2619361799029266	0.4571661655407357
91.41670835417709	0.26308248067811224	0.4574330822847621
91.54977488744372	0.26412343146731326	0.45680404051896173
91.68284142071035	0.2643147325932814	0.45658988949865614
91.81590795397699	0.2646081001067217	0.45655253555158715
91.94897448724362	0.2637235763915109	0.4571545615981245
92.08204102051025	0.26361276372550824	0.45689837653305687
92.21510755377689	0.2635189848903465	0.45701481054773413
92.34817408704352	0.263341721885533	0.45672480665466997
92.48124062031015	0.26392653109824477	0.45651610333434145
92.61430715357679	0.26446810080299044	0.45635941519768836
92.74737368684342	0.2644034152891405	0.45561198489217253
92.88044022011005	0.2646095668257389	0.4547149936181867
93.01350675337669	0.26431881072021807	0.45397674588438097
93.14657328664332	0.26412129958984387	0.45313799434242225
93.27963981990995	0.2634178232368769	0.4532541119832087
93.41270635317659	0.263029648432021	0.4535441184990499
93.54577288644322	0.26257186029129376	0.4537766562418688
93.67883941970985	0.2626050753491541	0.45385773048596334
93.81190595297649	0.26359040638221326	0.4543925267228197
93.94497248624312	0.2639484490322527	0.4542897790589341
94.07803901950976	0.26410875730198097	0.4545545611483999
94.21110555277639	0.26457797484144463	0.454090998816111
94.34417208604302	0.26478990554471715	0.4540877928858886
94.47723861930966	0.26511949766377535	0.45442402329078163
94.61030515257629	0.2651652478798959	0.4541763662029975
94.74337168584292	0.265434355320973	0.4535619187542574
94.87643821910956	0.26542427320991274	0.4533329083524358
95.00950475237619	0.2654935985531509	0.45330677709602996
95.14257128564282	0.2660112785267355	0.453209267184022
95.27563781890946	0.266122307719526	0.45319469436533877
95.40870435217609	0.2663440289668324	0.4526075529025684
95.54177088544272	0.2667990255037246	0.45242005457842754
95.67483741870936	0.2667944930226768	0.45219242848107843
95.80790395197599	0.26637247655415774	0.45320372367903367
95.94097048524262	0.2667925682804362	0.4530264238134353
96.07403701850926	0.26754060638536364	0.45337663230098757
96.20710355177589	0.2670366226390967	0.4536647553938512
96.34017008504252	0.2669813948260628	0.45368193466542883
96.47323661830916	0.26739071385714186	0.453675738020793
96.60630315157579	0.2677300575260106	0.4534066347941458
96.73936968484242	0.26760302961542437	0.453395178006419
96.87243621810906	0.26733939249106764	0.4531329157827184
97.00550275137569	0.2676787922693723	0.4534851850307219
97.13856928464232	0.2678984035602499	0.45364710481227605
97.27163581790896	0.2679148190744059	0.4535398667144928
97.40470235117559	0.2683018176845216	0.4537337555498838
97.53776888444222	0.26912871556340184	0.4539430266463128
97.67083541770886	0.26909261734581413	0.4542482236731541
97.80390195097549	0.2689963383622234	0.4546336802193018
97.93696848424212	0.26942812020609735	0.4547708132660929
98.07003501750876	0.2695905690677641	0.4546723854846295
98.20310155077539	0.26985395428900416	0.45413783668647856
98.33616808404201	0.26972129792736116	0.4538521387193494
98.46923461730866	0.2697463541530021	0.4548812479173646
98.60230115057529	0.26987991527787314	0.45444138248410626
98.73536768384191	0.27014050245463345	0.4540221772894323
98.86843421710856	0.27043302340602066	0.45313522920719196
99.00150075037519	0.2701931854524021	0.45346760559338717
99.13456728364181	0.270542351168419	0.45343615832642026
99.26763381690846	0.2710310937598123	0.4532437154860789
99.40070035017509	0.2712898222187246	0.45241006168894604
99.53376688344171	0.27132219130339885	0.45273084340949177
99.66683341670836	0.27114395726273416	0.45360367522893524
99.79989994997499	0.2714267482704316	0.454115748125012
99.93296648324161	0.2718592350083975	0.4540289445512349
100.06603301650826	0.2719687017178719	0.45371738594925404
100.19909954977489	0.2717107976335627	0.454146446163646
100.33216608304151	0.272008156738627	0.4537138978544203
100.46523261630816	0.27231457785451296	0.45396725482492434
100.59829914957479	0.2719108638005595	0.453963331131619
100.73136568284141	0.27220319111696495	0.4533900451692673
100.86443221610806	0.2726791559662475	0.4529213800672165
100.99749874937469	0.2728744959240151	0.45375394046609613
101.13056528264131	0.2724113072097286	0.4544178250792721
101.26363181590796	0.27242811547180296	0.45414088076543
101.39669834917459	0.2727397311590347	0.45409413883596783
101.52976488244121	0.27268890384266203	0.4549321389899291
101.66283141570786	0.27280085403525245	0.455196581627883
101.79589794897448	0.2726982083148532	0.45515977779989
101.92896448224111	0.2726960093826533	0.4555684166549911
102.06203101550776	0.27303671267563356	0.45551377112569796
102.19509754877438	0.27279875541008203	0.4564344080963872
102.32816408204101	0.2728432018297375	0.456455397099458
102.46123061530766	0.2733564812031804	0.45629775042578885
102.59429714857428	0.27281927669522804	0.455856908488569
102.72736368184091	0.2726500100018591	0.45642623474949545
102.86043021510756	0.27268479499884535	0.45714027667178186
102.99349674837418	0.27332932466297644	0.4573530127664405
103.12656328164081	0.2739510721510619	0.4573903970796232
103.25962981490746	0.27404234401453476	0.457427189805147
103.39269634817408	0.27364142208071845	0.45747815450540186
103.52576288144071	0.2737481936741882	0.45759175951350395
103.65882941470736	0.27431764799953645	0.4581680271520436
103.79189594797398	0.27427562103711844	0.4586722821211367
103.92496248124061	0.27443219698255	0.45823217340411526
104.05802901450726	0.27448640346542474	0.45795818658882637
104.19109554777388	0.2746647228329677	0.45727972005631967
104.32416208104051	0.27486703568321724	0.4566733029393456
104.45722861430716	0.2749059821156493	0.4563467482292328
104.59029514757378	0.2759354204054243	0.45558118515120144
104.72336168084041	0.27591087587330687	0.4556599488351925
104.85642821410705	0.27571390737902846	0.4557614134515086
104.98949474737368	0.27564031875090816	0.4551693934869833
105.12256128064031	0.27593791307278825	0.45543479159434197
105.25562781390695	0.2760795466343564	0.4554841771445392
105.38869434717358	0.27584726362202944	0.4553341137359421
105.52176088044021	0.27595606196187306	0.4553184917953434
105.65482741370685	0.2763194188538095	0.4553470024656409
105.78789394697348	0.276789998357424	0.45597355427797964
105.92096048024011	0.27705335680598003	0.45603532796810436
106.05402701350675	0.2772666052869727	0.45557801701357736
106.18709354677338	0.2779840128390721	0.45549103377157746
106.32016008004001	0.2780311401524713	0.4551459372988288
106.45322661330665	0.2785082289687236	0.4543262044246243
106.58629314657328	0.27932527798691426	0.45505742918716463
106.71935967983991	0.27903447024821426	0.45475358520141657
106.85242621310655	0.2793820100698793	0.4541636634485475
106.98549274637318	0.27911806784711024	0.4550015219206177
107.11855927963981	0.2793772203897132	0.45552294141922006
107.25162581290645	0.2790223115063205	0.4556684949155315
107.38469234617308	0.2782578132400715	0.45580756885219176
107.51775887943971	0.2780459385166787	0.45596264395670716
107.65082541270635	0.27865819138972026	0.4565316036770679
107.78389194597298	0.27870380597276045	0.4570903697477156
107.91695847923961	0.27830157426350494	0.4570825668818352
108.05002501250625	0.2783538159489845	0.4575269514198723
108.18309154577288	0.2786223024421941	0.45782597530316976
108.31615807903951	0.2783274900446088	0.4576753805898394
108.44922461230615	0.2781813544703549	0.45723916720488605
108.58229114557278	0.27812103142639144	0.45661076338846857
108.71535767883941	0.27837730109012115	0.4568086425421666
108.84842421210605	0.27813928152696027	0.457434713746981
108.98149074537268	0.27817751055551243	0.45687124242332033
109.11455727863931	0.2784596404461056	0.45652697826635086
109.24762381190595	0.2781753676107278	0.4568905809995834
109.38069034517258	0.2779893656100913	0.4566587795941307
109.51375687843921	0.27762615996966167	0.455890122184436
109.64682341170585	0.2778326953092047	0.4559737208422922
109.77988994497248	0.2783790446965147	0.45585242550363236
109.91295647823911	0.2787424843354167	0.456127794413795
110.04602301150575	0.27940487403918224	0.4559429974261383
110.17908954477238	0.27962556572473046	0.45540898031416105
110.31215607803901	0.2796393778844121	0.45567381621062103
110.44522261130565	0.27912323111111587	0.4559675115560284
110.57828914457228	0.27869140051624647	0.4561332699041057
110.71135567783892	0.278408462293552	0.45677977384979906
110.84442221110555	0.27877738651310613	0.4567044502871574
110.97748874437218	0.27918710123499607	0.45706230573440365
111.11055527763882	0.2793759518422985	0.4578857834982737
111.24362181090545	0.27949137467719887	0.45854231202534207
111.37668834417208	0.27947847132222237	0.4581755663421854
111.50975487743872	0.27943602260947165	0.45797009143994666
111.64282141070535	0.2797815071578815	0.45818523018467894
111.77588794397198	0.2800634814561539	0.45759399276618873
111.90895447723862	0.28046193092621285	0.45789498102824533
112.04202101050525	0.2805475988249053	0.4581713712771655
112.17508754377188	0.28029394203711994	0.4573544048151516
112.30815407703852	0.2802441598103468	0.45764479629771904
112.44122061030515	0.27968693696005065	0.4573117717452977
112.57428714357178	0.27957938051661824	0.45602549584833035
112.70735367683842	0.27936054006427513	0.4564466977482135
112.84042021010505	0.2792404443047804	0.45617446032330916
112.97348674337168	0.279983563712685	0.45624374772823684
113.10655327663832	0.280031872144306	0.45702942576617017
113.23961980990495	0.28027351124814837	0.4572395836100235
113.37268634317158	0.2813775071913716	0.4576131393913349
113.50575287643822	0.2809923546384951	0.45781937961398805
113.63881940970485	0.2817242594030494	0.4574044637763112
113.77188594297148	0.28226938242295235	0.457966797819805
113.90495247623812	0.2821912962923721	0.4578659259601454
114.03801900950475	0.2822384613195488	0.4568994246275867
114.17108554277138	0.28221264030842214	0.45691538436296686
114.30415207603802	0.2823388283707959	0.4564481282305673
114.43721860930465	0.28252786977546385	0.4564257790591187
114.57028514257128	0.28276620744744274	0.4567767804789305
114.70335167583792	0.28311028522321435	0.45730316546839533
114.83641820910455	0.28352630084739333	0.45676176399755025
114.96948474237118	0.28376302948566756	0.4561825957909913
115.10255127563782	0.28294375920330167	0.4566354651329943
115.23561780890445	0.2825240359668237	0.45699559294451475
115.36868434217108	0.28263573316656415	0.45641769887699696
115.50175087543772	0.2826913672686555	0.4563193161759724
115.63481740870435	0.2828597267679889	0.45658123714937776
115.76788394197098	0.2824054385150711	0.4556598971691844
115.90095047523762	0.28258767207022933	0.45510368423259334
116.03401700850425	0.2832929390841755	0.4547631214474304
116.16708354177088	0.2837413725343635	0.4543180956376418
116.30015007503752	0.2826937853336386	0.4542812098659602
116.43321660830415	0.28211810352582506	0.45378111129193577
116.56628314157078	0.2825521930164315	0.45421338747302203
116.69934967483742	0.2827705773944496	0.4543137895656218
116.83241620810405	0.2829548350862768	0.45341725770320823
116.96548274137068	0.28293882501235157	0.45268606238272446
117.09854927463732	0.28307126822777084	0.45230731095686716
117.23161580790395	0.283438847252871	0.452393761873587
117.36468234117058	0.2840178751682329	0.4519490459659838
117.49774887443722	0.28439560518841367	0.4521822107294504
117.63081540770385	0.2842589866621184	0.4532044755293726
117.76388194097048	0.2847310464873003	0.45356660266113813
117.89694847423712	0.28462938748347294	0.45431927828466606
118.03001500750375	0.2845324253533971	0.4542941697450121
118.16308154077038	0.28472222211645054	0.45305854699278997
118.29614807403702	0.2845180416380445	0.4529502783131138
118.42921460730365	0.2840723129569145	0.4521569705317855
118.56228114057028	0.2835684209314971	0.4512857662890422
118.69534767383692	0.2836038189633805	0.45155515252415496
118.82841420710355	0.2837753250557723	0.4516439405211615
118.96148074037018	0.2845198902432658	0.4516899341077355
119.09454727363682	0.285095490559431	0.45117270094081485
119.22761380690345	0.284827665922762	0.4515117384937263
119.36068034017008	0.28462324189760685	0.45123032098951193
119.49374687343672	0.2845820664848466	0.45128168986919137
119.62681340670335	0.28429542521554724	0.4524337675924325
119.75987993996998	0.28421166774300816	0.4523857529526348
119.89294647323662	0.28450729506607825	0.45293121885182847
120.02601300650325	0.28451961208459203	0.4539240254285569
120.15907953976988	0.2840925417794598	0.4544418133863895
120.29214607303652	0.2840883809863701	0.4540814344820891
120.42521260630315	0.28478769681563343	0.453443156075895
120.55827913956978	0.285238106706285	0.45319650516558924
120.69134567283642	0.28567733327914197	0.4526622746460583
120.82441220610305	0.2862901035563054	0.4518713746465874
120.95747873936968	0.2863269932632545	0.45255758262797885
121.09054527263632	0.28596724426204234	0.4521434778954316
121.22361180590295	0.286007510143055	0.45168902769675306
121.35667833916958	0.2859808323048409	0.4520701977440761
121.48974487243622	0.2859851445707983	0.45237928545090855
121.62281140570285	0.28572626669073614	0.4528964180381934
121.75587793896948	0.2861989614037238	0.45292181274734694
121.88894447223612	0.2858359712509226	0.4531641788431264
122.02201100550275	0.2856762334239025	0.45376695708878906
122.15507753876938	0.28653012048174026	0.45410593052701953
122.28814407203602	0.2865758602871023	0.45520254279859984
122.42121060530265	0.2868649969447466	0.45556789709774587
122.55427713856928	0.28730424365051016	0.45570751970810247
122.68734367183592	0.28733984976534915	0.4561079642934078
122.82041020510255	0.28676025557027923	0.45593143159267335
122.95347673836918	0.2864753317635106	0.455716037326561
123.08654327163582	0.28598444156678543	0.4558488731365423
123.21960980490245	0.2854062853506824	0.4556972261731737
123.35267633816908	0.2853710400014026	0.45574730239624867
123.48574287143572	0.2854851736136404	0.45596364651099924
123.61880940470235	0.2849717038020847	0.4566511285268276
123.75187593796898	0.2847004614003096	0.4567565259974038
123.88494247123562	0.28520905724432805	0.4564892801878503
124.01800900450225	0.28541585676363423	0.45631694171609577
124.15107553776888	0.28591235770561796	0.4563699484560323
124.28414207103552	0.28606879021037185	0.4573046779409569
124.41720860430215	0.2858575952314829	0.45777894333471547
124.55027513756878	0.28611725251048437	0.45759207436255905
124.68334167083542	0.28660248692705403	0.4570864616776736
124.81640820410205	0.28704333426640094	0.4566433616113705
124.94947473736867	0.28731516062021006	0.45688652920763473
125.08254127063532	0.2873858261205824	0.4571690381374395
125.21560780390195	0.28685637683559884	0.4573206201564744
125.34867433716857	0.2865250044916514	0.45764928970737756
125.48174087043522	0.287062168164329	0.4581890658804764
125.61480740370185	0.2880409843046744	0.4590770384772012
125.74787393696847	0.2882151371129794	0.4591989073312315
125.88094047023512	0.28795378269780797	0.4582778917585184
126.01400700350175	0.28819060194211266	0.4575507709648219
126.14707353676837	0.288235779302927	0.4573285146149282
126.28014007003502	0.2885703370882319	0.45706883205625215
126.41320660330165	0.28853702202542236	0.4576403373954531
126.54627313656827	0.2880141938266264	0.4576956178298997
126.67933966983492	0.28794991572971135	0.45662444968868066
126.81240620310155	0.2877655657852961	0.4568647700765344
126.94547273636817	0.2876895865158816	0.45720423455020204
127.07853926963482	0.2877876674930859	0.4582306757654938
127.21160580290145	0.2874687725668798	0.4588431025103398
127.34467233616807	0.2882996272737853	0.4581106455196879
127.47773886943472	0.2893901491126729	0.457991425594147
127.61080540270135	0.28916834736675034	0.45824801949036914
127.74387193596797	0.2894728415750234	0.45806984408326423
127.87693846923462	0.2896724560104578	0.4574023934244235
128.01000500250126	0.2892487581069112	0.4580913050381174
128.1430715357679	0.2892738435758074	0.4578914830584598
128.27613806903452	0.2890677558602575	0.45717434375127286
128.40920460230114	0.28911708439441214	0.4573280931493909
128.54227113556777	0.2889778968209781	0.4569393685359768
128.6753376688344	0.288673444421766	0.45713890550780023
128.80840420210106	0.2888308039534638	0.4570757321091572
128.9414707353677	0.28898142183439524	0.45615313435721583
129.07453726863432	0.2896367895305299	0.4561808657442265
129.20760380190094	0.28980464964514696	0.45661039904697076
129.34067033516757	0.28940952104710366	0.4569464529607553
129.4737368684342	0.28957787986325484	0.45727566268345193
129.60680340170086	0.2895369059194839	0.45701326707031154
129.7398699349675	0.2896462472145667	0.45634098408475615
129.87293646823412	0.2899801510917085	0.4556183427451625
130.00600300150074	0.2904349791850017	0.4557278651420689
130.13906953476737	0.2907200241075687	0.45610209750904024
130.272136068034	0.2902897362287868	0.45554804831263573
130.40520260130066	0.2901519431755819	0.45551079292666424
130.5382691345673	0.2897451922468449	0.4564307603478395
130.67133566783392	0.2895288605221629	0.45656020762993055
130.80440220110054	0.2894309475369639	0.4566138923930682
130.93746873436717	0.28907809219076464	0.45626874621105673
131.0705352676338	0.28891949915557635	0.45499348424354824
131.20360180090046	0.28915207053038605	0.45568895178753094
131.3366683341671	0.2894749218632246	0.4572457827076187
131.46973486743371	0.2891466862344223	0.45707439330552924
131.60280140070034	0.289607619494	0.4567790786394572
131.73586793396697	0.2901511343843756	0.4565666869350464
131.8689344672336	0.2896703702394184	0.4567151744806141
132.00200100050026	0.2891573898517269	0.45730852292413265
132.1350675337669	0.2890028209818091	0.45777178807316843
132.26813406703351	0.28929708546455263	0.45859175227360416
132.40120060030014	0.2900873071628063	0.4585436318191309
132.53426713356677	0.29006204244956585	0.45850587804184806
132.6673336668334	0.2893942321823267	0.4586002538127109
132.80040020010006	0.28887958157908433	0.45819035207224984
132.93346673336669	0.28921133067637544	0.45830745149177987
133.06653326663331	0.28981434836251485	0.4590475056255225
133.19959979989994	0.28986742118027564	0.459032566816182
133.33266633316657	0.29044623351730303	0.4595682404296884
133.4657328664332	0.2906851056378979	0.45986418150204694
133.59879939969986	0.2904358154531224	0.4595324350432687
133.73186593296649	0.2902885726872207	0.45949458024593715
133.8649324662331	0.28997519480065875	0.4590453116826559
133.99799899949974	0.28966648168231196	0.45891185476726915
134.13106553276637	0.2893838514762342	0.4587704342021151
134.264132066033	0.28966394775829835	0.45771935739700226
134.39719859929966	0.29049318476057295	0.45664871849882577
134.53026513256629	0.29109707729443596	0.45706872727064296
134.6633316658329	0.2918702746334691	0.45734557592530156
134.79639819909954	0.2926048632445373	0.4565984000360737
134.92946473236617	0.2929751767107942	0.45581875649104314
135.0625312656328	0.29239420386301207	0.45589851927330155
135.19559779889946	0.2919903579454847	0.45652883129685046
135.32866433216608	0.29233631166469815	0.45655259302219114
135.4617308654327	0.29222699170337785	0.4574543746847262
135.59479739869934	0.29191283294599135	0.45780475918769364
135.72786393196597	0.29160836973235205	0.4581700936818837
135.8609304652326	0.29177418986866316	0.4590423134488521
135.99399699849926	0.2921003152364567	0.45834451472549304
136.12706353176588	0.2918544269158922	0.45739052582056255
136.2601300650325	0.29235824328106996	0.4567091311038333
136.39319659829914	0.2930419757777799	0.4572384661385124
136.52626313156577	0.2933944137576897	0.4574756639463412
136.65932966483243	0.2939766264738695	0.45701002202344126
136.79239619809906	0.29427148656366375	0.4564904366936634
136.92546273136568	0.294430072304396	0.45625975891899373
137.0585292646323	0.2943296534023706	0.4566491454788727
137.19159579789894	0.29407413289409173	0.4561500038901732
137.32466233116557	0.29455963121006	0.455905504174339
137.45772886443223	0.29521939785295787	0.45699706837107
137.59079539769886	0.2948258033334023	0.4579166634233561
137.72386193096548	0.2944972548198816	0.45759508734131543
137.8569284642321	0.29397672166499045	0.45763845241879775
137.98999499749874	0.293726029993468	0.45857605679445274
138.12306153076537	0.2942880204414469	0.4587627277204781
138.25612806403203	0.2947029626855102	0.45821334004095743
138.38919459729865	0.29528952649773954	0.4577669835820051
138.52226113056528	0.29598230536666326	0.45776710375536084
138.6553276638319	0.2959864744548839	0.4581835680108168
138.78839419709854	0.29583668540261354	0.45831875584080206
138.92146073036517	0.2963247395754466	0.4578090910359563
139.05452726363183	0.2962408689696616	0.45694934901987316
139.18759379689845	0.29622446838215155	0.45708384181612755
139.32066033016508	0.2965630866441699	0.45723781680866143
139.4537268634317	0.29647273855528117	0.4566737695309422
139.58679339669834	0.29639554990929906	0.4568778742974581
139.71985992996497	0.29643750551562004	0.45704772607290967
139.85292646323163	0.29653322529459364	0.45643629560893434
139.98599299649825	0.2961364396178942	0.4564548854978141
140.11905952976488	0.29585912376749934	0.45711355871707754
140.2521260630315	0.29548514666974346	0.4566933087712342
140.38519259629814	0.29557893588239015	0.456595227850355
140.51825912956477	0.2955998074156605	0.4568185241238052
140.65132566283143	0.2954403705466554	0.45641223316241913
140.78439219609805	0.2955724797984366	0.45639100853824965
140.91745872936468	0.2950781513454865	0.4559761693027482
141.0505252626313	0.29431640785600216	0.45605042423554265
141.18359179589794	0.2941229613763101	0.4559975139208047
141.31665832916457	0.2947005826750942	0.45555932325668635
141.44972486243122	0.29506154392640227	0.45537618489090465
141.58279139569785	0.29521990413041255	0.45501288894138125
141.71585792896448	0.29555699063212	0.45474803008988557
141.8489244622311	0.2957132837908596	0.4542051295908855
141.98199099549774	0.29531492591779224	0.4543384976579986
142.11505752876437	0.2956519563702237	0.4548699948916144
142.24812406203102	0.2958536641822164	0.45514095560450046
142.38119059529765	0.2955841942680615	0.4542628089777975
142.51425712856428	0.29622910278795467	0.4543728669646719
142.6473236618309	0.29714548252178713	0.4548223205308271
142.78039019509754	0.2975058764490428	0.45404384177641904
142.91345672836417	0.29785318394927934	0.4538134929230927
143.04652326163082	0.29827973477998604	0.45408576897177383
143.17958979489745	0.2979509129702854	0.4546712955310097
143.31265632816408	0.29768973106343505	0.45539080324426495
143.4457228614307	0.29842454180616096	0.45612321285747753
143.57878939469734	0.29893938807627335	0.4557420841830854
143.71185592796397	0.2990932593751824	0.45545844725265966
143.84492246123062	0.2993565803516635	0.45580266592097773
143.97798899449725	0.29914933727014714	0.45604455174777514
144.11105552776388	0.29865735009368666	0.45714806979946776
144.2441220610305	0.2987443205222092	0.45702201941865905
144.37718859429714	0.29894159365255835	0.4566914974952643
144.51025512756377	0.29873001857779347	0.4571062317175956
144.64332166083042	0.2992706262073129	0.45681441205542167
144.77638819409705	0.2991275536133811	0.45721680712959784
144.90945472736368	0.298147041566665	0.45695987307935365
145.0425212606303	0.2976133744366472	0.45635959356987366
145.17558779389694	0.2979497280610988	0.45639790270065034
145.30865432716357	0.2979814181319771	0.45637601051522836
145.44172086043022	0.29804572773948845	0.4560044764985558
145.57478739369685	0.29814727515821426	0.4556493119611506
145.70785392696348	0.2979353005184593	0.45613929459218716
145.8409204602301	0.29868113093815696	0.45558253406859606
145.97398699349674	0.2987195752825306	0.45528305999325486
146.10705352676337	0.2988500030700025	0.4553055085612032
146.24012006003002	0.30008011822341424	0.45571706795379213
146.37318659329665	0.29996394672316135	0.4560888873368104
146.50625312656328	0.2994085175683414	0.4556997305112163
146.6393196598299	0.29978971352760586	0.45564251261212885
146.77238619309654	0.2994623065242374	0.45569808537731643
146.90545272636317	0.2991724185163983	0.4553387781272421
147.03851925962982	0.29990944429579414	0.45456807575126573
147.17158579289645	0.3000946200098184	0.45393864918764976
147.30465232616308	0.2997631783353873	0.45309301766063603
147.4377188594297	0.2998856374152303	0.45255708352650575
147.57078539269634	0.3001349185474829	0.45224302741819716
147.70385192596297	0.30018345235601784	0.45209319589553437
147.83691845922962	0.30008972046283766	0.4520285666020953
147.96998499249625	0.3000489408076367	0.45216358507991156
148.10305152576288	0.3003923631225117	0.45203883930316474
148.2361180590295	0.2999340858323117	0.4509836212752619
148.36918459229614	0.29915043116359413	0.4513183080060768
148.50225112556276	0.2992662441393997	0.4526280821234761
148.63531765882942	0.2998476432841258	0.45222416741
148.76838419209605	0.3005960570989165	0.4512513361200401
148.90145072536268	0.3005986101399088	0.450842428222486
149.0345172586293	0.3004415087269684	0.45159304629996605
149.16758379189594	0.2997170088739045	0.45222515007454056
149.30065032516256	0.299535192259766	0.4524993725582632
149.43371685842922	0.30004569815200194	0.4527780555437416
149.56678339169585	0.29950779812649003	0.45267308498835224
149.69984992496248	0.3001286266338024	0.45239962687747715
149.8329164582291	0.30027650971163944	0.4527446335240673
149.96598299149574	0.3000233681980005	0.45291475750064525
150.09904952476236	0.30049169788641367	0.4529112870463639
150.23211605802902	0.3004731415259865	0.45369642140307953
150.36518259129565	0.30007287360519524	0.45353914385739996
150.49824912456228	0.30033645289739475	0.45310933575008205
150.6313156578289	0.3008437586011888	0.4536655061528444
150.76438219109554	0.30124746759062593	0.45353451311242643
150.89744872436216	0.30097347228549576	0.45311826691657137
151.03051525762882	0.30076227204705924	0.45361558561389653
151.16358179089545	0.3016203550168868	0.45385566512704495
151.29664832416208	0.302231109090704	0.4538437076560159
151.4297148574287	0.30219924785068975	0.4539302479587811
151.56278139069533	0.30210594031731797	0.4538241593312594
151.69584792396196	0.3015946240756748	0.4530447127093585
151.82891445722862	0.3017710048377451	0.4528465938525125
151.96198099049525	0.30193256810084723	0.45241595630699616
152.09504752376188	0.301927399932688	0.4524736771012923
152.2281140570285	0.30197325795443536	0.45321349560057184
152.36118059029513	0.3017781240812456	0.4534087120401382
152.49424712356176	0.3017225654753666	0.4525230879982786
152.62731365682842	0.3018720902706038	0.45177382708409575
152.76038019009505	0.30186505246266704	0.45091705183684444
152.89344672336168	0.3020359927550184	0.45121578163929416
153.0265132566283	0.3018006861150226	0.4519743256682243
153.15957978989493	0.3015185870547599	0.45148815184915475
153.2926463231616	0.301261036017964	0.4512687563518345
153.42571285642822	0.3017392155608867	0.45155872413265524
153.55877938969485	0.3015252145799889	0.45223934148090345
153.69184592296148	0.30135009893255077	0.4517619579882634
153.8249124562281	0.30147729085654457	0.4519324954373809
153.95797898949473	0.3018567848473754	0.45108038641998793
154.0910455227614	0.3022799895865864	0.45095738965831605
154.22411205602802	0.3025870083256484	0.4519369528377119
154.35717858929465	0.3024917023870682	0.4510978299515535
154.49024512256128	0.30208586870198256	0.45079688849427596
154.6233116558279	0.3017017222600896	0.45116019351418213
154.75637818909453	0.3015485481004908	0.4509969754723265
154.8894447223612	0.3015646913257556	0.45104111502764904
155.02251125562782	0.30134054872650806	0.4508654464909398
155.15557778889445	0.3011854359193308	0.4504918128767893
155.28864432216108	0.30047088459522314	0.45085928019401333
155.4217108554277	0.30067921135221753	0.4513628441878611
155.55477738869433	0.3009897432894822	0.4519042240315694
155.687843921961	0.30154325867543724	0.4524109591616579
155.82091045522762	0.3019275269047526	0.45293380806129646
155.95397698849425	0.301820798174462	0.45244868068663
156.08704352176088	0.30181586640020164	0.45178715993557245
156.2201100550275	0.3015845660677296	0.45180260567825453
156.35317658829413	0.3015357226412898	0.4516318010514148
156.4862431215608	0.3011523613814545	0.4508089209250716
156.61930965482742	0.3000143918521709	0.4513481645364807
156.75237618809405	0.3001896336328729	0.45123087502265125
156.88544272136068	0.30001573316866775	0.4509675594456761
157.0185092546273	0.30039604634552886	0.4510246211465306
157.15157578789393	0.3003739626068203	0.45149716121227623
157.2846423211606	0.29995578985315224	0.4522850716817298
157.41770885442722	0.300088980609345	0.4520978081738954
157.55077538769385	0.30033929990540104	0.45264709991864055
157.68384192096048	0.30108808663934267	0.4532911489967593
157.8169084542271	0.30116550881029713	0.4527960066837005
157.94997498749373	0.30152781174796756	0.45286297883153
158.0830415207604	0.3016306654814381	0.4532299919066625
158.21610805402702	0.3015212308691641	0.4535487085821671
158.34917458729365	0.30157120075641675	0.45342866828929096
158.48224112056027	0.301503503360237	0.4535551170670808
158.6153076538269	0.30117600773725445	0.45398386261937507
158.74837418709353	0.3020129330607613	0.4533990202322371
158.8814407203602	0.3021272714441278	0.45282349813517636
159.01450725362682	0.30205749656643316	0.4519457391117701
159.14757378689345	0.3016530206853029	0.4514975403974114
159.28064032016007	0.30168576350151327	0.4522912319182564
159.4137068534267	0.3021109611261439	0.4527028940475713
159.54677338669333	0.30237848083152646	0.4532307150308353
159.67983991996	0.30334356544862456	0.4533699659024684
159.81290645322662	0.3028687162039555	0.45233784702780744
159.94597298649325	0.3026700037334876	0.45142061181812865
160.07903951975987	0.3029435802009745	0.45172660714219
160.2121060530265	0.3023514759360601	0.45202386856787324
160.34517258629313	0.3026298691138747	0.4524064176437236
160.4782391195598	0.30365369733144804	0.45266534042613527
160.61130565282642	0.3038229923310646	0.45226006498626936
160.74437218609305	0.3032206069180357	0.4523809983982811
160.87743871935967	0.3031931508752826	0.4528357671234562
161.0105052526263	0.30356946118536077	0.45253444191918224
161.14357178589293	0.30361338461562987	0.45247272221262635
161.2766383191596	0.30344194105644084	0.4527390079452807
161.40970485242622	0.3039236302946926	0.4522718107388206
161.54277138569284	0.3036372374522858	0.4524275359543924
161.67583791895947	0.3038373290270789	0.45192462722375304
161.8089044522261	0.3042127831652361	0.45248827703461825
161.94197098549273	0.30355666513765406	0.45317439163563533
162.0750375187594	0.3031638795133614	0.4537928789214712
162.20810405202602	0.30261738877965055	0.45440821069369053
162.34117058529264	0.3023943528426106	0.4541071325104735
162.47423711855927	0.3016560625159769	0.45442060711527504
162.6073036518259	0.30156825119440056	0.4549146744370965
162.74037018509253	0.30119868870355093	0.45537824820792544
162.8734367183592	0.3009915282430233	0.4561339396289124
163.00650325162582	0.3008772748825008	0.4554668933178992
163.13956978489244	0.3010160146030135	0.4555016253165084
163.27263631815907	0.30122506077584077	0.4553174584121077
163.4057028514257	0.30030659624923706	0.4550536781667531
163.53876938469233	0.3004741099019778	0.4553278578034429
163.671835917959	0.3011183249816998	0.45516834720820243
163.80490245122562	0.301553791234277	0.45480894419255735
163.93796898449224	0.3013429484753149	0.45474748819698474
164.07103551775887	0.30057779491726627	0.4558314221603695
164.2041020510255	0.3006842710031876	0.456190373091642
164.33716858429213	0.3004605882418847	0.4562825889794952
164.4702351175588	0.3002738680470841	0.4574108476910644
164.60330165082541	0.3003319928894122	0.4569121505722671
164.73636818409204	0.3011305798483132	0.45623580153862486
164.86943471735867	0.30211449840081	0.45601304126817777
165.0025012506253	0.30158096790914185	0.4557167859077589
165.13556778389193	0.30140741642404445	0.4563026946656154
165.2686343171586	0.30167716435069897	0.4575106727094556
165.40170085042521	0.30101975196795816	0.4579715656702782
165.53476738369184	0.3007424800798737	0.4585282466966088
165.66783391695847	0.30053829590123615	0.45831725160432857
165.8009004502251	0.3003875806124031	0.4580478533080683
165.93396698349173	0.30077157039413166	0.45731627825514104
166.06703351675839	0.30160641313067027	0.4566819266433183
166.20010005002501	0.3018430939347355	0.45613420780232744
166.33316658329164	0.3018726753246541	0.45616118394760197
166.46623311655827	0.3016775549319536	0.45624688937906643
166.5992996498249	0.30171509605997254	0.455366142507404
166.73236618309153	0.3013553933318012	0.45498355850583694
166.86543271635819	0.30080281322916874	0.45465684984653404
166.9984992496248	0.3012560693662394	0.45443706775802006
167.13156578289144	0.3009630926421397	0.45447997379689103
167.26463231615807	0.3010691794178241	0.4536097768180996
167.3976988494247	0.30179638710775675	0.45358454454829983
167.53076538269133	0.3021049920018716	0.4537161520873434
167.66383191595799	0.3020046747627949	0.45399741773494684
167.7968984492246	0.3027376107384988	0.45432194274537196
167.92996498249124	0.30315112475503514	0.4552100495072077
168.06303151575787	0.30288790614338196	0.45625310928118823
168.1960980490245	0.3031182635804625	0.4559860920592905
168.32916458229113	0.3033379961672679	0.45641311288853403
168.46223111555778	0.30312166215429337	0.4564307643866201
168.5952976488244	0.302734363193055	0.45599788189898993
168.72836418209104	0.30333641968692004	0.456610851517498
168.86143071535767	0.3036452787559371	0.4564239493303045
168.9944972486243	0.30419267599961763	0.4566744850394612
169.12756378189093	0.30400765242352196	0.4566059301811757
169.26063031515758	0.3036416790029618	0.45677772730941646
169.3936968484242	0.3031434675095259	0.45698719088771134
169.52676338169084	0.3035096044352024	0.45684435892406267
169.65982991495747	0.3032208548152928	0.45685204055792106
169.7928964482241	0.30282320567782617	0.4564149068471025
169.92596298149073	0.3027834639615547	0.455972322569448
170.05902951475738	0.303585382212984	0.4550995990910184
170.192096048024	0.3033555033218435	0.4539223458410694
170.32516258129064	0.3027907957333108	0.4535154564540131
170.45822911455727	0.3027711031054416	0.45308872881106405
170.5912956478239	0.3021861642600197	0.45246687286849
170.72436218109056	0.30179643254012983	0.4529682788118904
170.85742871435718	0.3022597190511077	0.4525043171685051
170.9904952476238	0.30254059951228585	0.45128233096076564
171.12356178089044	0.30328037229379123	0.4514311072784688
171.25662831415707	0.3034160027734244	0.45125353823686887
171.3896948474237	0.30354529907638667	0.45106795205833883
171.52276138069035	0.30414100265126925	0.4506015601607001
171.65582791395698	0.30378789224608826	0.45025513875995193
171.7888944472236	0.3031547190903805	0.45018471568272295
171.92196098049024	0.30338615767017185	0.45049704799473084
172.05502751375687	0.3027141050329128	0.45066133884222354
172.1880940470235	0.30205277561191535	0.44989438674913196
172.32116058029015	0.30179354801550273	0.44977093652948386
172.45422711355678	0.3019951908595455	0.4498861928741819
172.5872936468234	0.30279316038588044	0.4490201068686239
172.72036018009004	0.30291226902321927	0.4474730973456683
172.85342671335667	0.302648304245795	0.4468505039455866
172.9864932466233	0.3028321826520024	0.4470960871661775
173.11955977988995	0.30292640288609923	0.44746295434715805
173.25262631315658	0.30258132763855006	0.44758084383040986
173.3856928464232	0.3028007490942325	0.44754572347219085
173.51875937968984	0.3040776409908375	0.448137245266802
173.65182591295647	0.3042221556608882	0.4482000940481477
173.7848924462231	0.30354683065626015	0.44840958672585685
173.91795897948975	0.3037883240345497	0.44860808018953846
174.05102551275638	0.3031720816153343	0.44974415234004383
174.184092046023	0.30293809279668876	0.45072014759159484
174.31715857928964	0.30303037625433843	0.45117962272621287
174.45022511255627	0.3032519854730921	0.45141360851920215
174.5832916458229	0.3041247532478915	0.45170774548074294
174.71635817908955	0.3039270308262191	0.45154998977975286
174.84942471235618	0.3041083471966708	0.4512342151487889
174.9824912456228	0.30482874441955776	0.4504784923874226
175.11555777888944	0.30499618512059445	0.45121731726296616
175.24862431215607	0.3053048642040261	0.45157914462106075
175.3816908454227	0.30527229143270057	0.451567109313216
175.51475737868935	0.30553846673177876	0.450829169644651
175.64782391195598	0.30618138154635216	0.4511349366312386
175.7808904452226	0.3074787361663772	0.4517487301020922
175.91395697848924	0.30843969761253176	0.4506168111885353
176.04702351175587	0.30816598371967147	0.4496972012500491
176.1800900450225	0.3077381227065976	0.4498342477986406
176.31315657828915	0.3075483612538366	0.44960031773588194
176.44622311155578	0.30755914354339986	0.44946733900209634
176.5792896448224	0.3071325348543367	0.4502594008025294
176.71235617808904	0.3064043987048436	0.4502528022096721
176.84542271135567	0.3064634595243156	0.4506665042990726
176.9784892446223	0.3062045601493563	0.45086935398100175
177.11155577788895	0.30525941046486743	0.4505218302091736
177.24462231115558	0.3044435212411906	0.4499630437691669
177.3776888444222	0.3045329940994438	0.4502815184086564
177.51075537768884	0.3053875365393811	0.44941313208796513
177.64382191095547	0.30557626007222516	0.44900097868525196
177.7768884442221	0.30564654430020793	0.44875005336476975
177.90995497748875	0.3056097995822181	0.4487685152451831
178.04302151075538	0.30567925262632645	0.44887664441169084
178.176088044022	0.30549466503844963	0.4490208627962853
178.30915457728864	0.3054432202962873	0.44966428033256395
178.44222111055527	0.30562429132477426	0.450372125367478
178.5752876438219	0.3056514665878685	0.4503497852595008
178.70835417708855	0.3057421109985144	0.44991602462949043
178.84142071035518	0.30538840012006824	0.45049445942061783
178.9744872436218	0.3058911359774935	0.45015339058357584
179.10755377688844	0.30573199236243676	0.4491988160636497
179.24062031015507	0.3062317174160172	0.4492565200155478
179.3736868434217	0.3071147488785589	0.4493216629653454
179.50675337668835	0.30752843547922587	0.44940163475624084
179.63981990995498	0.3074330566534313	0.4493482039342226
179.7728864432216	0.30718144248181956	0.4493579941628711
179.90595297648824	0.30682631052686204	0.44974776760423746
180.03901950975487	0.30703988112417346	0.4498976985864753
180.1720860430215	0.30667588696250697	0.4497909082455818
180.30515257628815	0.3069598380384478	0.45044841433057925
180.43821910955478	0.30684559577450055	0.45147091727874666
180.5712856428214	0.3065905359155066	0.4516915169440269
180.70435217608804	0.30633928584674947	0.4518864303555664
180.83741870935467	0.30576650958933455	0.45202666524623775
180.9704852426213	0.30554799494221496	0.4534169961786089
181.10355177588795	0.3049222174127697	0.45490826997983314
181.23661830915458	0.3053352945069655	0.4547221099108387
181.3696848424212	0.30499299926935836	0.4549089575245581
181.50275137568784	0.30486902783258246	0.4553088350753056
181.63581790895446	0.3049478157674178	0.4557437516729316
181.7688844422211	0.3050785000822143	0.456366304286358
181.90195097548775	0.3055374934406666	0.45682619513352435
182.03501750875438	0.305361975999062	0.4564785276912462
182.168084042021	0.3050821895640077	0.4555530207087441
182.30115057528764	0.30499177202407646	0.45442181948450155
182.43421710855426	0.3051645990469104	0.45462043764402943
182.5672836418209	0.3054448036073002	0.4542406278275638
182.70035017508755	0.30644168762553997	0.45434369642296624
182.83341670835418	0.30721514308815373	0.4547414320482397
182.9664832416208	0.30709813833846095	0.4551534893151275
183.09954977488744	0.30723431460977607	0.4551995808963925
183.23261630815406	0.30724553343910493	0.45388667437672037
183.3656828414207	0.3069771237189419	0.45435376522274223
183.49874937468735	0.30721777801502775	0.454643594849546
183.63181590795398	0.3074708617168318	0.45473212270473207
183.7648824412206	0.30689503048262584	0.45486204202363967
183.89794897448724	0.3070845990290537	0.45510562623020295
184.03101550775386	0.307791595140014	0.45491428924850524
184.1640820410205	0.308301608325423	0.45459622800772126
184.29714857428715	0.3079925864859519	0.45427167544852415
184.43021510755378	0.30850811216986374	0.4537754728500165
184.5632816408204	0.30835813344470736	0.45440505305744794
184.69634817408703	0.30772846563264544	0.45511103343897996
184.82941470735366	0.30842877144115033	0.45465566784593525
184.9624812406203	0.3086705034189459	0.45433721344892153
185.09554777388695	0.30884331110800933	0.45469066816164605
185.22861430715358	0.30905032411899913	0.45512368350045496
185.3616808404202	0.30957009151834075	0.4540203789452312
185.49474737368683	0.30923813979257636	0.4533754503023623
185.62781390695346	0.3089580639175344	0.45347975335318097
185.7608804402201	0.30798457904554816	0.4532982534129395
185.89394697348675	0.30795203320364234	0.45391963390092893
186.02701350675338	0.3086172717568702	0.45423623329896157
186.16008004002	0.30904611151151656	0.45375218284689284
186.29314657328663	0.3084009995013207	0.4545303779987357
186.42621310655326	0.3083006537735019	0.45451913582043885
186.5592796398199	0.3075178488055685	0.45485753768691706
186.69234617308655	0.306866367435844	0.45471205536788556
186.82541270635318	0.3069264581121606	0.4547080095803059
186.9584792396198	0.30697699373406345	0.4551763534967911
187.09154577288643	0.3067983220566103	0.45549559852085814
187.22461230615306	0.3064441030737794	0.4557717171196059
187.3576788394197	0.30684829038847494	0.4552259652833405
187.49074537268635	0.30638994118733137	0.4559183138896829
187.62381190595298	0.3065961500666103	0.4551418626396322
187.7568784392196	0.3068259360683236	0.4557927027712907
187.88994497248623	0.30599615310830763	0.4563836271922444
188.02301150575286	0.3061143797775982	0.4558045729105227
188.15607803901952	0.3067367018203753	0.4561214473723674
188.28914457228615	0.3070451230864153	0.45643537268480894
188.42221110555278	0.3076547333013731	0.45720171284573313
188.5552776388194	0.3078462038522969	0.45703310888491067
188.68834417208603	0.3082830313238048	0.45701769828748223
188.82141070535266	0.3088014803136148	0.45681594988640944
188.95447723861932	0.3086811284949574	0.4571236823389565
189.08754377188595	0.3082463072777337	0.45639728603212093
189.22061030515258	0.30858519304107757	0.45509199204092987
189.3536768384192	0.30859671994114785	0.45413529388929313
189.48674337168583	0.30813992971519294	0.45471579043526483
189.61980990495246	0.3080363538374678	0.45478224087097496
189.75287643821912	0.30792873899103057	0.4542732889815553
189.88594297148575	0.30750293862235084	0.4531760742339753
190.01900950475238	0.3080834877317916	0.45311471853709795
190.152076038019	0.3090369168308883	0.4531623473281111
190.28514257128563	0.3084322389861219	0.4522368790964058
190.41820910455226	0.3076804610677091	0.45214738012496536
190.55127563781892	0.3083826356460341	0.45128392792995164
190.68434217108555	0.3080492431507739	0.4505502462357099
190.81740870435218	0.3079658489840825	0.4503827826262317
190.9504752376188	0.3080508273949107	0.45170199634807356
191.08354177088543	0.30799823377643004	0.4523865065632007
191.21660830415206	0.3076112269978272	0.45304641656289424
191.34967483741872	0.3071727119217218	0.4532051032764146
191.48274137068535	0.30780121638239777	0.45339987926457187
191.61580790395197	0.307186941981514	0.4536755172482736
191.7488744372186	0.3068903007014749	0.4540452999201638
191.88194097048523	0.3076997776657699	0.4537414413323593
192.01500750375186	0.3087457392342469	0.4525475679438407
192.14807403701852	0.30899422671681204	0.45266971952368
192.28114057028515	0.30922675419907864	0.45260174381991247
192.41420710355177	0.30976341887799974	0.4531718049245291
192.5472736368184	0.3090605691285932	0.4532363270156815
192.68034017008503	0.3091321794682358	0.4529613764634356
192.81340670335166	0.30948832960598194	0.45281226492607973
192.94647323661832	0.3098094761463912	0.4525385764332361
193.07953976988495	0.3097396557828128	0.4528693859741503
193.21260630315157	0.309936224427537	0.45249346528563267
193.3456728364182	0.3085545416433369	0.4529856642512314
193.47873936968483	0.30837808497815794	0.45281474127246196
193.61180590295146	0.3090011193817502	0.4525193899475677
193.74487243621812	0.3079141861858296	0.4520039195663012
193.87793896948475	0.30739742499777273	0.4522766428763599
194.01100550275137	0.3071221363185623	0.45213628854119436
194.144072036018	0.30774733302438484	0.4528332730552586
194.27713856928463	0.30843753547901803	0.45233521459015147
194.41020510255126	0.30748116179956203	0.4518815322689841
194.54327163581792	0.30784701527555164	0.45231239442958593
194.67633816908454	0.3087603559743575	0.4518377460913602
194.80940470235117	0.30921566810640383	0.4514341041868712
194.9424712356178	0.30934198833590276	0.4509289849826682
195.07553776888443	0.30967525138992896	0.4502613419050696
195.20860430215106	0.30967409303910026	0.4507213721166972
195.34167083541772	0.3095932989395367	0.4507545021044957
195.47473736868434	0.310206189264131	0.4511563948685193
195.60780390195097	0.3097364439467492	0.4516604610009903
195.7408704352176	0.3095074409737077	0.4522547912008809
195.87393696848423	0.3095230343414895	0.4524403546648918
196.00700350175086	0.30987980122862224	0.452454815413872
196.14007003501752	0.31042416934672734	0.45247890847399264
196.27313656828414	0.3097420670142577	0.4526155464226006
196.40620310155077	0.309452356629857	0.4528948043818278
196.5392696348174	0.30996501436066753	0.4526470320774771
196.67233616808403	0.3097361296261428	0.4529319553709067
196.80540270135066	0.30965103514036313	0.45277675901115116
196.93846923461732	0.30970712607232487	0.4527943471041769
197.07153576788394	0.309105043891522	0.4532214630496725
197.20460230115057	0.3089707556041168	0.45295836697188196
197.3376688344172	0.3092310868545453	0.45366547821451936
197.47073536768383	0.3096911351207405	0.4527606904208687
197.60380190095046	0.3099707746649257	0.45260913083993753
197.73686843421712	0.30950134555156494	0.4527584299443471
197.86993496748374	0.3090512974646767	0.4533978316866867
198.00300150075037	0.30855130492234495	0.45303069886549335
198.136068034017	0.3082821834562766	0.4528021256334576
198.26913456728363	0.3079739097640035	0.4531753157027643
198.40220110055026	0.30733495093462143	0.45329101090196733
198.53526763381691	0.3077294752571646	0.45309372782345275
198.66833416708354	0.30729250984407147	0.4525763366481352
198.80140070035017	0.30665613267087716	0.45278272174012574
198.9344672336168	0.30593030635329144	0.45232339779589725
199.06753376688343	0.30583420377447423	0.4518672857242948
199.20060030015006	0.3057775411248008	0.4513337558937079
199.33366683341671	0.3056897678680964	0.45076040002548295
199.46673336668334	0.3054004332179866	0.4505900705643938
199.59979989994997	0.305549397988535	0.4507712034807733
199.7328664332166	0.30608890534082	0.4509594825616535
199.86593296648323	0.30686989169419226	0.44989937863407753
199.99899949974986	0.3070920682732286	0.45055657635841306
200.1320660330165	0.3075869116893832	0.44950874713686245
200.26513256628314	0.30736765560803064	0.449454941027692
200.39819909954977	0.3080599811099347	0.4494860104905612
200.5312656328164	0.3081307046067963	0.4495637924174427
200.66433216608303	0.3083824778133948	0.4499656225105324
200.79739869934966	0.30869136455799956	0.449812868301906
200.9304652326163	0.3091882377048792	0.44972867831703034
201.06353176588294	0.3092155253191918	0.45015008294053643
201.19659829914957	0.3090567512526088	0.450572393969905
201.3296648324162	0.30942385291777563	0.4495921655789765
201.46273136568283	0.30932222351547456	0.45064369182613867
201.59579789894946	0.3093514459940651	0.4507223763792978
201.7288644322161	0.31014719200137264	0.4508057413931142
201.86193096548274	0.3098221186300893	0.45146911731322587
201.99499749874937	0.30933393999621156	0.4515221330939626
202.128064032016	0.30930477677367035	0.4519560062908631
202.26113056528263	0.3096433693321337	0.45167852100783135
202.39419709854926	0.3102377190638258	0.45198401221362355
202.5272636318159	0.30984692520969215	0.4531916547806914
202.66033016508254	0.3100942619044063	0.4534382681542987
202.79339669834917	0.3104843481172119	0.45243632011082785
202.9264632316158	0.30998826685998865	0.4520498281597542
203.05952976488243	0.31006565553169846	0.451056092636401
203.19259629814906	0.310290533382557	0.4514783791307545
203.3256628314157	0.30990268033278295	0.4511230986887596
203.45872936468234	0.3106017883801444	0.450391816874465
203.59179589794897	0.3109198036015971	0.45057142638222036
203.7248624312156	0.3103911155026169	0.4506465612453081
203.85792896448223	0.3099247965625297	0.4509398267783017
203.99099549774886	0.3096769531691731	0.45075495292666734
204.1240620310155	0.3094646931754795	0.4514476888535707
204.25712856428214	0.31030605125231997	0.4529462623606982
204.39019509754877	0.3107085860684792	0.453803707732992
204.5232616308154	0.3103831236097125	0.4536793376464912
204.65632816408203	0.31044475785946524	0.45486726874327016
204.78939469734868	0.31038540615426274	0.4544749542289967
204.9224612306153	0.3100395785823287	0.45441714499001495
205.05552776388194	0.3094055717612316	0.45478060558766104
205.18859429714857	0.30881571583604356	0.45584800635830103
205.3216608304152	0.30924014456529536	0.45666596370956364
205.45472736368183	0.3092713576052731	0.45669869254147444
205.58779389694848	0.3088840975558699	0.45657662487419637
205.7208604302151	0.30800720345822036	0.455776176490828
205.85392696348174	0.3079667200259975	0.45588315957257974
205.98699349674837	0.3076930454052501	0.4547994197788624
206.120060030015	0.30835669534944155	0.45384618921177994
206.25312656328163	0.30842269545320755	0.4535434095075512
206.38619309654828	0.3085700903979978	0.4537282305344382
206.5192596298149	0.30790084563883435	0.4529360243772802
206.65232616308154	0.30852859516237	0.4529528661527309
206.78539269634817	0.3088944730426467	0.4522783072726251
206.9184592296148	0.3087473292952123	0.45264425054708024
207.05152576288143	0.30956651519056494	0.45261379712143557
207.18459229614808	0.3099578513574258	0.45336994764352234
207.3176588294147	0.3102770910284654	0.4532070097203667
207.45072536268134	0.3093543699987705	0.45409627106775785
207.58379189594797	0.3094496864852496	0.45387171309652413
207.7168584292146	0.30964838031526903	0.45368311737579187
207.84992496248123	0.3099867784809163	0.45413156442678504
207.98299149574788	0.30968853717679445	0.45406713469093335
208.1160580290145	0.30972293099075193	0.4542750537768486
208.24912456228114	0.30982589025969887	0.4551746986173589
208.38219109554777	0.3093197662148125	0.45501155054773473
208.5152576288144	0.30996052864660834	0.45420718886287587
208.64832416208102	0.30994145908582227	0.4535706990772576
208.78139069534768	0.3095884229889608	0.4535632303523389
208.9144572286143	0.30926906737790777	0.4535021725523703
209.04752376188094	0.30946244366088144	0.45258129433873145
209.18059029514757	0.3092419277026596	0.45305194906178975
209.3136568284142	0.30948983743938313	0.452811265100872
209.44672336168082	0.30951196615449134	0.45285073188656694
209.57978989494748	0.30887350799224084	0.45291574225852044
209.7128564282141	0.30852523506693746	0.4531220560702728
209.84592296148074	0.3097063380704457	0.45377631119263223
209.97898949474737	0.30963687901797066	0.45362788628006817
210.112056028014	0.30990251027873433	0.45334570081762493
210.24512256128062	0.3101483612584092	0.4531760538625281
210.37818909454728	0.3106885006217414	0.4518586972435737
210.5112556278139	0.31062907167110193	0.45150586451493824
210.64432216108054	0.3106964888104329	0.4513448691858976
210.77738869434717	0.3107913410329133	0.45038894431222076
210.9104552276138	0.31085472405519426	0.45043811697382713
211.04352176088042	0.31140063132589885	0.45033473453381107
211.17658829414708	0.3107430820812365	0.45124253054293073
211.3096548274137	0.3101719166559311	0.45194587040236767
211.44272136068034	0.3100736807494556	0.452428787832953
211.57578789394697	0.30980472191755004	0.45140066903549647
211.7088544272136	0.3099436698381299	0.45043291065009794
211.84192096048022	0.309589034308629	0.45104385877885755
211.97498749374688	0.3093192421231463	0.4506190869700346
212.1080540270135	0.30976522139232926	0.44991836031847426
212.24112056028014	0.3096080984506433	0.4491701434576768
212.37418709354677	0.3097032106426056	0.4485661708665028
212.5072536268134	0.3095759304675079	0.4472027278343068
212.64032016008002	0.30978955055359864	0.4477629225712285
212.77338669334668	0.3095406278173333	0.4483908606635914
212.9064532266133	0.30912160769542585	0.4497559520151377
213.03951975987994	0.3077992926526205	0.44944698924869664
213.17258629314657	0.30837495930117936	0.4498805380610777
213.3056528264132	0.30894689478238707	0.4497214918017348
213.43871935967982	0.30944226589701035	0.4495073026857757
213.57178589294648	0.309220701351548	0.44977826328148995
213.7048524262131	0.3095146131482034	0.4498236445036305
213.83791895947974	0.3095446726916739	0.45025081540632084
213.97098549274637	0.30947461760100764	0.45068943522472515
214.104052026013	0.3098592661370249	0.45078943359774715
214.23711855927962	0.30979794563762136	0.45151952712773846
214.37018509254628	0.3099045755070721	0.4514315938682277
214.5032516258129	0.30917979692626524	0.4517425242294845
214.63631815907954	0.30888945833065923	0.45182191685043077
214.76938469234616	0.3088177896261037	0.4513747860533947
214.9024512256128	0.3094795303162179	0.4506793020971671
215.03551775887942	0.3092645697194891	0.45023876973151444
215.16858429214608	0.3097303729314328	0.4498696662785906
215.3016508254127	0.31013062404625985	0.4500448065647033
215.43471735867934	0.3097006565561071	0.44972987295261174
215.56778389194596	0.3093373027951737	0.4494716526983132
215.7008504252126	0.3096763129210025	0.44991267968926296
215.83391695847922	0.30889928979388814	0.4505863731030161
215.96698349174588	0.30941427757371776	0.4502248607587703
216.1000500250125	0.3088822009169731	0.45014492510035325
216.23311655827914	0.3090522281914824	0.44995560402348184
216.36618309154576	0.3091631796369462	0.45006557706690575
216.4992496248124	0.3089484428289922	0.4495017883188334
216.63231615807902	0.3086865453871072	0.45105831240781963
216.76538269134568	0.3098210930504311	0.4519531452612746
216.8984492246123	0.30930984369295367	0.4516294053987658
217.03151575787894	0.30961940729017456	0.45221172176498686
217.16458229114556	0.3103828549543657	0.4520565706099205
217.2976488244122	0.30987636847596184	0.4519357039486165
217.43071535767882	0.30960765491420783	0.4519395399222022
217.56378189094548	0.31047213261794615	0.452502639276216
217.6968484242121	0.31065043290510697	0.45196061824716377
217.82991495747874	0.3101018238938938	0.4522809899121239
217.96298149074536	0.31027572433828915	0.4521923630591146
218.096048024012	0.3107425321213039	0.4521310302752875
218.22911455727862	0.31122357848424964	0.4521089531966978
218.36218109054528	0.3111962635639691	0.45250189007865943
218.4952476238119	0.31071817151437053	0.4527079113769033
218.62831415707853	0.3108981375346473	0.4525076064628938
218.76138069034516	0.31017413392302917	0.45236287729560026
218.8944472236118	0.30979304830874305	0.4522400325633062
219.02751375687842	0.31067379886219015	0.45256681908939284
219.16058029014508	0.31108377704203205	0.45215495823726726
219.2936468234117	0.31074266963564634	0.45305543569036294
219.42671335667833	0.31075017490869083	0.45426117866052085
219.55977988994496	0.31092106500674876	0.45489909145456026
219.6928464232116	0.3109265815469288	0.45456506174374844
219.82591295647822	0.31041514538850684	0.4546826286135852
219.95897948974488	0.31003888171379734	0.4552666292765922
220.0920460230115	0.3097593676672947	0.4546437229372289
220.22511255627813	0.3099621934476265	0.4557397487952914
220.35817908954476	0.3104571532235256	0.45547563094045135
220.4912456228114	0.30993101639071935	0.45605009015991127
220.62431215607802	0.30965877356645183	0.4566331773552775
220.75737868934468	0.3102205824915021	0.4560048857262504
220.8904452226113	0.3098648974177827	0.4561005715300731
221.02351175587793	0.30961809782509836	0.4565336239392746
221.15657828914456	0.30984848470960613	0.45648009075357876
221.2896448224112	0.31032285408572174	0.45598079016674004
221.42271135567785	0.3102365813306512	0.4559921635076595
221.55577788894448	0.30983521385011054	0.45634222541986186
221.6888444222111	0.3099550017951872	0.4559162665876632
221.82191095547773	0.31005256968380035	0.4563127553757613
221.95497748874436	0.31028816193321135	0.4554576570390295
222.088044022011	0.31021495754550177	0.45423727340304854
222.22111055527765	0.31075818640223396	0.4551860741171559
222.35417708854428	0.3103402915795386	0.4554460643704834
222.4872436218109	0.31046558465370283	0.455724797798765
222.62031015507753	0.31035308223943886	0.4547257971638237
222.75337668834416	0.31048758304449464	0.45563489408994284
222.8864432216108	0.3097672894906973	0.45535313961184776
223.01950975487745	0.30949985843572714	0.4551773563881042
223.15257628814408	0.3103308723038198	0.4550671621625167
223.2856428214107	0.3101793086830636	0.45473259494876345
223.41870935467733	0.3098960000798714	0.45452002370587985
223.55177588794396	0.3099293342272696	0.4545722086731447
223.6848424212106	0.3105508965851228	0.45487287012765687
223.81790895447725	0.3096090896597477	0.4544915186648336
223.95097548774388	0.3101671470740073	0.45475079882922104
224.0840420210105	0.3107156571970979	0.45462010147970794
224.21710855427713	0.3117561734982988	0.45423932902911185
224.35017508754376	0.3125923670609988	0.4540185450953336
224.4832416208104	0.3114428614956711	0.453735706203153
224.61630815407705	0.3112650396280541	0.4539118200165364
224.74937468734367	0.3119531439914137	0.45356146599294733
224.8824412206103	0.312417681851084	0.453608370614024
225.01550775387693	0.31261437097906997	0.45400427252719394
225.14857428714356	0.31210039482528734	0.4545534699460527
225.2816408204102	0.3118931030237418	0.45602657233546956
225.41470735367685	0.31167357812758495	0.4563624685176344
225.54777388694347	0.31191135575543555	0.45664315910085124
225.6808404202101	0.3117843611473417	0.45652461407692946
225.81390695347673	0.31154901272718305	0.45608702120216976
225.94697348674336	0.3112554518185162	0.4559826476593958
226.08004002001	0.310811476426754	0.4550904171674453
226.21310655327665	0.3111371306394975	0.4553125654633691
226.34617308654327	0.31096061632233357	0.45520363284973403
226.4792396198099	0.31127768171090187	0.45482542462791803
226.61230615307653	0.3103748405601446	0.4552256103607836
226.74537268634316	0.31010826815629033	0.454955011142253
226.8784392196098	0.31053941226021986	0.4545151333759979
227.01150575287645	0.3104286313494262	0.45511437908910385
227.14457228614307	0.3105732452025393	0.45608749515292574
227.2776388194097	0.310914331916314	0.45657682976768255
227.41070535267633	0.3105766584040869	0.4557355744370524
227.54377188594296	0.3100749023056046	0.45584716534865755
227.6768384192096	0.3111754548765269	0.45545366270494936
227.80990495247624	0.3120952309939822	0.45561359983753824
227.94297148574287	0.3114979938713257	0.4553318079830143
228.0760380190095	0.3111712177164289	0.45624584925376205
228.20910455227613	0.3118440203514113	0.45584997210375333
228.34217108554276	0.31173310547027006	0.4554650845933848
228.4752376188094	0.312317390176396	0.4546700037454918
228.60830415207604	0.31266121323129376	0.45474936232493146
228.74137068534267	0.31203850090166313	0.45520745924953465
228.8744372186093	0.31134332310697205	0.45568248434162834
229.00750375187593	0.3114905677864691	0.45530663291107476
229.14057028514256	0.311151191492517	0.45546909676608954
229.2736368184092	0.3109682713031065	0.45462007013701283
229.40670335167584	0.31055402253143316	0.45440062747740734
229.53976988494247	0.3100557870173742	0.45445010811676934
229.6728364182091	0.3098712711881683	0.4545401083126274
229.80590295147573	0.309737548070972	0.45408253967783035
229.93896948474236	0.30965450816840223	0.45431837368536104
230.072036018009	0.3096099951171361	0.45370793711561125
230.20510255127564	0.3105311082180199	0.45392048999272666
230.33816908454227	0.3106685490947554	0.4544716273862633
230.4712356178089	0.3105795021395735	0.45386562759791355
230.60430215107553	0.3112622792134597	0.4533287841436143
230.73736868434216	0.3115439716366432	0.4533296491269392
230.8704352176088	0.31191166561079514	0.4528301110123093
231.00350175087544	0.3112303397530525	0.45202893582190923
231.13656828414207	0.3109073221043943	0.4524094711770545
231.2696348174087	0.31022267713966	0.45251138953992787
231.40270135067533	0.31043490438452337	0.45273785437689057
231.53576788394196	0.31127961713046653	0.45302276152359455
231.6688344172086	0.3111949852273906	0.45361588444190337
231.80190095047524	0.3105568259986968	0.4545514778310294
231.93496748374187	0.3103533200412488	0.4531884956716463
232.0680340170085	0.3102393806749879	0.4533762541723517
232.20110055027513	0.3102576370490118	0.4528814069906592
232.33416708354176	0.3103156310075271	0.45363933346638086
232.4672336168084	0.3113694645487643	0.4537690798201206
232.60030015007504	0.311968884286618	0.4545554285138055
232.73336668334167	0.3110438660986309	0.4548741962181007
232.8664332166083	0.3111498303406733	0.4543002884337653
232.99949974987493	0.31147960796712965	0.45361554520615627
233.13256628314156	0.31209906743084515	0.4538286318778433
233.26563281640819	0.31207260413363963	0.45324912284814334
233.39869934967484	0.31245385453606067	0.4532552742163963
233.53176588294147	0.31168650863124503	0.4540218393713356
233.6648324162081	0.3124623279266192	0.4541302500667127
233.79789894947473	0.31191515805338604	0.45385006728131994
233.93096548274136	0.31220535647101666	0.4532176195447344
234.06403201600799	0.3126693971805939	0.4538593206439574
234.19709854927464	0.31288531575119183	0.4537193092575484
234.33016508254127	0.3136417083694749	0.45449175822565996
234.4632316158079	0.3130354961935867	0.4547581136817256
234.59629814907453	0.3124065032980805	0.454240067405477
234.72936468234116	0.3129351668058086	0.45477316548312713
234.86243121560778	0.3125200355638537	0.45460321373925217
234.99549774887444	0.31252361616966956	0.45448615108557483
235.12856428214107	0.3124491842780322	0.4532776896265204
235.2616308154077	0.312593735456984	0.45221169233248576
235.39469734867433	0.312392026603655	0.4518513891739322
235.52776388194096	0.3119640748510804	0.4519555754198524
235.66083041520758	0.312525321911887	0.45182700932412906
235.79389694847424	0.31363403916626786	0.4517650957253658
235.92696348174087	0.3125045281288523	0.45218087370123144
236.0600300150075	0.3128109671670288	0.45292654349308825
236.19309654827413	0.31365859735262686	0.4523894462513297
236.32616308154076	0.3136938737285858	0.45243207212562775
236.45922961480738	0.31485348245625266	0.4520117124306163
236.59229614807404	0.3151531980153319	0.45058805190158263
236.72536268134067	0.31456019657371187	0.4508236907338044
236.8584292146073	0.3144336976868817	0.45018000217427145
236.99149574787393	0.3148411192918061	0.4501206237526218
237.12456228114056	0.3152139088003739	0.4491745168300925
237.25762881440718	0.3157061008339004	0.44939043583130456
237.39069534767384	0.3142471696503116	0.4502292783352083
237.52376188094047	0.3145161049105954	0.4508718061640603
237.6568284142071	0.3139393545465722	0.4505769747004846
237.78989494747373	0.31313140822272584	0.45129932661326844
237.92296148074036	0.3133540158205606	0.4513286055534974
238.05602801400698	0.31332937490061563	0.449899089434022
238.18909454727364	0.3134351661459964	0.45076129183201413
238.32216108054027	0.312778039507872	0.45104852913412935
238.4552276138069	0.3132423558164864	0.45099823819950247
238.58829414707353	0.3131312084803654	0.45113043228235244
238.72136068034015	0.31286115954740124	0.4514340957607409
238.8544272136068	0.3127466350282156	0.4528769918749185
238.98749374687344	0.3126964967988978	0.453008337075622
239.12056028014007	0.312872440007817	0.45294533225422273
239.2536268134067	0.31242356899723167	0.45328696550631165
239.38669334667333	0.3133573546216552	0.45433838477022254
239.51975987993995	0.3130451219248568	0.45386066688523397
239.6528264132066	0.31239805821891814	0.4536751790376112
239.78589294647324	0.31273643073227	0.4534144472193844
239.91895947973987	0.31372867833324614	0.45336863636834873
240.0520260130065	0.3139975232527637	0.4527276145064399
240.18509254627313	0.31405255031319423	0.4528776821359446
240.31815907953975	0.31430214264960527	0.45304357771011383
240.4512256128064	0.3149467744734383	0.452963386022081
240.58429214607304	0.3150983898605977	0.45257800116911706
240.71735867933967	0.31489337132980394	0.45253492418749924
240.8504252126063	0.31476011959570943	0.45227627275643345
240.98349174587293	0.31392887760685945	0.45341297845518835
241.11655827913955	0.31385200925661594	0.4542523969170986
241.2496248124062	0.3128939067318905	0.4548072160281372
241.38269134567284	0.31392517673857295	0.4549606685035614
241.51575787893947	0.3137857439168257	0.4551096946225005
241.6488244122061	0.31442379783379315	0.4547269617602932
241.78189094547272	0.3150455937663588	0.45421544706120953
241.91495747873935	0.31534418225277877	0.4548384511295177
242.048024012006	0.3152092308380258	0.4536555458301953
242.18109054527264	0.3152989836565527	0.45375483633178265
242.31415707853927	0.3159225333767864	0.4534425071059364
242.4472236118059	0.3152631839015758	0.4530573712269995
242.58029014507252	0.3148598399565495	0.45200937559982535
242.71335667833915	0.3146394500371252	0.4509189760408355
242.8464232116058	0.3148307426864202	0.45085691798707184
242.97948974487244	0.314919995575488	0.45057979465648434
243.11255627813907	0.3159127919623135	0.450885697342111
243.2456228114057	0.31593373759209353	0.4517234472931522
243.37868934467232	0.31610855154773587	0.4509809238092891
243.51175587793895	0.3161220738574051	0.4516198220529506
243.6448224112056	0.31619806275582607	0.45110696411424217
243.77788894447224	0.31599079938835944	0.4508032373883392
243.91095547773887	0.31636302193342486	0.44976108011904575
244.0440220110055	0.3167683591985998	0.4484879024590789
244.17708854427212	0.3164553367991739	0.44891655173898615
244.31015507753875	0.3164693974478305	0.4486607144100018
244.4432216108054	0.3163615244368959	0.44841703860553356
244.57628814407204	0.31570429772495473	0.449111282232928
244.70935467733867	0.3155780769166564	0.45006192674230533
244.8424212106053	0.3161068725996191	0.450320974851057
244.97548774387192	0.31561320846365254	0.44922083204167185
245.10855427713855	0.3163277261989505	0.44835152108257925
245.2416208104052	0.31607824816573765	0.4480619211558728
245.37468734367184	0.3159177449943189	0.44853080428773107
245.50775387693847	0.3164255624289341	0.44791961574569195
245.6408204102051	0.31587091182492455	0.44798821465820415
245.77388694347172	0.3151010850359617	0.44794618226933586
245.90695347673835	0.3156481813376471	0.4488468022711857
246.040020010005	0.31502894096540096	0.4495101835165964
246.17308654327164	0.31481674323274306	0.44947710984314515
246.30615307653827	0.3152573221621695	0.4497062362686622
246.4392196098049	0.31529984362850094	0.4497880375901499
246.57228614307152	0.3150611523115793	0.44967327580389044
246.70535267633815	0.3154123543919326	0.4490587838060902
246.8384192096048	0.316050567256926	0.44979045720760225
246.97148574287144	0.31602890679532725	0.4504302570456812
247.10455227613807	0.3155878826040471	0.45118562466171214
247.2376188094047	0.31655131446784773	0.4513841390916807
247.37068534267132	0.31645830278552994	0.45096691691933255
247.50375187593795	0.31733361574614527	0.45140924064772675
247.6368184092046	0.3167922901327329	0.45171907240085424
247.76988494247124	0.315933498523412	0.4515813332753761
247.90295147573786	0.3151918255429249	0.4517085953930452
248.0360180090045	0.3148895100508893	0.45100558011274566
248.16908454227112	0.31535928692021764	0.4502935585964401
248.30215107553775	0.31511863625087233	0.45045071863289954
248.4352176088044	0.31515535242268394	0.4507175920393916
248.56828414207104	0.31490503134331516	0.4505762574991685
248.70135067533766	0.3153341121052911	0.4503181671839922
248.8344172086043	0.31569461805484506	0.44939921869832555
248.96748374187092	0.31539700671681664	0.44914165565113096
249.10055027513755	0.31409517035058593	0.4497733964696093
249.2336168084042	0.31436245687743325	0.44948354397045615
249.36668334167084	0.3133296621863732	0.4494900519594362
249.49974987493746	0.31311192858267184	0.45024048664108896
249.6328164082041	0.31344240312956384	0.45036203551238085
249.76588294147072	0.3131005983206798	0.4500716025994134
249.89894947473735	0.3128083284866855	0.4506662666760316
250.032016008004	0.3134884662274691	0.4512757191777587
250.16508254127064	0.31399490744035286	0.4508811189480135
250.29814907453726	0.314421934087939	0.4510147029614084
250.4312156078039	0.314535762489606	0.44991933776083515
250.56428214107052	0.3144134406453345	0.4500380628215618
250.69734867433715	0.31486087989466127	0.4499958883968915
250.8304152076038	0.31561431945072216	0.4500459930807137
250.96348174087044	0.3157135371038781	0.4503342685819142
251.09654827413706	0.31596478786654625	0.4506669426404505
251.2296148074037	0.315064625440221	0.4493538305369333
251.36268134067032	0.3148582055087501	0.4496866021440044
251.49574787393695	0.3153726611570813	0.45111818103912077
251.6288144072036	0.3146500254734803	0.45056841417244653
251.76188094047023	0.3140405461579552	0.4508450040546374
251.89494747373686	0.314501526748988	0.4511005286550147
252.0280140070035	0.31476771774351037	0.45107230484935784
252.16108054027012	0.3147433561066051	0.45194226105568236
252.29414707353675	0.31422927218695745	0.45219070966938113
252.4272136068034	0.3138568223904217	0.4520390873569588
252.56028014007003	0.31414579828424827	0.4525920472037073
252.69334667333666	0.31344820705899057	0.45303309349443277
252.8264132066033	0.31445173154020045	0.4530794527915569
252.95947973986992	0.31561799177297417	0.4527432744919769
253.09254627313655	0.3156181343508566	0.4529336383333587
253.2256128064032	0.3163020992002424	0.453427821051587
253.35867933966983	0.31550866451096055	0.45357322764845776
253.49174587293646	0.3156676103666362	0.4535880168960886
253.6248124062031	0.31556375612954546	0.4531528676503132
253.75787893946972	0.31532650660497086	0.4530739501156029
253.89094547273635	0.3155171211990253	0.4535251528863877
254.024012006003	0.31557192296928427	0.4533610165046053
254.15707853926963	0.3155664922605363	0.45367471519133235
254.29014507253626	0.31589350970728547	0.4548009128879159
254.4232116058029	0.3166043864987553	0.4558124444878841
254.55627813906952	0.31620786429125747	0.45509095656463605
254.68934467233615	0.3163204229245372	0.4551407583593397
254.8224112056028	0.31679690189013704	0.45581470460614765
254.95547773886943	0.3161176332574644	0.45507523290100144
255.08854427213606	0.3164318240747013	0.45468050863765014
255.2216108054027	0.3169035597922623	0.45480681000690104
255.35467733866932	0.31721226778481626	0.45426865366937635
255.48774387193595	0.31704206440324567	0.45470968798100564
255.6208104052026	0.3177670631428449	0.4548208762163807
255.75387693846923	0.317564308684017	0.45467309891263363
255.88694347173586	0.31714305432216927	0.4542003886477444
256.0200100050025	0.31760091411054325	0.45378519011642177
256.15307653826915	0.3181638761278021	0.4546210535998634
256.2861430715358	0.31776448891969267	0.4543948820598895
256.4192096048024	0.3181766267286588	0.45408339168041123
256.55227613806903	0.31784647296885743	0.4542490444759941
256.68534267133566	0.3178277311953044	0.45328187137737613
256.8184092046023	0.318843841380467	0.4515555758902082
256.9514757378689	0.31911059466034347	0.4513084130531534
257.08454227113555	0.31948811915385605	0.4517583551589377
257.2176088044022	0.3201130679535523	0.45246227120772686
257.3506753376688	0.31962392771117526	0.45221220210692975
257.4837418709355	0.3203909274984681	0.4522842511545648
257.6168084042021	0.32072195272922577	0.45248857092047606
257.74987493746875	0.32001320721374943	0.45289573770670083
257.8829414707354	0.32022408160162336	0.4543004668077639
258.016008004002	0.3205278037800687	0.45362061389191116
258.14907453726863	0.3193789672672153	0.45466529113515153
258.28214107053526	0.3197852065815349	0.4542593833322883
258.4152076038019	0.3210261928576563	0.4541875397718252
258.5482741370685	0.32090808045168934	0.4544043402101658
258.68134067033515	0.3211169439976646	0.4539096494825542
258.8144072036018	0.32042094523224657	0.45447080165741194
258.9474737368684	0.32110065803762994	0.4544526878514504
259.0805402701351	0.32056724736074166	0.4540837059178751
259.2136068034017	0.3205300466334992	0.4546666136910258
259.34667333666835	0.3205467297689864	0.4551622930489712
259.479739869935	0.3208892683134466	0.45568211400297276
259.6128064032016	0.32034027297362244	0.4564763651746973
259.74587293646823	0.3202756156588673	0.4560175571478276
259.87893946973486	0.31962526385801243	0.45638250564045385
260.0120060030015	0.32023065840231946	0.4562228347840817
260.1450725362681	0.32031298401925373	0.4558601263790983
260.27813906953475	0.320348214835702	0.4561550275719102
260.4112056028014	0.32068455168845317	0.4565726406379849
260.544272136068	0.32061716145455055	0.45578329917388455
260.6773386693347	0.32076293772364267	0.455676478168676
260.8104052026013	0.3199368920265967	0.45592092621592656
260.94347173586794	0.3205651646856906	0.45576231136397755
261.0765382691346	0.3203895529101592	0.4547610609274468
261.2096048024012	0.3198435145052512	0.45496155424113693
261.34267133566783	0.3204758520783668	0.45547579400243976
261.47573786893446	0.320920402613186	0.4555305811088718
261.6088044022011	0.32169429719449183	0.45509029023275355
261.7418709354677	0.3220365465011867	0.4547557944667376
261.87493746873434	0.322311423520269	0.4545925590478599
262.008004002001	0.32332076905834983	0.45488591314001264
262.1410705352676	0.322830860117146	0.4543143809460595
262.2741370685343	0.32389221440129107	0.45411410521635664
262.4072036018009	0.3232431651084678	0.4536638612301927
262.54027013506754	0.32316492727488777	0.4541955391517538
262.6733366683342	0.32312712270506927	0.4535234095314836
262.8064032016008	0.3227901168884191	0.45288941227938484
262.93946973486743	0.3228862432547071	0.45346004615891033
263.07253626813406	0.32197181379343015	0.4535357876623753
263.2056028014007	0.32278542182536857	0.45309511998555846
263.3386693346673	0.3225060211697985	0.45310113772421046
263.47173586793394	0.3225249908239561	0.45437384532823133
263.6048024012006	0.32208999605676747	0.45301482083279787
263.7378689344672	0.32132887245431613	0.4523373973298632
263.8709354677339	0.32192387477372153	0.4523377698465383
264.0040020010005	0.3218381398257494	0.4520286702977649
264.13706853426714	0.322320608348371	0.4516123134663384
264.2701350675338	0.32279074327385815	0.4506104928277814
264.4032016008004	0.32252533395430383	0.4511818693515733
264.53626813406703	0.3225931184517956	0.45129436443330123
264.66933466733366	0.3218418195156283	0.4517813471488926
264.8024012006003	0.3213756249423976	0.451957969373749
264.9354677338669	0.32077652772129944	0.4526015948577923
265.06853426713354	0.32092836205843456	0.4522715404782609
265.2016008004002	0.3211098449226441	0.45218148309725464
265.3346673336668	0.31989028769874955	0.4523136756956091
265.4677338669335	0.32044207095625665	0.4526026631742912
265.6008004002001	0.3202000066245421	0.45187334332345674
265.73386693346674	0.31975708621337223	0.4509192845201585
265.86693346673337	0.31887076470749026	0.4516053062700681
266.0	0.31920265780730894	0.45153931339977854
