0.0	0.0	0.0
0.1330665332666333	4.432725189908364e-05	4.435220797096733e-05
0.2661330665332666	0.00035505081055934234	0.0003327469882548819
0.39919959979989994	0.001286043190019724	0.0011089156968625957
0.5322661330665333	0.002328402323720425	0.0023730940026033074
0.6653326663331666	0.0040797572653170295	0.0042798431935219
0.7983991995997999	0.005875630569607118	0.006496782647782973
0.9314657328664332	0.008224919263937312	0.009291414862829878
1.0645322661330665	0.010262981359969696	0.01250266238507787
1.1975987993997	0.012479644811214614	0.01503025200789488
1.3306653326663331	0.014583223807551345	0.018824470211901055
1.4637318659329663	0.016535104955003987	0.02296986021259976
1.5967983991995998	0.019040079900391495	0.027738202264039686
1.7298649324662332	0.021299516271697065	0.033104154990465394
1.8629314657328664	0.023602638201836	0.03893431803512918
1.9959979989994996	0.025462402419336724	0.04548357630562433
2.129064532266133	0.027594551599619616	0.05393291162796692
2.2621310655327664	0.030186660124638647	0.0623346557432871
2.3951975987994	0.03240139895404714	0.07200738270479126
2.528264132066033	0.03474952022002357	0.08231308682298262
2.6613306653326663	0.036878695469506166	0.09323283577092044
2.7943971985992997	0.03942655218307661	0.10611292627443127
2.9274637318659327	0.0415075573365062	0.11829867068685436
3.060530265132566	0.04369857246154478	0.13211623679686707
3.1935967983991995	0.04549675279346086	0.14852193306605965
3.326663331665833	0.047956374309109345	0.16418615260067163
3.4597298649324664	0.049631999896672205	0.18150837167876668
3.5927963981990994	0.05127515571644331	0.20112237385193982
3.7258629314657328	0.053254774040194734	0.2198051218355636
3.858929464732366	0.05562277633194569	0.23989080784285283
3.991995997998999	0.057622141509960076	0.26028837330965743
4.125062531265633	0.06044033331274552	0.2838826478227794
4.258129064532266	0.06266697340609582	0.3060186513146837
4.391195597798899	0.0644321805476151	0.3278871862883017
4.524262131065533	0.06599240496345687	0.3495016249976349
4.657328664332166	0.06845961568756799	0.37229637619302147
4.7903951975988	0.0705756509706929	0.3948333807597744
4.923461730865433	0.07234919160660071	0.41653936969926963
5.056528264132066	0.07450953270181639	0.43897991962289035
5.1895947973986996	0.07682252525817898	0.45850271100200335
5.3226613306653325	0.07814686636275578	0.4787035829118464
5.4557278639319655	0.07997102024512096	0.4969392254549908
5.588794397198599	0.08174705859352975	0.5151393819906549
5.721860930465232	0.08382669380114886	0.5317144584142328
5.854927463731865	0.085372322031257	0.5479615413592342
5.987993996998499	0.08710445143235031	0.5630707321151993
6.121060530265132	0.08874052514909522	0.5782350423239987
6.254127063531766	0.09033819879635956	0.5909145193006509
6.387193596798399	0.09206822478004029	0.6041445054964636
6.520260130065032	0.09374967735846369	0.6148022660630362
6.653326663331666	0.0953444322628433	0.6253374887411999
6.786393196598299	0.09696301393577295	0.6355003082245604
6.919459729864933	0.09853139669814934	0.6441807671055613
7.052526263131566	0.10004864429647692	0.6521799969726332
7.185592796398199	0.10196881877569759	0.6591416520324204
7.318659329664833	0.103157865892248	0.6654415180450299
7.4517258629314655	0.10467105423178932	0.6701679230509804
7.5847923961980985	0.10630589615345577	0.6754603371352826
7.717858929464732	0.10850769070094164	0.68074399170486
7.850925462731365	0.10975106408863779	0.6852277696233626
7.983991995997998	0.11183199953085095	0.6886336735000943
8.117058529264632	0.11295268850478131	0.6921593317843734
8.250125062531266	0.11483925072161623	0.6948335670788219
8.383191595797898	0.11701467284955211	0.6991944118496833
8.516258129064532	0.11905173859427531	0.7031262133868007
8.649324662331166	0.12039047228878619	0.70537271783173
8.782391195597798	0.12254112568444246	0.7083647236456946
8.915457728864432	0.12385074501890672	0.7113001446807043
9.048524262131066	0.125424845454125	0.7135841767472738
9.181590795397698	0.12731763857260583	0.715029803119573
9.314657328664332	0.12842845238051034	0.7179834883996312
9.447723861930966	0.12969422376900866	0.7192861148535026
9.5807903951976	0.13145662842414033	0.7194502286442341
9.713856928464232	0.13248776030729204	0.7199495169178208
9.846923461730865	0.13389949673659288	0.7217537028167897
9.9799899949975	0.135552739432855	0.7239837114885062
10.113056528264131	0.13749517480772858	0.7242277794160863
10.246123061530765	0.13877710855035105	0.7253810005614847
10.379189594797399	0.13965187202933493	0.7263129404700205
10.512256128064031	0.14043952397400017	0.7276649455322161
10.645322661330665	0.14181312264528537	0.7281905476485623
10.778389194597299	0.1435546968506899	0.7282328917830365
10.911455727863931	0.14545148807536767	0.7300191448463922
11.044522261130565	0.14687552666505976	0.7307636775472366
11.177588794397199	0.14821006742679843	0.7300264551919046
11.31065532766383	0.14964820723114852	0.7316586124884915
11.443721860930465	0.1509050815644171	0.7330668461381887
11.576788394197099	0.15209812971875364	0.7343703467374227
11.70985492746373	0.15335762294404395	0.7341301421661325
11.842921460730365	0.15508779945082984	0.7343634826000556
11.975987993996998	0.15637259334385292	0.7341976275281046
12.109054527263632	0.15758868385750785	0.7363579377557096
12.242121060530264	0.15919653812051177	0.7379807728195522
12.375187593796898	0.16028054504500225	0.7391783844561896
12.508254127063532	0.16179542825743262	0.7399043726880237
12.641320660330164	0.16315033885176675	0.7410199717834758
12.774387193596798	0.16474013793295195	0.7422428654576211
12.907453726863432	0.16590399698474753	0.7424629576311104
13.040520260130064	0.16714517244162858	0.7430466738099571
13.173586793396698	0.1683797269321871	0.7425680627877749
13.306653326663332	0.17009520236857262	0.7435272208256635
13.439719859929964	0.17166402888640392	0.7430789976084657
13.572786393196598	0.1733297107644896	0.7440486609152026
13.705852926463232	0.17468516245001534	0.7430107011192801
13.838919459729865	0.17550643684606687	0.743834190049999
13.971985992996498	0.17747808137007354	0.7444459329793298
14.105052526263131	0.17914181474652152	0.7436935022091259
14.238119059529765	0.1799438870483369	0.7450949022821632
14.371185592796397	0.18203647721874075	0.7454130587546258
14.504252126063031	0.18364669275016654	0.7448502213248575
14.637318659329665	0.18510021645894992	0.744381536049716
14.770385192596297	0.18636715839579565	0.7456830765762352
14.903451725862931	0.18782695262317808	0.7470143397274188
15.036518259129565	0.1891195667656506	0.7467732166630324
15.169584792396197	0.19076769004240524	0.7476211393575551
15.302651325662831	0.1923976840010915	0.7473561243889146
15.435717858929465	0.19403185527940098	0.7474972394983577
15.568784392196097	0.19486599799949889	0.7480992951235464
15.70185092546273	0.19686622934421588	0.7479087944865289
15.834917458729365	0.1973777927635537	0.7479962057877662
15.967983991995997	0.1985847650125973	0.7487698956155395
16.101050525262632	0.19995161218845284	0.7486843110158398
16.234117058529264	0.201002370858912	0.7507457692635952
16.367183591795897	0.2028390606053372	0.7510146761731076
16.500250125062532	0.2039774182792422	0.7507716263507569
16.633316658329164	0.2054397051316745	0.7507383315967336
16.766383191595796	0.20646699955920492	0.7512332692585004
16.899449724862432	0.20770412218965786	0.7515426746334345
17.032516258129064	0.20897501263978055	0.7517900028458555
17.165582791395696	0.21007128784198176	0.7510911854874589
17.298649324662332	0.21130703731389472	0.7507259653113149
17.431715857928964	0.21235461272388598	0.7508014447599178
17.564782391195596	0.21491496412937056	0.7500776469710461
17.69784892446223	0.2161298569969493	0.7507800473246623
17.830915457728864	0.2169476321374515	0.752132275544627
17.963981990995496	0.21833560436934626	0.7517282704067748
18.09704852426213	0.2198415203238495	0.7521685473999585
18.230115057528764	0.22075870940837813	0.7512667120096345
18.363181590795396	0.22176820594414653	0.7523660009267957
18.49624812406203	0.22350335646793318	0.7521706681469992
18.629314657328663	0.22446552244774556	0.7532353558261445
18.762381190595296	0.2258443674915079	0.7528010332871865
18.89544772386193	0.2269096185556662	0.7525957262053277
19.028514257128563	0.22836289763243967	0.7529462349449368
19.1615807903952	0.22966147898885783	0.7529437964291217
19.29464732366183	0.23112844930062573	0.7534596830559044
19.427713856928463	0.23268854337232367	0.7540639865401575
19.5607803901951	0.2333635625163871	0.7541412125490494
19.69384692346173	0.2339333915433997	0.7554535911635865
19.826913456728363	0.23509648376502482	0.7545084902427385
19.959979989995	0.23613096749824225	0.754144485558938
20.09304652326163	0.23749070210679593	0.7539225405054975
20.226113056528263	0.2382366293856044	0.7547062445962371
20.3591795897949	0.23904694873644508	0.7542605397064777
20.49224612306153	0.2399117726456543	0.7540368151824491
20.625312656328163	0.24096902473386406	0.7548794855127686
20.758379189594798	0.2424225886265675	0.75584785737077
20.89144572286143	0.2433961097447911	0.7555577539333109
21.024512256128062	0.24450739264811358	0.7577166512023407
21.157578789394698	0.24578454812311204	0.7586654660716132
21.29064532266133	0.24720463799913506	0.7593047891139061
21.423711855927962	0.2493078812213598	0.7603364313092806
21.556778389194598	0.2497959745193307	0.760361638681312
21.68984492246123	0.2500612473614905	0.760267499858434
21.822911455727862	0.25091815730348466	0.7604449881556361
21.955977988994498	0.2519660185002654	0.7603846276067725
22.08904452226113	0.2539552822754712	0.7594502580317022
22.222111055527762	0.2553991530380003	0.7595207784159049
22.355177588794398	0.25726150731595393	0.7597803477542195
22.48824412206103	0.25771606028154537	0.7605189599707772
22.62131065532766	0.259484739498401	0.7597728552860545
22.754377188594297	0.2596656036292049	0.759781091941782
22.88744372186093	0.26086814098408595	0.7590894995437817
23.02051025512756	0.261991859560713	0.7594233792358487
23.153576788394197	0.2633053873340462	0.7588306857126301
23.28664332166083	0.26535629632195423	0.7593071407108156
23.41970985492746	0.26681224964068406	0.7585117043628674
23.552776388194097	0.26847956390782723	0.7584401208093503
23.68584292146073	0.26932355006806	0.7593479062144549
23.818909454727365	0.27050268014599393	0.7593999274525466
23.951975987993997	0.2711535900801455	0.7590675249099463
24.08504252126063	0.27189198915579543	0.7591036569436382
24.218109054527265	0.27368398987269726	0.7592392608839432
24.351175587793897	0.2744449157800897	0.7588035942380879
24.48424212106053	0.27523391464874397	0.7596793476744322
24.617308654327164	0.2765652580673763	0.7580357006576968
24.750375187593797	0.27777921222474156	0.7581769933125216
24.88344172086043	0.2794466796596244	0.7579647239835599
25.016508254127064	0.2804505526568694	0.758913932359145
25.149574787393696	0.28214548561855757	0.759213669604413
25.28264132066033	0.28286857259505227	0.7602699976710117
25.415707853926964	0.28436685342542684	0.7592283222916618
25.548774387193596	0.28565195520712017	0.7596210594052829
25.68184092046023	0.2874089070196545	0.7591837865067639
25.814907453726864	0.2889336658518228	0.7588333521207271
25.947973986993496	0.2894195016803319	0.759070626362381
26.081040520260128	0.29065943377758674	0.7589782386514653
26.214107053526764	0.29127156671831966	0.7597014534027414
26.347173586793396	0.2932727766592619	0.7601141326690652
26.480240120060028	0.2945701876230675	0.759723288002737
26.613306653326664	0.2958979518226645	0.7615470675999542
26.746373186593296	0.29809667182273486	0.7604118992717818
26.879439719859928	0.2998991356311365	0.7608245451779704
27.012506253126563	0.3002254742171157	0.7618136161793806
27.145572786393195	0.3017812409889573	0.7606376262394815
27.278639319659828	0.3027842504801981	0.760646607992859
27.411705852926463	0.30400960439654373	0.7611122832902466
27.544772386193095	0.305350800959439	0.7613611514449257
27.67783891945973	0.30652185029208057	0.7615078253345353
27.810905452726363	0.30672683509347853	0.7599747693491488
27.943971985992995	0.3070024604422478	0.7592512995764016
28.07703851925963	0.30823914445947476	0.7592958077209812
28.210105052526263	0.30901580523803074	0.7604742199859167
28.343171585792895	0.3100889157769309	0.7596029296979389
28.47623811905953	0.3110341868201014	0.7591486022300116
28.609304652326163	0.31165576541247975	0.758054612592148
28.742371185592795	0.312698122911844	0.7593371458174112
28.87543771885943	0.3136921603711345	0.7598986794709615
29.008504252126063	0.3153887123134925	0.7591417461006481
29.141570785392695	0.3165441309107031	0.7588146114533763
29.27463731865933	0.31816414665585313	0.7584239444544243
29.407703851925962	0.3191802453933863	0.7583678276855815
29.540770385192594	0.3198408146222915	0.7570105944173057
29.67383691845923	0.32052513622810197	0.7579308948752271
29.806903451725862	0.32159031444663577	0.757800110195264
29.939969984992494	0.322611544120769	0.757584089932457
30.07303651825913	0.3242244639488914	0.7581475058918344
30.206103051525762	0.3253721662077116	0.7586702217038893
30.339169584792394	0.3260726737071433	0.758574923847142
30.47223611805903	0.3266064267264353	0.7574105593513487
30.605302651325662	0.32767943711183883	0.7567893684377531
30.738369184592294	0.329681810956473	0.7577210419572646
30.87143571785893	0.3296498861246646	0.7578883077710727
31.00450225112556	0.33119637443036287	0.7583723638251699
31.137568784392194	0.33263777710210324	0.7580715047202432
31.27063531765883	0.3335158506144762	0.7570479870400664
31.40370185092546	0.3347857355407135	0.7568597752316863
31.536768384192094	0.33634408873726945	0.7580515791450402
31.66983491745873	0.3375211817259058	0.7584767755543284
31.80290145072536	0.337669434944394	0.758915869577111
31.935967983991993	0.33894551750178836	0.7578774676553537
32.06903451725863	0.33975295293719016	0.7581102662979984
32.202101050525265	0.34051836837664357	0.7565069902990025
32.33516758379189	0.34108877633708673	0.7575071939544459
32.46823411705853	0.3413519500096208	0.7566096903044456
32.601300650325165	0.34244149863313983	0.756429113025016
32.73436718359179	0.3434938945614357	0.7567047727889719
32.86743371685843	0.34497664116038734	0.756234782621866
33.000500250125064	0.3453039337928986	0.7564246111738284
33.13356678339169	0.3467485739243598	0.7572557920869701
33.26663331665833	0.34757171299921896	0.7576503257617022
33.399699849924964	0.349376906885682	0.7571694187215174
33.53276638319159	0.3500659576625851	0.7563868342550315
33.66583291645823	0.3505979922537271	0.7574942045231196
33.798899449724864	0.3520374565383712	0.7566846907217882
33.93196598299149	0.35273145893850344	0.7561422381833633
34.06503251625813	0.3535249216469661	0.7561203445425175
34.198099049524764	0.35423224484999727	0.7563424561042977
34.33116558279139	0.35477310216473634	0.7574244696428133
34.46423211605803	0.3555670836851982	0.758626205698827
34.597298649324664	0.3566354985143485	0.7598691922361476
34.73036518259129	0.35675837007342454	0.7597932144385179
34.86343171585793	0.3574872762291089	0.7582177485234077
34.99649824912456	0.35820622914118233	0.7571438657547458
35.12956478239119	0.3586177068180404	0.7576467110339156
35.26263131565783	0.35989439943125806	0.7578938025887757
35.39569784892446	0.36077095740250603	0.7581930182648494
35.52876438219109	0.3621381488305441	0.7573831425325813
35.66183091545773	0.36307123105079053	0.7565680801023149
35.79489744872436	0.3638967338158633	0.7580648673159676
35.92796398199099	0.3649632445646468	0.7566171679557473
36.06103051525763	0.36566177828004975	0.75793803654605
36.19409704852426	0.3665152278428057	0.758851345028896
36.32716358179089	0.36812755871563035	0.7604250927703066
36.46023011505753	0.36795773064269477	0.7586546135770894
36.59329664832416	0.36809576387138904	0.7593934118740817
36.72636318159079	0.36765992945415016	0.7595123497365851
36.85942971485743	0.3690782389862086	0.7577681539544686
36.99249624812406	0.37056061670276796	0.7582009493158028
37.12556278139069	0.37124182841834547	0.7590572116597705
37.25862931465733	0.3733421134084658	0.7592146881001202
37.39169584792396	0.3747449119655037	0.7589812717689199
37.52476238119059	0.3749964028597226	0.7596506924174077
37.65782891445723	0.37525406741310896	0.7590738226591524
37.79089544772386	0.375919044025534	0.7593606111213657
37.92396198099049	0.3769567381643504	0.7603410540176996
38.05702851425713	0.37661574068321113	0.7608437396553411
38.19009504752376	0.3771235125136443	0.7608685064939733
38.3231615807904	0.3777013493093209	0.7605342252654101
38.456228114057026	0.3777021330147546	0.7605719040033678
38.58929464732366	0.37826521991644746	0.7604888787121328
38.7223611805903	0.3789292904549404	0.7611504882241871
38.855427713856926	0.379642326840703	0.7623517977997057
38.98849424712356	0.38070330730527907	0.7623257787415239
39.1215607803902	0.38121063138196315	0.7636693419700329
39.254627313656826	0.38251617949956945	0.7643533954828138
39.38769384692346	0.3842635950816795	0.7645096900187933
39.5207603801901	0.38517258927391723	0.764768531856392
39.653826913456726	0.38588472134060364	0.7647395665352972
39.78689344672336	0.3864515120572948	0.7661752434080128
39.91995997999	0.38656162790023	0.7662319936717257
40.053026513256626	0.3875796714879114	0.7654993249379796
40.18609304652326	0.38751884631561484	0.7644058610468382
40.3191595797899	0.3879675443854276	0.7634371185792248
40.452226113056525	0.3887018401150731	0.7625237631941923
40.58529264632316	0.38969904352222645	0.7624284604657805
40.7183591795898	0.39049228828099014	0.7631013397979504
40.851425712856425	0.39161606126895243	0.7627677990627607
40.98449224612306	0.3912753453773938	0.7619721147057424
41.1175587793897	0.3916798192586847	0.7606793452583264
41.250625312656325	0.39294021130873374	0.7594987556692581
41.38369184592296	0.39411705560064986	0.7597945803834605
41.516758379189596	0.39500594835479114	0.7606964249611945
41.649824912456225	0.39552149251616264	0.7604009272774075
41.78289144572286	0.3964008968539623	0.7601535365596109
41.915957978989496	0.3984205817373108	0.7598108490998537
42.049024512256125	0.3990600415682087	0.7598948796383344
42.18209104552276	0.4003226046135944	0.7606837833895715
42.315157578789396	0.3998574640984003	0.7593666084239045
42.448224112056025	0.4012417799003327	0.7615441463400033
42.58129064532266	0.4022482072426473	0.7608985854822792
42.714357178589296	0.4032256705747124	0.7603311067218037
42.847423711855924	0.40403311558078403	0.7606447824319076
42.98049024512256	0.4040647642275641	0.760423126253064
43.113556778389196	0.40420024740875093	0.7611616851051349
43.246623311655824	0.4048805282670589	0.7617712541120254
43.37968984492246	0.4056786126471451	0.7626474206936001
43.512756378189096	0.40609232176571564	0.7625102978771424
43.645822911455724	0.4063228707221479	0.7619743734827169
43.77888944472236	0.40634138195940495	0.7609734064864438
43.911955977988995	0.4072110739288356	0.762361420607977
44.045022511255624	0.40799623977052324	0.7627681259516177
44.17808904452226	0.40877017975572477	0.762626262876384
44.311155577788895	0.4090118940287443	0.7632632075046295
44.444222111055524	0.40911900677966634	0.7634961271124351
44.57728864432216	0.4102026384904109	0.7631942201683304
44.710355177588795	0.4102585047141056	0.7640705503035697
44.843421710855424	0.41046997908230337	0.7647693083117043
44.97648824412206	0.4114218844813392	0.7645307258708012
45.109554777388695	0.4113153394361084	0.7650248504186163
45.24262131065532	0.4120823549406832	0.7651123386858049
45.37568784392196	0.41299355736560356	0.7647300238982756
45.508754377188595	0.4131201626364003	0.7649088151904173
45.64182091045522	0.4135648117549932	0.7650741819247846
45.77488744372186	0.4140162314055878	0.7650108456580351
45.907953976988495	0.41422148879994236	0.7652882860936971
46.04102051025512	0.4151600289629179	0.7648561496078944
46.17408704352176	0.41650362053206	0.7647135766343031
46.307153576788394	0.41733129772661925	0.7640985292616842
46.44022011005502	0.4185747201093017	0.7642072690979769
46.57328664332166	0.4196290573889188	0.7646634438757165
46.706353176588294	0.4201863192337117	0.764049457465668
46.83941970985492	0.42141839952762383	0.763891006622339
46.97248624312156	0.42280624203679407	0.7632436800508005
47.105552776388194	0.42421506764758016	0.7624514202292532
47.23861930965483	0.42558690359228185	0.7619993076550063
47.37168584292146	0.42641548840916943	0.7618352483610363
47.504752376188094	0.42751918130874755	0.761631363204515
47.63781890945473	0.4280745688297572	0.7615327945865554
47.77088544272136	0.42757297277182216	0.7620439997078299
47.903951975987994	0.4276172976907868	0.7610571801163118
48.03701850925463	0.42919669297679297	0.7621115928492619
48.17008504252126	0.42987864115039487	0.7625375733935894
48.30315157578789	0.43056051689207153	0.7632066661240839
48.43621810905453	0.43047227198139326	0.7631553443588814
48.56928464232116	0.4310237592844719	0.7633657715967593
48.70235117558779	0.4314017246004088	0.7630266911589769
48.83541770885443	0.4324492254674911	0.7634876298931486
48.96848424212106	0.43246816752732004	0.7639690978299873
49.10155077538769	0.43388636008147663	0.7632731440590056
49.23461730865433	0.4348919902985191	0.7632521128871094
49.36768384192096	0.4358916366205159	0.7625914660055889
49.50075037518759	0.4368821757388458	0.7618884684542448
49.63381690845423	0.4376516404430522	0.760943357343943
49.76688344172086	0.4370453392614056	0.7618088843053699
49.89994997498749	0.43700816140935295	0.7618446275652594
50.03301650825413	0.4375856138912212	0.7617852727850914
50.16608304152076	0.43801089419345185	0.7625835849509351
50.29914957478739	0.4379489036678538	0.7636688154911453
50.43221610805403	0.4391214444943111	0.7635935509980015
50.56528264132066	0.43979480830336104	0.7629690955523927
50.69834917458729	0.44102112407992655	0.7616838781029867
50.83141570785393	0.44082785213436393	0.7609766828226017
50.96448224112056	0.441324812387185	0.7605195271237203
51.09754877438719	0.44214992513654083	0.7616115166560654
51.23061530765383	0.4423896661886684	0.7621737257419567
51.36368184092046	0.44223428996467934	0.7619098419510564
51.49674837418709	0.44247620275748323	0.7606047222479795
51.62981490745373	0.44263705592626534	0.7601840509538205
51.762881440720356	0.4431817943976699	0.7601923790210368
51.89594797398699	0.44360160925287695	0.7593839974118407
52.02901450725363	0.4444918029433305	0.7598651982353596
52.162081040520256	0.44482614711921803	0.7591042181670572
52.29514757378689	0.44609569909597024	0.7595969765728742
52.42821410705353	0.44699044356228695	0.7598559142767836
52.561280640320156	0.4472476980151433	0.7591773519800161
52.69434717358679	0.4472431968708004	0.7598608190364009
52.82741370685343	0.4474557714971779	0.7599969905534832
52.960480240120056	0.44830439872360756	0.7603893216487086
53.09354677338669	0.44985791655453444	0.7607756069333338
53.22661330665333	0.44967118526948774	0.7610930937050127
53.359679839919956	0.4505983315973698	0.7602038063608876
53.49274637318659	0.45266077388473436	0.7606003934849889
53.62581290645323	0.45391131549053304	0.7599950855663522
53.758879439719855	0.4551572808073615	0.7615824303926887
53.89194597298649	0.4555763062926481	0.7606561125442167
54.02501250625313	0.4561239418491789	0.7603439238419272
54.158079039519755	0.4560271156658817	0.7606788333517281
54.29114557278639	0.4569159898407304	0.7604672288719849
54.42421210605303	0.4578685580476161	0.759393602129479
54.557278639319655	0.45888402380887316	0.7577597228708585
54.69034517258629	0.4591312893288677	0.7578276333592877
54.823411705852926	0.45987828466941116	0.758662235677844
54.956478239119555	0.45964979801780326	0.7585543349131334
55.08954477238619	0.4597993869142117	0.7584325594576192
55.222611305652826	0.4594271098396481	0.7593359064334196
55.35567783891946	0.4599223594392784	0.7602153524163162
55.48874437218609	0.46138451985406037	0.7591859743348616
55.621810905452726	0.46175125185551996	0.7580332394196119
55.75487743871936	0.4614654144126109	0.7589327302997427
55.88794397198599	0.46180060861717365	0.7598723447807152
56.021010505252626	0.46291245992105057	0.7608646261265536
56.15407703851926	0.46278364343456724	0.7615112064990155
56.28714357178589	0.4632059490192122	0.7613296868049658
56.420210105052526	0.46300839356401113	0.7629948137076411
56.55327663831916	0.46428469339606593	0.7622587753951142
56.68634317158579	0.46484343612539536	0.7620169077477504
56.819409704852426	0.4648764662847465	0.7612131511149797
56.95247623811906	0.46489141348435625	0.7602235681103162
57.08554277138569	0.4648641821229811	0.7606981307187402
57.218609304652325	0.463935164880412	0.7597564904270752
57.35167583791896	0.4655894054462631	0.7604655722628375
57.48474237118559	0.4656232919116076	0.7603525664231651
57.617808904452225	0.4659044064048145	0.7610092845081353
57.75087543771886	0.4663276128480192	0.7604817042393378
57.88394197098549	0.46711682534216586	0.7605270012206202
58.017008504252125	0.4671602949590856	0.7606021890775586
58.15007503751876	0.46817784850216715	0.7600064393820484
58.28314157078539	0.4688304637821948	0.7596330390737271
58.416208104052025	0.4694975397139853	0.7594172496018453
58.54927463731866	0.47125348435225395	0.7595404970596203
58.68234117058529	0.4712898229328464	0.7598557542585114
58.815407703851925	0.47172676332026353	0.7602565391662911
58.94847423711856	0.47292060908206696	0.761985311717229
59.08154077038519	0.4736563855455878	0.7613161859550114
59.214607303651825	0.47412528638296325	0.7610318507552386
59.34767383691846	0.4742891351049136	0.761011304259655
59.48074037018509	0.4746901986535633	0.7614174422767734
59.613806903451724	0.47581004570301344	0.761475228650936
59.74687343671836	0.477407873478438	0.7611629314085314
59.87993996998499	0.47778358837392	0.7615379759525053
60.013006503251624	0.4781607980831257	0.76358597584527
60.14607303651826	0.47861480707528214	0.763439773011605
60.27913956978489	0.4789916526803454	0.7627634829237172
60.412206103051524	0.4799853978345532	0.7635283581775393
60.54527263631816	0.4802172458016415	0.7619087682264486
60.67833916958479	0.4808655034833839	0.7617448679432803
60.811405702851424	0.4808605716898216	0.762216114607988
60.94447223611806	0.4805064151859692	0.7617222561999188
61.07753876938469	0.4804850346700744	0.7623983090566663
61.210605302651324	0.48009315168842426	0.7617269765509543
61.34367183591796	0.4793012724464948	0.7611531944584201
61.47673836918459	0.4795177767758082	0.7629254724802472
61.60980490245122	0.4800576829035589	0.7619037511287808
61.74287143571786	0.4798890803926883	0.7619725518803095
61.87593796898449	0.48086452142314157	0.7605705207107997
62.00900450225112	0.48197494633649063	0.7589867643824716
62.14207103551776	0.4813791523678297	0.7592481725217353
62.27513756878439	0.48145198543834083	0.7597115395690207
62.40820410205102	0.48206098632887223	0.7604575599702268
62.54127063531766	0.4817455221066083	0.7610513672523559
62.67433716858429	0.4826849804752479	0.7601044205436549
62.80740370185092	0.4835228726145517	0.7601802623026179
62.94047023511756	0.4847185651645899	0.7616350042572819
63.07353676838419	0.4845884888317084	0.7606170012704527
63.20660330165082	0.4848121140911226	0.7602934619992856
63.33966983491746	0.4870856233912379	0.7601750297350355
63.47273636818409	0.4884486760259213	0.760438548025223
63.60580290145072	0.48858731551869994	0.7605197335007122
63.73886943471736	0.48991064038847804	0.760524755243306
63.87193596798399	0.49045176591284206	0.7608225307383053
64.00500250125063	0.4903898375104308	0.7609567074854034
64.13806903451726	0.49230280116991654	0.7607235331381085
64.27113556778389	0.4929099702136408	0.7603787309458689
64.40420210105053	0.4922299699104472	0.7604619015817023
64.53726863431716	0.4938749252415343	0.7604563093600952
64.67033516758379	0.49459624192452345	0.7596356352462548
64.80340170085043	0.4943767724049195	0.7589878582821696
64.93646823411706	0.4942569397310038	0.7593768550739541
65.06953476738369	0.49438513798560063	0.7591822835889509
65.20260130065033	0.4950026589587794	0.759750295361584
65.33566783391696	0.49581300950164553	0.7589179004196671
65.46873436718359	0.4964636696652082	0.7581505910953316
65.60180090045023	0.4977005835049907	0.7582026818456508
65.73486743371686	0.4977358622510245	0.7579675437251002
65.86793396698349	0.4982291313102207	0.7567128051122451
66.00100050025013	0.4997001774813039	0.7574449702850319
66.13406703351676	0.5005859565478374	0.7577901634624482
66.26713356678339	0.5004769379699355	0.7580792942771715
66.40020010005003	0.49962531373987873	0.7581280517441658
66.53326663331666	0.4991554123548815	0.7587903133775433
66.66633316658329	0.49919359147974934	0.7581409955408738
66.79939969984993	0.4999142316317639	0.7575974967604937
66.93246623311656	0.5008034020524909	0.7582512341757808
67.06553276638319	0.5011611344122333	0.7570542041019592
67.19859929964983	0.5019347450056018	0.7574867062377488
67.33166583291646	0.5021742044320374	0.7577349679072148
67.46473236618309	0.5027683653997411	0.7564964498815513
67.59779889944973	0.5035708768336359	0.7569767136967887
67.73086543271636	0.5040309497440241	0.7582760965488649
67.86393196598299	0.5049936654116746	0.7596275458625741
67.99699849924963	0.5051324799526917	0.759793255443236
68.13006503251626	0.5058292767836312	0.7588031198976409
68.26313156578288	0.5068856422835214	0.7597081937565549
68.39619809904953	0.5079884126055503	0.7588841014204545
68.52926463231616	0.5084247219421579	0.7571250021507316
68.66233116558278	0.5090240524321362	0.7571198666812896
68.79539769884943	0.5098893087325636	0.7575028672830446
68.92846423211606	0.5109522584517492	0.7572350927723847
69.06153076538268	0.5119138076064218	0.7583307983848686
69.19459729864933	0.513046664844604	0.7584335754637782
69.32766383191596	0.5132998535529552	0.7582518694231108
69.46073036518258	0.5136095241001404	0.7591345099644651
69.59379689844923	0.5139929917801109	0.7595340823979543
69.72686343171586	0.5130935179492251	0.7596127860394295
69.85992996498248	0.513235886922508	0.7590598301340847
69.99299649824913	0.5131971959835102	0.7594198874017372
70.12606303151576	0.5134496387360985	0.7589905103391059
70.25912956478238	0.5149895846582995	0.759330336671461
70.39219609804903	0.5148999679646247	0.759356369061324
70.52526263131566	0.5147959574763372	0.7586687738008646
70.65832916458228	0.5147997660685687	0.7592803845322594
70.79139569784893	0.5153958914163667	0.7594046455970191
70.92446223111556	0.5155583836865951	0.758284875308844
71.05752876438218	0.5169703343352098	0.7582156889973449
71.19059529764883	0.5172496203559037	0.7576231958931097
71.32366183091546	0.517461884292305	0.7563911278428059
71.45672836418208	0.5183047585046185	0.7560143501620654
71.58979489744873	0.5199119128677221	0.757086477126446
71.72286143071535	0.5201091926863632	0.7568184871883893
71.85592796398198	0.5200974945205828	0.7560823736074622
71.98899449724863	0.5202515702189512	0.7556438210694758
72.12206103051525	0.5210330576508309	0.7559435263761252
72.25512756378188	0.5211319955627777	0.7557299426953314
72.38819409704853	0.5215000333826497	0.7553004749017227
72.52126063031515	0.5227648913957971	0.7553464231952732
72.65432716358178	0.5222265664768564	0.7550782302383041
72.78739369684843	0.5216518649813655	0.7549939921106554
72.92046023011505	0.5216922915613327	0.7540553594206417
73.05352676338168	0.5221737542134014	0.7540443215616227
73.18659329664833	0.5221967685561392	0.7533427308053773
73.31965982991495	0.5227543377392038	0.7539184336878207
73.45272636318158	0.5228442952846014	0.7544504823775648
73.58579289644823	0.5230292996577214	0.754596277705281
73.71885942971485	0.5236448821471615	0.7537156166679742
73.85192596298148	0.5239239426580827	0.7547075580448062
73.98499249624813	0.5239553970080236	0.754681482403098
74.11805902951475	0.5243469655445594	0.7538789953219757
74.25112556278138	0.5256312063134088	0.7535318910631932
74.38419209604803	0.5266786255309653	0.7547705365840729
74.51725862931465	0.5268054979485635	0.7539019011697858
74.65032516258128	0.5266083424344986	0.7553888613107537
74.78339169584793	0.5266352425542272	0.7556277127459864
74.91645822911455	0.5263717507204739	0.755234208923789
75.04952476238118	0.5270935267601157	0.7544603176650084
75.18259129564782	0.5278691223673752	0.7538051931807527
75.31565782891445	0.5273641188068717	0.7552845254640828
75.44872436218108	0.5274481603413014	0.7549110227470885
75.58179089544772	0.5270169140122365	0.7545406554250973
75.71485742871435	0.5272655428879035	0.7544831819370783
75.84792396198098	0.5282626198935942	0.7551290142297499
75.98099049524762	0.5282063216481833	0.7548305611205194
76.11405702851425	0.528158001616187	0.7559806717637648
76.24712356178088	0.5279724424802198	0.7554197135454138
76.38019009504752	0.5286581866617106	0.7554971391069654
76.51325662831415	0.5290558274510891	0.7554905340575782
76.6463231615808	0.5289804232560817	0.7562356266823131
76.77938969484742	0.5277403362653721	0.7561124205015086
76.91245622811405	0.527904535467052	0.756133010808192
77.0455227613807	0.5287890147185305	0.7565148444884059
77.17858929464732	0.528885980926261	0.7566235812518537
77.31165582791395	0.5295690270887239	0.756263815120275
77.4447223611806	0.5304877531029921	0.7564387062492898
77.57778889444722	0.5296823794274363	0.7573010553364271
77.71085542771385	0.5308958472389509	0.7581057249219244
77.8439219609805	0.5309087225038658	0.7580373210101851
77.97698849424712	0.531523045731388	0.7577648525179101
78.11005502751375	0.5321639516201176	0.7579566861418303
78.2431215607804	0.5317921265309054	0.7578843163494544
78.37618809404702	0.5326310026506039	0.7585978523802953
78.50925462731365	0.5333591444864867	0.7586630402159051
78.6423211605803	0.5329039162641078	0.7588151492263528
78.77538769384692	0.5328143883582317	0.7608733032799432
78.90845422711355	0.5332172794310348	0.7610410904314178
79.0415207603802	0.5344666777118562	0.7621910611871484
79.17458729364682	0.5356873402249289	0.7620440808253774
79.30765382691345	0.5352269781284406	0.7619615492339903
79.4407203601801	0.5345494940582299	0.7624474950324619
79.57378689344672	0.5353036991052538	0.7613235265048546
79.70685342671335	0.5359666862825044	0.7607827533126367
79.83991995998	0.5361704962941434	0.7615825915233518
79.97298649324662	0.5367486801134305	0.7616061401944273
80.10605302651325	0.5367208621138815	0.7614728151675882
80.2391195597799	0.536131744963649	0.7618880541121535
80.37218609304652	0.5365643098790819	0.7623982903732203
80.50525262631315	0.5372174341337529	0.7618857871340746
80.6383191595798	0.5383262474732693	0.7617649595562429
80.77138569284642	0.5389067388764109	0.7614657617406736
80.90445222611305	0.5396964041759272	0.7607727006084672
81.0375187593797	0.5399516932021297	0.7602897420114093
81.17058529264632	0.5392496559751901	0.759938307527401
81.30365182591295	0.5398583391274797	0.7590595932607496
81.4367183591796	0.5410907593675977	0.7573345899282004
81.56978489244622	0.5405667508198929	0.7576367134814064
81.70285142571285	0.5410371631530786	0.7581870333436525
81.8359179589795	0.5411879082481846	0.7567168921318659
81.96898449224612	0.5410591698048012	0.7567124472048349
82.10205102551275	0.5412852075581882	0.757061226595953
82.2351175587794	0.5412425328508914	0.7568374384065336
82.36818409204602	0.5408887111967504	0.7570231970194994
82.50125062531265	0.5405690763170236	0.7570595038115489
82.6343171585793	0.5411197652637255	0.757514647231221
82.76738369184592	0.5415883913625796	0.7574169641933088
82.90045022511255	0.5423769293363793	0.7571320378612115
83.03351675837919	0.5430287601674134	0.7572614076695435
83.16658329164582	0.5442997621507767	0.7574080169802188
83.29964982491245	0.544923611839225	0.7578341535115993
83.43271635817909	0.5457631158920534	0.7579978800403664
83.56578289144572	0.5461076050751225	0.7580200563270054
83.69884942471235	0.5457201318832006	0.7582038883729373
83.83191595797899	0.546035870742034	0.7576852991787029
83.96498249124562	0.5460790442072113	0.7587685212339602
84.09804902451225	0.546101115879904	0.7586125203020988
84.23111555777889	0.5464766456265925	0.7588581046898645
84.36418209104552	0.5474204033712176	0.7585677176554216
84.49724862431215	0.5476228266451004	0.7581575992260937
84.63031515757879	0.5479716773388864	0.7590480688153212
84.76338169084542	0.5482480117786522	0.75962189572125
84.89644822411205	0.5484543701197512	0.7600839559503868
85.02951475737869	0.548877878862539	0.7591734881109137
85.16258129064532	0.5483595734757926	0.7586710661749633
85.29564782391195	0.548204310169343	0.7587776618732697
85.42871435717859	0.5493643754909548	0.7576776640970104
85.56178089044522	0.5505791685954726	0.7572896717374139
85.69484742371185	0.550994427699907	0.7586640117296265
85.82791395697849	0.5520510337564131	0.7581822060734409
85.96098049024512	0.5527587650407026	0.7563857869625136
86.09404702351175	0.5525324524253464	0.7566028475127724
86.22711355677839	0.553111002030919	0.7567530721527505
86.36018009004502	0.5533437361961603	0.7566976802810131
86.49324662331165	0.5539192772569297	0.7569291929856763
86.62631315657829	0.5539252192971288	0.7569625637563138
86.75937968984492	0.5541757744106208	0.7565676079493885
86.89244622311155	0.5548850262161144	0.7567575829003136
87.02551275637819	0.5548046104726447	0.7558737833358636
87.15857928964482	0.5545146541446466	0.7555586698354226
87.29164582291145	0.5546521614589737	0.7555670555950394
87.42471235617809	0.5545036448371921	0.7558872163785115
87.55777888944472	0.5558329226204869	0.7559514471134857
87.69084542271135	0.5570133541453892	0.7565479103216814
87.82391195597799	0.55652389647992	0.7568630038948164
87.95697848924462	0.5567054205800672	0.7564456889845276
88.09004502251125	0.5574600849166091	0.7565950048885135
88.22311155577789	0.5570196246467171	0.7556342103797483
88.35617808904452	0.5566079669364543	0.7563772514553603
88.48924462231115	0.5562049514471432	0.7564084690510717
88.62231115557779	0.555839950070068	0.7563061253918577
88.75537768884442	0.5563362612570832	0.7569403118183345
88.88844422211105	0.5563706159508723	0.758148142592462
89.02151075537769	0.5567574493160217	0.7574359455930567
89.15457728864432	0.556343001255109	0.7564844240767303
89.28764382191095	0.5573474735502082	0.7568042851842779
89.42071035517759	0.5585888543564898	0.7572100837726136
89.55377688844422	0.5589180282338715	0.7572462747346921
89.68684342171085	0.5596021899008751	0.7577776620038008
89.81990995497749	0.5594827475848414	0.7584726806659023
89.95297648824412	0.5596040383323219	0.7586575660417837
90.08604302151075	0.560248026446404	0.7588516535310332
90.21910955477739	0.5606161671294767	0.7586371373795682
90.35217608804402	0.5607495755503175	0.7591882143700671
90.48524262131065	0.5607704305424202	0.7585767059934311
90.61830915457729	0.561864738579825	0.7576696049757273
90.75137568784392	0.5621533198177185	0.7571495439841172
90.88444222111055	0.5624668881305649	0.7570823748598164
91.01750875437719	0.562157363655362	0.7577319768923911
91.15057528764382	0.5619568357568959	0.7579188106467283
91.28364182091045	0.5623469069811868	0.7566695323368247
91.41670835417709	0.5631944225341309	0.7558160730206952
91.54977488744372	0.5644887074780939	0.7564933214154741
91.68284142071035	0.5646643825767473	0.7565166993039888
91.81590795397699	0.5645475029135644	0.7570681700194137
91.94897448724362	0.5657184550296067	0.7571980717995
92.08204102051025	0.5657993946902915	0.7574770047536059
92.21510755377689	0.5653763492523685	0.7580559882409165
92.34817408704352	0.5652093630018057	0.757299548910074
92.48124062031015	0.5657375064450139	0.7573932786107068
92.61430715357679	0.5652762862290174	0.7574256047115924
92.74737368684342	0.5655518135807747	0.7576452296335024
92.88044022011005	0.565408833058984	0.7568586643695077
93.01350675337669	0.5654559794539822	0.758146191540053
93.14657328664332	0.5656223530845879	0.7595827706914534
93.27963981990995	0.5659680033185029	0.7591373151871572
93.41270635317659	0.5664769503205811	0.7587367191608527
93.54577288644322	0.5666909122296754	0.7590008160919047
93.67883941970985	0.5661138434053976	0.7596420376935507
93.81190595297649	0.567085299784121	0.758928844470195
93.94497248624312	0.5689575084212396	0.7589801208047237
94.07803901950976	0.5698106022975314	0.7594221390004793
94.21110555277639	0.5704827368651232	0.7600312247696414
94.34417208604302	0.5719152679007474	0.7597864209782759
94.47723861930966	0.5731033836111527	0.7587850507399515
94.61030515257629	0.5727631137336872	0.7586467898379381
94.74337168584292	0.5733441785626545	0.758104355935811
94.87643821910956	0.5736556937240471	0.7574900889243597
95.00950475237619	0.5728947858585854	0.7578717636773046
95.14257128564282	0.5726250139793638	0.7583074883674981
95.27563781890946	0.5735346884570528	0.7579409476683545
95.40870435217609	0.5733274779226989	0.7584764074734419
95.54177088544272	0.5728659537499841	0.7581015023655903
95.67483741870936	0.5731344035528033	0.7564870290081058
95.80790395197599	0.5733013323208908	0.7572142739325722
95.94097048524262	0.573425878037134	0.7581293112409921
96.07403701850926	0.572942196846199	0.7594326485313717
96.20710355177589	0.5733069583097964	0.7588096238174639
96.34017008504252	0.5741862599896345	0.7580794478489205
96.47323661830916	0.5747001928610681	0.7592529404229247
96.60630315157579	0.5746871007630175	0.7605663346422992
96.73936968484242	0.5737491281529484	0.7610807031568966
96.87243621810906	0.5739105725868934	0.7618373872178633
97.00550275137569	0.5736407390884773	0.7609202855329757
97.13856928464232	0.5734503575857995	0.7595020732984561
97.27163581790896	0.5736425230111816	0.7595421397258637
97.40470235117559	0.5739598295010028	0.7605657184477002
97.53776888444222	0.5750747729605803	0.760359119971276
97.67083541770886	0.5755711266844004	0.7595498772439575
97.80390195097549	0.5766615854722745	0.7597436280309878
97.93696848424212	0.5771077544319744	0.7587333483815458
98.07003501750876	0.5762593596178613	0.7579547317367891
98.20310155077539	0.5758999567040364	0.7585364232489572
98.33616808404201	0.5760977380469551	0.7586552690547033
98.46923461730866	0.5756304738179393	0.7593711028458903
98.60230115057529	0.5762431288725638	0.7596676241292646
98.73536768384191	0.5769901159701593	0.759477217706304
98.86843421710856	0.5779963940183666	0.758360464967685
99.00150075037519	0.5782291732323313	0.7580862976552118
99.13456728364181	0.578288519756075	0.7594000343101288
99.26763381690846	0.5773155954200959	0.7603271405915807
99.40070035017509	0.5774956423671284	0.760104928407749
99.53376688344171	0.5792381781813118	0.7612355180099358
99.66683341670836	0.5789493675885378	0.7611752276572809
99.79989994997499	0.5783763635794554	0.7617036117255781
99.93296648324161	0.5778823271269	0.7620927506022308
100.06603301650826	0.5779729819853332	0.7614717052616415
100.19909954977489	0.5787592350225601	0.7612361568554689
100.33216608304151	0.5787564340939872	0.7613539482291384
100.46523261630816	0.5785068764598635	0.7626005123831525
100.59829914957479	0.577980237312451	0.7625401821485326
100.73136568284141	0.5778964515807309	0.7614927872647317
100.86443221610806	0.5789714543302187	0.7616169177694773
100.99749874937469	0.580171825271124	0.7625705368744711
101.13056528264131	0.5789279494996212	0.7639013955796397
101.26363181590796	0.578214153543269	0.7637414111542238
101.39669834917459	0.5793811829759788	0.7631883151265454
101.52976488244121	0.5792225889952555	0.7637483256387131
101.66283141570786	0.5795020439354609	0.7634118720501889
101.79589794897448	0.5795881542690302	0.7622644636162442
101.92896448224111	0.58022808946817	0.7624252703311006
102.06203101550776	0.5802349472917131	0.7628579831555263
102.19509754877438	0.581339231641185	0.7629389199307162
102.32816408204101	0.582180221754703	0.7634787756502465
102.46123061530766	0.5817356241947147	0.7620442645209877
102.59429714857428	0.5812815749565035	0.7611830192595053
102.72736368184091	0.5804034673923768	0.7626704233601755
102.86043021510756	0.579929744005376	0.7630237986251935
102.99349674837418	0.5805818983543907	0.763435214224222
103.12656328164081	0.5797315106601996	0.7635429835118502
103.25962981490746	0.5796367495130705	0.7634164136264484
103.39269634817408	0.5801599641410916	0.7629283180723802
103.52576288144071	0.5802540455160241	0.7631960709734951
103.65882941470736	0.5811731483287869	0.7640236515500837
103.79189594797398	0.5820555887600202	0.7639931069461782
103.92496248124061	0.582687667300966	0.7641181434188873
104.05802901450726	0.583129181105697	0.7636360374343931
104.19109554777388	0.5835840771654128	0.7624546764916381
104.32416208104051	0.584779526115488	0.7621188910639282
104.45722861430716	0.5853653380396402	0.7631506626757113
104.59029514757378	0.5851434628541315	0.7636726534785248
104.72336168084041	0.5848915156856153	0.7641993699642292
104.85642821410705	0.5857427162177243	0.7637939636670279
104.98949474737368	0.5856101592716525	0.7637239108686219
105.12256128064031	0.5858639856228653	0.7649020998187659
105.25562781390695	0.5865926114594826	0.7660476489782371
105.38869434717358	0.5860208975791289	0.7656295458456984
105.52176088044021	0.5867959060458116	0.7653713609192296
105.65482741370685	0.5876231981967168	0.7646413044982877
105.78789394697348	0.5879285270049447	0.7635314886108887
105.92096048024011	0.5877716279429545	0.7638425964172721
106.05402701350675	0.5875188342516917	0.763605959354975
106.18709354677338	0.5870793248765663	0.763320686990941
106.32016008004001	0.5874104318035949	0.7629490212246732
106.45322661330665	0.5877209595731961	0.7623657493869038
106.58629314657328	0.5877482234879945	0.762518965167562
106.71935967983991	0.5871431164595079	0.7629296939602855
106.85242621310655	0.586921103974999	0.7627411422686802
106.98549274637318	0.587161471580214	0.7632676957371389
107.11855927963981	0.5865278805893652	0.7634375681512221
107.25162581290645	0.58675251656721	0.7635062600735272
107.38469234617308	0.5867721610599386	0.7637736068192867
107.51775887943971	0.5865991947603589	0.7640808275509691
107.65082541270635	0.586870321859935	0.7645981170116998
107.78389194597298	0.5868215161530346	0.7638182130881525
107.91695847923961	0.5871132385961043	0.7630670739558676
108.05002501250625	0.5882904242976774	0.7635240588620286
108.18309154577288	0.5888124716339497	0.7635148267414951
108.31615807903951	0.5893413331999661	0.7623495096088806
108.44922461230615	0.5903134260596191	0.7618718346554002
108.58229114557278	0.5920819609570939	0.7613470335412531
108.71535767883941	0.5925748914778546	0.7614198102948727
108.84842421210605	0.5926517442745941	0.7616530492457059
108.98149074537268	0.592982494036013	0.7601344812443407
109.11455727863931	0.5926871044142508	0.7589932495722501
109.24762381190595	0.5937831279863538	0.7593032785514793
109.38069034517258	0.5947170406736327	0.7587019662086072
109.51375687843921	0.5944217563126346	0.7580034552169254
109.64682341170585	0.5945922138639743	0.7579868537772589
109.77988994497248	0.5943011565744313	0.7580449290091922
109.91295647823911	0.5935355268047056	0.7590508677607644
110.04602301150575	0.5936139776540753	0.7594793361845757
110.17908954477238	0.5933433551994101	0.7598084981477585
110.31215607803901	0.59356415985465	0.759879123233172
110.44522261130565	0.5933532823079573	0.7604706403681899
110.57828914457228	0.5919725125305696	0.7623579478246485
110.71135567783892	0.5912555859802667	0.7641790293136833
110.84442221110555	0.5918081891709097	0.7637244096767828
110.97748874437218	0.5913089478034059	0.7630618219235338
111.11055527763882	0.5895961928710476	0.7626426906352519
111.24362181090545	0.5902205951072826	0.7625015966926837
111.37668834417208	0.5909422078914092	0.7627420545122934
111.50975487743872	0.5906590178328417	0.7622878368588855
111.64282141070535	0.5915060858539667	0.761658878511817
111.77588794397198	0.5912111627476243	0.761696535320011
111.90895447723862	0.5903422144000445	0.7618788642020933
112.04202101050525	0.5897209007515114	0.7619824416845498
112.17508754377188	0.5895097348764216	0.7624119108668851
112.30815407703852	0.5898771783220288	0.7634498415603036
112.44122061030515	0.5903525374632269	0.7642508810045684
112.57428714357178	0.5913183279389508	0.7629206417029473
112.70735367683842	0.5914412989269189	0.7625029669989606
112.84042021010505	0.5918928154623141	0.7636117373160851
112.97348674337168	0.5916019819490819	0.7641236777188459
113.10655327663832	0.5914106154810721	0.7641747975850627
113.23961980990495	0.592608681995894	0.7632261395521646
113.37268634317158	0.5927918511794882	0.7627189308166704
113.50575287643822	0.59301618489677	0.7623836773570848
113.63881940970485	0.5937023585510448	0.7625250058990808
113.77188594297148	0.5932349729684243	0.7618581858771256
113.90495247623812	0.5928464139099783	0.7607671943034375
114.03801900950475	0.5931089661550083	0.7614233212791305
114.17108554277138	0.5936349270015452	0.7618706287332347
114.30415207603802	0.5941684945259706	0.7604285589027021
114.43721860930465	0.5946816147938573	0.7601702787946958
114.57028514257128	0.5952074522528342	0.7612382307009051
114.70335167583792	0.59511414717405	0.7615367512780414
114.83641820910455	0.5944114914171352	0.7620730728245343
114.96948474237118	0.594150021624095	0.7619524952763401
115.10255127563782	0.5945301733131125	0.7618142672195353
115.23561780890445	0.5945564701196877	0.7619484514480216
115.36868434217108	0.5948442659255335	0.7617572709966578
115.50175087543772	0.5948699298343803	0.7617572124563102
115.63481740870435	0.5956906812062297	0.7617634521670453
115.76788394197098	0.5965987544749575	0.7623526802301903
115.90095047523762	0.5967811625913146	0.7617448852994458
116.03401700850425	0.5971760994181967	0.7612882472697526
116.16708354177088	0.5966294658631558	0.7610753172953467
116.30015007503752	0.595757268865584	0.7617777029438568
116.43321660830415	0.5961252173179111	0.7624462523596031
116.56628314157078	0.5974062987582209	0.7614661313901504
116.69934967483742	0.5977577556031819	0.7613820628942745
116.83241620810405	0.5980905348241398	0.7616517364050088
116.96548274137068	0.5974354198072932	0.761713683115812
117.09854927463732	0.5971526345395063	0.7616216022545195
117.23161580790395	0.5976023106575696	0.7617293046022385
117.36468234117058	0.597747832872046	0.7612244144070818
117.49774887443722	0.5975374306486834	0.7609806416389565
117.63081540770385	0.5979264846742047	0.7604148132333357
117.76388194097048	0.5984720820146618	0.7600099712960044
117.89694847423712	0.5987815932371758	0.7613507835427514
118.03001500750375	0.5994834213707255	0.7614624052955288
118.16308154077038	0.5988875019081428	0.7611088230564874
118.29614807403702	0.5991726582429904	0.7612883965740181
118.42921460730365	0.5991508728766394	0.7603323721333958
118.56228114057028	0.597549513309384	0.7611837844942556
118.69534767383692	0.5972073931967153	0.7626288447270482
118.82841420710355	0.5976396665122298	0.7626711628515231
118.96148074037018	0.5987118441083686	0.762110825934656
119.09454727363682	0.5992163839548104	0.7624479794576333
119.22761380690345	0.5996129171719328	0.7638569031304385
119.36068034017008	0.6003760184335115	0.7632197452418858
119.49374687343672	0.601773877099724	0.7619207448551059
119.62681340670335	0.6021841228468016	0.7620919780203186
119.75987993996998	0.6020417981670391	0.7623459792789169
119.89294647323662	0.6021357474017806	0.7629390123819176
120.02601300650325	0.6016048802851107	0.7626859737209064
120.15907953976988	0.601328741732887	0.7614523590031451
120.29214607303652	0.6013432705857428	0.7611623593170612
120.42521260630315	0.6020472063506704	0.7615368793199384
120.55827913956978	0.6019454684854649	0.7613805210084634
120.69134567283642	0.6021541160445055	0.7611903084266504
120.82441220610305	0.602724842386915	0.7605580959228193
120.95747873936968	0.6025353601624692	0.7593250451286367
121.09054527263632	0.6032627500487511	0.7598589382194566
121.22361180590295	0.6036671227381877	0.7610325773638636
121.35667833916958	0.6041268283425357	0.7616468072990815
121.48974487243622	0.604154640611098	0.7621951350713589
121.62281140570285	0.6033258896363243	0.7623430103093781
121.75587793896948	0.604385943015379	0.76172023200239
121.88894447223612	0.605012378130189	0.7619761323068331
122.02201100550275	0.6052092259725573	0.7625623813381135
122.15507753876938	0.6053719782300276	0.7624377600133183
122.28814407203602	0.6055097912670337	0.7616613967675809
122.42121060530265	0.6059016820513049	0.7615493127692109
122.55427713856928	0.6059971802132054	0.7613306314673421
122.68734367183592	0.6059525104901047	0.7611146777168297
122.82041020510255	0.6062257046373808	0.7608614398957441
122.95347673836918	0.6075704813597359	0.7605167473938913
123.08654327163582	0.6073704639044416	0.7602629189396687
123.21960980490245	0.6065036508399517	0.7608171835166295
123.35267633816908	0.6060476637346773	0.7618535098134526
123.48574287143572	0.6062689801340149	0.7611036424660241
123.61880940470235	0.6063628551512236	0.7606170480589377
123.75187593796898	0.6062156628155893	0.761102835388137
123.88494247123562	0.6068330490383105	0.7612224929265423
124.01800900450225	0.6082757645206612	0.7607061117615219
124.15107553776888	0.6080544826536446	0.7601533085993553
124.28414207103552	0.6075705315526277	0.7595975969534801
124.41720860430215	0.6083242841069251	0.759401520233855
124.55027513756878	0.6078302961220785	0.7588599778161043
124.68334167083542	0.6069946341120348	0.758011181341939
124.81640820410205	0.6070329541599873	0.757138544477144
124.94947473736867	0.6076881622977366	0.7568521377375654
125.08254127063532	0.6071774748968776	0.7577091046504482
125.21560780390195	0.6067482092821509	0.7582690345298907
125.34867433716857	0.6078071381384678	0.7581190350311795
125.48174087043522	0.6086705770544192	0.7576765827059221
125.61480740370185	0.608244608388619	0.756868256149104
125.74787393696847	0.6076404996621649	0.7553873149802925
125.88094047023512	0.6074280012983911	0.7556349728279923
126.01400700350175	0.6077102759338979	0.7564915763958423
126.14707353676837	0.6084804108840994	0.7562889050691585
126.28014007003502	0.6087174601903357	0.7565441460907366
126.41320660330165	0.6086993401856544	0.7570662653075985
126.54627313656827	0.6081919518496794	0.7576183201676249
126.67933966983492	0.6076371520233544	0.7588695974131762
126.81240620310155	0.6074956899265331	0.7591456024920599
126.94547273636817	0.6072395617572012	0.7586882793025664
127.07853926963482	0.6070097253043094	0.7593194862364254
127.21160580290145	0.6074988987874635	0.7594418255083438
127.34467233616807	0.6083923353576391	0.758867475171482
127.47773886943472	0.6093580335574372	0.7595099832546226
127.61080540270135	0.6091627203944792	0.7601469969236533
127.74387193596797	0.6081790049937753	0.7601966198182885
127.87693846923462	0.6090180385656243	0.7607345192540421
128.01000500250126	0.6100267726004445	0.7609558190551364
128.1430715357679	0.6102842967947942	0.7607522233169085
128.27613806903452	0.60993461025294	0.7611154408435895
128.40920460230114	0.6096167764912793	0.7615596309154241
128.54227113556777	0.6105660877021288	0.7608233791775834
128.6753376688344	0.6113220324620182	0.7598927455444375
128.80840420210106	0.6123676262435896	0.7595031285366783
128.9414707353677	0.6123729963039076	0.7592156448483923
129.07453726863432	0.611931517305269	0.7584469210441942
129.20760380190094	0.6128570029401541	0.7584592832833981
129.34067033516757	0.6135615628925751	0.7584709507543914
129.4737368684342	0.6137733388268198	0.7580018277995061
129.60680340170086	0.6141234411085628	0.7584023835135302
129.7398699349675	0.6147436376494604	0.7580168353092895
129.87293646823412	0.6154274422989009	0.7571418971508809
130.00600300150074	0.6158198613849718	0.7570820796172179
130.13906953476737	0.6161450436932091	0.7584725830202597
130.272136068034	0.6170132115582715	0.7588647505982221
130.40520260130066	0.6180102841542946	0.7579281562716984
130.5382691345673	0.6182751527933699	0.7588114043749293
130.67133566783392	0.6179935920339035	0.7581563101873025
130.80440220110054	0.6176851208797218	0.7575342820571508
130.93746873436717	0.6181315667824235	0.7585142593852724
131.0705352676338	0.6174822613431107	0.75859627087297
131.20360180090046	0.617548698158238	0.7589173680727117
131.3366683341671	0.6187985875425388	0.7589360020550658
131.46973486743371	0.6190007327364903	0.758116535376989
131.60280140070034	0.6178991504737703	0.7582394286129521
131.73586793396697	0.6170453010382454	0.7597382431188903
131.8689344672336	0.6170086417358609	0.7610395422513078
132.00200100050026	0.617025769838398	0.7619621450565923
132.1350675337669	0.6170365169986042	0.7623826680601795
132.26813406703351	0.6160142336466319	0.7618023928252358
132.40120060030014	0.6158595123833556	0.7613255064173085
132.53426713356677	0.6160575498760655	0.7615439553194793
132.6673336668334	0.616266679766202	0.7602811117512155
132.80040020010006	0.6163896906635106	0.758501317846152
132.93346673336669	0.6162841418048768	0.7579175413819879
133.06653326663331	0.6165163327647176	0.758406677779897
133.19959979989994	0.616312919078988	0.758082059134615
133.33266633316657	0.6158606153554982	0.7586498678210373
133.4657328664332	0.6158572384067152	0.759809379775734
133.59879939969986	0.6157136685121228	0.7604538501920988
133.73186593296649	0.6153914221826151	0.7611148254269265
133.8649324662331	0.614923008857325	0.7605463997590912
133.99799899949974	0.6148618975909367	0.7608815218548072
134.13106553276637	0.6161717318695346	0.7615880033642146
134.264132066033	0.616571178773796	0.7613105031393098
134.39719859929966	0.6168449219493087	0.7609367648510691
134.53026513256629	0.6176137415697553	0.7604258815137972
134.6633316658329	0.6165281834383064	0.7600185498413442
134.79639819909954	0.6161256876252574	0.7598887698753786
134.92946473236617	0.6168130917816651	0.759940570625209
135.0625312656328	0.6173094729356501	0.76023881602392
135.19559779889946	0.6178361562682998	0.7594031374586688
135.32866433216608	0.6185116815774487	0.7578690500749802
135.4617308654327	0.6193250344503605	0.7565378025885338
135.59479739869934	0.619234706687762	0.7580044950922226
135.72786393196597	0.6184265170560411	0.759383093229568
135.8609304652326	0.6192377352427529	0.7596980388365413
135.99399699849926	0.6209706839781538	0.7598823383805152
136.12706353176588	0.6209982726455386	0.7602696288573498
136.2601300650325	0.6198058330520625	0.76071063276507
136.39319659829914	0.619752478691823	0.7612297237913161
136.52626313156577	0.6199407717621235	0.7616797077669974
136.65932966483243	0.6192720389622866	0.7607364140185154
136.79239619809906	0.6194471276872513	0.761549365507902
136.92546273136568	0.618687804480322	0.7610212450665793
137.0585292646323	0.6182800937692295	0.7596803002148871
137.19159579789894	0.6189385630157218	0.7599258918800413
137.32466233116557	0.6198519461779783	0.7594144840547706
137.45772886443223	0.6203959222555869	0.759324397601315
137.59079539769886	0.6202732152053887	0.7600109883950121
137.72386193096548	0.6212124741181657	0.7602590759168302
137.8569284642321	0.6214352300620395	0.7611299990075044
137.98999499749874	0.6211628754858065	0.7614263810081068
138.12306153076537	0.6215278222259341	0.7603044764553994
138.25612806403203	0.6216743022070392	0.7601869921600413
138.38919459729865	0.6226469970901307	0.7599533660671183
138.52226113056528	0.6231298077270265	0.7593566016522201
138.6553276638319	0.623107366700976	0.7596080070411781
138.78839419709854	0.6225431704710778	0.7595470451766889
138.92146073036517	0.6224667379007673	0.7593472407752978
139.05452726363183	0.6227810693000556	0.7592080518439931
139.18759379689845	0.6220759320426229	0.759164248958699
139.32066033016508	0.6214683348521924	0.7590993802092191
139.4537268634317	0.6218241354479638	0.7593211054342629
139.58679339669834	0.6220868692994819	0.7600606516062373
139.71985992996497	0.6221455983338247	0.7603262843231917
139.85292646323163	0.6223397635418251	0.7607960578976091
139.98599299649825	0.6223698327991728	0.7607683552722218
140.11905952976488	0.6226743046956168	0.7618122106988463
140.2521260630315	0.6229410371505937	0.7620469921302485
140.38519259629814	0.6235933658218924	0.7609184204268693
140.51825912956477	0.6247721388329751	0.7608221969485894
140.65132566283143	0.6250027425847012	0.7600365083566505
140.78439219609805	0.6247930976443853	0.7594206112762804
140.91745872936468	0.6250990302011085	0.7588650626244531
141.0505252626313	0.6255462649644117	0.7590431590315729
141.18359179589794	0.6259101342680143	0.7586764298566202
141.31665832916457	0.6254376902678481	0.7579268707083537
141.44972486243122	0.6256576150811233	0.7581443540338973
141.58279139569785	0.6258462733855386	0.7588126657213192
141.71585792896448	0.6256230098735249	0.7602612306301715
141.8489244622311	0.626225401317522	0.76001619765927
141.98199099549774	0.6259076093945177	0.7593230838158289
142.11505752876437	0.6247231877867286	0.7590992329414951
142.24812406203102	0.6251388154758749	0.7582172879585771
142.38119059529765	0.6262653336442018	0.757717889704689
142.51425712856428	0.6270632651239275	0.7579352596801054
142.6473236618309	0.6271792707502137	0.7581885393830036
142.78039019509754	0.626665989272034	0.7578385080532086
142.91345672836417	0.6260438718421804	0.7576186584226807
143.04652326163082	0.6264167586444486	0.7573789728475439
143.17958979489745	0.6270107425600477	0.7572740568525241
143.31265632816408	0.6261302310384385	0.7570727105286865
143.4457228614307	0.6241511480731147	0.7564199531820426
143.57878939469734	0.6234149863507912	0.7572023299584456
143.71185592796397	0.6235844722207159	0.7581165546772031
143.84492246123062	0.6237552441706149	0.7592804712220772
143.97798899449725	0.6242249368188372	0.7590936025401428
144.11105552776388	0.6251696045466397	0.7585626362637176
144.2441220610305	0.6261144912477515	0.759302525699206
144.37718859429714	0.6261005939386379	0.7596054857970709
144.51025512756377	0.6254489475535041	0.7601393846334654
144.64332166083042	0.6260509935859411	0.760573909575129
144.77638819409705	0.6263289791053075	0.7595401444003983
144.90945472736368	0.6259276706047763	0.7592617866071385
145.0425212606303	0.6266093899670891	0.7598944925288014
145.17558779389694	0.6276460214629174	0.759543221973932
145.30865432716357	0.6271438038582874	0.7598442179306589
145.44172086043022	0.6270470481237264	0.7602406872594047
145.57478739369685	0.6266095828393929	0.7598129760805509
145.70785392696348	0.626527484327654	0.7590807791628217
145.8409204602301	0.6272714456030863	0.758726391297901
145.97398699349674	0.6272608066157045	0.7592049491542657
146.10705352676337	0.6269904344251694	0.7593924206594143
146.24012006003002	0.6268924990411412	0.7599571053382224
146.37318659329665	0.6265347745139992	0.760634208963867
146.50625312656328	0.6268111964827427	0.7608169647571859
146.6393196598299	0.6260739941783965	0.7602414613544562
146.77238619309654	0.6259750525734056	0.7596521551642483
146.90545272636317	0.6263935803389994	0.7599946588291234
147.03851925962982	0.6262865538502576	0.7611265864132816
147.17158579289645	0.6265583930337106	0.7615482300734254
147.30465232616308	0.625970629836725	0.7616568341316738
147.4377188594297	0.6255649152395508	0.7602922938787114
147.57078539269634	0.6247886398918164	0.7603934538311778
147.70385192596297	0.6239979232506352	0.7611927833206845
147.83691845922962	0.6250803617745049	0.7607018281077725
147.96998499249625	0.6260118222455247	0.7603909986669315
148.10305152576288	0.6261333810885149	0.7596347564867929
148.2361180590295	0.6263273287795021	0.759709861291929
148.36918459229614	0.6266248288429803	0.7596998638242237
148.50225112556276	0.6262263522602554	0.7598405149016764
148.63531765882942	0.6259935275392178	0.7592118140146534
148.76838419209605	0.6263875777441589	0.7582290650859964
148.90145072536268	0.6265766795245045	0.7582065654572959
149.0345172586293	0.6275124717894799	0.7588051500591088
149.16758379189594	0.6280108320933796	0.7594510611713402
149.30065032516256	0.6277282571615482	0.7592148850338786
149.43371685842922	0.6275108230363023	0.7593704041724607
149.56678339169585	0.627670671331413	0.7601881929760805
149.69984992496248	0.6269313609787386	0.7593547010929841
149.8329164582291	0.6274851478854421	0.7588235823201315
149.96598299149574	0.6284813816209722	0.7601565240147599
150.09904952476236	0.6276885741125856	0.7596345942622432
150.23211605802902	0.6277238154372508	0.7591618396198996
150.36518259129565	0.6288401417132813	0.7588841106788522
150.49824912456228	0.6291809375338424	0.7597512419492939
150.6313156578289	0.6297512076995762	0.7609273181760529
150.76438219109554	0.6299423439166727	0.7606338269951483
150.89744872436216	0.6301247138034561	0.7599303460904937
151.03051525762882	0.6306522531332573	0.759986712875279
151.16358179089545	0.6318216640528999	0.759046549945908
151.29664832416208	0.6323637257182613	0.7575109394042524
151.4297148574287	0.6318146869821352	0.7569595300139507
151.56278139069533	0.6316858840896179	0.7574078653559243
151.69584792396196	0.6312812698888822	0.7568988191850432
151.82891445722862	0.6320961693628014	0.7561745324788376
151.96198099049525	0.633354932470092	0.7566118424790031
152.09504752376188	0.6343864870210898	0.7575114490158902
152.2281140570285	0.6347656632573198	0.7572135377107928
152.36118059029513	0.635566867249146	0.7580776985660425
152.49424712356176	0.63607306638966	0.7581508274721724
152.62731365682842	0.6358782298080219	0.7583585883532931
152.76038019009505	0.6373615296457473	0.7585794549665941
152.89344672336168	0.6379282047539987	0.7589860019389665
153.0265132566283	0.6372442312169471	0.7591686532932491
153.15957978989493	0.6362663200560023	0.7590670537169252
153.2926463231616	0.6367912478152842	0.7596151046852385
153.42571285642822	0.6378477186389298	0.7590623235952585
153.55877938969485	0.638034763697153	0.7582762523251672
153.69184592296148	0.6382974038974387	0.7581245380773494
153.8249124562281	0.637511633001094	0.7573464668174055
153.95797898949473	0.6383162083036041	0.7563643463965725
154.0910455227614	0.6381082120221616	0.7559893225995986
154.22411205602802	0.6366205906600716	0.7556845774996986
154.35717858929465	0.6365053707251327	0.7564167358028913
154.49024512256128	0.6360853994624012	0.7566404459672738
154.6233116558279	0.6359268970146514	0.7555680189903151
154.75637818909453	0.6359643975526237	0.7554904724717499
154.8894447223612	0.6360879533121344	0.7556227558886099
155.02251125562782	0.6356552191874943	0.7562196063880555
155.15557778889445	0.6348607512795947	0.7555198520669967
155.28864432216108	0.6340435970721305	0.7548140953747158
155.4217108554277	0.63361056172125	0.7561493288757619
155.55477738869433	0.6325566459499776	0.7562105660887044
155.687843921961	0.6334167372586517	0.7563380689726182
155.82091045522762	0.6346989407687852	0.7567698440922526
155.95397698849425	0.6342497683850337	0.7571924324785086
156.08704352176088	0.6344561764398129	0.7577958799847407
156.2201100550275	0.6339958470294841	0.7580949457221199
156.35317658829413	0.6333728379428932	0.7581113723766664
156.4862431215608	0.6330390993555888	0.7566315595755478
156.61930965482742	0.6327017840585527	0.7563631970941233
156.75237618809405	0.6332855878499748	0.7586093448970566
156.88544272136068	0.6337053925934728	0.7588578123862969
157.0185092546273	0.6342016748421947	0.7593534154374652
157.15157578789393	0.6347266988423947	0.759843405086333
157.2846423211606	0.634720392562791	0.7585294498547288
157.41770885442722	0.6349968508408231	0.7583013518343699
157.55077538769385	0.6344658731586084	0.757356268333693
157.68384192096048	0.6348237580156342	0.7567862482948959
157.8169084542271	0.6353862027006267	0.757320479827459
157.94997498749373	0.6348810719638084	0.7563040400229207
158.0830415207604	0.6351950924816955	0.7568752874399519
158.21610805402702	0.6359458852269564	0.7566549199784522
158.34917458729365	0.6362350477669737	0.757550850857499
158.48224112056027	0.6356884906325492	0.758570079650715
158.6153076538269	0.6357788298874781	0.757095813912705
158.74837418709353	0.6369233711405234	0.7572540489714882
158.8814407203602	0.6375727144940461	0.7581381934709288
159.01450725362682	0.6380754193601528	0.758152881969002
159.14757378689345	0.6385280680337966	0.7583732085784054
159.28064032016007	0.6387497450090961	0.7581193835514168
159.4137068534267	0.6396310436314816	0.7580275004140171
159.54677338669333	0.6393137070033658	0.758515137985975
159.67983991996	0.638232790032549	0.758535981651017
159.81290645322662	0.6389985018746872	0.7585482470360622
159.94597298649325	0.6389471659797464	0.7578822325218113
160.07903951975987	0.6388242666071682	0.7586824092680007
160.2121060530265	0.6377044858407938	0.7581354485589878
160.34517258629313	0.6374145295131611	0.7576914180099585
160.4782391195598	0.6379518096092004	0.7579088144335494
160.61130565282642	0.6372439095362888	0.7586997908225687
160.74437218609305	0.6370056535296587	0.7598699050247267
160.87743871935967	0.6370349983121606	0.7604775245583388
161.0105052526263	0.636756023740752	0.7601948246280353
161.14357178589293	0.637454967758484	0.7589598080648418
161.2766383191596	0.6377693219755309	0.7574102735738
161.40970485242622	0.637947108880179	0.75713092840948
161.54277138569284	0.6388757740414371	0.7580891859391603
161.67583791895947	0.638762233204439	0.7586378216264044
161.8089044522261	0.6380508094546522	0.7587375723569832
161.94197098549273	0.6380961332476622	0.7584589936637176
162.0750375187594	0.6386826411015798	0.7579682412810498
162.20810405202602	0.6381079274735647	0.7567031380463874
162.34117058529264	0.6382582441622369	0.7561394617988758
162.47423711855927	0.6383948844445614	0.7553754186267327
162.6073036518259	0.6382056203191796	0.7555299801201736
162.74037018509253	0.6382859291288655	0.7562481041089237
162.8734367183592	0.6385646664180584	0.7556814363570044
163.00650325162582	0.6380616831526668	0.756520773771963
163.13956978489244	0.6374644729981233	0.7569959172483822
163.27263631815907	0.6376317153182989	0.7561557447555841
163.4057028514257	0.6371706742013361	0.7564545815664584
163.53876938469233	0.637110507557222	0.7566168167038632
163.671835917959	0.6377210417004315	0.7569226182109531
163.80490245122562	0.6377102341219669	0.7570446765354403
163.93796898449224	0.6381939168453672	0.7567405667413883
164.07103551775887	0.6385099739621266	0.7576488908795267
164.2041020510255	0.638008832635851	0.7587963867750201
164.33716858429213	0.6371233292488405	0.7595061426406461
164.4702351175588	0.6374345609528729	0.75913133325116
164.60330165082541	0.637221131425384	0.7583921153008046
164.73636818409204	0.6376076039631644	0.7589350009591158
164.86943471735867	0.6374535381336645	0.7597088811847652
165.0025012506253	0.6366950111357385	0.7614165356067806
165.13556778389193	0.6364173940459542	0.7618321151163107
165.2686343171586	0.6371040755079509	0.7614819478836438
165.40170085042521	0.6374908709000917	0.761408742782725
165.53476738369184	0.6379831738852954	0.7622048688451365
165.66783391695847	0.6387532251554227	0.7631802974509397
165.8009004502251	0.63806205968679	0.7644558360023637
165.93396698349173	0.6376223950695857	0.7644769022911809
166.06703351675839	0.6380285067992604	0.7643789420746393
166.20010005002501	0.6372044932315908	0.7658057142973788
166.33316658329164	0.637328509269371	0.7656778917387753
166.46623311655827	0.6370218243945268	0.7645473367044401
166.5992996498249	0.6362991996913212	0.7637173217487659
166.73236618309153	0.6352126452189306	0.7636501278152608
166.86543271635819	0.6347713879759016	0.7642639138177285
166.9984992496248	0.6354308055143884	0.7636045842112378
167.13156578289144	0.6361869779871264	0.7614271932508341
167.26463231615807	0.6356212557059233	0.7615163341359953
167.3976988494247	0.6362440714333794	0.760997296634308
167.53076538269133	0.6371498672993927	0.7601234618105125
167.66383191595799	0.6368147107142514	0.7598422877709358
167.7968984492246	0.6368559510317449	0.7588009305995509
167.92996498249124	0.6375434302174967	0.758707350594073
168.06303151575787	0.6376919600305486	0.7599020848636012
168.1960980490245	0.6376955299465157	0.7599052171675147
168.32916458229113	0.6380708469792414	0.7596838353469286
168.46223111555778	0.6387811199313084	0.7594548341595605
168.5952976488244	0.639027509071309	0.7597710071043117
168.72836418209104	0.639239886776454	0.7590000759126925
168.86143071535767	0.639956769943977	0.7588443031210319
168.9944972486243	0.6392619307335732	0.7588536983685897
169.12756378189093	0.639023734030757	0.7586032647545695
169.26063031515758	0.6391978760967602	0.7592968515608804
169.3936968484242	0.6403970940286788	0.7591655296970281
169.52676338169084	0.6401836721109568	0.7589445596690654
169.65982991495747	0.6401900343320708	0.7590452552603434
169.7928964482241	0.6411263600276361	0.7585027325117406
169.92596298149073	0.641081972631161	0.7589341297227802
170.05902951475738	0.6408412567944576	0.7587861434203184
170.192096048024	0.6410403016152412	0.7580628621953244
170.32516258129064	0.6413719678017813	0.7573570709289045
170.45822911455727	0.6413837876453213	0.7573409880714703
170.5912956478239	0.6416799269108115	0.7566234387643149
170.72436218109056	0.641600123281523	0.7563712987143297
170.85742871435718	0.6413099601614182	0.756173219022109
170.9904952476238	0.641677702331558	0.7557440050387428
171.12356178089044	0.6415651962064973	0.7555710940266108
171.25662831415707	0.641282818900175	0.7559938260488838
171.3896948474237	0.6428294681912098	0.7564734848598185
171.52276138069035	0.6430554527011683	0.756401575915942
171.65582791395698	0.6419192936910593	0.7559434313369515
171.7888944472236	0.641954891217944	0.7551249787760699
171.92196098049024	0.6422344895210765	0.7548735282023574
172.05502751375687	0.6419265918783424	0.7541318558670278
172.1880940470235	0.6419773899893407	0.7546964250988443
172.32116058029015	0.64164901021395	0.7557581077961816
172.45422711355678	0.6421031998123787	0.7550240900750372
172.5872936468234	0.6413491918673481	0.7550902517189025
172.72036018009004	0.641121708467003	0.7548713031520956
172.85342671335667	0.6408674800072736	0.7545767706539915
172.9864932466233	0.6401489606170435	0.7563147518591338
173.11955977988995	0.6398029780283636	0.7580996993746625
173.25262631315658	0.6396798562104655	0.7587441523991173
173.3856928464232	0.6402727653281289	0.7583729377018651
173.51875937968984	0.6404595579724702	0.7585894324505529
173.65182591295647	0.640494645192058	0.7581227223968546
173.7848924462231	0.6400220465915257	0.7590483358546257
173.91795897948975	0.6402278597322021	0.7596489384522538
174.05102551275638	0.6398650612100613	0.7590971057734013
174.184092046023	0.6402811363459852	0.7593132572421508
174.31715857928964	0.6406831920498418	0.759534568462882
174.45022511255627	0.6402244991333477	0.7602654900147605
174.5832916458229	0.6399511864669533	0.7604031888477784
174.71635817908955	0.6390099967584195	0.7594760199265993
174.84942471235618	0.6393672482597007	0.7587006110861534
174.9824912456228	0.6393007663109883	0.7578242212795064
175.11555777888944	0.6394366609994355	0.757133299881291
175.24862431215607	0.6398338829040356	0.7567639787321528
175.3816908454227	0.6403567799330115	0.7570522920296251
175.51475737868935	0.6402115643445347	0.7570804866642548
175.64782391195598	0.6392561733145455	0.7573036745826192
175.7808904452226	0.6392638534656973	0.7575598845644053
175.91395697848924	0.6382531852886728	0.7576320928270832
176.04702351175587	0.637673289065346	0.7556520830621604
176.1800900450225	0.6374802878389946	0.7563321065999269
176.31315657828915	0.6368045321829899	0.7574781799445738
176.44622311155578	0.6377450000540663	0.7576346520304135
176.5792896448224	0.6379270023388828	0.7578353835170383
176.71235617808904	0.6377437431342624	0.7573905045156669
176.84542271135567	0.6372791060414965	0.7577501179588934
176.9784892446223	0.6369336005413129	0.7581009732441316
177.11155577788895	0.6369391162436936	0.7579613260223386
177.24462231115558	0.6386414379699457	0.7569395946933635
177.3776888444222	0.6387678333620964	0.7570031786470235
177.51075537768884	0.6372312133002817	0.7572089758943744
177.64382191095547	0.6379506943638442	0.7565488896440807
177.7768884442221	0.6395826094793813	0.7568083120071082
177.90995497748875	0.6398580521016961	0.7554138938056453
178.04302151075538	0.6396265456716723	0.7557751189988506
178.176088044022	0.6408400074252761	0.7556575183129465
178.30915457728864	0.640538692390595	0.7563279584219925
178.44222111055527	0.6401629375139692	0.7577030854419909
178.5752876438219	0.6406729258046947	0.7577575455774448
178.70835417708855	0.640333246479161	0.7576917915888939
178.84142071035518	0.6397304273655935	0.7571806624876426
178.9744872436218	0.6399925384351108	0.7563175157757243
179.10755377688844	0.6411566517193378	0.756283368970241
179.24062031015507	0.640553119807747	0.757328420806892
179.3736868434217	0.6405495947421469	0.7576616417939814
179.50675337668835	0.6404069948825416	0.757552042521644
179.63981990995498	0.640412203170771	0.7578028907890034
179.7728864432216	0.6408362564403258	0.75912017638039
179.90595297648824	0.6406161704070266	0.7597740909210341
180.03901950975487	0.6401090609160408	0.7597040821088944
180.1720860430215	0.64023413233603	0.7600089818560793
180.30515257628815	0.6409571641526656	0.7602438881247069
180.43821910955478	0.6412381989319713	0.7598167733390144
180.5712856428214	0.6417030120705056	0.7583016048780288
180.70435217608804	0.6420943615932939	0.7571352950922251
180.83741870935467	0.6415819809737987	0.7584773771489274
180.9704852426213	0.6403739285595259	0.7603557213691673
181.10355177588795	0.6393911114678982	0.7595502917292476
181.23661830915458	0.6397385408988323	0.7596127985421187
181.3696848424212	0.6404622551425486	0.7603214655059337
181.50275137568784	0.6418334945829619	0.7608841370778613
181.63581790895446	0.6428820165439377	0.761567950408491
181.7688844422211	0.6419537245644992	0.7615187038647856
181.90195097548775	0.6416691347819923	0.7608633028082642
182.03501750875438	0.6400867079366884	0.7611199693016936
182.168084042021	0.6398079246768308	0.7623018538680958
182.30115057528764	0.6405091423835649	0.7627006304173468
182.43421710855426	0.639981845747907	0.7628611348624513
182.5672836418209	0.6401752654603315	0.7615954969885123
182.70035017508755	0.6405152398890667	0.7607119606329826
182.83341670835418	0.6402597772320233	0.7602493662236165
182.9664832416208	0.6402157770757886	0.7605300971703555
183.09954977488744	0.639987479948007	0.7598867224823901
183.23261630815406	0.6399046298728196	0.7597131461572314
183.3656828414207	0.6394133153559041	0.7606592990704985
183.49874937468735	0.6390971807815309	0.7601398098148343
183.63181590795398	0.6391184574460237	0.7607811430280816
183.7648824412206	0.6387445614922759	0.7605254011037256
183.89794897448724	0.6390187561614229	0.7604565070042448
184.03101550775386	0.6397490055890646	0.7599230637679204
184.1640820410205	0.639728654683725	0.7601685971321764
184.29714857428715	0.6409650200632581	0.7604139968837273
184.43021510755378	0.6421010926718196	0.7602480869386627
184.5632816408204	0.6426455934818605	0.759980568809459
184.69634817408703	0.6428362093005752	0.7599261953048081
184.82941470735366	0.6428773958726811	0.7598843981837048
184.9624812406203	0.6429674186604514	0.7604307947608488
185.09554777388695	0.6446794658391359	0.760417856559587
185.22861430715358	0.6447833130529664	0.7601962256635504
185.3616808404202	0.6442564596826572	0.7615056790361076
185.49474737368683	0.6447183189403898	0.760986655661053
185.62781390695346	0.6450541495784876	0.7625267337619509
185.7608804402201	0.6452573474657236	0.7629865215846717
185.89394697348675	0.6460728757099872	0.7626718029039075
186.02701350675338	0.646598151758052	0.7632360736130542
186.16008004002	0.6461555508678242	0.7620126718176206
186.29314657328663	0.6454553221986614	0.7626451533618825
186.42621310655326	0.6459439809489269	0.763987979545301
186.5592796398199	0.6460249250168872	0.7642335298862211
186.69234617308655	0.6464856770684825	0.7634095842655708
186.82541270635318	0.6465024447497727	0.7630708765709592
186.9584792396198	0.6462739133114809	0.7629996142546687
187.09154577288643	0.6460250927205015	0.7625585983353086
187.22461230615306	0.6452723300617832	0.7630768646637245
187.3576788394197	0.6447301412810388	0.7644554359610407
187.49074537268635	0.6445248242166977	0.7641947218888515
187.62381190595298	0.6445768013143972	0.7637278282315604
187.7568784392196	0.6442040910626702	0.763192486765492
187.88994497248623	0.6440151598141312	0.7625024083087409
188.02301150575286	0.6440415295494688	0.7628357697091669
188.15607803901952	0.6443672715032519	0.7626820274969958
188.28914457228615	0.645303807797531	0.7617427350120296
188.42221110555278	0.6448852709922189	0.761911298182861
188.5552776388194	0.6443011156222035	0.7612076383974461
188.68834417208603	0.6440002992752313	0.7604063514223076
188.82141070535266	0.6441412912808118	0.7606720537932097
188.95447723861932	0.6442321953163431	0.7600483893319685
189.08754377188595	0.6436159305441095	0.7602390401275141
189.22061030515258	0.643071768356001	0.7595240511631601
189.3536768384192	0.6426548596437874	0.7595944214655328
189.48674337168583	0.6430768369013902	0.7598587021071779
189.61980990495246	0.6422463740308796	0.7607673315752017
189.75287643821912	0.6439566919030033	0.7605393889040666
189.88594297148575	0.6438314864778617	0.7601624408788729
190.01900950475238	0.6435662813257004	0.7597475963030778
190.152076038019	0.642719635197284	0.7602121543716587
190.28514257128563	0.6425728382221254	0.7619668060776708
190.41820910455226	0.6437765138554091	0.7617550175132406
190.55127563781892	0.6443845257032954	0.7615856281410964
190.68434217108555	0.6434814973051963	0.7612425757063613
190.81740870435218	0.642848797122141	0.7610567778888969
190.9504752376188	0.6445405372968322	0.7612049224792283
191.08354177088543	0.6449995957830141	0.7602839575430662
191.21660830415206	0.6447508346232744	0.760365165585728
191.34967483741872	0.6446890955241452	0.7595334787371267
191.48274137068535	0.64546969163265	0.7586121411814497
191.61580790395197	0.6449612727558108	0.7583330458805089
191.7488744372186	0.6462984079903813	0.7571631478081956
191.88194097048523	0.6456317292853196	0.756834589202156
192.01500750375186	0.6449389749610639	0.757398645592311
192.14807403701852	0.6459471974251931	0.7585602120540281
192.28114057028515	0.6464974680525297	0.759519770687706
192.41420710355177	0.6478658316116481	0.7603537157192278
192.5472736368184	0.6479916311949474	0.7595300423740352
192.68034017008503	0.6472061944085984	0.7587472095403767
192.81340670335166	0.6477730882706736	0.7568348609051002
192.94647323661832	0.6484790157440085	0.7572955077922016
193.07953976988495	0.6488896133309866	0.7565048470795805
193.21260630315157	0.647814379828916	0.7565946401628917
193.3456728364182	0.6480648610731472	0.7574637254875328
193.47873936968483	0.6484366557551546	0.757331952940151
193.61180590295146	0.6476640940102041	0.7575967006212625
193.74487243621812	0.6475412278877053	0.7586219706036202
193.87793896948475	0.6475399767059757	0.7583349072619
194.01100550275137	0.6473547174181623	0.7595463911106309
194.144072036018	0.6483900461789603	0.7605712624150653
194.27713856928463	0.64898977250025	0.7599178503644819
194.41020510255126	0.6488581118498552	0.7602916211060872
194.54327163581792	0.6487015564150324	0.7608342463890199
194.67633816908454	0.648422058178733	0.7594622238160882
194.80940470235117	0.6485141076773577	0.759468995791689
194.9424712356178	0.6483214660246669	0.7594150750676664
195.07553776888443	0.6482910729400425	0.7592559587693433
195.20860430215106	0.6479651102240394	0.760492301021244
195.34167083541772	0.6483520330842193	0.7605875729600358
195.47473736868434	0.6479506714587618	0.7597009669950687
195.60780390195097	0.6476476357180987	0.7605404926881227
195.7408704352176	0.6480613745535794	0.7619114244293002
195.87393696848423	0.6481573919922113	0.7606897988532686
196.00700350175086	0.6477860199994921	0.7599831251600074
196.14007003501752	0.6475774146992692	0.7613220440832891
196.27313656828414	0.646843093155713	0.761437734246674
196.40620310155077	0.6478853573785035	0.7615400800997647
196.5392696348174	0.6488801176500584	0.7600828527994588
196.67233616808403	0.648022650025121	0.7600812039969156
196.80540270135066	0.6479486320227448	0.758974873987481
196.93846923461732	0.6484480208135255	0.7590444409463531
197.07153576788394	0.648696779562591	0.7593416869590695
197.20460230115057	0.6490706508311099	0.7594172834204628
197.3376688344172	0.6493218932094339	0.759083234457806
197.47073536768383	0.6493805098277307	0.7580562638585394
197.60380190095046	0.6506705848355785	0.757869341048643
197.73686843421712	0.6510295276151984	0.7582223253061464
197.86993496748374	0.6500154597970552	0.7583464197324618
198.00300150075037	0.6505050792397915	0.7576631301933441
198.136068034017	0.6510680603598455	0.7575207912585865
198.26913456728363	0.6511474083379719	0.7583733052603971
198.40220110055026	0.6520153088035108	0.7580924996566545
198.53526763381691	0.6515452632357197	0.7591947596281736
198.66833416708354	0.6519499198152702	0.7599110892595069
198.80140070035017	0.6511051232288075	0.7596776569693531
198.9344672336168	0.6517828637888848	0.7608184597296105
199.06753376688343	0.6527918058507778	0.7613092615406534
199.20060030015006	0.652978354588335	0.7607764563582174
199.33366683341671	0.6518163590392674	0.7610538430247876
199.46673336668334	0.6528163752500203	0.7613971790506611
199.59979989994997	0.6531597451811025	0.7613295668196273
199.7328664332166	0.6537053093513605	0.7603573290944624
199.86593296648323	0.6542312144899065	0.7601702725636087
199.99899949974986	0.654259939585238	0.7605937823455043
200.1320660330165	0.6535306266293543	0.7604954385113314
200.26513256628314	0.6535217834615498	0.760959760346989
200.39819909954977	0.6536337673478771	0.7615025737181652
200.5312656328164	0.6552144570092401	0.761038830927603
200.66433216608303	0.6554403681448048	0.7606976805599031
200.79739869934966	0.6561138082956018	0.760675657440835
200.9304652326163	0.6554181202651649	0.7607031330946895
201.06353176588294	0.6557695526133089	0.7602483924755399
201.19659829914957	0.6564118866954524	0.7602328950395079
201.3296648324162	0.6565651361906591	0.759155748033775
201.46273136568283	0.6564288860132348	0.7573235307211056
201.59579789894946	0.6561048744240799	0.758003841475771
201.7288644322161	0.6552047424836487	0.7578091436708281
201.86193096548274	0.6559574378827157	0.7576853318161654
201.99499749874937	0.6560548216028943	0.7568049296319759
202.128064032016	0.6563626372028037	0.7562554889511346
202.26113056528263	0.6560341949084748	0.7561954163183757
202.39419709854926	0.6549939841798496	0.7567928982296067
202.5272636318159	0.654357922563907	0.7559789287747043
202.66033016508254	0.6548009284283711	0.754902334438905
202.79339669834917	0.6547410780267799	0.7560897022579897
202.9264632316158	0.6552248491321175	0.7578998279497796
203.05952976488243	0.6549949824248832	0.7579172634137259
203.19259629814906	0.6551415457477798	0.7587716875172608
203.3256628314157	0.6544342183775519	0.7591900996051776
203.45872936468234	0.6540823957375231	0.7602858609417745
203.59179589794897	0.6543475039916485	0.7602410957478677
203.7248624312156	0.653580065859105	0.7599806388786485
203.85792896448223	0.6529470686366502	0.7604482070490929
203.99099549774886	0.6524976950507058	0.761078358575432
204.1240620310155	0.6529700653632843	0.7603134971722639
204.25712856428214	0.6533239032690252	0.7605009357190838
204.39019509754877	0.6518053635190536	0.760601159161526
204.5232616308154	0.6523625166581392	0.7624435158702357
204.65632816408203	0.6522497264137621	0.762977321468151
204.78939469734868	0.6528096175362911	0.7622557395164316
204.9224612306153	0.6521197965138824	0.7618681157222403
205.05552776388194	0.6513911143732546	0.7630205629869891
205.18859429714857	0.6512167130739128	0.7633886126678393
205.3216608304152	0.6501465278649724	0.7642161320477634
205.45472736368183	0.6492538087873841	0.7631462672577807
205.58779389694848	0.6507589438597212	0.7633677180517836
205.7208604302151	0.6508318140704403	0.7644938460334435
205.85392696348174	0.6517100316674991	0.7648199569867077
205.98699349674837	0.6511010412870417	0.7652056489187241
206.120060030015	0.6504092177747851	0.7639824933912145
206.25312656328163	0.6502667522068039	0.7631791440612097
206.38619309654828	0.6498211295530267	0.7616278693649287
206.5192596298149	0.6499274427587756	0.762392262733415
206.65232616308154	0.6502579074762924	0.7622510420018704
206.78539269634817	0.6507713433411435	0.7609767391604167
206.9184592296148	0.6514365436228912	0.7593705178909261
207.05152576288143	0.6518498408966371	0.7603020824530707
207.18459229614808	0.6518926662440784	0.7605377338835722
207.3176588294147	0.6515219617329182	0.7591961178905448
207.45072536268134	0.652137989345474	0.7589661846905145
207.58379189594797	0.6524854727611105	0.7596005568703582
207.7168584292146	0.6521181247740768	0.7584568827158312
207.84992496248123	0.6524529039568787	0.7583172868124586
207.98299149574788	0.6518374142461892	0.7591824351263093
208.1160580290145	0.6510042210282743	0.7589949934784107
208.24912456228114	0.6516144979275739	0.7590628110472158
208.38219109554777	0.650919173864541	0.757421651073868
208.5152576288144	0.65102597029636	0.7578709389783141
208.64832416208102	0.6509745285025007	0.757282909290567
208.78139069534768	0.6510247845769862	0.7569968019296461
208.9144572286143	0.651268925484289	0.7571191833520045
209.04752376188094	0.6510038321413086	0.7573425008860308
209.18059029514757	0.6513002016458476	0.7559772644171664
209.3136568284142	0.6516476410406613	0.7560084172570463
209.44672336168082	0.6521835128328685	0.7562097729515825
209.57978989494748	0.6530273118791393	0.7551285552608329
209.7128564282141	0.6518431860083008	0.755976090427219
209.84592296148074	0.6516795239414166	0.7559129726277217
209.97898949474737	0.6525920325110693	0.7559951664554377
210.112056028014	0.652627557267696	0.7562551761484982
210.24512256128062	0.6514912903799474	0.7566453065637319
210.37818909454728	0.6516641802632901	0.7546108623486255
210.5112556278139	0.6529147379440265	0.7543012223458478
210.64432216108054	0.6528921442657387	0.7542220698559314
210.77738869434717	0.653199144663773	0.7535499606084828
210.9104552276138	0.6527802751560621	0.7554539999146654
211.04352176088042	0.6529816089359979	0.7559802663526617
211.17658829414708	0.6525296739758014	0.7583873397814088
211.3096548274137	0.6527270332123147	0.7589848966193609
211.44272136068034	0.6529497542896566	0.7589721370436115
211.57578789394697	0.6534611030833496	0.7585933882709072
211.7088544272136	0.6539755712726304	0.7580882651346909
211.84192096048022	0.6552111889487485	0.7581721583421913
211.97498749374688	0.6544729222139545	0.7563104986493321
212.1080540270135	0.6545419285886742	0.757176105630077
212.24112056028014	0.653926980314913	0.7562792131279379
212.37418709354677	0.6532994317367092	0.7567383605813264
212.5072536268134	0.6524030281868161	0.757007031244719
212.64032016008002	0.6516755356536547	0.7577534226636488
212.77338669334668	0.6515242727127684	0.7586567283013188
212.9064532266133	0.6516609336695323	0.7589844737257198
213.03951975987994	0.6518483853453534	0.7589967580782966
213.17258629314657	0.6523815780569914	0.7576502352841146
213.3056528264132	0.6531282931370643	0.758059447929168
213.43871935967982	0.6531526088711211	0.7575419028027734
213.57178589294648	0.6533708595208447	0.7579890031042359
213.7048524262131	0.6527925856961607	0.759463779618715
213.83791895947974	0.6524439743342506	0.7603321580135418
213.97098549274637	0.6527495906369808	0.7602295128579609
214.104052026013	0.653184863384806	0.7602017861670902
214.23711855927962	0.6529054258140937	0.7607949267868973
214.37018509254628	0.6525448904287467	0.7606546307964668
214.5032516258129	0.6528273174743517	0.7614034192331862
214.63631815907954	0.6526710107313347	0.7613381357232394
214.76938469234616	0.6533609883227973	0.7611973326652893
214.9024512256128	0.6529621622750765	0.7619423415825592
215.03551775887942	0.6533811484660704	0.7612551068948188
215.16858429214608	0.6527288783291956	0.7619822918696115
215.3016508254127	0.6524412870711764	0.7619596457125584
215.43471735867934	0.6540412465292325	0.7603669373589843
215.56778389194596	0.6551019655974248	0.7617381340857463
215.7008504252126	0.6546100672892907	0.7623055485928437
215.83391695847922	0.6555479178602563	0.7625255375608117
215.96698349174588	0.6561454395420352	0.7613025662448833
216.1000500250125	0.6567477841398688	0.7600249670601188
216.23311655827914	0.6568671737281677	0.7588331543545006
216.36618309154576	0.6561058889768653	0.759334923613887
216.4992496248124	0.6570875924567395	0.7596907719756459
216.63231615807902	0.6556239561068841	0.7587117940775839
216.76538269134568	0.6553856608822651	0.7597874102617419
216.8984492246123	0.6543266928844326	0.7593568144742769
217.03151575787894	0.6548640831847616	0.7609155182021402
217.16458229114556	0.6540752597353003	0.7611311969141517
217.2976488244122	0.6540884930914775	0.7617112345833214
217.43071535767882	0.6539262850838518	0.7610959807017128
217.56378189094548	0.6538169247552887	0.7592619544225968
217.6968484242121	0.6548579277315594	0.7598791307016952
217.82991495747874	0.6554556158938556	0.7582205848258664
217.96298149074536	0.6561973841614119	0.7590612302377537
218.096048024012	0.6565395896096644	0.7591285534590861
218.22911455727862	0.6561458306966361	0.7596341163900954
218.36218109054528	0.6549526577090391	0.759344513037056
218.4952476238119	0.6548189396183426	0.7592201865497703
218.62831415707853	0.6543135683310535	0.7591979150353731
218.76138069034516	0.6535866595694917	0.7588000201511594
218.8944472236118	0.6537749863684575	0.7595187636477486
219.02751375687842	0.6533434704986033	0.7611370369064955
219.16058029014508	0.6519824828793144	0.7609590990901778
219.2936468234117	0.6516767759500451	0.7615560948464747
219.42671335667833	0.65223980274082	0.7617192943416334
219.55977988994496	0.6520301044523864	0.7618338791027757
219.6928464232116	0.6525114554195113	0.7616122022175811
219.82591295647822	0.6526671141977768	0.7617277406121569
219.95897948974488	0.6529837000370947	0.7624580623423349
220.0920460230115	0.6526482170124079	0.76230501746121
220.22511255627813	0.6536933873236433	0.7632675129650929
220.35817908954476	0.6539345148398354	0.7634674490759638
220.4912456228114	0.6543846172035848	0.7630957125187128
220.62431215607802	0.655155298090261	0.7634907166967763
220.75737868934468	0.6552802964092865	0.7636585840124916
220.8904452226113	0.6549113984514772	0.7623470972962404
221.02351175587793	0.6558529390809877	0.762496029260798
221.15657828914456	0.6555361525102221	0.7634670741847316
221.2896448224112	0.6556528653291731	0.7634060362350058
221.42271135567785	0.6554639462800075	0.7645402279098453
221.55577788894448	0.6558655620717034	0.7645817329244877
221.6888444222111	0.6556338330136033	0.7644128742266818
221.82191095547773	0.6547224393586955	0.7637854028395928
221.95497748874436	0.6551727378911569	0.7647561547682178
222.088044022011	0.6552091690739601	0.7644629994600701
222.22111055527765	0.6553578492301014	0.764364789754772
222.35417708854428	0.6553730320117905	0.7641048302732873
222.4872436218109	0.6564228147303354	0.7646567211695118
222.62031015507753	0.6550917298355389	0.7657276365559706
222.75337668834416	0.6540664603961384	0.7651736293739421
222.8864432216108	0.6536324652255787	0.7652520868310851
223.01950975487745	0.6534981232709998	0.7644417699034003
223.15257628814408	0.653929341948894	0.7644233812457327
223.2856428214107	0.6544355458751325	0.7649176425641232
223.41870935467733	0.6548628129448053	0.7647951076906914
223.55177588794396	0.6553688726634573	0.7650022018507061
223.6848424212106	0.6565291003706225	0.7650186783280405
223.81790895447725	0.657627350496435	0.7643189528187446
223.95097548774388	0.6575201976100026	0.7643731645009337
224.0840420210105	0.6573678642474208	0.7642784254031895
224.21710855427713	0.6580523768293884	0.7637238511720014
224.35017508754376	0.6581301059647745	0.7630816162372915
224.4832416208104	0.6575389867484036	0.7619305569620175
224.61630815407705	0.6562414788471239	0.7619336300611547
224.74937468734367	0.6565031024330096	0.7610254388562626
224.8824412206103	0.6576894466407346	0.7604806019099737
225.01550775387693	0.6557663333351323	0.7614937126631952
225.14857428714356	0.6571292847089762	0.7606305876342385
225.2816408204102	0.6564891212542474	0.7605982046351507
225.41470735367685	0.6577833635666182	0.760899936966379
225.54777388694347	0.6578405854283993	0.7619910938145057
225.6808404202101	0.6572010879984842	0.7626449244684279
225.81390695347673	0.6576085958023372	0.7619463152214406
225.94697348674336	0.6572790127387449	0.7614699026716549
226.08004002001	0.657582355184462	0.7617736836943779
226.21310655327665	0.6573965981929375	0.7615278568473499
226.34617308654327	0.6582136706559178	0.7611131540008
226.4792396198099	0.658009854192599	0.7604602511472002
226.61230615307653	0.658223244719603	0.7612465247780885
226.74537268634316	0.6584622350459431	0.7619539215179596
226.8784392196098	0.6581578671202527	0.7629438821543612
227.01150575287645	0.6575239873091219	0.7619899191057815
227.14457228614307	0.6572564139854125	0.7606449965056884
227.2776388194097	0.6571589309624343	0.7600431901625969
227.41070535267633	0.6578261045227782	0.7599782334897488
227.54377188594296	0.6576517354076541	0.7590974385709239
227.6768384192096	0.6567983036587833	0.7588506294897835
227.80990495247624	0.6576034129336432	0.7592408085498579
227.94297148574287	0.657007090972863	0.7592294661219358
228.0760380190095	0.6574835100067632	0.7581181086670387
228.20910455227613	0.6576096071385448	0.7587961968540823
228.34217108554276	0.6573787850169139	0.7600955050078175
228.4752376188094	0.6578352707078025	0.7592323379382179
228.60830415207604	0.6588235345665304	0.7591130956566869
228.74137068534267	0.6574981632994074	0.7602876682396288
228.8744372186093	0.6563958863790808	0.7617444982851385
229.00750375187593	0.6560915794983734	0.7617053267150834
229.14057028514256	0.6562338577352461	0.7619982589314255
229.2736368184092	0.6554337784866219	0.7623208402124051
229.40670335167584	0.6551866301590028	0.7630931783020901
229.53976988494247	0.6553654359625151	0.7633591816860401
229.6728364182091	0.6550939311673349	0.7629077899860791
229.80590295147573	0.6558165012254924	0.7629887986405783
229.93896948474236	0.6566663271025703	0.7638732954123321
230.072036018009	0.6549045433148711	0.7627554883142439
230.20510255127564	0.6551199915892599	0.7628901185535344
230.33816908454227	0.6542341863019521	0.7626525900148855
230.4712356178089	0.6534276178697581	0.7619710760366323
230.60430215107553	0.6527145460349002	0.762313999157084
230.73736868434216	0.6533262613683029	0.7625429310298978
230.8704352176088	0.6532149018106973	0.7619650675166088
231.00350175087544	0.6545301213608518	0.7631437663087766
231.13656828414207	0.6552624443259273	0.7623663810878197
231.2696348174087	0.6549365879641921	0.7620967571737847
231.40270135067533	0.6557451574240866	0.7612948723513105
231.53576788394196	0.6552190592262448	0.761039121065574
231.6688344172086	0.6549916694428891	0.7608876017431238
231.80190095047524	0.6548137879939684	0.7604387313949116
231.93496748374187	0.6559012289245225	0.7601949886801671
232.0680340170085	0.6553297447484387	0.7607572659231434
232.20110055027513	0.6548848499237546	0.759906878344715
232.33416708354176	0.6557266760368761	0.7609310014155138
232.4672336168084	0.6553941760917007	0.7609601712752654
232.60030015007504	0.6558129673142258	0.7604525950849517
232.73336668334167	0.6556790789160817	0.7597977560502065
232.8664332166083	0.6560770888953446	0.7597901919620184
232.99949974987493	0.6573372285810793	0.7592214430513027
233.13256628314156	0.6577887656702712	0.7581317761136537
233.26563281640819	0.6582629726271024	0.7576743187863308
233.39869934967484	0.6580004564234339	0.7575584935209567
233.53176588294147	0.6571325109296432	0.757794118368161
233.6648324162081	0.6574540352373748	0.7584797081448299
233.79789894947473	0.6573708465888487	0.759306225970422
233.93096548274136	0.6570311708357764	0.758117777921274
234.06403201600799	0.6553151488526778	0.7579857980180299
234.19709854927464	0.6547128984421422	0.7569058932381217
234.33016508254127	0.6556663588827194	0.7572275947318895
234.4632316158079	0.6562834232227078	0.7585796433861571
234.59629814907453	0.6559042201556043	0.7585505810730977
234.72936468234116	0.6557584467522002	0.758111077698565
234.86243121560778	0.6556258952384695	0.7591228658567885
234.99549774887444	0.6557734503358951	0.7590456804414146
235.12856428214107	0.6548679446951587	0.7594120184658585
235.2616308154077	0.6549675365698159	0.7599731265948686
235.39469734867433	0.6552716703278227	0.760091564603061
235.52776388194096	0.6559837431788595	0.7591936214610173
235.66083041520758	0.6563756840158999	0.7597226848814614
235.79389694847424	0.6569271207217564	0.7600054527650927
235.92696348174087	0.6580107001559176	0.7605859312793478
236.0600300150075	0.658519397971151	0.7603321180733353
236.19309654827413	0.6581952980215388	0.7600885928542186
236.32616308154076	0.6575400250190744	0.7610944699464132
236.45922961480738	0.6561188975963971	0.760628099739831
236.59229614807404	0.6560829765964136	0.7600619532352095
236.72536268134067	0.656755084686045	0.761372605959254
236.8584292146073	0.6559665876391866	0.7611092972421343
236.99149574787393	0.655899536455653	0.7609131462251563
237.12456228114056	0.656443474026108	0.7607115167365406
237.25762881440718	0.6553954005692112	0.7607086946761448
237.39069534767384	0.655201568648612	0.7610864148572867
237.52376188094047	0.6562034858846704	0.7600923737261546
237.6568284142071	0.6563414268302729	0.7606317358647721
237.78989494747373	0.6563096030415858	0.7607683292892633
237.92296148074036	0.6564870493502242	0.7607522532793756
238.05602801400698	0.656570138536076	0.7605504933637657
238.18909454727364	0.6568065604186187	0.7597552107751244
238.32216108054027	0.6568811714696839	0.7593858823235073
238.4552276138069	0.6582265468996918	0.7589846286927057
238.58829414707353	0.6581733983402429	0.7603696473281265
238.72136068034015	0.6580081841308062	0.7601257188405732
238.8544272136068	0.6569171373273942	0.7596174557153403
238.98749374687344	0.6573199306225899	0.7593250815084269
239.12056028014007	0.6583286277067782	0.7596620707798024
239.2536268134067	0.6585625877493463	0.7593979762667958
239.38669334667333	0.657491300044772	0.7598980688965742
239.51975987993995	0.6573719953575448	0.7595982197712322
239.6528264132066	0.6559828071339443	0.7589386755408437
239.78589294647324	0.6568912693313254	0.7596215384178245
239.91895947973987	0.6578366936420266	0.758674475718598
240.0520260130065	0.6567471075587809	0.7587944341397055
240.18509254627313	0.6562958599396058	0.760209066170402
240.31815907953975	0.6567788051381326	0.7603030097409648
240.4512256128064	0.6567789852833688	0.7608988970779864
240.58429214607304	0.6567772628227236	0.7615993702763296
240.71735867933967	0.6564198544018363	0.7624130665193875
240.8504252126063	0.6540406775765913	0.7617983113081777
240.98349174587293	0.6541439566413381	0.7623255951908237
241.11655827913955	0.6535117149981536	0.762622869718576
241.2496248124062	0.652691315675412	0.7626943250528597
241.38269134567284	0.6532407034296804	0.761905793413848
241.51575787893947	0.6533850615489813	0.7618459119330776
241.6488244122061	0.6536719377909225	0.7631033442596851
241.78189094547272	0.6533262570376636	0.7633203963295953
241.91495747873935	0.654319364901201	0.7631875273375102
242.048024012006	0.6559321991875154	0.7632590934310085
242.18109054527264	0.6551939620299128	0.7631918564986635
242.31415707853927	0.6548198788305446	0.7639188240144379
242.4472236118059	0.6548362151045003	0.7651666104844057
242.58029014507252	0.6552666230701203	0.7656049929099404
242.71335667833915	0.6548466281581828	0.7675671010030278
242.8464232116058	0.653625080769749	0.7677406607524656
242.97948974487244	0.6535169701798627	0.7679248924675693
243.11255627813907	0.6540425719034738	0.7668284806413707
243.2456228114057	0.6543368831420081	0.7652313255559774
243.37868934467232	0.6543632456480541	0.7659883405887413
243.51175587793895	0.6554935655344174	0.7660050351865985
243.6448224112056	0.6537616977082137	0.7670493714899659
243.77788894447224	0.6543842357428199	0.7683594263474278
243.91095547773887	0.6533456299349774	0.7688628195169366
244.0440220110055	0.6541941831285711	0.7683316756084398
244.17708854427212	0.653737788960407	0.7671756301653334
244.31015507753875	0.6542484112027512	0.7673471466483239
244.4432216108054	0.6545666481108051	0.7672781936142858
244.57628814407204	0.6546767913623547	0.7669908448717059
244.70935467733867	0.6548134432258966	0.7677151008507955
244.8424212106053	0.6550658574307487	0.7670143006442327
244.97548774387192	0.6543001603058728	0.7661323863926498
245.10855427713855	0.6543049149133392	0.7647919029929027
245.2416208104052	0.6535084229369007	0.7638905828158129
245.37468734367184	0.6532752400847325	0.7633535900628674
245.50775387693847	0.65387675726969	0.7637718688498064
245.6408204102051	0.6534552398717247	0.762467341524493
245.77388694347172	0.6533608027504826	0.7620278220053215
245.90695347673835	0.6531428038130649	0.7621144045843302
246.040020010005	0.6532173341851669	0.7619342241888728
246.17308654327164	0.6534243310355621	0.7623334595850734
246.30615307653827	0.6547399760461492	0.7614104732239374
246.4392196098049	0.6553140389155626	0.7602817488531395
246.57228614307152	0.6565488170586292	0.7602042493208286
246.70535267633815	0.6571029466103686	0.7600822424002786
246.8384192096048	0.6569150190944604	0.7608237466031627
246.97148574287144	0.6572486983129006	0.7604186538311565
247.10455227613807	0.656901893835314	0.7607748701596272
247.2376188094047	0.6569216140091301	0.7611311577841745
247.37068534267132	0.6571338563962611	0.7610262799415819
247.50375187593795	0.6567829464598421	0.7614207472721285
247.6368184092046	0.6575499677463552	0.7608533842020851
247.76988494247124	0.6582708726895155	0.760758895087462
247.90295147573786	0.6574488781981513	0.7604600395222855
248.0360180090045	0.657910383163157	0.7603824568531169
248.16908454227112	0.6573229514114037	0.7602785013824676
248.30215107553775	0.6575357111928898	0.760932890523308
248.4352176088044	0.6568391801544238	0.7621898682009292
248.56828414207104	0.6553463704404789	0.7618411220119269
248.70135067533766	0.6550752094548519	0.7624907145480738
248.8344172086043	0.6552558132067761	0.7623536601155417
248.96748374187092	0.6557727582816868	0.7619068606081989
249.10055027513755	0.6556449544956686	0.7612334210643633
249.2336168084042	0.6552203820316929	0.7618384951770414
249.36668334167084	0.6553938480701254	0.7609955989262669
249.49974987493746	0.6552048419769083	0.7611563356473271
249.6328164082041	0.6556967132106469	0.761446632967095
249.76588294147072	0.6553337398893508	0.7605460648558968
249.89894947473735	0.6561119974516808	0.7607302140900158
250.032016008004	0.6576871690691568	0.7612167281528419
250.16508254127064	0.6569948416253828	0.7601203991178018
250.29814907453726	0.6561824015112202	0.7593838941710146
250.4312156078039	0.6560508111121686	0.759578874758355
250.56428214107052	0.6550461599953497	0.7596694544944226
250.69734867433715	0.6553408690335614	0.7615578213776967
250.8304152076038	0.6555461916113343	0.7621077060278211
250.96348174087044	0.6554980496946866	0.7631537086469347
251.09654827413706	0.6549835356133723	0.7625956592495398
251.2296148074037	0.6542980137633277	0.7633603314408738
251.36268134067032	0.6531917465994296	0.7631154249615203
251.49574787393695	0.6532588278508322	0.7629328314818757
251.6288144072036	0.6537451192486535	0.7615279535799405
251.76188094047023	0.6536095432391221	0.7621623451369218
251.89494747373686	0.6536865459701375	0.7611301476067933
252.0280140070035	0.6544142281832308	0.7604425189166935
252.16108054027012	0.655121234281885	0.7603556932508136
252.29414707353675	0.6549212465384869	0.7617042501279206
252.4272136068034	0.6555795931005216	0.7616981353621227
252.56028014007003	0.6558214760074462	0.7612623015612746
252.69334667333666	0.6557680109580919	0.7595523715640992
252.8264132066033	0.6565097505416208	0.7597242296006625
252.95947973986992	0.6563322554691982	0.7586421011834642
253.09254627313655	0.6570291143120819	0.7588994517790414
253.2256128064032	0.6563801420514338	0.759437933731316
253.35867933966983	0.656841331721218	0.759382553305689
253.49174587293646	0.6565946662378908	0.7595404049516006
253.6248124062031	0.6570417309876011	0.7597671572585749
253.75787893946972	0.6573687738752102	0.7592011648206023
253.89094547273635	0.6564432662611299	0.7592281211170236
254.024012006003	0.6572329634655597	0.7594848831534903
254.15707853926963	0.6574154464076545	0.7589078665122333
254.29014507253626	0.656563064312813	0.7597761284654045
254.4232116058029	0.6568110456582835	0.7592993242582049
254.55627813906952	0.6572311057913326	0.7582452499218703
254.68934467233615	0.6577161255203585	0.7585557951795694
254.8224112056028	0.6573782582040658	0.7590338772593499
254.95547773886943	0.6572602457630903	0.7593017243230614
255.08854427213606	0.6571107376789733	0.7597491050533036
255.2216108054027	0.6575421757935214	0.7602386371694464
255.35467733866932	0.6573198115908164	0.7591081185782721
255.48774387193595	0.6586516963339848	0.7589255993248912
255.6208104052026	0.658872212159146	0.7589602890215396
255.75387693846923	0.659158161342328	0.7582253976752024
255.88694347173586	0.6598612949944967	0.7593844607838613
256.0200100050025	0.6604126484043747	0.7601434039361779
256.15307653826915	0.660122379905669	0.7584028356245958
256.2861430715358	0.6591688324968298	0.7584816361760754
256.4192096048024	0.6596247989232782	0.7582487959241025
256.55227613806903	0.6598825055148678	0.7579294815426141
256.68534267133566	0.6599295431170549	0.7584116757691532
256.8184092046023	0.6592460249959073	0.7578624136074593
256.9514757378689	0.6600218442761945	0.7592461087022717
257.08454227113555	0.6598909370199431	0.7594929488325192
257.2176088044022	0.6592723415427132	0.7585563147115063
257.3506753376688	0.6598149657926811	0.7586972097684137
257.4837418709355	0.6608873020123297	0.7589327596803256
257.6168084042021	0.6618273612990936	0.7580571829274162
257.74987493746875	0.6605397095136701	0.7584746408056854
257.8829414707354	0.6605429189253997	0.7581119516789767
258.016008004002	0.6604617366472952	0.7600347286974679
258.14907453726863	0.6596608182705269	0.7595361352112323
258.28214107053526	0.659618872380771	0.7594197796710099
258.4152076038019	0.6596491906141103	0.7595686560456215
258.5482741370685	0.6593900740853176	0.7603639148043143
258.68134067033515	0.6589513392646671	0.7615555463617708
258.8144072036018	0.6584582316470031	0.7615342545158632
258.9474737368684	0.6582168627387799	0.7616063064595829
259.0805402701351	0.6580107484844484	0.7618908598113598
259.2136068034017	0.6592918571089476	0.7610401452095529
259.34667333666835	0.6592959076713457	0.7608089527903703
259.479739869935	0.6593364526974543	0.7616571980500406
259.6128064032016	0.6590977611235831	0.7622260905673769
259.74587293646823	0.6591476040302997	0.7613736847089952
259.87893946973486	0.6595413343558506	0.7625146705959563
260.0120060030015	0.6587698918346505	0.7632129368312356
260.1450725362681	0.6589938315168851	0.7630677559236816
260.27813906953475	0.6588278913009141	0.7640000420483466
260.4112056028014	0.657506308689679	0.7637652077436631
260.544272136068	0.6580622300609595	0.7641220250092259
260.6773386693347	0.6579256628889255	0.7631504045160764
260.8104052026013	0.6576156455057365	0.7620916479525021
260.94347173586794	0.6569615768353444	0.7622040138295889
261.0765382691346	0.656086772971289	0.7629104353046686
261.2096048024012	0.6564393082449889	0.7633235771439342
261.34267133566783	0.6574406624889217	0.7630561800728298
261.47573786893446	0.6578014976984717	0.7634488679352234
261.6088044022011	0.6584346151776692	0.7634597511551015
261.7418709354677	0.6592626917713086	0.7630844691817845
261.87493746873434	0.6592270343887721	0.7626890414314638
262.008004002001	0.6591818760122067	0.7621283637464493
262.1410705352676	0.6589419122097968	0.7624519967830329
262.2741370685343	0.6585443789561894	0.7624673539768002
262.4072036018009	0.6585686033886955	0.7613883263556447
262.54027013506754	0.6599063200967739	0.7607107202986388
262.6733366683342	0.6592108376919771	0.7605631254699792
262.8064032016008	0.6592658543572862	0.7593465533845417
262.93946973486743	0.6594642527537529	0.7589635625560457
263.07253626813406	0.6596736102211654	0.758944146250982
263.2056028014007	0.6586773457212047	0.7607498099679258
263.3386693346673	0.6589086008809716	0.7596714479342243
263.47173586793394	0.6590329730467769	0.7610654593829747
263.6048024012006	0.6578570732546998	0.7622824209015294
263.7378689344672	0.6578760425260053	0.761314034798333
263.8709354677339	0.6569732832110698	0.7608262709961513
264.0040020010005	0.6564576637104697	0.7599325424108105
264.13706853426714	0.6566286184216483	0.7606224423386995
264.2701350675338	0.6575588813771466	0.7590569796400088
264.4032016008004	0.657720925603705	0.758669805265675
264.53626813406703	0.6572328215724573	0.7586523848572735
264.66933466733366	0.6574719708936744	0.7577869622218891
264.8024012006003	0.658202934297769	0.7583120028829399
264.9354677338669	0.6585606250476292	0.7589165144737635
265.06853426713354	0.6582512042021632	0.7580949219387916
265.2016008004002	0.6580082501038781	0.759265718657224
265.3346673336668	0.6575188432078202	0.7596015183927285
265.4677338669335	0.657633040334302	0.7593808209340069
265.6008004002001	0.6553942503806526	0.758980921944498
265.73386693346674	0.6567645061484084	0.7594904427715565
265.86693346673337	0.657718510097981	0.7589594296742804
266.0	0.658250276854928	0.758671096345515
