0.0	0.0	0.0
0.1330665332666333	-3.5639683301863235e-09	2.220102637959742e-05
0.2661330665332666	6.662582234941463e-05	0.00019957942756787826
0.39919959979989994	0.00035489762714964863	0.0005767310654361218
0.5322661330665333	0.0007317340997467984	0.0012637001217769958
0.6653326663331666	0.0012642174597479454	0.0018847553849163728
0.7983991995997999	0.002084422069480735	0.002904063027275461
0.9314657328664332	0.0029494179788877913	0.0035683221529854473
1.0645322661330665	0.0040791200097063576	0.004455841975215644
1.1975987993997	0.004876752212612247	0.0056098889312530854
1.3306653326663331	0.006008140236823251	0.007071360137131344
1.4637318659329663	0.0070254066586528715	0.008023276905224518
1.5967983991995998	0.0077121617003810886	0.009266066276705084
1.7298649324662332	0.008576949126435238	0.01055050194151215
1.8629314657328664	0.009442458743629253	0.011634409003286286
1.9959979989994996	0.010526986000646965	0.012634498492982106
2.129064532266133	0.011213557144063049	0.01427723914234748
2.2621310655327664	0.012234631287120707	0.015916828243538822
2.3951975987994	0.013164575226070209	0.017645217311752667
2.528264132066033	0.014208025451039932	0.0193309494814102
2.6613306653326663	0.015313760558989153	0.02125807150603773
2.7943971985992997	0.016019624055177793	0.022874734293799673
2.9274637318659327	0.016800816717784793	0.024853687345803562
3.060530265132566	0.018131704512156895	0.027200071281972937
3.1935967983991995	0.019009690564487074	0.02894535716795658
3.326663331665833	0.01952282755479851	0.030699271787698254
3.4597298649324664	0.020588602982142053	0.03262601411477662
3.5927963981990994	0.021292374070192445	0.03440052048548072
3.7258629314657328	0.02186842889309383	0.036599708466869565
3.858929464732366	0.0225144923457627	0.03890250895326017
3.991995997998999	0.023354299422201505	0.04112086224809393
4.125062531265633	0.02393261240235136	0.04369590356569473
4.258129064532266	0.02493124252632633	0.046238249036983606
4.391195597798899	0.02561453396324805	0.04831691222015345
4.524262131065533	0.02634632255358891	0.05051771334882013
4.657328664332166	0.026988212714035575	0.05315944304097087
4.7903951975988	0.027675417431336845	0.055885983828388455
4.923461730865433	0.02829423593248582	0.05860750989182532
5.056528264132066	0.0288706692730633	0.06102087007667528
5.1895947973986996	0.029538749659079443	0.06364258740101417
5.3226613306653325	0.030218330873164397	0.06643078748215417
5.4557278639319655	0.03046256244293375	0.06907735686807003
5.588794397198599	0.031133044634962567	0.07237685106389163
5.721860930465232	0.031729352006328385	0.07477489218852292
5.854927463731865	0.03237292386002792	0.07715997538570275
5.987993996998499	0.03294561577616889	0.08027025961845344
6.121060530265132	0.03343563898039939	0.08311318035247069
6.254127063531766	0.034195407477126405	0.0855359605331197
6.387193596798399	0.034986273406037674	0.08878659465553358
6.520260130065032	0.03542757188902928	0.09203332443560967
6.653326663331666	0.03609854016691778	0.09501007476664218
6.786393196598299	0.03685191578295024	0.09848859939991186
6.919459729864933	0.037462220669256203	0.10123486053528143
7.052526263131566	0.03770676509217532	0.103616439970451
7.185592796398199	0.03821636272507151	0.106705809279811
7.318659329664833	0.03843427518002317	0.10957760274588939
7.4517258629314655	0.03881609602991592	0.11225255546050535
7.5847923961980985	0.03914036480358478	0.1150730728154334
7.717858929464732	0.03932794064986211	0.11916482270483696
7.850925462731365	0.040110974070655434	0.12265923621997252
7.983991995997998	0.04072789890011455	0.12548735572476022
8.117058529264632	0.04141413807873167	0.12844825743861407
8.250125062531266	0.04194364280291165	0.13162519575248283
8.383191595797898	0.042520184670779004	0.13403044050990653
8.516258129064532	0.043003830445098895	0.1366978384717127
8.649324662331166	0.04337644893918477	0.1392347599843386
8.782391195597798	0.04356794988522714	0.1417128376045525
8.915457728864432	0.0436400924635498	0.14478563116039062
9.048524262131066	0.04419291501049425	0.14725196157117365
9.181590795397698	0.04514562042630913	0.1507832161488679
9.314657328664332	0.04565325990998628	0.1542110939228728
9.447723861930966	0.04582251536457022	0.1564715398014863
9.5807903951976	0.046571051002497234	0.15805342766938446
9.713856928464232	0.04662795458848373	0.16044859003526557
9.846923461730865	0.047159341246528916	0.16284710485789824
9.9799899949975	0.04778676133723123	0.1647420907130158
10.113056528264131	0.04791357711127895	0.16697516351287806
10.246123061530765	0.048278872319878666	0.16994530233165994
10.379189594797399	0.04874511151169516	0.17178074449010783
10.512256128064031	0.049158599488565505	0.17454684424366282
10.645322661330665	0.04945476109578851	0.1765061149844747
10.778389194597299	0.04995181602414372	0.1777031899420325
10.911455727863931	0.04990574171051487	0.17997002918590307
11.044522261130565	0.050291094460145326	0.18150871527408624
11.177588794397199	0.05060998919990754	0.18346956353688515
11.31065532766383	0.051370005764039925	0.18521116898337917
11.443721860930465	0.05181558445771369	0.18691238608907182
11.576788394197099	0.05189070569854972	0.1887184044057092
11.70985492746373	0.05183065185819937	0.19107544939370597
11.842921460730365	0.052035127932060866	0.19186825503422528
11.975987993996998	0.052266995011599114	0.19364394424717052
12.109054527263632	0.05284962720312465	0.1961481421172538
12.242121060530264	0.05325804794159987	0.19740587852623778
12.375187593796898	0.05344914417928347	0.1989024686315514
12.508254127063532	0.053614764386917126	0.20179716286866003
12.641320660330164	0.05403532252664821	0.2027542875948176
12.774387193596798	0.05430542478352499	0.20442051972679723
12.907453726863432	0.054763185580898356	0.2056999963258281
13.040520260130064	0.05492488514021755	0.20684267811522555
13.173586793396698	0.05532461221074681	0.20830960877282703
13.306653326663332	0.05509390443871637	0.20971180205199635
13.439719859929964	0.055801999890356474	0.21127431038251154
13.572786393196598	0.05619053956965639	0.2126280083172067
13.705852926463232	0.056644730793595076	0.21440165706448674
13.838919459729865	0.056737317565543864	0.21489489989348873
13.971985992996498	0.05728165843357242	0.21672891037985448
14.105052526263131	0.05761855803866104	0.2179872810486607
14.238119059529765	0.058004915940334335	0.2186024819292251
14.371185592796397	0.05876729407680857	0.21878586752108378
14.504252126063031	0.05849771158431164	0.21913975397298627
14.637318659329665	0.059053277332712796	0.22032107713581098
14.770385192596297	0.05933160989906178	0.2209599622877491
14.903451725862931	0.059726653643691965	0.22172010093642666
15.036518259129565	0.05993363689086616	0.2229983161488365
15.169584792396197	0.060492734760716156	0.22420409903438188
15.302651325662831	0.06089261213885521	0.22524322373527486
15.435717858929465	0.06141410650918453	0.22593747423613908
15.568784392196097	0.061509663514666975	0.22557208064714196
15.70185092546273	0.061648868009572415	0.22608416433250347
15.834917458729365	0.06177580591574154	0.22713094954379276
15.967983991995997	0.061874011645036114	0.2276118522269883
16.101050525262632	0.062160215660676234	0.2284412259862848
16.234117058529264	0.06226877988451516	0.22910153696982855
16.367183591795897	0.0624922334933822	0.23001277689855942
16.500250125062532	0.06256878181435	0.23105396665133557
16.633316658329164	0.06265452969157292	0.23168306811228895
16.766383191595796	0.06307701636826289	0.2323724414762264
16.899449724862432	0.06329612501586407	0.2318550971950484
17.032516258129064	0.06381053474661219	0.23253916248153572
17.165582791395696	0.0645069937068247	0.23263356080984704
17.298649324662332	0.06482554065177293	0.23351027424285378
17.431715857928964	0.06515755942500918	0.2338446471511717
17.564782391195596	0.0653982738189815	0.2346835161185734
17.69784892446223	0.06569189870924816	0.23629602896944485
17.830915457728864	0.06599581972250614	0.23772368318679243
17.963981990995496	0.06619541880812901	0.2385221600327764
18.09704852426213	0.06637948865485467	0.23808834270158763
18.230115057528764	0.06631679954441777	0.23936185194133763
18.363181590795396	0.06655096977991595	0.23924316373775115
18.49624812406203	0.06680091711027787	0.23971474436098522
18.629314657328663	0.06709252698717151	0.240161146446063
18.762381190595296	0.06718615768630526	0.24004324775927377
18.89544772386193	0.06787501706690097	0.24048291903687252
19.028514257128563	0.0681056687543983	0.24155391536335774
19.1615807903952	0.06855684213743037	0.24233450611007296
19.29464732366183	0.06869357523390143	0.24316766659825675
19.427713856928463	0.06853498841570893	0.24401045412895384
19.5607803901951	0.06882595498129986	0.2442172909183604
19.69384692346173	0.06887756928727773	0.24401731734202195
19.826913456728363	0.06927831577624131	0.24460111147187275
19.959979989995	0.06940613895655483	0.24508532824817103
20.09304652326163	0.06969487727815221	0.24452370991619046
20.226113056528263	0.06982524929837906	0.2444228535079429
20.3591795897949	0.07018359691880154	0.24471101643999654
20.49224612306153	0.07064984412979668	0.2446233633210994
20.625312656328163	0.07073179766748178	0.24412879243994856
20.758379189594798	0.07097686666188893	0.24389545063256302
20.89144572286143	0.07111707509096787	0.244108785100514
21.024512256128062	0.07150098511499305	0.24453796080875617
21.157578789394698	0.07172784521228727	0.24483707572170887
21.29064532266133	0.07197529523713028	0.24569654829812632
21.423711855927962	0.07249548542369197	0.2460094982857596
21.556778389194598	0.07269826905210669	0.2468096102021957
21.68984492246123	0.07329704697037522	0.24812805094504387
21.822911455727862	0.0737234167744717	0.24869879152728885
21.955977988994498	0.07384891293648196	0.24870040648922098
22.08904452226113	0.07436465671505824	0.24859585947748858
22.222111055527762	0.07458895829580003	0.24851066185609755
22.355177588794398	0.0749563373161214	0.24886697891229437
22.48824412206103	0.0754698652751975	0.24838422561827683
22.62131065532766	0.07535571926445461	0.24878727486758312
22.754377188594297	0.0756524554792953	0.24891287510192725
22.88744372186093	0.07569157914524768	0.24895300347974864
23.02051025512756	0.07586036052115117	0.2500182405225519
23.153576788394197	0.07591027900684055	0.2507820478704187
23.28664332166083	0.0764745941408673	0.2510223328714013
23.41970985492746	0.07668822488400107	0.2511722742988741
23.552776388194097	0.07688223998330508	0.25134746044097417
23.68584292146073	0.0772634373492103	0.2517123584558748
23.818909454727365	0.07759678476201057	0.25165572448736134
23.951975987993997	0.07796699959823453	0.2516579833452076
24.08504252126063	0.07806423426796695	0.2522296467577886
24.218109054527265	0.07800020876656047	0.25244021606652456
24.351175587793897	0.07845474023538031	0.25200502762169347
24.48424212106053	0.07895896757719625	0.25144250639811233
24.617308654327164	0.07927687599795313	0.2519995705787914
24.750375187593797	0.07922565974314527	0.25277385151348775
24.88344172086043	0.07954961714724262	0.25308142329732647
25.016508254127064	0.08013092836432305	0.2538084675068314
25.149574787393696	0.08007207807826247	0.25386978919204173
25.28264132066033	0.08041857496498958	0.25456094040481686
25.415707853926964	0.08074748019880487	0.25513361702871634
25.548774387193596	0.08083095538721118	0.25536770272053205
25.68184092046023	0.0810131579288269	0.2555402328273847
25.814907453726864	0.08114072772299731	0.2548395825189495
25.947973986993496	0.08119097982297697	0.2553051838330982
26.081040520260128	0.08128175263913644	0.255016927697177
26.214107053526764	0.08185245264134483	0.25602256177151084
26.347173586793396	0.08195957587037465	0.2568147264011075
26.480240120060028	0.08237674249294723	0.2566835301894547
26.613306653326664	0.08303540957819265	0.2567448773801878
26.746373186593296	0.08300888073664864	0.2570655382696246
26.879439719859928	0.08347482240603628	0.25752057659370764
27.012506253126563	0.08363331004778018	0.25811916553082925
27.145572786393195	0.08355248261471672	0.2578711365885466
27.278639319659828	0.08354148662581	0.2575596343967617
27.411705852926463	0.08382830028151868	0.25755781168078806
27.544772386193095	0.08382404056232479	0.2572044351439791
27.67783891945973	0.08367102257887811	0.2576874064836548
27.810905452726363	0.08351305045758177	0.25847811995179965
27.943971985992995	0.0838638036300679	0.2587349405621697
28.07703851925963	0.08423191996154965	0.2584393096498377
28.210105052526263	0.08496946135073254	0.2588479440248587
28.343171585792895	0.0852128064800696	0.25893133643869626
28.47623811905953	0.08553492726268902	0.25945335222144345
28.609304652326163	0.0855304011260078	0.25966236275486493
28.742371185592795	0.08552042532014931	0.2603395060517739
28.87543771885943	0.08567395221280592	0.2603676623078674
29.008504252126063	0.08578693218893577	0.2607989085610701
29.141570785392695	0.08564541557445769	0.26056063171120075
29.27463731865933	0.08602369147084558	0.26081449751511376
29.407703851925962	0.0860382399748578	0.2605788374768955
29.540770385192594	0.08631718140997133	0.26064693516140774
29.67383691845923	0.08648987779263166	0.25999667382857855
29.806903451725862	0.08676735897814095	0.26005333389343493
29.939969984992494	0.08701780392739422	0.2606388235932631
30.07303651825913	0.08712107885333614	0.26153230525595783
30.206103051525762	0.08719993380478905	0.26159311141643815
30.339169584792394	0.08702316299942305	0.26204840289180087
30.47223611805903	0.08670362886697557	0.26221603839935764
30.605302651325662	0.08685788060639721	0.2620659489635416
30.738369184592294	0.08695897445487628	0.2626806899189487
30.87143571785893	0.08733062322231222	0.26279934408308303
31.00450225112556	0.08768633342390679	0.2623341998359994
31.137568784392194	0.08804968658193649	0.2624663240709185
31.27063531765883	0.08842479293730911	0.2628084228771556
31.40370185092546	0.08907747407271786	0.2624714775096152
31.536768384192094	0.08898192466770051	0.2625356296927508
31.66983491745873	0.08881854871556591	0.262773588222612
31.80290145072536	0.08898717170555846	0.2629866532905503
31.935967983991993	0.08891610516743907	0.2636186700909506
32.06903451725863	0.08880406683800803	0.2631529800268395
32.202101050525265	0.08926511024963654	0.26356074834733245
32.33516758379189	0.08936024973645751	0.2633419389021482
32.46823411705853	0.08992898477147784	0.26401682847280555
32.601300650325165	0.09051181445284662	0.26357760188229024
32.73436718359179	0.09097474964949846	0.2632625075019432
32.86743371685843	0.09094942684642	0.263300200011909
33.000500250125064	0.09127230148194124	0.2627927928553965
33.13356678339169	0.09092536233522061	0.263013763819524
33.26663331665833	0.09092144710240123	0.2628787365550226
33.399699849924964	0.09109819126382782	0.2627128956165412
33.53276638319159	0.09109984671131709	0.26323626183505366
33.66583291645823	0.09146680399918279	0.26329578541477844
33.798899449724864	0.09165249616739173	0.263497908474971
33.93196598299149	0.09190562642034536	0.2640116369874712
34.06503251625813	0.09198141325856281	0.2640407590109049
34.198099049524764	0.09175936219499797	0.2646568573865828
34.33116558279139	0.09202493707637338	0.265292152375916
34.46423211605803	0.09226928333227494	0.26538209157179915
34.597298649324664	0.09230576223654767	0.2651629813296089
34.73036518259129	0.09209550515863082	0.26598254790432224
34.86343171585793	0.09180675456630996	0.26616006434010475
34.99649824912456	0.09197376776425402	0.26629885630066874
35.12956478239119	0.09263115336200399	0.26721275193417543
35.26263131565783	0.0931118824177891	0.2670223327342374
35.39569784892446	0.09338859770986291	0.26702074776984774
35.52876438219109	0.0943171727778725	0.26745446844390225
35.66183091545773	0.09433161170333919	0.26745551465504663
35.79489744872436	0.0943012110906081	0.2674791500894878
35.92796398199099	0.09444611101658354	0.2676705843446258
36.06103051525763	0.09436169921982981	0.2681862157546998
36.19409704852426	0.09436407893999797	0.2691375190251058
36.32716358179089	0.0945683782676114	0.2692964640563145
36.46023011505753	0.0947149987824691	0.26957156922144765
36.59329664832416	0.09455697921323938	0.2697914720998702
36.72636318159079	0.09480437488432379	0.26943859439877094
36.85942971485743	0.09481856174126721	0.26902153338436474
36.99249624812406	0.09475360152779162	0.2695069094323462
37.12556278139069	0.09499998932960954	0.27001172215774494
37.25862931465733	0.09474955168321228	0.27058385631454857
37.39169584792396	0.09450737437704305	0.270842611703494
37.52476238119059	0.0944352972552742	0.27153615529359587
37.65782891445723	0.09451885977094673	0.2716957326019077
37.79089544772386	0.0949628606996939	0.2719156571494055
37.92396198099049	0.09536884083511983	0.27192957396338857
38.05702851425713	0.09526286015378563	0.27206602141108527
38.19009504752376	0.09538306170027851	0.2724479529639365
38.3231615807904	0.09576301811476684	0.27211976183367875
38.456228114057026	0.09585366370443119	0.2721449107857577
38.58929464732366	0.09637068477186053	0.2721831297702484
38.7223611805903	0.0963922635375009	0.27181436198417436
38.855427713856926	0.09692821734809565	0.2720371243349899
38.98849424712356	0.09709231683283158	0.27221978082071685
39.1215607803902	0.09738252427394271	0.2726288378577701
39.254627313656826	0.09747195566539707	0.27304497303533193
39.38769384692346	0.09777162339015373	0.27318976039992077
39.5207603801901	0.09761442038440513	0.2733241330707583
39.653826913456726	0.09773411752808876	0.2738487437762109
39.78689344672336	0.09781998144340541	0.274299280223774
39.91995997999	0.09746521962269114	0.27376432182425264
40.053026513256626	0.09752061630008571	0.27402871046962457
40.18609304652326	0.09756914264722731	0.2739309114735164
40.3191595797899	0.09739512691036567	0.27350364154687296
40.452226113056525	0.09744448249481574	0.27416559515636246
40.58529264632316	0.09756722669059857	0.27450182115274013
40.7183591795898	0.0978057109871876	0.2758006555168204
40.851425712856425	0.09785471479317671	0.2765799299095397
40.98449224612306	0.09773551559244678	0.2770566454381964
41.1175587793897	0.09853523459328661	0.27765332472605064
41.250625312656325	0.09894497835929411	0.2778764054738435
41.38369184592296	0.09920027257861332	0.2778908185206562
41.516758379189596	0.09926605601618803	0.2776548767345005
41.649824912456225	0.09948375880596572	0.27751125811616933
41.78289144572286	0.09962993643358797	0.2771707698152477
41.915957978989496	0.099975379020793	0.27729009332748444
42.049024512256125	0.10069999348642482	0.27709830534593305
42.18209104552276	0.10026124226712889	0.2768285224990276
42.315157578789396	0.1004098000993227	0.27738348193635715
42.448224112056025	0.10074812164781351	0.27804373751421224
42.58129064532266	0.10098429071765289	0.27823409875018473
42.714357178589296	0.10145312683341241	0.27785802120429576
42.847423711855924	0.1019374848304147	0.2780634299290844
42.98049024512256	0.1021869460406901	0.27740967701947505
43.113556778389196	0.10203466975111779	0.2780091069937032
43.246623311655824	0.10230344417524298	0.2785419610565779
43.37968984492246	0.102573283640993	0.2792206160116787
43.512756378189096	0.10231157058044955	0.2780666648175557
43.645822911455724	0.10217190438383576	0.2785230376038226
43.77888944472236	0.10254143702955423	0.2787750358326437
43.911955977988995	0.1026645722338217	0.2789622036988115
44.045022511255624	0.10283766654798747	0.2783233687980665
44.17808904452226	0.10369656012043928	0.2780539736920585
44.311155577788895	0.1038374884760168	0.2784049939822839
44.444222111055524	0.10404330483128707	0.27873378196806303
44.57728864432216	0.10394281129850132	0.27852718092983225
44.710355177588795	0.10411886013615129	0.27836054771268604
44.843421710855424	0.10460377084970571	0.27840236523931405
44.97648824412206	0.10451710911111466	0.27978602295062216
45.109554777388695	0.10477554577625231	0.2791941635372412
45.24262131065532	0.1045884082843918	0.2792525851570496
45.37568784392196	0.10451153113372363	0.2796442029832217
45.508754377188595	0.10491420221090637	0.2793390377021809
45.64182091045522	0.10544317339758336	0.2788827246994795
45.77488744372186	0.10521950936125254	0.2790675951390307
45.907953976988495	0.1049020555448607	0.27964790705921533
46.04102051025512	0.10495711489815224	0.27956515829236916
46.17408704352176	0.10469115332038025	0.2798449307742495
46.307153576788394	0.10439591943195721	0.2794515499063402
46.44022011005502	0.1046563748093284	0.2792374460521704
46.57328664332166	0.10499169925949539	0.27954955276688703
46.706353176588294	0.10500410341533749	0.27960622457012124
46.83941970985492	0.10507226106357381	0.2794230355969993
46.97248624312156	0.10519608369673136	0.2800037517111538
47.105552776388194	0.10545390173347238	0.28079367662544996
47.23861930965483	0.10576104131872287	0.281222878257376
47.37168584292146	0.1052502691068674	0.28155835674856416
47.504752376188094	0.10560847927072105	0.2823942770949929
47.63781890945473	0.1062771924659403	0.28205913984016484
47.77088544272136	0.10666377346266151	0.2814337215621609
47.903951975987994	0.10701320973185083	0.28108145097334697
48.03701850925463	0.10713806147894377	0.2808411139577958
48.17008504252126	0.10684985438737829	0.2808627517075859
48.30315157578789	0.10658910676636749	0.28133546903400636
48.43621810905453	0.10676196028750844	0.28138027807449706
48.56928464232116	0.10727997629123472	0.2813323039943301
48.70235117558779	0.10733284248666049	0.2810955018624789
48.83541770885443	0.10755528703205726	0.2812195442042896
48.96848424212106	0.1073399529531907	0.2809304290948907
49.10155077538769	0.107640684583249	0.2800525900639636
49.23461730865433	0.10760639746282707	0.27974653718678316
49.36768384192096	0.10753984190616182	0.2795191236218928
49.50075037518759	0.1077564256083736	0.2794722744086747
49.63381690845423	0.10759351760623366	0.2801612048807103
49.76688344172086	0.10717540488236368	0.2803506821073024
49.89994997498749	0.1068286225089571	0.2803750739351742
50.03301650825413	0.10790607487224352	0.2811369976734591
50.16608304152076	0.1079294707387569	0.2814981334168783
50.29914957478739	0.10842400500333267	0.2818381916555655
50.43221610805403	0.10891676395848798	0.2824920277909875
50.56528264132066	0.10906571396146968	0.2830901887614604
50.69834917458729	0.10916632084803583	0.2825643072102969
50.83141570785393	0.10914220687093372	0.28258918774968184
50.96448224112056	0.10926014236005074	0.28199186714024205
51.09754877438719	0.10911063168829899	0.2819687177304887
51.23061530765383	0.10939568225882793	0.2816329084648933
51.36368184092046	0.11045971773040224	0.28126409642206135
51.49674837418709	0.1108196276624488	0.28161215204144274
51.62981490745373	0.11121238657269425	0.2810674855960579
51.762881440720356	0.11181561123684856	0.28021621578713873
51.89594797398699	0.11166633507039721	0.27993902371713025
52.02901450725363	0.11172038417011515	0.27997039755135067
52.162081040520256	0.11151250468123595	0.2802032304767102
52.29514757378689	0.11141724295027779	0.27989839771220226
52.42821410705353	0.11107950749396418	0.28003113117864553
52.561280640320156	0.11086807326418024	0.28030890479471177
52.69434717358679	0.11121587057824242	0.28021362031617975
52.82741370685343	0.11160670384231544	0.27995192188498913
52.960480240120056	0.11213528085075614	0.27983099446159465
53.09354677338669	0.11250440684193716	0.2791797691025053
53.22661330665333	0.11274275257674093	0.2798408997410811
53.359679839919956	0.11314398350326298	0.28010787856459624
53.49274637318659	0.11308794950344635	0.2803915385367094
53.62581290645323	0.11342763581781873	0.2798603622522292
53.758879439719855	0.11349850710227007	0.28024165715120974
53.89194597298649	0.11382727972994205	0.2800076090262038
54.02501250625313	0.11384274500065719	0.2797452863238992
54.158079039519755	0.1140195304077448	0.2795591014044969
54.29114557278639	0.11424704380794895	0.27877207806732796
54.42421210605303	0.11466871630918773	0.27853613809750954
54.557278639319655	0.1145585163670039	0.27856833941375864
54.69034517258629	0.11453342115214475	0.2783265334672299
54.823411705852926	0.11447616496884362	0.2787884077723633
54.956478239119555	0.11461360233844652	0.2790266004015144
55.08954477238619	0.1146156813361851	0.27950752574941534
55.222611305652826	0.11454303914966805	0.27978468633306314
55.35567783891946	0.1146030294284202	0.279489754144579
55.48874437218609	0.11493394086155295	0.2795287190182051
55.621810905452726	0.11480277326850626	0.27996684162343033
55.75487743871936	0.11511809340704618	0.27923362339092456
55.88794397198599	0.1152994461575693	0.27926124731295326
56.021010505252626	0.11526541592790399	0.2796727425253023
56.15407703851926	0.11528964966976743	0.2803449680356025
56.28714357178589	0.11491902733353576	0.2805644842200024
56.420210105052526	0.11520489406612969	0.28048184715960717
56.55327663831916	0.11527737264669957	0.2804801058577894
56.68634317158579	0.1148927788663636	0.28157587044431254
56.819409704852426	0.11542487047358745	0.2818393770811656
56.95247623811906	0.1151793805474332	0.2808216004748882
57.08554277138569	0.11461407409212958	0.28047124356842495
57.218609304652325	0.11469500621749164	0.2811318695608445
57.35167583791896	0.11473912020563187	0.2806576206497931
57.48474237118559	0.11465872247849412	0.28046182130749
57.617808904452225	0.11511211351393985	0.28098192896784696
57.75087543771886	0.11483714485843585	0.281091992507807
57.88394197098549	0.11486467484872358	0.28159026930667364
58.017008504252125	0.11496235073969037	0.2821759335298839
58.15007503751876	0.1154097321064847	0.28173091831250724
58.28314157078539	0.11543043403585085	0.28153534199732244
58.416208104052025	0.11588796004307682	0.28191793423535644
58.54927463731866	0.11564796871125653	0.28141583542712434
58.68234117058529	0.11573649541082268	0.2807442442278881
58.815407703851925	0.11576951653282146	0.28068965428896
58.94847423711856	0.11529940129131845	0.2801263715720018
59.08154077038519	0.11596739981857503	0.28076175865894665
59.214607303651825	0.1164187472192207	0.2814691017443245
59.34767383691846	0.11641552297553483	0.2812131578483618
59.48074037018509	0.11617385124018734	0.28080810604472556
59.613806903451724	0.11664860459087031	0.2809531475404903
59.74687343671836	0.11711718597588522	0.2809544549333663
59.87993996998499	0.11715504048252615	0.28089115649248514
60.013006503251624	0.11740774417710258	0.28103997006869447
60.14607303651826	0.11756928475602271	0.2809548366565421
60.27913956978489	0.11772073072448751	0.28158773898355866
60.412206103051524	0.11789375651584244	0.28138760325578205
60.54527263631816	0.11822648338022107	0.28093236596037147
60.67833916958479	0.11833911309840145	0.2812229783345275
60.811405702851424	0.1192798359280358	0.2821398729349437
60.94447223611806	0.1192824630521453	0.28197515819534896
61.07753876938469	0.11981441443429387	0.2821939368118588
61.210605302651324	0.12024324113504208	0.2827230780870878
61.34367183591796	0.12020451219167214	0.28242042068129997
61.47673836918459	0.12001098140895682	0.2823816743882293
61.60980490245122	0.1198195182024143	0.2823580251156118
61.74287143571786	0.12000987226655047	0.2829997231323612
61.87593796898449	0.11993137481405819	0.2824174860496451
62.00900450225112	0.12026850401459149	0.2824943105387096
62.14207103551776	0.12063467009148503	0.2827936894592775
62.27513756878439	0.12037007214222717	0.2824033896981111
62.40820410205102	0.12055326978439726	0.28280575932863494
62.54127063531766	0.1207918203582639	0.28256739495478145
62.67433716858429	0.12084240240806285	0.28263968607299145
62.80740370185092	0.12089148937246122	0.2836899879732904
62.94047023511756	0.12101114024346811	0.2835337666084438
63.07353676838419	0.12111089212427811	0.2830167967962077
63.20660330165082	0.12130472161256428	0.28292595654833386
63.33966983491746	0.12123786510926705	0.28263789663177186
63.47273636818409	0.12124914098798817	0.2831240697191585
63.60580290145072	0.12150853636653615	0.2832100003816966
63.73886943471736	0.1215854792452388	0.28267108234832505
63.87193596798399	0.12161434420573854	0.28214496861467314
64.00500250125063	0.12207374743298909	0.28231628667809283
64.13806903451726	0.1218411168902755	0.2826214180824842
64.27113556778389	0.1216703230054153	0.2824131244351077
64.40420210105053	0.1221586788985103	0.282334754530961
64.53726863431716	0.12261759663765313	0.28204171119997495
64.67033516758379	0.12319586713657577	0.28147481607574254
64.80340170085043	0.12317309280486834	0.2815063315856498
64.93646823411706	0.12326538168000445	0.2814365527639173
65.06953476738369	0.12361386783644394	0.28104701560269435
65.20260130065033	0.123945665570785	0.2813060402600967
65.33566783391696	0.12408099881359175	0.28089179406134374
65.46873436718359	0.12388323987198216	0.28127756271112864
65.60180090045023	0.123723528158084	0.28094619890312855
65.73486743371686	0.1241647593783338	0.28054582909826126
65.86793396698349	0.12450077711658987	0.28106814185634293
66.00100050025013	0.12448946577168532	0.28143663518548206
66.13406703351676	0.12468167024353834	0.28165692501476924
66.26713356678339	0.12474224207512738	0.2814428825967369
66.40020010005003	0.12456525466626595	0.2812243879993316
66.53326663331666	0.12418866873496749	0.28204063791814005
66.66633316658329	0.12382979688707219	0.2817232426540937
66.79939969984993	0.12412257152759042	0.2825771792786108
66.93246623311656	0.1241048688461903	0.2836377933014407
67.06553276638319	0.12434601324659175	0.2830089347517225
67.19859929964983	0.12458668023013338	0.28220690265414816
67.33166583291646	0.12488046189467542	0.2818415241615007
67.46473236618309	0.12489025775426574	0.28230246219993127
67.59779889944973	0.12491310736988584	0.2826731172017672
67.73086543271636	0.1251166549341343	0.28241555603409635
67.86393196598299	0.12548018271102268	0.2814449134163664
67.99699849924963	0.1251395585467938	0.2818729865956355
68.13006503251626	0.12525051301636866	0.28221097576447357
68.26313156578288	0.1246801409440343	0.2819357362727891
68.39619809904953	0.12470945660975877	0.28227948370656397
68.52926463231616	0.12477284749777164	0.28259399953650993
68.66233116558278	0.12518615682768708	0.28241962523025044
68.79539769884943	0.12547149637447494	0.2833095256885378
68.92846423211606	0.1253088724660508	0.28272236559818437
69.06153076538268	0.12558160193771567	0.2823694587737494
69.19459729864933	0.12546003429133692	0.2826960811844491
69.32766383191596	0.1257280052972057	0.28299288268404665
69.46073036518258	0.12552531597779581	0.28247842350146113
69.59379689844923	0.12569166533439216	0.2831739533465156
69.72686343171586	0.1257227859164654	0.28297016643708944
69.85992996498248	0.1257167264938221	0.2832962023203734
69.99299649824913	0.12592926872166366	0.2834996661133545
70.12606303151576	0.1258347763095598	0.284004370934621
70.25912956478238	0.12562949790014027	0.2845917700191005
70.39219609804903	0.12584144401502026	0.28425193542317273
70.52526263131566	0.12599302503737184	0.28373947016795614
70.65832916458228	0.1268657163793326	0.2834357467811382
70.79139569784893	0.12697064867230304	0.2838672238611999
70.92446223111556	0.12716246802243789	0.2839827496662406
71.05752876438218	0.12727202910104363	0.2846587635361514
71.19059529764883	0.12761432694131525	0.2840679326043298
71.32366183091546	0.12804513866524136	0.28401364089890635
71.45672836418208	0.12809085897227168	0.28406381967498845
71.58979489744873	0.127881329175841	0.2839983004477798
71.72286143071535	0.12835783607630566	0.2841071092946412
71.85592796398198	0.12890548623992965	0.2840230032360526
71.98899449724863	0.1294313613111935	0.28477806533819044
72.12206103051525	0.12945232621982092	0.28457273722655846
72.25512756378188	0.12953613127344296	0.28476379126094953
72.38819409704853	0.12896763115644036	0.2854432636820671
72.52126063031515	0.1286947937334228	0.2860304888207742
72.65432716358178	0.1283907684179423	0.2856748398884664
72.78739369684843	0.1285710679484136	0.28649227504839736
72.92046023011505	0.12897613140901223	0.28610839739860655
73.05352676338168	0.12816767390409411	0.28619832885311236
73.18659329664833	0.12851646608917658	0.2865760923765806
73.31965982991495	0.12870576103262804	0.2872486094987973
73.45272636318158	0.12886565109516854	0.28812020804880945
73.58579289644823	0.1290552539022952	0.28796971521222686
73.71885942971485	0.12858075271806557	0.2877844127339878
73.85192596298148	0.12853316590587552	0.28717169641555174
73.98499249624813	0.12854033571017098	0.28656647563474114
74.11805902951475	0.12890014224874274	0.28662454919335656
74.25112556278138	0.129331365823669	0.28664211346381696
74.38419209604803	0.12951118956214056	0.2865642154360265
74.51725862931465	0.1295925127047669	0.28640708979740803
74.65032516258128	0.12976784883735334	0.28682888099613457
74.78339169584793	0.12980287478602237	0.2877257595376703
74.91645822911455	0.12965368677910669	0.2875150869408885
75.04952476238118	0.12997310100472748	0.28717033111733364
75.18259129564782	0.13003292067865332	0.28725799216133846
75.31565782891445	0.12969487469056337	0.28669679689824457
75.44872436218108	0.12972560256790094	0.2865273165487786
75.58179089544772	0.13027833850849316	0.2869557135136361
75.71485742871435	0.13095227810482932	0.28643386540471316
75.84792396198098	0.13122106964180058	0.28658812086526114
75.98099049524762	0.13029178113022127	0.287398795884112
76.11405702851425	0.13010508360158343	0.2880795600084544
76.24712356178088	0.13056728828822647	0.28797780490259617
76.38019009504752	0.13041031579728	0.2880960969118491
76.51325662831415	0.13061724779904815	0.28897969795362266
76.6463231615808	0.13039729640299264	0.2884384316844461
76.77938969484742	0.13019459568964242	0.2884817603244293
76.91245622811405	0.13024128626158066	0.28867595036379434
77.0455227613807	0.12979901267532185	0.28876218653840424
77.17858929464732	0.13045543085389452	0.28851687768320683
77.31165582791395	0.1306843357744496	0.2884219966438067
77.4447223611806	0.1306773427028094	0.2887148793835185
77.57778889444722	0.13100211219945893	0.28875788015118137
77.71085542771385	0.1310729596864156	0.2885131899931941
77.8439219609805	0.13070515134180025	0.2878319014804815
77.97698849424712	0.13079921366776595	0.28757527830547713
78.11005502751375	0.13075597086571591	0.28794865329976316
78.2431215607804	0.13096029949758045	0.2884913491032365
78.37618809404702	0.13094122755351909	0.28839415856457734
78.50925462731365	0.13087416268117957	0.28809764149524947
78.6423211605803	0.13149940799734686	0.2881256507923791
78.77538769384692	0.1312812387342552	0.2875822628415252
78.90845422711355	0.13150323155395466	0.28792572732973376
79.0415207603802	0.13133151846191785	0.28788850948709444
79.17458729364682	0.1314578160634168	0.28770420048621487
79.30765382691345	0.13169835192561535	0.2873635089049176
79.4407203601801	0.13142021601906134	0.2875862876466379
79.57378689344672	0.1317456726844078	0.28817110004115765
79.70685342671335	0.1317779866471591	0.2877111839209395
79.83991995998	0.13225016288230046	0.28677179828343813
79.97298649324662	0.13311921327714452	0.2867282823784378
80.10605302651325	0.13344433262077526	0.2868681992923652
80.2391195597799	0.1338829491845599	0.2868608691093258
80.37218609304652	0.13363651386715433	0.2872795483865273
80.50525262631315	0.13348100437249255	0.2882649977848474
80.6383191595798	0.1338810680176964	0.28892063984083083
80.77138569284642	0.13374034287171635	0.2888856675190684
80.90445222611305	0.13393126107400263	0.28843352443083603
81.0375187593797	0.1342905644782372	0.2885220328011277
81.17058529264632	0.13446498690514405	0.28832094769990424
81.30365182591295	0.1343012180737002	0.2885636720683206
81.4367183591796	0.13488451548476932	0.28902847908997803
81.56978489244622	0.13455826185163391	0.2890984538937402
81.70285142571285	0.1345704626692762	0.2884516153953842
81.8359179589795	0.13491250707596353	0.2876908569129707
81.96898449224612	0.13479787205206437	0.28805050611764493
82.10205102551275	0.13472307178475418	0.2885554754378234
82.2351175587794	0.13473256432285	0.28807898796687553
82.36818409204602	0.13497656098333177	0.28769491776095296
82.50125062531265	0.13492018361212593	0.287632715635569
82.6343171585793	0.13496858354235924	0.28810234742078117
82.76738369184592	0.1350967977464323	0.28798082350870546
82.90045022511255	0.13528181543581003	0.2877995976124181
83.03351675837919	0.1353319480858968	0.2872406350792698
83.16658329164582	0.13536968581112405	0.2868735787472501
83.29964982491245	0.135268214185323	0.2862748932088266
83.43271635817909	0.13518172766376838	0.2867610300364872
83.56578289144572	0.13572639749039447	0.28682534114570996
83.69884942471235	0.13625281521918808	0.28718192825076777
83.83191595797899	0.13659770823495077	0.28765374858214526
83.96498249124562	0.13693887725521997	0.2878861151297563
84.09804902451225	0.13699179294405261	0.2875628278225999
84.23111555777889	0.1369560933162835	0.28799914806877347
84.36418209104552	0.13665377864397932	0.2880925148638858
84.49724862431215	0.13634221286828513	0.2878795609608545
84.63031515757879	0.13696453652755222	0.2879911080688929
84.76338169084542	0.13724849367703226	0.2884461663105961
84.89644822411205	0.13738289545547516	0.28882810821834726
85.02951475737869	0.13752055735530033	0.28861861391557087
85.16258129064532	0.1376395104545608	0.28823924919844174
85.29564782391195	0.1377757607700289	0.28801274982183767
85.42871435717859	0.13782200966618052	0.28730136101833603
85.56178089044522	0.1376116371700037	0.2870689983085892
85.69484742371185	0.13775046674813932	0.28740330629581273
85.82791395697849	0.13816800691466463	0.2874674909350315
85.96098049024512	0.13836992711356783	0.2871170920576844
86.09404702351175	0.13812399387125326	0.28708808025758004
86.22711355677839	0.13753351797010155	0.28706848298810167
86.36018009004502	0.1376687817929832	0.28736255258543714
86.49324662331165	0.13782208461166776	0.28699171903763354
86.62631315657829	0.13815132656153634	0.28655678982367466
86.75937968984492	0.13827144169878075	0.28705825648083005
86.89244622311155	0.13802944418596425	0.28675345706256294
87.02551275637819	0.13826674320509572	0.28718072175221254
87.15857928964482	0.13867836856602672	0.287102327834075
87.29164582291145	0.1383485159558705	0.28701997146180874
87.42471235617809	0.1387331423106029	0.2869431688752779
87.55777888944472	0.13883327453412128	0.28637675530249607
87.69084542271135	0.13846507820515624	0.28634784828302545
87.82391195597799	0.1383099157393463	0.2864485372807461
87.95697848924462	0.13900030268365224	0.2869337925975601
88.09004502251125	0.13925098394757196	0.28717820141061545
88.22311155577789	0.13905101650391266	0.28737408147452315
88.35617808904452	0.13857791523481583	0.2875784063139108
88.48924462231115	0.1383352195448294	0.2879239537995439
88.62231115557779	0.13799547147494812	0.2886736103852289
88.75537768884442	0.13810938915508203	0.2894524805565581
88.88844422211105	0.13772186158509844	0.28969924918711076
89.02151075537769	0.13749764506952314	0.28929865910826064
89.15457728864432	0.1376125412750636	0.28903999408852166
89.28764382191095	0.13775651704967645	0.29012467293922495
89.42071035517759	0.13817437180718495	0.29083218795248783
89.55377688844422	0.13826811004346842	0.2908240908102776
89.68684342171085	0.13881418029782888	0.2907635332155295
89.81990995497749	0.13919867744490166	0.29046599071840656
89.95297648824412	0.13958415674756874	0.2904601306792049
90.08604302151075	0.14005222489234595	0.290275354232546
90.21910955477739	0.1395650526887172	0.2898656187897637
90.35217608804402	0.1388978011537012	0.29021344973888
90.48524262131065	0.1389864837398555	0.28999454353138576
90.61830915457729	0.13945419551027313	0.2900042212867409
90.75137568784392	0.13911396139436535	0.28982637895233854
90.88444222111055	0.138689504543831	0.2900414770931058
91.01750875437719	0.13823492410034885	0.28976567400513253
91.15057528764382	0.13882717288207583	0.2892360388330756
91.28364182091045	0.1391800534285971	0.288666312862495
91.41670835417709	0.1391174574071425	0.2880748369159299
91.54977488744372	0.13961749201454166	0.28843277088236596
91.68284142071035	0.13997910041581701	0.28847614926367676
91.81590795397699	0.14022449980172239	0.2879433263649761
91.94897448724362	0.13994953470960364	0.2877764183806989
92.08204102051025	0.14038322271614717	0.28745631774263836
92.21510755377689	0.14045088968164135	0.2871364284941151
92.34817408704352	0.14022921298900462	0.2867927472473448
92.48124062031015	0.14071272064517862	0.28644231162954187
92.61430715357679	0.14083112514769894	0.2870687492300161
92.74737368684342	0.14072908289102115	0.28758378982827754
92.88044022011005	0.14111133096595418	0.28821895903290196
93.01350675337669	0.14137531291490088	0.2885908726259264
93.14657328664332	0.14161718910548365	0.2884971181592578
93.27963981990995	0.14203230816093512	0.28847089100301104
93.41270635317659	0.14233183208921416	0.2885888100883046
93.54577288644322	0.1424602631248496	0.2894424920566273
93.67883941970985	0.14257780306992057	0.2894592077275465
93.81190595297649	0.1422966023077396	0.28928267606987496
93.94497248624312	0.14194180843212653	0.289087881279952
94.07803901950976	0.14178375724951572	0.2886730824535846
94.21110555277639	0.14179242531251646	0.2887243566258107
94.34417208604302	0.14205856260956037	0.28890737810485156
94.47723861930966	0.1415733318958922	0.28901931873198755
94.61030515257629	0.14169469577488794	0.2884377887957881
94.74337168584292	0.14151975263910424	0.28863557806193235
94.87643821910956	0.14114019804721714	0.2888800011354702
95.00950475237619	0.14125522482967276	0.2880212935590663
95.14257128564282	0.14157646541991806	0.2880025552497812
95.27563781890946	0.14119593941170114	0.2881075130798358
95.40870435217609	0.14051255124440878	0.28822079961107666
95.54177088544272	0.14046658497124823	0.2889805991448079
95.67483741870936	0.1404484035961988	0.28866062310664325
95.80790395197599	0.1407327255179945	0.28822142729287487
95.94097048524262	0.1406497476744124	0.2879066136611009
96.07403701850926	0.1410155711240009	0.2870975330905963
96.20710355177589	0.14131292530145143	0.2869286008290678
96.34017008504252	0.1415557786154225	0.2871597167924256
96.47323661830916	0.14122822421373016	0.286674288950681
96.60630315157579	0.14107925724896264	0.28597796157931316
96.73936968484242	0.14167306749620243	0.28645966232948994
96.87243621810906	0.14109032120209325	0.2870225060120982
97.00550275137569	0.14095521120928137	0.28698756544354465
97.13856928464232	0.14079224433567894	0.2875346901071782
97.27163581790896	0.14097367258625876	0.288207875930206
97.40470235117559	0.141196779622643	0.28851654748034056
97.53776888444222	0.14092097785372926	0.2887046677036652
97.67083541770886	0.1410831772125251	0.2883831470068317
97.80390195097549	0.14089411756620415	0.2884169257921803
97.93696848424212	0.14116396435670045	0.28891607670213837
98.07003501750876	0.1413441686401206	0.2886185319603908
98.20310155077539	0.14110758523229883	0.28830293520365885
98.33616808404201	0.14109725768244769	0.28790986682887876
98.46923461730866	0.14100227184950231	0.2880716601050232
98.60230115057529	0.14102725350566594	0.2882193830029254
98.73536768384191	0.14097166608764167	0.28811763357024106
98.86843421710856	0.1410978230098557	0.2878662600273636
99.00150075037519	0.14136596918665464	0.28790817660886203
99.13456728364181	0.14212652685419225	0.2873834054414316
99.26763381690846	0.14211980481894043	0.28694622539243225
99.40070035017509	0.14246129831385612	0.28743432921550893
99.53376688344171	0.14268525697236595	0.28804490194753535
99.66683341670836	0.1428387939936945	0.28864370230075703
99.79989994997499	0.14295358640307404	0.28859687630811637
99.93296648324161	0.1425800702321643	0.2879205420935025
100.06603301650826	0.1431425409986675	0.288479553391629
100.19909954977489	0.14329894656378903	0.2887309038126623
100.33216608304151	0.1436160806368627	0.288485434661119
100.46523261630816	0.1435309587303219	0.2890560527635842
100.59829914957479	0.14285166175055405	0.28945635340598846
100.73136568284141	0.14326947900712253	0.2900756034629412
100.86443221610806	0.14338608102646286	0.2897398171687078
100.99749874937469	0.14318217451551457	0.28960561458280487
101.13056528264131	0.14283892701796777	0.29006876292262357
101.26363181590796	0.142802865735275	0.28987273218957377
101.39669834917459	0.14338349255983399	0.28930972324192017
101.52976488244121	0.14348744531844618	0.28857712156307574
101.66283141570786	0.1432138041872043	0.2889079826584536
101.79589794897448	0.1431537402985461	0.28971799021033473
101.92896448224111	0.14335332284096472	0.2899032639958573
102.06203101550776	0.1436868063487677	0.2899601689968114
102.19509754877438	0.1437830630827382	0.2900428753400111
102.32816408204101	0.14369030449809356	0.2902015998170904
102.46123061530766	0.14390037954577622	0.29043390909806127
102.59429714857428	0.14361777601487893	0.2903229374801523
102.72736368184091	0.14366112323575936	0.2910426007848413
102.86043021510756	0.1438538925755749	0.2906857782996115
102.99349674837418	0.1439284976902602	0.2906424172659772
103.12656328164081	0.14455809806616254	0.29158918806602385
103.25962981490746	0.14434225978895543	0.29204407217117617
103.39269634817408	0.1438470528650724	0.2917603907762183
103.52576288144071	0.1438430576556004	0.29220025273132444
103.65882941470736	0.14388156430443244	0.292360826977002
103.79189594797398	0.14419942185644288	0.2918214103141432
103.92496248124061	0.14437113644610666	0.2920972098822713
104.05802901450726	0.1446265908903978	0.2922181251188169
104.19109554777388	0.1451407534927023	0.2921377710077084
104.32416208104051	0.1450264478740764	0.2919367857117235
104.45722861430716	0.1446525031762828	0.2924111365540504
104.59029514757378	0.1447851998707554	0.29254800611401893
104.72336168084041	0.1451993474263688	0.29173783916350765
104.85642821410705	0.1453336934715795	0.29161425980907313
104.98949474737368	0.14537637305825749	0.29202103505900223
105.12256128064031	0.14497171111619223	0.2919823946560965
105.25562781390695	0.14489676334907087	0.2907905357845025
105.38869434717358	0.14518195753641272	0.29068042050330245
105.52176088044021	0.14502560452076071	0.29124045830774453
105.65482741370685	0.14493247335151144	0.29175506393189005
105.78789394697348	0.14476493012841748	0.29155076009477676
105.92096048024011	0.14478672946016877	0.29196026362661365
106.05402701350675	0.14450514604586004	0.29212990125728716
106.18709354677338	0.14398582681499228	0.2926593023568756
106.32016008004001	0.14387084500873049	0.29289392194074054
106.45322661330665	0.14384052374198192	0.29230294832285403
106.58629314657328	0.14422630232990985	0.29163121277207965
106.71935967983991	0.1444227493551845	0.2913023300907223
106.85242621310655	0.14452698409007667	0.2903721123857922
106.98549274637318	0.14478830203714985	0.29006486711790797
107.11855927963981	0.14491294933372098	0.28994206916249593
107.25162581290645	0.1449766712751473	0.28947139786162995
107.38469234617308	0.14513263143495383	0.28909164358544437
107.51775887943971	0.1454418071042689	0.2892099770622323
107.65082541270635	0.1455977615480712	0.29001285770255364
107.78389194597298	0.1457954342363135	0.2903949936246977
107.91695847923961	0.14562416340257112	0.29020460647097
108.05002501250625	0.14527681406329856	0.2908496652696041
108.18309154577288	0.1453707851431795	0.29145007540527457
108.31615807903951	0.1455291169389654	0.29107255122586745
108.44922461230615	0.1459447178228367	0.2911107333457373
108.58229114557278	0.14644469791342024	0.29052190317499554
108.71535767883941	0.14653898861265377	0.290272967840088
108.84842421210605	0.1469780251948467	0.2902055615617348
108.98149074537268	0.14700097125525352	0.2900597077904191
109.11455727863931	0.14627144591754118	0.29032243958360693
109.24762381190595	0.1460217946596221	0.290814975289574
109.38069034517258	0.1466679862914965	0.29132878087746317
109.51375687843921	0.1468192501023001	0.29131615566815083
109.64682341170585	0.14745900343911786	0.29113893182886885
109.77988994497248	0.14759544057846866	0.29149761589024836
109.91295647823911	0.14727089308314237	0.2920076813410188
110.04602301150575	0.14759997520956453	0.29212888781059776
110.17908954477238	0.1476208998179861	0.29181732091867685
110.31215607803901	0.14797360895993344	0.29163254947276895
110.44522261130565	0.14787434937207927	0.2914174538525904
110.57828914457228	0.14755951880650897	0.2921268180700379
110.71135567783892	0.14724176810741	0.29245548253588033
110.84442221110555	0.14727135396732544	0.2918998541945771
110.97748874437218	0.1474213951729721	0.29193470181200293
111.11055527763882	0.14757976594958536	0.29203816836453117
111.24362181090545	0.14759684979814056	0.2918571387525656
111.37668834417208	0.14754007096702554	0.29175860792477415
111.50975487743872	0.1478505906144882	0.2914137221322989
111.64282141070535	0.14831972382271358	0.2913157815024011
111.77588794397198	0.14874391607789558	0.29106648919616696
111.90895447723862	0.14847995445358841	0.2910849789162669
112.04202101050525	0.14847620365611483	0.2910905535269431
112.17508754377188	0.1486751618486453	0.2909378061125094
112.30815407703852	0.14885955899551354	0.2904853899678153
112.44122061030515	0.14897980142170286	0.29035569195890915
112.57428714357178	0.14883735419484187	0.2905300162379015
112.70735367683842	0.14872897008976915	0.29065689993898064
112.84042021010505	0.1488280694582429	0.29107886175127706
112.97348674337168	0.1493331405871371	0.29114003033250346
113.10655327663832	0.14926570709437895	0.29093081337001864
113.23961980990495	0.14935078103804786	0.29020555111988744
113.37268634317158	0.14969260095606832	0.28994626706956506
113.50575287643822	0.14987945007381492	0.2896891123393251
113.63881940970485	0.1501652104852427	0.2895539617372184
113.77188594297148	0.15005543815405636	0.2893816687516419
113.90495247623812	0.14982916192111945	0.28861809359227514
114.03801900950475	0.14978624472000662	0.2886191944634905
114.17108554277138	0.15051379876124038	0.28900928763516864
114.30415207603802	0.15077126416469977	0.28875925054339074
114.43721860930465	0.1506041201704695	0.2882734915757797
114.57028514257128	0.15073824801616678	0.2886659232437133
114.70335167583792	0.15047020426432572	0.2890679654077222
114.83641820910455	0.15057210420103617	0.2895146903690097
114.96948474237118	0.1507021483154642	0.2892778912765585
115.10255127563782	0.15025448509933884	0.28924079304504624
115.23561780890445	0.15026442815913668	0.28993028413176597
115.36868434217108	0.15043742167089846	0.28975628250105007
115.50175087543772	0.15063162519650183	0.2895602366198099
115.63481740870435	0.15097069748887448	0.29014308649446424
115.76788394197098	0.1512900356629999	0.2899953000287847
115.90095047523762	0.15136195955877849	0.2898292348469568
116.03401700850425	0.1514324031739861	0.2897625366835401
116.16708354177088	0.1514916149702482	0.28946328337199745
116.30015007503752	0.1516481519361206	0.28930835189561827
116.43321660830415	0.15193371865068378	0.2897899423241438
116.56628314157078	0.1522062228902495	0.29025523377533546
116.69934967483742	0.1520161888418809	0.29027974324107775
116.83241620810405	0.15190204331443136	0.28945283840117664
116.96548274137068	0.1514058736709676	0.2890815398579868
117.09854927463732	0.1512378625815039	0.2889626629409324
117.23161580790395	0.1512542005729198	0.28917336350520895
117.36468234117058	0.15129439630491007	0.28898664230750126
117.49774887443722	0.15148313328254223	0.2880036065304189
117.63081540770385	0.15138763562787844	0.28792869758038503
117.76388194097048	0.15177003925357452	0.28796147132170324
117.89694847423712	0.15220117198891792	0.2875846998927239
118.03001500750375	0.15204085304617249	0.2872463111285698
118.16308154077038	0.1517780910226154	0.2876464523735019
118.29614807403702	0.15175637117894122	0.2874653342184748
118.42921460730365	0.15150566786663464	0.28755288116027056
118.56228114057028	0.15172961720211223	0.2879264549782443
118.69534767383692	0.15225834511793668	0.28668200612288575
118.82841420710355	0.15185330537472877	0.2867041856578479
118.96148074037018	0.15154171560171795	0.28706269585775424
119.09454727363682	0.15159946512257313	0.28621208685793886
119.22761380690345	0.15203293430019746	0.28606463525500847
119.36068034017008	0.15240643847348856	0.28611369300580797
119.49374687343672	0.15245576339457853	0.28553912385060276
119.62681340670335	0.15261851324858397	0.28524060567558374
119.75987993996998	0.1524849900254168	0.28559599179984063
119.89294647323662	0.15231950685448123	0.2856570671952405
120.02601300650325	0.15234594200988166	0.2859818587598497
120.15907953976988	0.1521259392100235	0.2861620050420397
120.29214607303652	0.1521102245734397	0.28594524734285676
120.42521260630315	0.15218625577631642	0.2859181053353167
120.55827913956978	0.1520144659546275	0.2860182321312579
120.69134567283642	0.15197387972601442	0.2859034715582572
120.82441220610305	0.1520747726085397	0.2857776718984901
120.95747873936968	0.1526189197604768	0.28587365573981427
121.09054527263632	0.1526325562004566	0.285619759479845
121.22361180590295	0.15203903697019566	0.2862225245313108
121.35667833916958	0.15216654601252377	0.2859650430849504
121.48974487243622	0.15209807697632252	0.2852564541646006
121.62281140570285	0.1518018869313926	0.286422513998649
121.75587793896948	0.15162079434565714	0.28725743719314545
121.88894447223612	0.15181285865901709	0.2876803120227877
122.02201100550275	0.15198264866134598	0.287409119120108
122.15507753876938	0.15217459441710507	0.2868409883145806
122.28814407203602	0.1520647633629026	0.2874123057504869
122.42121060530265	0.15212760153581142	0.2881158514407257
122.55427713856928	0.15239950733627752	0.28889428560626684
122.68734367183592	0.1523179717581158	0.289559688606604
122.82041020510255	0.15240871796288227	0.2899058574680786
122.95347673836918	0.15231438020736865	0.2894126082447557
123.08654327163582	0.1522252008941489	0.2886364985310627
123.21960980490245	0.15187165275368353	0.28914023620377716
123.35267633816908	0.15154431510456637	0.28961581641002665
123.48574287143572	0.15148076014492012	0.2897325097537483
123.61880940470235	0.1518386482949234	0.2899846273541503
123.75187593796898	0.1522257852883669	0.2901033531810818
123.88494247123562	0.15212992184623703	0.29019242175428633
124.01800900450225	0.15244546343129525	0.2898125726314314
124.15107553776888	0.1526929338592338	0.28938316477922016
124.28414207103552	0.15266329479679183	0.28980880876213766
124.41720860430215	0.1524471833371228	0.28965860225115575
124.55027513756878	0.1525970349043089	0.2898600823718814
124.68334167083542	0.15291909479397447	0.2899822607002372
124.81640820410205	0.15251849945711185	0.28969690702867407
124.94947473736867	0.15251957997363172	0.2896372291338109
125.08254127063532	0.15277046143863027	0.2896226482647274
125.21560780390195	0.15282248930821327	0.28921317835129573
125.34867433716857	0.1527105218788178	0.28948028961528294
125.48174087043522	0.1525055754020593	0.28996241172781306
125.61480740370185	0.15267782543905384	0.28990814486059596
125.74787393696847	0.1526235825719924	0.2902317385484731
125.88094047023512	0.15290790930489753	0.29046941276008553
126.01400700350175	0.15335955886114622	0.28986950140308887
126.14707353676837	0.1535322712331605	0.2904853295357703
126.28014007003502	0.153982157806389	0.29138616687316604
126.41320660330165	0.15358735072169277	0.2909018513865276
126.54627313656827	0.1533423663528763	0.2902654864978993
126.67933966983492	0.15357943666768134	0.29014680645239765
126.81240620310155	0.15362576165928243	0.2905014826463598
126.94547273636817	0.1533229549327978	0.2897540781710277
127.07853926963482	0.1531559023653978	0.28907160729724374
127.21160580290145	0.15337563757714004	0.28919938241487225
127.34467233616807	0.15344463089744262	0.28884141003878655
127.47773886943472	0.15341756264494896	0.2887478254824604
127.61080540270135	0.15350197291740061	0.28904294341412806
127.74387193596797	0.15353052709769316	0.2894507438049697
127.87693846923462	0.1530549786250532	0.29011292583019643
128.01000500250126	0.15289133761863904	0.2901517916092805
128.1430715357679	0.1533613027597539	0.2900431507854102
128.27613806903452	0.15389326589040098	0.29016121972453546
128.40920460230114	0.1540882045889812	0.2898464980819284
128.54227113556777	0.15423804897754717	0.2896316691220397
128.6753376688344	0.1543791448182999	0.28938103656193287
128.80840420210106	0.1543302304730573	0.28943215781360365
128.9414707353677	0.15449549488614836	0.29015035706826203
129.07453726863432	0.154341950773233	0.29014906302162063
129.20760380190094	0.154187022122645	0.28970781944574986
129.34067033516757	0.153799231343754	0.2895760668790448
129.4737368684342	0.15355149932192672	0.2897639944379589
129.60680340170086	0.1537765752141769	0.28930786166906913
129.7398699349675	0.15340054166732048	0.28961614062331476
129.87293646823412	0.15334998781699388	0.2899357307062495
130.00600300150074	0.15355518334772478	0.28971922290041646
130.13906953476737	0.1530614004898659	0.2902040516942782
130.272136068034	0.15287514340384728	0.2904034027374803
130.40520260130066	0.15297082331767423	0.2903009590335326
130.5382691345673	0.15314084578996198	0.29001711703896965
130.67133566783392	0.15330294479759507	0.2896460565770751
130.80440220110054	0.15306738403066136	0.2897340638121313
130.93746873436717	0.15322047718757376	0.289106731339108
131.0705352676338	0.15336657142800486	0.2881899037276361
131.20360180090046	0.1527983730467332	0.2881078681730839
131.3366683341671	0.1524566357519005	0.2875795767929504
131.46973486743371	0.1530082437982916	0.2870523694729076
131.60280140070034	0.15328948588590713	0.2872017903421143
131.73586793396697	0.15362611942295637	0.28750777621409795
131.8689344672336	0.15398060119560178	0.2878036466662898
132.00200100050026	0.1539743563968656	0.28787741714506326
132.1350675337669	0.15404460418662033	0.2879976370038595
132.26813406703351	0.15416401984327818	0.28817881363353925
132.40120060030014	0.15397003586977032	0.2883328297379739
132.53426713356677	0.15396136036519428	0.28883158000816633
132.6673336668334	0.15381119993273532	0.2889862565649964
132.80040020010006	0.15341803379945756	0.28932257064702993
132.93346673336669	0.15338154630868556	0.28950235530016305
133.06653326663331	0.1536677985337459	0.2893400637947808
133.19959979989994	0.1541850657794262	0.28903401087413866
133.33266633316657	0.15448573326821088	0.28843331267199485
133.4657328664332	0.15492315601558895	0.28824898523576986
133.59879939969986	0.15507511332237348	0.2878481740136913
133.73186593296649	0.15504727376245891	0.28745330686224163
133.8649324662331	0.15541495367695057	0.28707348650012915
133.99799899949974	0.15525843172568815	0.2871967583449787
134.13106553276637	0.15550460120740195	0.28734064163259865
134.264132066033	0.15600867455862802	0.2870177278080383
134.39719859929966	0.15615632964428613	0.28703915217346915
134.53026513256629	0.15620941251124706	0.2874974656453914
134.6633316658329	0.15604291262947512	0.28748102003535486
134.79639819909954	0.15605356312570917	0.2869941945638356
134.92946473236617	0.15610348368311527	0.28689692649893567
135.0625312656328	0.15616601853483275	0.28641083161011294
135.19559779889946	0.15665782197022232	0.28580147386046406
135.32866433216608	0.15701715582965556	0.285283610584182
135.4617308654327	0.1572472082782064	0.28557003896335864
135.59479739869934	0.15744877589810974	0.2861605910562962
135.72786393196597	0.1574392497086934	0.2863528230427805
135.8609304652326	0.1574274650978489	0.2864748789391272
135.99399699849926	0.1571089693447455	0.28629375695382714
136.12706353176588	0.15692241681254498	0.2861283865963311
136.2601300650325	0.15682539251001543	0.2857333140604763
136.39319659829914	0.15709162854124956	0.2850233704692596
136.52626313156577	0.15696028407808216	0.285367980445334
136.65932966483243	0.15683022748908992	0.28599682360529166
136.79239619809906	0.1569829030729423	0.28632848650865544
136.92546273136568	0.1571593249850248	0.28713808879464925
137.0585292646323	0.15674581556225983	0.2874693391782727
137.19159579789894	0.15651325299165372	0.2870028031259162
137.32466233116557	0.1571818926640537	0.28659922627817985
137.45772886443223	0.15716160253053105	0.28669583253674075
137.59079539769886	0.1572131673409976	0.28718070787926925
137.72386193096548	0.15744335627006387	0.28721325326782743
137.8569284642321	0.15791340603214699	0.28733855804090913
137.98999499749874	0.1576623950536716	0.2872790302109698
138.12306153076537	0.1575138165509727	0.2871804446980796
138.25612806403203	0.15799392982767457	0.2877279510755201
138.38919459729865	0.15774044625523434	0.2880065263753372
138.52226113056528	0.15802302586690534	0.28897191459144916
138.6553276638319	0.15857920146877638	0.2894213111536856
138.78839419709854	0.1583279916864455	0.2892435918939988
138.92146073036517	0.15857353741852512	0.2897938116723379
139.05452726363183	0.15861027360589375	0.2895826343368742
139.18759379689845	0.15796666762447636	0.2893527954881958
139.32066033016508	0.15760917797047352	0.28973353359624365
139.4537268634317	0.15772422640306322	0.28962411184959846
139.58679339669834	0.15810263687236126	0.2898799580530179
139.71985992996497	0.15813242890853205	0.2900287475785669
139.85292646323163	0.15777642675960662	0.28985136728580896
139.98599299649825	0.1576580962923193	0.28961282726577514
140.11905952976488	0.1576819058912941	0.2898400756454812
140.2521260630315	0.157827635236847	0.2903611728861002
140.38519259629814	0.1581157556238376	0.29034285620362726
140.51825912956477	0.15814234603759797	0.29080648454195557
140.65132566283143	0.15847739572985708	0.2910062842415186
140.78439219609805	0.15860797781834873	0.2912854506207518
140.91745872936468	0.15860665046868347	0.2913018926429988
141.0505252626313	0.15843099921411669	0.29106534064825795
141.18359179589794	0.15831951023207982	0.2914403029942805
141.31665832916457	0.1581209751513215	0.29094509670927204
141.44972486243122	0.1582495367880533	0.29027213990222983
141.58279139569785	0.1583633638749654	0.2908168018212448
141.71585792896448	0.15793160920510757	0.2912490344958926
141.8489244622311	0.15796727721566795	0.29140348754154605
141.98199099549774	0.15783251094021863	0.2914397039468814
142.11505752876437	0.15770325587728806	0.2911682007610746
142.24812406203102	0.1577828602429566	0.29059421002136043
142.38119059529765	0.15799055113093113	0.29009296333603696
142.51425712856428	0.15811058457189583	0.29077913946851897
142.6473236618309	0.1576771899448103	0.29122823957071536
142.78039019509754	0.15742905023265344	0.2905874560383602
142.91345672836417	0.15749894299908526	0.29017190087294553
143.04652326163082	0.1572301702044769	0.2903907106231807
143.17958979489745	0.15706001521237478	0.2898373195690874
143.31265632816408	0.15737713171784842	0.2900721146387953
143.4457228614307	0.1579864875955402	0.29044551525354295
143.57878939469734	0.15840976227923673	0.29002579494061625
143.71185592796397	0.15834713404303127	0.2899265214672541
143.84492246123062	0.15808705205887372	0.2905000749201047
143.97798899449725	0.15818503862802957	0.2911130134832831
144.11105552776388	0.1587126221175764	0.29090020698662405
144.2441220610305	0.15917312765420571	0.29019118882485656
144.37718859429714	0.15919640848960936	0.28993609590299213
144.51025512756377	0.15912048993180847	0.29038550141801023
144.64332166083042	0.15861452136236243	0.29088953806930906
144.77638819409705	0.1582805669938179	0.29021851167288043
144.90945472736368	0.158711386073091	0.2903936430746693
145.0425212606303	0.1586753492895544	0.2909348134748594
145.17558779389694	0.15915621421058015	0.2909873139783786
145.30865432716357	0.1594714974145231	0.2908709838777815
145.44172086043022	0.15949606953475876	0.29032222304200545
145.57478739369685	0.15933969989259142	0.29026294454578805
145.70785392696348	0.15911990702713694	0.2912306134213318
145.8409204602301	0.15917490259361028	0.2915066451701415
145.97398699349674	0.15901360429112646	0.29056704343134865
146.10705352676337	0.15897959754000607	0.2903964710623196
146.24012006003002	0.15906236218205616	0.29044782553471243
146.37318659329665	0.15932189885861855	0.29030293984144867
146.50625312656328	0.15916981209962203	0.2907817169305447
146.6393196598299	0.15899400916345496	0.29065957224523536
146.77238619309654	0.1591395773326538	0.290885649309763
146.90545272636317	0.15921077720238075	0.29131219776773826
147.03851925962982	0.1588647253769325	0.2911869601689468
147.17158579289645	0.15858548084172758	0.2916843234939184
147.30465232616308	0.15904385323809375	0.29125960197305695
147.4377188594297	0.1594261758309248	0.29117941859668206
147.57078539269634	0.1596169872646858	0.2914394747267421
147.70385192596297	0.159379632478551	0.29137590199397134
147.83691845922962	0.15898413348646764	0.29145467675751646
147.96998499249625	0.15908209350823993	0.29106768606010436
148.10305152576288	0.15943418887307373	0.29119102795232865
148.2361180590295	0.15948345660024404	0.29158351043201597
148.36918459229614	0.15909569541908306	0.29158864339511603
148.50225112556276	0.158864910977248	0.2917957036418184
148.63531765882942	0.159150768979186	0.29175780506348464
148.76838419209605	0.15902328082759146	0.29188430318790193
148.90145072536268	0.15879350231089592	0.2924522626114901
149.0345172586293	0.15916129846467295	0.2919830416986808
149.16758379189594	0.1595417098755369	0.2923035543769125
149.30065032516256	0.15976968165643307	0.2932050420161946
149.43371685842922	0.16017009727617607	0.2925830370973309
149.56678339169585	0.16026705980994874	0.2925204503535645
149.69984992496248	0.15985966825846162	0.29273649560979126
149.8329164582291	0.15955084101403488	0.2930476318037893
149.96598299149574	0.15928778517959843	0.2928066246723513
150.09904952476236	0.15964299240706925	0.29226782422058306
150.23211605802902	0.15944554196147284	0.2924011056063146
150.36518259129565	0.15911756266271176	0.29105696345131987
150.49824912456228	0.15944445045378028	0.29063219943480584
150.6313156578289	0.1596852566145327	0.29063272474981977
150.76438219109554	0.1596040036766972	0.2903887998416233
150.89744872436216	0.1594033363300047	0.2904857829622268
151.03051525762882	0.15925677178441122	0.2905001629838187
151.16358179089545	0.15876289567695914	0.2903317071595807
151.29664832416208	0.15876343567783582	0.28994194284406083
151.4297148574287	0.15857991873404395	0.2902201362500671
151.56278139069533	0.15889288318787045	0.29016762500026944
151.69584792396196	0.1592480138551767	0.2898585661763152
151.82891445722862	0.15923459397957085	0.28959608525309394
151.96198099049525	0.1597294369943083	0.28975824556275526
152.09504752376188	0.15971880733072213	0.28956707346759175
152.2281140570285	0.1595613145695658	0.28869193330581017
152.36118059029513	0.15980701278600742	0.28887696004623553
152.49424712356176	0.16007457464410368	0.2896475055463132
152.62731365682842	0.16013707151281756	0.2895087912380318
152.76038019009505	0.16020510568466878	0.2894646968219488
152.89344672336168	0.16078662896804824	0.2892440397841921
153.0265132566283	0.1613118389455624	0.2894083083444698
153.15957978989493	0.1614537508796682	0.28975085368478765
153.2926463231616	0.16109232532752485	0.2896102634453619
153.42571285642822	0.16163833010193943	0.28980119999123155
153.55877938969485	0.1620263962926294	0.2902362736125351
153.69184592296148	0.16150436778780047	0.29003846262170135
153.8249124562281	0.1611168386084471	0.2897613928038223
153.95797898949473	0.16091052788638663	0.28990003164445294
154.0910455227614	0.16106204771068086	0.2898517673398026
154.22411205602802	0.16106201785552474	0.28963876871722216
154.35717858929465	0.16082708779011526	0.28904694319335494
154.49024512256128	0.16087523081626398	0.28886991132946993
154.6233116558279	0.16121176338599325	0.2887008162595851
154.75637818909453	0.1615535391783165	0.28868267814586646
154.8894447223612	0.1615137580614336	0.2890303474801635
155.02251125562782	0.1617193664738211	0.2889586353363368
155.15557778889445	0.16193879084389565	0.288677647472579
155.28864432216108	0.1621630918303897	0.2885262346721415
155.4217108554277	0.16247459411898135	0.2884536305789176
155.55477738869433	0.16272038715654805	0.28929181032398027
155.687843921961	0.16247682344817696	0.2895769087827835
155.82091045522762	0.16219944973840905	0.28917415782172945
155.95397698849425	0.1623082880140623	0.2890654203205115
156.08704352176088	0.16218168106870634	0.28915493792940694
156.2201100550275	0.16221624892038583	0.28961409945481864
156.35317658829413	0.16231077890600445	0.2902148272994992
156.4862431215608	0.16207359764484106	0.2899200727748854
156.61930965482742	0.16200767063274302	0.2897715674084003
156.75237618809405	0.162130437847917	0.2899956298959776
156.88544272136068	0.16241099836130393	0.2897769594035148
157.0185092546273	0.16244707139228118	0.2894621701406266
157.15157578789393	0.16214383629164492	0.28947646568406626
157.2846423211606	0.16216364887025003	0.28960130406200135
157.41770885442722	0.1626416268790433	0.2897991895995197
157.55077538769385	0.1628688964661895	0.2896837838381628
157.68384192096048	0.16269428744825795	0.2895588324950466
157.8169084542271	0.1627616037151311	0.28966357519386166
157.94997498749373	0.16329360173097685	0.2894875769538052
158.0830415207604	0.16313639835486743	0.28949947472979803
158.21610805402702	0.16289929436762698	0.29021362698183956
158.34917458729365	0.16338778371004864	0.29025478255984855
158.48224112056027	0.16330387683225336	0.2902868069603316
158.6153076538269	0.16276031323432627	0.29103155077084125
158.74837418709353	0.16261747056115633	0.2917240466394231
158.8814407203602	0.16196932339888934	0.2919999673754089
159.01450725362682	0.1618128144649471	0.2922721200464086
159.14757378689345	0.16231919163951408	0.29225347734008306
159.28064032016007	0.16166057161911607	0.29174324709898886
159.4137068534267	0.1613371029149803	0.29130655690499974
159.54677338669333	0.16116143841903474	0.2909560150133113
159.67983991996	0.16092470290725203	0.29117406544388413
159.81290645322662	0.16083244131283572	0.2910024735671335
159.94597298649325	0.1608999587207494	0.2912017219132916
160.07903951975987	0.16074199628523156	0.2914787648324691
160.2121060530265	0.16047544263534003	0.2910300457234013
160.34517258629313	0.16086889091484488	0.29144698343159603
160.4782391195598	0.16116455001623883	0.2912214802182819
160.61130565282642	0.1613235978743677	0.2908879621256321
160.74437218609305	0.1613652819145637	0.29070165558693994
160.87743871935967	0.16096877515539892	0.29051488638922274
161.0105052526263	0.1612729742099363	0.29053772700721925
161.14357178589293	0.16173709942739395	0.2910551215928643
161.2766383191596	0.16172515021158732	0.2915202079922213
161.40970485242622	0.1616796070172899	0.29133978222035256
161.54277138569284	0.1615159434761087	0.2911320943512555
161.67583791895947	0.16135605339395312	0.29113310728719344
161.8089044522261	0.1609259068018812	0.2909261662425058
161.94197098549273	0.16114993345580533	0.2910048167157356
162.0750375187594	0.16190319634053396	0.290782569792745
162.20810405202602	0.16177921780981372	0.29096115384484883
162.34117058529264	0.16133279703941844	0.2907926803736905
162.47423711855927	0.1619207131549878	0.29082903921982145
162.6073036518259	0.16194601741560247	0.29100601246356894
162.74037018509253	0.1614746865136859	0.29095384260270535
162.8734367183592	0.1617690162208375	0.29103758101072064
163.00650325162582	0.16217108400690172	0.2903517561521242
163.13956978489244	0.16196859303192157	0.2899422129354257
163.27263631815907	0.1618369815886422	0.29068141095515587
163.4057028514257	0.1624461978101451	0.290527575249143
163.53876938469233	0.1629523696311622	0.28990983303920037
163.671835917959	0.1628417733562689	0.2892035215817062
163.80490245122562	0.16247224629755777	0.2896364290071201
163.93796898449224	0.16255157857825875	0.2903986562358132
164.07103551775887	0.16290920614984516	0.29012961123634895
164.2041020510255	0.16313130844001514	0.29044299079492286
164.33716858429213	0.16310517954778866	0.2904285900730999
164.4702351175588	0.16370757307785763	0.2902967054068769
164.60330165082541	0.16366893495324406	0.28995946105895465
164.73636818409204	0.16385766985561087	0.2900202026069379
164.86943471735867	0.16429564784965892	0.2897589428605332
165.0025012506253	0.16362897582611746	0.2902705126810725
165.13556778389193	0.16407288732734682	0.29031987470121995
165.2686343171586	0.16469431043962335	0.289939936800823
165.40170085042521	0.16527267183122718	0.28946804820018185
165.53476738369184	0.1652413716106772	0.2900584099246736
165.66783391695847	0.16554655100578428	0.2913673383956588
165.8009004502251	0.16567729253863037	0.291825280531683
165.93396698349173	0.16520801148281428	0.2912838956490378
166.06703351675839	0.16505058584103202	0.291645255161793
166.20010005002501	0.16495345135383985	0.2923003032631068
166.33316658329164	0.164695286331962	0.2928939485544812
166.46623311655827	0.16469650547583828	0.2920997710143665
166.5992996498249	0.16520886892998707	0.2913639736738552
166.73236618309153	0.16512439220369393	0.2906763093490851
166.86543271635819	0.1648199890774201	0.29049962942499474
166.9984992496248	0.16543078596852556	0.29038327538133174
167.13156578289144	0.16563539852095804	0.29043273021536853
167.26463231615807	0.16488376934464646	0.29036750298947056
167.3976988494247	0.16481739253091668	0.290290427005397
167.53076538269133	0.16533292185740017	0.29049368635783773
167.66383191595799	0.16519084986808277	0.28994428103987624
167.7968984492246	0.16507287974895185	0.28943363645960773
167.92996498249124	0.16502241101659282	0.2895671529712128
168.06303151575787	0.16516716962064132	0.28986654961614167
168.1960980490245	0.16562838249530765	0.2901334605816594
168.32916458229113	0.16553427188341116	0.2905263208859654
168.46223111555778	0.16541473103550838	0.2908601920266905
168.5952976488244	0.16531618633048462	0.29116226380429555
168.72836418209104	0.16491178673959223	0.2911562522493081
168.86143071535767	0.1649318294244143	0.2920283880132574
168.9944972486243	0.16532244746799665	0.292124245573659
169.12756378189093	0.16561785245478913	0.2916362468347474
169.26063031515758	0.1657915979398976	0.2917835440045978
169.3936968484242	0.16584197670630663	0.29184163011126074
169.52676338169084	0.16588140275910068	0.29165659996163285
169.65982991495747	0.16596594173736953	0.29170149850079824
169.7928964482241	0.16584165275732748	0.2917068443120228
169.92596298149073	0.16565142560340368	0.2918810991594115
170.05902951475738	0.16552937642515556	0.2919100816322906
170.192096048024	0.16556783932534042	0.2915967400964278
170.32516258129064	0.16575838805850523	0.2916068581231366
170.45822911455727	0.16609500227707083	0.29159076027293795
170.5912956478239	0.16583321400756632	0.29137884030511624
170.72436218109056	0.1656011937574456	0.2910366927702328
170.85742871435718	0.16527119108890725	0.29102991849863835
170.9904952476238	0.16483302641507644	0.2910176744868829
171.12356178089044	0.16496703391457512	0.29099954680585555
171.25662831415707	0.1653711150512883	0.2905182284390742
171.3896948474237	0.16554008220430746	0.29059295179913613
171.52276138069035	0.16549470197352276	0.29054197265270926
171.65582791395698	0.1653420395379881	0.2909436854988933
171.7888944472236	0.16537128502279488	0.2912260405166144
171.92196098049024	0.1653539754232752	0.29104030814930726
172.05502751375687	0.1649779887177649	0.2911201248129579
172.1880940470235	0.16509404676183073	0.2917400066874601
172.32116058029015	0.1650678056896655	0.29207277138637233
172.45422711355678	0.16476155727095107	0.2917829902117514
172.5872936468234	0.16462124266965722	0.29180823595157873
172.72036018009004	0.1647359269974305	0.2918272120403759
172.85342671335667	0.1647741924147914	0.2915271429540389
172.9864932466233	0.16479583179207596	0.2911921565914983
173.11955977988995	0.16482017777036997	0.2908647652589972
173.25262631315658	0.1655054276806012	0.290832379513601
173.3856928464232	0.16503337527611314	0.29058788308026284
173.51875937968984	0.16475342908893192	0.29071261112495794
173.65182591295647	0.165091143796027	0.29123584058434804
173.7848924462231	0.16521496794883894	0.2919456029278332
173.91795897948975	0.16517794056298044	0.2922666043259063
174.05102551275638	0.16521786186910292	0.2915915005644119
174.184092046023	0.16538112215116912	0.29080854381882887
174.31715857928964	0.16564746063358013	0.2900498467815039
174.45022511255627	0.165034883381075	0.2900260750495206
174.5832916458229	0.16490248028498655	0.2901500610540101
174.71635817908955	0.16513723282909926	0.289818416456008
174.84942471235618	0.16492587274185028	0.28993548392267215
174.9824912456228	0.16465694214775153	0.2902726624009821
175.11555777888944	0.16427913929917382	0.29035363474171105
175.24862431215607	0.16449633428063484	0.2907100651169939
175.3816908454227	0.16417696810607363	0.2913772627024543
175.51475737868935	0.16416346677214402	0.29117586928945305
175.64782391195598	0.16477469129468397	0.2910671663747918
175.7808904452226	0.1647173544466885	0.29103584853117126
175.91395697848924	0.16503104395668464	0.2908888097644974
176.04702351175587	0.16561289382626818	0.2907584232383251
176.1800900450225	0.16589133876569956	0.2909328902119459
176.31315657828915	0.16559434122692793	0.2908709257009991
176.44622311155578	0.16528449197935016	0.29080270582982154
176.5792896448224	0.16460587373650365	0.29023824680335775
176.71235617808904	0.1644094530516999	0.28990472055260585
176.84542271135567	0.1641319291542563	0.28998861648568836
176.9784892446223	0.16444393463582097	0.2897262861733473
177.11155577788895	0.1648163936454149	0.28976402379082344
177.24462231115558	0.16457326209902973	0.29013397868954555
177.3776888444222	0.16472903802230007	0.2908903101405281
177.51075537768884	0.16505700807064747	0.29054625056270617
177.64382191095547	0.16491652005666974	0.290230877505909
177.7768884442221	0.16569426271566334	0.2901178233495565
177.90995497748875	0.16596054881598887	0.28999754666934796
178.04302151075538	0.16591929323136378	0.290072922736313
178.176088044022	0.16587487868846718	0.28928486318871655
178.30915457728864	0.16583318167605057	0.2887199135272587
178.44222111055527	0.16577043987889473	0.28872653581914764
178.5752876438219	0.16522378238393298	0.2891796996599971
178.70835417708855	0.16465192989742586	0.28935684728402206
178.84142071035518	0.16408319024723825	0.2892811032091579
178.9744872436218	0.16428873304262218	0.2888439074053604
179.10755377688844	0.16503685420574998	0.28916453797314506
179.24062031015507	0.16533279646011773	0.28936348810829
179.3736868434217	0.16535943735873684	0.2896881866030586
179.50675337668835	0.16549533658331442	0.29023095520751324
179.63981990995498	0.16472575155184627	0.290305821798829
179.7728864432216	0.16465699978498494	0.2895494741045166
179.90595297648824	0.16511657192674783	0.28949742938395073
180.03901950975487	0.16565384227811455	0.28934423464336795
180.1720860430215	0.16601829936889878	0.2892206241649908
180.30515257628815	0.16640412542794905	0.2896250548861642
180.43821910955478	0.16625149105605344	0.28992816635818025
180.5712856428214	0.16573896271737198	0.28943549558257303
180.70435217608804	0.1656287621797335	0.2898508342988282
180.83741870935467	0.16577287939253638	0.29024120269066145
180.9704852426213	0.16577564126025515	0.289603810564472
181.10355177588795	0.16547501978558182	0.28958570598363975
181.23661830915458	0.16492919369690323	0.2898641948313019
181.3696848424212	0.1646157434523718	0.28967378300374125
181.50275137568784	0.16435301095126065	0.2902087952646035
181.63581790895446	0.16482251599860923	0.2898853088033044
181.7688844422211	0.16494584338489598	0.28939327678022914
181.90195097548775	0.16539600523819398	0.2894647754723358
182.03501750875438	0.16570983856271324	0.28883631865940673
182.168084042021	0.16553360361064132	0.2886987678659839
182.30115057528764	0.1649733277335243	0.28813039178791733
182.43421710855426	0.1647991462987807	0.2882875354987164
182.5672836418209	0.16463341689078606	0.2886784142383126
182.70035017508755	0.1642327891959264	0.2888462407498681
182.83341670835418	0.16459868719162082	0.2890904192451723
182.9664832416208	0.1652114709026016	0.289437118124414
183.09954977488744	0.16544637619995686	0.28909881018615974
183.23261630815406	0.16588290825774626	0.289273783703317
183.3656828414207	0.1659858222319441	0.2890979750389341
183.49874937468735	0.16561702509159354	0.28837002175424137
183.63181590795398	0.16527254795467955	0.28817059789584715
183.7648824412206	0.16516983748022954	0.289152178201061
183.89794897448724	0.16560256518862676	0.28975431821749775
184.03101550775386	0.16555165145859127	0.2897227973215248
184.1640820410205	0.16562198776219458	0.2890850398244948
184.29714857428715	0.16550980724304934	0.28961644207964354
184.43021510755378	0.1651406716458435	0.2896612695496051
184.5632816408204	0.1650550616149473	0.289667392710652
184.69634817408703	0.16553642578310993	0.2895405872596188
184.82941470735366	0.16612910978172316	0.2892885769322586
184.9624812406203	0.16670627242055056	0.28848916289014237
185.09554777388695	0.1661675015900726	0.28911153338433787
185.22861430715358	0.16562016857305545	0.28937681516601405
185.3616808404202	0.1657558765223517	0.28914573832010665
185.49474737368683	0.1657736764544069	0.28964834185234495
185.62781390695346	0.16559606099557847	0.2898053362639133
185.7608804402201	0.1660688754046241	0.28956754477029345
185.89394697348675	0.16627249853531753	0.28878462928753446
186.02701350675338	0.1665234525884313	0.28790566710396753
186.16008004002	0.1663688234002812	0.28868437552082565
186.29314657328663	0.16600199970658006	0.28912010615041706
186.42621310655326	0.1661123737701863	0.2894282450985401
186.5592796398199	0.16653537333050802	0.2896744432729191
186.69234617308655	0.16688118100987762	0.2897319324497991
186.82541270635318	0.16671322706553704	0.2898434325584989
186.9584792396198	0.16679564820896625	0.2898800333597209
187.09154577288643	0.16689442944120975	0.29040970322449144
187.22461230615306	0.16693453429587152	0.290640854972189
187.3576788394197	0.16712641965167427	0.2907684576346788
187.49074537268635	0.16748492665777448	0.29026882304188684
187.62381190595298	0.1674847535952267	0.29048239693534555
187.7568784392196	0.16705070519786183	0.29077857654161116
187.88994497248623	0.1670190285986135	0.2911516495906796
188.02301150575286	0.16668200285486964	0.29116908304692185
188.15607803901952	0.1666382264624303	0.29075632257120526
188.28914457228615	0.16671716033466089	0.29067250952704526
188.42221110555278	0.1673008667576858	0.29093166742639576
188.5552776388194	0.16759648893725002	0.29042204333816773
188.68834417208603	0.16756815424938803	0.2901606331082171
188.82141070535266	0.16775126134008053	0.29062439081793734
188.95447723861932	0.16813072393143672	0.29117838766421716
189.08754377188595	0.16873295223950768	0.2920885721329626
189.22061030515258	0.16793619298342044	0.29180895547987995
189.3536768384192	0.16741521424313344	0.29154326883483256
189.48674337168583	0.16765390128760144	0.2920335326211721
189.61980990495246	0.1682008772623602	0.29229804806755855
189.75287643821912	0.16743328151262904	0.29132316358670685
189.88594297148575	0.1672466332888306	0.2916357454310812
190.01900950475238	0.16769520626695822	0.2915760378009851
190.152076038019	0.16829397929958326	0.2909318918785934
190.28514257128563	0.16808942542295002	0.29125715910679084
190.41820910455226	0.16767485524716524	0.29135224994056036
190.55127563781892	0.16831177727486843	0.2909895833230322
190.68434217108555	0.16830534296507416	0.29100769397263376
190.81740870435218	0.1683244357357562	0.29096056491291156
190.9504752376188	0.16856749633542742	0.2911462998410621
191.08354177088543	0.1687706318760238	0.2909821588873824
191.21660830415206	0.16893365710606498	0.2903954615043776
191.34967483741872	0.1685237688186061	0.2897633426892483
191.48274137068535	0.16851905753969731	0.2896895188337484
191.61580790395197	0.16795218591330985	0.29030289599635256
191.7488744372186	0.16774609729086043	0.29080770759720254
191.88194097048523	0.16748618608066546	0.2905231632744046
192.01500750375186	0.16717851443455015	0.29031727645435657
192.14807403701852	0.1674201280981602	0.29015955211107936
192.28114057028515	0.1674541231477758	0.290014428192929
192.41420710355177	0.1674766216131303	0.2900240370972497
192.5472736368184	0.1681082715373364	0.2896764176397016
192.68034017008503	0.16823572435709536	0.2888462984257413
192.81340670335166	0.1686609200276891	0.2881886911010438
192.94647323661832	0.1688171326273582	0.28808809353304604
193.07953976988495	0.16905753266079593	0.2882975444421889
193.21260630315157	0.16959579895817684	0.2886380847226539
193.3456728364182	0.16931051612945724	0.2882079058599976
193.47873936968483	0.16858032053840805	0.2884767184430045
193.61180590295146	0.16825441226581267	0.28893720578523197
193.74487243621812	0.16813500233458986	0.2893927160905889
193.87793896948475	0.16833207546492726	0.28934552091397764
194.01100550275137	0.16831175383770164	0.28975770653659705
194.144072036018	0.16861772116466087	0.2903976991985456
194.27713856928463	0.1685999858923179	0.29065737471958486
194.41020510255126	0.16800718694151837	0.2909617935363971
194.54327163581792	0.16794362311974395	0.29102001377051895
194.67633816908454	0.16788594986529473	0.2907149200222039
194.80940470235117	0.16786126458503442	0.29144249623031643
194.9424712356178	0.1684127251278044	0.2909409081896044
195.07553776888443	0.1688903920989808	0.2908059602692643
195.20860430215106	0.16859351796795033	0.29114030811254926
195.34167083541772	0.16874995936899276	0.2909736891509422
195.47473736868434	0.16942835188830455	0.2906903887706518
195.60780390195097	0.16959230268686576	0.2913630721378691
195.7408704352176	0.16954693565530204	0.29120650921313584
195.87393696848423	0.16953001835833137	0.2908904938769581
196.00700350175086	0.16947542353181783	0.2918448370390139
196.14007003501752	0.16913116523713284	0.2922923481900858
196.27313656828414	0.16923560363606693	0.2924814112416865
196.40620310155077	0.16943830772774254	0.29207808113242195
196.5392696348174	0.16924942289701636	0.29190607337702285
196.67233616808403	0.16962803696821024	0.2925264297291375
196.80540270135066	0.17002264833730465	0.2923345509011966
196.93846923461732	0.16963726324982564	0.2923846328280677
197.07153576788394	0.16958065143318038	0.2924117815510889
197.20460230115057	0.1693681655865571	0.2925685690192485
197.3376688344172	0.16903985210546105	0.2927490789323043
197.47073536768383	0.1691460825559669	0.29244512626213187
197.60380190095046	0.16971837432260664	0.29239881719933203
197.73686843421712	0.1690215934565929	0.2921329561365103
197.86993496748374	0.16912657294651395	0.2922388919997538
198.00300150075037	0.16902854559285319	0.2917596222034127
198.136068034017	0.16862495509536263	0.2914966622545214
198.26913456728363	0.16891210671944118	0.2912477594843432
198.40220110055026	0.16886568900683363	0.29140658705519096
198.53526763381691	0.16916352668858325	0.29185603026291745
198.66833416708354	0.16935455428896617	0.29138756251612163
198.80140070035017	0.1688427654593108	0.2908534766980832
198.9344672336168	0.1683658881678067	0.2914492276180349
199.06753376688343	0.16833043960670402	0.29182397450890235
199.20060030015006	0.16793657018066704	0.2920988986046162
199.33366683341671	0.16819979356068737	0.29175310461778675
199.46673336668334	0.16872237271410148	0.2921175175291508
199.59979989994997	0.16843623001035385	0.2920828282813581
199.7328664332166	0.1685377641676185	0.2920539400149093
199.86593296648323	0.16867731996264881	0.2911788022124335
199.99899949974986	0.16882871444200168	0.29112018294889946
200.1320660330165	0.16936891169927495	0.291553972845367
200.26513256628314	0.16885098271405385	0.2910830066022289
200.39819909954977	0.1691958147314241	0.29129225938228975
200.5312656328164	0.1688644804663993	0.29146835817258304
200.66433216608303	0.16895845054435663	0.2916727638907298
200.79739869934966	0.16892836671259948	0.292065940046377
200.9304652326163	0.16912024126560632	0.2916971863382617
201.06353176588294	0.1691614303198737	0.2923097169229664
201.19659829914957	0.16884192839319542	0.29232210250439805
201.3296648324162	0.16815022431613974	0.29222300747973706
201.46273136568283	0.1679493344284709	0.29236609503109223
201.59579789894946	0.1681642226788971	0.29220216121691944
201.7288644322161	0.16815127662127788	0.292005062798804
201.86193096548274	0.16795412112659194	0.29214324047286727
201.99499749874937	0.16790081201143142	0.29230276533938476
202.128064032016	0.16744021581523297	0.29199431445070634
202.26113056528263	0.16734883419401228	0.2920739068693727
202.39419709854926	0.16691282373578512	0.29252588611532104
202.5272636318159	0.16723606002407077	0.29249994216928177
202.66033016508254	0.16743119324269165	0.29241991717502436
202.79339669834917	0.1681668015905328	0.29286663572739174
202.9264632316158	0.16851604163017878	0.29247948526601575
203.05952976488243	0.16875919983562687	0.2923086087270813
203.19259629814906	0.1694260466524616	0.29181234713525794
203.3256628314157	0.16918538314095075	0.2914736224069035
203.45872936468234	0.169358893746761	0.2912436189258854
203.59179589794897	0.1691721357166677	0.29162860365897586
203.7248624312156	0.16887453443929945	0.2921012979125076
203.85792896448223	0.1690394452155781	0.2917669894684307
203.99099549774886	0.16909838452535958	0.29178597208380413
204.1240620310155	0.16918163297742206	0.29185374372506057
204.25712856428214	0.16909156566155378	0.2923501108428869
204.39019509754877	0.16886407458501565	0.292129531196371
204.5232616308154	0.16886253940081428	0.2924827913021993
204.65632816408203	0.16894674328065096	0.2925757456038535
204.78939469734868	0.16928288037098285	0.29223902185717887
204.9224612306153	0.16971028487754927	0.2924316074758594
205.05552776388194	0.1697384745579285	0.2925643884920683
205.18859429714857	0.16928002787408034	0.29307714109000815
205.3216608304152	0.16941512062356356	0.2933416872884145
205.45472736368183	0.16913021997128802	0.2932463418787895
205.58779389694848	0.16897366319391235	0.2929312361630348
205.7208604302151	0.16890063836982208	0.29235902236053773
205.85392696348174	0.16918261066173268	0.2928590999371665
205.98699349674837	0.16881210972646737	0.29261185635628306
206.120060030015	0.16871329186006545	0.2932101950273151
206.25312656328163	0.16902058870332354	0.29388414154749476
206.38619309654828	0.1684357339617954	0.2939525940865375
206.5192596298149	0.16893713395947332	0.2938153998370955
206.65232616308154	0.16859582677242727	0.293649859557308
206.78539269634817	0.16817025434561436	0.2936451325942324
206.9184592296148	0.16824582824907217	0.2943084564599259
207.05152576288143	0.1683002083732636	0.2945972809685295
207.18459229614808	0.1686292605648367	0.29376741659378525
207.3176588294147	0.16826349286933887	0.293866374958592
207.45072536268134	0.16801424024438866	0.2942455426176566
207.58379189594797	0.167882537898885	0.29398229283939326
207.7168584292146	0.16809010305433905	0.293504083100488
207.84992496248123	0.16820979365186622	0.2937962289912204
207.98299149574788	0.16808438891718572	0.29404471784634484
208.1160580290145	0.16786083336212346	0.29468974029094025
208.24912456228114	0.1677029102812585	0.2947217137806861
208.38219109554777	0.16751029930366312	0.2946998368459331
208.5152576288144	0.16767777628262495	0.2955146676874493
208.64832416208102	0.16760946637806867	0.29580108297209795
208.78139069534768	0.16750124678421005	0.2963156498281111
208.9144572286143	0.16707965108247957	0.29604849810442097
209.04752376188094	0.1673366522725283	0.2959693552709032
209.18059029514757	0.1676778777431031	0.2951799948169008
209.3136568284142	0.16811895758161918	0.2949364535110263
209.44672336168082	0.16802172368049212	0.294684715881689
209.57978989494748	0.1676514296539116	0.2936585264994982
209.7128564282141	0.1677592369153042	0.29356045783859197
209.84592296148074	0.16705284011549357	0.29388949639644163
209.97898949474737	0.16690639207696392	0.2942549249727191
210.112056028014	0.16695779254946994	0.29460258092803476
210.24512256128062	0.16670268313770048	0.2939206176232856
210.37818909454728	0.16703114023053184	0.2938925215402247
210.5112556278139	0.16696749302315103	0.2938907968981673
210.64432216108054	0.1671354185997303	0.2932952113183483
210.77738869434717	0.1680052909332564	0.29298843781261213
210.9104552276138	0.1678910537600086	0.2933136190381224
211.04352176088042	0.16751036148334342	0.29429785088888333
211.17658829414708	0.16771330954614058	0.2940873830233402
211.3096548274137	0.16790159582553116	0.29389221075269306
211.44272136068034	0.16802936973242058	0.2938730741426164
211.57578789394697	0.16788861204607225	0.29341391919243437
211.7088544272136	0.16846628877512837	0.29262544285824793
211.84192096048022	0.16855936621973383	0.29207721065704584
211.97498749374688	0.1687922792925866	0.29244077261333645
212.1080540270135	0.1692374756661665	0.2930509799587109
212.24112056028014	0.16994676313091742	0.2932953687085494
212.37418709354677	0.1696400878889312	0.29341660392414903
212.5072536268134	0.16993672120400502	0.29390079840861816
212.64032016008002	0.1700476743497215	0.29380317743409856
212.77338669334668	0.16995035642537273	0.2936909584763225
212.9064532266133	0.1701294570913466	0.29327975011374263
213.03951975987994	0.17021218260568974	0.2934518125981078
213.17258629314657	0.17013887747167672	0.2930180002171722
213.3056528264132	0.16966033882246725	0.2923303615690504
213.43871935967982	0.16935659657044635	0.2927061716347895
213.57178589294648	0.16902147429441977	0.2928455159856681
213.7048524262131	0.16909533788582468	0.2929631166665569
213.83791895947974	0.1688693737099295	0.29411853655926196
213.97098549274637	0.1685806806154553	0.2945291936293397
214.104052026013	0.16851707466790233	0.2937018527119612
214.23711855927962	0.16885672950558248	0.29383775562242226
214.37018509254628	0.16930447683260116	0.2930433937069479
214.5032516258129	0.16977853452987926	0.29284372991761026
214.63631815907954	0.17020336168890227	0.29341361670471633
214.76938469234616	0.1699582483335638	0.2927375170504728
214.9024512256128	0.1701534258847147	0.29257147315054555
215.03551775887942	0.17061308051076196	0.2923962433113939
215.16858429214608	0.17071613949162504	0.29260298766246
215.3016508254127	0.1712498008119588	0.29253617393364384
215.43471735867934	0.17041514372477448	0.29221018151816164
215.56778389194596	0.1704865249193595	0.29228787107008597
215.7008504252126	0.17053196240141996	0.2926164249084982
215.83391695847922	0.1707099972615187	0.29199245688400954
215.96698349174588	0.17085624666508434	0.2919490915501772
216.1000500250125	0.17078523791506298	0.29187878023423197
216.23311655827914	0.17070982953942584	0.2931174019448836
216.36618309154576	0.170899286487799	0.29353674305260125
216.4992496248124	0.17109543010822043	0.2941429275276781
216.63231615807902	0.17018876087285637	0.29565754371080033
216.76538269134568	0.17029066606843696	0.29582986984629395
216.8984492246123	0.17015737049829047	0.2957766212449736
217.03151575787894	0.17023295440809397	0.29622404878776276
217.16458229114556	0.16995733914147537	0.29631007089126515
217.2976488244122	0.17010088568738183	0.2953383615114061
217.43071535767882	0.17010595181907925	0.2954948184350683
217.56378189094548	0.17003555147170787	0.2953008507172579
217.6968484242121	0.17027845209006895	0.2951134539092898
217.82991495747874	0.170574330178983	0.2942711232757012
217.96298149074536	0.1704616317452129	0.2948935962985389
218.096048024012	0.17045803612798263	0.2954344636577177
218.22911455727862	0.1706135209370272	0.295131193947962
218.36218109054528	0.16979390159608942	0.29513799469962737
218.4952476238119	0.16981994957514968	0.2954000632624377
218.62831415707853	0.17026827337064052	0.2949664862878244
218.76138069034516	0.17005763061026222	0.29541035303188623
218.8944472236118	0.17025259912121252	0.29530249769484024
219.02751375687842	0.1705561511156258	0.29536957241315687
219.16058029014508	0.17083494682882683	0.29532801013573756
219.2936468234117	0.17058032202928164	0.29535978494742027
219.42671335667833	0.17088236118024117	0.2945269136850145
219.55977988994496	0.17115642666973668	0.29461661489075824
219.6928464232116	0.17133104315935072	0.29390115532829536
219.82591295647822	0.17129710193379946	0.29428117824144023
219.95897948974488	0.17162230544973223	0.2946078099971593
220.0920460230115	0.17179330697538223	0.29410487211689335
220.22511255627813	0.17247744228017853	0.2942360384032568
220.35817908954476	0.17195171515214908	0.2938301477534787
220.4912456228114	0.1715838303093133	0.2935451912296458
220.62431215607802	0.17226796313909784	0.29370377342047643
220.75737868934468	0.17238408824650794	0.29377631506867996
220.8904452226113	0.17254379196394506	0.29371408352329803
221.02351175587793	0.17233081591959934	0.29326947333508363
221.15657828914456	0.17194615471268784	0.29307152519591406
221.2896448224112	0.17234444514938801	0.2931771327512825
221.42271135567785	0.17217086125278588	0.2939537136952476
221.55577788894448	0.17248073971489547	0.29398519383035476
221.6888444222111	0.1723423746645227	0.2940518393240398
221.82191095547773	0.1728270031966515	0.2943562075029018
221.95497748874436	0.1722108377179949	0.29404678088568825
222.088044022011	0.17175063190447765	0.29406305253207515
222.22111055527765	0.1712245490081249	0.29433511150557157
222.35417708854428	0.1708572003212565	0.29451593049826197
222.4872436218109	0.1702587448395021	0.29452046720009706
222.62031015507753	0.16998441736080297	0.294466339870979
222.75337668834416	0.17024479565139616	0.2946370526803046
222.8864432216108	0.16974870215165863	0.29417359059170534
223.01950975487745	0.1694917052300381	0.29383112779225007
223.15257628814408	0.16936138127972747	0.29338304273117594
223.2856428214107	0.16932341747606913	0.2933259877308267
223.41870935467733	0.16914962020714103	0.2931575748612685
223.55177588794396	0.1695897426557474	0.29247984995802156
223.6848424212106	0.1697177721471888	0.29256162265284996
223.81790895447725	0.16990500695089805	0.29234724432708564
223.95097548774388	0.1699878092490369	0.2920886738186627
224.0840420210105	0.16951950791221157	0.2915643016411814
224.21710855427713	0.16945515918506943	0.29160880122069927
224.35017508754376	0.16980292768396002	0.2915865989586448
224.4832416208104	0.16969286609442014	0.29201880634084026
224.61630815407705	0.16917201066782736	0.2924343564228866
224.74937468734367	0.1697024344096935	0.29195757122752364
224.8824412206103	0.17005471024870353	0.29127846672739355
225.01550775387693	0.17002255509379485	0.29161925993125515
225.14857428714356	0.17022148868843087	0.2907702478225821
225.2816408204102	0.17029557908937068	0.2903783349965732
225.41470735367685	0.17015542605033596	0.2910307553375603
225.54777388694347	0.17045009829751354	0.290263230432674
225.6808404202101	0.17057057907533812	0.2902181217215102
225.81390695347673	0.1705135544683036	0.29068384660713553
225.94697348674336	0.17041145565537255	0.29063212750395595
226.08004002001	0.17048774358716057	0.2901105385029158
226.21310655327665	0.17039870198193835	0.29040017586713923
226.34617308654327	0.16992463041893632	0.2911674504039528
226.4792396198099	0.16992832037822775	0.29097190926995314
226.61230615307653	0.17019527041396046	0.29119572798617904
226.74537268634316	0.17046413848751713	0.2915384915514039
226.8784392196098	0.17082986376912346	0.29119402950194334
227.01150575287645	0.17047231165321386	0.2918323188520598
227.14457228614307	0.17031362595265556	0.2919248715154561
227.2776388194097	0.17044466954963194	0.292322621847691
227.41070535267633	0.17077130198625717	0.29223954195311314
227.54377188594296	0.16983459948557206	0.29262064238456675
227.6768384192096	0.16972797427949185	0.2921618886346315
227.80990495247624	0.16964019331691468	0.2910738813727998
227.94297148574287	0.17001962790212097	0.2910848136059453
228.0760380190095	0.1696149347620233	0.2916385869034601
228.20910455227613	0.16951784201034087	0.29183570390844976
228.34217108554276	0.1697170911024865	0.291911518017696
228.4752376188094	0.16984662788440819	0.29149173771634007
228.60830415207604	0.16972616865373505	0.29077246501889503
228.74137068534267	0.1704154703510338	0.290946262551097
228.8744372186093	0.17039796527418802	0.2904320499456644
229.00750375187593	0.16954124632253584	0.2906054375114536
229.14057028514256	0.1693343553839714	0.2917535127731214
229.2736368184092	0.16901070426921247	0.29183550639166767
229.40670335167584	0.1685072318817267	0.29198213049187527
229.53976988494247	0.16919167834810317	0.2914042111791083
229.6728364182091	0.16933528488649877	0.2913902782216511
229.80590295147573	0.16940411143655967	0.29107817830733484
229.93896948474236	0.1694403411196232	0.2899515405040697
230.072036018009	0.16997245160220384	0.290408100451454
230.20510255127564	0.17010622874077494	0.29029468725111995
230.33816908454227	0.17013123917609804	0.2902615215056667
230.4712356178089	0.17026895546734758	0.290001074664249
230.60430215107553	0.17059280451098643	0.28998110127830984
230.73736868434216	0.1709542291420673	0.2902364920746025
230.8704352176088	0.17037221163224364	0.2902632199481401
231.00350175087544	0.16964123980605444	0.29049852551224425
231.13656828414207	0.16952105058954975	0.29041247150417415
231.2696348174087	0.169573077466871	0.29013620105619625
231.40270135067533	0.17005420383998385	0.2906907205761335
231.53576788394196	0.17013698997348173	0.2903475245120674
231.6688344172086	0.17043076782367397	0.2904033386700211
231.80190095047524	0.17087089383007537	0.29047047714426544
231.93496748374187	0.17056030957748977	0.2905520539856265
232.0680340170085	0.17050173369529797	0.2903057349391728
232.20110055027513	0.17038177784176534	0.2903832860661975
232.33416708354176	0.17061679251093512	0.29107567093176223
232.4672336168084	0.1704884197520026	0.2908419733603932
232.60030015007504	0.17065454970632055	0.2902143893482135
232.73336668334167	0.17100243008527855	0.2894703116929367
232.8664332166083	0.17135259378474174	0.2893153196757721
232.99949974987493	0.17129023945915706	0.28906240591567295
233.13256628314156	0.17184269523792237	0.2890752919635428
233.26563281640819	0.17185772077139289	0.2892505550206563
233.39869934967484	0.17206339168907606	0.28882114426615596
233.53176588294147	0.17235495992077604	0.28861330765699744
233.6648324162081	0.17187937007974494	0.28983981938287723
233.79789894947473	0.17176155968960302	0.28963969305149995
233.93096548274136	0.17155289096461895	0.2898738865074184
234.06403201600799	0.1710682524644819	0.2891929759808342
234.19709854927464	0.1712279800671966	0.28984507185856184
234.33016508254127	0.17099720305100033	0.2897889860331293
234.4632316158079	0.17165393341032004	0.289519429211746
234.59629814907453	0.17229663667833392	0.2887027263233921
234.72936468234116	0.1723451740782139	0.28840017932644113
234.86243121560778	0.1717262021533655	0.2887328944236446
234.99549774887444	0.1719148979267013	0.289253830434032
235.12856428214107	0.17173708742945787	0.28957216156496984
235.2616308154077	0.17150218191445862	0.28988490182863386
235.39469734867433	0.17156204179526044	0.2895589994284347
235.52776388194096	0.1718597046265662	0.2899361845293778
235.66083041520758	0.17226605456123056	0.29032125017343824
235.79389694847424	0.17167434952115287	0.2898668519262594
235.92696348174087	0.1719352139500736	0.2902965492711548
236.0600300150075	0.17258377135915173	0.29007453032122466
236.19309654827413	0.17212513669662244	0.2890405637885817
236.32616308154076	0.17267804450198415	0.28930210653242827
236.45922961480738	0.17272627609157742	0.28933158177622065
236.59229614807404	0.17320137240296427	0.2894258270129729
236.72536268134067	0.1735619010192799	0.28930039174927563
236.8584292146073	0.17357321962291566	0.2888498349243647
236.99149574787393	0.1733943473538933	0.288857129092893
237.12456228114056	0.17363143663206979	0.28944700841451615
237.25762881440718	0.1733739701339473	0.28955193117170636
237.39069534767384	0.17289146528801788	0.28888246437223125
237.52376188094047	0.1732883084628952	0.28898384620042616
237.6568284142071	0.17330899722049764	0.2894325192903126
237.78989494747373	0.17278669184509482	0.28942945852125634
237.92296148074036	0.17242046619360843	0.28924465338798766
238.05602801400698	0.17220071257552072	0.28900049008194895
238.18909454727364	0.1730798591933165	0.28948973330339833
238.32216108054027	0.17283824008182297	0.2897770005598511
238.4552276138069	0.1727355170285545	0.28989156391631715
238.58829414707353	0.1736398407132682	0.2898299917922329
238.72136068034015	0.17343697372547118	0.2893543782285517
238.8544272136068	0.17349091734788166	0.2897131450907984
238.98749374687344	0.1738429698782529	0.28984549282294075
239.12056028014007	0.17336177052195398	0.29083886280986276
239.2536268134067	0.17243392359396026	0.2911661671086874
239.38669334667333	0.17235146976261023	0.2917737214986381
239.51975987993995	0.17226282955072106	0.29126749710048616
239.6528264132066	0.172281107672067	0.2914921129693052
239.78589294647324	0.17268736418979017	0.2916059683417045
239.91895947973987	0.17237383541455922	0.29077345758916684
240.0520260130065	0.17270142938249178	0.29010135802815024
240.18509254627313	0.17313287613999898	0.29042445201017564
240.31815907953975	0.17332490350893512	0.28994703477217254
240.4512256128064	0.1736990300503106	0.28942520969012864
240.58429214607304	0.17341008666473576	0.28920792186172856
240.71735867933967	0.17307803659993476	0.289422574713996
240.8504252126063	0.17369553965550083	0.2892914676283859
240.98349174587293	0.17280505200972604	0.2889775591797296
241.11655827913955	0.17278996924440002	0.28912740201040993
241.2496248124062	0.17259512031420998	0.28914896227873216
241.38269134567284	0.17271561561970228	0.28880824230355173
241.51575787893947	0.17286879290917082	0.28880809004666447
241.6488244122061	0.1730821966615975	0.2884850950617136
241.78189094547272	0.17267848858063306	0.28883361548752406
241.91495747873935	0.17301687106283895	0.28886540562180063
242.048024012006	0.17303935193118372	0.28934811975711905
242.18109054527264	0.17323117517848893	0.2894621210483994
242.31415707853927	0.17279144960944898	0.28897215148036365
242.4472236118059	0.17274760096875055	0.28886140092021134
242.58029014507252	0.17264591265864992	0.2899597946605123
242.71335667833915	0.17211309331520225	0.28981860274333815
242.8464232116058	0.17272398161686944	0.2902952686472534
242.97948974487244	0.17290109799758904	0.2903446356958598
243.11255627813907	0.17276984504119847	0.28978799440276787
243.2456228114057	0.1727175161732168	0.29046813099532787
243.37868934467232	0.17296982160563906	0.29097258895062844
243.51175587793895	0.17255606500424703	0.29109110447746905
243.6448224112056	0.17317261752390287	0.2915613162814717
243.77788894447224	0.1732097928458696	0.29153932482248723
243.91095547773887	0.1728577297016153	0.29157294579984344
244.0440220110055	0.17299417397750558	0.2907897468951466
244.17708854427212	0.17330331258586823	0.2907303239137567
244.31015507753875	0.17326088152873761	0.2906214230009333
244.4432216108054	0.1735162758201551	0.2902268272409709
244.57628814407204	0.1736207429474628	0.29057185826008114
244.70935467733867	0.17399692461186453	0.28999097604900953
244.8424212106053	0.17362161022219819	0.29036241074940883
244.97548774387192	0.17362931362473485	0.290651732159448
245.10855427713855	0.17331899355028588	0.2906100569681241
245.2416208104052	0.1736105688270029	0.29070464039635535
245.37468734367184	0.1738398969146529	0.2910123678854197
245.50775387693847	0.17381945245640812	0.2916473356312867
245.6408204102051	0.1738507791772002	0.29198876203468493
245.77388694347172	0.17361434182124227	0.291792376109437
245.90695347673835	0.17362484625374947	0.29220720726918914
246.040020010005	0.17390194495182013	0.2916682788758105
246.17308654327164	0.17376971392743248	0.2921105326030774
246.30615307653827	0.17356037397445123	0.2924964092639971
246.4392196098049	0.17331864594158508	0.2926003511092945
246.57228614307152	0.1743806809535572	0.2920433165001838
246.70535267633815	0.1744455980759177	0.2918580856922453
246.8384192096048	0.17412748026233085	0.2920414920719302
246.97148574287144	0.17391816900695384	0.2914664005431983
247.10455227613807	0.173776035180223	0.291080027280569
247.2376188094047	0.17333774638938573	0.29017229507221987
247.37068534267132	0.17314096514225966	0.2904658513557212
247.50375187593795	0.1732089304923405	0.2906101343946763
247.6368184092046	0.174016999250736	0.2907195595509587
247.76988494247124	0.1741433038088608	0.291015619730238
247.90295147573786	0.17343326912110646	0.2906359200322116
248.0360180090045	0.17334950312643138	0.29093744306792374
248.16908454227112	0.17337392526527146	0.2904900344146493
248.30215107553775	0.1736097315291539	0.2903462362957196
248.4352176088044	0.17408571709813606	0.29080406651352064
248.56828414207104	0.17363185903593414	0.29098403141301676
248.70135067533766	0.17348013004604876	0.2909313510259881
248.8344172086043	0.17362056944072213	0.29066832617017035
248.96748374187092	0.17333263534438587	0.2905999305563226
249.10055027513755	0.1726198801409898	0.2909125838795056
249.2336168084042	0.17277387951552928	0.2912527824329784
249.36668334167084	0.17243995183567049	0.29104807470009103
249.49974987493746	0.17211735673592332	0.29150781730417397
249.6328164082041	0.1727999220611938	0.2917743581315289
249.76588294147072	0.17267735614424462	0.29198401424908205
249.89894947473735	0.17270687658955838	0.29219820085640247
250.032016008004	0.17206375936241874	0.2917341408457862
250.16508254127064	0.17185999479286077	0.29235820192023787
250.29814907453726	0.17220523008660768	0.2920048581007457
250.4312156078039	0.17249387846352424	0.29125456774324554
250.56428214107052	0.17278251543009415	0.2906690104823835
250.69734867433715	0.17249821762379117	0.2914378090445382
250.8304152076038	0.1726077874087014	0.29219334156234067
250.96348174087044	0.17227601179920018	0.29267102051751825
251.09654827413706	0.17256165346650018	0.2929061186016283
251.2296148074037	0.1726127647517632	0.2930305142551548
251.36268134067032	0.17244503322563365	0.2932184211240705
251.49574787393695	0.17267926261657401	0.2924618320692293
251.6288144072036	0.1728109571292803	0.2920385596663852
251.76188094047023	0.1732399600613965	0.2913410434942093
251.89494747373686	0.17363198046559836	0.2919589848622302
252.0280140070035	0.1735019892240775	0.2917035219161877
252.16108054027012	0.1725533128374998	0.29158393734996674
252.29414707353675	0.17230690982092617	0.29281814214121726
252.4272136068034	0.17243272897580095	0.29257691182868456
252.56028014007003	0.17215795784990104	0.2933077675744752
252.69334667333666	0.17259871428888707	0.29297762266797617
252.8264132066033	0.17286533569694762	0.29237605767789127
252.95947973986992	0.17286736607195752	0.29299606841956977
253.09254627313655	0.1730460867428197	0.29322862977730846
253.2256128064032	0.1735055114418985	0.2936456503011951
253.35867933966983	0.17321730173181787	0.29307404252328595
253.49174587293646	0.1731076317379055	0.29299885826541505
253.6248124062031	0.17325940617699945	0.29357510848826457
253.75787893946972	0.17337441587490707	0.29318213974408536
253.89094547273635	0.1733240790488055	0.2937802589477416
254.024012006003	0.17288685493437156	0.2943296044109285
254.15707853926963	0.1728629347757116	0.2940488092728008
254.29014507253626	0.173654958101454	0.29407484862977573
254.4232116058029	0.17326049968136661	0.2936056437304305
254.55627813906952	0.17334637012289028	0.2938584310760471
254.68934467233615	0.17349753077031935	0.29349883707573315
254.8224112056028	0.17384251708148885	0.29287011855599976
254.95547773886943	0.1733646720168495	0.29333550622447035
255.08854427213606	0.17288418840536812	0.29338978182106923
255.2216108054027	0.17329241264516101	0.2931506040788427
255.35467733866932	0.17268332536275868	0.293526957702077
255.48774387193595	0.17290077231398443	0.2933768855727174
255.6208104052026	0.17297420806414499	0.2936408439630013
255.75387693846923	0.17331617172631336	0.2932483512007205
255.88694347173586	0.17340324138423377	0.29283793453372975
256.0200100050025	0.1722413444939741	0.29356853258638
256.15307653826915	0.1718095885997075	0.2939971209096522
256.2861430715358	0.17179610184417857	0.29380657579932495
256.4192096048024	0.17213384943572094	0.29351154642691446
256.55227613806903	0.1720436172920538	0.2926879802242733
256.68534267133566	0.1724003209854221	0.2925605990724031
256.8184092046023	0.17212193556830802	0.29252183967440987
256.9514757378689	0.172201421773908	0.2933703748467535
257.08454227113555	0.17235720281391018	0.29387959910093947
257.2176088044022	0.17331987010663844	0.29385498234441754
257.3506753376688	0.17297251601222163	0.2934250854318625
257.4837418709355	0.1728448250766263	0.2938210215828008
257.6168084042021	0.17306787771920604	0.2945884363745106
257.74987493746875	0.17399983656638118	0.29548684431863914
257.8829414707354	0.17403241713870857	0.2955360710422407
258.016008004002	0.17366679126683468	0.2952785231450538
258.14907453726863	0.17390364325946336	0.29571501356127056
258.28214107053526	0.17378635574004078	0.2955476434470022
258.4152076038019	0.17338826772717525	0.2948186729894725
258.5482741370685	0.17297411504801535	0.2955030114262201
258.68134067033515	0.17224201684529358	0.29569761738320627
258.8144072036018	0.1719415896244512	0.29489081232952913
258.9474737368684	0.1718501055921527	0.29537500029320535
259.0805402701351	0.17176835711443716	0.2956418383862988
259.2136068034017	0.17132746706132018	0.29534871169518967
259.34667333666835	0.171265773816183	0.2955308291226289
259.479739869935	0.17154476792961376	0.2950005200864965
259.6128064032016	0.17099098273594837	0.29502592213773066
259.74587293646823	0.17122613218390384	0.2944983927412798
259.87893946973486	0.1710331410117384	0.29574606966489664
260.0120060030015	0.17119944147096394	0.2960728290876903
260.1450725362681	0.1714705648516723	0.2964398553184957
260.27813906953475	0.17155464970036208	0.2956893570064241
260.4112056028014	0.1718963095973806	0.2958371133939602
260.544272136068	0.17166092646010853	0.29525254432572495
260.6773386693347	0.17279042649420626	0.2949046661731065
260.8104052026013	0.1724552928742319	0.2953133309078177
260.94347173586794	0.17265707443714043	0.295815463485341
261.0765382691346	0.17326028902084573	0.2952696302565957
261.2096048024012	0.17335475195123604	0.29518980915266035
261.34267133566783	0.17342283826267862	0.2953090281160173
261.47573786893446	0.173268359179868	0.29469605944442406
261.6088044022011	0.17347881971591297	0.2944553469175425
261.7418709354677	0.17408299746044295	0.2951462089301275
261.87493746873434	0.17365750986085882	0.2948832961645306
262.008004002001	0.17287140684579003	0.2955355905256318
262.1410705352676	0.1730889261049564	0.2960978554371504
262.2741370685343	0.17276181523716516	0.2960418835139095
262.4072036018009	0.17262752052233066	0.2957193522392165
262.54027013506754	0.17242283745517067	0.2966492053335464
262.6733366683342	0.1730578982821955	0.2963091266542144
262.8064032016008	0.17357473080651553	0.29588380603026776
262.93946973486743	0.1736835814117791	0.295596653367287
263.07253626813406	0.17421605850490757	0.2953044198463543
263.2056028014007	0.17404669862636674	0.2956536824546769
263.3386693346673	0.17373191269041827	0.2959261020457805
263.47173586793394	0.174102998636803	0.2952707373294711
263.6048024012006	0.17455041254484419	0.294547535067834
263.7378689344672	0.17444118490074464	0.29552520794565196
263.8709354677339	0.1745508750364855	0.29464417775473195
264.0040020010005	0.17435604476412966	0.29499203184740164
264.13706853426714	0.17388699519041395	0.2948406588172487
264.2701350675338	0.17441425472090044	0.29501374172761147
264.4032016008004	0.17464259864934695	0.29554498899778525
264.53626813406703	0.17382484218623132	0.2955970208781191
264.66933466733366	0.17346635084593975	0.29448700796487043
264.8024012006003	0.17355450825852303	0.29503557590542306
264.9354677338669	0.17355474617258917	0.2950856079160881
265.06853426713354	0.1736429728043796	0.29422138374224976
265.2016008004002	0.1738636618276405	0.29397646382583326
265.3346673336668	0.17443920084390827	0.2936654453446898
265.4677338669335	0.1750154868343842	0.2940415065781146
265.6008004002001	0.17541519826225144	0.2939319341287498
265.73386693346674	0.17514988634203632	0.29344457151777825
265.86693346673337	0.1749058923460748	0.29311188886808975
266.0	0.175171650055371	0.29346622369878184
