0.0	0.0	0.0
0.1330665332666333	6.654278425098094e-05	6.658664148111794e-05
0.2661330665332666	0.0005767759754978745	0.0005766002834533544
0.39919959979989994	0.0018182499677851715	0.0015744424623025603
0.5322661330665333	0.003281247332094893	0.00317112995689728
0.6653326663331666	0.005143468687581572	0.005432559128023713
0.7983991995997999	0.007427891094833482	0.008159856051113117
0.9314657328664332	0.010308007307435587	0.011686007479273775
1.0645322661330665	0.012657400488904817	0.01592021388372922
1.1975987993997	0.01571666385760012	0.02064379166835823
1.3306653326663331	0.018553484312103463	0.026296481705505633
1.4637318659329663	0.021810936661691517	0.032240787724111826
1.5967983991995998	0.0245563105571968	0.03971350551575732
1.7298649324662332	0.027418055493861358	0.04740693185964919
1.8629314657328664	0.030765523806333867	0.056366343676787875
1.9959979989994996	0.033908511258191616	0.06644352710018683
2.129064532266133	0.03670169518682084	0.07939843974192969
2.2621310655327664	0.03980274925968241	0.09292249495098698
2.3951975987994	0.04250770312733676	0.10804847282794305
2.528264132066033	0.045651096141444164	0.12473625531460728
2.6613306653326663	0.04802382783453775	0.1447752145349128
2.7943971985992997	0.051373615204220346	0.1669091873150303
2.9274637318659327	0.05409233640702993	0.19108581406319128
3.060530265132566	0.05679925933246206	0.21713944321153222
3.1935967983991995	0.059632728613769136	0.24505453562708476
3.326663331665833	0.062229556323237414	0.2763827381917306
3.4597298649324664	0.06539750881273061	0.30782618697148695
3.5927963981990994	0.06796526426569498	0.3432270148133949
3.7258629314657328	0.07087023686852108	0.3807125890135428
3.858929464732366	0.07345761901791222	0.41662811558175666
3.991995997998999	0.07591747490302458	0.45336676408478027
4.125062531265633	0.07863136479299335	0.4892983625851981
4.258129064532266	0.08218551708387889	0.5269255546023112
4.391195597798899	0.08542205117530366	0.5624336065102902
4.524262131065533	0.08750761453098731	0.5967172216004414
4.657328664332166	0.09047595658295933	0.6283913017923966
4.7903951975988	0.09260511648245175	0.6562054933848581
4.923461730865433	0.09571041768170073	0.6864936212089588
5.056528264132066	0.09817258626965898	0.7126920275812666
5.1895947973986996	0.10152151082054643	0.7364386185212695
5.3226613306653325	0.10408199817565378	0.7587319188298898
5.4557278639319655	0.10690348305734924	0.7799493017856889
5.588794397198599	0.10968984015284024	0.7992917980265482
5.721860930465232	0.11228400832624463	0.8178056381570213
5.854927463731865	0.11500565029978631	0.8336985822118411
5.987993996998499	0.1174941649600746	0.8470976035035244
6.121060530265132	0.12055324154491517	0.8585242906766533
6.254127063531766	0.12314040517942358	0.8687386529291939
6.387193596798399	0.125698323713926	0.8773250289394979
6.520260130065032	0.12770518804252004	0.8868808110312455
6.653326663331666	0.13109868247489978	0.8929303608052689
6.786393196598299	0.13461922790841405	0.9004211556720976
6.919459729864933	0.13782844536165828	0.9083613640690662
7.052526263131566	0.13992920616643806	0.9119002999463763
7.185592796398199	0.14266295081514496	0.9165644095078992
7.318659329664833	0.14490469253887409	0.9208372145445204
7.4517258629314655	0.147074135948545	0.9246043540005116
7.5847923961980985	0.1501161409519634	0.9291498884096002
7.717858929464732	0.15267361023671477	0.9344100726841745
7.850925462731365	0.15517870918693466	0.9361192095959534
7.983991995997998	0.1578070853135087	0.9379528279077877
8.117058529264632	0.1606419208897538	0.9395056620397041
8.250125062531266	0.16236698510382752	0.94085652267191
8.383191595797898	0.1649548103543629	0.9433868072318299
8.516258129064532	0.167414206688276	0.9457485136691801
8.649324662331166	0.16999315332339862	0.9475742501788036
8.782391195597798	0.1719953589995893	0.9507331452478978
8.915457728864432	0.17484331452260582	0.9519157863186012
9.048524262131066	0.17721737411322716	0.9526521752271829
9.181590795397698	0.17958358979294367	0.9538134907761392
9.314657328664332	0.18256499013234082	0.9555884013345226
9.447723861930966	0.1852850146443581	0.955754302661229
9.5807903951976	0.187125117391895	0.9554443519481306
9.713856928464232	0.18878668568895463	0.9561298990579574
9.846923461730865	0.19082147379357906	0.957163718010124
9.9799899949975	0.19412238878649102	0.959337408425354
10.113056528264131	0.19681950374758894	0.9602039036920852
10.246123061530765	0.19837759611857675	0.9604375059903142
10.379189594797399	0.20040547211548285	0.9618487587422826
10.512256128064031	0.20304852396417455	0.9627264630452027
10.645322661330665	0.20535126771612353	0.9664143283549216
10.778389194597299	0.2071094333468668	0.9685507146220085
10.911455727863931	0.20880106360798248	0.9683487622146645
11.044522261130565	0.21080946259100455	0.9686846321528731
11.177588794397199	0.21290170104306544	0.9681623982633235
11.31065532766383	0.21473208535759739	0.9683399186870281
11.443721860930465	0.21722691395347707	0.9710250202453121
11.576788394197099	0.2196497099294604	0.971637205888374
11.70985492746373	0.22244180055840473	0.9721962248807126
11.842921460730365	0.22474419562174577	0.9725232294399814
11.975987993996998	0.22710992115939244	0.9713993471512213
12.109054527263632	0.2305691050857401	0.9720542174784746
12.242121060530264	0.2336298736536527	0.9714089009503207
12.375187593796898	0.23576540467724397	0.9716991080851807
12.508254127063532	0.2376453242497577	0.9722262639795914
12.641320660330164	0.24008847122696128	0.9725902765622418
12.774387193596798	0.24235917087862247	0.9728235211104616
12.907453726863432	0.2449043563557119	0.972785214010321
13.040520260130064	0.24689423185675916	0.9712359072653631
13.173586793396698	0.25038788079717494	0.9720206976745968
13.306653326663332	0.25301012159886227	0.9713955122218303
13.439719859929964	0.2560330972651695	0.9712315837447039
13.572786393196598	0.2582168813485479	0.9713016050974882
13.705852926463232	0.260572838195659	0.9715881246421891
13.838919459729865	0.26160964799030406	0.9724668655969467
13.971985992996498	0.26375821566215385	0.9739739640345142
14.105052526263131	0.26715482257235507	0.9752976392578113
14.238119059529765	0.26853875161097657	0.9753332454700885
14.371185592796397	0.27016036344259037	0.9754134379338051
14.504252126063031	0.2727147388558398	0.9765169134301581
14.637318659329665	0.27426715525505535	0.976556726831532
14.770385192596297	0.27646204429403287	0.9766874894648698
14.903451725862931	0.2789836192209566	0.9772812649866495
15.036518259129565	0.28133338415932935	0.9768765284913611
15.169584792396197	0.28396876525164566	0.9766366638236135
15.302651325662831	0.2866211856361427	0.9759035736648468
15.435717858929465	0.28854373412968515	0.9750122408622055
15.568784392196097	0.29030356031824667	0.9757044622069997
15.70185092546273	0.29194313400279226	0.9755863958481481
15.834917458729365	0.294328324712474	0.9738251220378864
15.967983991995997	0.2966317224311548	0.973313581371655
16.101050525262632	0.29841472145668707	0.9736544893628984
16.234117058529264	0.3012737830037396	0.9740404139942765
16.367183591795897	0.30353788007613863	0.973426025471246
16.500250125062532	0.30573126327735095	0.9729822869376182
16.633316658329164	0.30825769625840865	0.9746998682319987
16.766383191595796	0.3103978468308695	0.9753529733232565
16.899449724862432	0.3121005044889771	0.9747843299662987
17.032516258129064	0.313565552522738	0.9748329897557709
17.165582791395696	0.3152898115364818	0.9740387339140686
17.298649324662332	0.31715260835137193	0.9743981497665649
17.431715857928964	0.3193935946027578	0.9753168214089719
17.564782391195596	0.3222793878021278	0.9760032298272944
17.69784892446223	0.3238300614289481	0.9751874242246688
17.830915457728864	0.3270041875225937	0.9760535088608695
17.963981990995496	0.3289682179162574	0.9751219842156217
18.09704852426213	0.3295924562206595	0.9755497382358588
18.230115057528764	0.3316236346558032	0.9753145524922433
18.363181590795396	0.3349431630616151	0.9751587695286869
18.49624812406203	0.33771277463008376	0.9764549277767015
18.629314657328663	0.3390255654045849	0.9778387104475708
18.762381190595296	0.3412084804746934	0.9765705028589406
18.89544772386193	0.3435852553791456	0.9750028899819444
19.028514257128563	0.34557096698406253	0.9743976648141134
19.1615807903952	0.3462926734300848	0.9746965550754493
19.29464732366183	0.34816505180955387	0.9760828653965632
19.427713856928463	0.34975931592727894	0.9767305735669863
19.5607803901951	0.3520636067408116	0.9776188826977825
19.69384692346173	0.35384053246155245	0.977088047306281
19.826913456728363	0.35598074119541556	0.9780724594240119
19.959979989995	0.35745093666227423	0.977209565818318
20.09304652326163	0.3599158285462178	0.9772529106111977
20.226113056528263	0.3613259421170772	0.9757571609788696
20.3591795897949	0.3625406799892919	0.976342907171791
20.49224612306153	0.3642592145903549	0.9770854584093661
20.625312656328163	0.36663256948886375	0.976880205027585
20.758379189594798	0.3685852284535046	0.9770060134823738
20.89144572286143	0.36949078672684077	0.9767242169838469
21.024512256128062	0.3710075523357428	0.977634326734269
21.157578789394698	0.3727221966034252	0.97741488148371
21.29064532266133	0.37330899384578003	0.9788482493378385
21.423711855927962	0.37493653541048944	0.9780173776066682
21.556778389194598	0.37611672433073573	0.9778771706897081
21.68984492246123	0.3774252585907675	0.9758561789177779
21.822911455727862	0.3786065716532622	0.9749171663162928
21.955977988994498	0.3808488118165613	0.9746019094114331
22.08904452226113	0.3821065509565333	0.9731775802645697
22.222111055527762	0.38427764571715795	0.9736696901944853
22.355177588794398	0.3859542538335767	0.9725437978578919
22.48824412206103	0.38716584766713935	0.9725797486536631
22.62131065532766	0.3886429636017472	0.9732082386216218
22.754377188594297	0.38970522053951895	0.9730987503618093
22.88744372186093	0.3915144159518561	0.9747510677690231
23.02051025512756	0.3923496108711321	0.9740400686693184
23.153576788394197	0.3941770183767516	0.9740507211935694
23.28664332166083	0.3965546182735958	0.9736481394375219
23.41970985492746	0.3994178053661998	0.9737097921536148
23.552776388194097	0.40112831658228476	0.9734817041256408
23.68584292146073	0.4031849761361066	0.9734070000152515
23.818909454727365	0.40410888555905494	0.9741434413265617
23.951975987993997	0.4058319400696985	0.9755765074852287
24.08504252126063	0.40767921561259	0.9778853148349013
24.218109054527265	0.4087398523004602	0.9784064190266678
24.351175587793897	0.41035718124859694	0.9791798066346639
24.48424212106053	0.4128189959167798	0.9784918223634389
24.617308654327164	0.415036836590736	0.9784188455587973
24.750375187593797	0.41646102559185844	0.9783078966072084
24.88344172086043	0.4183239862249589	0.9786201018232236
25.016508254127064	0.41988331251069183	0.9780287618216658
25.149574787393696	0.42257957597138535	0.9771766120692885
25.28264132066033	0.42444901252813744	0.9787327042384716
25.415707853926964	0.42720008333561554	0.9780283975459648
25.548774387193596	0.42957515580319505	0.9787197617814984
25.68184092046023	0.432364761958316	0.9788057685078195
25.814907453726864	0.4345729059727357	0.9782710838512093
25.947973986993496	0.43643661277974366	0.97860701313091
26.081040520260128	0.4375915475862938	0.9789637949948007
26.214107053526764	0.4384289244247674	0.9781913204851088
26.347173586793396	0.43997353003054857	0.9774720977462644
26.480240120060028	0.4408167846515191	0.9754686212096272
26.613306653326664	0.4425739484385356	0.9767319437663238
26.746373186593296	0.44423441086553056	0.9762693333735453
26.879439719859928	0.4468887526182677	0.9769803465919823
27.012506253126563	0.44864153741531293	0.9768997151148537
27.145572786393195	0.4500584000019735	0.9757765055672356
27.278639319659828	0.45167719232957115	0.9769009644285868
27.411705852926463	0.4521542252271914	0.9774603076963485
27.544772386193095	0.45353101722423494	0.975913817926505
27.67783891945973	0.4550378534441159	0.9760362440139333
27.810905452726363	0.4567998538236763	0.9775039654623497
27.943971985992995	0.4581082014092404	0.9785601590109407
28.07703851925963	0.4591677337670721	0.9795167652136839
28.210105052526263	0.46053774197431996	0.9798741866592869
28.343171585792895	0.4627953223923613	0.9797399197302468
28.47623811905953	0.4635746434330163	0.9791020351003022
28.609304652326163	0.4650011314305843	0.9796144227799525
28.742371185592795	0.4669255377113849	0.9783402160048326
28.87543771885943	0.4698123835639765	0.977806445348155
29.008504252126063	0.4722907346592627	0.9764956837805162
29.141570785392695	0.47338959973893247	0.9769819079228123
29.27463731865933	0.47514692662293384	0.976269961974157
29.407703851925962	0.47672861814835066	0.9762865190165264
29.540770385192594	0.4781102305518497	0.9763197247236799
29.67383691845923	0.4796563962965221	0.9758600368514261
29.806903451725862	0.4815104843933412	0.9746705651852503
29.939969984992494	0.482228205321654	0.976226313948133
30.07303651825913	0.4827849384483812	0.9752354383174028
30.206103051525762	0.4840517065271554	0.9751854730238173
30.339169584792394	0.4847113395497305	0.9752888973282978
30.47223611805903	0.4866294675577305	0.9775614182311002
30.605302651325662	0.4881288885061563	0.9767988499984418
30.738369184592294	0.4896473352281758	0.9772617459640097
30.87143571785893	0.49075322497609253	0.977074968640266
31.00450225112556	0.4920106535245941	0.9754986211312706
31.137568784392194	0.4931279831791854	0.9751602189538966
31.27063531765883	0.4950782903467439	0.975153706070147
31.40370185092546	0.4960323204641767	0.9744322033094058
31.536768384192094	0.49722417597773233	0.9743509322657358
31.66983491745873	0.49992748080607796	0.9753532733727548
31.80290145072536	0.5006528832917525	0.9746444855954107
31.935967983991993	0.5020643837501606	0.9754679946897568
32.06903451725863	0.5039018240753408	0.9767547053137913
32.202101050525265	0.5042407811519793	0.9764062674044399
32.33516758379189	0.505356949141928	0.9768370766631509
32.46823411705853	0.5064396651437251	0.978091470472819
32.601300650325165	0.508441464621874	0.9778302858225782
32.73436718359179	0.5101724041880739	0.9777791714776628
32.86743371685843	0.510342277158024	0.9762635644719322
33.000500250125064	0.5119885834044144	0.9779971242483607
33.13356678339169	0.5131092107919689	0.9786855177280503
33.26663331665833	0.5146795889077052	0.9765800094052087
33.399699849924964	0.5165208351696949	0.9770665245889028
33.53276638319159	0.5184049288423633	0.976914258299372
33.66583291645823	0.5198341133764597	0.9751748036763787
33.798899449724864	0.5208468837615734	0.9757704274255535
33.93196598299149	0.5218381008735918	0.9750066691025173
34.06503251625813	0.5224956630617543	0.9750981217566531
34.198099049524764	0.5238582320407591	0.9734515820284496
34.33116558279139	0.5252023335258973	0.9727438015658538
34.46423211605803	0.5261933186476567	0.9719595420695347
34.597298649324664	0.5268074522029379	0.9735382329013227
34.73036518259129	0.5283450460583703	0.9745562814431845
34.86343171585793	0.5284649474352725	0.9756192725396974
34.99649824912456	0.5297112317939513	0.9756841243114439
35.12956478239119	0.5304281170463746	0.9767419158816096
35.26263131565783	0.532320629866644	0.9772272128283968
35.39569784892446	0.5344167202237947	0.9770214643958093
35.52876438219109	0.535909191868341	0.9769462613386011
35.66183091545773	0.5369927282297262	0.978161558239869
35.79489744872436	0.5377209431889854	0.9786615607789212
35.92796398199099	0.5392669143813184	0.9770645954631468
36.06103051525763	0.5404954886823564	0.9766756287608219
36.19409704852426	0.5418039086461489	0.976224242689407
36.32716358179089	0.5431679048005837	0.975846116663095
36.46023011505753	0.544460255108595	0.9739157777135504
36.59329664832416	0.545693780885822	0.9747241174754827
36.72636318159079	0.54636827490436	0.974821262387529
36.85942971485743	0.5474422896150605	0.9744944415289344
36.99249624812406	0.5489749797483456	0.9743591997796451
37.12556278139069	0.5490599985281884	0.9744931820238502
37.25862931465733	0.5505673814442329	0.9727274446192391
37.39169584792396	0.5520792577483457	0.9742225400271596
37.52476238119059	0.5544478888415834	0.9741513433558664
37.65782891445723	0.5543276237131788	0.9737666736833226
37.79089544772386	0.555037439795357	0.9735427137176228
37.92396198099049	0.5562534791379239	0.9730939703152668
38.05702851425713	0.5567053969585736	0.9730807729768672
38.19009504752376	0.5586305396652448	0.9732608380781647
38.3231615807904	0.5598354005992032	0.9732766085474762
38.456228114057026	0.5628287908284687	0.9726718276393846
38.58929464732366	0.5646329312927287	0.9723248941715374
38.7223611805903	0.566295151468591	0.9715297083410763
38.855427713856926	0.5671573186270676	0.9713674630776858
38.98849424712356	0.5676118407082548	0.9723339805780539
39.1215607803902	0.5684796439570972	0.971876988893492
39.254627313656826	0.5691668560552773	0.9713181557103269
39.38769384692346	0.5705960931639641	0.9734482042064363
39.5207603801901	0.5723147391109555	0.9746911806462625
39.653826913456726	0.5730840183309723	0.9739950949954314
39.78689344672336	0.5739553584030849	0.9745746392011259
39.91995997999	0.5745307542078126	0.9752702499137601
40.053026513256626	0.5753797598674919	0.9760317305866938
40.18609304652326	0.5754768993147853	0.9755958132867706
40.3191595797899	0.576429249770509	0.9761560398031883
40.452226113056525	0.5774823763425937	0.9753871260206907
40.58529264632316	0.5781440664016407	0.9749343504167893
40.7183591795898	0.5786793282931826	0.9729481067329409
40.851425712856425	0.5796582624565477	0.972734620805696
40.98449224612306	0.5806418651128711	0.9732602882086121
41.1175587793897	0.5814765469237692	0.9727373792200605
41.250625312656325	0.5820178592808277	0.9718611210063663
41.38369184592296	0.5845856212718806	0.9711543801711114
41.516758379189596	0.586633227172152	0.9728653353681336
41.649824912456225	0.5881996755019857	0.9708023132337008
41.78289144572286	0.5890714569633375	0.9725946194033827
41.915957978989496	0.5895815949104303	0.9727539541692034
42.049024512256125	0.5915340404458191	0.9722592434571257
42.18209104552276	0.5920043055288859	0.9710151481555189
42.315157578789396	0.592686160939995	0.9715218582997249
42.448224112056025	0.5938562845693074	0.9718506215449993
42.58129064532266	0.5946772314144678	0.9732809866387077
42.714357178589296	0.5962438374462717	0.9727243088819333
42.847423711855924	0.5981723745551016	0.9726453924138366
42.98049024512256	0.5997198508936396	0.9727478726936959
43.113556778389196	0.6004724389302162	0.972613283301443
43.246623311655824	0.601425973478762	0.9736722576946945
43.37968984492246	0.6036394512578857	0.9734099041520171
43.512756378189096	0.603635946811174	0.9723913623270599
43.645822911455724	0.6044834696123299	0.9724458449312096
43.77888944472236	0.6061532167209178	0.9737234014044163
43.911955977988995	0.6074159647629603	0.9751963899719972
44.045022511255624	0.6080689099904893	0.9758164404039199
44.17808904452226	0.6087722522952325	0.9753344979866011
44.311155577788895	0.610428770918699	0.974840080807516
44.444222111055524	0.6112675377449431	0.9756269364155011
44.57728864432216	0.612535424360345	0.9762618017266677
44.710355177588795	0.6127075876904982	0.9764896484277016
44.843421710855424	0.6148774335223147	0.9752633330385853
44.97648824412206	0.6152858082227765	0.97596225600477
45.109554777388695	0.6150871480571121	0.9738602877058388
45.24262131065532	0.6162392132247104	0.9759232812641875
45.37568784392196	0.6163109464102146	0.9755688384347536
45.508754377188595	0.6176565087045155	0.9757094758142593
45.64182091045522	0.6179035847002761	0.9761727038243564
45.77488744372186	0.617384445208711	0.976920317278698
45.907953976988495	0.6183551704309793	0.9772198958748094
46.04102051025512	0.6194904291855435	0.977838794673621
46.17408704352176	0.6205931237814133	0.9788778715818013
46.307153576788394	0.6239876605397957	0.9768019614251908
46.44022011005502	0.6250919227960415	0.9753347565402224
46.57328664332166	0.6267961646749634	0.9758390984860917
46.706353176588294	0.6284081183609004	0.9753946666692005
46.83941970985492	0.6297241962390002	0.9765866513597319
46.97248624312156	0.6298710842888223	0.9780093481464867
47.105552776388194	0.6316715823188005	0.9781752179005438
47.23861930965483	0.6323116446434929	0.9780625510280455
47.37168584292146	0.6311499247768719	0.9791817025589045
47.504752376188094	0.6320112564053756	0.9797850861399787
47.63781890945473	0.6321733108649432	0.9811326442839404
47.77088544272136	0.6327269855922584	0.9806596854892089
47.903951975987994	0.6331748269370422	0.9786613445259073
48.03701850925463	0.6344379887948747	0.9791949361378015
48.17008504252126	0.634749313850041	0.9787814469659113
48.30315157578789	0.635526607280699	0.9783364329176157
48.43621810905453	0.6347911246155619	0.9779761409151505
48.56928464232116	0.6369365911045717	0.977109279251181
48.70235117558779	0.63796577355687	0.9766261015002384
48.83541770885443	0.6389773607089573	0.9766990884094278
48.96848424212106	0.641113642221451	0.9775724941505538
49.10155077538769	0.6420578223278274	0.9786452610131896
49.23461730865433	0.6430727878105329	0.9791982809095023
49.36768384192096	0.6429810127732465	0.9800762325129583
49.50075037518759	0.6432226405370751	0.9796654937251337
49.63381690845423	0.6431357531896669	0.9798795654777426
49.76688344172086	0.6437651671893241	0.9787179155880932
49.89994997498749	0.6436814015751205	0.9778841807182819
50.03301650825413	0.6451863697851351	0.9792121209402382
50.16608304152076	0.646910576959453	0.978920936496275
50.29914957478739	0.648367674522039	0.9784171979872313
50.43221610805403	0.649186279705429	0.9773211128468481
50.56528264132066	0.6505602440076073	0.9764782561900169
50.69834917458729	0.6510140518899211	0.97563666746844
50.83141570785393	0.6529366313155016	0.9768788055421298
50.96448224112056	0.6534076409314885	0.9759548802740063
51.09754877438719	0.654963965638658	0.9757560721398308
51.23061530765383	0.6565344035938101	0.9759921291868342
51.36368184092046	0.6589517649428824	0.9761849285926618
51.49674837418709	0.6605113285202517	0.9760612890897852
51.62981490745373	0.6610887185924271	0.9752501896158394
51.762881440720356	0.6617406442325833	0.9757276341131028
51.89594797398699	0.6614290204907208	0.9743952248185337
52.02901450725363	0.6628584534457228	0.9747621378653094
52.162081040520256	0.6641462906540219	0.9754017191294945
52.29514757378689	0.6648851848386641	0.9744162878480348
52.42821410705353	0.6659857552414077	0.9740485734143678
52.561280640320156	0.6666687778308201	0.9743696651281779
52.69434717358679	0.6677665338738423	0.976114519117366
52.82741370685343	0.6678837332908848	0.9764859050162933
52.960480240120056	0.6684337891156261	0.9754003487052932
53.09354677338669	0.6686235901574464	0.975992114906023
53.22661330665333	0.6688891641825915	0.9755204875436121
53.359679839919956	0.6693962921447795	0.9757906659496568
53.49274637318659	0.6703800113651555	0.9759839387076515
53.62581290645323	0.671807050828462	0.9749533293421271
53.758879439719855	0.6728169230655041	0.9748499804026854
53.89194597298649	0.6742925066235224	0.9748448174073994
54.02501250625313	0.6755262116262449	0.9744014557961057
54.158079039519755	0.6762835731433768	0.9745565927011697
54.29114557278639	0.6763589090215212	0.9752201096421311
54.42421210605303	0.6779171883552654	0.975663471481733
54.557278639319655	0.6788552138842399	0.9756608563792227
54.69034517258629	0.6791704268105105	0.97587012068343
54.823411705852926	0.6793400130436084	0.9771594262131051
54.956478239119555	0.679221020365122	0.9783905037992415
55.08954477238619	0.6797732012547717	0.9787349103038695
55.222611305652826	0.6807397639367402	0.9794986310796733
55.35567783891946	0.6809874714872702	0.978987109337022
55.48874437218609	0.6827623521703305	0.9790070956788632
55.621810905452726	0.6831577159748935	0.9784414718533176
55.75487743871936	0.6845287553198517	0.9804018958875025
55.88794397198599	0.6845137540989938	0.9799040087399493
56.021010505252626	0.6850386165862644	0.9785333578520471
56.15407703851926	0.6853927666754895	0.9803428544231171
56.28714357178589	0.6853795108158957	0.9810653584220858
56.420210105052526	0.6863519811293967	0.979528951641945
56.55327663831916	0.6878765605836986	0.9795772616326186
56.68634317158579	0.6897720480718986	0.9794485964720148
56.819409704852426	0.6904454539405732	0.9785295254074731
56.95247623811906	0.6911553993438252	0.9796755643097628
57.08554277138569	0.693110555586334	0.9786052727504109
57.218609304652325	0.6938402383866947	0.9795290645932929
57.35167583791896	0.6929520551399662	0.978959143892495
57.48474237118559	0.6933008307185462	0.9792850578085249
57.617808904452225	0.6946562939573188	0.979105271225936
57.75087543771886	0.6944850235347988	0.9795758001597931
57.88394197098549	0.6950991524737187	0.9811205713627673
58.017008504252125	0.6966558173587742	0.9822185762432217
58.15007503751876	0.6986619650833836	0.9808724107659527
58.28314157078539	0.6981376675745016	0.980591112675923
58.416208104052025	0.6990990608562417	0.9797921365050791
58.54927463731866	0.7001183062969659	0.979186849094828
58.68234117058529	0.7002243145698257	0.9802597604156965
58.815407703851925	0.7015275551899248	0.9808700006057051
58.94847423711856	0.7019062388331255	0.9811894591021284
59.08154077038519	0.7029602628403046	0.9800883701660971
59.214607303651825	0.7043891658944823	0.9795846720886122
59.34767383691846	0.706035071865456	0.9785188880641752
59.48074037018509	0.7071581652080815	0.9799090700267928
59.613806903451724	0.7077896877806967	0.9797780079586855
59.74687343671836	0.7074059354727629	0.9767010173059497
59.87993996998499	0.7080122723573481	0.975334668871205
60.013006503251624	0.7083466556642867	0.9757177248492418
60.14607303651826	0.70880964490838	0.9772155595227643
60.27913956978489	0.7104694781617418	0.9771352140939613
60.412206103051524	0.7113245962282614	0.9763933151497853
60.54527263631816	0.7113765626977778	0.9759647790162197
60.67833916958479	0.7121886499066493	0.9744343144288699
60.811405702851424	0.7120366157803085	0.9745669829191037
60.94447223611806	0.7132670987103136	0.9750501015620568
61.07753876938469	0.7145219695296522	0.9757701413666682
61.210605302651324	0.7150776039760823	0.9764106157592713
61.34367183591796	0.7161367269698917	0.9758042289347998
61.47673836918459	0.7174553011831449	0.9756247244006094
61.60980490245122	0.7178029562181378	0.9758136459461813
61.74287143571786	0.7178736146793288	0.9764532787018458
61.87593796898449	0.7189473653041221	0.9754670833343319
62.00900450225112	0.7186892069159813	0.9747024599915123
62.14207103551776	0.7194025048729316	0.9754255615632633
62.27513756878439	0.7202375682186827	0.9753016976040755
62.40820410205102	0.7205451648817918	0.9739774939690697
62.54127063531766	0.7212069189911514	0.9747272960905783
62.67433716858429	0.7215012177253098	0.9743860372746045
62.80740370185092	0.7221409390808767	0.9736648569093621
62.94047023511756	0.7230887222032287	0.9744868646041757
63.07353676838419	0.723752079581215	0.9747629021793351
63.20660330165082	0.724241643665781	0.9744335756820354
63.33966983491746	0.7233525878971052	0.9758298009659637
63.47273636818409	0.7235280530112779	0.9771976336268456
63.60580290145072	0.7244434565657869	0.9758088050214189
63.73886943471736	0.7268335407973101	0.9749627492174902
63.87193596798399	0.7266881528892184	0.9757655850009485
64.00500250125063	0.7262854331778944	0.9756430228182011
64.13806903451726	0.7278723439552554	0.9752623230146007
64.27113556778389	0.7290854888431415	0.9752845776180569
64.40420210105053	0.7303270696529821	0.9738409522920923
64.53726863431716	0.7312088982209973	0.9722182515887341
64.67033516758379	0.7321222922710808	0.972950340637542
64.80340170085043	0.7318926870404606	0.9746433567824805
64.93646823411706	0.7327235111910343	0.9763806611582033
65.06953476738369	0.7327481120191426	0.9776366113977397
65.20260130065033	0.7322099081906546	0.9786054985301733
65.33566783391696	0.733008209885179	0.9778298822493132
65.46873436718359	0.7325883604116838	0.9774142146208443
65.60180090045023	0.7334824524520623	0.978049074137745
65.73486743371686	0.7348377543862025	0.9776742828174255
65.86793396698349	0.7344744445119374	0.9791401766520881
66.00100050025013	0.7348806132847702	0.9778968517426015
66.13406703351676	0.7366719844747575	0.9774113055739618
66.26713356678339	0.7363702946605962	0.9771074287318544
66.40020010005003	0.7377939996998154	0.976574121488333
66.53326663331666	0.7374806164117454	0.9766751688569265
66.66633316658329	0.7378853114917568	0.9756961384148589
66.79939969984993	0.7381734962216846	0.9754209965550198
66.93246623311656	0.7380902298488152	0.9767841567437126
67.06553276638319	0.7386436557332519	0.9788571901048492
67.19859929964983	0.7393556721603327	0.9776868249590366
67.33166583291646	0.7397413504703881	0.9778594076310976
67.46473236618309	0.7399484844509435	0.9779185883224785
67.59779889944973	0.7400680670433966	0.9777391034390496
67.73086543271636	0.7395952412222584	0.9772000992850318
67.86393196598299	0.7405444052218114	0.976046942034569
67.99699849924963	0.7418564281189451	0.9755620686447802
68.13006503251626	0.7428281994517214	0.9757748798274538
68.26313156578288	0.7429183104035535	0.9751784612486656
68.39619809904953	0.7437889800577054	0.9746426647674635
68.52926463231616	0.7443714534669025	0.9752089749313284
68.66233116558278	0.7456214405771218	0.974420699147115
68.79539769884943	0.7469499105625685	0.9742839433015484
68.92846423211606	0.7482926168901037	0.9738678315005711
69.06153076538268	0.749095380349736	0.9726183376469658
69.19459729864933	0.7497175982736504	0.9740487557211079
69.32766383191596	0.7499201242408563	0.9748141778740531
69.46073036518258	0.7502559358164955	0.9756806534474486
69.59379689844923	0.7517840175776074	0.9756969683343347
69.72686343171586	0.7522020596057238	0.9743518193539419
69.85992996498248	0.753028939894601	0.9748326927595005
69.99299649824913	0.7541670466219401	0.9752557355402567
70.12606303151576	0.7556808702276662	0.9745349594430155
70.25912956478238	0.7560778106223273	0.9745059599183391
70.39219609804903	0.7564110676121415	0.9741345738996011
70.52526263131566	0.7569561302724497	0.9741854786938374
70.65832916458228	0.7573264783322954	0.9756321610199533
70.79139569784893	0.7588797871755817	0.9763435988765332
70.92446223111556	0.7600311089444601	0.9767521234541605
71.05752876438218	0.7600048912983975	0.9789421911291314
71.19059529764883	0.7609882862340733	0.9779073988200049
71.32366183091546	0.7606076622546689	0.9772403792065502
71.45672836418208	0.7613115661285499	0.9786027068829012
71.58979489744873	0.7618602609917439	0.9790964917087029
71.72286143071535	0.7614534424165083	0.9787247179174883
71.85592796398198	0.7616251543511526	0.9776098948267764
71.98899449724863	0.7621873812851158	0.9767647930192495
72.12206103051525	0.7627667167789584	0.9760478824618802
72.25512756378188	0.7617819682076213	0.9762075555146815
72.38819409704853	0.7635487939235642	0.9760044235818882
72.52126063031515	0.764589477514466	0.974612399968286
72.65432716358178	0.7648808951547701	0.9739982502326433
72.78739369684843	0.76644247224226	0.9740824880817583
72.92046023011505	0.7665368900413814	0.9743632779958851
73.05352676338168	0.7672489773964987	0.9734424364343819
73.18659329664833	0.7680408101877424	0.9739383573973016
73.31965982991495	0.7685275447330834	0.9744639882653564
73.45272636318158	0.76889612242084	0.9742407526118663
73.58579289644823	0.7701295171282448	0.9745899811671842
73.71885942971485	0.771737291241809	0.9750845141712294
73.85192596298148	0.7731495185243691	0.9744064586779317
73.98499249624813	0.7741648376540948	0.9755072320385207
74.11805902951475	0.7732209565434263	0.9752973998801336
74.25112556278138	0.7733069361248781	0.9748939175663786
74.38419209604803	0.7734556593155046	0.9755588738888082
74.51725862931465	0.7742131941940831	0.974997881784524
74.65032516258128	0.7752241419043318	0.9749544702244547
74.78339169584793	0.7768390207207722	0.9755887867425199
74.91645822911455	0.7747395030188148	0.9757990869858718
75.04952476238118	0.7754423777107194	0.9767353671080741
75.18259129564782	0.7762704654031792	0.9757512345135197
75.31565782891445	0.7759261697947679	0.9758003854350439
75.44872436218108	0.775879997563612	0.975047196501859
75.58179089544772	0.7754504246526466	0.9752753356774416
75.71485742871435	0.7759721755402985	0.9755219994909583
75.84792396198098	0.7757772540921394	0.9747135602851477
75.98099049524762	0.7764860427101469	0.9760564771204172
76.11405702851425	0.7770367538759171	0.9769507765938933
76.24712356178088	0.7768478196944935	0.97840764678822
76.38019009504752	0.7778920909193895	0.9791327919379071
76.51325662831415	0.7791650659045903	0.9784607492795399
76.6463231615808	0.7802664163287403	0.9787012818542439
76.77938969484742	0.7817447807191303	0.9790587558021552
76.91245622811405	0.7822783834584419	0.9784833043862399
77.0455227613807	0.7820140795357559	0.9783546651107647
77.17858929464732	0.7825207224141798	0.9788883550944685
77.31165582791395	0.7832090121293254	0.9777009722115039
77.4447223611806	0.7833439907124513	0.977344344696443
77.57778889444722	0.7834926957568762	0.976515576788475
77.71085542771385	0.7820197647157037	0.9756116389407566
77.8439219609805	0.7825663208351293	0.9757725033183597
77.97698849424712	0.783078150885585	0.9763151942599023
78.11005502751375	0.7828761421543025	0.978094509317207
78.2431215607804	0.7834181250397257	0.9785266258554428
78.37618809404702	0.784577151036994	0.9777665692016697
78.50925462731365	0.7854586236974264	0.9783267310668239
78.6423211605803	0.7861966131252578	0.9777753236042119
78.77538769384692	0.7861525542129191	0.9777024520967673
78.90845422711355	0.7865616530592369	0.9770007944634318
79.0415207603802	0.7884751141166555	0.9762898475853017
79.17458729364682	0.7883667264860283	0.9772011680268188
79.30765382691345	0.7888720397782174	0.9762378966478555
79.4407203601801	0.7893703421830949	0.9756800363115028
79.57378689344672	0.7889474563834775	0.9759607598550774
79.70685342671335	0.7886762658382264	0.9758614196766383
79.83991995998	0.7903055653019296	0.9763717051878189
79.97298649324662	0.7899114349750236	0.9762033330010629
80.10605302651325	0.7894196089731332	0.9764869310993213
80.2391195597799	0.7904477983699665	0.976241282329114
80.37218609304652	0.7911666108714643	0.9762830596313724
80.50525262631315	0.7931010392920793	0.9761442078074315
80.6383191595798	0.7943607534419075	0.9757997821086711
80.77138569284642	0.7954939149158958	0.9746680744103102
80.90445222611305	0.7951130849756747	0.9748231152531638
81.0375187593797	0.793960695973049	0.9746223981323523
81.17058529264632	0.7944839884026861	0.9747870596834325
81.30365182591295	0.795145773711053	0.9758785934508464
81.4367183591796	0.7959280852818615	0.9754200584467683
81.56978489244622	0.7973024653810543	0.9756226493155977
81.70285142571285	0.7985338983256812	0.9733935935468248
81.8359179589795	0.7983948530563246	0.9726489362647661
81.96898449224612	0.7983239076811559	0.9731802038280848
82.10205102551275	0.7981330353286464	0.9735607512911829
82.2351175587794	0.7979318455484833	0.9730764622365758
82.36818409204602	0.7972242515419709	0.9730356402229418
82.50125062531265	0.7979326235468394	0.973483613285545
82.6343171585793	0.7979475415068269	0.9732186732956614
82.76738369184592	0.7984038226237197	0.9741590032657695
82.90045022511255	0.7991759981788656	0.9744161099634308
83.03351675837919	0.7984713310910262	0.9729961694677199
83.16658329164582	0.7984463420265301	0.9733880961234559
83.29964982491245	0.799844937003919	0.9733020615386597
83.43271635817909	0.8000851294863092	0.9742632306941678
83.56578289144572	0.8013236091820504	0.974562842147938
83.69884942471235	0.8019988469234112	0.9755900523669334
83.83191595797899	0.8029336086051699	0.9764443005495225
83.96498249124562	0.8033939820074874	0.976347834838903
84.09804902451225	0.8035855630517222	0.9770573948103807
84.23111555777889	0.8025292314045425	0.9776741898046131
84.36418209104552	0.8030149826858956	0.977768822034521
84.49724862431215	0.8034408003722042	0.9782845130709121
84.63031515757879	0.8031037811719216	0.9792296124608532
84.76338169084542	0.8032718436646954	0.9787756861061514
84.89644822411205	0.8040058119002597	0.978366169080614
85.02951475737869	0.8051173925684715	0.9779823571363503
85.16258129064532	0.8054358187346916	0.978131957700118
85.29564782391195	0.806597419662387	0.9788290666735695
85.42871435717859	0.8070447241118617	0.9789570728515443
85.56178089044522	0.8083669870873255	0.9787708414801047
85.69484742371185	0.8091926924804346	0.978095691060128
85.82791395697849	0.8093366321953103	0.9772188415121631
85.96098049024512	0.8091919101356658	0.9778537801551451
86.09404702351175	0.8098865402969657	0.978684520013722
86.22711355677839	0.8097664423418409	0.978303201437911
86.36018009004502	0.810815739183587	0.9781726916544865
86.49324662331165	0.8108929528122306	0.9785049401684347
86.62631315657829	0.8111315558538651	0.9770489155235668
86.75937968984492	0.811140099527696	0.9772306758911706
86.89244622311155	0.8105826353003328	0.9785498989691093
87.02551275637819	0.8111081075210347	0.9780804012034038
87.15857928964482	0.8121742534423164	0.9790622999953472
87.29164582291145	0.8118101787450903	0.978501378809426
87.42471235617809	0.8127447530296814	0.9773559100234673
87.55777888944472	0.8134492739758238	0.9760907568457758
87.69084542271135	0.8138150520211701	0.9774767190020351
87.82391195597799	0.8154188248273627	0.9781766428714498
87.95697848924462	0.8150776250714922	0.9773808372077337
88.09004502251125	0.8150937631656502	0.9784651211473523
88.22311155577789	0.8142594486229608	0.9789476124455694
88.35617808904452	0.8136521621895946	0.9785231136441667
88.48924462231115	0.8127732433109739	0.9783713904835315
88.62231115557779	0.8144589185608571	0.9783459529504483
88.75537768884442	0.8154556302355969	0.9769160127740479
88.88844422211105	0.8167919071857991	0.9757660114835038
89.02151075537769	0.8160652075062473	0.9759048731628163
89.15457728864432	0.815978955920447	0.9753875530218802
89.28764382191095	0.8164384996142839	0.9754731330530971
89.42071035517759	0.8162975064599517	0.9762080189010146
89.55377688844422	0.8166619633769336	0.9752646675642374
89.68684342171085	0.8174955959899456	0.9759293729127397
89.81990995497749	0.8181869409837513	0.9763090343465824
89.95297648824412	0.8193106385013426	0.9769977328253995
90.08604302151075	0.8202895542027957	0.9786633247783915
90.21910955477739	0.819012435408344	0.9789276606282877
90.35217608804402	0.8177904909988648	0.9784535555636251
90.48524262131065	0.8187981069437433	0.9789000577537964
90.61830915457729	0.8199358924901323	0.9801367748796652
90.75137568784392	0.8198060791858949	0.9795340575942966
90.88444222111055	0.8206354387073685	0.9771982300354843
91.01750875437719	0.821990307906195	0.9767500941057726
91.15057528764382	0.8219620110030972	0.9753175423867267
91.28364182091045	0.8212660862213474	0.9749109046112447
91.41670835417709	0.821207238416676	0.9749303680508338
91.54977488744372	0.8213979128692742	0.9761715029579586
91.68284142071035	0.8221298353376478	0.9776372727653128
91.81590795397699	0.8219941119392035	0.9771793762045184
91.94897448724362	0.8214126298620819	0.9786871763151624
92.08204102051025	0.8231561207445173	0.9786694135578218
92.21510755377689	0.8240853236696187	0.9777096070676973
92.34817408704352	0.8246266319873745	0.9777586943338663
92.48124062031015	0.8242407287566721	0.9778844844026118
92.61430715357679	0.8244059002111567	0.9782141686477358
92.74737368684342	0.825793663860712	0.9775091685453191
92.88044022011005	0.8266613800919063	0.976308573424008
93.01350675337669	0.8271814261371009	0.9767957020752677
93.14657328664332	0.8278235741818533	0.9775670380761787
93.27963981990995	0.8279183204254017	0.9770025733568999
93.41270635317659	0.8279430353411797	0.9755297776220376
93.54577288644322	0.8280483972471565	0.9766261445836507
93.67883941970985	0.8277430487152808	0.9775371746890451
93.81190595297649	0.82677722127455	0.9781947962285306
93.94497248624312	0.8277803906060749	0.9773653732754198
94.07803901950976	0.8290238204474429	0.976531256167662
94.21110555277639	0.8295471965583554	0.9764951625389489
94.34417208604302	0.8305206833758343	0.9766532778475224
94.47723861930966	0.8311938753077299	0.976800406109795
94.61030515257629	0.8321645937552132	0.9757852456033389
94.74337168584292	0.8326068669189552	0.9745415946168975
94.87643821910956	0.8319086616898829	0.9761434242655773
95.00950475237619	0.8321623662511117	0.9766181842475957
95.14257128564282	0.8319236510207961	0.9770775171235738
95.27563781890946	0.8325896766822225	0.9772252620728901
95.40870435217609	0.8331215714986592	0.9778255840782014
95.54177088544272	0.832520398276722	0.976831976316576
95.67483741870936	0.8328120856871974	0.9755869973308996
95.80790395197599	0.8335645913878328	0.9753087431748163
95.94097048524262	0.8337122114417447	0.9743961052326662
96.07403701850926	0.8349324622811785	0.9745804646113175
96.20710355177589	0.8346386833221549	0.9737306734971453
96.34017008504252	0.8347865428976784	0.9728476048092268
96.47323661830916	0.8365056499912695	0.9727589211724194
96.60630315157579	0.8379553561732869	0.9732370328690619
96.73936968484242	0.8388607642791328	0.9725292273690727
96.87243621810906	0.8397159541369852	0.9717540107999145
97.00550275137569	0.8391069573775588	0.9721680146240951
97.13856928464232	0.8394431138169239	0.9728373556828578
97.27163581790896	0.8401538702917676	0.9733150604924016
97.40470235117559	0.8416000263345013	0.9736154876503144
97.53776888444222	0.8418425519361661	0.9732456084945159
97.67083541770886	0.8410716085933584	0.9729232819270061
97.80390195097549	0.8411591035225898	0.9735893754556224
97.93696848424212	0.8416278461698072	0.9747457816010261
98.07003501750876	0.8402479189566882	0.9745010765428308
98.20310155077539	0.8398789657374552	0.9744336686478277
98.33616808404201	0.8408691229090939	0.9756567755019847
98.46923461730866	0.8412202820489116	0.975988265973349
98.60230115057529	0.8402206921389589	0.976342968918858
98.73536768384191	0.8393180373968597	0.9765826132004719
98.86843421710856	0.8402564415571074	0.9766191718548998
99.00150075037519	0.8416233078775484	0.9763544094019712
99.13456728364181	0.8422182751774783	0.9757971754465327
99.26763381690846	0.8421371912915665	0.9760841798593839
99.40070035017509	0.8421904804079164	0.9752685698792652
99.53376688344171	0.8415699770856983	0.9746348327027722
99.66683341670836	0.8414644773746894	0.9746341787894801
99.79989994997499	0.8423441322479736	0.9750261945850974
99.93296648324161	0.8436349853561116	0.9757418607155468
100.06603301650826	0.8431996731605244	0.9760781157693764
100.19909954977489	0.8434714303936375	0.9762203823059796
100.33216608304151	0.8436748161248692	0.9758800932609893
100.46523261630816	0.8437743873178531	0.975058686952833
100.59829914957479	0.843692321661103	0.9737729127841342
100.73136568284141	0.8441379341749929	0.9736872162689817
100.86443221610806	0.8460154058671028	0.9723898545155669
100.99749874937469	0.8468896943215541	0.9719685852906873
101.13056528264131	0.8462301065199922	0.9732572788256738
101.26363181590796	0.8460654331467535	0.9728166739163184
101.39669834917459	0.8465253588176771	0.9725427355279908
101.52976488244121	0.8471985544648643	0.9726173823459573
101.66283141570786	0.8481710561630562	0.9732509065627594
101.79589794897448	0.8488106185680819	0.9729672380219785
101.92896448224111	0.8488234263442362	0.9717730604323979
102.06203101550776	0.8493520949216361	0.9709404444724863
102.19509754877438	0.8491088287319855	0.9709467558443508
102.32816408204101	0.849113066383657	0.9722778886279391
102.46123061530766	0.8491952427876791	0.9722019080012527
102.59429714857428	0.8492566202234114	0.9725815696100171
102.72736368184091	0.8497554033494665	0.9734306533581679
102.86043021510756	0.8490156302283896	0.9736969826514831
102.99349674837418	0.8491667714480732	0.9750786845056579
103.12656328164081	0.8482254052892695	0.9746281867121788
103.25962981490746	0.8478144702095128	0.9754673012410322
103.39269634817408	0.8493394432708017	0.9756477455691669
103.52576288144071	0.8500636272623008	0.9761303094565356
103.65882941470736	0.8506143782222356	0.9769609776841836
103.79189594797398	0.8509895851336022	0.9771028420039902
103.92496248124061	0.8505101573683242	0.9762108458494678
104.05802901450726	0.8497945280702625	0.9764488072617599
104.19109554777388	0.8491067219456498	0.9768213526481324
104.32416208104051	0.8498239121561685	0.9775861707857545
104.45722861430716	0.850404363481554	0.9783920964326753
104.59029514757378	0.8485038595037789	0.9775796278789868
104.72336168084041	0.8484768170123104	0.9769928407960871
104.85642821410705	0.8495823095238343	0.977666754510671
104.98949474737368	0.8498773359434927	0.9781268712662826
105.12256128064031	0.8501778949240048	0.9783045389746843
105.25562781390695	0.8512444171855227	0.9793539470096198
105.38869434717358	0.8515908433943786	0.978635563926373
105.52176088044021	0.8510451168092901	0.9772741777361019
105.65482741370685	0.8513892941574974	0.9770703803705209
105.78789394697348	0.8517592779719323	0.9768640271539397
105.92096048024011	0.8520356812793125	0.977140968669049
106.05402701350675	0.8521474272873811	0.9768123621497661
106.18709354677338	0.8519817151929724	0.9767734059449826
106.32016008004001	0.8528344939951868	0.9768322127096609
106.45322661330665	0.8542799230576669	0.9761123183805984
106.58629314657328	0.8561534913350102	0.9750910859344748
106.71935967983991	0.8564429996352934	0.9748845487196746
106.85242621310655	0.8561805874405608	0.9746180199769008
106.98549274637318	0.8563489982865765	0.9736377703897112
107.11855927963981	0.8564941736662504	0.9742441726571284
107.25162581290645	0.8554504237910093	0.9750306035504158
107.38469234617308	0.8561359084058026	0.975221475922799
107.51775887943971	0.8569952070513768	0.9756170985690782
107.65082541270635	0.8560834914577117	0.9746514732962044
107.78389194597298	0.8571085944718942	0.9745366872237248
107.91695847923961	0.858034091389002	0.9755903341394058
108.05002501250625	0.8566116404301569	0.9761658292013069
108.18309154577288	0.8570948061488529	0.9772079327743411
108.31615807903951	0.8590139779202626	0.9783081632961349
108.44922461230615	0.8600000390257843	0.9778830387273325
108.58229114557278	0.8601781066481524	0.9766028115044179
108.71535767883941	0.8600729356270651	0.9764105130900337
108.84842421210605	0.8603626267707504	0.9757197303962211
108.98149074537268	0.8603979492620927	0.9766581079172835
109.11455727863931	0.860555717352055	0.9759849156223513
109.24762381190595	0.8612685337135232	0.9761020279213899
109.38069034517258	0.8618103569907333	0.9776046835963454
109.51375687843921	0.8624313130693455	0.9765790265711174
109.64682341170585	0.8619876574505149	0.9755108980153823
109.77988994497248	0.8618313109762676	0.974296439503398
109.91295647823911	0.8616521279885236	0.9736562613713834
110.04602301150575	0.861843760196999	0.9735900839870381
110.17908954477238	0.8620112302875235	0.9747674224472987
110.31215607803901	0.8615274099471193	0.9748991959194042
110.44522261130565	0.8619138108636865	0.9742666174453654
110.57828914457228	0.8627107717717832	0.9744985310878389
110.71135567783892	0.8625541928038024	0.9757089741930514
110.84442221110555	0.8626221999326308	0.9760769189830023
110.97748874437218	0.8623962468186893	0.9769709703975921
111.11055527763882	0.863224712108638	0.9774682847750379
111.24362181090545	0.8636352377315538	0.9775976812364758
111.37668834417208	0.8632539479747665	0.9774624144618943
111.50975487743872	0.8625659685957754	0.9777181987908885
111.64282141070535	0.862536354553201	0.977201636038865
111.77588794397198	0.8636082108444042	0.9762219200717509
111.90895447723862	0.8636582460382839	0.9759485495401681
112.04202101050525	0.8644951486268297	0.9754349492263504
112.17508754377188	0.8648319065181541	0.9754962433998036
112.30815407703852	0.8643810804474663	0.9762821984448911
112.44122061030515	0.864256035260174	0.9757799509546646
112.57428714357178	0.8650280891731444	0.9749135899079886
112.70735367683842	0.8658412908516026	0.9747960181735286
112.84042021010505	0.8662117224766066	0.975065141219819
112.97348674337168	0.8666860935904873	0.9752546589437949
113.10655327663832	0.8667751123322713	0.9758146303578684
113.23961980990495	0.866562642358349	0.9760518872671482
113.37268634317158	0.8672855523090525	0.9766354423866641
113.50575287643822	0.8676401661725958	0.9776355121925931
113.63881940970485	0.8672816139451348	0.9775072421425497
113.77188594297148	0.8669069768790049	0.9766816917578066
113.90495247623812	0.8665755460845755	0.9760305679087823
114.03801900950475	0.8668387117837939	0.9767188673528383
114.17108554277138	0.8673353117522594	0.9763811087370412
114.30415207603802	0.8675722083795356	0.976805892621045
114.43721860930465	0.8681451543973705	0.9758500937458707
114.57028514257128	0.8679352021708279	0.9751554197292812
114.70335167583792	0.8687167361115997	0.9758747024687856
114.83641820910455	0.8694889425207101	0.9770791604939325
114.96948474237118	0.869148885717888	0.9781505916318639
115.10255127563782	0.8697870123816566	0.9789114763806501
115.23561780890445	0.8693342051465105	0.9796685292258208
115.36868434217108	0.8690654922123071	0.979377652609878
115.50175087543772	0.8698136645716894	0.9803278522729706
115.63481740870435	0.8697467224065223	0.9800261417714592
115.76788394197098	0.8706155674652795	0.9803279328400851
115.90095047523762	0.8703450370726675	0.9806917593516142
116.03401700850425	0.868747144783226	0.9795847326490741
116.16708354177088	0.8688745344668873	0.9790692698694228
116.30015007503752	0.8692681035305416	0.9795896068218216
116.43321660830415	0.8696644503728134	0.9796411928244384
116.56628314157078	0.8704271991068816	0.979722617202384
116.69934967483742	0.8697446097801977	0.9799735838487722
116.83241620810405	0.8689299896984772	0.979967030140659
116.96548274137068	0.8694711701049691	0.9818599151587668
117.09854927463732	0.870373852962414	0.9818094558337827
117.23161580790395	0.8710037057191425	0.9815544396740963
117.36468234117058	0.8710446975512508	0.9804889656111241
117.49774887443722	0.8710815339180348	0.9796955835785779
117.63081540770385	0.8705556341284293	0.9802719714358604
117.76388194097048	0.8697664649792272	0.9788480805122147
117.89694847423712	0.8710941358875977	0.9778066266362784
118.03001500750375	0.8727282402919715	0.9781181284163805
118.16308154077038	0.872031306764166	0.9784570817575565
118.29614807403702	0.8714233057293398	0.978432914037085
118.42921460730365	0.872336293003767	0.9792802150979059
118.56228114057028	0.8738227982368286	0.9792413750856922
118.69534767383692	0.8743072044165591	0.9780627890766032
118.82841420710355	0.8743392180550942	0.9768777180530529
118.96148074037018	0.8748592129923772	0.9758956224701169
119.09454727363682	0.8753111156293688	0.975258274785196
119.22761380690345	0.8751662403024223	0.9760245754296654
119.36068034017008	0.8740182019364314	0.9765566647441505
119.49374687343672	0.8728346528077541	0.9765203557580642
119.62681340670335	0.872597856034309	0.9765289406404455
119.75987993996998	0.8725103996313268	0.9757083665252285
119.89294647323662	0.8725443227182225	0.9746881000979801
120.02601300650325	0.8725501784973608	0.9744480415322844
120.15907953976988	0.8719172036179206	0.9739437575802551
120.29214607303652	0.8731676710403864	0.9739760192264291
120.42521260630315	0.8745088999308707	0.9749972847743628
120.55827913956978	0.8754981918509127	0.9750792307982955
120.69134567283642	0.8756815539224638	0.9754156990390129
120.82441220610305	0.875251641702625	0.977325351960629
120.95747873936968	0.8759847615792932	0.9773463029806578
121.09054527263632	0.8761371395314224	0.9769721991303125
121.22361180590295	0.8763230864349917	0.977227056076278
121.35667833916958	0.8758223949975434	0.9766949092127022
121.48974487243622	0.8756664751594352	0.9765653337480896
121.62281140570285	0.8759550982702186	0.9762443628894945
121.75587793896948	0.8766373522632901	0.9768619225530263
121.88894447223612	0.8756878936171445	0.978449848575463
122.02201100550275	0.8738202034823498	0.9782018535885038
122.15507753876938	0.8742935686662949	0.9773642746441991
122.28814407203602	0.873486113844246	0.9770860586626559
122.42121060530265	0.8725204398211039	0.9765996618566894
122.55427713856928	0.8731118365714664	0.9763687352945943
122.68734367183592	0.8741807363185419	0.9766011575424546
122.82041020510255	0.8741775265576166	0.9774004080320924
122.95347673836918	0.8741047145628441	0.976230819122299
123.08654327163582	0.8746749972621506	0.9742804801464358
123.21960980490245	0.8748377196047187	0.9734114158309203
123.35267633816908	0.8751461611666307	0.9729779563850777
123.48574287143572	0.8760982823160671	0.9729881958985382
123.61880940470235	0.8766893289328496	0.9728596229688143
123.75187593796898	0.8763467883594256	0.9735916156263572
123.88494247123562	0.8762302209915338	0.973955881337074
124.01800900450225	0.8766720796326037	0.9754737734781218
124.15107553776888	0.8775392123930207	0.9757351851853174
124.28414207103552	0.8785549318374883	0.9741586509538173
124.41720860430215	0.87894844287176	0.9738841786352679
124.55027513756878	0.8785684604353139	0.9740808425923708
124.68334167083542	0.8784954221332373	0.9753874143489113
124.81640820410205	0.8796412557912069	0.9748500713955994
124.94947473736867	0.8806878588993088	0.9747080879808251
125.08254127063532	0.8811867858285567	0.9748186151303538
125.21560780390195	0.8810535413712591	0.9748617057540628
125.34867433716857	0.8810088258774874	0.9756246848993934
125.48174087043522	0.8814243762382424	0.9760141504820371
125.61480740370185	0.8821901129747246	0.9762283014708912
125.74787393696847	0.8814931742661654	0.9770701846178451
125.88094047023512	0.8809820277867313	0.9776756357381441
126.01400700350175	0.8813308964710936	0.976224093396149
126.14707353676837	0.8814716431863858	0.9753396505299372
126.28014007003502	0.881681554280923	0.9748970004765519
126.41320660330165	0.881712469317203	0.9745179056687178
126.54627313656827	0.8823173200146559	0.9752212135352181
126.67933966983492	0.8827567693195547	0.9752488069433973
126.81240620310155	0.8828794361786965	0.9749632317667685
126.94547273636817	0.8829379332516376	0.975784376902224
127.07853926963482	0.8835241649269925	0.9763832384190754
127.21160580290145	0.8834770850449496	0.9758227321138696
127.34467233616807	0.8829614690651797	0.974338802927712
127.47773886943472	0.882209370971989	0.9742666406461022
127.61080540270135	0.882690593474149	0.9742202539398326
127.74387193596797	0.8834156221966591	0.9746088776010133
127.87693846923462	0.8824270513599926	0.9751247526099402
128.01000500250126	0.8825553483534341	0.9740067462922947
128.1430715357679	0.8825486641877754	0.9739057696341352
128.27613806903452	0.8826577385893704	0.974164099392872
128.40920460230114	0.883008108600952	0.9742223409892199
128.54227113556777	0.88322388809547	0.9751428410877316
128.6753376688344	0.8846551097728478	0.9756311640037031
128.80840420210106	0.8839020162285341	0.9759268723575966
128.9414707353677	0.8840105549243764	0.9755403642788286
129.07453726863432	0.885846391716395	0.9756241113952782
129.20760380190094	0.8839520365984431	0.9769198530930495
129.34067033516757	0.8821479110179951	0.9781618963761753
129.4737368684342	0.8821722260496833	0.9790966646755646
129.60680340170086	0.8819177448157236	0.9799904746275659
129.7398699349675	0.882202341792176	0.9804866832701437
129.87293646823412	0.8827913367342862	0.9800621744484648
130.00600300150074	0.8829131419770218	0.9804553318918815
130.13906953476737	0.8842445997140712	0.9796561983176085
130.272136068034	0.8848715497291688	0.9785603877306945
130.40520260130066	0.8844480108156422	0.9789809165233289
130.5382691345673	0.8838748286662005	0.9786164211023286
130.67133566783392	0.8840425358959579	0.9776504853530781
130.80440220110054	0.8849327519087629	0.9772926184243541
130.93746873436717	0.88489152153155	0.9774352131303305
131.0705352676338	0.8857548744012207	0.9778697706942275
131.20360180090046	0.8863942772478178	0.9783964351057172
131.3366683341671	0.8866247707326098	0.9786145277622702
131.46973486743371	0.8866130465796818	0.9782575238579594
131.60280140070034	0.8873237176155618	0.9775983909967034
131.73586793396697	0.886977378199239	0.9770587039101628
131.8689344672336	0.8867194998026715	0.9772208675996302
132.00200100050026	0.8873811286186202	0.9773090753318926
132.1350675337669	0.8883844809468421	0.9769687912211763
132.26813406703351	0.8883762840749059	0.9762602530217068
132.40120060030014	0.8878448290850578	0.9769768025425302
132.53426713356677	0.8879275081125193	0.9777910339264467
132.6673336668334	0.8884402213212347	0.9779239387851377
132.80040020010006	0.8886252450546198	0.9782848796918423
132.93346673336669	0.8887398089187053	0.9782296630858024
133.06653326663331	0.8891974257112185	0.9779160994102428
133.19959979989994	0.8904907845105201	0.9779103351523799
133.33266633316657	0.8910789694098705	0.9774849833351842
133.4657328664332	0.8900805978798075	0.9770069952508826
133.59879939969986	0.8913757976794651	0.9774977359477741
133.73186593296649	0.8916722500913081	0.9774489001748234
133.8649324662331	0.8908459057148295	0.9769862969718
133.99799899949974	0.8916354599680112	0.9764642426279402
134.13106553276637	0.8922892593136049	0.9767893906596197
134.264132066033	0.8925499127982683	0.9776748148159387
134.39719859929966	0.8925161165351214	0.9789010585908163
134.53026513256629	0.8920407112403776	0.9793280441564843
134.6633316658329	0.8916915973348792	0.9783358544449918
134.79639819909954	0.8918756972727153	0.9782476722239623
134.92946473236617	0.8926220995811412	0.9781620070546123
135.0625312656328	0.8928697673455357	0.9785033823338267
135.19559779889946	0.8930280098554372	0.979416661618785
135.32866433216608	0.8936355944449281	0.978782734596879
135.4617308654327	0.8937266409233006	0.9777391648213827
135.59479739869934	0.8943592643061139	0.977934914226338
135.72786393196597	0.8938625079524567	0.9775511555828139
135.8609304652326	0.8934127868893159	0.9764734971315155
135.99399699849926	0.8944137991713015	0.9762129362750488
136.12706353176588	0.892794318540372	0.975446459049354
136.2601300650325	0.8921454002352867	0.9758660360769059
136.39319659829914	0.8925800894262844	0.9768505054919182
136.52626313156577	0.8930668266954727	0.9774178090510117
136.65932966483243	0.893515060549466	0.9773143134169677
136.79239619809906	0.8929912124379434	0.9775411342090633
136.92546273136568	0.8938757806636041	0.980043473557885
137.0585292646323	0.8943654814446163	0.9806205707805696
137.19159579789894	0.8933009538626636	0.9802047954682938
137.32466233116557	0.8918158895609014	0.9802824171206634
137.45772886443223	0.8915131836595653	0.9786652169166487
137.59079539769886	0.8933484760894965	0.9776761930811786
137.72386193096548	0.8938370567000433	0.9777700256909225
137.8569284642321	0.8929156519904039	0.9786652585259513
137.98999499749874	0.8933896531754287	0.9786312912000308
138.12306153076537	0.8948020519831676	0.9772816653657584
138.25612806403203	0.8949503739925754	0.9766157152827464
138.38919459729865	0.8947065382598839	0.976422276751595
138.52226113056528	0.8953518467166842	0.9757267723579142
138.6553276638319	0.8951492085446014	0.9750735144837505
138.78839419709854	0.8946027564649967	0.9754173399174759
138.92146073036517	0.8943210432392267	0.9749122123874223
139.05452726363183	0.8954349890761619	0.9728113632124803
139.18759379689845	0.8961539701697084	0.9708216137915082
139.32066033016508	0.8960909029333065	0.9716155611109211
139.4537268634317	0.8963039967153565	0.9725921708117906
139.58679339669834	0.895415411111258	0.9732074606945004
139.71985992996497	0.8947796283332449	0.9731539024963402
139.85292646323163	0.8938982442934125	0.9732581057388158
139.98599299649825	0.8940976828826556	0.9733978474166015
140.11905952976488	0.8945173975046431	0.9722663918582244
140.2521260630315	0.8939248736688049	0.9709650370382058
140.38519259629814	0.8935911711934692	0.9711890366592139
140.51825912956477	0.8933452659461454	0.9716660343143659
140.65132566283143	0.8933355895004994	0.9717247577991008
140.78439219609805	0.8935685252202022	0.9722901715329899
140.91745872936468	0.8936875702984567	0.9727633574226314
141.0505252626313	0.8938493801542015	0.9737413951134652
141.18359179589794	0.8947853295546625	0.974313607879427
141.31665832916457	0.8950209356038783	0.9736082238959874
141.44972486243122	0.89353045955725	0.9729484477345421
141.58279139569785	0.8925234906132864	0.9731496254255494
141.71585792896448	0.8930118429951127	0.9737875712316194
141.8489244622311	0.8928559316719502	0.9730806797996076
141.98199099549774	0.893106745892847	0.9717251687017581
142.11505752876437	0.8932649866645839	0.9717149892315405
142.24812406203102	0.892850588057044	0.9712606479410889
142.38119059529765	0.8938919523632931	0.9705556310426846
142.51425712856428	0.894688310938576	0.9705114139226033
142.6473236618309	0.8955189311434463	0.9713045537291723
142.78039019509754	0.8964589696821906	0.9724290841970913
142.91345672836417	0.8975191627506632	0.9717882373561542
143.04652326163082	0.8968754571922447	0.9713257789841073
143.17958979489745	0.8960082003349299	0.9718221367568339
143.31265632816408	0.8972609101391722	0.9718204984689337
143.4457228614307	0.8977645525128026	0.9719843408065901
143.57878939469734	0.8977240002770319	0.9715640602338096
143.71185592796397	0.8969321481129062	0.972535323570962
143.84492246123062	0.8967046708665961	0.9735903500317954
143.97798899449725	0.8969673576788925	0.974476819832672
144.11105552776388	0.8973992679879398	0.9752166924265339
144.2441220610305	0.8970603567719155	0.9746866395867652
144.37718859429714	0.8970295641068519	0.9752643867735478
144.51025512756377	0.8970017402322824	0.9756041825921788
144.64332166083042	0.8973644325424309	0.9745782798923709
144.77638819409705	0.8977200281074947	0.9750363957854276
144.90945472736368	0.8976509896273526	0.9748705338525836
145.0425212606303	0.898413978399232	0.9745108398730838
145.17558779389694	0.8983419178838029	0.9751712251776127
145.30865432716357	0.8987490468104017	0.9748534284349709
145.44172086043022	0.8988387359197798	0.9756003912448915
145.57478739369685	0.8983632258190344	0.976290111227996
145.70785392696348	0.8978876416098472	0.975450512757538
145.8409204602301	0.897379732763066	0.9744172539086485
145.97398699349674	0.8976319583840128	0.974613757500212
146.10705352676337	0.8984806361690542	0.9741346932259004
146.24012006003002	0.8988651544787367	0.9733750711210319
146.37318659329665	0.8984570254555191	0.9733733410671069
146.50625312656328	0.8983704422000204	0.9737566892608567
146.6393196598299	0.8975066505307603	0.9736375896789516
146.77238619309654	0.8972197129567537	0.9739834607505913
146.90545272636317	0.8978188001835473	0.9748132528900901
147.03851925962982	0.898084115187046	0.9749496582484187
147.17158579289645	0.8980776531781399	0.9749846716713788
147.30465232616308	0.8995051785790474	0.9759714595981053
147.4377188594297	0.9011820928565168	0.9771947547379909
147.57078539269634	0.9019592248654625	0.9774900299346975
147.70385192596297	0.9015103329686526	0.9784846988958933
147.83691845922962	0.9000485011134238	0.977916675474195
147.96998499249625	0.9002856016038615	0.976455997502258
148.10305152576288	0.9001891422446905	0.9776983320852367
148.2361180590295	0.8996359441223326	0.9786934725808204
148.36918459229614	0.9002606058749412	0.9782921064554548
148.50225112556276	0.9016837113802416	0.9781968845279404
148.63531765882942	0.9024799380671009	0.9775795264861807
148.76838419209605	0.9018222949189556	0.9766067996350654
148.90145072536268	0.9012404119285952	0.9758417865859874
149.0345172586293	0.9008718658752615	0.976402400555922
149.16758379189594	0.9001201124028133	0.9775813610158801
149.30065032516256	0.9008180863902693	0.9792130971240159
149.43371685842922	0.9005634828590445	0.9795244556961535
149.56678339169585	0.9013267792768647	0.979804017487918
149.69984992496248	0.9019318738187063	0.980121667813134
149.8329164582291	0.9008441949317602	0.9788845959403288
149.96598299149574	0.9011898094407356	0.9775555028769548
150.09904952476236	0.9017899085801999	0.9769315054204425
150.23211605802902	0.9014307548279933	0.9764296345723571
150.36518259129565	0.902276284782978	0.977147830946069
150.49824912456228	0.9026759134468533	0.9785287327993188
150.6313156578289	0.9022019339710774	0.9791329027301233
150.76438219109554	0.9030688299716703	0.9789965441234947
150.89744872436216	0.9036437844161592	0.979092167002141
151.03051525762882	0.9032985546733588	0.9785798563310362
151.16358179089545	0.9036677923365909	0.9784582903949257
151.29664832416208	0.9037528389124324	0.977775655786199
151.4297148574287	0.9033257542217936	0.9769425214008307
151.56278139069533	0.90385584881057	0.9766175272730558
151.69584792396196	0.9050552860986358	0.9757244929705401
151.82891445722862	0.9050438751890281	0.9755453150198317
151.96198099049525	0.903857356444061	0.9755058816784288
152.09504752376188	0.9026742525691203	0.9755145005404613
152.2281140570285	0.9025516830731712	0.9762579721564321
152.36118059029513	0.9033829318507024	0.9764026754233889
152.49424712356176	0.9026463064982518	0.9756493748170688
152.62731365682842	0.9031364833424959	0.9743796729549762
152.76038019009505	0.9035700415524233	0.9725476254849198
152.89344672336168	0.9030028155315535	0.9724634039653163
153.0265132566283	0.9032915199178607	0.972810865293511
153.15957978989493	0.9032328576336817	0.9730231995607294
153.2926463231616	0.9035312338585532	0.9740436439672397
153.42571285642822	0.9032278900326899	0.9742041118083645
153.55877938969485	0.9025372765602142	0.9745602717924752
153.69184592296148	0.9029152410842717	0.9751362023842571
153.8249124562281	0.9029770837413205	0.9757426972199471
153.95797898949473	0.9033347761092447	0.9759439307428084
154.0910455227614	0.9030645847360729	0.9755424676344718
154.22411205602802	0.9043136321308648	0.9762304969085118
154.35717858929465	0.9051768747896958	0.9756244618551507
154.49024512256128	0.9049131288511768	0.9751126624136238
154.6233116558279	0.9047962427803105	0.9743276455597146
154.75637818909453	0.904774131177722	0.9737258167387022
154.8894447223612	0.9043809957790472	0.9746303193291893
155.02251125562782	0.9034967346927404	0.9740772106175026
155.15557778889445	0.9029580997330419	0.9741499828949425
155.28864432216108	0.9017953479736174	0.9746670469513176
155.4217108554277	0.9019173395676842	0.9743176417648215
155.55477738869433	0.9030587051544403	0.9749224749263093
155.687843921961	0.9036371842132429	0.9755280604839968
155.82091045522762	0.9032684911439371	0.9747642173462355
155.95397698849425	0.9034809395323786	0.9747114548828567
156.08704352176088	0.904053778769155	0.9741695714200088
156.2201100550275	0.9045747238478966	0.9734130872206915
156.35317658829413	0.9048359284861666	0.9730903608992006
156.4862431215608	0.9033826995268773	0.9725040357836443
156.61930965482742	0.904020619529844	0.9728157042887925
156.75237618809405	0.9038888620629016	0.9735924329528043
156.88544272136068	0.9038132478452993	0.9736013915970663
157.0185092546273	0.9038515024554694	0.9735778590907039
157.15157578789393	0.903682133541594	0.9737285541525288
157.2846423211606	0.9029185859360719	0.9743140418057898
157.41770885442722	0.9024497675062945	0.9760605275488934
157.55077538769385	0.9028638850502331	0.9770894131709232
157.68384192096048	0.9026535022392658	0.9773004128677488
157.8169084542271	0.9019329198844019	0.9778544820963652
157.94997498749373	0.901606917595412	0.9778895024329428
158.0830415207604	0.9013817476266959	0.9768639636332579
158.21610805402702	0.9021615401871037	0.9766261658666843
158.34917458729365	0.9038495966456528	0.9767600185132923
158.48224112056027	0.9031413257884774	0.9776262735443616
158.6153076538269	0.9035150636184748	0.9767914489420523
158.74837418709353	0.9045859698946787	0.9762096236939797
158.8814407203602	0.9033317177336057	0.9769146809074064
159.01450725362682	0.9029673918430945	0.9757308393317579
159.14757378689345	0.9039612691830222	0.9748490819812914
159.28064032016007	0.9056505471987031	0.975427056623874
159.4137068534267	0.9068317819873966	0.9769241293766836
159.54677338669333	0.906522628052952	0.9772042353345304
159.67983991996	0.905716995484507	0.9777490427679443
159.81290645322662	0.9063260802151167	0.9780642289353517
159.94597298649325	0.9063651975643755	0.9781033384190401
160.07903951975987	0.9057493131393617	0.9773271701269279
160.2121060530265	0.9059273008198452	0.9773625182486871
160.34517258629313	0.9064842424719388	0.9774750585987696
160.4782391195598	0.9073420540895217	0.9768570814006973
160.61130565282642	0.9076966518498772	0.9774190260543635
160.74437218609305	0.9080914624605344	0.9767802359329137
160.87743871935967	0.9089277565425944	0.9760808472469711
161.0105052526263	0.9081570957380869	0.9774468263539217
161.14357178589293	0.9067984861337459	0.9772668176590475
161.2766383191596	0.9070460913057623	0.9770344625176862
161.40970485242622	0.9063373804394248	0.9769300098499648
161.54277138569284	0.9053376253639421	0.9762593662079123
161.67583791895947	0.905878402904187	0.9768121732954614
161.8089044522261	0.9057979615975355	0.9776111218951972
161.94197098549273	0.9044658787083416	0.9767046831451501
162.0750375187594	0.9039199262358257	0.9773285405895177
162.20810405202602	0.9041563098917555	0.977953863359869
162.34117058529264	0.9045945846594604	0.9778436638737745
162.47423711855927	0.9057736605436898	0.9791817030284042
162.6073036518259	0.9064071561283296	0.9791616404371126
162.74037018509253	0.9075549915513792	0.9784753204322222
162.8734367183592	0.9067106996957272	0.9774681910678604
163.00650325162582	0.9053390075098764	0.9766699952676179
163.13956978489244	0.90560715509501	0.9763532963718011
163.27263631815907	0.9067379416350622	0.9758241117701872
163.4057028514257	0.9075762350631091	0.9757763932158983
163.53876938469233	0.9066166922101725	0.9752872487145708
163.671835917959	0.9061576155092561	0.9749988862303263
163.80490245122562	0.9068602529691386	0.9747194256597055
163.93796898449224	0.9076765317249861	0.975669691648748
164.07103551775887	0.9077589100716923	0.9750071792893156
164.2041020510255	0.9079866124351856	0.9749591088960501
164.33716858429213	0.907798132829321	0.9755468686818585
164.4702351175588	0.9072744954019836	0.9752848869285717
164.60330165082541	0.9071348260157169	0.9761299102327315
164.73636818409204	0.9073113279915335	0.9760604111716137
164.86943471735867	0.9077839234974758	0.9751325430885378
165.0025012506253	0.9086508836244361	0.9742798243766988
165.13556778389193	0.9092543226974962	0.9747056373601928
165.2686343171586	0.9094566070233983	0.9750779366400475
165.40170085042521	0.9091910437256447	0.97484307520428
165.53476738369184	0.9088567565054408	0.9737965965407556
165.66783391695847	0.9089466989423136	0.9741697812601725
165.8009004502251	0.9084332940649497	0.9768592427932101
165.93396698349173	0.9081590541586032	0.977027794862238
166.06703351675839	0.9079363472881058	0.9755600919985653
166.20010005002501	0.9086740664769476	0.9765694578728302
166.33316658329164	0.9097545430003379	0.9759167699132806
166.46623311655827	0.9091042434253475	0.975337621716674
166.5992996498249	0.9088133471086939	0.9763223242854056
166.73236618309153	0.9093517691576254	0.9772598809213582
166.86543271635819	0.9090463695516965	0.976805727562199
166.9984992496248	0.9074432889499499	0.9763466428850639
167.13156578289144	0.9064245473648853	0.9761300810649088
167.26463231615807	0.9061039371149386	0.9763667424907815
167.3976988494247	0.9063012846229992	0.9763334227050082
167.53076538269133	0.9067167169610526	0.9763912284346992
167.66383191595799	0.9058727157949048	0.9763794696472156
167.7968984492246	0.9059280733728856	0.9768609406918817
167.92996498249124	0.9064213217395624	0.9766225031885672
168.06303151575787	0.90640623302118	0.9762050220052502
168.1960980490245	0.9082324639816294	0.9763453502776372
168.32916458229113	0.9097644162269347	0.9754567980388371
168.46223111555778	0.9094525322190438	0.9757145371666593
168.5952976488244	0.9070337000969101	0.9761406226556314
168.72836418209104	0.9063884019364786	0.9752734225797582
168.86143071535767	0.9070261322391205	0.9746367224891251
168.9944972486243	0.9070866202493771	0.9753563257064323
169.12756378189093	0.907510809610734	0.9750574222049753
169.26063031515758	0.9083675577318586	0.9749536622927073
169.3936968484242	0.9087288586670956	0.9744532417036547
169.52676338169084	0.908342757342486	0.9731115375285575
169.65982991495747	0.9081715928264533	0.9727350453168258
169.7928964482241	0.9076632804461598	0.9742109766981666
169.92596298149073	0.907713387829486	0.9736005761074468
170.05902951475738	0.9080545367642895	0.974105703688092
170.192096048024	0.906978554890776	0.9740607147712916
170.32516258129064	0.9079248397579637	0.9739671968093337
170.45822911455727	0.9070527391576656	0.975323445754061
170.5912956478239	0.9071475344921116	0.9764190996971857
170.72436218109056	0.9089402283942544	0.9757386650005578
170.85742871435718	0.9088354574515378	0.9753746757881008
170.9904952476238	0.9080999495280786	0.9755561036727146
171.12356178089044	0.9081458382728903	0.9760780954594953
171.25662831415707	0.909320194519132	0.9763935073764847
171.3896948474237	0.9095430215033632	0.9765813331577547
171.52276138069035	0.9096991877406616	0.9762247942656834
171.65582791395698	0.909382261515041	0.974269316372003
171.7888944472236	0.9092347101308559	0.9740421451895935
171.92196098049024	0.909360288957858	0.9759722528798418
172.05502751375687	0.9080148584751184	0.9765353510801711
172.1880940470235	0.9092961498370737	0.9762591562732768
172.32116058029015	0.9092440186697703	0.9762753537044209
172.45422711355678	0.9089167219740943	0.9773712273270659
172.5872936468234	0.9095923724127364	0.9778106303846449
172.72036018009004	0.9095375449643542	0.9771470874934135
172.85342671335667	0.9101230766169272	0.9764271321620883
172.9864932466233	0.9104610960475809	0.9751002140318057
173.11955977988995	0.911192690026108	0.9743603632186856
173.25262631315658	0.9118427944447028	0.9746199880159726
173.3856928464232	0.9122804740985478	0.9749943452413783
173.51875937968984	0.9120455649779339	0.9748447870093803
173.65182591295647	0.9120487380267878	0.976022656495293
173.7848924462231	0.9119380961626629	0.9755578317316677
173.91795897948975	0.9120461179079266	0.975249373368289
174.05102551275638	0.9118400268405443	0.9765077925668513
174.184092046023	0.9120607027534606	0.9773834943813496
174.31715857928964	0.9123875879820781	0.9786807197081574
174.45022511255627	0.9120213794532236	0.9783733586697305
174.5832916458229	0.9116191257623911	0.9791245247825222
174.71635817908955	0.9117231872090424	0.979216010399037
174.84942471235618	0.9124114204285141	0.9785851782874315
174.9824912456228	0.9137502712096629	0.9778398015133372
175.11555777888944	0.9136498438980541	0.9780209012892537
175.24862431215607	0.9143478184291477	0.9783624539781232
175.3816908454227	0.9139457636911251	0.9779941560665314
175.51475737868935	0.9131822070456197	0.9784820256697265
175.64782391195598	0.9126674987376177	0.9777232602946403
175.7808904452226	0.9129771847422965	0.9772801393484506
175.91395697848924	0.9143230393418363	0.9774347391698104
176.04702351175587	0.9141074286221514	0.9785376881478464
176.1800900450225	0.9130615854537094	0.9795630488801758
176.31315657828915	0.9123528031119902	0.9792568027718079
176.44622311155578	0.913003486446523	0.9786407278972894
176.5792896448224	0.9142055051762382	0.9782201101691796
176.71235617808904	0.9131165252279833	0.978649565833872
176.84542271135567	0.9129925181165396	0.9796141737297515
176.9784892446223	0.9129489014743615	0.9785465802706018
177.11155577788895	0.9130572276986103	0.9785358210413189
177.24462231115558	0.9137547550240416	0.9780436994473851
177.3776888444222	0.9145424277019731	0.9785483699924874
177.51075537768884	0.914539559534948	0.9787820765879789
177.64382191095547	0.9146696460031372	0.9784358431817803
177.7768884442221	0.9151401424071368	0.9774570675805938
177.90995497748875	0.9147747946711385	0.976717025466249
178.04302151075538	0.9147741320462863	0.9769123319686549
178.176088044022	0.9151273334708032	0.9776435940862142
178.30915457728864	0.914855687071476	0.9784841165391313
178.44222111055527	0.9138862285429307	0.979049509326063
178.5752876438219	0.9142586269104201	0.9787936103761063
178.70835417708855	0.9139463382851223	0.9786758855475702
178.84142071035518	0.9134602076917652	0.9783392925048349
178.9744872436218	0.913179482650931	0.9784817222190284
179.10755377688844	0.9134319497859301	0.9787515561613881
179.24062031015507	0.9139354942318286	0.9782696841417106
179.3736868434217	0.9138964641806219	0.9787566699533092
179.50675337668835	0.9127005949590191	0.9783778009896109
179.63981990995498	0.9120657387156609	0.9776807914425695
179.7728864432216	0.9130750380727831	0.9775888338381736
179.90595297648824	0.9131158456703605	0.977756770149999
180.03901950975487	0.9135910119881996	0.9782233475809698
180.1720860430215	0.9134372944221102	0.9790734791940172
180.30515257628815	0.9130989803623948	0.9789710128949846
180.43821910955478	0.9133041919728725	0.9793500308298169
180.5712856428214	0.9139764988560405	0.9796182738670979
180.70435217608804	0.9162141470195974	0.9791546766764719
180.83741870935467	0.9167334661898524	0.9789726939048616
180.9704852426213	0.9166463964260405	0.9782474442275385
181.10355177588795	0.9162936497593219	0.9767652900087112
181.23661830915458	0.9167617782437526	0.9758448562823727
181.3696848424212	0.917135856781446	0.9760665840589603
181.50275137568784	0.9170790436032323	0.9760471445735032
181.63581790895446	0.91634186906671	0.9756044863534656
181.7688844422211	0.9144883167529414	0.9766946852203803
181.90195097548775	0.9144838888137046	0.9763195868587705
182.03501750875438	0.9135698445064357	0.9767319646346335
182.168084042021	0.9142224448614019	0.9774977003079627
182.30115057528764	0.9147446427208954	0.9763692863085072
182.43421710855426	0.915225559343942	0.9753099093055021
182.5672836418209	0.9160302849276382	0.9754251692235318
182.70035017508755	0.9153996710597428	0.9759736931818056
182.83341670835418	0.9153104181798073	0.9766235917232864
182.9664832416208	0.9151384007521207	0.9781826284092392
183.09954977488744	0.9156700760046945	0.9782642666665277
183.23261630815406	0.9170814992486488	0.9788004549147938
183.3656828414207	0.9165610590067482	0.9794378570563655
183.49874937468735	0.9161274449749682	0.980025911468421
183.63181590795398	0.9160345622648091	0.9796109786120459
183.7648824412206	0.9171662133715268	0.9796749799916303
183.89794897448724	0.9178256660521565	0.9806388707930862
184.03101550775386	0.9177558010280961	0.9804041231555608
184.1640820410205	0.91768582378654	0.9798426636692272
184.29714857428715	0.9180872588777363	0.9801084909395786
184.43021510755378	0.9179138184721495	0.9789742745510555
184.5632816408204	0.9178045207774213	0.9784662096995962
184.69634817408703	0.916794700693937	0.9776432690152445
184.82941470735366	0.9162723484959796	0.9770638732078977
184.9624812406203	0.9168271867278202	0.977459755712962
185.09554777388695	0.9165093748854026	0.9789009930669785
185.22861430715358	0.9164265983270425	0.9795930207392071
185.3616808404202	0.9171510538047497	0.9804414746362458
185.49474737368683	0.9162196183540885	0.9814311597319414
185.62781390695346	0.9157845550665539	0.9802242509334937
185.7608804402201	0.9155302024591169	0.9810827410792647
185.89394697348675	0.9143146156892774	0.9808305018184897
186.02701350675338	0.9139507894546434	0.9804165522242957
186.16008004002	0.9125117068396055	0.978953993651703
186.29314657328663	0.9118523803593157	0.979368002238428
186.42621310655326	0.911668539061885	0.9801327560890062
186.5592796398199	0.9122781900284863	0.980302109111405
186.69234617308655	0.9122192296648486	0.9805122761808382
186.82541270635318	0.9126644962400682	0.9801866070954249
186.9584792396198	0.9133074203800124	0.9792528796148119
187.09154577288643	0.9130118352928345	0.9798862406629826
187.22461230615306	0.9133395283313326	0.9798383903455345
187.3576788394197	0.9134137336604676	0.9798300635531169
187.49074537268635	0.9126847159542003	0.9783003819210385
187.62381190595298	0.9119517383734097	0.977797484161576
187.7568784392196	0.9125747362432429	0.9786497355778333
187.88994497248623	0.9143432404325134	0.9793015878425894
188.02301150575286	0.9140845376969959	0.9782682510451703
188.15607803901952	0.9130893950168789	0.9784512475797918
188.28914457228615	0.9136488778139433	0.9796299284207536
188.42221110555278	0.9139995994493898	0.9799223472628537
188.5552776388194	0.9135365414969093	0.9808492510652662
188.68834417208603	0.9127741458655745	0.9806572027377799
188.82141070535266	0.9121734792059785	0.9799304541195251
188.95447723861932	0.912082088042254	0.9794456794794595
189.08754377188595	0.9122900097689102	0.9788342661883885
189.22061030515258	0.9133982029062248	0.9787632211805306
189.3536768384192	0.9145476986443433	0.9772936312334696
189.48674337168583	0.9150036615007718	0.9780010210688928
189.61980990495246	0.9133703684762411	0.9764890201545553
189.75287643821912	0.9127544315552614	0.9752510850413051
189.88594297148575	0.9134155343982976	0.9743348678446047
190.01900950475238	0.9139550704096114	0.9740275538371581
190.152076038019	0.9137539851662833	0.9750487529108847
190.28514257128563	0.9131283992557996	0.9762107086266139
190.41820910455226	0.9140458607468278	0.9763639973624135
190.55127563781892	0.913525769335794	0.9758659735559784
190.68434217108555	0.9127058563969265	0.9757783836478445
190.81740870435218	0.9131320695537345	0.9760976458615418
190.9504752376188	0.9139359078787499	0.9759074121213168
191.08354177088543	0.914596957304256	0.9756625547254041
191.21660830415206	0.9147220493456674	0.9758744383129166
191.34967483741872	0.9153035343713796	0.9750030173629982
191.48274137068535	0.9156293916243708	0.9758162781427588
191.61580790395197	0.9159191907708474	0.9769414763930939
191.7488744372186	0.9152770196983291	0.9775387212746367
191.88194097048523	0.9152296307704495	0.977877165910827
192.01500750375186	0.9150108437778753	0.9769082385246147
192.14807403701852	0.9161105848776704	0.9757211973689819
192.28114057028515	0.9153165462041797	0.9760438940555459
192.41420710355177	0.9147219005549247	0.9766584201972003
192.5472736368184	0.9168816123931389	0.9766336768876835
192.68034017008503	0.9182917708508425	0.9768418166394999
192.81340670335166	0.9177607378139614	0.9768900481615592
192.94647323661832	0.916312619499026	0.9763496339099971
193.07953976988495	0.9165000838293461	0.9770432690269446
193.21260630315157	0.9165839848094174	0.9768149269028281
193.3456728364182	0.9161212299657586	0.9763129124859704
193.47873936968483	0.9150426105187873	0.9756610526086281
193.61180590295146	0.9148885047666763	0.974792815124
193.74487243621812	0.9155010070078081	0.9751754376162413
193.87793896948475	0.9155673994515414	0.9762402379072196
194.01100550275137	0.9168374325060853	0.9759323558817983
194.144072036018	0.9176289707723276	0.9750415862832583
194.27713856928463	0.918991332566276	0.9749699089297426
194.41020510255126	0.918824176428527	0.9761791239908725
194.54327163581792	0.9182689420266594	0.9753140629663744
194.67633816908454	0.9192436656376316	0.9755857576074813
194.80940470235117	0.9198320854056439	0.9757339906278525
194.9424712356178	0.9208510723421606	0.9753133203346299
195.07553776888443	0.920688246581064	0.9769343021315671
195.20860430215106	0.9196691323642843	0.9773364708203849
195.34167083541772	0.9191275123403482	0.9767598742389161
195.47473736868434	0.9188045249868776	0.9767533337269354
195.60780390195097	0.9181663232189319	0.9768820236661043
195.7408704352176	0.9177695725604383	0.9750345444708954
195.87393696848423	0.9174780294916347	0.9748394011225539
196.00700350175086	0.9166005888951209	0.9746680514166274
196.14007003501752	0.9165508040549131	0.9736151709721885
196.27313656828414	0.9158537858394828	0.974146009530111
196.40620310155077	0.914155166526178	0.9744849475663894
196.5392696348174	0.9144372802005429	0.9745119813929861
196.67233616808403	0.9139575283523264	0.9754275651152965
196.80540270135066	0.9149250403050702	0.9749024097253604
196.93846923461732	0.9163170959796642	0.9753872389044026
197.07153576788394	0.9156704954025103	0.9762586894300433
197.20460230115057	0.9159170799982816	0.976916609008957
197.3376688344172	0.9161417729602799	0.9772128220733466
197.47073536768383	0.9169940831161064	0.9772385167155275
197.60380190095046	0.9168214497666072	0.9767855764473735
197.73686843421712	0.9159543795487716	0.977417581148159
197.86993496748374	0.9155474923585744	0.9790104470762959
198.00300150075037	0.9149662035447529	0.979720536649518
198.136068034017	0.9159299495820091	0.9793645782369075
198.26913456728363	0.9158371782478137	0.9803952678250692
198.40220110055026	0.9159029062400399	0.9786849774588762
198.53526763381691	0.9159039816698817	0.9775050001714995
198.66833416708354	0.9148595438423504	0.9783369175991057
198.80140070035017	0.9160432956987495	0.9780273961934381
198.9344672336168	0.9161858818912848	0.9783567834703859
199.06753376688343	0.915202417634706	0.9785377655057794
199.20060030015006	0.9154947953058296	0.9784791454234757
199.33366683341671	0.9174425554992731	0.9782046607652883
199.46673336668334	0.9178783314505743	0.9770666095787416
199.59979989994997	0.9177101619036121	0.978305115703543
199.7328664332166	0.9172984630918863	0.979002381288444
199.86593296648323	0.9178225856654528	0.9783934459684984
199.99899949974986	0.9175582337731271	0.9784405722488455
200.1320660330165	0.9178619017803046	0.9783420623660813
200.26513256628314	0.9183316285205072	0.9788009662327626
200.39819909954977	0.9195818043697612	0.9787910079315769
200.5312656328164	0.9205842599587946	0.9782294979268389
200.66433216608303	0.921093477713002	0.9771442560723247
200.79739869934966	0.9221168251812758	0.976810955110771
200.9304652326163	0.9228410464028189	0.9752008137666146
201.06353176588294	0.9229624703951614	0.9746228711493513
201.19659829914957	0.922037000218895	0.9735624308674474
201.3296648324162	0.9216267274648501	0.9746593773325942
201.46273136568283	0.9217244885802289	0.9753618469531359
201.59579789894946	0.922577008892124	0.9755332187317894
201.7288644322161	0.9234103555004656	0.9744270337506657
201.86193096548274	0.9223986942069418	0.9751037656871359
201.99499749874937	0.9221535213422372	0.9747844133635417
202.128064032016	0.922202622470045	0.9754824908103905
202.26113056528263	0.9216443863650845	0.9765940820908724
202.39419709854926	0.9212754160110022	0.9762754865712442
202.5272636318159	0.9214800439157208	0.9763254332767659
202.66033016508254	0.9212656819817964	0.9774253486973684
202.79339669834917	0.920813376651597	0.9782120609017323
202.9264632316158	0.9215943779189216	0.9780663993150546
203.05952976488243	0.922233191867234	0.9777568268847868
203.19259629814906	0.9224454260966043	0.9770015627380645
203.3256628314157	0.9229082825555062	0.9770028554479708
203.45872936468234	0.9220124875226171	0.9788975607668908
203.59179589794897	0.9218430498694979	0.9802546110459905
203.7248624312156	0.922120124208141	0.9799532400524356
203.85792896448223	0.9207416563576363	0.9791392872326635
203.99099549774886	0.9205335528770808	0.9787921789665452
204.1240620310155	0.9207861117298637	0.9786876127036742
204.25712856428214	0.9187606418509512	0.9790045097412468
204.39019509754877	0.9176262568210423	0.9792365119253537
204.5232616308154	0.9186950588728006	0.9793749510364403
204.65632816408203	0.9192568256800075	0.9789935177652684
204.78939469734868	0.9189954522699548	0.978071357639
204.9224612306153	0.917496938595735	0.9775482262569081
205.05552776388194	0.9171761822544906	0.9767842706807046
205.18859429714857	0.9179548796522662	0.9760617823440052
205.3216608304152	0.9166158993776837	0.9763530693635818
205.45472736368183	0.9164963578511053	0.9755188859625575
205.58779389694848	0.9157001062882588	0.977873661437891
205.7208604302151	0.9159316576598748	0.9776564570441497
205.85392696348174	0.9154735611053143	0.9777797863644115
205.98699349674837	0.9149583834075298	0.9773080144807478
206.120060030015	0.9152105998665478	0.9773868357552482
206.25312656328163	0.9155539741494096	0.9773719124152541
206.38619309654828	0.915429677206716	0.9786560350031245
206.5192596298149	0.9153709876041318	0.978235612061062
206.65232616308154	0.9151059631628138	0.9774216982836049
206.78539269634817	0.9163353791318355	0.9779834567739166
206.9184592296148	0.9177784157608629	0.9792429408115912
207.05152576288143	0.9178127749382865	0.9784561750382373
207.18459229614808	0.9180844335204886	0.9794538315338898
207.3176588294147	0.9160696603763033	0.9782860313184732
207.45072536268134	0.9159827875198994	0.9771871320057809
207.58379189594797	0.9160471320753054	0.9773910126226649
207.7168584292146	0.916350930135959	0.9775400940727648
207.84992496248123	0.9164995187564451	0.9761001417712702
207.98299149574788	0.916447251568862	0.9759434007783103
208.1160580290145	0.9176463197029415	0.9768187526860118
208.24912456228114	0.918211673452885	0.9764780487628749
208.38219109554777	0.9174820390793077	0.9759701081287884
208.5152576288144	0.9175694732637188	0.9753408994657837
208.64832416208102	0.918601669790252	0.9741497334771178
208.78139069534768	0.9189027828288758	0.9742547593879576
208.9144572286143	0.9193964915552075	0.9740609054873414
209.04752376188094	0.9201210397727106	0.9731823103235235
209.18059029514757	0.919547795025057	0.9727132254271861
209.3136568284142	0.9187200857867096	0.9726607392791939
209.44672336168082	0.9180012320184447	0.9721904990652118
209.57978989494748	0.9179901434682031	0.9723912842219714
209.7128564282141	0.9170745815908096	0.9727408901400184
209.84592296148074	0.9181446725856783	0.9731121026610724
209.97898949474737	0.9191290990557731	0.972181019312663
210.112056028014	0.9182086154400024	0.9721917416698479
210.24512256128062	0.9170678105958584	0.9729750748862465
210.37818909454728	0.9168795508677557	0.972269531859192
210.5112556278139	0.9171985180433518	0.9730011163866347
210.64432216108054	0.9179337152150889	0.973739158979198
210.77738869434717	0.917031502326794	0.9740367034283438
210.9104552276138	0.9168801213885078	0.9753467308799475
211.04352176088042	0.9169224042707739	0.9744060433343892
211.17658829414708	0.9158625361021029	0.9728537591050935
211.3096548274137	0.9160750469016888	0.9726806656400925
211.44272136068034	0.9158130395662394	0.9726419241378732
211.57578789394697	0.9155185183662148	0.9738447561162221
211.7088544272136	0.9147976586737804	0.9754687436195235
211.84192096048022	0.9144161636315017	0.9745143662723725
211.97498749374688	0.9148842712229521	0.9744771986144134
212.1080540270135	0.9150189067850463	0.9740242744431813
212.24112056028014	0.9150769768140213	0.9732926496979881
212.37418709354677	0.9160961849043777	0.9735571363876327
212.5072536268134	0.9156895430173823	0.9725310562579467
212.64032016008002	0.914172565119954	0.9731596385505329
212.77338669334668	0.9140249683172061	0.9736795903968972
212.9064532266133	0.9150253720902382	0.9756619892919755
213.03951975987994	0.9135818617979012	0.9742349440457185
213.17258629314657	0.9138498831388356	0.9749256019022269
213.3056528264132	0.9151733976185982	0.9750495234907884
213.43871935967982	0.9155817832735502	0.9736646369157401
213.57178589294648	0.914754192440087	0.9733795593671237
213.7048524262131	0.9153649729701341	0.974427683548219
213.83791895947974	0.9153753210462302	0.9739859468342766
213.97098549274637	0.9155479390834614	0.973002274226485
214.104052026013	0.9159166688256102	0.974157504551603
214.23711855927962	0.9159820480297486	0.9746634073363601
214.37018509254628	0.913686537880212	0.9742693369103798
214.5032516258129	0.9146091582259428	0.9743253375968821
214.63631815907954	0.9152198184379721	0.9737813461172548
214.76938469234616	0.9152983401511241	0.9739741906670418
214.9024512256128	0.9162081197009198	0.97286834296263
215.03551775887942	0.9160400906882525	0.9721178061267353
215.16858429214608	0.91739948724762	0.9734285625746445
215.3016508254127	0.9184130767165563	0.9732164526413494
215.43471735867934	0.9178939513492703	0.9728207896816874
215.56778389194596	0.9184860506436241	0.9737545882301581
215.7008504252126	0.9183653269441141	0.9742100794462454
215.83391695847922	0.9175908851962363	0.9730435852488476
215.96698349174588	0.9177560273759102	0.974346325915141
216.1000500250125	0.9173644705964564	0.9747986894408995
216.23311655827914	0.9163374548839757	0.974887988826163
216.36618309154576	0.9166682833800305	0.9752473744718795
216.4992496248124	0.9148248896643367	0.9747996229121676
216.63231615807902	0.9140632458011063	0.9756995071163048
216.76538269134568	0.9137751868817757	0.9762599074812566
216.8984492246123	0.9135364407166298	0.9767770430413439
217.03151575787894	0.9141944980874631	0.9767285289977536
217.16458229114556	0.9141286271237467	0.9769398316346297
217.2976488244122	0.913624773975743	0.9764005769066374
217.43071535767882	0.9138995586590736	0.9751677939087018
217.56378189094548	0.913049339567974	0.9744571546324773
217.6968484242121	0.91175827399067	0.9745369867563832
217.82991495747874	0.9129906786840347	0.9749264014182322
217.96298149074536	0.9129701765867113	0.9741382028384752
218.096048024012	0.9127495317231069	0.9738505838756623
218.22911455727862	0.9144263914387759	0.9734813278162464
218.36218109054528	0.9134192257545599	0.9737938316171099
218.4952476238119	0.913369421539247	0.9733753328021943
218.62831415707853	0.9144925277033774	0.9729321554397647
218.76138069034516	0.9142881458949219	0.9730462285327623
218.8944472236118	0.9127919155299137	0.9725374889744066
219.02751375687842	0.9127181331695093	0.9734727507873285
219.16058029014508	0.9131537799602945	0.9738084339158667
219.2936468234117	0.9145182073590135	0.974541202631891
219.42671335667833	0.915257613905019	0.9742360703347623
219.55977988994496	0.9153455573774719	0.9739924233477953
219.6928464232116	0.915787633118098	0.9753810955270035
219.82591295647822	0.9157474454898463	0.9759418934977508
219.95897948974488	0.9156993816383636	0.9755498443636847
220.0920460230115	0.915167413394091	0.976320744641291
220.22511255627813	0.9160038825541273	0.9743688247983555
220.35817908954476	0.9157591807204428	0.9744729586525922
220.4912456228114	0.9175532405399431	0.9748574354749192
220.62431215607802	0.9173708387156411	0.9741930334413976
220.75737868934468	0.9174964484980578	0.9759747209185936
220.8904452226113	0.9174982962053388	0.9766956261839841
221.02351175587793	0.9174954997183146	0.9761670772518891
221.15657828914456	0.9155509798346607	0.9770289895500116
221.2896448224112	0.9153718017254111	0.977478035904393
221.42271135567785	0.9161221046124157	0.9766926265647602
221.55577788894448	0.9146229746411335	0.9761652635883465
221.6888444222111	0.9141833010966861	0.9763821061375729
221.82191095547773	0.914754515960762	0.9761701206652725
221.95497748874436	0.9153625876757591	0.9766802167746865
222.088044022011	0.9157702713154522	0.9775916358791785
222.22111055527765	0.9167606271396506	0.9785000634295227
222.35417708854428	0.9176722129515262	0.9791204654179143
222.4872436218109	0.9181467642154977	0.9780617567248102
222.62031015507753	0.9177218869159574	0.9772024916196156
222.75337668834416	0.917409861714939	0.9765628770721603
222.8864432216108	0.9176596078618905	0.9767655178813871
223.01950975487745	0.9186512901609373	0.9770482127723589
223.15257628814408	0.9185801840780053	0.9773095531037469
223.2856428214107	0.917620131491963	0.9762470145172613
223.41870935467733	0.9182267741742692	0.9749512107585332
223.55177588794396	0.9172804230347471	0.9751162029481487
223.6848424212106	0.9181256446861632	0.9745680108933799
223.81790895447725	0.9180480851748865	0.9744087173946852
223.95097548774388	0.9169027776586123	0.9762184534290042
224.0840420210105	0.9178545741963744	0.9762564437249751
224.21710855427713	0.9176671663592115	0.9763775766032982
224.35017508754376	0.9175810035480625	0.9765972353213453
224.4832416208104	0.9185978432548623	0.9774111473899094
224.61630815407705	0.9188764715810739	0.9788958102850172
224.74937468734367	0.9193952993775085	0.9787547384652526
224.8824412206103	0.9191919320055252	0.9760341541480054
225.01550775387693	0.9187002493883809	0.9752867138312562
225.14857428714356	0.9193453957459676	0.9749705189463053
225.2816408204102	0.920246115759823	0.9739684541495826
225.41470735367685	0.9212870027822547	0.9748987993995738
225.54777388694347	0.9199527367868865	0.9742587764642879
225.6808404202101	0.919120533747643	0.974507548489156
225.81390695347673	0.9186484987283989	0.9749059781865406
225.94697348674336	0.9196623088189005	0.975249917111576
226.08004002001	0.9196550814154688	0.9764002143014553
226.21310655327665	0.9186258844301324	0.9759518083533196
226.34617308654327	0.9187474447090972	0.976657157459428
226.4792396198099	0.9195876389276982	0.9763545041030255
226.61230615307653	0.9193471816647508	0.9747163924136407
226.74537268634316	0.9186188362320288	0.9754438110785721
226.8784392196098	0.9189991814534411	0.9757617617357656
227.01150575287645	0.9187845879401262	0.9762736605741382
227.14457228614307	0.9196673369871551	0.975759909943915
227.2776388194097	0.9188725025252317	0.9749306370904987
227.41070535267633	0.918690638461066	0.9748702303046723
227.54377188594296	0.9197415968749199	0.975464287826901
227.6768384192096	0.918814125271991	0.9746850398097568
227.80990495247624	0.9187384664137737	0.9756442476113812
227.94297148574287	0.9191290097255602	0.9761765182492305
228.0760380190095	0.9185949311719483	0.9768338638901265
228.20910455227613	0.9193579436879524	0.9767268788714378
228.34217108554276	0.91901195537033	0.9776204065378153
228.4752376188094	0.9191879409129327	0.9774988454144027
228.60830415207604	0.9188551158638315	0.9770945077590495
228.74137068534267	0.9194100084769057	0.9771025640882884
228.8744372186093	0.9210583809216106	0.9756278482189701
229.00750375187593	0.9208890281777448	0.9754935769200316
229.14057028514256	0.9209177682217531	0.9748827854832324
229.2736368184092	0.9211313884527833	0.9754933644086348
229.40670335167584	0.9204937915905548	0.9767360183702178
229.53976988494247	0.9205341821319826	0.9766563396067356
229.6728364182091	0.9196895888786725	0.9754553741557279
229.80590295147573	0.9188403308329837	0.976643138439111
229.93896948474236	0.9198266866847931	0.9765953401292014
230.072036018009	0.9186345896465821	0.9779253465198575
230.20510255127564	0.9183175410207969	0.9767301434431219
230.33816908454227	0.9187247535539983	0.9764687690939257
230.4712356178089	0.9189105184651847	0.9779746805865439
230.60430215107553	0.9208522852538904	0.9794644149293676
230.73736868434216	0.9211001431326539	0.9797939989475379
230.8704352176088	0.9212469565374279	0.97834070687245
231.00350175087544	0.9197257981066677	0.9787396092872341
231.13656828414207	0.9187711093636065	0.978353340056201
231.2696348174087	0.9196762976617701	0.9794467776321126
231.40270135067533	0.9201564510334164	0.9800766392424421
231.53576788394196	0.9186345726546238	0.9797427414104933
231.6688344172086	0.9172007261152888	0.9788427788043929
231.80190095047524	0.9175091268792438	0.9769392198974365
231.93496748374187	0.9181439374302522	0.9771449632535211
232.0680340170085	0.9186770945059782	0.9774930982139212
232.20110055027513	0.9195891493362166	0.9782600364068568
232.33416708354176	0.9192825551594664	0.9777954100247258
232.4672336168084	0.9185240448307619	0.9789614829882592
232.60030015007504	0.9195451462023736	0.9779090357841715
232.73336668334167	0.9191422609708427	0.9765645845772694
232.8664332166083	0.9189710742118341	0.9762990762868554
232.99949974987493	0.9196797398649001	0.9766990616638472
233.13256628314156	0.9205235429202665	0.9773829279740746
233.26563281640819	0.9204080861028232	0.9782079614185357
233.39869934967484	0.9211796038150161	0.9759879021772243
233.53176588294147	0.9206860020933993	0.9761508624568006
233.6648324162081	0.9206672082136368	0.9764207256964677
233.79789894947473	0.9202554826632476	0.9766706671965786
233.93096548274136	0.920295333405853	0.9764139124404437
234.06403201600799	0.9211739412914889	0.9780244963354433
234.19709854927464	0.9197960796142232	0.9776339073953896
234.33016508254127	0.9205605436708214	0.9760751722046684
234.4632316158079	0.9206322963883837	0.9764295054400994
234.59629814907453	0.9200210566658221	0.9758131514937471
234.72936468234116	0.919983659046803	0.9754788910804395
234.86243121560778	0.9202688634147951	0.9762952595174763
234.99549774887444	0.9197745942951604	0.9751246278522812
235.12856428214107	0.9205295485264596	0.9733278099687603
235.2616308154077	0.9208312527047654	0.9733883206547417
235.39469734867433	0.9211423992008646	0.9740675357574251
235.52776388194096	0.9199749188928671	0.9733675235187804
235.66083041520758	0.9201131135494616	0.974413500987066
235.79389694847424	0.9194350635091831	0.9738702406288301
235.92696348174087	0.9182245061604547	0.9733352195823312
236.0600300150075	0.9193036860927224	0.9714238432937545
236.19309654827413	0.9196201346301257	0.9709535769157671
236.32616308154076	0.920435456691559	0.9709410033990493
236.45922961480738	0.921331648983574	0.9714520942859506
236.59229614807404	0.9203142819298318	0.9716584191216957
236.72536268134067	0.920361780411034	0.97089660671775
236.8584292146073	0.9205089465149953	0.9713206068101108
236.99149574787393	0.9197447342218241	0.9725568929119397
237.12456228114056	0.9208780223110651	0.9727822119449815
237.25762881440718	0.9212515805694795	0.9724868444558237
237.39069534767384	0.9203015994818319	0.9722812485464231
237.52376188094047	0.9206191282060868	0.9728968461189407
237.6568284142071	0.9201809047180635	0.9728529850976549
237.78989494747373	0.9215833750860353	0.9731945799566751
237.92296148074036	0.9215098135710913	0.9721254884841998
238.05602801400698	0.9209193194020971	0.9721991085959734
238.18909454727364	0.9213685018619203	0.9718078789001021
238.32216108054027	0.9209488083705811	0.972365170721444
238.4552276138069	0.921832270961522	0.9721086663943503
238.58829414707353	0.9222880579804584	0.9721817940110379
238.72136068034015	0.9213946059433579	0.9729846833892202
238.8544272136068	0.921401216837095	0.9750619034236717
238.98749374687344	0.9216040852491427	0.9755838656225977
239.12056028014007	0.9214954303874219	0.9760704694055533
239.2536268134067	0.9220259757988261	0.9769240373723752
239.38669334667333	0.9212328157939516	0.9763561096735204
239.51975987993995	0.9212840511285054	0.9775291089448522
239.6528264132066	0.9205615796881822	0.9779965135295466
239.78589294647324	0.9195232607765933	0.9781667460356809
239.91895947973987	0.921120251856514	0.9779226057249025
240.0520260130065	0.9204835877661246	0.9784447114962103
240.18509254627313	0.9210506623515162	0.9795135967824403
240.31815907953975	0.9200441884668574	0.979011794329561
240.4512256128064	0.9196962481746317	0.9813902596979404
240.58429214607304	0.9201618636772242	0.9818863241161786
240.71735867933967	0.9218086393444557	0.981525363577769
240.8504252126063	0.9213482085170518	0.9814514173338336
240.98349174587293	0.9208211485113738	0.981744965850092
241.11655827913955	0.920359816195309	0.9818981399191963
241.2496248124062	0.9211304579944487	0.9797753634040072
241.38269134567284	0.9211601474514131	0.9787847471181845
241.51575787893947	0.9206567407153138	0.9793023143385793
241.6488244122061	0.9210243860470146	0.9787435288792558
241.78189094547272	0.9197478430948125	0.978184742018102
241.91495747873935	0.9188522661618223	0.977578723559013
242.048024012006	0.9195138599043515	0.9769200540553924
242.18109054527264	0.9188081673454199	0.9759622233022807
242.31415707853927	0.9178972371470725	0.9747616828721698
242.4472236118059	0.9182587629627981	0.9758722475628281
242.58029014507252	0.9171367798677916	0.9757316230614298
242.71335667833915	0.9174193939383517	0.9780751294691133
242.8464232116058	0.9174041617298596	0.9786600489341419
242.97948974487244	0.9185550237298503	0.9789034179738046
243.11255627813907	0.9204753372983618	0.9774570784871228
243.2456228114057	0.9217908676106815	0.9773356628143749
243.37868934467232	0.922482517983196	0.9768933458195286
243.51175587793895	0.9214791808110129	0.9762450866716115
243.6448224112056	0.9211229821118524	0.975901335172604
243.77788894447224	0.9208897624956607	0.9769074673661972
243.91095547773887	0.919501017349023	0.9763176152401235
244.0440220110055	0.9203553512309957	0.9758217104955544
244.17708854427212	0.9207755312305959	0.9762946483391949
244.31015507753875	0.9212542206260325	0.9761862692624401
244.4432216108054	0.9213507452597685	0.9757174497310589
244.57628814407204	0.9215196856992314	0.9757395755904923
244.70935467733867	0.9221385879775353	0.9754078192004715
244.8424212106053	0.9229822804355892	0.9759251102058979
244.97548774387192	0.9223444476504518	0.9754726857162178
245.10855427713855	0.9220782820886687	0.974267786482729
245.2416208104052	0.9227621345045897	0.9730442029910366
245.37468734367184	0.923697857582911	0.9737004811041641
245.50775387693847	0.9241872895047771	0.9740797215050719
245.6408204102051	0.923445629732096	0.9729071671556838
245.77388694347172	0.9237481126619147	0.9715833124778452
245.90695347673835	0.9241328096850653	0.9723453318539258
246.040020010005	0.9227211575245986	0.973126657574449
246.17308654327164	0.9228994708081575	0.9718182423466157
246.30615307653827	0.9226657021861648	0.9716893758767043
246.4392196098049	0.9225550898074965	0.9718748789074162
246.57228614307152	0.9226643507201113	0.9717251775443378
246.70535267633815	0.9219546368295709	0.9717324214655968
246.8384192096048	0.9223769552384015	0.9718913736440439
246.97148574287144	0.9235021017465629	0.9725990101665859
247.10455227613807	0.9234002509479364	0.9742537703672266
247.2376188094047	0.9231532922723841	0.975185849071307
247.37068534267132	0.9233053935611925	0.9739162068409845
247.50375187593795	0.9218752566542737	0.9744104621942405
247.6368184092046	0.921727387914235	0.9749159682902383
247.76988494247124	0.9223213997540545	0.974150783490195
247.90295147573786	0.9218711502346226	0.9749514037080366
248.0360180090045	0.9213680553348181	0.9744856643503662
248.16908454227112	0.9198703092481944	0.9756325555639684
248.30215107553775	0.9209589628621664	0.9768903112358671
248.4352176088044	0.9217008288797154	0.9764410483567298
248.56828414207104	0.9209354839852675	0.974797325232775
248.70135067533766	0.9208370444274677	0.9746250493718646
248.8344172086043	0.9217568216637031	0.9742882691305503
248.96748374187092	0.9213357873484351	0.9727053932998653
249.10055027513755	0.9220424421042384	0.9735403824887274
249.2336168084042	0.9228790198066489	0.9722990913619343
249.36668334167084	0.9237606032964366	0.9737455525191886
249.49974987493746	0.922302182657831	0.9730286823977435
249.6328164082041	0.9212017709379966	0.9733963219573586
249.76588294147072	0.9207132822667708	0.9741872429281495
249.89894947473735	0.9189295744511855	0.9732689064947413
250.032016008004	0.9182137887512386	0.9729873421116855
250.16508254127064	0.9192685219594133	0.9722693472863114
250.29814907453726	0.9186319831718682	0.9727044404321828
250.4312156078039	0.9185767900209094	0.9712718245734329
250.56428214107052	0.919731254015899	0.9725807944084496
250.69734867433715	0.9201390022155989	0.9732964546701806
250.8304152076038	0.9212314893919143	0.9739473797523448
250.96348174087044	0.921650821794823	0.9729597402060357
251.09654827413706	0.9219108174235975	0.9735922052021817
251.2296148074037	0.9215995892673989	0.9737908929290213
251.36268134067032	0.9193365130375831	0.9728917258224469
251.49574787393695	0.919651167819291	0.9730974685817702
251.6288144072036	0.9195934780022019	0.9730668615804273
251.76188094047023	0.9188532335594531	0.9734674387896745
251.89494747373686	0.9187300227867563	0.9743414429386554
252.0280140070035	0.9190946430105036	0.9745543933187819
252.16108054027012	0.9198845334930876	0.974694000419585
252.29414707353675	0.9192405529728586	0.9760062183131376
252.4272136068034	0.9192241432671058	0.9772785857180853
252.56028014007003	0.9204802770821072	0.9756240999623759
252.69334667333666	0.9209788219444771	0.9759773870657343
252.8264132066033	0.9214064155144739	0.9762242028114463
252.95947973986992	0.921642538361367	0.9765824109523953
253.09254627313655	0.9229024151100466	0.9764767143165463
253.2256128064032	0.9226227691529353	0.9765083785545454
253.35867933966983	0.9211432622715033	0.9752704488966955
253.49174587293646	0.9228889502553695	0.9750996052296409
253.6248124062031	0.9233693258830841	0.9765899051683116
253.75787893946972	0.9237789212863643	0.9766596926413267
253.89094547273635	0.9249151067410157	0.9769675494669988
254.024012006003	0.9239160305241999	0.9773450929316079
254.15707853926963	0.923729034204029	0.9775237360260786
254.29014507253626	0.9232454344971724	0.9768122855594019
254.4232116058029	0.923051749789494	0.9783545023898826
254.55627813906952	0.921456946518528	0.9780654183584837
254.68934467233615	0.9210752387439332	0.9768851234645478
254.8224112056028	0.9222055693920892	0.9775203825664855
254.95547773886943	0.9225777220853187	0.9772386606479172
255.08854427213606	0.9237726632127274	0.9765312924272641
255.2216108054027	0.922949435743934	0.9759313611882786
255.35467733866932	0.9223075322448472	0.975959894250472
255.48774387193595	0.922490794640053	0.9754935611388519
255.6208104052026	0.9226791336935761	0.9765685768442471
255.75387693846923	0.9223586182594472	0.97709038126948
255.88694347173586	0.9214885510535814	0.977252767733423
256.0200100050025	0.9217293493721778	0.9773059599699392
256.15307653826915	0.9205920496952421	0.9781006311438091
256.2861430715358	0.9224276215538074	0.9788675127098228
256.4192096048024	0.923544384818979	0.9785800136023011
256.55227613806903	0.9238051828839509	0.9790839492941138
256.68534267133566	0.922798369623993	0.9787121490631783
256.8184092046023	0.9225035364184868	0.9787288896466463
256.9514757378689	0.9224190062345959	0.9795146534607427
257.08454227113555	0.9224835743651751	0.9772900893899431
257.2176088044022	0.923005281492328	0.975999393546962
257.3506753376688	0.9216358306399016	0.9755617759292365
257.4837418709355	0.9209333202601482	0.9732469045553405
257.6168084042021	0.9198499264794964	0.9746613825935608
257.74987493746875	0.9196143658149273	0.9757527247540816
257.8829414707354	0.9201565040806252	0.9752519277431367
258.016008004002	0.9208831116389931	0.9763640008522358
258.14907453726863	0.9214860797029814	0.976396454038481
258.28214107053526	0.9211844646557867	0.9762872174299945
258.4152076038019	0.9222800763102805	0.9761081953981978
258.5482741370685	0.9221886914815673	0.976679975105158
258.68134067033515	0.9219292796086245	0.9747780804309701
258.8144072036018	0.9235986588279685	0.9753296664726402
258.9474737368684	0.9247752161927566	0.975124316716067
259.0805402701351	0.9230784002558688	0.9742904602919386
259.2136068034017	0.9222258011801328	0.9731808841603334
259.34667333666835	0.9220488440630856	0.9724820827405748
259.479739869935	0.9228646447886051	0.9716671194909721
259.6128064032016	0.9229691215144972	0.9700622822533171
259.74587293646823	0.9230737888738062	0.9712591450562503
259.87893946973486	0.9234190375395722	0.9721087778763771
260.0120060030015	0.9239642916899365	0.971932376699128
260.1450725362681	0.9236323104407739	0.9713112816617508
260.27813906953475	0.9239658531640239	0.9724668202221731
260.4112056028014	0.9231276707853586	0.9731430521787667
260.544272136068	0.9221537459567856	0.974292376263895
260.6773386693347	0.9224520772458614	0.9759809195122692
260.8104052026013	0.9222719344525449	0.9757797332524877
260.94347173586794	0.9214741536784585	0.9774074600134476
261.0765382691346	0.9213209609614967	0.9775032168155227
261.2096048024012	0.9217539402768778	0.9774923515791737
261.34267133566783	0.9210251418078048	0.9780777029349683
261.47573786893446	0.9212806897143231	0.9788522484649725
261.6088044022011	0.9210697883265655	0.9779265483668136
261.7418709354677	0.9212838696874797	0.9778423511325138
261.87493746873434	0.923174102975531	0.9769725785073807
262.008004002001	0.9229933612356618	0.9790205450767563
262.1410705352676	0.9231274297457409	0.9774212620369991
262.2741370685343	0.9221625844327165	0.9783038478156604
262.4072036018009	0.9218105352365671	0.9782110266148452
262.54027013506754	0.9227109615836635	0.9780324981136302
262.6733366683342	0.9232579657831025	0.9779526123310504
262.8064032016008	0.9228772952692915	0.9792162953169898
262.93946973486743	0.9233473716339268	0.9790725458069133
263.07253626813406	0.9228908452599152	0.9790292588833521
263.2056028014007	0.9250561874731691	0.978752378700762
263.3386693346673	0.9247106338956588	0.9800386181567605
263.47173586793394	0.9234145666490073	0.9792176268016508
263.6048024012006	0.9236337133880483	0.9783548548384341
263.7378689344672	0.922927285510011	0.9800333025486062
263.8709354677339	0.9228607425274521	0.9805909365499602
264.0040020010005	0.9215643213472631	0.9814228503193595
264.13706853426714	0.9206337157958282	0.9795429928438268
264.2701350675338	0.9229605022032209	0.9798628923414464
264.4032016008004	0.9224600573526353	0.9802177483181983
264.53626813406703	0.9231209073107283	0.9811914019261951
264.66933466733366	0.9227916432539892	0.9812666475906558
264.8024012006003	0.9231430620083477	0.9803106615439222
264.9354677338669	0.9234316776634324	0.9810820635494704
265.06853426713354	0.9237649095892443	0.981131705577696
265.2016008004002	0.923127768104866	0.9804438032052736
265.3346673336668	0.9215290781640837	0.9804658073444118
265.4677338669335	0.922082317038439	0.979625616248539
265.6008004002001	0.9209092539475846	0.9786943890351856
265.73386693346674	0.92132786648366	0.9777203119780407
265.86693346673337	0.9221703336546814	0.9756598921505412
266.0	0.9217054263565891	0.9749501661129568
