0.0	0.0	0.0
0.1330665332666333	1.4283461220869434e-08	8.423324698753415e-09
0.2661330665332666	2.2146628881789927e-05	6.657780123680985e-05
0.39919959979989994	8.896059630684428e-05	0.000266156961860028
0.5322661330665333	0.0004881057831738219	0.0005543638605538384
0.6653326663331666	0.0008647864106034876	0.0009313227366449065
0.7983991995997999	0.0013304273490674504	0.0013967153733163973
0.9314657328664332	0.0018176644741226878	0.0018399522471838705
1.0645322661330665	0.002261432063972555	0.0023498682465457853
1.1975987993997	0.002858955740664142	0.002881626570946088
1.3306653326663331	0.0031474202807628576	0.0033912730123508224
1.4637318659329663	0.003767696772963491	0.003923295864005191
1.5967983991995998	0.004033332361745872	0.004454668053759531
1.7298649324662332	0.004587747637039778	0.004875323371708834
1.8629314657328664	0.004874528328030595	0.005318922289039668
1.9959979989994996	0.005275233063064444	0.005851864145445266
2.129064532266133	0.005829067650863337	0.006584640656063918
2.2621310655327664	0.006339948554550834	0.00735847328571806
2.3951975987994	0.007025516438920432	0.00784513038904973
2.528264132066033	0.0073343894911543596	0.00839870501914293
2.6613306653326663	0.007777982391272104	0.00875191083987773
2.7943971985992997	0.00808787604396368	0.009197969773916159
2.9274637318659327	0.008532200154239297	0.009862287539156444
3.060530265132566	0.008952496776130473	0.010372769792702699
3.1935967983991995	0.009374584235331277	0.011126686491966938
3.326663331665833	0.009837980640299853	0.01170203717860926
3.4597298649324664	0.010058716931313933	0.01236639829613729
3.5927963981990994	0.01043788865455161	0.012852797959141585
3.7258629314657328	0.010857769898058228	0.013453651644800916
3.858929464732366	0.01119027176131172	0.014162860631161008
3.991995997998999	0.011612236338124648	0.014757798184781987
4.125062531265633	0.011986868473506333	0.015202595289224257
4.258129064532266	0.01227620640747358	0.01591429987380368
4.391195597798899	0.012719880737564901	0.016577123798961493
4.524262131065533	0.01307417006553324	0.017128558433958625
4.657328664332166	0.013494791706734418	0.01759620430289483
4.7903951975988	0.013827781252260299	0.01830720771166818
4.923461730865433	0.014200198565966885	0.01890211625620763
5.056528264132066	0.014315152327097602	0.019506289015708698
5.1895947973986996	0.014891246201282697	0.020318763628203874
5.3226613306653325	0.01499659002619508	0.020447180928797482
5.4557278639319655	0.015243435288883264	0.02101304513597608
5.588794397198599	0.015535473410883722	0.021831566461789766
5.721860930465232	0.01599567003724331	0.0225195591898389
5.854927463731865	0.016040049227360687	0.023407968615036075
5.987993996998499	0.016369904660642472	0.024203210659323116
6.121060530265132	0.01630497222234068	0.024932019178410453
6.254127063531766	0.016706385704100542	0.025576426983752957
6.387193596798399	0.016792606616355506	0.02639842344558415
6.520260130065032	0.01712847100017155	0.027172823728992452
6.653326663331666	0.017323705576554424	0.027876288555372507
6.786393196598299	0.017455220983778375	0.028485323056819143
6.919459729864933	0.01759344084116313	0.029635395119066453
7.052526263131566	0.01794597656726469	0.03013328148525392
7.185592796398199	0.01798469025035073	0.0307391666068019
7.318659329664833	0.018125433048267494	0.03144596281416239
7.4517258629314655	0.01850430256051718	0.03197307281847002
7.5847923961980985	0.018811905138019523	0.03248784320829802
7.717858929464732	0.01912505612124857	0.0332210693107133
7.850925462731365	0.019546956009321912	0.03383707204199923
7.983991995997998	0.01982579143298111	0.034391488514347236
8.117058529264632	0.01982380096320431	0.03506368556776786
8.250125062531266	0.01996135132410643	0.035877649878261086
8.383191595797898	0.02013835671872809	0.0361933491944368
8.516258129064532	0.020340420089063248	0.03633577077524494
8.649324662331166	0.020702170056587997	0.036940747492757234
8.782391195597798	0.021161537028901282	0.03742429838317562
8.915457728864432	0.021385526244624514	0.03805703495537347
9.048524262131066	0.021898010399976086	0.03888954215958846
9.181590795397698	0.02215261889991519	0.039289369180816665
9.314657328664332	0.02228971136910718	0.04016527147348949
9.447723861930966	0.022600672377165974	0.04090554972814763
9.5807903951976	0.02277425860059601	0.04129484127885962
9.713856928464232	0.022902506203145528	0.041610333027325384
9.846923461730865	0.022954886413542704	0.04219603240337077
9.9799899949975	0.023283311379791928	0.0428802667336663
10.113056528264131	0.023209077234654985	0.043382303815246985
10.246123061530765	0.023382182221017764	0.04375732479691518
10.379189594797399	0.02386964954526184	0.04420839314041211
10.512256128064031	0.024077937097040113	0.04472837577363094
10.645322661330665	0.024024133422958893	0.04496156501753872
10.778389194597299	0.023876380373509563	0.04583581128837138
10.911455727863931	0.024112875142874506	0.04634810072108935
11.044522261130565	0.024461337183627946	0.04665920833821408
11.177588794397199	0.024565650305449768	0.04713471085393467
11.31065532766383	0.02470445452581988	0.04772739559396139
11.443721860930465	0.02487333043408592	0.048153406059168055
11.576788394197099	0.02490803825655784	0.048915436722740124
11.70985492746373	0.025422854524893256	0.04944380526263677
11.842921460730365	0.02553169510447722	0.04958798139722751
11.975987993996998	0.025481294171627415	0.05027947041571372
12.109054527263632	0.025879962532981828	0.050704707128034494
12.242121060530264	0.025918703368533295	0.051474677547548746
12.375187593796898	0.026141884759085385	0.051782666001297516
12.508254127063532	0.026157734713197902	0.052452107628237515
12.641320660330164	0.026253222491407227	0.052919207787652814
12.774387193596798	0.02645710685078231	0.05370231362250098
12.907453726863432	0.026646803811968295	0.054284209712516684
13.040520260130064	0.026676631321835585	0.05463536178289191
13.173586793396698	0.027011141991689896	0.05501174389431923
13.306653326663332	0.02714047715144975	0.05534514238506849
13.439719859929964	0.02738568062280228	0.05577012853528549
13.572786393196598	0.027514772905979427	0.0561612276697747
13.705852926463232	0.02774868888814167	0.056378304413868874
13.838919459729865	0.028092105236834232	0.05662577649636418
13.971985992996498	0.028060012341616695	0.05709481743436219
14.105052526263131	0.028162121061162223	0.05805422441540757
14.238119059529765	0.028430324329950317	0.058668913713579934
14.371185592796397	0.028648474554803346	0.05892965515136673
14.504252126063031	0.028822890836293694	0.05939464100234442
14.637318659329665	0.02893033971686388	0.060172538403049924
14.770385192596297	0.02902113479289153	0.060682222478742665
14.903451725862931	0.02920526683243255	0.06089759357773777
15.036518259129565	0.029445078202580775	0.06116964595132472
15.169584792396197	0.029473113843035723	0.06152881969079891
15.302651325662831	0.02931927409855772	0.061925175224954776
15.435717858929465	0.02943144234314661	0.062231852799993485
15.568784392196097	0.02975269066816621	0.06249188684192656
15.70185092546273	0.02972596325304887	0.06280416023570663
15.834917458729365	0.029911182395825943	0.06345173069683813
15.967983991995997	0.03001558543904599	0.06353950494335124
16.101050525262632	0.030106414819951258	0.06413200205676392
16.234117058529264	0.03024180344891139	0.06448857764420672
16.367183591795897	0.030423339955919	0.0646836868864141
16.500250125062532	0.03064165841119904	0.06504941262555564
16.633316658329164	0.03069401002747161	0.06593874822379665
16.766383191595796	0.030607331866368086	0.06647837371162571
16.899449724862432	0.030737233010139576	0.06710801532139145
17.032516258129064	0.031098007020543408	0.06771793566025737
17.165582791395696	0.031318482502890994	0.0682114391720257
17.298649324662332	0.03120187751194363	0.06879488234039262
17.431715857928964	0.03123384492825534	0.06903901692082907
17.564782391195596	0.03132732722375148	0.06957939307322118
17.69784892446223	0.03142561448963703	0.06983448265543053
17.830915457728864	0.03131728486116115	0.06993258968978568
17.963981990995496	0.031463658045604845	0.07069779929085045
18.09704852426213	0.03164021409421459	0.07101659938811639
18.230115057528764	0.031869254499952746	0.07126524302244643
18.363181590795396	0.032097053701450294	0.07187494523869484
18.49624812406203	0.032131204974197546	0.07180337595317944
18.629314657328663	0.032403176828180155	0.07162225062543445
18.762381190595296	0.032171848057555116	0.07217149690051401
18.89544772386193	0.03231300237418993	0.07238748090965443
19.028514257128563	0.03262240190941967	0.07261387841601168
19.1615807903952	0.032781483210237765	0.07313274723622286
19.29464732366183	0.0327604693127189	0.07331979418266454
19.427713856928463	0.032821028483485344	0.07397292951182725
19.5607803901951	0.03284632168419783	0.07427489434248624
19.69384692346173	0.033257421672024286	0.07438142587228405
19.826913456728363	0.0331759490512072	0.07457695170559203
19.959979989995	0.03327100725761987	0.07511123090282917
20.09304652326163	0.03335398623005198	0.07571022355159382
20.226113056528263	0.03361826161483755	0.07583671960544407
20.3591795897949	0.033425318567890314	0.07605818431283293
20.49224612306153	0.033617319539853543	0.07675426022171312
20.625312656328163	0.03337217949477202	0.07678240708276034
20.758379189594798	0.03346162069005116	0.07698907299334734
20.89144572286143	0.033287587546743755	0.07771597642004827
21.024512256128062	0.03339963507027732	0.07787112321624484
21.157578789394698	0.033287130678703	0.07783056057699934
21.29064532266133	0.03343967132277653	0.07790155017128647
21.423711855927962	0.033717061826277206	0.0780824777926958
21.556778389194598	0.03400231947015781	0.07862389326724056
21.68984492246123	0.03396390173223536	0.07903563669830722
21.822911455727862	0.03428931066382068	0.0794592448905488
21.955977988994498	0.03438832470835566	0.0796544232750469
22.08904452226113	0.03426507234318317	0.07917971981479738
22.222111055527762	0.03437572578905203	0.07898044361592056
22.355177588794398	0.034251804976678075	0.07956148653836816
22.48824412206103	0.03417082729573269	0.08001650230101329
22.62131065532766	0.03418283338660161	0.0803621721407996
22.754377188594297	0.03420394879731261	0.08040115493130522
22.88744372186093	0.03397192777909217	0.08092654023137527
23.02051025512756	0.034089861867139915	0.08132970419293463
23.153576788394197	0.033988964177449045	0.08172530647180504
23.28664332166083	0.03398004786914604	0.08139949313651862
23.41970985492746	0.03401829322470137	0.08158839364270154
23.552776388194097	0.03380431415544407	0.0818184355988504
23.68584292146073	0.03329883051332055	0.08146501359051153
23.818909454727365	0.033214627676962954	0.08194862955056403
23.951975987993997	0.03354658514327311	0.08209186189704358
24.08504252126063	0.03380069208520573	0.08192917414408682
24.218109054527265	0.03376754334725381	0.0821732785277974
24.351175587793897	0.03411838316463667	0.08230283422243523
24.48424212106053	0.034315566365172114	0.08252192984267795
24.617308654327164	0.034242718193912225	0.0833676295504491
24.750375187593797	0.03406878937941123	0.08372892292633102
24.88344172086043	0.03436318794166419	0.08463686795698587
25.016508254127064	0.034636537492193004	0.08433698692163458
25.149574787393696	0.03472869846497987	0.08449194407007991
25.28264132066033	0.034622302648099706	0.08480415973921916
25.415707853926964	0.03451431103603887	0.08463382855314479
25.548774387193596	0.034665423222553775	0.08488552939404725
25.68184092046023	0.03453719977711508	0.08490943639931078
25.814907453726864	0.034489124196653245	0.08529598172984627
25.947973986993496	0.03464104718509133	0.08563672857822613
26.081040520260128	0.03490758931830323	0.08551723544423563
26.214107053526764	0.035099267908120735	0.08549466308965278
26.347173586793396	0.035135077376684073	0.0859634653071398
26.480240120060028	0.034826949835798884	0.08639640877477205
26.613306653326664	0.03461373745195898	0.08670770723247417
26.746373186593296	0.0346622737755536	0.08689914655497948
26.879439719859928	0.03461967301990155	0.08720450912598568
27.012506253126563	0.03486509492144505	0.0871721273428857
27.145572786393195	0.035358620652778186	0.08750592565167348
27.278639319659828	0.03549875233421162	0.08765866245974356
27.411705852926463	0.03563156963534182	0.08815895316651351
27.544772386193095	0.035416508573436936	0.0882869696121178
27.67783891945973	0.0353221178180494	0.08870035514516719
27.810905452726363	0.035305164683957835	0.08894180547376002
27.943971985992995	0.03530036698384289	0.08898539926883717
28.07703851925963	0.03532100305781673	0.08890330489607423
28.210105052526263	0.035601543103978124	0.08906640754772784
28.343171585792895	0.03586391489606985	0.0894342778241761
28.47623811905953	0.03612909317202674	0.08979828720950832
28.609304652326163	0.03616086886557023	0.08997892927291355
28.742371185592795	0.03576689196231753	0.09018565951811137
28.87543771885943	0.03574522596892728	0.09061768517008743
29.008504252126063	0.03564833349896007	0.09073214267639108
29.141570785392695	0.03567798518486278	0.09107142546776884
29.27463731865933	0.035895073766382526	0.09176139914073968
29.407703851925962	0.03595876270912393	0.09219980816088633
29.540770385192594	0.03608559484968635	0.09252277153553218
29.67383691845923	0.03605367337921549	0.092759304620969
29.806903451725862	0.03618268221820606	0.09301516327828604
29.939969984992494	0.03648607150508501	0.09330825734162541
30.07303651825913	0.03642021310078244	0.09320768173867927
30.206103051525762	0.036625278442464486	0.09290371452225052
30.339169584792394	0.03663822038267175	0.09300608424679963
30.47223611805903	0.03675991424817632	0.09301751788371998
30.605302651325662	0.036863229015333454	0.09332839844015665
30.738369184592294	0.036870429845804624	0.09357114980313558
30.87143571785893	0.03684104316014569	0.09383942944154089
31.00450225112556	0.036915302650610854	0.09431181051665935
31.137568784392194	0.03687319757287749	0.09393247210344648
31.27063531765883	0.037136416799317666	0.09388746413107435
31.40370185092546	0.03706083621238898	0.09409136765108773
31.536768384192094	0.03698573314167852	0.09411442153091179
31.66983491745873	0.03704593143787623	0.09480514079967531
31.80290145072536	0.03717871540385306	0.0955992535370428
31.935967983991993	0.037262461004083154	0.09542882991863692
32.06903451725863	0.03729449864210365	0.0954308084468465
32.202101050525265	0.03722350407178985	0.09515650197027022
32.33516758379189	0.03718301497386508	0.09564246704647805
32.46823411705853	0.03710376107170728	0.09590782356153935
32.601300650325165	0.03701552917186677	0.09575497675373652
32.73436718359179	0.03709352603988353	0.09634015523242277
32.86743371685843	0.03708007175864414	0.0965919547295629
33.000500250125064	0.03731663451550756	0.09678169424963724
33.13356678339169	0.03708168462444571	0.09680810544384806
33.26663331665833	0.03719127887060458	0.09700917494896281
33.399699849924964	0.037413336957402045	0.0972910212433374
33.53276638319159	0.037577773584348675	0.09657546699595239
33.66583291645823	0.0375387899742539	0.09684683298955982
33.798899449724864	0.03739733109402032	0.09695786150551601
33.93196598299149	0.037624574027522735	0.09714747303246442
34.06503251625813	0.03760506452800479	0.09737540960430495
34.198099049524764	0.03760274841506844	0.0975100646291463
34.33116558279139	0.03750452627320663	0.09742540242401863
34.46423211605803	0.03726747618108869	0.09769405934397149
34.597298649324664	0.0370335305261715	0.09754110425834639
34.73036518259129	0.037467342682511666	0.09698131079909063
34.86343171585793	0.03750075784756632	0.09649943085748765
34.99649824912456	0.037500572235626355	0.09678530248453131
35.12956478239119	0.03724727296103256	0.09678394380343038
35.26263131565783	0.0373257401965299	0.09706110369157922
35.39569784892446	0.03793846003961324	0.09721534261748853
35.52876438219109	0.038424524166955	0.09729078697581466
35.66183091545773	0.038476449007642716	0.09697354700489244
35.79489744872436	0.03833635501725675	0.09689215717067591
35.92796398199099	0.03847331244086818	0.09647242529791489
36.06103051525763	0.038622214727279204	0.0967440806119949
36.19409704852426	0.03866204205102661	0.09659637919422812
36.32716358179089	0.03858407072616531	0.09643756406811343
36.46023011505753	0.03855295722977904	0.09648314824555046
36.59329664832416	0.03831088016815897	0.09642969659771813
36.72636318159079	0.0385347011002563	0.09679103408890162
36.85942971485743	0.038757564298791757	0.09645944138407125
36.99249624812406	0.03870350398863374	0.09662561122325018
37.12556278139069	0.03843034182005546	0.0971902968450629
37.25862931465733	0.038456617664071754	0.09701181476988634
37.39169584792396	0.03857232556915997	0.09680940483302113
37.52476238119059	0.03881935826226609	0.0963278113484192
37.65782891445723	0.038871515837813356	0.09661798056366598
37.79089544772386	0.0389517093636606	0.09702045984244312
37.92396198099049	0.038632804869281306	0.09727935590182994
38.05702851425713	0.038718847681312146	0.0967896434717339
38.19009504752376	0.038743273593464585	0.09691044674969919
38.3231615807904	0.038995434600554844	0.09676521336516722
38.456228114057026	0.03892929829601391	0.09723240027475322
38.58929464732366	0.03893619522871582	0.09742770771342119
38.7223611805903	0.03888119672516768	0.09744370963766645
38.855427713856926	0.038989755976001225	0.09795958118354152
38.98849424712356	0.03934971571150826	0.0982663214657744
39.1215607803902	0.039277884474930164	0.0979962858056914
39.254627313656826	0.039527215258875946	0.09793943549835343
39.38769384692346	0.03958526210546679	0.09784138589983235
39.5207603801901	0.03943858724917287	0.09757872794725914
39.653826913456726	0.03970258075706525	0.09755617674106863
39.78689344672336	0.04015026414690048	0.09768716964437443
39.91995997999	0.04001311964056853	0.0976929798099274
40.053026513256626	0.040064661487311734	0.0975716315311833
40.18609304652326	0.03993199733235514	0.09725262486402267
40.3191595797899	0.0399434330801854	0.09705952961987248
40.452226113056525	0.04026062737470994	0.09710400865939794
40.58529264632316	0.04032169506093518	0.09731974576856128
40.7183591795898	0.040278018904905497	0.09743877073492017
40.851425712856425	0.04043746706534195	0.09764663997223269
40.98449224612306	0.04043653540048253	0.09751858402649495
41.1175587793897	0.040393292811316435	0.0972959110298061
41.250625312656325	0.040477820152212546	0.097346699180818
41.38369184592296	0.0406993732005724	0.09719294985203061
41.516758379189596	0.040731986183822774	0.09741687197688229
41.649824912456225	0.04081452632083136	0.09743999623744626
41.78289144572286	0.04057223206463249	0.09729675039739998
41.915957978989496	0.040680438684590835	0.09740874333959351
42.049024512256125	0.040451994748951906	0.09772029475397043
42.18209104552276	0.04038378287319905	0.09730192310362286
42.315157578789396	0.040440069326226215	0.09712170221352769
42.448224112056025	0.04026775531118532	0.09681285844190006
42.58129064532266	0.04005134564718553	0.09745373408698643
42.714357178589296	0.04007031365329451	0.09792133220460982
42.847423711855924	0.04017010047062618	0.09806354270738048
42.98049024512256	0.04031607996544039	0.0980247505458122
43.113556778389196	0.04016677475786686	0.09793711496715439
43.246623311655824	0.040360978875524575	0.09801914143666621
43.37968984492246	0.04015610717154687	0.09787094878401963
43.512756378189096	0.040095407634247	0.09836428184609959
43.645822911455724	0.040354283346824615	0.09832101614091192
43.77888944472236	0.040395798404071384	0.09819802861518634
43.911955977988995	0.04064347435870685	0.09814833103837835
44.045022511255624	0.0407314814744358	0.09846400788097469
44.17808904452226	0.0405460266696982	0.09844922271342724
44.311155577788895	0.040626807256703236	0.09840614707792596
44.444222111055524	0.040629658476899595	0.09876628934647223
44.57728864432216	0.04071518963152509	0.09903195675184903
44.710355177588795	0.040746348782307644	0.09892697795494151
44.843421710855424	0.04081150924527391	0.09889651673068742
44.97648824412206	0.040734038502407664	0.09870746401702855
45.109554777388695	0.04086484785878046	0.09869643994504702
45.24262131065532	0.04107598097364563	0.09888730382461673
45.37568784392196	0.041476859253525095	0.09879117673430163
45.508754377188595	0.041646106173593524	0.09850609497539749
45.64182091045522	0.041718113394751885	0.09823896780519288
45.77488744372186	0.041943818693349344	0.09805293185142337
45.907953976988495	0.04185852769087275	0.09786835785007908
46.04102051025512	0.04180172130813769	0.09791211565336413
46.17408704352176	0.04185460961900552	0.09786139989861325
46.307153576788394	0.04176326877577135	0.0981465188909854
46.44022011005502	0.04177301716824825	0.09857771382214012
46.57328664332166	0.04163217968106788	0.0988179795943535
46.706353176588294	0.04142192444280976	0.09922956165066996
46.83941970985492	0.04169176952326156	0.09979518304163523
46.97248624312156	0.041877915410135934	0.09980542334083868
47.105552776388194	0.04190674761582714	0.10003387273804717
47.23861930965483	0.04182634333245579	0.09984021865493792
47.37168584292146	0.04168997569790624	0.09965724420088196
47.504752376188094	0.04189934422062173	0.09980581656452635
47.63781890945473	0.04195578771947091	0.10011258650049708
47.77088544272136	0.04182846067173226	0.10040378217834363
47.903951975987994	0.042015541706235074	0.10058478285041297
48.03701850925463	0.0422459970210345	0.10042655474319638
48.17008504252126	0.0421705557588957	0.10104070339188288
48.30315157578789	0.0425150210144666	0.10102314499808
48.43621810905453	0.04232652283335019	0.10083722675993158
48.56928464232116	0.04238660458363814	0.10100061795310486
48.70235117558779	0.04240587796837149	0.1005625053593319
48.83541770885443	0.04223148756964826	0.10085521789624474
48.96848424212106	0.04202905664118932	0.10048559878339045
49.10155077538769	0.04208282055547743	0.10053726086144013
49.23461730865433	0.04196011778204159	0.10076377122760038
49.36768384192096	0.04168219837443929	0.10110109588721397
49.50075037518759	0.04154161554782811	0.10144755003199724
49.63381690845423	0.04175582925242168	0.10167883979219362
49.76688344172086	0.04144747397922348	0.1014761714153179
49.89994997498749	0.04147654865429641	0.10132579670556492
50.03301650825413	0.04153992683002436	0.10086868291491528
50.16608304152076	0.041720176662795184	0.1006763773462397
50.29914957478739	0.04202681733460414	0.10114463537420999
50.43221610805403	0.04206620363073716	0.10109387635909951
50.56528264132066	0.04214319010652145	0.10126155178331687
50.69834917458729	0.042306865213131276	0.10133143720326601
50.83141570785393	0.0426699516150929	0.10155188331743277
50.96448224112056	0.04293983022011991	0.10176279223194738
51.09754877438719	0.04289953111502115	0.10190561901785343
51.23061530765383	0.04288133751390866	0.1021275143017851
51.36368184092046	0.0427619817432372	0.10240590020745505
51.49674837418709	0.042939196153727446	0.1023525469699656
51.62981490745373	0.04303096005631859	0.10240518167668364
51.762881440720356	0.042747368689770124	0.10251800527136838
51.89594797398699	0.04296665261485875	0.10294862611394576
52.02901450725363	0.0428439248659822	0.10286310821374482
52.162081040520256	0.04285768530090446	0.10284858884556036
52.29514757378689	0.04300889756576742	0.10260814007461531
52.42821410705353	0.0427487182927582	0.10321942010767836
52.561280640320156	0.04281983508482741	0.10365951949862261
52.69434717358679	0.04275053259538474	0.10339590124643958
52.82741370685343	0.04269927066555203	0.10372659194901389
52.960480240120056	0.04266105964024102	0.1036844003597447
53.09354677338669	0.042636800434334925	0.10384432023906658
53.22661330665333	0.04296242437792272	0.10443144597479337
53.359679839919956	0.04325734513979319	0.10422239742428195
53.49274637318659	0.043267496388154025	0.10437725412521467
53.62581290645323	0.04334739081364041	0.10415153838100759
53.758879439719855	0.04332602582802835	0.10417030646002474
53.89194597298649	0.04321454093032228	0.1049814687027832
54.02501250625313	0.04293780126212731	0.1050657287007797
54.158079039519755	0.04314447219200029	0.10512694873609112
54.29114557278639	0.04327745166448504	0.1054782507548429
54.42421210605303	0.04327734703937241	0.10575387582437246
54.557278639319655	0.04316280644009305	0.10567988561286701
54.69034517258629	0.043178758914355665	0.10596618762080118
54.823411705852926	0.04305527321476946	0.10600282495331237
54.956478239119555	0.04297401914673564	0.106032535995547
55.08954477238619	0.04299607823226528	0.10600947238081478
55.222611305652826	0.04308921569351064	0.10649282983558532
55.35567783891946	0.04299448459108591	0.10639736192008291
55.48874437218609	0.0431212000821889	0.10631299716513835
55.621810905452726	0.04322614359455842	0.10640528019958002
55.75487743871936	0.04337470959416874	0.10680578687787495
55.88794397198599	0.04334942691620671	0.10684847731355131
56.021010505252626	0.043538729296708156	0.10662128823026813
56.15407703851926	0.04364035089120622	0.10619236795369262
56.28714357178589	0.04355687906225363	0.1062697277218413
56.420210105052526	0.04410942509251825	0.10588847521327689
56.55327663831916	0.04415623629839731	0.10585820725327291
56.68634317158579	0.044032752151788514	0.1058116960268183
56.819409704852426	0.04444175773118121	0.10593815399709962
56.95247623811906	0.04439388114823428	0.10566327059405267
57.08554277138569	0.044107337161781036	0.10535089774358776
57.218609304652325	0.04390602364586782	0.1059890065619324
57.35167583791896	0.04418957134511795	0.10582847587324073
57.48474237118559	0.0442967936251024	0.10558112753038638
57.617808904452225	0.044167936227587946	0.10502319965263789
57.75087543771886	0.04432453811237647	0.10517873406330158
57.88394197098549	0.04420937900345119	0.10506169713198638
58.017008504252125	0.04414722678709611	0.10541262021518848
58.15007503751876	0.04449504567157709	0.10568363982742222
58.28314157078539	0.04441660293969724	0.10566529234637496
58.416208104052025	0.04483030397517829	0.10574942798529938
58.54927463731866	0.04472629901592288	0.1057597975066084
58.68234117058529	0.04477007714931868	0.10599120226325831
58.815407703851925	0.04495358092284436	0.10583193043427039
58.94847423711856	0.04479145925670127	0.10595534023198709
59.08154077038519	0.04495285599311624	0.10651926284444167
59.214607303651825	0.04524405841399773	0.10687882315367421
59.34767383691846	0.045633171708280656	0.10701669003852098
59.48074037018509	0.04595003250966383	0.10712554439045771
59.613806903451724	0.04566788529671795	0.10724212590320033
59.74687343671836	0.0456990725504454	0.10708836173345222
59.87993996998499	0.0456933687202166	0.10713120009506458
60.013006503251624	0.045475924039749926	0.10744862297463233
60.14607303651826	0.04555331303106168	0.10730668296072861
60.27913956978489	0.04555216251544641	0.10731929660807324
60.412206103051524	0.045460799269653636	0.10772896760565767
60.54527263631816	0.045269574440584874	0.1077128515665166
60.67833916958479	0.04523727470306794	0.10719901692446114
60.811405702851424	0.04534133651912068	0.10716917325303868
60.94447223611806	0.04520470280852518	0.1076396460780596
61.07753876938469	0.04530230052665551	0.10832036994311603
61.210605302651324	0.04543194886156679	0.10836241803860605
61.34367183591796	0.04574575126848234	0.10794135952769066
61.47673836918459	0.04570917853719143	0.10805145817824552
61.60980490245122	0.04570263681866583	0.10839825424409265
61.74287143571786	0.045687418750976844	0.10874058415976827
61.87593796898449	0.045956881654551016	0.10892916724252763
62.00900450225112	0.04613606093777572	0.10902521003268677
62.14207103551776	0.04586413805833856	0.1089989389768242
62.27513756878439	0.04592063854163885	0.10907076894266632
62.40820410205102	0.04613810710231427	0.10882611311562937
62.54127063531766	0.046136427545287004	0.10868371047939897
62.67433716858429	0.04615715747574514	0.10866056036283711
62.80740370185092	0.046085516348510935	0.10916360890084914
62.94047023511756	0.04603740108313615	0.10902175386465549
63.07353676838419	0.046367300120419515	0.10883324911587412
63.20660330165082	0.04677410682704616	0.10877727028026607
63.33966983491746	0.046846326905893895	0.10893210037327593
63.47273636818409	0.047186689759914587	0.10919310534813287
63.60580290145072	0.0472122751672271	0.1088323342888504
63.73886943471736	0.04699058232104287	0.10870447422866807
63.87193596798399	0.04714308778468314	0.1085360691710569
64.00500250125063	0.04716990132178181	0.10840013577536393
64.13806903451726	0.04716329032831884	0.10843749782705654
64.27113556778389	0.047106999181960346	0.10820962845949453
64.40420210105053	0.046918327793925296	0.10804739067124758
64.53726863431716	0.046995202700412804	0.10819019701912953
64.67033516758379	0.04710963711003408	0.1086100048074998
64.80340170085043	0.04708091993997031	0.10846197075808378
64.93646823411706	0.04678659525505578	0.1086080363320116
65.06953476738369	0.046846649364989404	0.1090526670129573
65.20260130065033	0.0467875536052347	0.10887804545870215
65.33566783391696	0.04682799162715685	0.10868501707471984
65.46873436718359	0.046546922303386584	0.10906494915251154
65.60180090045023	0.04671360795348203	0.10924323261244191
65.73486743371686	0.04667398644950577	0.10900758351653807
65.86793396698349	0.04664006026814533	0.10886046957623956
66.00100050025013	0.04673892279034897	0.10915145718852753
66.13406703351676	0.04689573106014871	0.10911057011616954
66.26713356678339	0.046795374062146004	0.10902761256029479
66.40020010005003	0.04679828613142633	0.10867907141676102
66.53326663331666	0.04686238203253333	0.10860224358243992
66.66633316658329	0.04678407307604265	0.10839402140770905
66.79939969984993	0.0468288119970036	0.10824015191085246
66.93246623311656	0.04695306737907619	0.10833416041994433
67.06553276638319	0.047026769336501226	0.10872377684762394
67.19859929964983	0.04711781946024042	0.1085922565453903
67.33166583291646	0.04715777634988843	0.10863066564953688
67.46473236618309	0.04724325574702426	0.10893947243603547
67.59779889944973	0.047062815134300905	0.10911628845995365
67.73086543271636	0.047051069921781236	0.10938774851864325
67.86393196598299	0.04747024351259083	0.10946526796283097
67.99699849924963	0.047536111397702	0.10926106893100411
68.13006503251626	0.047600124248337844	0.10902740397658535
68.26313156578288	0.04766364642053608	0.10878271173348268
68.39619809904953	0.04755810343239113	0.10861941327600433
68.52926463231616	0.047454965064997516	0.10870322675702825
68.66233116558278	0.04741794799160011	0.10849623779988256
68.79539769884943	0.04758354734965647	0.10841191916864217
68.92846423211606	0.0477880940002574	0.10859895297655914
69.06153076538268	0.04728777746933609	0.10853518304239136
69.19459729864933	0.04743524029459354	0.10853310240407348
69.32766383191596	0.04773749618187	0.1084009766804309
69.46073036518258	0.04786752947069879	0.10865057454035075
69.59379689844923	0.047563455708405956	0.10887509757874296
69.72686343171586	0.04757995092962096	0.10903175840237311
69.85992996498248	0.04754166978904458	0.10951279252439967
69.99299649824913	0.047384006016419754	0.11001946559714447
70.12606303151576	0.04734496776532631	0.11009812010926025
70.25912956478238	0.047177766180215096	0.10999332512245913
70.39219609804903	0.04750278643245887	0.10969858929125031
70.52526263131566	0.04750979187582208	0.1098263441063955
70.65832916458228	0.04771720959913658	0.11006164917198498
70.79139569784893	0.04774524426745578	0.1102211724174304
70.92446223111556	0.04746068280000578	0.11007927388409289
71.05752876438218	0.04733770993333518	0.11035737919842084
71.19059529764883	0.047532540377889045	0.11054353114444797
71.32366183091546	0.047503566736178816	0.1106483169323088
71.45672836418208	0.0475034262463178	0.11062391993513694
71.58979489744873	0.047579176302383425	0.11081223194777277
71.72286143071535	0.04761295746122317	0.11070144243739627
71.85592796398198	0.04741640339440774	0.1107544445391344
71.98899449724863	0.04769343356139478	0.11055728408757426
72.12206103051525	0.04793929111518932	0.1110485977716735
72.25512756378188	0.04777677593285864	0.11146938727561666
72.38819409704853	0.04757382642505428	0.11106450216939459
72.52126063031515	0.047665091904186406	0.11061180582404131
72.65432716358178	0.047761151270666664	0.11068593565197912
72.78739369684843	0.047877068382604485	0.11035265282901538
72.92046023011505	0.04768182753060872	0.11062110955380854
73.05352676338168	0.04773805783176992	0.11126646734388923
73.18659329664833	0.04751837142865827	0.11122383946727511
73.31965982991495	0.0477494532795937	0.11119287321653676
73.45272636318158	0.047696022342276	0.11102290669219061
73.58579289644823	0.04761500647728887	0.11105424087101375
73.71885942971485	0.04773621588216598	0.11130929974066138
73.85192596298148	0.04769962853178006	0.11122596216313659
73.98499249624813	0.047402821614110746	0.11054467947311086
74.11805902951475	0.047281203372184936	0.11047424584618587
74.25112556278138	0.04718203765202856	0.11033843770657922
74.38419209604803	0.04735355571666783	0.11051420788703514
74.51725862931465	0.04711590801109964	0.11094932982391593
74.65032516258128	0.04724057874913825	0.11094833431116448
74.78339169584793	0.047562223308399335	0.11070437822465715
74.91645822911455	0.04777474772901856	0.11069613023646045
75.04952476238118	0.047838340173393355	0.11085863691372377
75.18259129564782	0.04804115873745824	0.1112932060615008
75.31565782891445	0.048028899893341526	0.11137240370879761
75.44872436218108	0.04787326524288948	0.11135473362750099
75.58179089544772	0.0479373110303782	0.11165719829654464
75.71485742871435	0.04819896981913379	0.11143596179828777
75.84792396198098	0.04840463740751804	0.11107539883175106
75.98099049524762	0.04837773395783369	0.11113807111995465
76.11405702851425	0.04823126634580535	0.11131570078820291
76.24712356178088	0.048353073988079275	0.11133525607362366
76.38019009504752	0.04836750353663866	0.11107369630212642
76.51325662831415	0.04861049246241931	0.11141565728736862
76.6463231615808	0.048586651653592716	0.11147356725620987
76.77938969484742	0.04866701398379672	0.11147926191525491
76.91245622811405	0.049080002506742465	0.11144012403803412
77.0455227613807	0.04901004633407095	0.1110335922339119
77.17858929464732	0.04887352270968844	0.11061878394291831
77.31165582791395	0.04860000684476568	0.11084406555313506
77.4447223611806	0.048784044756038855	0.11091577891537903
77.57778889444722	0.04914895374922241	0.11089942196987215
77.71085542771385	0.04958833766831115	0.11114515438931803
77.8439219609805	0.049733607435565444	0.1113428542212344
77.97698849424712	0.04977626269043919	0.111631117627706
78.11005502751375	0.04944404327250846	0.1116560584407715
78.2431215607804	0.04969578030448905	0.1116649522115486
78.37618809404702	0.04982545797780135	0.11147048183152887
78.50925462731365	0.049576921061307705	0.11126320734263496
78.6423211605803	0.04937242090374016	0.11164940327183555
78.77538769384692	0.049087979935872925	0.111921720682285
78.90845422711355	0.04917940347983921	0.1117020877923629
79.0415207603802	0.04919077329399793	0.11199832502369836
79.17458729364682	0.04893549564201151	0.11204586034551264
79.30765382691345	0.049067986307663174	0.11195233119653669
79.4407203601801	0.04894320664511701	0.11160029344913587
79.57378689344672	0.048836441210378445	0.11123387265183404
79.70685342671335	0.04852425276859305	0.11172532103892341
79.83991995998	0.04857203031825422	0.11161192143626923
79.97298649324662	0.048634606546152516	0.11130901305702347
80.10605302651325	0.04880373925460956	0.11118845287247842
80.2391195597799	0.04908823736261453	0.11124216057182387
80.37218609304652	0.049306681127064246	0.11121970642022638
80.50525262631315	0.04939592784467388	0.11097484316737655
80.6383191595798	0.04909373422737222	0.11075982991937451
80.77138569284642	0.0488231645279869	0.11069807921709249
80.90445222611305	0.04879266357989309	0.11087351806983704
81.0375187593797	0.04872309846022524	0.11087282852296171
81.17058529264632	0.04875277341140349	0.11104407419940851
81.30365182591295	0.048901729833975706	0.11081045254636253
81.4367183591796	0.04922268292502324	0.11074561209054128
81.56978489244622	0.04921345158583759	0.11055907905636256
81.70285142571285	0.04915490038666902	0.11083562429024488
81.8359179589795	0.0493443770708646	0.11074185973728332
81.96898449224612	0.049365420379921664	0.11118907318028705
82.10205102551275	0.04938519176646657	0.11174383356238346
82.2351175587794	0.04935079293098501	0.11158940655715602
82.36818409204602	0.04931385567738747	0.11122342330226302
82.50125062531265	0.04929442532702176	0.11126894058105846
82.6343171585793	0.049122029380408744	0.11132003810342658
82.76738369184592	0.04920512793022036	0.11191008235314223
82.90045022511255	0.04909851142757295	0.11162483055345837
83.03351675837919	0.04927437195852155	0.11186042061965855
83.16658329164582	0.04931485370122805	0.11172226545477067
83.29964982491245	0.04940618887043266	0.11166883319409716
83.43271635817909	0.0494927112037863	0.11209089719542913
83.56578289144572	0.04951303914634541	0.11203912224323974
83.69884942471235	0.04950473816523397	0.11245189008265435
83.83191595797899	0.04951002974855549	0.11243176467200452
83.96498249124562	0.04953197243747778	0.11191168831710208
84.09804902451225	0.049199068837622525	0.11139527486134486
84.23111555777889	0.0489215023962318	0.11119942243583211
84.36418209104552	0.049003253992714116	0.11150849854432343
84.49724862431215	0.04894701572281322	0.11180988400415641
84.63031515757879	0.048926628681805216	0.1117214627101297
84.76338169084542	0.04912016188925071	0.11195977865741819
84.89644822411205	0.04874888446549183	0.11240350989340829
85.02951475737869	0.048868084951478624	0.11251941025988707
85.16258129064532	0.048990356703182456	0.11247746574729806
85.29564782391195	0.04918963415859403	0.1121191198259612
85.42871435717859	0.04936641017924112	0.11177690617149938
85.56178089044522	0.04951732430524745	0.11210256361810089
85.69484742371185	0.04933218228194392	0.11218353500327478
85.82791395697849	0.049194350015534634	0.11212380354367943
85.96098049024512	0.04911185029702734	0.112174046254317
86.09404702351175	0.04935418662938269	0.11263312082334163
86.22711355677839	0.04965800998372106	0.11303584090042304
86.36018009004502	0.04959490805791838	0.1129907632030792
86.49324662331165	0.04966593476412468	0.11266798580468218
86.62631315657829	0.049713463654206036	0.11339324425868577
86.75937968984492	0.04974136925917024	0.11345373085042296
86.89244622311155	0.04975906475301148	0.11326788223751524
87.02551275637819	0.04999523187976275	0.11338097420211107
87.15857928964482	0.05005204095432554	0.1135409204955151
87.29164582291145	0.050016052496779574	0.11331937572281281
87.42471235617809	0.05007172488311667	0.11292586464568015
87.55777888944472	0.05034192116475005	0.11308308222221357
87.69084542271135	0.050046208326790416	0.11335495775664257
87.82391195597799	0.049774266211594004	0.11390887391349547
87.95697848924462	0.04994372217182165	0.1142173655572215
88.09004502251125	0.049995450021189436	0.11412930088981128
88.22311155577789	0.050132650686311765	0.11394219462445566
88.35617808904452	0.05005206508627141	0.11420921852706223
88.48924462231115	0.05014483603997843	0.11432223384807287
88.62231115557779	0.05028267305677172	0.11450090145279226
88.75537768884442	0.050279685859918995	0.11443738387585332
88.88844422211105	0.050334476380323484	0.11435452006889912
89.02151075537769	0.05048038191792256	0.1143953694824085
89.15457728864432	0.050780537270871735	0.11432430621288894
89.28764382191095	0.05058098860627196	0.11412529226213976
89.42071035517759	0.05057961835188675	0.11414149022468226
89.55377688844422	0.050953523013635066	0.11446767773518089
89.68684342171085	0.0509637772410956	0.11433550363824363
89.81990995497749	0.05073205589258793	0.11437736322015787
89.95297648824412	0.05061113999253155	0.11420819779605287
90.08604302151075	0.050558604788938	0.11389494729549965
90.21910955477739	0.05054069992597681	0.1142953162447796
90.35217608804402	0.050623146709915724	0.11455724371570924
90.48524262131065	0.0505912677847281	0.11507664303597386
90.61830915457729	0.050403039122846986	0.1150754465802263
90.75137568784392	0.050266389362492905	0.11487275348448352
90.88444222111055	0.05049392542589898	0.11475836458229208
91.01750875437719	0.05068408725849173	0.11518724444686687
91.15057528764382	0.05069032241322396	0.11560863824327675
91.28364182091045	0.050430872086749616	0.11509493667330595
91.41670835417709	0.05034050336804488	0.11524630846875443
91.54977488744372	0.05058146412941076	0.11568518489298388
91.68284142071035	0.05043223402945895	0.11551683787079882
91.81590795397699	0.05023061920266464	0.11510087535229918
91.94897448724362	0.05054935247880404	0.11542266632086703
92.08204102051025	0.05063648724422791	0.11538098484918792
92.21510755377689	0.05045069027284184	0.11507366953474442
92.34817408704352	0.05061252013625726	0.11519217634162977
92.48124062031015	0.05060743641784589	0.11517481182862696
92.61430715357679	0.050517179945147477	0.11532142652520277
92.74737368684342	0.050393604314399154	0.11558110284294332
92.88044022011005	0.050406275767285125	0.11537961402675156
93.01350675337669	0.05041929306369364	0.11558201715722631
93.14657328664332	0.050143127316316996	0.11528131425875507
93.27963981990995	0.05033695998712551	0.11527129132840054
93.41270635317659	0.05045622940030924	0.11538706117474688
93.54577288644322	0.05036787536030351	0.11502610953175134
93.67883941970985	0.050177873578923615	0.1149793629067948
93.81190595297649	0.05015906011097314	0.11517279688277048
93.94497248624312	0.050689135279574984	0.11537162030635774
94.07803901950976	0.050602709986498184	0.11512208122205381
94.21110555277639	0.05065719730355721	0.11459794370556638
94.34417208604302	0.050888531004377666	0.11427554333795985
94.47723861930966	0.05113826642813899	0.11454617136797553
94.61030515257629	0.05133350610528399	0.11453353360235068
94.74337168584292	0.0511613110366274	0.114798334265594
94.87643821910956	0.05108829013169639	0.11432451639366244
95.00950475237619	0.05112367524862709	0.11431370358911544
95.14257128564282	0.05129375981025027	0.11451116539814638
95.27563781890946	0.05120875074719751	0.11422473108361582
95.40870435217609	0.05120529284999168	0.11421217833541707
95.54177088544272	0.05153764000099889	0.11397973473577991
95.67483741870936	0.051439265573149075	0.11365712020057828
95.80790395197599	0.05126281886275784	0.11395533115119401
95.94097048524262	0.05161311764810612	0.11401761834540584
96.07403701850926	0.05165198638597851	0.11377689552451299
96.20710355177589	0.05152385838720946	0.11423780029883619
96.34017008504252	0.051525695922335565	0.11417421405647313
96.47323661830916	0.05145074155116878	0.1143052954325181
96.60630315157579	0.05153751611506855	0.11472473594997955
96.73936968484242	0.051829320036344356	0.11485373457630181
96.87243621810906	0.05191204696932193	0.11462131799945087
97.00550275137569	0.05217451336909339	0.11470042877091391
97.13856928464232	0.052510728288115975	0.1147041820328914
97.27163581790896	0.05215919048835647	0.11456901560299743
97.40470235117559	0.05238108253529436	0.11459736454212882
97.53776888444222	0.05263001921863633	0.1143975557989551
97.67083541770886	0.052477413095277495	0.11414330830401488
97.80390195097549	0.052524827902709764	0.11444160218714003
97.93696848424212	0.05270703930279753	0.11442665506229437
98.07003501750876	0.052725861165415555	0.11437043093312867
98.20310155077539	0.05260273039633763	0.11438244218139772
98.33616808404201	0.05262716035432597	0.11461421331414234
98.46923461730866	0.052657600931464224	0.1149227263067199
98.60230115057529	0.05268519795042533	0.11487234498775936
98.73536768384191	0.052789690672310055	0.11422775498268624
98.86843421710856	0.053189725016355396	0.1140526260603122
99.00150075037519	0.05316926440337133	0.11432265086090736
99.13456728364181	0.053246076133805983	0.1139939015601183
99.26763381690846	0.053307091863601136	0.11387150656025388
99.40070035017509	0.053078398881592506	0.11401181058631053
99.53376688344171	0.05278954622330686	0.1139749984070379
99.66683341670836	0.052554292290444976	0.11415679433578979
99.79989994997499	0.052409260881582466	0.11487477305417498
99.93296648324161	0.052392152646358374	0.11514716424616055
100.06603301650826	0.05232501520281588	0.11539601340079435
100.19909954977489	0.052477830821256614	0.11561141182588539
100.33216608304151	0.052347785016765555	0.1160220044369428
100.46523261630816	0.052317467789434476	0.11604842680754661
100.59829914957479	0.052479364007249875	0.11559565926939831
100.73136568284141	0.05257719791138149	0.11532217052742583
100.86443221610806	0.05259340337109609	0.11513679575684752
100.99749874937469	0.05235039568249663	0.1150656468740487
101.13056528264131	0.0525188200071069	0.1147106691955125
101.26363181590796	0.05267828414759208	0.11422790276819597
101.39669834917459	0.05247509236401275	0.11476561880132533
101.52976488244121	0.05250569254746033	0.11526443058739896
101.66283141570786	0.05287794314888363	0.11492797781758377
101.79589794897448	0.05348461760857513	0.11479120005590746
101.92896448224111	0.05354815471875427	0.11485788287945085
102.06203101550776	0.053571231247334886	0.11512769749924921
102.19509754877438	0.05385741640671111	0.11485917488816597
102.32816408204101	0.053781592586238214	0.11431477504057205
102.46123061530766	0.05365735315427756	0.11401990672473131
102.59429714857428	0.05382032463410163	0.11429390282049048
102.72736368184091	0.053873695543350746	0.11487036887000879
102.86043021510756	0.05393304733027358	0.11521854380186916
102.99349674837418	0.05404848868524042	0.11514247694267328
103.12656328164081	0.05429128398664345	0.11528080267446854
103.25962981490746	0.05411753011099048	0.11581885867591163
103.39269634817408	0.05411353895660537	0.11565114010577104
103.52576288144071	0.05422941416248831	0.11519633135887977
103.65882941470736	0.054131489452282834	0.11535808431072987
103.79189594797398	0.05401512295363786	0.11519359367949235
103.92496248124061	0.05369329145338004	0.1153167472096241
104.05802901450726	0.05338436128309927	0.11553048077820516
104.19109554777388	0.05330089864537655	0.11537824043687815
104.32416208104051	0.05335821115977628	0.11545777328280409
104.45722861430716	0.05355393569237328	0.11521641708801654
104.59029514757378	0.053445349705933516	0.11503933485520036
104.72336168084041	0.053378682250293956	0.11543740864122372
104.85642821410705	0.05333843173926275	0.11541755599105227
104.98949474737368	0.05305133929685572	0.11498582595904439
105.12256128064031	0.05288571425582344	0.11486206685454738
105.25562781390695	0.05325628963531683	0.11494016433652884
105.38869434717358	0.053430748015121904	0.11481345331672654
105.52176088044021	0.05335027396734364	0.11468866661353787
105.65482741370685	0.05335039554917211	0.11524695499582878
105.78789394697348	0.05347360952494516	0.11585354421635156
105.92096048024011	0.05344259043793268	0.11646697361707443
106.05402701350675	0.05338509102756231	0.11664894211113239
106.18709354677338	0.05368130494643371	0.11677375638634221
106.32016008004001	0.05379959985404163	0.11707689766199775
106.45322661330665	0.053692435344513324	0.11733068218456696
106.58629314657328	0.05376113914509799	0.11758382417192277
106.71935967983991	0.053482224654260335	0.11779520453509043
106.85242621310655	0.053704773803709825	0.1174998731409377
106.98549274637318	0.053886505508189755	0.11750467683306691
107.11855927963981	0.05382159006411033	0.11781049198950813
107.25162581290645	0.053956826316121545	0.1178350987692206
107.38469234617308	0.05398019872633192	0.11812277945326081
107.51775887943971	0.05395952818784578	0.11812840452732623
107.65082541270635	0.05435313910947418	0.1182078748440348
107.78389194597298	0.054487330531407495	0.11839537172095184
107.91695847923961	0.054620488958980924	0.1189551524097847
108.05002501250625	0.05467929406877956	0.11950986610461169
108.18309154577288	0.05441861144146176	0.1194164294732123
108.31615807903951	0.05412918819476456	0.11971488546732634
108.44922461230615	0.053996944731552185	0.12011416189314084
108.58229114557278	0.05436510555677548	0.12024673833963785
108.71535767883941	0.054439643320577595	0.1200594650779175
108.84842421210605	0.05435866412757567	0.12051761486077624
108.98149074537268	0.05427776845146484	0.12079421064309553
109.11455727863931	0.0541611616483549	0.12069870190494547
109.24762381190595	0.054260405662032836	0.12078348365426031
109.38069034517258	0.05454624744459638	0.12079574910776486
109.51375687843921	0.054746638501910416	0.120472982015983
109.64682341170585	0.05490755579368949	0.12015044966575404
109.77988994497248	0.05493827335487789	0.12050964617054437
109.91295647823911	0.0549402388269145	0.12069621159860378
110.04602301150575	0.05502444136149358	0.1202304779538891
110.17908954477238	0.05523198535657903	0.11967404558602705
110.31215607803901	0.055084628236171655	0.11948588854915217
110.44522261130565	0.054938919663726236	0.1194102338732366
110.57828914457228	0.054907956729959594	0.11972085509489583
110.71135567783892	0.05462892985798353	0.1197850065881775
110.84442221110555	0.054320982258567595	0.11979674341448476
110.97748874437218	0.054322195305365265	0.119930519412954
111.11055527763882	0.054635120670197046	0.12003456089633674
111.24362181090545	0.05485451153999094	0.12019035055508365
111.37668834417208	0.05474157491498012	0.11999970065979347
111.50975487743872	0.05469452761945223	0.1196779046016378
111.64282141070535	0.05457800584487084	0.11961146621505434
111.77588794397198	0.054663655385994096	0.11973959012144904
111.90895447723862	0.05469814196540715	0.12012821038020746
112.04202101050525	0.0545164797230721	0.12011130944289859
112.17508754377188	0.05444160590423857	0.11987276946251108
112.30815407703852	0.054572393882644205	0.1199482060641201
112.44122061030515	0.054858013165918894	0.12024216555338198
112.57428714357178	0.05486599007076236	0.12085914314741333
112.70735367683842	0.054592053682531054	0.12125285688738725
112.84042021010505	0.05478798308347928	0.12091621100866501
112.97348674337168	0.05469854737661502	0.12068847194126191
113.10655327663832	0.05465470313445097	0.12084566333415965
113.23961980990495	0.054758879355091626	0.12091802617885995
113.37268634317158	0.054616946347330976	0.12077530856288242
113.50575287643822	0.05472418161718895	0.12077707377598781
113.63881940970485	0.054866934049463134	0.12106972438539447
113.77188594297148	0.054939371498213915	0.12133336615425995
113.90495247623812	0.055148922584872584	0.12117298234824218
114.03801900950475	0.054938303655498656	0.12072684082029353
114.17108554277138	0.05460129049450902	0.12032032703699473
114.30415207603802	0.0546555596449426	0.11994614754535145
114.43721860930465	0.054549266683473485	0.12014987000630908
114.57028514257128	0.054444349381461525	0.12036970009047156
114.70335167583792	0.054558568191425925	0.1204976418674423
114.83641820910455	0.05490651980392652	0.12088811333091677
114.96948474237118	0.05488938920638167	0.12094993468900522
115.10255127563782	0.054623876933178925	0.12064268704511422
115.23561780890445	0.05451223694315555	0.12040556077044155
115.36868434217108	0.05433067952348153	0.11979027035427717
115.50175087543772	0.054516920134788885	0.11963683327060642
115.63481740870435	0.054433226174473395	0.11988352395060267
115.76788394197098	0.05411931620050229	0.11997575376293661
115.90095047523762	0.05391042936471219	0.1197987410637943
116.03401700850425	0.05393988927934406	0.1194244592806924
116.16708354177088	0.05427457016292057	0.11940538101944304
116.30015007503752	0.05429694278010351	0.11920007737065894
116.43321660830415	0.05425269213211269	0.11894518737131841
116.56628314157078	0.054412550629740646	0.11874680261341214
116.69934967483742	0.054543820441545314	0.11870132564194762
116.83241620810405	0.05440321959151684	0.11890865495974812
116.96548274137068	0.054214566886433224	0.1192713108782817
117.09854927463732	0.05410594914936824	0.11976395098218788
117.23161580790395	0.05393735712450306	0.11978833880397777
117.36468234117058	0.053990343979102025	0.11960589855069106
117.49774887443722	0.05399242343015444	0.11971845617724361
117.63081540770385	0.05391308588842525	0.11954045954850281
117.76388194097048	0.05395875378450289	0.11942816513884298
117.89694847423712	0.05410790473713207	0.11964392033488534
118.03001500750375	0.054253540956262065	0.11993161020898303
118.16308154077038	0.05415100046046875	0.11965974186263023
118.29614807403702	0.0539401110871983	0.11989833280445845
118.42921460730365	0.05362197921981162	0.11991705853943226
118.56228114057028	0.053465338140106844	0.11965522983186044
118.69534767383692	0.05316447162174975	0.11952942474943849
118.82841420710355	0.05314742401185934	0.11957914142095616
118.96148074037018	0.05328587814537689	0.11971080337586151
119.09454727363682	0.053317261232450196	0.11950356394335944
119.22761380690345	0.053521599928380965	0.11959456909929657
119.36068034017008	0.0534173025554643	0.11920281305306454
119.49374687343672	0.05328066444447136	0.11886701153102798
119.62681340670335	0.05311699123638097	0.11936401053233275
119.75987993996998	0.053026771976241595	0.11977135549935207
119.89294647323662	0.05288866315606049	0.11992107546389096
120.02601300650325	0.05286974664001396	0.11949613095239715
120.15907953976988	0.05293264682683485	0.11946917227513867
120.29214607303652	0.05333405594285763	0.12010152247039686
120.42521260630315	0.05344344992020562	0.12011830450876859
120.55827913956978	0.053214760730651636	0.11975175358662257
120.69134567283642	0.053281183518081865	0.11964477528021102
120.82441220610305	0.05346662388950138	0.11986681892247003
120.95747873936968	0.05350553600834603	0.11985008086193627
121.09054527263632	0.05345464695498511	0.11935865879001953
121.22361180590295	0.05359710733676068	0.11932242104263592
121.35667833916958	0.05351957522369437	0.11925627416604752
121.48974487243622	0.053391811869587316	0.119537928195642
121.62281140570285	0.053204358461984895	0.1201584675950279
121.75587793896948	0.05283100965148327	0.11983640110902379
121.88894447223612	0.05267345372619708	0.11964840241493437
122.02201100550275	0.05272631265106728	0.11924595813221228
122.15507753876938	0.05285395355693226	0.11926847260830442
122.28814407203602	0.053008739563669645	0.12003165984980184
122.42121060530265	0.0529583025197264	0.11983345743351059
122.55427713856928	0.0529587781814123	0.11964471336440223
122.68734367183592	0.052967874540781425	0.11968701634997087
122.82041020510255	0.05310553623046142	0.12020687612276679
122.95347673836918	0.053265677511997636	0.1200410594122775
123.08654327163582	0.05345312360717399	0.11960336727120434
123.21960980490245	0.053544547695645324	0.11951170009577129
123.35267633816908	0.05359466675257559	0.11955420873141454
123.48574287143572	0.053530864351757905	0.11956602154889993
123.61880940470235	0.0537050269105407	0.11910348020895961
123.75187593796898	0.05379294758332434	0.1186650450499964
123.88494247123562	0.053838379469008615	0.11868326981273984
124.01800900450225	0.05388611486981675	0.11911674286840865
124.15107553776888	0.05402502534528558	0.11937557517555104
124.28414207103552	0.05422110075832257	0.11937787257369277
124.41720860430215	0.05430967495707328	0.11939290410965014
124.55027513756878	0.05427027909913261	0.11936831519143655
124.68334167083542	0.054296068682897144	0.11905993531611758
124.81640820410205	0.054430676394179305	0.11851058345337619
124.94947473736867	0.054353001618728164	0.1183610322459098
125.08254127063532	0.0545500086059888	0.1187211129070578
125.21560780390195	0.0546551686214433	0.11848619719850707
125.34867433716857	0.054561902865681224	0.11835058394139385
125.48174087043522	0.05465068260200764	0.11852340961087937
125.61480740370185	0.05484193895865545	0.1187872333431907
125.74787393696847	0.05456119118097318	0.11909625840605108
125.88094047023512	0.05447576197398321	0.11919017572420523
126.01400700350175	0.05447879778841736	0.11948175324631934
126.14707353676837	0.05475457569443265	0.11955757141399184
126.28014007003502	0.054868050981952375	0.11963402654324132
126.41320660330165	0.05487574471881348	0.11997838080373874
126.54627313656827	0.05519610762637559	0.1201185846693734
126.67933966983492	0.05517587487767574	0.12002279859247249
126.81240620310155	0.05527685646921514	0.11995487662864904
126.94547273636817	0.055628304880276626	0.12033615680574176
127.07853926963482	0.055983791784675364	0.1203300584676499
127.21160580290145	0.056191112484812254	0.12012266261901335
127.34467233616807	0.05649960750629504	0.12005180219643735
127.47773886943472	0.05653586505552716	0.11960537604913671
127.61080540270135	0.05649091679788154	0.11985893724309013
127.74387193596797	0.056729679164600325	0.11989856583543464
127.87693846923462	0.05688860555359729	0.11967226919710439
128.01000500250126	0.05679308820967405	0.11971256704372708
128.1430715357679	0.05683762133891113	0.11970269956436017
128.27613806903452	0.05705604850407561	0.11981588688392594
128.40920460230114	0.0570125535556527	0.11990300004524833
128.54227113556777	0.05678190589606983	0.11994189249047388
128.6753376688344	0.05640941936230113	0.11986064759342965
128.80840420210106	0.056476210785172135	0.11997895686014923
128.9414707353677	0.05656031783063906	0.12025451470136306
129.07453726863432	0.05660742927556332	0.12071032136230828
129.20760380190094	0.05650952533868587	0.12066129242560295
129.34067033516757	0.0563850161778083	0.12078322982000704
129.4737368684342	0.05675486057028031	0.12097322323127764
129.60680340170086	0.05694175692117022	0.12078190694397228
129.7398699349675	0.056729850931170944	0.12068784182083327
129.87293646823412	0.056558963065561095	0.1203669810499564
130.00600300150074	0.05669133716913298	0.12015308064409877
130.13906953476737	0.05681072121783933	0.1203566753121044
130.272136068034	0.05699337402057435	0.12046927027586568
130.40520260130066	0.057044427940482534	0.12061204710566967
130.5382691345673	0.057072342427376715	0.12054132969431149
130.67133566783392	0.056878792499762125	0.1199514805273653
130.80440220110054	0.05653225286478954	0.1198892363096953
130.93746873436717	0.05637338115629778	0.1199984877710688
131.0705352676338	0.056426561282661665	0.11996158037200914
131.20360180090046	0.05635876822192901	0.11979562401849768
131.3366683341671	0.05589722839345039	0.11968068644654685
131.46973486743371	0.05581012953403263	0.11972137453126142
131.60280140070034	0.0560861937989377	0.11993283332634846
131.73586793396697	0.05630972854756481	0.11991393358546087
131.8689344672336	0.05631006018180375	0.1200989378254629
132.00200100050026	0.056480095937413655	0.11995228087659053
132.1350675337669	0.056709609457572245	0.11953831601499965
132.26813406703351	0.05669885248619429	0.11979759009550522
132.40120060030014	0.056532069153986696	0.1197067417453959
132.53426713356677	0.056540472999993985	0.11963744341933981
132.6673336668334	0.056665534035520305	0.11955727273765952
132.80040020010006	0.056713848967293874	0.11962533721223406
132.93346673336669	0.05658414141041161	0.11944405987427367
133.06653326663331	0.0566481047807364	0.11929037296675811
133.19959979989994	0.056782271294778044	0.11963535025805887
133.33266633316657	0.05704845409832337	0.12008548681037538
133.4657328664332	0.05735229024468802	0.12062418673894004
133.59879939969986	0.05735828864778085	0.12063516148625243
133.73186593296649	0.05774152953495293	0.12020322172193923
133.8649324662331	0.0585289959935838	0.12019882904528123
133.99799899949974	0.05874570651494518	0.12004995310302244
134.13106553276637	0.05847020179724299	0.1197811008022688
134.264132066033	0.05827169791134468	0.11989688358243548
134.39719859929966	0.058314438651246775	0.12012694810979026
134.53026513256629	0.05821764848709932	0.12000453960123333
134.6633316658329	0.0579502732972668	0.1199159986223238
134.79639819909954	0.05799961092669573	0.12004336051690664
134.92946473236617	0.057955113509790414	0.12018015520349852
135.0625312656328	0.05795258927878301	0.12005502972330749
135.19559779889946	0.057849015422144164	0.11993773091250827
135.32866433216608	0.05751754038324328	0.12042800487803434
135.4617308654327	0.05751072417089336	0.12041481609971146
135.59479739869934	0.057738330812266134	0.12009092972039771
135.72786393196597	0.05759023560982637	0.12006212754564655
135.8609304652326	0.05739262063908679	0.12024392229568824
135.99399699849926	0.05753844986196888	0.1204508274578692
136.12706353176588	0.057410596838852065	0.12060247377830573
136.2601300650325	0.05740708320269405	0.12057257110145657
136.39319659829914	0.05750882159332894	0.1206414827143177
136.52626313156577	0.05744887669017593	0.12089004057388125
136.65932966483243	0.057487524581453994	0.1207878313435958
136.79239619809906	0.05735819360306049	0.12051080012053128
136.92546273136568	0.057347865095882605	0.12093913818499695
137.0585292646323	0.057547176217923914	0.12130880372740466
137.19159579789894	0.05757005285951805	0.12149831868219318
137.32466233116557	0.05762060385357985	0.12143891028409781
137.45772886443223	0.05773656931896048	0.1213450463433775
137.59079539769886	0.05740372887134753	0.12129697917415115
137.72386193096548	0.05737942875014492	0.12106622933527512
137.8569284642321	0.05741809461144216	0.12129283357754676
137.98999499749874	0.05705343813678108	0.12143476802539513
138.12306153076537	0.05705072605897064	0.12180599241229632
138.25612806403203	0.057005333149927735	0.1223143661126692
138.38919459729865	0.056720071398638085	0.12247304815118668
138.52226113056528	0.056483455663619266	0.12261191256510073
138.6553276638319	0.056265183388590066	0.12286735175807786
138.78839419709854	0.05620241940154583	0.1228998384445894
138.92146073036517	0.05603648630982166	0.12258998264539905
139.05452726363183	0.05567030962434003	0.12232220452342175
139.18759379689845	0.055757462693925126	0.12246032135843037
139.32066033016508	0.056064626748099713	0.12227896989882503
139.4537268634317	0.056016333975544494	0.12188489566279206
139.58679339669834	0.05576073551368116	0.12175707629145094
139.71985992996497	0.055937746423750385	0.12182343434829693
139.85292646323163	0.05589424326165315	0.12193096899688058
139.98599299649825	0.0554507651612747	0.12167167915779985
140.11905952976488	0.055418344084819306	0.12135958715282018
140.2521260630315	0.05546792399954734	0.12152069974232023
140.38519259629814	0.055460371813805344	0.12146756135130797
140.51825912956477	0.05543826954473225	0.1215138888786787
140.65132566283143	0.05531329995817274	0.12186077898272824
140.78439219609805	0.05516943593425288	0.12157607286664279
140.91745872936468	0.055014547790513235	0.12117036965288012
141.0505252626313	0.05494152113974637	0.12124127936937815
141.18359179589794	0.055191307401545986	0.1214316518409315
141.31665832916457	0.05536246418053712	0.12137912817048999
141.44972486243122	0.05536308961473303	0.12133941817782375
141.58279139569785	0.05543185693749926	0.12139061589543224
141.71585792896448	0.055648901369302	0.12138901956240461
141.8489244622311	0.05575794559194128	0.1210871379009879
141.98199099549774	0.05596618428684448	0.1209328710731177
142.11505752876437	0.05610095226722311	0.1209204741653336
142.24812406203102	0.056250490811921655	0.12079856828937627
142.38119059529765	0.05633708703709337	0.12075240298247981
142.51425712856428	0.05640452791313368	0.12121135644272325
142.6473236618309	0.05656914085343848	0.12116386108935717
142.78039019509754	0.05666706733362266	0.12050214753163677
142.91345672836417	0.056791910002051006	0.1205071099342492
143.04652326163082	0.056846100850538824	0.12057926726239587
143.17958979489745	0.057171260548403754	0.12046195776201575
143.31265632816408	0.05755316479631352	0.12058179492452284
143.4457228614307	0.05748582918814235	0.12034137357630989
143.57878939469734	0.05720752541045766	0.11991645707116493
143.71185592796397	0.057468536442924704	0.11988555556949358
143.84492246123062	0.05748400761242871	0.12016344540384939
143.97798899449725	0.057649384746385195	0.12021596133815529
144.11105552776388	0.05793834109938174	0.12017964412827148
144.2441220610305	0.05784781613156509	0.11979803081490031
144.37718859429714	0.05774897605209602	0.12007857801921865
144.51025512756377	0.05762813269924571	0.12053873924789907
144.64332166083042	0.05749902173543417	0.1204120803880472
144.77638819409705	0.05758090402148058	0.12048721563832508
144.90945472736368	0.057754103534725446	0.12059817738094766
145.0425212606303	0.05767771472991769	0.12065914640699978
145.17558779389694	0.05743974151304233	0.12068674555271468
145.30865432716357	0.05731185795937385	0.12075300220953528
145.44172086043022	0.057406984501326815	0.12132308669195883
145.57478739369685	0.05747611714802455	0.1220951880653638
145.70785392696348	0.057545416090268225	0.12212129070265393
145.8409204602301	0.05744926592594339	0.12212666940155215
145.97398699349674	0.0576945039093491	0.12225931326531163
146.10705352676337	0.057988496881788004	0.12235492317979231
146.24012006003002	0.057618988445734216	0.12278893483081227
146.37318659329665	0.0577776711903112	0.12269404002223933
146.50625312656328	0.05778782746021484	0.1224524960899243
146.6393196598299	0.05778719656491382	0.12230644818093189
146.77238619309654	0.05773068179303744	0.12252673121637694
146.90545272636317	0.057501538607353055	0.12290460860112101
147.03851925962982	0.05762724802387707	0.12328885900145
147.17158579289645	0.057565825972876926	0.12348554676368215
147.30465232616308	0.05752173430061959	0.12337953323335496
147.4377188594297	0.0573902792168896	0.12355055139777975
147.57078539269634	0.05779293137764955	0.12314653955744129
147.70385192596297	0.05799619155271141	0.12340895376069673
147.83691845922962	0.05756022373193948	0.12392394147235808
147.96998499249625	0.057595764128872406	0.12364769592910572
148.10305152576288	0.057729093157854516	0.12371321907395195
148.2361180590295	0.057991872001213834	0.12345026364556029
148.36918459229614	0.05796284802151987	0.12313844941314847
148.50225112556276	0.05767116849877646	0.12327189632655915
148.63531765882942	0.05774075290078447	0.12361639833853157
148.76838419209605	0.05759223259853135	0.12352371432561658
148.90145072536268	0.05745777390712893	0.12320156870369034
149.0345172586293	0.057346421481914954	0.12321325380433702
149.16758379189594	0.057327741256255504	0.12333374507066942
149.30065032516256	0.05764701324146601	0.12341202121546492
149.43371685842922	0.05780625078887717	0.12321548829612647
149.56678339169585	0.05773270080926238	0.12295204310843753
149.69984992496248	0.057589099765326265	0.12290707146142456
149.8329164582291	0.05763495438919462	0.1231577446115491
149.96598299149574	0.05788008411086002	0.1227120055766328
150.09904952476236	0.05792221861028787	0.12262059733479501
150.23211605802902	0.057921948105269	0.12321725760079083
150.36518259129565	0.05799576388672642	0.12339813615134002
150.49824912456228	0.058009457016135295	0.12316569448692581
150.6313156578289	0.05800665142036544	0.12298371404737606
150.76438219109554	0.05810105073035247	0.123179311951795
150.89744872436216	0.05819457398145443	0.12340631421120665
151.03051525762882	0.05796215037008158	0.12340917573032709
151.16358179089545	0.05805179740552243	0.12350761558147048
151.29664832416208	0.05834066227491271	0.12373124281613733
151.4297148574287	0.058167476641513435	0.12406765055904292
151.56278139069533	0.05790471416598113	0.12392001277484557
151.69584792396196	0.05798565659712909	0.1239177008159509
151.82891445722862	0.057758233922524466	0.12447843927719958
151.96198099049525	0.05758340642565435	0.12428436713804066
152.09504752376188	0.05796221466835763	0.12405673168949856
152.2281140570285	0.058013579090487766	0.1239969379077328
152.36118059029513	0.05776756972204682	0.12349378554202843
152.49424712356176	0.05762983518762602	0.12338125777500945
152.62731365682842	0.057703628630172386	0.12344428446879466
152.76038019009505	0.05759050988490705	0.1234036931743316
152.89344672336168	0.05741919275218077	0.12309967188849472
153.0265132566283	0.05747120658793971	0.12264602571231949
153.15957978989493	0.05758404957938034	0.1223287743795816
153.2926463231616	0.05731666205185685	0.12237007586622015
153.42571285642822	0.05743692599626443	0.12230148005626612
153.55877938969485	0.05767288386583502	0.12224072998567562
153.69184592296148	0.05741382559489943	0.12214106176834619
153.8249124562281	0.05711312775075798	0.12190909776325616
153.95797898949473	0.05716502223111565	0.12197146129354236
154.0910455227614	0.05702423153592408	0.12170865799645122
154.22411205602802	0.057091228282494765	0.12146845065175613
154.35717858929465	0.057248412264368866	0.12155272742340689
154.49024512256128	0.05710312721465179	0.12147292514613946
154.6233116558279	0.056909194899703267	0.12118486279527169
154.75637818909453	0.05687243113429559	0.12067270923711693
154.8894447223612	0.056787649250659177	0.12042132864165292
155.02251125562782	0.056711063716099325	0.12073459245428177
155.15557778889445	0.056593037224348865	0.12056911245046478
155.28864432216108	0.0563220393403251	0.12003325430209413
155.4217108554277	0.05616961329151255	0.11993152546339848
155.55477738869433	0.056227893236650096	0.12004983634777117
155.687843921961	0.05640498097019469	0.12030596613242121
155.82091045522762	0.056288890786183446	0.12030096645885548
155.95397698849425	0.05635714118940452	0.12012319802010454
156.08704352176088	0.056639835850261326	0.12029622774557253
156.2201100550275	0.05667741355143571	0.12006992723471134
156.35317658829413	0.05690865113119669	0.11993948245534682
156.4862431215608	0.05687845551121499	0.11992429313113577
156.61930965482742	0.05684499803157807	0.1195280663709102
156.75237618809405	0.05716107734792301	0.11935248466383322
156.88544272136068	0.05757912086939375	0.11913534693022816
157.0185092546273	0.05779734991563258	0.11892393737921778
157.15157578789393	0.057911484882209256	0.11902521457911734
157.2846423211606	0.0577635532945462	0.11934429052605793
157.41770885442722	0.05745182852695676	0.11948584911194599
157.55077538769385	0.05773235729180686	0.11992803578643786
157.68384192096048	0.05791022275511918	0.11993778530508337
157.8169084542271	0.057911738514673475	0.11965047269638589
157.94997498749373	0.05791400064864225	0.11946796283994474
158.0830415207604	0.05813870281352616	0.11983821199282291
158.21610805402702	0.0583094648798584	0.12008244367699103
158.34917458729365	0.05821700539094259	0.11985123929714261
158.48224112056027	0.05813942483761817	0.11976908490659537
158.6153076538269	0.058101623341089204	0.11972688759139123
158.74837418709353	0.05807738572029909	0.11972662120620105
158.8814407203602	0.05799545721232692	0.11992677862895579
159.01450725362682	0.05803051698263301	0.12019823927694295
159.14757378689345	0.05790340661688147	0.12040420892917876
159.28064032016007	0.05786370570536733	0.12052045062212906
159.4137068534267	0.058031817486578784	0.12053143711772561
159.54677338669333	0.05791952016189494	0.12072014918055551
159.67983991996	0.05805178291220087	0.1203976951224346
159.81290645322662	0.05807845737020373	0.12037194263211273
159.94597298649325	0.058212779859398614	0.12020268264689575
160.07903951975987	0.05837135132050685	0.12003310529052283
160.2121060530265	0.058211099340629346	0.12023637398202118
160.34517258629313	0.058255577378518525	0.12027122246946892
160.4782391195598	0.05833295748526557	0.12026017686690635
160.61130565282642	0.058213224388524866	0.12017681356977558
160.74437218609305	0.05842609694120038	0.11996688150126669
160.87743871935967	0.05862673672555489	0.119455364124627
161.0105052526263	0.05875503985863304	0.11956697375883138
161.14357178589293	0.05887119317755511	0.11944799666330072
161.2766383191596	0.058941792988496874	0.11945181958105767
161.40970485242622	0.05869599343144614	0.11941958032389127
161.54277138569284	0.05821821507613093	0.1189869751270528
161.67583791895947	0.058221803943897484	0.11924330287260594
161.8089044522261	0.05828825607660419	0.11926023285870734
161.94197098549273	0.05830601039002193	0.11881013325710331
162.0750375187594	0.058058472270808945	0.11871595407565308
162.20810405202602	0.05815530899158942	0.11892679147559188
162.34117058529264	0.0582044910129207	0.11917494043722515
162.47423711855927	0.0579022259895303	0.11953111619921572
162.6073036518259	0.05798067674631805	0.11989176544014062
162.74037018509253	0.05804411506024092	0.1200452162824998
162.8734367183592	0.05808593635535199	0.12007235240492477
163.00650325162582	0.05818428166478266	0.11974457236799069
163.13956978489244	0.05814245689741732	0.11978282639636094
163.27263631815907	0.057999764154329635	0.12016230587919396
163.4057028514257	0.05788075241215694	0.12009282434920734
163.53876938469233	0.05801303408961231	0.11995869800745818
163.671835917959	0.05804698176169349	0.12033241311110679
163.80490245122562	0.05787971379593355	0.12036613502364885
163.93796898449224	0.05782155112276051	0.12084812266131166
164.07103551775887	0.05821468200828022	0.12112046368695256
164.2041020510255	0.057946168865874934	0.12114428135331408
164.33716858429213	0.05775207072867849	0.12100614147118241
164.4702351175588	0.05762459649972269	0.1208630867120799
164.60330165082541	0.057739330237179406	0.12106112412049928
164.73636818409204	0.05768794194406674	0.12087743390208844
164.86943471735867	0.057526427969706896	0.12091938597781578
165.0025012506253	0.057509020895491224	0.12112108410872685
165.13556778389193	0.057463378378777824	0.12103720328444705
165.2686343171586	0.057733434557129544	0.12096302509870882
165.40170085042521	0.05800394922318015	0.12081354764911847
165.53476738369184	0.05791293143323097	0.12063991799738967
165.66783391695847	0.0579163757976899	0.12074090163002633
165.8009004502251	0.05777486648441534	0.12063014554270246
165.93396698349173	0.05771431021915733	0.11973023680233562
166.06703351675839	0.057684276610565834	0.11924518850009312
166.20010005002501	0.05747026397102415	0.11949216983365919
166.33316658329164	0.057347947563778444	0.11937791785087365
166.46623311655827	0.05702957283915474	0.11890245627551307
166.5992996498249	0.056758849223453776	0.1186298360555229
166.73236618309153	0.05706894013608588	0.11865615175197629
166.86543271635819	0.05701449181367656	0.11927292256622284
166.9984992496248	0.05656581607627288	0.11970686450712084
167.13156578289144	0.056353289666779376	0.11949595579162607
167.26463231615807	0.05618004910027232	0.11972353174077469
167.3976988494247	0.05610279795986431	0.12039565657070408
167.53076538269133	0.05606069173940623	0.12055610124476886
167.66383191595799	0.0559275321176051	0.11999572222967154
167.7968984492246	0.05605726025999357	0.12022128681944859
167.92996498249124	0.05630830262231753	0.12002585808802856
168.06303151575787	0.05623523407991478	0.12052038475173636
168.1960980490245	0.05632495651490185	0.12073545138638171
168.32916458229113	0.056269284185781	0.12019767347715088
168.46223111555778	0.05639741368729033	0.12049891321204537
168.5952976488244	0.056744399558124436	0.12071730972578303
168.72836418209104	0.05694269925524229	0.1211181706726863
168.86143071535767	0.05680923471012159	0.12115864790887533
168.9944972486243	0.056666986571713235	0.12111412427860772
169.12756378189093	0.05672904330420762	0.12126371643466531
169.26063031515758	0.056816311174571796	0.12111465979988666
169.3936968484242	0.05669633031517037	0.12108375137348368
169.52676338169084	0.0562600073513278	0.12097176019703305
169.65982991495747	0.05595686939555512	0.12091112991786634
169.7928964482241	0.056002975149544554	0.12101238874594585
169.92596298149073	0.05591382375899076	0.12085395392617011
170.05902951475738	0.05575965404121322	0.12078288583980898
170.192096048024	0.05587256490956889	0.12129663590155305
170.32516258129064	0.055932949297809065	0.12131173062892113
170.45822911455727	0.055977308366262656	0.1207073792132155
170.5912956478239	0.056361938761888705	0.12023249805166634
170.72436218109056	0.0562857115509777	0.11971597937155519
170.85742871435718	0.056568900473224	0.11965680061760106
170.9904952476238	0.05674768008027622	0.11954947607836677
171.12356178089044	0.05675728398661808	0.11950470772042801
171.25662831415707	0.05697319693524419	0.11969095296985768
171.3896948474237	0.05732830833224382	0.11964980248109898
171.52276138069035	0.057580257305512875	0.1194445689278838
171.65582791395698	0.05773880897324253	0.11942495595605739
171.7888944472236	0.05779683429185094	0.11952985259564508
171.92196098049024	0.057649184098179894	0.11940103474424456
172.05502751375687	0.05753841137997534	0.11976671299456573
172.1880940470235	0.057804105773983795	0.12015837189378746
172.32116058029015	0.05787581979452566	0.12020730190242952
172.45422711355678	0.05779915441639938	0.120721942366341
172.5872936468234	0.05769670803860426	0.1210419090218308
172.72036018009004	0.057392996867184756	0.12074808913574732
172.85342671335667	0.057238239752456545	0.12080432683714264
172.9864932466233	0.05732288460545423	0.1207982583437264
173.11955977988995	0.057412289288492686	0.1210315123648558
173.25262631315658	0.05735352561589504	0.12118216275141859
173.3856928464232	0.05739169078029985	0.12148327353042619
173.51875937968984	0.057273971773483555	0.12157505157175569
173.65182591295647	0.05763912719697262	0.12186716068873643
173.7848924462231	0.057710789998481414	0.12170520671095723
173.91795897948975	0.05767428919661928	0.12127965000939765
174.05102551275638	0.05793105727942047	0.12112699596305487
174.184092046023	0.057978139876784116	0.12091818750981903
174.31715857928964	0.05784087540219878	0.12111318380310375
174.45022511255627	0.057578643337546316	0.12142959068640694
174.5832916458229	0.057567637223955574	0.12106913765756175
174.71635817908955	0.057824683008460165	0.12061445989524544
174.84942471235618	0.057741183673053614	0.12064423204101432
174.9824912456228	0.057908650944516554	0.1206915093148813
175.11555777888944	0.05807725032968083	0.12085631779997462
175.24862431215607	0.057664492547597264	0.12106900114237167
175.3816908454227	0.05779105768842715	0.12093186283398628
175.51475737868935	0.0579407032355096	0.12099706741814818
175.64782391195598	0.05806795697585896	0.12152272725818943
175.7808904452226	0.0579587841330938	0.12139179066439805
175.91395697848924	0.058175832006000974	0.12043114442342187
176.04702351175587	0.058067310075926075	0.12009015154078712
176.1800900450225	0.058234683557482445	0.12037211217903587
176.31315657828915	0.058234719612307397	0.12022494241780984
176.44622311155578	0.0583339758986509	0.11998114597134735
176.5792896448224	0.05834426601899228	0.11970560748447688
176.71235617808904	0.058555447638922856	0.11972054491863314
176.84542271135567	0.058574426848257095	0.1197788792087271
176.9784892446223	0.058289041354369305	0.1196580840315584
177.11155577788895	0.05804873797702768	0.1200764821725097
177.24462231115558	0.05792769265113392	0.12039809186777099
177.3776888444222	0.058132058484107595	0.12004181641363014
177.51075537768884	0.05799895954161825	0.12009582896200588
177.64382191095547	0.05810457005838128	0.12037084879134786
177.7768884442221	0.058588973425934325	0.1203836104432223
177.90995497748875	0.05850003633813028	0.1201848249793187
178.04302151075538	0.05839703994510685	0.12037117406441937
178.176088044022	0.05870844733988474	0.12036326784549688
178.30915457728864	0.058994406429513604	0.12047477106028864
178.44222111055527	0.05908986056183405	0.12056037642591964
178.5752876438219	0.05881669135085215	0.12050129862862462
178.70835417708855	0.05853593921797952	0.12045803858600312
178.84142071035518	0.05842798380558719	0.12069265583084307
178.9744872436218	0.058278740713648566	0.12104022094912249
179.10755377688844	0.058527607177471415	0.12125353491358747
179.24062031015507	0.05861338721244083	0.12101437713497014
179.3736868434217	0.05849695938460593	0.12061179197155403
179.50675337668835	0.05853293120159663	0.12058463706386649
179.63981990995498	0.05862207038906297	0.12068134951430806
179.7728864432216	0.05881166894897242	0.1211515069995442
179.90595297648824	0.058823831661825136	0.12124989482880964
180.03901950975487	0.05907271784621335	0.1211751046865727
180.1720860430215	0.0591141197814039	0.12202871705879023
180.30515257628815	0.058949660718523145	0.12182495506117144
180.43821910955478	0.05884559708915294	0.12175637488264553
180.5712856428214	0.05884571917278071	0.12154929290811614
180.70435217608804	0.059038873877013405	0.1214390618158423
180.83741870935467	0.058996702490294956	0.12134619193174004
180.9704852426213	0.05913425667156102	0.12165732225756795
181.10355177588795	0.05942902310034896	0.1216706068903457
181.23661830915458	0.05932440133022916	0.12145668629180024
181.3696848424212	0.05926354834399637	0.12102478049742241
181.50275137568784	0.05908016676643927	0.12074399376006181
181.63581790895446	0.05898450555965452	0.12131156840551664
181.7688844422211	0.059291473014997445	0.12136677266366049
181.90195097548775	0.0595344954167273	0.12130363168747582
182.03501750875438	0.05954126446830346	0.1211101414307862
182.168084042021	0.05931299753304895	0.12074220629168196
182.30115057528764	0.05935642810871585	0.12082078845989205
182.43421710855426	0.059489620828504064	0.12085540910061804
182.5672836418209	0.059337130242785356	0.12012530196950076
182.70035017508755	0.059314823699805695	0.11970914828150088
182.83341670835418	0.05942530977672921	0.11975698275334261
182.9664832416208	0.05920401440416113	0.12002971294545989
183.09954977488744	0.05906593136993006	0.11966260872874383
183.23261630815406	0.05929786810916338	0.11963631045155236
183.3656828414207	0.05924761063436384	0.11966711818220024
183.49874937468735	0.059458107118168034	0.1196439416489234
183.63181590795398	0.0592162484621714	0.11982872765021253
183.7648824412206	0.05921000033822061	0.1200881139179216
183.89794897448724	0.059069956433900214	0.11984480214237063
184.03101550775386	0.059087297267531216	0.11965171463791127
184.1640820410205	0.058968202647886936	0.11933517506995976
184.29714857428715	0.058990097644213035	0.119276788868249
184.43021510755378	0.058977655611647015	0.11927635986215687
184.5632816408204	0.05916678092978024	0.11908065820763135
184.69634817408703	0.059283676124470254	0.1188610220899046
184.82941470735366	0.05937317723216736	0.1192672927681846
184.9624812406203	0.0592748061117346	0.11975654858048995
185.09554777388695	0.059465708059055204	0.11963156954723005
185.22861430715358	0.05947781252113788	0.11961624560072069
185.3616808404202	0.05950451103233444	0.11930508122577273
185.49474737368683	0.05935901294065296	0.11873470472450674
185.62781390695346	0.059145343554846394	0.1187914966956045
185.7608804402201	0.059196341113569244	0.11867116323811291
185.89394697348675	0.05922615587621411	0.1187563838057661
186.02701350675338	0.05912920333488375	0.11855747585297775
186.16008004002	0.05915253081896382	0.1183806681040418
186.29314657328663	0.05925115622182238	0.11818380622792142
186.42621310655326	0.0595699581419688	0.11778909601650317
186.5592796398199	0.059916438597776636	0.11736338722717128
186.69234617308655	0.06016856019373733	0.117660006726912
186.82541270635318	0.06012303437727534	0.1182954950007231
186.9584792396198	0.0598648094509548	0.11817594175940108
187.09154577288643	0.060089768107585595	0.1178533799492529
187.22461230615306	0.05986511590283594	0.1175803537213831
187.3576788394197	0.05938087896115855	0.11724098052125546
187.49074537268635	0.05929328766664596	0.11735473025572866
187.62381190595298	0.059367271079566374	0.1174598527802921
187.7568784392196	0.0595030195131131	0.1172359895695216
187.88994497248623	0.059416370531727436	0.11745745090908728
188.02301150575286	0.05939315693761901	0.1173909915132744
188.15607803901952	0.05933314293833794	0.11752734260862684
188.28914457228615	0.05909471801529339	0.11829057112876579
188.42221110555278	0.0592117119950145	0.11846827078291289
188.5552776388194	0.05953944912783393	0.118444523628078
188.68834417208603	0.05964963866354104	0.11850064585169826
188.82141070535266	0.05962866584466773	0.11845339702264088
188.95447723861932	0.05962936095900035	0.1184668294630217
189.08754377188595	0.05971410233103587	0.11821157576428346
189.22061030515258	0.05972763103918353	0.11858099433361036
189.3536768384192	0.05969942634107754	0.11893886122783207
189.48674337168583	0.059946810443834334	0.1186980507317324
189.61980990495246	0.0601867552101677	0.11834162841422236
189.75287643821912	0.05999139601073829	0.11833665694179768
189.88594297148575	0.05986032402270788	0.11845933157225061
190.01900950475238	0.06013086010902913	0.11830414289676916
190.152076038019	0.05994059501894561	0.11807372605215881
190.28514257128563	0.05995154338127039	0.11798013717335222
190.41820910455226	0.06009929595625027	0.11819314561540739
190.55127563781892	0.06001047799439737	0.11832960163129949
190.68434217108555	0.06009569170783049	0.11790697801376696
190.81740870435218	0.06025470801560826	0.11850844168582231
190.9504752376188	0.06012999436818403	0.1184489065771445
191.08354177088543	0.06050661862080094	0.11876205194330429
191.21660830415206	0.06057728531698342	0.11887328416496958
191.34967483741872	0.06038145629004422	0.11881507834648167
191.48274137068535	0.060041541549769824	0.11919287774341719
191.61580790395197	0.06005698115920729	0.11936530864453966
191.7488744372186	0.06027860590677815	0.11917743041530798
191.88194097048523	0.06023001128966348	0.11902431387903417
192.01500750375186	0.060620672306494226	0.11909580606402971
192.14807403701852	0.06084504169169151	0.11910785545650006
192.28114057028515	0.06073766610932953	0.11934365416834047
192.41420710355177	0.060792314682781574	0.11940068596322279
192.5472736368184	0.06070303150161819	0.11964873911799266
192.68034017008503	0.06078736418567819	0.11950687596378674
192.81340670335166	0.060757154124749475	0.11938108802723775
192.94647323661832	0.06058877167801074	0.11930038402247453
193.07953976988495	0.06037621628324097	0.11926384654421449
193.21260630315157	0.0605651710834474	0.11938354925559994
193.3456728364182	0.06043387645702745	0.11923494808775746
193.47873936968483	0.06056255335448243	0.11929670842493029
193.61180590295146	0.060423995794146854	0.11937205539476937
193.74487243621812	0.060498936533234376	0.11988254806900128
193.87793896948475	0.06037040938581255	0.11993866160913969
194.01100550275137	0.060186728005076726	0.11986216200525077
194.144072036018	0.060197232417452555	0.1205028776312279
194.27713856928463	0.0604595882872625	0.12040037887969358
194.41020510255126	0.06044797159230513	0.12101713767026144
194.54327163581792	0.060363854240588745	0.1215352698113829
194.67633816908454	0.060779408252747046	0.12076182983475743
194.80940470235117	0.061211650249112716	0.12097008814589115
194.9424712356178	0.06115716589792794	0.12084038399950914
195.07553776888443	0.061274046421366815	0.12158614822624637
195.20860430215106	0.06080530861603272	0.12133099216805254
195.34167083541772	0.060944706926484356	0.1212507624034264
195.47473736868434	0.0611150517333861	0.12159437412433552
195.60780390195097	0.06104746575907614	0.12182878464704544
195.7408704352176	0.0611787644333593	0.12156245651229579
195.87393696848423	0.06125103096377949	0.12182162271882703
196.00700350175086	0.06116828968381749	0.12205134194494445
196.14007003501752	0.061052249347292496	0.12183909551218063
196.27313656828414	0.061365431962248376	0.12179794385369823
196.40620310155077	0.06139565870329632	0.12181797333415922
196.5392696348174	0.06130703076445018	0.12162104262996866
196.67233616808403	0.06128699802437433	0.12110915381529497
196.80540270135066	0.06111724944757419	0.1211633485914859
196.93846923461732	0.06082339414321071	0.12103901663715232
197.07153576788394	0.06090538384257153	0.12109977967568103
197.20460230115057	0.06087345338475258	0.12104844166831935
197.3376688344172	0.06128875124896903	0.12123946539516978
197.47073536768383	0.06139873478877468	0.12150973423845081
197.60380190095046	0.06157963054690555	0.12173397728687317
197.73686843421712	0.06164503693027687	0.1212981047096189
197.86993496748374	0.06168806229264594	0.12093393587568664
198.00300150075037	0.06154381317591685	0.12057776294115569
198.136068034017	0.06154182532676563	0.12067269433391165
198.26913456728363	0.06160821262606176	0.12068323692395212
198.40220110055026	0.06143938128271493	0.12026955710789752
198.53526763381691	0.06090689955088039	0.12021285784479634
198.66833416708354	0.060842428938444285	0.12010748967916635
198.80140070035017	0.06056360652871041	0.12002528757275654
198.9344672336168	0.06005858298769418	0.11986581790415375
199.06753376688343	0.06002425122467118	0.12008100198425703
199.20060030015006	0.0598674469840246	0.120045443927511
199.33366683341671	0.05997913460260253	0.11995887435228253
199.46673336668334	0.059820269829570866	0.11972808214395124
199.59979989994997	0.05971199305612015	0.11944044153254638
199.7328664332166	0.059517480516486726	0.1192345489297174
199.86593296648323	0.059626445002067985	0.11937273104256546
199.99899949974986	0.05975934152518741	0.11972794248541749
200.1320660330165	0.05958826821306292	0.11930469230096855
200.26513256628314	0.059759955108473845	0.11929774154658622
200.39819909954977	0.05991590025383557	0.1193742189845465
200.5312656328164	0.06036446451520553	0.11949695740622462
200.66433216608303	0.06068896626792567	0.11938680988797917
200.79739869934966	0.060901929235136494	0.11929214853341666
200.9304652326163	0.06118263135903914	0.11944581041221695
201.06353176588294	0.061017459326435604	0.11964931920333591
201.19659829914957	0.06088835396873366	0.12019326258332033
201.3296648324162	0.06090215109210083	0.11978817032309763
201.46273136568283	0.06129543710245508	0.11970333470323201
201.59579789894946	0.06164381731076041	0.11928311589209002
201.7288644322161	0.06142545221088839	0.11923046479362144
201.86193096548274	0.06143630531305702	0.11908247371528813
201.99499749874937	0.06150063625737442	0.119314518447668
202.128064032016	0.06094587009399508	0.1190858404181352
202.26113056528263	0.061039743066593315	0.11859851107509874
202.39419709854926	0.06107398566472796	0.1189682238021026
202.5272636318159	0.06120993629501917	0.11887702172453765
202.66033016508254	0.06133993754199847	0.11865381979938856
202.79339669834917	0.06151979680794648	0.11885165873815996
202.9264632316158	0.06121210764782509	0.11898711119502653
203.05952976488243	0.061285716789858447	0.1186093863790592
203.19259629814906	0.06140686506302334	0.11872310073864159
203.3256628314157	0.06136435377493657	0.11857419120620653
203.45872936468234	0.06145487629663762	0.11836252794971404
203.59179589794897	0.06133437317990887	0.11829868045886009
203.7248624312156	0.061039290415039464	0.1186370819064276
203.85792896448223	0.06110254221529985	0.11865998173699031
203.99099549774886	0.06076349485976127	0.11913730664807928
204.1240620310155	0.06072464509486944	0.11939744358679973
204.25712856428214	0.060729472230525786	0.11931116716649849
204.39019509754877	0.06086287009049342	0.11935867162402895
204.5232616308154	0.06098364633770776	0.11893422296755121
204.65632816408203	0.06099808847504851	0.11903804576760231
204.78939469734868	0.060646425307467694	0.11894482653242398
204.9224612306153	0.06058947663295847	0.11837881737324321
205.05552776388194	0.060844617717721185	0.11831020687101217
205.18859429714857	0.06090313800842011	0.11857434520304742
205.3216608304152	0.06080453327414266	0.1190576445838971
205.45472736368183	0.0607107523901922	0.11900963964517548
205.58779389694848	0.06093197585587706	0.11916971488076956
205.7208604302151	0.06095715009959944	0.1197749701114013
205.85392696348174	0.0610421451653513	0.12006132723034603
205.98699349674837	0.06101186414261152	0.12007132241854544
206.120060030015	0.06088544980354022	0.12034896139395111
206.25312656328163	0.061118963733146014	0.11998153120742344
206.38619309654828	0.06086254842424998	0.11958612216863797
206.5192596298149	0.06081050639506677	0.11968542559688089
206.65232616308154	0.06053811094091648	0.11952217493511672
206.78539269634817	0.06052806108703804	0.1195886253774166
206.9184592296148	0.060182452866273994	0.11955503028149518
207.05152576288143	0.06014182197769121	0.11904866256115985
207.18459229614808	0.060042981529375275	0.11910578829135096
207.3176588294147	0.060087695698904785	0.11935448653905305
207.45072536268134	0.05993662619223657	0.11939691036005715
207.58379189594797	0.05997068175717014	0.11935585656483054
207.7168584292146	0.05967981518311657	0.11996171821985566
207.84992496248123	0.05966304882219917	0.1201769276346763
207.98299149574788	0.05948311518238265	0.12015656905731702
208.1160580290145	0.05931802692198401	0.12044062943606354
208.24912456228114	0.05916703956729955	0.1203570686597673
208.38219109554777	0.05925410731420346	0.12082108089369437
208.5152576288144	0.059225865704350344	0.12118225398308269
208.64832416208102	0.059533033396820326	0.1214216353887297
208.78139069534768	0.059645643795707276	0.12184902127630692
208.9144572286143	0.05972989659757279	0.12186151888088438
209.04752376188094	0.0598096134055741	0.12168951478678697
209.18059029514757	0.05988269131881542	0.12177956773247997
209.3136568284142	0.05986688926010742	0.12187842662510238
209.44672336168082	0.059923047846634374	0.12171475145148085
209.57978989494748	0.05990425143976331	0.12188578184290977
209.7128564282141	0.05988332259736328	0.12211955346712368
209.84592296148074	0.060035977474742784	0.12242125666841498
209.97898949474737	0.059610863393186685	0.12261104876988452
210.112056028014	0.060013318997296755	0.12274016208850126
210.24512256128062	0.060418669152849915	0.122926559572893
210.37818909454728	0.06069913032000146	0.12343078011567789
210.5112556278139	0.0608209676366437	0.12336945366918453
210.64432216108054	0.060600415913582055	0.12407424456106259
210.77738869434717	0.0604782366690705	0.1243704090557581
210.9104552276138	0.060422285163973896	0.12457901341519315
211.04352176088042	0.06062904735158652	0.12433149739969852
211.17658829414708	0.06048204869900475	0.12453824135452979
211.3096548274137	0.06067101405738512	0.12479569340463256
211.44272136068034	0.06078428354784309	0.12462365165516218
211.57578789394697	0.060775340481601284	0.12469959869168219
211.7088544272136	0.060937978676011764	0.12441001475846443
211.84192096048022	0.060886568593023396	0.12408681455627275
211.97498749374688	0.06105617669698606	0.12401060589136019
212.1080540270135	0.061198532880182364	0.12424303340380936
212.24112056028014	0.06112694660155721	0.12466226755047323
212.37418709354677	0.06102156253712087	0.12504201122604944
212.5072536268134	0.0607041063251262	0.1244325659783268
212.64032016008002	0.06072487567449694	0.12434632837016325
212.77338669334668	0.06074342309737668	0.12436423307392933
212.9064532266133	0.06056061323260563	0.12432950117778843
213.03951975987994	0.060911950099397066	0.12456213115968483
213.17258629314657	0.06110261733125426	0.12431014341286051
213.3056528264132	0.06095533194111932	0.12444670488741172
213.43871935967982	0.06093127505310313	0.1245521489288739
213.57178589294648	0.060974595454897744	0.12493013082633163
213.7048524262131	0.06036085763834702	0.12520020502712237
213.83791895947974	0.06032052636783857	0.12451789309338415
213.97098549274637	0.060526442932977605	0.12426538203790422
214.104052026013	0.060642271837626306	0.12441440466870186
214.23711855927962	0.060515136192331474	0.12418589186799626
214.37018509254628	0.06022318927901752	0.12396227823648528
214.5032516258129	0.059894096034686144	0.12406160801441711
214.63631815907954	0.05995865078978611	0.12379987420118052
214.76938469234616	0.06013216385406264	0.12367006668517005
214.9024512256128	0.060240562422855845	0.12352754037300032
215.03551775887942	0.0604073877304295	0.12366583345545515
215.16858429214608	0.06058450136804236	0.12368327083534532
215.3016508254127	0.0607488704849514	0.12350671488643362
215.43471735867934	0.060633143783592386	0.12344943956499327
215.56778389194596	0.06050490533818461	0.12365478638290499
215.7008504252126	0.06044438359826103	0.12332754698425612
215.83391695847922	0.06065219922568103	0.12283783427850764
215.96698349174588	0.060448924750565236	0.12314850643742441
216.1000500250125	0.060109001016890776	0.12300102244758576
216.23311655827914	0.05977835671246345	0.12301873453865766
216.36618309154576	0.05990134979236964	0.12242339442740435
216.4992496248124	0.060178392454943316	0.12296068920858719
216.63231615807902	0.06058569228836414	0.12299332699364145
216.76538269134568	0.06073377407796711	0.12276239719093507
216.8984492246123	0.06089652336843356	0.12266820176917409
217.03151575787894	0.06078894759527306	0.12248985568471189
217.16458229114556	0.0607074427661262	0.12284876074441134
217.2976488244122	0.060912582850060855	0.12324498366907138
217.43071535767882	0.06083685108271517	0.123292012002923
217.56378189094548	0.0609094912896998	0.1232768953062065
217.6968484242121	0.061107960414955594	0.12376491210180103
217.82991495747874	0.060927759588754175	0.12422192163555117
217.96298149074536	0.06083233109228873	0.124208546007494
218.096048024012	0.06087845383660375	0.12409280018502598
218.22911455727862	0.06071530458089517	0.12384581159596675
218.36218109054528	0.06085016555823553	0.12413053523127239
218.4952476238119	0.06073037093919859	0.1237836735995225
218.62831415707853	0.06085401019715185	0.12382644445185417
218.76138069034516	0.06131135789085492	0.12394264041502102
218.8944472236118	0.06118957748984023	0.1237410226744802
219.02751375687842	0.060718615873379185	0.12375276352376927
219.16058029014508	0.060613717368595464	0.12348617339329693
219.2936468234117	0.06062137154602675	0.12311660891786654
219.42671335667833	0.060621944623436154	0.1230431463980797
219.55977988994496	0.06062425537653627	0.12317429419291026
219.6928464232116	0.06078655861140904	0.12346713407366333
219.82591295647822	0.06063998496627988	0.12393601100909545
219.95897948974488	0.06029973567561527	0.1240982347070057
220.0920460230115	0.06046311019739512	0.12473213735826687
220.22511255627813	0.06035415444314025	0.12469574805040422
220.35817908954476	0.06023713846676858	0.12456006808878757
220.4912456228114	0.060527370944991145	0.12412158301834252
220.62431215607802	0.06044192270011156	0.1239502289723438
220.75737868934468	0.060540751655918344	0.12380928296968093
220.8904452226113	0.06089265012043325	0.12350839143260935
221.02351175587793	0.060955021574911936	0.12321557073391975
221.15657828914456	0.06100290881227033	0.12296306907107891
221.2896448224112	0.061155849860461305	0.1229710898630023
221.42271135567785	0.0615970969056419	0.12277279627342313
221.55577788894448	0.06137330463372924	0.12232664265400536
221.6888444222111	0.061548053357679405	0.12227288422253914
221.82191095547773	0.06119348532600862	0.12218174154951465
221.95497748874436	0.06135541452711852	0.1217827992828429
222.088044022011	0.06131202251065465	0.12186755590972671
222.22111055527765	0.06126364489879536	0.122011687562144
222.35417708854428	0.0611787758906025	0.12218016293642943
222.4872436218109	0.06101424529090072	0.12187520723824315
222.62031015507753	0.06103904450507241	0.12170425630702683
222.75337668834416	0.06137254034669546	0.12170183129368142
222.8864432216108	0.061013423860147735	0.12155805633535634
223.01950975487745	0.06090267579761995	0.12186926689931893
223.15257628814408	0.06064004370458175	0.12178592019483826
223.2856428214107	0.06080197584932717	0.1217639549088004
223.41870935467733	0.06088579954767996	0.12217579897083869
223.55177588794396	0.06092704465087356	0.12196093856563697
223.6848424212106	0.060918736073104135	0.12218157285024889
223.81790895447725	0.06105827193309913	0.12161260969060995
223.95097548774388	0.06095580870528231	0.1215938331164939
224.0840420210105	0.06112197309186512	0.12179718870437543
224.21710855427713	0.06110711973425567	0.12217841260205883
224.35017508754376	0.0606980698067721	0.12244326826041917
224.4832416208104	0.060302813017814004	0.1227425800794736
224.61630815407705	0.06043632925980109	0.12300053270903215
224.74937468734367	0.06049917188259943	0.1231801365487798
224.8824412206103	0.060635122610638956	0.12308325840490662
225.01550775387693	0.060584163664158856	0.12271482781535051
225.14857428714356	0.060871181808275006	0.12273243752970714
225.2816408204102	0.06082638370396567	0.12296749450231613
225.41470735367685	0.06051398771751519	0.12302710465823935
225.54777388694347	0.060700253584715896	0.12300777094130386
225.6808404202101	0.06043302949926487	0.1223317263063962
225.81390695347673	0.06024871075269433	0.1223568402366702
225.94697348674336	0.06018229220577175	0.12268360910054406
226.08004002001	0.0600190311822642	0.12294742853090215
226.21310655327665	0.06044722079902388	0.12315926178786081
226.34617308654327	0.06032475384720419	0.1228874118313031
226.4792396198099	0.06029384698040634	0.12321281447958254
226.61230615307653	0.060327731262656656	0.12335713954923683
226.74537268634316	0.060187102862860935	0.123128255260111
226.8784392196098	0.060519635103705664	0.12387393995543751
227.01150575287645	0.06070762493250543	0.12421885143539296
227.14457228614307	0.060701926937927544	0.12436123481346784
227.2776388194097	0.06084719148787737	0.1245262128318763
227.41070535267633	0.061043016861874556	0.12476837944151505
227.54377188594296	0.060617744137412236	0.12443810502070815
227.6768384192096	0.060642609162777264	0.12435213699122856
227.80990495247624	0.060401467213090455	0.12457806367795402
227.94297148574287	0.060461240063415904	0.12422479707359307
228.0760380190095	0.06027412977285909	0.12454867498402772
228.20910455227613	0.06026019008814293	0.12463156386227615
228.34217108554276	0.060417733362048406	0.12449495000593816
228.4752376188094	0.060072577933957524	0.1245572573093257
228.60830415207604	0.0601933738264402	0.12428493223910267
228.74137068534267	0.060222508843359245	0.12446949934576361
228.8744372186093	0.06028715901843544	0.12403548547097973
229.00750375187593	0.060103260656555	0.12327272069778461
229.14057028514256	0.059584020171306436	0.12318646869347027
229.2736368184092	0.05920576954848884	0.1233092648835242
229.40670335167584	0.05909372258251736	0.12307680807427622
229.53976988494247	0.05883046880529458	0.12290744148350759
229.6728364182091	0.058840162289253206	0.1232256631256404
229.80590295147573	0.05903500874200925	0.12345441322067635
229.93896948474236	0.05877473142680254	0.12337086766659855
230.072036018009	0.05896854631072349	0.12337567034355927
230.20510255127564	0.05901722409969206	0.1228380736273683
230.33816908454227	0.05902495747206313	0.1223323201678686
230.4712356178089	0.05952172796103829	0.12234115782468918
230.60430215107553	0.05942281646127274	0.12268678810341982
230.73736868434216	0.05949431613136448	0.12332096178557939
230.8704352176088	0.059502186706579405	0.12301607524502266
231.00350175087544	0.05944314666636599	0.12297877822002737
231.13656828414207	0.059510476458482356	0.12302176359068577
231.2696348174087	0.05946669117323855	0.12352624689732385
231.40270135067533	0.05954060581659953	0.12373855878366309
231.53576788394196	0.05939733894299103	0.12381223652692798
231.6688344172086	0.05964790105003918	0.1239480986590402
231.80190095047524	0.059549303895884524	0.12371517649505835
231.93496748374187	0.05964173366956049	0.12348442275499445
232.0680340170085	0.059774267215146504	0.12327780697091571
232.20110055027513	0.05984752154249679	0.1235022620388775
232.33416708354176	0.06030787559043477	0.12370025078164727
232.4672336168084	0.06016518110034035	0.12349067654878726
232.60030015007504	0.06044932723378251	0.12316491324478439
232.73336668334167	0.06087278403606388	0.12396740560595466
232.8664332166083	0.061414335697060354	0.12351698454769966
232.99949974987493	0.06190049588804547	0.12361194669298174
233.13256628314156	0.06221238327978905	0.12369634186037988
233.26563281640819	0.06227890399301247	0.12354115959927311
233.39869934967484	0.061955732334078355	0.1237085627583879
233.53176588294147	0.061691466274075395	0.12361088495913462
233.6648324162081	0.06203227315376482	0.12347276077880319
233.79789894947473	0.0619052279058471	0.12337108130404421
233.93096548274136	0.061593019603973904	0.12373961925813981
234.06403201600799	0.06153191545822278	0.12400173833203569
234.19709854927464	0.06140560251121697	0.12423332547098127
234.33016508254127	0.06110512052388094	0.12397113910234293
234.4632316158079	0.06114864594743436	0.12401415957623786
234.59629814907453	0.061402685803178446	0.1243649706634954
234.72936468234116	0.06167526591171693	0.12434480824134181
234.86243121560778	0.0616260597437183	0.12443943114608771
234.99549774887444	0.061974832024593224	0.1243783296907613
235.12856428214107	0.06207582008999774	0.12397212151559416
235.2616308154077	0.06191141874616835	0.12401696267802217
235.39469734867433	0.06193688491903477	0.1243257879653943
235.52776388194096	0.06171860595258673	0.12426674218289613
235.66083041520758	0.06177303670840197	0.12418236707325325
235.79389694847424	0.06163688188988205	0.12403253073807195
235.92696348174087	0.061773203297897816	0.12448323928556003
236.0600300150075	0.06113720515531409	0.12444300011752149
236.19309654827413	0.06084438428855116	0.12453660100708965
236.32616308154076	0.06087114266785423	0.12471258779983045
236.45922961480738	0.06105065415416137	0.12467503294931535
236.59229614807404	0.061062565027753465	0.1247030124768663
236.72536268134067	0.06117113422175802	0.12457758922161588
236.8584292146073	0.06135701182377164	0.12491158175452623
236.99149574787393	0.06112357402866191	0.12510887665276127
237.12456228114056	0.061202813209675154	0.1246044587192758
237.25762881440718	0.06119264977215974	0.12512301813192267
237.39069534767384	0.061003875681484986	0.12451018165316237
237.52376188094047	0.06105937222883291	0.1242321031606198
237.6568284142071	0.06093721205117934	0.12410394675517497
237.78989494747373	0.06073914725452393	0.12382405154435396
237.92296148074036	0.06111899848243353	0.12395860262470512
238.05602801400698	0.06106270919210643	0.12442762554183852
238.18909454727364	0.06061957919870018	0.12410390176788921
238.32216108054027	0.06070854026960689	0.12447390906459169
238.4552276138069	0.06084949244130022	0.12413951894982658
238.58829414707353	0.061073473794361816	0.12369609283322976
238.72136068034015	0.06136658093697811	0.12363845008598241
238.8544272136068	0.06119940691291619	0.12357193049056857
238.98749374687344	0.06106462172766561	0.12388587644046156
239.12056028014007	0.06103665620723649	0.12374728500869338
239.2536268134067	0.06071931170132793	0.1239666201705553
239.38669334667333	0.06050253688419347	0.12391811714197738
239.51975987993995	0.06034630765347244	0.12385088390057031
239.6528264132066	0.06026300103156448	0.12438450007517424
239.78589294647324	0.060316983758132936	0.12485077487752011
239.91895947973987	0.06012488385684178	0.12455984225115471
240.0520260130065	0.060127538407447924	0.12464293534964932
240.18509254627313	0.060182264187311554	0.1244504209649714
240.31815907953975	0.06039859240833481	0.12417478508834859
240.4512256128064	0.060173198724214526	0.12490155290267554
240.58429214607304	0.06022433153810606	0.1245492188290438
240.71735867933967	0.060422918469465806	0.1238958407098002
240.8504252126063	0.06062819735380421	0.1236232391928187
240.98349174587293	0.06068982523705522	0.12357556092663943
241.11655827913955	0.0606245289206909	0.12381324214864671
241.2496248124062	0.060619698342744804	0.12389297524247883
241.38269134567284	0.06065079985762733	0.12396621584205188
241.51575787893947	0.06083858336860724	0.12384359197016809
241.6488244122061	0.0606981385714155	0.12382220161512385
241.78189094547272	0.060722831919215334	0.12397411743937164
241.91495747873935	0.0606719957431688	0.12386719064272869
242.048024012006	0.060140826061371416	0.12312692951227253
242.18109054527264	0.059728623261473095	0.1238352887661595
242.31415707853927	0.05970402968412828	0.12397032820910227
242.4472236118059	0.05974474603249323	0.12401761026320202
242.58029014507252	0.059509146267026386	0.12383800324773982
242.71335667833915	0.05939148902349666	0.12432239047640126
242.8464232116058	0.05922865333512347	0.12409118111370475
242.97948974487244	0.0592922783817217	0.1241725142995052
243.11255627813907	0.059163443196321545	0.1237680544343029
243.2456228114057	0.05924171763006123	0.12373499308475022
243.37868934467232	0.05920448416502389	0.12347699540899844
243.51175587793895	0.05931461150494646	0.12416239591174544
243.6448224112056	0.05955109117064469	0.12370696081975158
243.77788894447224	0.05949019243426518	0.12349317833441996
243.91095547773887	0.05965237999734591	0.12349745365637628
244.0440220110055	0.05973342151534123	0.12313563023458848
244.17708854427212	0.05971773407594529	0.12335212782530754
244.31015507753875	0.05964465046272391	0.12372633639414139
244.4432216108054	0.05986759235945135	0.12373564011054011
244.57628814407204	0.06051681037925997	0.1235812258831057
244.70935467733867	0.06073276495728222	0.12384192537679156
244.8424212106053	0.06114682504740753	0.12361512835764799
244.97548774387192	0.061263197072379254	0.1229533792042026
245.10855427713855	0.06126356798798471	0.12288470880234588
245.2416208104052	0.061309343924229	0.12271827962385677
245.37468734367184	0.06154546826201687	0.12305960750757791
245.50775387693847	0.06101157439233788	0.12305485051885574
245.6408204102051	0.06129557618382099	0.12317424169134805
245.77388694347172	0.06115600373112928	0.12285174108804146
245.90695347673835	0.061848071290558644	0.12282468897934062
246.040020010005	0.06169129065223051	0.12249179940696393
246.17308654327164	0.06141740840802976	0.12262701239686168
246.30615307653827	0.06118295221066172	0.12255190949528429
246.4392196098049	0.061660867380074605	0.12271572242765096
246.57228614307152	0.06151227481753991	0.12311677583307987
246.70535267633815	0.06112158223285247	0.12300152431179776
246.8384192096048	0.06068662545311623	0.12342234448990862
246.97148574287144	0.06106140150980064	0.1230525390502446
247.10455227613807	0.06105396447658301	0.12272713242573947
247.2376188094047	0.060916045273075474	0.12284495085597763
247.37068534267132	0.060840021884744466	0.12290867540509895
247.50375187593795	0.06094426745470161	0.1228212668022215
247.6368184092046	0.060979643749363675	0.12318302047534596
247.76988494247124	0.06092150984672749	0.12289985134890061
247.90295147573786	0.06116669957243877	0.12290705503668077
248.0360180090045	0.061104478505513864	0.12313912931896275
248.16908454227112	0.061320189024325664	0.12322745421078662
248.30215107553775	0.06139144007345766	0.12383716287860103
248.4352176088044	0.06210632738243878	0.12371357307139619
248.56828414207104	0.062332893268009004	0.12420987469893949
248.70135067533766	0.06215619123690482	0.12412275153915468
248.8344172086043	0.06218289247602284	0.12436747130509886
248.96748374187092	0.06230574325132513	0.12441737208329195
249.10055027513755	0.06209958403302503	0.12423600825894093
249.2336168084042	0.061926531352788076	0.12425193233696696
249.36668334167084	0.061941969255393636	0.12422652406134392
249.49974987493746	0.061501976664321514	0.12437836681123389
249.6328164082041	0.06155741857141861	0.12431343820935954
249.76588294147072	0.061707743653042435	0.12401637014511109
249.89894947473735	0.061483505461352755	0.12410988168145742
250.032016008004	0.061272585652305256	0.12412974917006425
250.16508254127064	0.06165771627371321	0.12392303951178216
250.29814907453726	0.06130230303175213	0.12404733430789215
250.4312156078039	0.06143541068562429	0.12386407977658764
250.56428214107052	0.061849800935708694	0.12332371810023705
250.69734867433715	0.061893086496829904	0.12367419640010865
250.8304152076038	0.06230634966561347	0.12324952331684402
250.96348174087044	0.0624124378902877	0.12354997169051236
251.09654827413706	0.062424178821688735	0.12418238778923193
251.2296148074037	0.06209627706493801	0.12438825708145987
251.36268134067032	0.06201702461829453	0.12425625055126929
251.49574787393695	0.06191330992766965	0.12429507086974954
251.6288144072036	0.061832030681518164	0.12417987596139399
251.76188094047023	0.06207267148627744	0.12391810543126401
251.89494747373686	0.06200890649320018	0.12416084506881024
252.0280140070035	0.0616163511034153	0.12404358989595199
252.16108054027012	0.061313656696814066	0.12450845257954635
252.29414707353675	0.061248267632661973	0.12418868339387304
252.4272136068034	0.06102343642169343	0.1239429099683255
252.56028014007003	0.06112279323912149	0.1240651827355136
252.69334667333666	0.06115347488901417	0.12420796345063652
252.8264132066033	0.061090870045090596	0.1241222355247513
252.95947973986992	0.06097636496522014	0.12421827552394524
253.09254627313655	0.06105498533000689	0.12446855241879962
253.2256128064032	0.061175747450299627	0.12433674465122539
253.35867933966983	0.06102386764557362	0.12404716220507297
253.49174587293646	0.061058229566376424	0.12442458279775036
253.6248124062031	0.061128711578081765	0.12407440250923835
253.75787893946972	0.06110892347328436	0.12385526983772954
253.89094547273635	0.061105458668630944	0.12389429833826844
254.024012006003	0.061190872714308404	0.12404061449055977
254.15707853926963	0.06132184341552114	0.12427810981833382
254.29014507253626	0.06142095033300162	0.1239136715536944
254.4232116058029	0.06124360877848899	0.1240007232509259
254.55627813906952	0.061267134225387335	0.12479717549575847
254.68934467233615	0.06110171338586645	0.12437958723637034
254.8224112056028	0.06145734082060397	0.12436547913497344
254.95547773886943	0.061126981393749925	0.12412388546723636
255.08854427213606	0.0609821090430517	0.12440513897096103
255.2216108054027	0.06157744383216802	0.12493329657941034
255.35467733866932	0.061641589450366005	0.12472637841639131
255.48774387193595	0.061679239755917915	0.12471585558897692
255.6208104052026	0.061730615752216056	0.1245587506492319
255.75387693846923	0.06163542953799356	0.12405786022514313
255.88694347173586	0.061798557573558434	0.12419271472733606
256.0200100050025	0.061425738253403916	0.12362618400326567
256.15307653826915	0.06156234010418703	0.12356728101137036
256.2861430715358	0.06172585422306401	0.12341122665045944
256.4192096048024	0.061746763040306185	0.12356426821712457
256.55227613806903	0.061919600170977855	0.12339586241441325
256.68534267133566	0.06205878137692724	0.12332158854755719
256.8184092046023	0.06205668044693822	0.12326527589756982
256.9514757378689	0.062212844099019664	0.12286679867395002
257.08454227113555	0.06212964227560898	0.1228113240749436
257.2176088044022	0.06208379889731958	0.12291415497346961
257.3506753376688	0.06207582698460108	0.12311155682636561
257.4837418709355	0.06236543703841544	0.1224672881566536
257.6168084042021	0.062345101811213346	0.12269725541988653
257.74987493746875	0.06248540734788118	0.12250794475888482
257.8829414707354	0.06206830997904096	0.122626975463696
258.016008004002	0.06206070578996755	0.12287486123345023
258.14907453726863	0.06192655023048843	0.12294364019772801
258.28214107053526	0.06204074048607244	0.12291175608836442
258.4152076038019	0.06175211136163448	0.12239970964114492
258.5482741370685	0.061945282879200356	0.12247723822585795
258.68134067033515	0.06178172959173589	0.12239751534902711
258.8144072036018	0.061445495978329254	0.12227908372433648
258.9474737368684	0.06139343790965728	0.12239585595376819
259.0805402701351	0.061523562144221486	0.12196094532431244
259.2136068034017	0.06170197330135421	0.1216670442062306
259.34667333666835	0.06177141993050188	0.12146390439307117
259.479739869935	0.06183362709847896	0.1214423043251997
259.6128064032016	0.062037552881102194	0.12103760404301933
259.74587293646823	0.061842535863191175	0.12021003709145486
259.87893946973486	0.06181531210253565	0.1201973304043127
260.0120060030015	0.06175495615402682	0.12011420653675559
260.1450725362681	0.061465215420101194	0.12008436467664257
260.27813906953475	0.06154540161539105	0.12033153458562042
260.4112056028014	0.061810291409087954	0.12007389787422036
260.544272136068	0.062014506170186716	0.11988817357073202
260.6773386693347	0.061950244979952024	0.12016824314118145
260.8104052026013	0.0619702212396448	0.12050909224516033
260.94347173586794	0.06184718265754007	0.12043711059962064
261.0765382691346	0.06130962859219846	0.12103527243739842
261.2096048024012	0.06146323680791429	0.12097289677518112
261.34267133566783	0.06096204952260627	0.12134691765107884
261.47573786893446	0.060750540036461305	0.12124392964611218
261.6088044022011	0.06103761242823105	0.12132000116384735
261.7418709354677	0.06114783203078122	0.12211538850334784
261.87493746873434	0.06152397711853918	0.12237148340223003
262.008004002001	0.06155233645119604	0.12206636735125449
262.1410705352676	0.061355068203535756	0.12181340828620595
262.2741370685343	0.0610449821550865	0.12219201933287599
262.4072036018009	0.060885670415090624	0.12184216958679395
262.54027013506754	0.06095325771364091	0.12196587978784401
262.6733366683342	0.060797431516705934	0.12223902575929327
262.8064032016008	0.060951367216756244	0.1217758128890769
262.93946973486743	0.06086519926002417	0.12164277444238816
263.07253626813406	0.060690869142003216	0.12117535623225788
263.2056028014007	0.06018112080976592	0.12150139455788314
263.3386693346673	0.06015227699867131	0.12172746093501506
263.47173586793394	0.06050698625102217	0.12170435203517897
263.6048024012006	0.060511433770650366	0.12209820535133
263.7378689344672	0.0602880634946372	0.12263518197481707
263.8709354677339	0.06046395916294225	0.12232712333104377
264.0040020010005	0.060443664219561245	0.1224138689273577
264.13706853426714	0.06031172998612387	0.12221691636265761
264.2701350675338	0.06011047191916422	0.12192895442716654
264.4032016008004	0.06037496133995492	0.12166177543020423
264.53626813406703	0.060421634045073426	0.12159609175334814
264.66933466733366	0.06028758161289359	0.12124094519305016
264.8024012006003	0.060508825291611695	0.12152574082980382
264.9354677338669	0.06046534301827616	0.12218965307240877
265.06853426713354	0.06046524669076011	0.12276809330358474
265.2016008004002	0.060464498760682175	0.12254769063268726
265.3346673336668	0.0607968222753369	0.1224590424675725
265.4677338669335	0.060819434222642424	0.12201644661916343
265.6008004002001	0.06097421357364104	0.1218379398299703
265.73386693346674	0.06106326187103121	0.12236935161848808
265.86693346673337	0.06077531968966694	0.1226798712003679
266.0	0.060930232558139535	0.12285714285714286
