0.0	0.0	0.0
0.1330665332666333	6.645162882384173e-05	6.660222589568705e-05
0.2661330665332666	0.0003106949640018421	0.0005543340039296283
0.39919959979989994	0.0012641223258940354	0.001374869396524369
0.5322661330665333	0.0024389801682145854	0.002727137510434655
0.6653326663331666	0.003991101894520018	0.004189948125868635
0.7983991995997999	0.00591987925322753	0.005896942543837443
0.9314657328664332	0.007935191522586043	0.008004616365333887
1.0645322661330665	0.00946381450646437	0.010863661994788408
1.1975987993997	0.011259446868135577	0.013277160992787073
1.3306653326663331	0.013122802710826413	0.01614383260691137
1.4637318659329663	0.015606135245344039	0.02091218489255135
1.5967983991995998	0.017999461903107725	0.02543300496889966
1.7298649324662332	0.020546937450932303	0.030417217770949738
1.8629314657328664	0.022672242849914554	0.0350799534548188
1.9959979989994996	0.02486812769616763	0.04227076107179407
2.129064532266133	0.027397038265895016	0.049472543794729686
2.2621310655327664	0.030235340824618446	0.05750300704080069
2.3951975987994	0.033000395041174024	0.06625969733942629
2.528264132066033	0.035217385953005984	0.07541733903262052
2.6613306653326663	0.037943308587386454	0.08587572430112478
2.7943971985992997	0.04029335789771417	0.09828976850825745
2.9274637318659327	0.043105824619724696	0.11076398993316827
3.060530265132566	0.045070704834460865	0.1264742004092709
3.1935967983991995	0.047046261486170624	0.14218652761354314
3.326663331665833	0.0494951719040978	0.1594562326290737
3.4597298649324664	0.052635951854635855	0.1788622407040249
3.5927963981990994	0.054830869860017985	0.19901907771953103
3.7258629314657328	0.05798067645765387	0.22114926192244086
3.858929464732366	0.06036666668609293	0.2457450226673026
3.991995997998999	0.06284640202034453	0.2706948313880847
4.125062531265633	0.06481529904541775	0.2955322325054092
4.258129064532266	0.0670817577682284	0.32098763993859225
4.391195597798899	0.06942678030576173	0.3499523300675101
4.524262131065533	0.07150990429273442	0.3795552167814475
4.657328664332166	0.07369964932560309	0.4069126729617311
4.7903951975988	0.07563532779058188	0.4336636397787783
4.923461730865433	0.07826993909310262	0.4607651525969215
5.056528264132066	0.0799865736856597	0.48719937433871047
5.1895947973986996	0.0819494129408581	0.512241798324643
5.3226613306653325	0.08460076260915377	0.5367430652517656
5.4557278639319655	0.08732374555759613	0.5600211471736876
5.588794397198599	0.0885382748488837	0.5811157007630029
5.721860930465232	0.09072043347571054	0.6044060326795316
5.854927463731865	0.09260669361699984	0.624048820332311
5.987993996998499	0.09518338510392131	0.6443888093608552
6.121060530265132	0.0972023318052502	0.6614503597126178
6.254127063531766	0.09887537741094225	0.6780256123533033
6.387193596798399	0.10150907076357316	0.691653555432536
6.520260130065032	0.10424558210257075	0.7062786975491727
6.653326663331666	0.10636146919878182	0.7193046514207202
6.786393196598299	0.10831033082186992	0.7318451552667478
6.919459729864933	0.11033548356022171	0.7413346787595293
7.052526263131566	0.11275425105551515	0.7501840647117651
7.185592796398199	0.11489005577364932	0.7588583786653481
7.318659329664833	0.11666217160943702	0.7661028412688117
7.4517258629314655	0.11851751582150306	0.7742597719197688
7.5847923961980985	0.12019467979357794	0.7808914070150171
7.717858929464732	0.12277366472444176	0.7862575728455053
7.850925462731365	0.12488782648128494	0.7917967684148887
7.983991995997998	0.12677952349024027	0.7946512230884574
8.117058529264632	0.12825169170965003	0.7982649810034713
8.250125062531266	0.13042657504118693	0.8031450852709042
8.383191595797898	0.13210459221014856	0.8056776797630374
8.516258129064532	0.13430080027321545	0.810010871739682
8.649324662331166	0.13686318409775405	0.8139436055580306
8.782391195597798	0.1390641778039126	0.8154299649064818
8.915457728864432	0.14164078814172712	0.8179595066903663
9.048524262131066	0.14315499629396042	0.8200866882781906
9.181590795397698	0.1449738980408535	0.8223633622156605
9.314657328664332	0.1464349027683275	0.8256552867439709
9.447723861930966	0.14828360901415527	0.8277132896183678
9.5807903951976	0.15007565063348235	0.8301266146151933
9.713856928464232	0.15189251566081213	0.8320524511558922
9.846923461730865	0.15359226984235472	0.8321626584381099
9.9799899949975	0.1551896731225352	0.833825534664106
10.113056528264131	0.15699492100516127	0.8357216682344101
10.246123061530765	0.15899120613386258	0.8379338897692197
10.379189594797399	0.16098939313784835	0.8387884348118448
10.512256128064031	0.16289155506681974	0.8397024379342956
10.645322661330665	0.16421466619523822	0.840549303687109
10.778389194597299	0.16663530430325468	0.8417827046564776
10.911455727863931	0.16882875435875533	0.8434061632588786
11.044522261130565	0.17063637398519463	0.8453181845744734
11.177588794397199	0.17214120191098448	0.8457324286792238
11.31065532766383	0.1732411011765306	0.846851486194914
11.443721860930465	0.17522017451514835	0.848801580075131
11.576788394197099	0.1774726041976932	0.8501000936135363
11.70985492746373	0.17983547790735815	0.8507718635829268
11.842921460730365	0.18134727890787083	0.8510300611360474
11.975987993996998	0.18366111403491492	0.8521150983250059
12.109054527263632	0.18541925420113056	0.8515343726122302
12.242121060530264	0.1873747836410192	0.8533202568913099
12.375187593796898	0.1892648537373041	0.8547883951490691
12.508254127063532	0.1912091480284795	0.8556199940060797
12.641320660330164	0.1926124540781762	0.8572874924490517
12.774387193596798	0.1951904443392252	0.8572776133288011
12.907453726863432	0.1968445740678677	0.8586534479545782
13.040520260130064	0.1987490357100149	0.8598121312220937
13.173586793396698	0.20083705956056788	0.8611349303360771
13.306653326663332	0.202906599218198	0.8626200517054711
13.439719859929964	0.20442271694248207	0.8633423408763475
13.572786393196598	0.20561545764859415	0.8622754165353494
13.705852926463232	0.20754622938823117	0.862645630071298
13.838919459729865	0.2092849905185787	0.8627644266849729
13.971985992996498	0.21047868244107668	0.8626327605212015
14.105052526263131	0.2121006895329656	0.8646842364215788
14.238119059529765	0.21391119145578888	0.8650835671660658
14.371185592796397	0.21547648227531838	0.8659254777163271
14.504252126063031	0.2171812538575762	0.8677942444753822
14.637318659329665	0.21911930554355588	0.8690916310389764
14.770385192596297	0.22093026333934745	0.8685736909148157
14.903451725862931	0.2237060484378237	0.8683767006115911
15.036518259129565	0.22576300394572388	0.8674459076824061
15.169584792396197	0.22759927313316838	0.8679726580859468
15.302651325662831	0.2285422967198475	0.8682664881208633
15.435717858929465	0.23067905776316444	0.8682877775746436
15.568784392196097	0.23277470618741447	0.8698806620914217
15.70185092546273	0.23461446361231014	0.8691696231552735
15.834917458729365	0.23676760808793978	0.8693802638988642
15.967983991995997	0.23766308664874378	0.869174028994633
16.101050525262632	0.23895860484452972	0.870926450923046
16.234117058529264	0.24063325000069416	0.8714013970998089
16.367183591795897	0.2430118047642539	0.8702203996818089
16.500250125062532	0.24514321986209203	0.8690239512031953
16.633316658329164	0.2463632358266493	0.8702382331065699
16.766383191595796	0.24845191218812132	0.8718158783999239
16.899449724862432	0.2504066514217201	0.8705770979644556
17.032516258129064	0.2514979023119279	0.8713834400254844
17.165582791395696	0.25336426101616233	0.8715878407096351
17.298649324662332	0.2551990757256414	0.8704959839115137
17.431715857928964	0.25766270034122846	0.8699642120957349
17.564782391195596	0.2599573340976081	0.8698285220313379
17.69784892446223	0.2617219871532368	0.8688295654775552
17.830915457728864	0.2631147803509763	0.8695109556999105
17.963981990995496	0.2640835901671282	0.8711192420856069
18.09704852426213	0.26511439506110235	0.8719302813484076
18.230115057528764	0.26718489170748116	0.8721993263102166
18.363181590795396	0.26870229012964514	0.8721905915803498
18.49624812406203	0.269547070628385	0.8727607661739774
18.629314657328663	0.27117056675434964	0.8723146701506539
18.762381190595296	0.2724075040361404	0.8724204088582102
18.89544772386193	0.27433822098813665	0.8723685995952348
19.028514257128563	0.2760509305498613	0.8717623405370868
19.1615807903952	0.2787876691576317	0.8719125631046347
19.29464732366183	0.2801909909644252	0.871778730431023
19.427713856928463	0.2814580859636541	0.8710607002304511
19.5607803901951	0.2831465391159188	0.8714339050117473
19.69384692346173	0.28500822970921474	0.8708837615724688
19.826913456728363	0.2863334362924604	0.8693380419083627
19.959979989995	0.28704512448882796	0.8696262795885326
20.09304652326163	0.28973004794250207	0.8671732695129605
20.226113056528263	0.2914583590560188	0.8675484568868939
20.3591795897949	0.29321195981356785	0.8686293607184384
20.49224612306153	0.2950303571047063	0.8692023548547169
20.625312656328163	0.2964258929181963	0.8687680228738062
20.758379189594798	0.2978658956456359	0.8691131154132009
20.89144572286143	0.29960784078949076	0.8689432347060125
21.024512256128062	0.301327541899338	0.8694232950936877
21.157578789394698	0.3032168978482148	0.8698533779276452
21.29064532266133	0.30550012676220994	0.8685788857597457
21.423711855927962	0.30660826180929124	0.8691518250276872
21.556778389194598	0.3075290724290372	0.8686027862684187
21.68984492246123	0.3082323007078111	0.8705630662187442
21.822911455727862	0.309289705130274	0.8714490193246662
21.955977988994498	0.31098545878873873	0.8716762370917496
22.08904452226113	0.3124096943722273	0.8723853820268976
22.222111055527762	0.3142133283783553	0.8719769536422666
22.355177588794398	0.31631246512701683	0.8712528842852731
22.48824412206103	0.31663437980757353	0.8713894055397747
22.62131065532766	0.31800975150213256	0.8706750657179739
22.754377188594297	0.32058574810390783	0.8694793909454254
22.88744372186093	0.32092945530928346	0.8705432824179712
23.02051025512756	0.3227959154947505	0.8701495245312572
23.153576788394197	0.32280973081347625	0.8712552666698595
23.28664332166083	0.3245015944195058	0.8709867989972341
23.41970985492746	0.32567229245345564	0.8703888677937792
23.552776388194097	0.3272809819415333	0.8714392209745823
23.68584292146073	0.32862949661202223	0.8705733836702237
23.818909454727365	0.3294826544811476	0.869733020408111
23.951975987993997	0.3307212564179779	0.8706858501930842
24.08504252126063	0.33087338492779	0.871051794174911
24.218109054527265	0.3321712833946502	0.8698661098103369
24.351175587793897	0.33306881573931285	0.8689857516628514
24.48424212106053	0.3349039801233487	0.8691524454569127
24.617308654327164	0.3372126002634655	0.8690139443493257
24.750375187593797	0.3390913479379256	0.8683009727546213
24.88344172086043	0.3398055767051737	0.868627430962751
25.016508254127064	0.34171399109491823	0.8683071413153277
25.149574787393696	0.34245920849890743	0.8688028681707148
25.28264132066033	0.34409333175314466	0.8683979219552055
25.415707853926964	0.3447725721477158	0.8689200076890923
25.548774387193596	0.3454968651368024	0.8678753360458075
25.68184092046023	0.3472712601848669	0.8681991622639779
25.814907453726864	0.3484779099004808	0.8695135256418803
25.947973986993496	0.35076613474135	0.8695080827056726
26.081040520260128	0.35303798271453146	0.869092768757042
26.214107053526764	0.35395752516050405	0.8691520387297066
26.347173586793396	0.35608765933308106	0.8694599674720125
26.480240120060028	0.357182635261109	0.8689650242161975
26.613306653326664	0.3587400478706607	0.8704492099770323
26.746373186593296	0.3597384188707828	0.8710888768510564
26.879439719859928	0.36074938641642046	0.8694333608584939
27.012506253126563	0.36225503444520524	0.8685041365813241
27.145572786393195	0.3644879316985706	0.8677129046996815
27.278639319659828	0.3655642683115571	0.8672442561044351
27.411705852926463	0.3668479253539089	0.8685789673109777
27.544772386193095	0.3677919871400119	0.8684218801952998
27.67783891945973	0.36895613928296106	0.8677078389473298
27.810905452726363	0.36994713114455996	0.8677723144551509
27.943971985992995	0.3710614800081867	0.8677263180756579
28.07703851925963	0.37273962053133636	0.869130236688285
28.210105052526263	0.3737487217478636	0.8695728830687973
28.343171585792895	0.3750296591867792	0.8698928694701107
28.47623811905953	0.37602857484956265	0.870340231313023
28.609304652326163	0.37819256158682846	0.8708869462243478
28.742371185592795	0.3793688626283861	0.8709089497775496
28.87543771885943	0.3789768415651382	0.8713078445921755
29.008504252126063	0.37957113532589076	0.8726468460388198
29.141570785392695	0.3805905319896598	0.8724807498841951
29.27463731865933	0.38259227891292225	0.8720251729023345
29.407703851925962	0.38403092784364035	0.872409107659254
29.540770385192594	0.38471057614346915	0.8721107753873628
29.67383691845923	0.3860325230226981	0.8726691554953353
29.806903451725862	0.3869820557276263	0.8721362835353436
29.939969984992494	0.3888771518923967	0.8728210939922789
30.07303651825913	0.3883708500580083	0.8725761265013605
30.206103051525762	0.38894785166745943	0.8729087141321189
30.339169584792394	0.39095054833164716	0.8713312470459177
30.47223611805903	0.3917392486152409	0.8692994625564969
30.605302651325662	0.39377908322805444	0.8701138854100187
30.738369184592294	0.39528234117291716	0.8700562163029452
30.87143571785893	0.39676240621590253	0.8703961519685202
31.00450225112556	0.3985946114697343	0.8701593785575996
31.137568784392194	0.40008876294580537	0.8704466261301451
31.27063531765883	0.40115061536847807	0.8692409863950162
31.40370185092546	0.40291841782009935	0.869544789966889
31.536768384192094	0.40481701094529543	0.8701282587011062
31.66983491745873	0.40573489780444655	0.8705044105604446
31.80290145072536	0.4059799113838474	0.8719952012820241
31.935967983991993	0.40707225272136127	0.8727960192657161
32.06903451725863	0.40831365777331163	0.8728554113600769
32.202101050525265	0.40902512971118266	0.8729844179828394
32.33516758379189	0.4096335114840592	0.8728027282893027
32.46823411705853	0.410272226994835	0.8722227459601941
32.601300650325165	0.4118698185168255	0.8718066729933138
32.73436718359179	0.4142904082801184	0.8726389450132529
32.86743371685843	0.41527574896834873	0.8728814403365174
33.000500250125064	0.4164523860095008	0.871989207801505
33.13356678339169	0.41848357859772006	0.8729806052916502
33.26663331665833	0.41904357213869453	0.8736469205892614
33.399699849924964	0.41972758162875184	0.8747853851593405
33.53276638319159	0.42048501906773444	0.8749302260050542
33.66583291645823	0.42194200718297786	0.8740642549345511
33.798899449724864	0.42365962514825256	0.8734650817929189
33.93196598299149	0.424737723209021	0.8715140825192401
34.06503251625813	0.42506442954683704	0.871812235352746
34.198099049524764	0.4259672401812601	0.8717729214679143
34.33116558279139	0.4267769124197373	0.8732447705512046
34.46423211605803	0.4280035245021942	0.8726173381551765
34.597298649324664	0.42850489066988356	0.872304284977655
34.73036518259129	0.4295506939217175	0.8706740606723238
34.86343171585793	0.43058693158077904	0.8715675665307904
34.99649824912456	0.4333584012272195	0.8716219175122701
35.12956478239119	0.4349699526918899	0.87148115259126
35.26263131565783	0.43608674700859495	0.8709793267187369
35.39569784892446	0.43834262549868147	0.8707687231418387
35.52876438219109	0.44011510364426165	0.8699135956274283
35.66183091545773	0.4408984915508448	0.8707527775893221
35.79489744872436	0.4409353933146306	0.8723866025662663
35.92796398199099	0.442600088439379	0.8708737107429034
36.06103051525763	0.44341689070926255	0.8721394038743036
36.19409704852426	0.44441450943525623	0.8724618265923016
36.32716358179089	0.44424247469670286	0.8717676226516261
36.46023011505753	0.4452207950030499	0.8710834876871107
36.59329664832416	0.44473251164294597	0.8704448496291324
36.72636318159079	0.44612830477730486	0.8715611035472319
36.85942971485743	0.4470139796497251	0.8718544249162438
36.99249624812406	0.44822200126588163	0.872012074657686
37.12556278139069	0.44923027826676437	0.8708510843184856
37.25862931465733	0.45098378384564763	0.8696846821392701
37.39169584792396	0.45239138160230014	0.8687708848547724
37.52476238119059	0.4534355667615012	0.867241520939878
37.65782891445723	0.45460034616213785	0.867763598337548
37.79089544772386	0.45642493577068005	0.868338231630391
37.92396198099049	0.4587739463569162	0.8682968846120173
38.05702851425713	0.4599374894118926	0.868076494447215
38.19009504752376	0.46202945949794966	0.8677096219120565
38.3231615807904	0.4640161152153488	0.8683473805048058
38.456228114057026	0.46477076091038727	0.8684034054270241
38.58929464732366	0.4656817214010786	0.8682854302194387
38.7223611805903	0.4657714103383153	0.8693127267164215
38.855427713856926	0.4655705671664095	0.8698420682331478
38.98849424712356	0.46672556456236614	0.8708461613656474
39.1215607803902	0.4681382347056159	0.8713857097907347
39.254627313656826	0.46946751817517574	0.8727757478330486
39.38769384692346	0.47097496641665076	0.8718247054164918
39.5207603801901	0.4716447150031569	0.8724822443250351
39.653826913456726	0.4723875737473943	0.8720792728059207
39.78689344672336	0.47364415477649524	0.8710776738728412
39.91995997999	0.47468350215878347	0.872452688615013
40.053026513256626	0.4747853322293589	0.872078197569452
40.18609304652326	0.47616836906534493	0.8713439214101861
40.3191595797899	0.4769594592261648	0.8707783118000885
40.452226113056525	0.47715141421465684	0.871151494085006
40.58529264632316	0.47843968729533126	0.8713764600633926
40.7183591795898	0.47853278941101207	0.8719446131197586
40.851425712856425	0.47923919497558115	0.8726057123774932
40.98449224612306	0.4811220214027451	0.8723262330624123
41.1175587793897	0.4819031602664821	0.8729290727504823
41.250625312656325	0.482400187013682	0.8728249043484466
41.38369184592296	0.48351459991238677	0.8716866467814628
41.516758379189596	0.48489035290009497	0.871416350557557
41.649824912456225	0.4865521459934079	0.8700621344209722
41.78289144572286	0.4880775935002359	0.8695905401830456
41.915957978989496	0.48911039191138006	0.8693236590033695
42.049024512256125	0.4897167520348974	0.870041179065357
42.18209104552276	0.4906628224108191	0.8704234330906475
42.315157578789396	0.49165115589198116	0.8713759487690157
42.448224112056025	0.4922131779272979	0.8709582738509858
42.58129064532266	0.4931775374255668	0.8722819685043213
42.714357178589296	0.49306861525971396	0.8727741802096991
42.847423711855924	0.49385505853230266	0.8726248733026624
42.98049024512256	0.49445071083968806	0.8734923573430013
43.113556778389196	0.4951942584990392	0.8733573083264179
43.246623311655824	0.49575604994584616	0.8729815660700007
43.37968984492246	0.4962328198819204	0.8734575561404171
43.512756378189096	0.497452160368672	0.8724096680159921
43.645822911455724	0.4976682109497924	0.8745871399360499
43.77888944472236	0.4997822483886883	0.8744228437664086
43.911955977988995	0.5013844297577721	0.8728343246542907
44.045022511255624	0.501608657921801	0.8730844597182573
44.17808904452226	0.5022800644601898	0.8741051955069846
44.311155577788895	0.5035556043237271	0.8730825967046035
44.444222111055524	0.5041259583377086	0.8729897787401664
44.57728864432216	0.5058335296927694	0.8723059528889142
44.710355177588795	0.5064357267274692	0.871123979585942
44.843421710855424	0.5074766415260685	0.8713883738509626
44.97648824412206	0.508152549687326	0.872344009310025
45.109554777388695	0.5091878939512303	0.8729814924761885
45.24262131065532	0.5096008730962969	0.8732117550224394
45.37568784392196	0.5111944323640418	0.8745335675382537
45.508754377188595	0.5130466136209613	0.8737792816468436
45.64182091045522	0.5150406577960528	0.8729341704336349
45.77488744372186	0.5151977879562438	0.8735243453373528
45.907953976988495	0.5162697170229598	0.8734291141338903
46.04102051025512	0.5182949321832311	0.8730110125121103
46.17408704352176	0.5189638139076294	0.8742399850424191
46.307153576788394	0.5195172169636743	0.8730771469761334
46.44022011005502	0.5204472381921906	0.8738639083646157
46.57328664332166	0.5204935594291079	0.8736980621266587
46.706353176588294	0.5217203452105897	0.8737093753333923
46.83941970985492	0.5226331796695398	0.8756656854384671
46.97248624312156	0.5232635418133647	0.8753890091204056
47.105552776388194	0.5248728104675675	0.8748236753154757
47.23861930965483	0.5256298041673401	0.8734981012210898
47.37168584292146	0.5254245183264685	0.8740458002405831
47.504752376188094	0.5257400325867069	0.87395511869497
47.63781890945473	0.5263484133706515	0.8730208528282005
47.77088544272136	0.5263842535961671	0.8727890660312652
47.903951975987994	0.5267034725535694	0.8727607841237407
48.03701850925463	0.5278381213531558	0.8732294416323806
48.17008504252126	0.5288960200023104	0.8733017234306794
48.30315157578789	0.5284541358563113	0.8731778874204806
48.43621810905453	0.5293025629128891	0.8731240139750215
48.56928464232116	0.5305867571456859	0.8722831536961022
48.70235117558779	0.5315484666755591	0.8718099039590899
48.83541770885443	0.5323293237974288	0.8715154082100156
48.96848424212106	0.5332485966768609	0.8718571079204774
49.10155077538769	0.5344053875664869	0.8711560323248436
49.23461730865433	0.5360191373182986	0.8708558011962686
49.36768384192096	0.5357572420096369	0.8712238841336692
49.50075037518759	0.5362822036948784	0.8705687805703648
49.63381690845423	0.5377624404502584	0.8707830473696033
49.76688344172086	0.5395453617367164	0.8710479433743124
49.89994997498749	0.5407643908855091	0.8714347488422922
50.03301650825413	0.5415736437655753	0.8722014130287841
50.16608304152076	0.5422961583384244	0.8720324934981409
50.29914957478739	0.5430448775997722	0.8716287885403342
50.43221610805403	0.5439894224132065	0.8729093969837041
50.56528264132066	0.545894524750802	0.8722470629816012
50.69834917458729	0.5474497030450656	0.8734752524314034
50.83141570785393	0.5479553670450679	0.8736231923058755
50.96448224112056	0.548528819824704	0.8730581007657041
51.09754877438719	0.5494502255675693	0.8731323786480861
51.23061530765383	0.5494974413921759	0.8732321694468169
51.36368184092046	0.5503330860304669	0.8731636308045639
51.49674837418709	0.5517295022256001	0.8723279198581444
51.62981490745373	0.5536098478061661	0.8719531824113403
51.762881440720356	0.5531061894583313	0.8721736640236019
51.89594797398699	0.554385626099812	0.8715521773572649
52.02901450725363	0.5555049640226153	0.8724705543007449
52.162081040520256	0.5554976366300822	0.8726597583266219
52.29514757378689	0.5561190741567653	0.8721146807765764
52.42821410705353	0.5576790189178548	0.8735212635335792
52.561280640320156	0.5589392791071959	0.8746079632124014
52.69434717358679	0.5589536070861791	0.874050689338821
52.82741370685343	0.5600337228083189	0.8739752544126702
52.960480240120056	0.5602418543479789	0.8735426002219355
53.09354677338669	0.5616569571819336	0.8730187632653708
53.22661330665333	0.5632036775698758	0.8723056877402122
53.359679839919956	0.5642960114922373	0.8735524530842838
53.49274637318659	0.5646258877119732	0.8726991268648101
53.62581290645323	0.565001244703215	0.8716415322883101
53.758879439719855	0.5665317821094346	0.8715336329319584
53.89194597298649	0.5669203293473808	0.8718930205062674
54.02501250625313	0.5683745925660469	0.8731027239958643
54.158079039519755	0.5690655560827517	0.8724202812127526
54.29114557278639	0.568253416659392	0.8723071759730171
54.42421210605303	0.5695147124680785	0.8715056843025633
54.557278639319655	0.5704363758290764	0.8705813830652614
54.69034517258629	0.5712964924181799	0.8704095454445616
54.823411705852926	0.5711109349962662	0.8701273410657414
54.956478239119555	0.5703351947401876	0.870253654585905
55.08954477238619	0.5717748062317298	0.8697081248000746
55.222611305652826	0.5726891610481942	0.8692654013724167
55.35567783891946	0.5733922297442346	0.8697809209551404
55.48874437218609	0.5737849643259165	0.870308556641338
55.621810905452726	0.5737353386726415	0.8697024286051709
55.75487743871936	0.5731550142520567	0.869636012365542
55.88794397198599	0.5739805320199163	0.8703550547448805
56.021010505252626	0.5751484532154154	0.8690729315423941
56.15407703851926	0.5773474668877648	0.8691205999183504
56.28714357178589	0.578076586999255	0.8705511943732198
56.420210105052526	0.5790480641751083	0.8703763410820854
56.55327663831916	0.5789477745562646	0.8711160900615136
56.68634317158579	0.5790786721896835	0.872574073444921
56.819409704852426	0.5799611456007878	0.8720931340279484
56.95247623811906	0.5808385570335017	0.8710880869445443
57.08554277138569	0.5816771263446225	0.872169024061051
57.218609304652325	0.5821401821321633	0.8726459461352076
57.35167583791896	0.5833627209991671	0.8714376340037284
57.48474237118559	0.5844646201748789	0.8707166867867839
57.617808904452225	0.5849095988532806	0.8711700093949177
57.75087543771886	0.58524622962545	0.8709650822477066
57.88394197098549	0.5861057621915114	0.8716693774081788
58.017008504252125	0.5875366592431255	0.8716783323205625
58.15007503751876	0.5894069556210301	0.8710896495963812
58.28314157078539	0.5887367474847831	0.8712091536836127
58.416208104052025	0.5894917417983839	0.8726720323493441
58.54927463731866	0.589801652032464	0.8721191136128263
58.68234117058529	0.5894561507451227	0.8724084162374043
58.815407703851925	0.5890291080879771	0.8715934894052386
58.94847423711856	0.590348894822474	0.8724830281861452
59.08154077038519	0.5901947326334841	0.8720853587844549
59.214607303651825	0.5900915009027464	0.8717787158677108
59.34767383691846	0.5901930123953907	0.873067848103963
59.48074037018509	0.5904995801923307	0.8728380917464783
59.613806903451724	0.590702123329881	0.871327203071742
59.74687343671836	0.5904276793834344	0.8725756285702543
59.87993996998499	0.5904437698384443	0.8728872521561103
60.013006503251624	0.5916671050344638	0.8739369628066249
60.14607303651826	0.5915913510790173	0.8738883068714131
60.27913956978489	0.5913195495616376	0.8745728296475974
60.412206103051524	0.5913265477188334	0.8750247416834519
60.54527263631816	0.5925331241239049	0.8741597138876153
60.67833916958479	0.5935187211904913	0.8750132259119124
60.811405702851424	0.5948459354537092	0.8745787179246892
60.94447223611806	0.5953396445431831	0.8735830951650225
61.07753876938469	0.5957116516435227	0.8745293880689319
61.210605302651324	0.59694521115588	0.8741155582013219
61.34367183591796	0.5974552555280921	0.8746500806940654
61.47673836918459	0.5992392334088422	0.8748777143238464
61.60980490245122	0.6001447250648396	0.8753139407851442
61.74287143571786	0.6004939905346575	0.8741232538855226
61.87593796898449	0.6001130907989998	0.8733175919770195
62.00900450225112	0.6015043062228415	0.8740213010196546
62.14207103551776	0.6016614886860906	0.8746443440822776
62.27513756878439	0.6030420262888219	0.8744577784949173
62.40820410205102	0.6037112003522161	0.8744806669500722
62.54127063531766	0.6048534265666409	0.8751322895289902
62.67433716858429	0.6046960152566778	0.8740181680442467
62.80740370185092	0.6051346482196689	0.8740340094967733
62.94047023511756	0.6069687870845788	0.8740731073421735
63.07353676838419	0.6071333829602373	0.8735284906835536
63.20660330165082	0.6071325126880014	0.8724613505768638
63.33966983491746	0.6079473475604898	0.8732084055142812
63.47273636818409	0.6085501913515835	0.873428831390433
63.60580290145072	0.6091435681422829	0.8730218878832916
63.73886943471736	0.6096076756305453	0.8728077676477759
63.87193596798399	0.6106963161862808	0.8737697884955653
64.00500250125063	0.6119314283836549	0.8734559002920578
64.13806903451726	0.6125753786468356	0.8732765751114727
64.27113556778389	0.6129618186899098	0.8739041361703802
64.40420210105053	0.6132170393767543	0.8730045828943948
64.53726863431716	0.6142873253834188	0.8729129250385737
64.67033516758379	0.6144636358986248	0.8738695932721666
64.80340170085043	0.6149760437815904	0.8745337112639301
64.93646823411706	0.6150803167918356	0.8726525831689165
65.06953476738369	0.6163874852592537	0.8723172204926627
65.20260130065033	0.6167534712087211	0.8734082572571996
65.33566783391696	0.6163985719169857	0.8740641768954203
65.46873436718359	0.6166784412804973	0.87527454069856
65.60180090045023	0.6160596847046583	0.8749729378799185
65.73486743371686	0.6160292313882035	0.874540106623525
65.86793396698349	0.6163828686372543	0.874548478497396
66.00100050025013	0.6161987180843815	0.873831674929433
66.13406703351676	0.6183247186983634	0.8732895932367175
66.26713356678339	0.6194028348100513	0.8722403043285734
66.40020010005003	0.6184448998317669	0.872919523985409
66.53326663331666	0.6198391190136805	0.8749933217952808
66.66633316658329	0.6206724158997287	0.8751150558485914
66.79939969984993	0.6201374753223037	0.8751552308298096
66.93246623311656	0.6216822448629914	0.8752556612660966
67.06553276638319	0.6226658105477958	0.8743834058730944
67.19859929964983	0.6244297805674381	0.8739212655079566
67.33166583291646	0.6247039743367696	0.8737342406487639
67.46473236618309	0.6251268058823475	0.8740868271044655
67.59779889944973	0.6261356392593946	0.8744382979620292
67.73086543271636	0.6264877794544592	0.8741697656912766
67.86393196598299	0.6275940219542133	0.8733130489821302
67.99699849924963	0.6284665963237016	0.8723054199028402
68.13006503251626	0.6290434860712335	0.8725270252244945
68.26313156578288	0.6295132808470907	0.8726760403070241
68.39619809904953	0.6295515610306093	0.8724405203056765
68.52926463231616	0.6291865491598416	0.8719890963438843
68.66233116558278	0.6293604927434847	0.8725014056225611
68.79539769884943	0.6296505140503795	0.8727088292442619
68.92846423211606	0.6294240828488574	0.8733360602627424
69.06153076538268	0.6304251253748523	0.8724144760966669
69.19459729864933	0.6311434854231872	0.8713297228989323
69.32766383191596	0.6308195533770475	0.8717315903430002
69.46073036518258	0.6323181310569426	0.8715339359790505
69.59379689844923	0.6321580267165899	0.8709239401617019
69.72686343171586	0.6322271292514805	0.8694316388452923
69.85992996498248	0.6329016313124594	0.8712330474504436
69.99299649824913	0.6334278155861645	0.8716383961662877
70.12606303151576	0.6343972553887862	0.8714177199388352
70.25912956478238	0.6351462913614627	0.8712340248612982
70.39219609804903	0.6350526386444774	0.8705935944056804
70.52526263131566	0.6363391341533992	0.8712281131082238
70.65832916458228	0.6367476141503055	0.8716087014063069
70.79139569784893	0.6375438363658749	0.8721426423958263
70.92446223111556	0.6389365211720064	0.8726641831695999
71.05752876438218	0.638443351709144	0.8741677307949393
71.19059529764883	0.6389926367281299	0.8743691774954098
71.32366183091546	0.6398714067176492	0.8744717153539008
71.45672836418208	0.6406867369740208	0.874569318765662
71.58979489744873	0.6410138951580162	0.8741030629384278
71.72286143071535	0.6418722779744136	0.8734116761494802
71.85592796398198	0.6419711405730852	0.8738502290795666
71.98899449724863	0.64322066763037	0.8743566504947438
72.12206103051525	0.6441614018718892	0.8743280199472198
72.25512756378188	0.6442830739496368	0.8732330166351593
72.38819409704853	0.6446659662966016	0.8728575115908856
72.52126063031515	0.6442791652507731	0.8724519871828774
72.65432716358178	0.6448037657769152	0.873169993399244
72.78739369684843	0.64550050328995	0.8734117244710439
72.92046023011505	0.6444981843215731	0.8726773265187668
73.05352676338168	0.6446462991312085	0.8730107276126498
73.18659329664833	0.6465933312821696	0.8726394025975003
73.31965982991495	0.6479154195349442	0.8734561384818365
73.45272636318158	0.6482219664181719	0.8739114641149897
73.58579289644823	0.6487348224236709	0.8736246009378922
73.71885942971485	0.6493431541532155	0.8724729246440294
73.85192596298148	0.6486246941270257	0.8716301547306592
73.98499249624813	0.6480265295246708	0.8713969579512795
74.11805902951475	0.6483937299851887	0.8718554486268523
74.25112556278138	0.6487500030927142	0.872121335440737
74.38419209604803	0.6493115406620232	0.8731945551413718
74.51725862931465	0.6489347980252838	0.8743123165028504
74.65032516258128	0.6490866395355988	0.8734208320739513
74.78339169584793	0.649461796743061	0.8740459889842039
74.91645822911455	0.6502198552953595	0.8736998993490039
75.04952476238118	0.6508381293615886	0.8738343423349665
75.18259129564782	0.6519171470659251	0.8738998266194413
75.31565782891445	0.6530987214211027	0.8736907098118573
75.44872436218108	0.6542983427191463	0.8733911804383289
75.58179089544772	0.6542374136835438	0.8739799654532944
75.71485742871435	0.6551570525429226	0.8742244123736191
75.84792396198098	0.6557717664554208	0.8748215669578103
75.98099049524762	0.6558139993879669	0.8747063914608653
76.11405702851425	0.6565010507997036	0.8752473740957855
76.24712356178088	0.6574468600010558	0.8747336442540576
76.38019009504752	0.6576279367474048	0.8750050480713043
76.51325662831415	0.6574959277752619	0.873312703513455
76.6463231615808	0.6570640023783384	0.8727244388754408
76.77938969484742	0.6569269580810922	0.874332965761799
76.91245622811405	0.6573099185227391	0.8737281639252814
77.0455227613807	0.6571862650014059	0.8736890715350326
77.17858929464732	0.657711672159798	0.8746609896542024
77.31165582791395	0.6578405816310268	0.8743949810546875
77.4447223611806	0.6581724191955416	0.873500597816691
77.57778889444722	0.6576452400097306	0.8745947627478331
77.71085542771385	0.6588215835722051	0.8749130527474945
77.8439219609805	0.6600302105122676	0.8740191305547478
77.97698849424712	0.6603677016834498	0.8744313326426895
78.11005502751375	0.6609884039378326	0.8751685234792864
78.2431215607804	0.6620124886552735	0.874563566172405
78.37618809404702	0.6630604950409281	0.873568145823021
78.50925462731365	0.6626932265898082	0.8728790887966935
78.6423211605803	0.6628571287360243	0.8732036474214724
78.77538769384692	0.6632112768692663	0.8742054353664948
78.90845422711355	0.6629309747504275	0.8748061606701886
79.0415207603802	0.6644356298316126	0.8739446358958748
79.17458729364682	0.6642702109609118	0.8724402776758816
79.30765382691345	0.6658461430259106	0.8730937785042345
79.4407203601801	0.6667830039103039	0.8736261200946555
79.57378689344672	0.667020268596604	0.873486315495139
79.70685342671335	0.6676405066281473	0.8728521778408246
79.83991995998	0.6677684924261411	0.8716979846898586
79.97298649324662	0.6677716481189283	0.8713767563030976
80.10605302651325	0.6681112075800586	0.8724855550214615
80.2391195597799	0.6673265049642141	0.8726193323667192
80.37218609304652	0.6680225778785399	0.8733316402549968
80.50525262631315	0.6690441062728054	0.8726605608529845
80.6383191595798	0.6690772089234028	0.8710381515715341
80.77138569284642	0.6694256130449098	0.870049082268476
80.90445222611305	0.6687015801355893	0.8704251159947607
81.0375187593797	0.6683707949127714	0.8714673775899158
81.17058529264632	0.6689410944962967	0.8718898209011554
81.30365182591295	0.6693685772313789	0.871047973502984
81.4367183591796	0.6682890537933148	0.8697802794689053
81.56978489244622	0.6677340933404953	0.8695118613220357
81.70285142571285	0.6670260753304668	0.8707749657901878
81.8359179589795	0.6683575221232079	0.8699267964704154
81.96898449224612	0.6686698649865853	0.8699004090864724
82.10205102551275	0.6698225951253108	0.8698396737815156
82.2351175587794	0.670638646204514	0.8687550616786945
82.36818409204602	0.6712928195454052	0.8694336649887346
82.50125062531265	0.671862028225477	0.8693301224911592
82.6343171585793	0.671757595072939	0.8689641913268811
82.76738369184592	0.6732045026505755	0.8697537547713632
82.90045022511255	0.674513766909177	0.869432927421704
83.03351675837919	0.6744826073810855	0.8707129037314483
83.16658329164582	0.6736946800273159	0.871667491399894
83.29964982491245	0.6746168701214834	0.871637820504282
83.43271635817909	0.6759608081675246	0.8718733507152707
83.56578289144572	0.6767945269476577	0.8730255424766442
83.69884942471235	0.6776329496683885	0.873674984745102
83.83191595797899	0.6785881520048184	0.8736760606009578
83.96498249124562	0.6792863357426144	0.872674632160812
84.09804902451225	0.678292966406682	0.871788557871571
84.23111555777889	0.6784706931183783	0.8709515798697444
84.36418209104552	0.6793105798431138	0.8713214764376763
84.49724862431215	0.6795090298983949	0.8722870496004235
84.63031515757879	0.6808703878134186	0.8720641293272248
84.76338169084542	0.681779947078438	0.8716607699138234
84.89644822411205	0.6815537037516166	0.871315517273469
85.02951475737869	0.6814075635153729	0.8700571319472356
85.16258129064532	0.6816649592835323	0.8704193983080978
85.29564782391195	0.6812965984045987	0.8705261835008642
85.42871435717859	0.6826185049999101	0.8705543489657607
85.56178089044522	0.6831502483940027	0.8709307694126112
85.69484742371185	0.6834058325796755	0.8718999426887386
85.82791395697849	0.6836084356812044	0.8717984986015646
85.96098049024512	0.6842801286737923	0.8718902859850222
86.09404702351175	0.6847664066332145	0.8715950748076043
86.22711355677839	0.6857469911767679	0.8714148268777823
86.36018009004502	0.685794126375191	0.8709122671977559
86.49324662331165	0.6854631995723446	0.8706768145048923
86.62631315657829	0.6856384108106308	0.8713251116657186
86.75937968984492	0.6866751906918327	0.8707308293823318
86.89244622311155	0.6866464526249364	0.869724685090374
87.02551275637819	0.6871514457153592	0.8693777494213829
87.15857928964482	0.6872422513106878	0.8698360939841346
87.29164582291145	0.6870648731408593	0.8702686023735073
87.42471235617809	0.6879377523400185	0.8712903880612154
87.55777888944472	0.687362748734967	0.8721698296339779
87.69084542271135	0.6871692260042948	0.8724794370936736
87.82391195597799	0.686665156381938	0.8728562269833521
87.95697848924462	0.6868094555884444	0.8729259430031636
88.09004502251125	0.6871141676176289	0.8720180465553409
88.22311155577789	0.6877539635782918	0.8705608858554199
88.35617808904452	0.6886742817130186	0.8693420704613952
88.48924462231115	0.688564593512329	0.869016051755553
88.62231115557779	0.6898263074379902	0.869460170654012
88.75537768884442	0.6920641205254648	0.870865361023665
88.88844422211105	0.692783180764635	0.8708314667438538
89.02151075537769	0.6937794176328552	0.8707640825830308
89.15457728864432	0.6951000633880635	0.8700343910096705
89.28764382191095	0.6957656959975179	0.8692842315845297
89.42071035517759	0.6967262813847741	0.8689181049420533
89.55377688844422	0.6961776278409033	0.8689307686710751
89.68684342171085	0.6955697098564166	0.8695103242785384
89.81990995497749	0.6952098077454448	0.8694689047064601
89.95297648824412	0.6955553432864183	0.869455209057623
90.08604302151075	0.6958663146097077	0.8702117537010392
90.21910955477739	0.6961856313548138	0.8703994650654229
90.35217608804402	0.6953330544148489	0.8705976456664932
90.48524262131065	0.6967496191960668	0.8713082860438126
90.61830915457729	0.6977064494958756	0.8710134340119134
90.75137568784392	0.6974042470055712	0.8721160861868409
90.88444222111055	0.6980825400990612	0.8709684593177026
91.01750875437719	0.6975978162839629	0.8697321894683562
91.15057528764382	0.6971452010839048	0.8712829861544344
91.28364182091045	0.6979918067072568	0.8719021749638709
91.41670835417709	0.697299959945976	0.8726390052753028
91.54977488744372	0.696949140127304	0.8718554669048476
91.68284142071035	0.6973544143620153	0.8715697724737304
91.81590795397699	0.6982660689472491	0.8724405083388626
91.94897448724362	0.6984041477913638	0.8733362709705734
92.08204102051025	0.6982912264744989	0.8731114636777615
92.21510755377689	0.6988548634301717	0.874152899297441
92.34817408704352	0.6999441687032607	0.8740400903927208
92.48124062031015	0.7011373376335273	0.8725866388075978
92.61430715357679	0.7015709050954225	0.8731101874295101
92.74737368684342	0.7021623445957327	0.8730645369917508
92.88044022011005	0.7018620847741873	0.8738087911994028
93.01350675337669	0.7015808844188485	0.8738069832484345
93.14657328664332	0.7019228267556138	0.8736434822198137
93.27963981990995	0.7023102227300474	0.8750072074416814
93.41270635317659	0.7019055308531182	0.8759143265175505
93.54577288644322	0.702286645548492	0.8769362456223901
93.67883941970985	0.7024570995675435	0.877468588169887
93.81190595297649	0.7027697910717131	0.8778610183570561
93.94497248624312	0.7036950215526316	0.8775114082318224
94.07803901950976	0.7041766650260018	0.8769943564494247
94.21110555277639	0.7042322244132613	0.8781728047392308
94.34417208604302	0.7036518296168984	0.8784809543347003
94.47723861930966	0.7038529258408729	0.8784120258515947
94.61030515257629	0.7059342261128951	0.8794989018017128
94.74337168584292	0.7054438603601404	0.8795994735940157
94.87643821910956	0.7048198986420997	0.8792077783642608
95.00950475237619	0.7048969798585902	0.8787546034831122
95.14257128564282	0.7051008010525877	0.8787806940114948
95.27563781890946	0.7051761458660829	0.878293553901834
95.40870435217609	0.7054141905938894	0.8787818017616971
95.54177088544272	0.705633235695507	0.8778669396478476
95.67483741870936	0.7066047790434183	0.8765548195090963
95.80790395197599	0.7078527324085192	0.8761147539748987
95.94097048524262	0.7087674578279691	0.8758200797699324
96.07403701850926	0.709850596949572	0.8749932178417058
96.20710355177589	0.7106449216631432	0.8743159817059704
96.34017008504252	0.7115770556482114	0.8737422715165243
96.47323661830916	0.7111629131254484	0.8727913941254482
96.60630315157579	0.7104182740343102	0.8742973220083468
96.73936968484242	0.7099993159400909	0.8734265654791398
96.87243621810906	0.7104455372084522	0.8730517562435696
97.00550275137569	0.7115991896338958	0.8727722210755807
97.13856928464232	0.7125149047495047	0.8715648973807576
97.27163581790896	0.712900633314232	0.8708253622160783
97.40470235117559	0.7131750254326827	0.8700154273583025
97.53776888444222	0.7133169577909212	0.8699777785470278
97.67083541770886	0.7134341394469605	0.8706259791733092
97.80390195097549	0.7130001243131682	0.8715872746034607
97.93696848424212	0.7130385473765554	0.8719987869976383
98.07003501750876	0.7130024910272139	0.8720818518105307
98.20310155077539	0.7122225849287184	0.8720755063622108
98.33616808404201	0.7120592981672265	0.8723815221926838
98.46923461730866	0.7128929171657026	0.8723785032222823
98.60230115057529	0.7128944415163176	0.8724616419580784
98.73536768384191	0.713836169404255	0.8711627686821245
98.86843421710856	0.7143193629850021	0.871150621426951
99.00150075037519	0.7147249672848195	0.8714967221892828
99.13456728364181	0.7145440300083542	0.8707418564826408
99.26763381690846	0.7146107507030115	0.8702851511845524
99.40070035017509	0.7148922001848895	0.8694382889831062
99.53376688344171	0.716570840619169	0.8686511833936416
99.66683341670836	0.7166775545236438	0.8678037028788053
99.79989994997499	0.7160249741108169	0.8685856908684559
99.93296648324161	0.7166953385396706	0.8700193385908561
100.06603301650826	0.7170178927962304	0.8703156878687486
100.19909954977489	0.71735659855337	0.8692292082336248
100.33216608304151	0.7169641204370969	0.869405528446382
100.46523261630816	0.7170813427392648	0.8693999178011929
100.59829914957479	0.7180623124949095	0.869335659292769
100.73136568284141	0.7187885826668481	0.8710748402832961
100.86443221610806	0.7189132156071073	0.8712797034784507
100.99749874937469	0.719722200478736	0.8708281829451779
101.13056528264131	0.7193793069337167	0.8706739121138122
101.26363181590796	0.7187965081997024	0.8703300725549888
101.39669834917459	0.7187925879377708	0.8705026158100888
101.52976488244121	0.7182279390215568	0.8699523026269412
101.66283141570786	0.7182175464362389	0.8687977734538969
101.79589794897448	0.7190183575613203	0.8685582572469109
101.92896448224111	0.7201707222263434	0.869939048158196
102.06203101550776	0.7203273154958868	0.8708547157754716
102.19509754877438	0.720535756019422	0.8708067587372379
102.32816408204101	0.7216883180603316	0.8707716877682857
102.46123061530766	0.7216582038113981	0.8719021678313982
102.59429714857428	0.721168357557626	0.8712091661014078
102.72736368184091	0.7218616493437194	0.870787378938921
102.86043021510756	0.7217944210454736	0.8708134279713776
102.99349674837418	0.7212925105084556	0.872554346524897
103.12656328164081	0.7223251256388659	0.8725214219980614
103.25962981490746	0.7223054410242638	0.8712597704480338
103.39269634817408	0.7219054462591278	0.8704036006535262
103.52576288144071	0.7214190364347773	0.8702203102172694
103.65882941470736	0.721628940921994	0.8705621704485872
103.79189594797398	0.7224307921811779	0.8697888897095613
103.92496248124061	0.7233412690842991	0.8696546662453687
104.05802901450726	0.7233633232719842	0.8694029160072583
104.19109554777388	0.7226243752378547	0.8706167177592607
104.32416208104051	0.7231082875872804	0.8710028039688621
104.45722861430716	0.7224865868809823	0.8705756860629099
104.59029514757378	0.7222130104132577	0.8708755822437556
104.72336168084041	0.7239640082715187	0.871398328702348
104.85642821410705	0.7242428927120692	0.8714935550456043
104.98949474737368	0.7247203841291748	0.8720874863195379
105.12256128064031	0.7247360075234069	0.8742460382543584
105.25562781390695	0.7230263807702175	0.8739147335772668
105.38869434717358	0.7235031957784496	0.8731533607085499
105.52176088044021	0.7244890777211711	0.8746959917892109
105.65482741370685	0.7236108266076098	0.8750054314894752
105.78789394697348	0.7235261985540481	0.8743596301354786
105.92096048024011	0.7238554193845373	0.8744274567816225
106.05402701350675	0.7244780452023116	0.8744513318918254
106.18709354677338	0.7240954445964795	0.8737104461937477
106.32016008004001	0.7238936996757456	0.8734255900907937
106.45322661330665	0.7241878234547485	0.8730529472092622
106.58629314657328	0.7244173661376758	0.8721173231628111
106.71935967983991	0.7247308227858118	0.8727266500112781
106.85242621310655	0.7243795640426512	0.873658725757408
106.98549274637318	0.7241802383860257	0.8742746065727371
107.11855927963981	0.725709280439346	0.8730297082366375
107.25162581290645	0.7260126858596789	0.8721067832366832
107.38469234617308	0.7262649912249418	0.8720207853407143
107.51775887943971	0.7273338378644729	0.8728055934741462
107.65082541270635	0.7270515138533864	0.8735843301697321
107.78389194597298	0.727660172696166	0.8711006629579563
107.91695847923961	0.7272665340129874	0.8708948962217695
108.05002501250625	0.7278540617264846	0.8721271074051741
108.18309154577288	0.7289488802733144	0.8719569879776645
108.31615807903951	0.7289309527152761	0.8715821932940355
108.44922461230615	0.7277158904592216	0.8723729360752798
108.58229114557278	0.7273621155397532	0.8721229372142105
108.71535767883941	0.7280296214684598	0.8716158558316511
108.84842421210605	0.7281773010171718	0.8717680321188291
108.98149074537268	0.7271280504581947	0.8709689772267789
109.11455727863931	0.7263149943776143	0.8718155473767517
109.24762381190595	0.7261929109450957	0.8723514446208706
109.38069034517258	0.726409499661173	0.8723253362397426
109.51375687843921	0.7258413146680487	0.8729005848692626
109.64682341170585	0.7257020133344153	0.8723093130381345
109.77988994497248	0.7259304071833563	0.8720101676955488
109.91295647823911	0.7253649323297093	0.874426249355912
110.04602301150575	0.7256406837501347	0.875631658102596
110.17908954477238	0.7257961587522699	0.874596008367119
110.31215607803901	0.7262460985434928	0.8739039799675344
110.44522261130565	0.727000089740534	0.8741075776377719
110.57828914457228	0.7268478063670375	0.874103389511142
110.71135567783892	0.7263924828485828	0.8747715201350185
110.84442221110555	0.7274519741575114	0.8751026799552586
110.97748874437218	0.7281319327586814	0.8736835021522372
111.11055527763882	0.7289947514821518	0.872820830248644
111.24362181090545	0.7295433835575955	0.872209119282461
111.37668834417208	0.7293036894456316	0.8720465707783429
111.50975487743872	0.7297413246125707	0.8717043934679065
111.64282141070535	0.7308619597180438	0.8715722142543096
111.77588794397198	0.7305529317342667	0.871357769651448
111.90895447723862	0.7303900491185376	0.8707115749393836
112.04202101050525	0.7299446064096745	0.8703461165066994
112.17508754377188	0.7297580386860258	0.8695056277014367
112.30815407703852	0.7308022131161698	0.8693166835738789
112.44122061030515	0.7313595391367432	0.8699865809876622
112.57428714357178	0.7318891118916941	0.8697582502193321
112.70735367683842	0.7314239727735512	0.8700281074518148
112.84042021010505	0.7309491008505061	0.8695760185069481
112.97348674337168	0.7312008725815906	0.87088253964913
113.10655327663832	0.7314773088066409	0.8717378472584815
113.23961980990495	0.7311873525665392	0.870143673175596
113.37268634317158	0.7308583030105821	0.8694364673616045
113.50575287643822	0.7302443706036331	0.8690217093424225
113.63881940970485	0.7300555468519495	0.8700773551284727
113.77188594297148	0.7317011266349219	0.8705702210424052
113.90495247623812	0.732526144955881	0.8698406621235186
114.03801900950475	0.7320355531394038	0.8699625014498243
114.17108554277138	0.731828782734576	0.870843633801098
114.30415207603802	0.7318741118596176	0.8720755262949336
114.43721860930465	0.7322988572658591	0.8718160104506834
114.57028514257128	0.7324324953725304	0.8717235041475717
114.70335167583792	0.733022576051104	0.8706539178369038
114.83641820910455	0.732947004312916	0.8709004199409671
114.96948474237118	0.7324293900727816	0.870906585646114
115.10255127563782	0.7321806944640804	0.8693856333557763
115.23561780890445	0.7322662122865256	0.8676474686376782
115.36868434217108	0.7322525886569897	0.8669439013219113
115.50175087543772	0.7325368739280494	0.8673827682515164
115.63481740870435	0.7329268174230467	0.8674001058677419
115.76788394197098	0.7340393420761688	0.8675017216467436
115.90095047523762	0.7352862850623352	0.8670838565576015
116.03401700850425	0.7345652001847295	0.867591764273191
116.16708354177088	0.7347375291994516	0.8687234367952544
116.30015007503752	0.7363453715461683	0.8684114873062383
116.43321660830415	0.7370146314675206	0.8685595688041509
116.56628314157078	0.7373916015293165	0.8702277469745983
116.69934967483742	0.7377785477519773	0.8703847361047247
116.83241620810405	0.737893506418671	0.8709541861018241
116.96548274137068	0.7374366716253631	0.871746458239006
117.09854927463732	0.7381020212608455	0.8716112033793699
117.23161580790395	0.738341937548378	0.8716135799920968
117.36468234117058	0.7379806906555704	0.8709298972415396
117.49774887443722	0.7378213212782719	0.8709798003845232
117.63081540770385	0.738403063088827	0.8707738033126697
117.76388194097048	0.7387374202128597	0.8707065587613283
117.89694847423712	0.7390781821760538	0.8707112093131645
118.03001500750375	0.739961535601646	0.8700318275196932
118.16308154077038	0.7393103373021707	0.8694171565145689
118.29614807403702	0.7390344803727573	0.8695244199748625
118.42921460730365	0.7394235759185979	0.8696438730413512
118.56228114057028	0.7392527981252353	0.8696917593354618
118.69534767383692	0.7394858155753172	0.8709281952264832
118.82841420710355	0.7405156803657185	0.8709468914729731
118.96148074037018	0.7411610319059214	0.8710769142322465
119.09454727363682	0.7406639289793665	0.8714379625639566
119.22761380690345	0.7392533640589585	0.872113085670918
119.36068034017008	0.7384453460353861	0.8726351117531536
119.49374687343672	0.7398208257781079	0.8732914174320918
119.62681340670335	0.7415232694526835	0.8729861795646907
119.75987993996998	0.7418250650820432	0.8722167264021538
119.89294647323662	0.7414232206522886	0.8726441302645477
120.02601300650325	0.7416249840046981	0.871939102914252
120.15907953976988	0.7429221887483336	0.8720604881026244
120.29214607303652	0.743348910479071	0.87189776308645
120.42521260630315	0.7433553990539633	0.8724998915994352
120.55827913956978	0.7430733069637637	0.8731029973220651
120.69134567283642	0.7443717229154955	0.8722844310976603
120.82441220610305	0.7451048926970657	0.8722452025007126
120.95747873936968	0.7438331010125924	0.8732857940566228
121.09054527263632	0.744367238013359	0.8727241072415388
121.22361180590295	0.7445984280562725	0.8719781682723229
121.35667833916958	0.7439143721444563	0.872469032714823
121.48974487243622	0.7448242614836891	0.8735597217326012
121.62281140570285	0.7448140326415041	0.873323585651592
121.75587793896948	0.7446438703129624	0.8724250641539735
121.88894447223612	0.7455825191808846	0.8731715739847992
122.02201100550275	0.7457182082836937	0.8741937655353509
122.15507753876938	0.746534636315924	0.8755209288852213
122.28814407203602	0.7464030555561536	0.8759890709708105
122.42121060530265	0.7453772200796506	0.8741276065960072
122.55427713856928	0.74644661415221	0.8734794949107286
122.68734367183592	0.7483909778483084	0.8737152866500418
122.82041020510255	0.7488137567726184	0.8739499178623062
122.95347673836918	0.7479814030828235	0.8737705286976503
123.08654327163582	0.7481625759238955	0.873333253003491
123.21960980490245	0.7483921415021708	0.873306995953117
123.35267633816908	0.7486310007973999	0.8741941347133823
123.48574287143572	0.7496575748000529	0.8748587020980337
123.61880940470235	0.7491102934114787	0.8749497021731947
123.75187593796898	0.7483065002708874	0.8757302243101878
123.88494247123562	0.7488733526003304	0.8753613334343486
124.01800900450225	0.7491776387141112	0.8749242663343122
124.15107553776888	0.7494894112226141	0.8758528619426341
124.28414207103552	0.7486830533489862	0.8745958578713122
124.41720860430215	0.7483398221510629	0.8732167268396432
124.55027513756878	0.7484563984706797	0.874368632552777
124.68334167083542	0.7480198217775229	0.8740016201162876
124.81640820410205	0.7471901831125976	0.8717058997486132
124.94947473736867	0.7465141039597957	0.8715380571995698
125.08254127063532	0.7456536952971499	0.8718483414664732
125.21560780390195	0.7453642867644683	0.8704780330251215
125.34867433716857	0.7456621518353974	0.8703851022801424
125.48174087043522	0.7445010806920829	0.8701185897088284
125.61480740370185	0.7442910977571071	0.8698356245616814
125.74787393696847	0.7438904948370628	0.8699609196358163
125.88094047023512	0.7446891294336181	0.8694237565724456
126.01400700350175	0.7463360022895004	0.8692643988286827
126.14707353676837	0.7473761688371658	0.8694947731380187
126.28014007003502	0.7487521959724189	0.8682256267876987
126.41320660330165	0.7489289502667194	0.8669543568097734
126.54627313656827	0.7500137847244941	0.8670108054688496
126.67933966983492	0.7503874425682435	0.8665803966637344
126.81240620310155	0.7506541589615807	0.867312151603954
126.94547273636817	0.7512420822483185	0.8681222262012833
127.07853926963482	0.7528083522240546	0.8682882211323523
127.21160580290145	0.7534703672308561	0.8687251962184006
127.34467233616807	0.7528961984450045	0.868901251457386
127.47773886943472	0.7532747822705759	0.8693047057556971
127.61080540270135	0.7527963890881553	0.8699523448466762
127.74387193596797	0.7525461376955294	0.8692160673021699
127.87693846923462	0.7527562446949059	0.8695746993005056
128.01000500250126	0.7516993764367251	0.8707352891188037
128.1430715357679	0.7520499998275397	0.870037726960962
128.27613806903452	0.7540414698023823	0.8694929708515715
128.40920460230114	0.7532922106494736	0.8694868930015454
128.54227113556777	0.7524707746727785	0.8700639234193261
128.6753376688344	0.7525957005666412	0.8705491451107653
128.80840420210106	0.7534169017917814	0.869712409819489
128.9414707353677	0.7543107053183807	0.8690898352006802
129.07453726863432	0.7542835962092316	0.8686824277564531
129.20760380190094	0.7549835303935377	0.8699524797980696
129.34067033516757	0.7547906351766571	0.8705355565250049
129.4737368684342	0.7534642083601875	0.8700540582239765
129.60680340170086	0.7534756894161744	0.8710312780284881
129.7398699349675	0.753992121547612	0.8707922672192787
129.87293646823412	0.7538091737970315	0.8714927244472124
130.00600300150074	0.7534841903529502	0.8721644848284975
130.13906953476737	0.7534630648900051	0.8726003326180586
130.272136068034	0.7542260927859927	0.8727783914465824
130.40520260130066	0.7556473712035575	0.8717440196758903
130.5382691345673	0.756213982094063	0.8716545890637303
130.67133566783392	0.7564711210101972	0.8720232903350494
130.80440220110054	0.7552029063371457	0.8719632146986738
130.93746873436717	0.7546436402633026	0.8723060272343004
131.0705352676338	0.7548780022999679	0.8719214020239641
131.20360180090046	0.7549194712094017	0.8717331690062515
131.3366683341671	0.7559402651139371	0.8714664535680311
131.46973486743371	0.7567849800403057	0.8702718051427478
131.60280140070034	0.7578865790140927	0.869919411513884
131.73586793396697	0.7580241861692197	0.8697260798235401
131.8689344672336	0.7572098787490645	0.8696997896177026
132.00200100050026	0.7567206685158095	0.869995216768769
132.1350675337669	0.7567996843332899	0.8700108606061879
132.26813406703351	0.7561441113319008	0.8700444489148245
132.40120060030014	0.7547991137059095	0.8707225638444123
132.53426713356677	0.7542348747672986	0.87144629912983
132.6673336668334	0.7540297802989372	0.8714090182308676
132.80040020010006	0.7544219740711482	0.8701521474863322
132.93346673336669	0.7549080487278902	0.8716457865847912
133.06653326663331	0.7540015321872257	0.8736437819200907
133.19959979989994	0.754756340724033	0.8726529205138904
133.33266633316657	0.75489519125965	0.8714454782059537
133.4657328664332	0.7548171627987316	0.8696657351883069
133.59879939969986	0.7561668662078913	0.8691484454984104
133.73186593296649	0.7566723175291052	0.8702782548727069
133.8649324662331	0.756261767501506	0.8707119130510506
133.99799899949974	0.7551993026314737	0.8701129100736837
134.13106553276637	0.7545041267910616	0.8695315533872642
134.264132066033	0.7548698660069155	0.8693240115330775
134.39719859929966	0.7548029544648663	0.8698504443916601
134.53026513256629	0.7540695366705119	0.8699247212071389
134.6633316658329	0.755302353866173	0.8687627070049813
134.79639819909954	0.7563480731332674	0.8685737689670394
134.92946473236617	0.7550532465749309	0.8691798349235987
135.0625312656328	0.7546603590026076	0.8701272658660845
135.19559779889946	0.7553115875007232	0.8698756441187899
135.32866433216608	0.7555853884915026	0.8697087714795542
135.4617308654327	0.7563321435851518	0.8695226876048083
135.59479739869934	0.7569056541229072	0.8696789386067479
135.72786393196597	0.7572867550707175	0.8707550172368016
135.8609304652326	0.7573226136563338	0.8705186034284852
135.99399699849926	0.7568322507323005	0.8689185068241481
136.12706353176588	0.7565118324669485	0.8682168240689331
136.2601300650325	0.757731910327891	0.8687815402050508
136.39319659829914	0.7579750619039308	0.8690169271964845
136.52626313156577	0.7567916530776694	0.8691447709137273
136.65932966483243	0.7571452958961363	0.8688458635792754
136.79239619809906	0.7569410274189265	0.868146142055108
136.92546273136568	0.756597011050061	0.8684897532922663
137.0585292646323	0.7566948255914424	0.8692362632697527
137.19159579789894	0.756764133073811	0.8697978352342257
137.32466233116557	0.7571140416358576	0.8702780212532524
137.45772886443223	0.7570229000355154	0.8703996317084044
137.59079539769886	0.7582130740698121	0.8696270781647611
137.72386193096548	0.7586185810603654	0.8678538046075244
137.8569284642321	0.7581749203217669	0.8673628100682977
137.98999499749874	0.7589906459258975	0.8677482737512163
138.12306153076537	0.7594790067490715	0.8679452100448061
138.25612806403203	0.7595911578153917	0.8687655165725651
138.38919459729865	0.7601019709896951	0.8688177591021956
138.52226113056528	0.7615732949809851	0.8679845608968254
138.6553276638319	0.7616399765623408	0.8686129446228261
138.78839419709854	0.7601939480652007	0.868938008069788
138.92146073036517	0.7606331232449037	0.8689054561052911
139.05452726363183	0.7606507042288718	0.8689650971491616
139.18759379689845	0.7603215882523552	0.8692061154357144
139.32066033016508	0.7612573435307778	0.869027605338344
139.4537268634317	0.7620571678171857	0.8680059894551909
139.58679339669834	0.761545850750076	0.8680549202140757
139.71985992996497	0.7612187929345369	0.8677717741361679
139.85292646323163	0.7610653609659555	0.8665899366550952
139.98599299649825	0.7610366466705731	0.866920104639944
140.11905952976488	0.7616683966504537	0.8681348924953802
140.2521260630315	0.7616858518973293	0.8671536564728335
140.38519259629814	0.7615452713774384	0.8666796859921955
140.51825912956477	0.7612369652113791	0.8667916612117443
140.65132566283143	0.760926048483014	0.8661130929150522
140.78439219609805	0.7617723659649794	0.8662724246651435
140.91745872936468	0.7616752541547691	0.8654892060059687
141.0505252626313	0.76151486945937	0.8658248173078673
141.18359179589794	0.762014190747333	0.8673158951202022
141.31665832916457	0.7620638787650027	0.86745468849552
141.44972486243122	0.7613854977276522	0.8678483995006039
141.58279139569785	0.7608414559921886	0.8677200294371232
141.71585792896448	0.7612457547371944	0.8677474280840227
141.8489244622311	0.760784677012114	0.8681598778840346
141.98199099549774	0.7604737904351357	0.8668285905733665
142.11505752876437	0.7601210615573378	0.8660203462672935
142.24812406203102	0.7606850237240979	0.8655044109469447
142.38119059529765	0.7611115372201278	0.8652357901695774
142.51425712856428	0.7613391237968148	0.8666849101813533
142.6473236618309	0.7616720695678746	0.8678039007903378
142.78039019509754	0.7611613955581726	0.8672570314729665
142.91345672836417	0.7611577573492707	0.8672124748421814
143.04652326163082	0.7619644372845322	0.8675743115890328
143.17958979489745	0.7628736886069943	0.869041433819261
143.31265632816408	0.7636917311373331	0.8694841068357027
143.4457228614307	0.7638221845804809	0.8700938555008356
143.57878939469734	0.7635711903470651	0.8711632355668618
143.71185592796397	0.7641670622611023	0.8710109647101933
143.84492246123062	0.7640104578208113	0.8708005510043157
143.97798899449725	0.7639374209234222	0.8696941940767998
144.11105552776388	0.763774080173308	0.8697516796357416
144.2441220610305	0.7634464313574807	0.8714988897078931
144.37718859429714	0.763994236349001	0.8715583224026775
144.51025512756377	0.7636183811042172	0.8702036545601581
144.64332166083042	0.7631336539149006	0.8697907152086988
144.77638819409705	0.7632615307274788	0.869869788127701
144.90945472736368	0.7632832063505053	0.868455203633189
145.0425212606303	0.7642799695588592	0.8679698795897528
145.17558779389694	0.7636906773686979	0.8695660700229847
145.30865432716357	0.7629484681065365	0.8691954984775373
145.44172086043022	0.7638327909017824	0.868483125943962
145.57478739369685	0.7633587724594939	0.8678718789737008
145.70785392696348	0.7630675900287722	0.8672030902511075
145.8409204602301	0.7645209270235632	0.8679563445977102
145.97398699349674	0.7655902671675004	0.8682469876893846
146.10705352676337	0.7655415124685471	0.8686126717051654
146.24012006003002	0.765833502984975	0.8694679928147413
146.37318659329665	0.7662697946121436	0.8694209254307361
146.50625312656328	0.7670410941030892	0.8685904863959603
146.6393196598299	0.7662752022889121	0.8687828920848155
146.77238619309654	0.7656632514164153	0.8689754391055765
146.90545272636317	0.7661108948119625	0.8683749871901618
147.03851925962982	0.7657344559773759	0.8681079224455441
147.17158579289645	0.7671728414471831	0.8677112212597451
147.30465232616308	0.7677088184983452	0.8683727699860226
147.4377188594297	0.7672025876469626	0.8687640253421726
147.57078539269634	0.7677007006362625	0.8693025989861165
147.70385192596297	0.767626769808581	0.86924354310171
147.83691845922962	0.7668127396703415	0.8684566324403165
147.96998499249625	0.767650740443885	0.8685278582245369
148.10305152576288	0.7674305737036538	0.8686516255194764
148.2361180590295	0.7666005034845612	0.8684345744354011
148.36918459229614	0.7661397469546625	0.869905325218014
148.50225112556276	0.766506225138354	0.8712287918766299
148.63531765882942	0.7661711997112612	0.871380101557061
148.76838419209605	0.7656426232558455	0.8713463951467282
148.90145072536268	0.766559906137054	0.8712508748119484
149.0345172586293	0.7665738089151861	0.8709623205483489
149.16758379189594	0.7657601116541347	0.8723333423238934
149.30065032516256	0.7654651080700923	0.8742889401042373
149.43371685842922	0.7660141153584137	0.8745909069089439
149.56678339169585	0.7662610769318589	0.8741935978463063
149.69984992496248	0.7651927552127121	0.873931275225111
149.8329164582291	0.764436538477424	0.8735957617447416
149.96598299149574	0.7633621506493721	0.8752175003452037
150.09904952476236	0.7628782226973654	0.87549405819103
150.23211605802902	0.7645850498850245	0.8748368174307237
150.36518259129565	0.7645970798382912	0.8750152685851024
150.49824912456228	0.7642205090543651	0.875807571649549
150.6313156578289	0.7650658573090964	0.8775480823892076
150.76438219109554	0.7658433332452831	0.8785454558026584
150.89744872436216	0.7655778177567514	0.8783929088448312
151.03051525762882	0.7657709481533443	0.8768356918702824
151.16358179089545	0.7656649624355306	0.8767093705156288
151.29664832416208	0.7654264882220431	0.8781411116388541
151.4297148574287	0.7650109469891102	0.8779813965056869
151.56278139069533	0.7651528900134965	0.8775432832638811
151.69584792396196	0.7656671540088282	0.8776666566350735
151.82891445722862	0.7661089010765767	0.8771410452711879
151.96198099049525	0.7661610199285757	0.8765384814718236
152.09504752376188	0.7663210697223943	0.876561094068107
152.2281140570285	0.7673144639675856	0.8768092622283001
152.36118059029513	0.7680067265995032	0.8767750354678102
152.49424712356176	0.7679229446928098	0.8757894055911276
152.62731365682842	0.7668466975501256	0.8747701818807607
152.76038019009505	0.7675962057697907	0.8744056820622745
152.89344672336168	0.7695201451059211	0.8744318397463863
153.0265132566283	0.7693523112484636	0.8738687291951476
153.15957978989493	0.7698784001245635	0.8728196755630793
153.2926463231616	0.7710913552159244	0.87293624575671
153.42571285642822	0.7711880893650191	0.8734956100184453
153.55877938969485	0.7714053080522072	0.8736952529410406
153.69184592296148	0.7713284870969667	0.8731772519511666
153.8249124562281	0.7710935775965442	0.8718436419053948
153.95797898949473	0.7723936451306675	0.8717339279775126
154.0910455227614	0.773681603012924	0.8710370638832006
154.22411205602802	0.7740104372563252	0.8705287250390219
154.35717858929465	0.7747662095103185	0.8718768940001249
154.49024512256128	0.7747263769643878	0.8718347396038085
154.6233116558279	0.7735286726432555	0.871184795732879
154.75637818909453	0.7737430585812854	0.8709814092203035
154.8894447223612	0.7738120319889131	0.8709545152298841
155.02251125562782	0.7741910374544602	0.8709823477747874
155.15557778889445	0.7757562281534527	0.8714620996328668
155.28864432216108	0.7754184786320483	0.87236217389214
155.4217108554277	0.7737316824329097	0.8735942610425993
155.55477738869433	0.7728424288973008	0.872772085886689
155.687843921961	0.7732488420841187	0.8714388467355001
155.82091045522762	0.7745732430720713	0.8719113286963447
155.95397698849425	0.7748421581796439	0.8717006684454384
156.08704352176088	0.7747397434673247	0.8709977527871409
156.2201100550275	0.7746978879797453	0.8712445500023254
156.35317658829413	0.7754610459722278	0.8717922475741661
156.4862431215608	0.7761116789806578	0.8723621244836479
156.61930965482742	0.7764064089022421	0.8726394187506052
156.75237618809405	0.7752393410722611	0.8725045149452519
156.88544272136068	0.7750270140636416	0.872247066193031
157.0185092546273	0.7749867630945134	0.8710734287973156
157.15157578789393	0.7750895819139321	0.8706659841300078
157.2846423211606	0.7762745731667311	0.8709550390532441
157.41770885442722	0.7764933357677073	0.8704599252216638
157.55077538769385	0.7760586294814988	0.8714049286730722
157.68384192096048	0.775715638792521	0.8725187711239882
157.8169084542271	0.7751549119711906	0.8723576393706152
157.94997498749373	0.7741440243813369	0.8723189257275358
158.0830415207604	0.7725367643880403	0.87294327693993
158.21610805402702	0.7720889783280144	0.8739208068898818
158.34917458729365	0.7723765663204981	0.8731589437560785
158.48224112056027	0.7717242077293786	0.8728221013608551
158.6153076538269	0.7708785510414983	0.8730256856921099
158.74837418709353	0.7713547474242884	0.8726247287293949
158.8814407203602	0.771201517326614	0.872317188911527
159.01450725362682	0.7710220630256575	0.8711298492330141
159.14757378689345	0.7713334885571479	0.869646236536079
159.28064032016007	0.7708849039817889	0.8690485783936992
159.4137068534267	0.7707677563585817	0.8682611337602606
159.54677338669333	0.7721490427249323	0.8680229183994574
159.67983991996	0.7733209716464324	0.8681830626611439
159.81290645322662	0.7736490799996445	0.868729895885924
159.94597298649325	0.7743676568809451	0.8686195333004986
160.07903951975987	0.7744002650780117	0.8685211017880222
160.2121060530265	0.7738962722733879	0.8696393109235203
160.34517258629313	0.7737134638800681	0.8703690620608322
160.4782391195598	0.7737612259500439	0.8700440872082335
160.61130565282642	0.7735635080552342	0.8704060529813138
160.74437218609305	0.7742541825103143	0.8714598106592583
160.87743871935967	0.7740763140610705	0.8716385336878334
161.0105052526263	0.774546288310433	0.8717199230642362
161.14357178589293	0.7750048855562794	0.87191654925832
161.2766383191596	0.7742845331843001	0.8717164062090176
161.40970485242622	0.7746026444707881	0.8715593007778739
161.54277138569284	0.7742209728417473	0.8710934236110965
161.67583791895947	0.7740586368924467	0.8709271642417085
161.8089044522261	0.7748598116453134	0.8705484249673869
161.94197098549273	0.7744514543880542	0.8704751174582066
162.0750375187594	0.7740708748270944	0.8708400448050958
162.20810405202602	0.7747572965822196	0.8710652614709883
162.34117058529264	0.7741687025660627	0.8714906414217193
162.47423711855927	0.7727096403723106	0.8699538437396418
162.6073036518259	0.7727005413257422	0.8680054187626242
162.74037018509253	0.7739107559221637	0.869234283549625
162.8734367183592	0.7736173921571128	0.8697287704548482
163.00650325162582	0.7743290229415127	0.8696708826456776
163.13956978489244	0.7753092254851259	0.8702754754646055
163.27263631815907	0.7753361008189725	0.8715214586478192
163.4057028514257	0.7748654979382988	0.8708497839508076
163.53876938469233	0.7746770022795288	0.871479676181403
163.671835917959	0.7731261224564532	0.8714473875405704
163.80490245122562	0.7728903853319994	0.8710134243998965
163.93796898449224	0.7726368477608341	0.8699764635206131
164.07103551775887	0.7719459839053002	0.8694920843518946
164.2041020510255	0.7725982405882916	0.8700417607226271
164.33716858429213	0.7727326611732264	0.8705874495375207
164.4702351175588	0.7726966973230021	0.8705170054773251
164.60330165082541	0.7737253781681871	0.8706075987402124
164.73636818409204	0.775037615451459	0.8704768003156393
164.86943471735867	0.7749458442043267	0.8708329222144799
165.0025012506253	0.774872863084893	0.8716162626800248
165.13556778389193	0.7742800183407886	0.8705401076078858
165.2686343171586	0.7745068973774135	0.8711571310066166
165.40170085042521	0.7739311431571031	0.8711668767167059
165.53476738369184	0.7734820971201575	0.8705211251907253
165.66783391695847	0.7740888652077378	0.871444492567412
165.8009004502251	0.7747640741895555	0.8710685472149704
165.93396698349173	0.7740604639016787	0.8700406980468214
166.06703351675839	0.7741807704789695	0.8704130115924634
166.20010005002501	0.7743082572241127	0.8709200682687956
166.33316658329164	0.77468213808524	0.8711971597133096
166.46623311655827	0.7757633466618272	0.8707864627518189
166.5992996498249	0.7766096139155968	0.8716679319385923
166.73236618309153	0.7765930072539098	0.871679098809341
166.86543271635819	0.7767309566431396	0.8718115039526251
166.9984992496248	0.7765324854368086	0.8722817340794158
167.13156578289144	0.7761028785741092	0.8717417981703626
167.26463231615807	0.7759125923498555	0.8712041389167418
167.3976988494247	0.7761157575822283	0.8712921350379387
167.53076538269133	0.7755337117791389	0.8696708322233947
167.66383191595799	0.7754987143976667	0.8700684950418106
167.7968984492246	0.776282849846567	0.8715166467185927
167.92996498249124	0.7767597659072947	0.8720771368704439
168.06303151575787	0.7765899192646507	0.8714597273300287
168.1960980490245	0.7761965210383874	0.8724353990675372
168.32916458229113	0.7751254979638572	0.8724360869551359
168.46223111555778	0.7748102750633131	0.8717868491134853
168.5952976488244	0.7755724181011353	0.8722517865975323
168.72836418209104	0.7763403439047027	0.8737223242913664
168.86143071535767	0.776170884329162	0.8741020761731467
168.9944972486243	0.7755882088904282	0.8733059158819951
169.12756378189093	0.7750883840302015	0.8742337523346524
169.26063031515758	0.7746978409163799	0.8743685411329885
169.3936968484242	0.7738564889312161	0.8738386548006374
169.52676338169084	0.77448953568185	0.8743693323028388
169.65982991495747	0.7748478128315565	0.8741345481922524
169.7928964482241	0.7737658050450424	0.8743420643655916
169.92596298149073	0.7743382848614067	0.8736939528230484
170.05902951475738	0.7748470266274029	0.8729480938243414
170.192096048024	0.7749000441371585	0.8734257297909025
170.32516258129064	0.77563082171119	0.8740164028591191
170.45822911455727	0.7754165901742563	0.874522552190746
170.5912956478239	0.7762159988071187	0.8746627327749332
170.72436218109056	0.7750876605110505	0.8732880527278202
170.85742871435718	0.7748837439634657	0.8722948378934127
170.9904952476238	0.775582957493697	0.8738030860332034
171.12356178089044	0.7760457527357859	0.8753210163627445
171.25662831415707	0.7775982577149886	0.8749565903984664
171.3896948474237	0.7777615907966732	0.873651145369071
171.52276138069035	0.7770833591823852	0.8735708224005803
171.65582791395698	0.77689068838106	0.8736031024818033
171.7888944472236	0.7764341914955459	0.8737380271677015
171.92196098049024	0.7775248243352204	0.8730536267466843
172.05502751375687	0.7772482214333531	0.8721743390854105
172.1880940470235	0.7769756053001913	0.8717155098121162
172.32116058029015	0.7770727996682179	0.8710794949519143
172.45422711355678	0.7763938980864041	0.8714213242600487
172.5872936468234	0.7759838287322809	0.8716302963841416
172.72036018009004	0.7756607297510947	0.8720313598396205
172.85342671335667	0.7750173589330563	0.8720637573344965
172.9864932466233	0.7763337219313947	0.8712368808591628
173.11955977988995	0.7768599917458799	0.8710347287276154
173.25262631315658	0.7770364561473947	0.8716142747118535
173.3856928464232	0.7768010870730617	0.8725739362919928
173.51875937968984	0.7770369368106975	0.8720207074102193
173.65182591295647	0.7769201791981751	0.8716890457066245
173.7848924462231	0.7760725831895323	0.8725611571331205
173.91795897948975	0.776409417261622	0.872320816259422
174.05102551275638	0.7768162086412016	0.8718661748171825
174.184092046023	0.7770232936230352	0.8733650990818319
174.31715857928964	0.7768850242737488	0.8723309567336757
174.45022511255627	0.7770425316233095	0.8711558676410094
174.5832916458229	0.7773977320960623	0.8721879236813226
174.71635817908955	0.777299608147323	0.8726916679609217
174.84942471235618	0.7773119639662953	0.8729461833956643
174.9824912456228	0.7776045523439704	0.8722670710372032
175.11555777888944	0.778583290188446	0.8724580422624931
175.24862431215607	0.778756891515309	0.8724667741002053
175.3816908454227	0.7795102559856194	0.8722810749627744
175.51475737868935	0.7795707490643746	0.8723107226679697
175.64782391195598	0.7788070810279903	0.8720768359383058
175.7808904452226	0.7781970478562451	0.873081346418573
175.91395697848924	0.7776897562930197	0.8745403885357541
176.04702351175587	0.7771173223223167	0.8742375517733708
176.1800900450225	0.7779816556795408	0.8745579736044665
176.31315657828915	0.7788303306046123	0.8741904836543428
176.44622311155578	0.7783314504837174	0.8739088576285845
176.5792896448224	0.7783998835230964	0.8743404070908773
176.71235617808904	0.7793837203606663	0.8725771900791394
176.84542271135567	0.7787143946151714	0.8716518215600371
176.9784892446223	0.7790303914739666	0.8713723214465733
177.11155577788895	0.7775070107750283	0.8716648545168266
177.24462231115558	0.7776778522627296	0.8718496373956692
177.3776888444222	0.7793145499452013	0.8712280472436056
177.51075537768884	0.7796958923392949	0.8712429317022138
177.64382191095547	0.7805642376214846	0.8722153550935746
177.7768884442221	0.7796503788631082	0.8730613304881458
177.90995497748875	0.7786813287874421	0.8725752504492539
178.04302151075538	0.7788235006429066	0.8719919874589253
178.176088044022	0.7795318240523462	0.8714541339834974
178.30915457728864	0.7801788654732568	0.8706248554861215
178.44222111055527	0.7796500586558412	0.8702021805298876
178.5752876438219	0.7800234911081407	0.8702740105805398
178.70835417708855	0.7795590642356001	0.8705996279059431
178.84142071035518	0.778667131046284	0.8705459980278588
178.9744872436218	0.7789331568152656	0.8691725420403567
179.10755377688844	0.7792700913041013	0.8690962935738734
179.24062031015507	0.7784669265494606	0.8685109698560011
179.3736868434217	0.7785206664396183	0.8681402560969791
179.50675337668835	0.7795596909073274	0.8684719054963377
179.63981990995498	0.7804172490045801	0.8683314001096822
179.7728864432216	0.7800140300740789	0.8693347715957347
179.90595297648824	0.7793549143431157	0.8708725328696779
180.03901950975487	0.7798085200041494	0.8699605519097771
180.1720860430215	0.7789076365333536	0.8702702758929196
180.30515257628815	0.7791900179097048	0.8711528780695884
180.43821910955478	0.7791610575911289	0.8718877981157317
180.5712856428214	0.7794920087419858	0.8717035034921388
180.70435217608804	0.7792094413172321	0.8714522385075661
180.83741870935467	0.7786942268240128	0.8721880200549327
180.9704852426213	0.7789651629087335	0.8731960483917526
181.10355177588795	0.7792855326133253	0.8728715730982775
181.23661830915458	0.779113313202716	0.8726552271216829
181.3696848424212	0.7791386057995985	0.8735253040368712
181.50275137568784	0.7795042347976616	0.8736839652564429
181.63581790895446	0.7798028841331145	0.8734488809994221
181.7688844422211	0.7795471944861394	0.8731360301721695
181.90195097548775	0.7804025044567307	0.8732309713233516
182.03501750875438	0.7815775002514257	0.8727737898828919
182.168084042021	0.7823280812297378	0.8710471736494014
182.30115057528764	0.7833346448487253	0.8718575132124109
182.43421710855426	0.7824868603865709	0.8719986312367565
182.5672836418209	0.782940722991323	0.8721401003944476
182.70035017508755	0.7818213231743985	0.872616964744764
182.83341670835418	0.7819633013126934	0.8720273039088934
182.9664832416208	0.7818045421320189	0.8709742790898498
183.09954977488744	0.7813615325812413	0.8711257037406817
183.23261630815406	0.7815216182152395	0.8728792124523622
183.3656828414207	0.7812957892966378	0.8723767186673798
183.49874937468735	0.7815196313513131	0.8714937251543876
183.63181590795398	0.781221728161294	0.8717892912398663
183.7648824412206	0.781438582145729	0.8717213499418226
183.89794897448724	0.7818677100900512	0.8716898482960983
184.03101550775386	0.7820534396417693	0.8720100884680635
184.1640820410205	0.7817948842433463	0.871654354811499
184.29714857428715	0.7818617658230893	0.8715307058514365
184.43021510755378	0.7818712469314834	0.8715330645360193
184.5632816408204	0.7819042297164172	0.8722786207402844
184.69634817408703	0.7819196437507269	0.8729326758010139
184.82941470735366	0.7814951552099662	0.8731506717005787
184.9624812406203	0.7834489833260808	0.8735712848293492
185.09554777388695	0.7837030912325369	0.8740909245568756
185.22861430715358	0.7842709557598266	0.8734643244583126
185.3616808404202	0.7848310679251757	0.8740629212184119
185.49474737368683	0.7825608304684861	0.8745088221081236
185.62781390695346	0.7838073795360353	0.8753788349734153
185.7608804402201	0.7830623477339654	0.8749493389993325
185.89394697348675	0.7818511950518319	0.8742030100895939
186.02701350675338	0.7820651492099875	0.8746411861361286
186.16008004002	0.7810262287248818	0.8741948979543273
186.29314657328663	0.7808330174939944	0.8749665437662686
186.42621310655326	0.7805630931569353	0.8753621046360784
186.5592796398199	0.7807815151207887	0.8745014561417038
186.69234617308655	0.781335542568072	0.875106206997685
186.82541270635318	0.7804049126495203	0.8763361470955537
186.9584792396198	0.7807442782055869	0.8768788124713683
187.09154577288643	0.7811107991973232	0.874727587189247
187.22461230615306	0.7813652707207338	0.8747651645970991
187.3576788394197	0.7814048999049987	0.874209608711502
187.49074537268635	0.7825414876281137	0.8730975614786006
187.62381190595298	0.7828473557629486	0.8732075570566876
187.7568784392196	0.7824925432527221	0.8737677869777051
187.88994497248623	0.7830296703563312	0.8742757673290634
188.02301150575286	0.7827377619657061	0.8762186730624512
188.15607803901952	0.7819859659639901	0.876470418754355
188.28914457228615	0.7826817502884634	0.8764180999204426
188.42221110555278	0.7829879205135957	0.876874027235433
188.5552776388194	0.7823310481516056	0.8768754039861916
188.68834417208603	0.7830130559001471	0.8767100586178324
188.82141070535266	0.7821863438373631	0.8775310411440514
188.95447723861932	0.7814680766082853	0.8783061154139258
189.08754377188595	0.7822301740524571	0.8770349670174254
189.22061030515258	0.7835454132352867	0.876336549517124
189.3536768384192	0.7827160734489976	0.8762868267128164
189.48674337168583	0.782371565907859	0.8755604720610636
189.61980990495246	0.7820921663909108	0.8749676368102075
189.75287643821912	0.7812073476947072	0.874699837832816
189.88594297148575	0.7805499361826962	0.8742422260715945
190.01900950475238	0.7807479464987402	0.874087186931293
190.152076038019	0.7807958696311715	0.8744208875791659
190.28514257128563	0.7805599379303434	0.8745605072557686
190.41820910455226	0.7799168341876938	0.8744493603213002
190.55127563781892	0.7801272177811865	0.8735174284029252
190.68434217108555	0.7792922760912778	0.8731189382962398
190.81740870435218	0.77891049518309	0.8743073912438516
190.9504752376188	0.7793589817165136	0.8744267100450098
191.08354177088543	0.7802930273483345	0.8736923461749401
191.21660830415206	0.7796789518708982	0.872478351428425
191.34967483741872	0.7784471686291766	0.8726992456202616
191.48274137068535	0.7777825544985285	0.8725739325836659
191.61580790395197	0.7779277258374874	0.8734718375037023
191.7488744372186	0.7777634013935213	0.8733310029773887
191.88194097048523	0.7769197672237249	0.8730549044890719
192.01500750375186	0.7776218666318507	0.8729542128518353
192.14807403701852	0.7775805766239111	0.8725645752242243
192.28114057028515	0.7767075749539748	0.8725932588387455
192.41420710355177	0.7772217485079507	0.8739083553420116
192.5472736368184	0.7777615007601868	0.8735929337398546
192.68034017008503	0.7775068057485266	0.873507136049909
192.81340670335166	0.7773977446354409	0.8733368197608506
192.94647323661832	0.7771562919193351	0.8734167696965691
193.07953976988495	0.776346563926229	0.87289743717033
193.21260630315157	0.7767780894566313	0.8730910627212487
193.3456728364182	0.7782439890044879	0.8732278154637189
193.47873936968483	0.7786175674040072	0.8726151335910342
193.61180590295146	0.778260283620682	0.8725158257096004
193.74487243621812	0.7786082126912673	0.8716514080515751
193.87793896948475	0.7782481729288905	0.8711841043807627
194.01100550275137	0.778284633617391	0.8723591168446906
194.144072036018	0.7788837388077959	0.8723660858692884
194.27713856928463	0.7793356819075516	0.8726347261566043
194.41020510255126	0.7795834291411717	0.8722299029706568
194.54327163581792	0.7796047857113624	0.8725580520798913
194.67633816908454	0.780163829500731	0.8733666768735665
194.80940470235117	0.7810928818614257	0.8726386158257539
194.9424712356178	0.7811124846602434	0.8724708137476499
195.07553776888443	0.779808074112168	0.8726693192919238
195.20860430215106	0.7800393113121302	0.8733255724340145
195.34167083541772	0.7786571890566282	0.8728293542082058
195.47473736868434	0.7783096387907688	0.8728173801426794
195.60780390195097	0.7790385878862033	0.8721216034645555
195.7408704352176	0.7799260949322508	0.870942477760659
195.87393696848423	0.7795970001129136	0.8717059905181086
196.00700350175086	0.7791049887281601	0.8711194349213854
196.14007003501752	0.7793782103166712	0.8702628844652445
196.27313656828414	0.7800215057015583	0.8711084039367475
196.40620310155077	0.779080842852374	0.8715883239811034
196.5392696348174	0.7798054152340644	0.8705573697148147
196.67233616808403	0.7798180944010914	0.8716340345718625
196.80540270135066	0.7789847206401223	0.8720727728990548
196.93846923461732	0.7797847710317866	0.8724515578779826
197.07153576788394	0.7797367315356617	0.8723340553196443
197.20460230115057	0.7794563249885222	0.873565962747494
197.3376688344172	0.7794527953848185	0.8749426487454655
197.47073536768383	0.7792202273939225	0.8732053440343943
197.60380190095046	0.7785002773753782	0.8728800097448189
197.73686843421712	0.778657652199003	0.872380431400215
197.86993496748374	0.7788526196760431	0.8721393057614955
198.00300150075037	0.778669959170756	0.8727117780304268
198.136068034017	0.7792507413094759	0.8728865652555672
198.26913456728363	0.7800069159106592	0.8725385840903903
198.40220110055026	0.7798713430590548	0.8726960252523109
198.53526763381691	0.7809276132161437	0.8731788271250897
198.66833416708354	0.7813306481528485	0.8721640568954158
198.80140070035017	0.7812902610522792	0.8719089590741075
198.9344672336168	0.7808860665241937	0.871427614803834
199.06753376688343	0.7814666049382634	0.8710431070687581
199.20060030015006	0.7812956452158281	0.8718032113789598
199.33366683341671	0.7799358951781985	0.8711194244532943
199.46673336668334	0.7792745897266989	0.8709015833456868
199.59979989994997	0.7794667982264534	0.8716543411448848
199.7328664332166	0.7789963173857761	0.871778414429987
199.86593296648323	0.780148852560267	0.8712769489766565
199.99899949974986	0.780303525689129	0.8715964997739295
200.1320660330165	0.7788414018118742	0.8727341850554101
200.26513256628314	0.7790078951651107	0.8731540977888964
200.39819909954977	0.7797803203934519	0.8727956981075609
200.5312656328164	0.7800532815024634	0.8732062931744788
200.66433216608303	0.7786367391177551	0.8728436351587895
200.79739869934966	0.7786202341272492	0.873831960282409
200.9304652326163	0.7792378954860852	0.8747124083482392
201.06353176588294	0.7788114586415075	0.873479071397208
201.19659829914957	0.7783254855222772	0.8733164310541637
201.3296648324162	0.7783049586569104	0.8744901727753717
201.46273136568283	0.7789837260940642	0.8743590002821393
201.59579789894946	0.7783023860921754	0.8737590302096429
201.7288644322161	0.7782550450753162	0.8735695617790533
201.86193096548274	0.7794344963173275	0.8745966029088896
201.99499749874937	0.7788548788568938	0.8755055604648193
202.128064032016	0.7789286213551379	0.8742941439465443
202.26113056528263	0.7782589312449091	0.8734732925433768
202.39419709854926	0.7786380665367879	0.8737749581083647
202.5272636318159	0.7785195232590915	0.8743293495829284
202.66033016508254	0.7783053556817559	0.8744561639403289
202.79339669834917	0.7787270585905	0.8742589195450506
202.9264632316158	0.7797224964631332	0.8753293008400979
203.05952976488243	0.7792924112725945	0.8743543988986046
203.19259629814906	0.7794229298543565	0.8741375463903285
203.3256628314157	0.7799488994922059	0.8724040501343518
203.45872936468234	0.780524449829907	0.872529495078452
203.59179589794897	0.7792755441631376	0.8725905503595728
203.7248624312156	0.7786369463434748	0.8727297202007404
203.85792896448223	0.7787402839734643	0.8729858299141552
203.99099549774886	0.7798840962546055	0.8735916493408977
204.1240620310155	0.7792037383901799	0.8728007112306088
204.25712856428214	0.7795485351082778	0.8732798538846648
204.39019509754877	0.7802302617665215	0.8742786543567337
204.5232616308154	0.7791257297398869	0.8760488550479879
204.65632816408203	0.7778792779268903	0.8749895447587752
204.78939469734868	0.7778545621864846	0.8760727942874799
204.9224612306153	0.778194720237863	0.8767585849219123
205.05552776388194	0.7787391492457054	0.8766363905199646
205.18859429714857	0.779169622810008	0.8757573429007065
205.3216608304152	0.7806307627689996	0.8746410590074164
205.45472736368183	0.781628690831815	0.8731735262180239
205.58779389694848	0.7811342861244196	0.8721416269774732
205.7208604302151	0.7808496203575089	0.8711515861979193
205.85392696348174	0.77926142348418	0.872219258144973
205.98699349674837	0.779412559771285	0.8726091203559765
206.120060030015	0.7790566216402031	0.8732580867967809
206.25312656328163	0.7794489162084852	0.871712678696613
206.38619309654828	0.7790035477443749	0.8721274274447381
206.5192596298149	0.7796341928367239	0.8707929418193515
206.65232616308154	0.7802653666993432	0.8704619867170649
206.78539269634817	0.7802843184773675	0.8701255958471814
206.9184592296148	0.7814127787043414	0.8715943034641745
207.05152576288143	0.7816502674805847	0.8700021659909035
207.18459229614808	0.7810691734667816	0.8689619013350325
207.3176588294147	0.7819130544493917	0.8682908911042397
207.45072536268134	0.7809882639673955	0.8673573994136119
207.58379189594797	0.7815188473495444	0.8691544411141684
207.7168584292146	0.7807726246131949	0.8698951512806445
207.84992496248123	0.781060278765208	0.8689940142789178
207.98299149574788	0.7822120066671431	0.8686405015162512
208.1160580290145	0.7826514580421016	0.8693922454305469
208.24912456228114	0.7829324556569353	0.8687911531867487
208.38219109554777	0.7831728153920474	0.8687743559688781
208.5152576288144	0.7837467522034874	0.8700656625328334
208.64832416208102	0.7841648347512507	0.8697666986186493
208.78139069534768	0.7831615219294735	0.8701600285026805
208.9144572286143	0.7837110331463002	0.8707834873908429
209.04752376188094	0.7828164124901842	0.8703953869138804
209.18059029514757	0.7828353774836542	0.8695195218644183
209.3136568284142	0.7832626542138849	0.8694668386500813
209.44672336168082	0.7824084805822455	0.8694937684889993
209.57978989494748	0.7825063429832986	0.8685760959767216
209.7128564282141	0.7825327326696514	0.8683381975785045
209.84592296148074	0.7812628204364203	0.8681878666090646
209.97898949474737	0.7820161252751429	0.8679927025868062
210.112056028014	0.7810788960021257	0.8680749007199887
210.24512256128062	0.7808432347459204	0.8690672671379451
210.37818909454728	0.7818640058881571	0.8689409113233453
210.5112556278139	0.7821719339119257	0.8687732818872121
210.64432216108054	0.7821817303765948	0.867438841482929
210.77738869434717	0.7818303797060798	0.8681140244696071
210.9104552276138	0.7813776878279343	0.8685219081636193
211.04352176088042	0.7797076529330476	0.8692312079304955
211.17658829414708	0.7800260520024267	0.8692623262632373
211.3096548274137	0.7804622444849514	0.8684846193005145
211.44272136068034	0.7811391446578411	0.8680115942055587
211.57578789394697	0.7811702047597533	0.8687855664429976
211.7088544272136	0.7803267714117819	0.8692940630928088
211.84192096048022	0.7806388018560236	0.8669312841313743
211.97498749374688	0.7804255285848051	0.8675978032630257
212.1080540270135	0.7803621667345179	0.8672388694676023
212.24112056028014	0.7808717579742668	0.8672608309806349
212.37418709354677	0.779896526580907	0.8685974327162843
212.5072536268134	0.7797961449956061	0.8682930070894861
212.64032016008002	0.7800516961626107	0.8675060697061023
212.77338669334668	0.7804317514621314	0.8676553077313868
212.9064532266133	0.7824710384970716	0.8676629893042199
213.03951975987994	0.7820304703805148	0.8674762019355162
213.17258629314657	0.7823158734267018	0.8675604730438043
213.3056528264132	0.7819753510173006	0.86775678942506
213.43871935967982	0.7813430501370624	0.8668015560243805
213.57178589294648	0.7813468225964884	0.8670580708237036
213.7048524262131	0.78109818660357	0.8683030314106921
213.83791895947974	0.7802345586134769	0.8679330521995182
213.97098549274637	0.7804739822221131	0.867625094780237
214.104052026013	0.7807626884355265	0.8684981796115866
214.23711855927962	0.7800142328450811	0.8687259550585026
214.37018509254628	0.7796457104337112	0.8688816581384156
214.5032516258129	0.7797133966499565	0.8683805138471278
214.63631815907954	0.7800988237257829	0.8669326759509137
214.76938469234616	0.7808121254782127	0.8671300781405797
214.9024512256128	0.7811600381018031	0.8667751577318992
215.03551775887942	0.7808833491778392	0.866347002701689
215.16858429214608	0.78024562861018	0.8666984006505718
215.3016508254127	0.779853846576536	0.8649403478257347
215.43471735867934	0.7799522283518511	0.8650468423454455
215.56778389194596	0.7799363627067128	0.8661089010071095
215.7008504252126	0.7811988391038935	0.8664376516097474
215.83391695847922	0.7824668834335068	0.8665685490223054
215.96698349174588	0.7829679894375986	0.8660590593438725
216.1000500250125	0.7828746425292052	0.8656462632161387
216.23311655827914	0.7826895114523897	0.8659378308115749
216.36618309154576	0.7836137050445994	0.8665220008958537
216.4992496248124	0.7829626019896754	0.8668492691059105
216.63231615807902	0.7839703990469166	0.8675906548728543
216.76538269134568	0.7844133917957052	0.8671783155857293
216.8984492246123	0.7849768124519513	0.8666826324165499
217.03151575787894	0.7859209415679521	0.8659676641516101
217.16458229114556	0.7862915584232588	0.8661064728983842
217.2976488244122	0.7860190466441256	0.8654309692179679
217.43071535767882	0.7848710884219792	0.8666003728445381
217.56378189094548	0.7839025573284354	0.8662867555322077
217.6968484242121	0.7830806400806568	0.8658379871155559
217.82991495747874	0.7833011676087255	0.8670959601102093
217.96298149074536	0.783000838496952	0.8683791933198874
218.096048024012	0.783333064161122	0.8708920620712078
218.22911455727862	0.7820254029152116	0.8713973952042314
218.36218109054528	0.781335925547381	0.8696439733792208
218.4952476238119	0.7818093838265586	0.8688425106392768
218.62831415707853	0.7826323034987785	0.8674410916199191
218.76138069034516	0.7829689786276862	0.8687368197381933
218.8944472236118	0.7830104240073398	0.8691520286934795
219.02751375687842	0.7839094035783036	0.8680542769249061
219.16058029014508	0.7841838097312862	0.8691381526503432
219.2936468234117	0.7839087640358872	0.8701240824335591
219.42671335667833	0.7838143618142736	0.8710060188008976
219.55977988994496	0.7836024183867756	0.8725896837072333
219.6928464232116	0.7839213815660194	0.8730391178824973
219.82591295647822	0.783557477443051	0.8724627770145386
219.95897948974488	0.781898051993586	0.8732319472205181
220.0920460230115	0.7832213730815181	0.8734479327560803
220.22511255627813	0.783207539087902	0.8717925193883664
220.35817908954476	0.7830464164821204	0.8710128269074071
220.4912456228114	0.7823097790084694	0.8713701570254426
220.62431215607802	0.7828242880385143	0.8701341894567961
220.75737868934468	0.7830814522004285	0.8687235422774768
220.8904452226113	0.7837079404831495	0.869546571659725
221.02351175587793	0.7838885191444064	0.8699717464105746
221.15657828914456	0.7824723042025457	0.8702135181452252
221.2896448224112	0.7835563034752242	0.8701575165536842
221.42271135567785	0.7850929541293517	0.8705076836253967
221.55577788894448	0.784201181149526	0.8694648230672776
221.6888444222111	0.7843541616613633	0.8694354190751841
221.82191095547773	0.7824984792912821	0.8692959866916371
221.95497748874436	0.7810836710906034	0.8708583808077947
222.088044022011	0.7814356161192307	0.8719161601148976
222.22111055527765	0.7813580323732293	0.8716351646998179
222.35417708854428	0.7816459742640494	0.8709657377005787
222.4872436218109	0.780125631399346	0.8714023871646157
222.62031015507753	0.7797890958204603	0.8720921285112466
222.75337668834416	0.7789992318734881	0.8722281042291955
222.8864432216108	0.7791638783973415	0.8719698431948565
223.01950975487745	0.7800701750582267	0.8730959272626456
223.15257628814408	0.7801487789367614	0.8731120230170323
223.2856428214107	0.779880814323046	0.8724034318999683
223.41870935467733	0.7792985636989861	0.8718208967822219
223.55177588794396	0.7795482623660178	0.8732007755040548
223.6848424212106	0.7793086695214962	0.8725656343556052
223.81790895447725	0.7793955316068903	0.8713793263669729
223.95097548774388	0.7807533537165421	0.8725394158653894
224.0840420210105	0.7803609562961072	0.8719207960018821
224.21710855427713	0.7797379865833894	0.8729162802448769
224.35017508754376	0.7800629624639117	0.8734792028298913
224.4832416208104	0.7806284972406782	0.8734485120601323
224.61630815407705	0.7810108469414621	0.8737361091280582
224.74937468734367	0.7809638568231627	0.8742545672823394
224.8824412206103	0.7817267660003475	0.873920462166057
225.01550775387693	0.7817405633059983	0.8741201988276143
225.14857428714356	0.7817898677826671	0.8737490485006761
225.2816408204102	0.7821563632615429	0.8724108168383511
225.41470735367685	0.7824749052348094	0.8732216475459891
225.54777388694347	0.7825212595074253	0.8722598344753649
225.6808404202101	0.7825232941402185	0.8720943521670576
225.81390695347673	0.7833587659096801	0.8706236683637504
225.94697348674336	0.7822043351752714	0.8724753629164901
226.08004002001	0.7809048863182046	0.8729006261840213
226.21310655327665	0.7825138362136441	0.8725042543008481
226.34617308654327	0.7813527011681183	0.8710921688649413
226.4792396198099	0.7823127360563968	0.8715906323637903
226.61230615307653	0.7821441284654708	0.8725501807314335
226.74537268634316	0.7820117950664363	0.8738234731363982
226.8784392196098	0.7823695003884076	0.8728697987131347
227.01150575287645	0.7827694144094719	0.8745173722042106
227.14457228614307	0.7824722646469303	0.8732085225597755
227.2776388194097	0.782941767893717	0.8724400684308745
227.41070535267633	0.783638460074631	0.8730037677360136
227.54377188594296	0.7829545991062269	0.8735407599994439
227.6768384192096	0.783830612624864	0.87268932225012
227.80990495247624	0.7841882501755795	0.8721869197427113
227.94297148574287	0.7868929947612082	0.8732766970063209
228.0760380190095	0.7868184513170958	0.8747602639264834
228.20910455227613	0.7871263011428977	0.875069475322086
228.34217108554276	0.787064583389872	0.875580640381442
228.4752376188094	0.7884814387006371	0.8769367070141781
228.60830415207604	0.7880086790577963	0.8767558530037177
228.74137068534267	0.7879482568711197	0.875298627243643
228.8744372186093	0.7872070674936268	0.8756341576688065
229.00750375187593	0.7866622114426713	0.875401344439291
229.14057028514256	0.7860389490689889	0.8760938063844836
229.2736368184092	0.7868816300265793	0.8755312911424824
229.40670335167584	0.7861102320788782	0.8765633635755582
229.53976988494247	0.7866027641662243	0.8780921264367553
229.6728364182091	0.7861891404024456	0.8774195221604698
229.80590295147573	0.7871513815963893	0.8782120148751763
229.93896948474236	0.786513701755169	0.8782922609069597
230.072036018009	0.7864044936081143	0.8792326162005906
230.20510255127564	0.7862907838761827	0.8785363366082125
230.33816908454227	0.7865817114963208	0.8778215460929752
230.4712356178089	0.7865194866494636	0.8788208795606652
230.60430215107553	0.7859936092334722	0.8788607002711523
230.73736868434216	0.7867818749708464	0.8779124917875264
230.8704352176088	0.7862957069295687	0.8771616022834432
231.00350175087544	0.7868028919748283	0.8768962557361569
231.13656828414207	0.7861178588054563	0.8769233597980233
231.2696348174087	0.7863670684433967	0.8761379069197417
231.40270135067533	0.7861646871757856	0.8757749857493237
231.53576788394196	0.7853117881625404	0.8772724808205029
231.6688344172086	0.7859993281144118	0.8762175833193674
231.80190095047524	0.7849150015226951	0.8764448009721885
231.93496748374187	0.7832433285627045	0.8756354320749775
232.0680340170085	0.7839435849690242	0.8756581652508303
232.20110055027513	0.7846567404576145	0.8747659754200877
232.33416708354176	0.7846902756569749	0.8742442520464855
232.4672336168084	0.7853234441810346	0.8736002461724396
232.60030015007504	0.7848665794751901	0.872938980090083
232.73336668334167	0.7854781055625669	0.8734820190220665
232.8664332166083	0.7856466592037614	0.8726152389809436
232.99949974987493	0.7863320909102782	0.8737148282816721
233.13256628314156	0.7871772297379119	0.8751099363441507
233.26563281640819	0.7865346869289674	0.8744670070252779
233.39869934967484	0.7866960216551728	0.8727267367578995
233.53176588294147	0.7872696654375942	0.8708521729016294
233.6648324162081	0.7873301297427193	0.8712136546474105
233.79789894947473	0.7871272982715609	0.8712183699398978
233.93096548274136	0.7870682640089521	0.8705668061157453
234.06403201600799	0.7871145941028473	0.8709257680209365
234.19709854927464	0.7877865722500736	0.8714588274667237
234.33016508254127	0.7884147825805293	0.8712993726265411
234.4632316158079	0.7868409053130027	0.8697986724947642
234.59629814907453	0.7872535449935731	0.8702481212483594
234.72936468234116	0.7871498547439599	0.8699299985459312
234.86243121560778	0.787264001995323	0.8701850828371271
234.99549774887444	0.7879313985463815	0.869755089603581
235.12856428214107	0.7880306019763891	0.8706447375397074
235.2616308154077	0.7868565733397898	0.8722740493293868
235.39469734867433	0.7860809318992033	0.8716555907420644
235.52776388194096	0.7863214729789488	0.8712447475830294
235.66083041520758	0.7862839268012066	0.8732100179077121
235.79389694847424	0.7854047303828425	0.8728586694898128
235.92696348174087	0.7844654270139845	0.872878318702412
236.0600300150075	0.7849131273820024	0.8709766433147577
236.19309654827413	0.7844771335387285	0.8714636917297301
236.32616308154076	0.7839633592439078	0.8728887894374096
236.45922961480738	0.7828836435500429	0.8717272625151767
236.59229614807404	0.7843196443552128	0.8728124037703247
236.72536268134067	0.7844259134094228	0.8723128966512542
236.8584292146073	0.7833491073787083	0.8732848149162258
236.99149574787393	0.782676015466844	0.8736895850165611
237.12456228114056	0.7816712866146687	0.8748127022562118
237.25762881440718	0.7830268550400941	0.8748823025153409
237.39069534767384	0.7839054806645895	0.8745154231649119
237.52376188094047	0.7836021968117423	0.8736819681112457
237.6568284142071	0.7843511956024064	0.8722813487816214
237.78989494747373	0.7856027696157791	0.8729325053260836
237.92296148074036	0.787106518328349	0.8742970827920318
238.05602801400698	0.7857094460170472	0.8746057265617587
238.18909454727364	0.7850757086916178	0.8737428550528508
238.32216108054027	0.7852937480355171	0.8732250440515336
238.4552276138069	0.7850995269748707	0.8720153072966405
238.58829414707353	0.7851557271561399	0.8720418911352474
238.72136068034015	0.7842261011016904	0.8720502022412688
238.8544272136068	0.7835577667019729	0.8721911044034952
238.98749374687344	0.7833763275381475	0.8721046255981112
239.12056028014007	0.7835112965481229	0.8716872283520423
239.2536268134067	0.7830348967501838	0.8716076813681929
239.38669334667333	0.7846092300971149	0.8720569004569266
239.51975987993995	0.7856359783430402	0.8710000350666213
239.6528264132066	0.7844793446539512	0.870596569081127
239.78589294647324	0.7854799564670081	0.8704342729773755
239.91895947973987	0.7856449153673832	0.8706742787078884
240.0520260130065	0.7859655292484121	0.8710511433573302
240.18509254627313	0.7855383569548644	0.8707828894830695
240.31815907953975	0.7863813104946605	0.8711076395524885
240.4512256128064	0.7856626914748688	0.8722308345130646
240.58429214607304	0.7862309318514153	0.8720944018421279
240.71735867933967	0.7860864739621847	0.8732575523063536
240.8504252126063	0.7855390637971557	0.8726126230072043
240.98349174587293	0.7854648309806974	0.8723352922738771
241.11655827913955	0.7851494125780463	0.8732861900189206
241.2496248124062	0.7854041201436088	0.8730698241158198
241.38269134567284	0.78576920987817	0.8746256023087007
241.51575787893947	0.7858202406132988	0.8736046785865714
241.6488244122061	0.7865103108282371	0.8732027710890655
241.78189094547272	0.7874764982252546	0.8744638414689122
241.91495747873935	0.7880628232416578	0.8740726564592798
242.048024012006	0.7877373483601694	0.8747032410917792
242.18109054527264	0.7861844806886028	0.8738593080233696
242.31415707853927	0.7871058252065944	0.872380048969762
242.4472236118059	0.7881443440386459	0.8727612577217347
242.58029014507252	0.7862544454792622	0.8747913803492376
242.71335667833915	0.7856437765566379	0.8747920707234021
242.8464232116058	0.7861739787128837	0.8739444482456697
242.97948974487244	0.7849417081104354	0.874519059803627
243.11255627813907	0.7850977321296493	0.8751427512326213
243.2456228114057	0.7848347981719294	0.8750836820915107
243.37868934467232	0.7852904967720193	0.8742099316332932
243.51175587793895	0.7856009175274375	0.8749015972839408
243.6448224112056	0.7859986316243439	0.8729711496387063
243.77788894447224	0.7860943083977954	0.8724427788136464
243.91095547773887	0.7863062009040168	0.8719427079698491
244.0440220110055	0.787578977507627	0.8725967417523439
244.17708854427212	0.7879522263205251	0.8729288062384737
244.31015507753875	0.7879541952773832	0.8719605076802439
244.4432216108054	0.787629161687848	0.871265156272782
244.57628814407204	0.7862987018350444	0.8713567486460805
244.70935467733867	0.785623381881032	0.871462313767436
244.8424212106053	0.7854102258408778	0.8723917137471775
244.97548774387192	0.7851861234357924	0.8716363308952823
245.10855427713855	0.7861637658465572	0.871540392083454
245.2416208104052	0.7856436616015886	0.8706781793640092
245.37468734367184	0.7850905715267033	0.870816505371367
245.50775387693847	0.7862557099283415	0.8736037032815415
245.6408204102051	0.7856673165545845	0.8743851190008844
245.77388694347172	0.7860581335122165	0.8742841536453823
245.90695347673835	0.7867140356767389	0.8743725182411113
246.040020010005	0.7858119851868285	0.8741337608225713
246.17308654327164	0.7862176623818704	0.8738107053040504
246.30615307653827	0.785794733156309	0.8754926246722948
246.4392196098049	0.7847550637106159	0.874554394882525
246.57228614307152	0.7851467068363928	0.8753485915163466
246.70535267633815	0.7867330798844469	0.8740214436746664
246.8384192096048	0.786611637846969	0.8743951873709886
246.97148574287144	0.785763985770297	0.8741599357634539
247.10455227613807	0.7847849014585778	0.8732624890420714
247.2376188094047	0.784740623477096	0.874268656294572
247.37068534267132	0.7852766330834251	0.8751399110430665
247.50375187593795	0.7842585203156447	0.875978731488807
247.6368184092046	0.7849596058719412	0.8738766560373411
247.76988494247124	0.7853286581123861	0.8734391582034498
247.90295147573786	0.7849452709217114	0.8731779559709718
248.0360180090045	0.7850032010840161	0.8731365867603106
248.16908454227112	0.7865972818419004	0.8731585029389946
248.30215107553775	0.7868487005796668	0.8713544593366555
248.4352176088044	0.7853381862294739	0.8705481466712233
248.56828414207104	0.785069645333918	0.869597855071408
248.70135067533766	0.7845533811166768	0.8695940535751127
248.8344172086043	0.785278214179107	0.8685656843517544
248.96748374187092	0.7848145343878531	0.8684734434451359
249.10055027513755	0.785304915883491	0.869604068036817
249.2336168084042	0.7847923072983048	0.869910486961183
249.36668334167084	0.7846340463066315	0.8702059651236066
249.49974987493746	0.7840062528245244	0.8701829726360187
249.6328164082041	0.7844207290377373	0.8709460838578843
249.76588294147072	0.7832395638495102	0.8703082514676344
249.89894947473735	0.785247406285244	0.8694651184786962
250.032016008004	0.7854951998815592	0.870636018684283
250.16508254127064	0.7848223161790912	0.8714219793156193
250.29814907453726	0.7850564990473202	0.8713672285272033
250.4312156078039	0.7856179121063647	0.8721503519548184
250.56428214107052	0.7856142241712234	0.8725038969935797
250.69734867433715	0.7866562145377685	0.8714841969059682
250.8304152076038	0.7864403087612336	0.8716723975196508
250.96348174087044	0.7864339094901556	0.8715377413464246
251.09654827413706	0.7860462416089838	0.8702645565828336
251.2296148074037	0.7865882022866171	0.8688661192697887
251.36268134067032	0.786844934271431	0.8698231737170729
251.49574787393695	0.7867786984611049	0.8700828459192647
251.6288144072036	0.7867637886949993	0.8701324680998189
251.76188094047023	0.7863295690868561	0.8704359698331391
251.89494747373686	0.7857518749031321	0.8704850837977948
252.0280140070035	0.7863809689477286	0.8695951042188471
252.16108054027012	0.7862490451419663	0.8694061535652333
252.29414707353675	0.7864289888019341	0.8685084456478246
252.4272136068034	0.7858756933532192	0.870346634290981
252.56028014007003	0.7856872097212672	0.8714636526053784
252.69334667333666	0.7857651609862614	0.8711881743260026
252.8264132066033	0.7854797719028146	0.8707390645653682
252.95947973986992	0.7860058092362688	0.8699251178971624
253.09254627313655	0.7881937411124006	0.8678526524613009
253.2256128064032	0.7882083974070749	0.8685280933565751
253.35867933966983	0.7875366331639728	0.8683567829156303
253.49174587293646	0.7871142775631129	0.8699279762316345
253.6248124062031	0.7873713738727236	0.86857297948556
253.75787893946972	0.7878205533589983	0.8682481918777826
253.89094547273635	0.7874671750815518	0.8683396064326634
254.024012006003	0.7875378961382614	0.8678601903708415
254.15707853926963	0.7861647712363213	0.8679157139080648
254.29014507253626	0.785839074412003	0.869179889777207
254.4232116058029	0.7861556154183632	0.8701893623350606
254.55627813906952	0.786586151927975	0.8712556906451563
254.68934467233615	0.78571921158068	0.8718795917871223
254.8224112056028	0.7854308377981148	0.8718320016054413
254.95547773886943	0.787663131842894	0.8709632786403253
255.08854427213606	0.7867814642209959	0.8712903952340842
255.2216108054027	0.7856429169418374	0.8721685232244714
255.35467733866932	0.7853500581944931	0.8703364207697746
255.48774387193595	0.7842393195780752	0.8712302915461242
255.6208104052026	0.7853350480278443	0.8726151740019044
255.75387693846923	0.7866500636498619	0.8737052544345456
255.88694347173586	0.7860980374775353	0.8727894892288042
256.0200100050025	0.7851810786133974	0.8716522136857003
256.15307653826915	0.7865719275956238	0.8716463226112977
256.2861430715358	0.7850829225774119	0.8728154840502401
256.4192096048024	0.7848502186578731	0.8736621019615477
256.55227613806903	0.7852227023795032	0.8725616233647521
256.68534267133566	0.7843440013662614	0.8737189298217246
256.8184092046023	0.7850227207941047	0.8735623112147174
256.9514757378689	0.7842732563300264	0.8729142809884987
257.08454227113555	0.7843559444633778	0.8733811259150427
257.2176088044022	0.7841802792259522	0.8737622136145742
257.3506753376688	0.7839660103028591	0.8742733037005461
257.4837418709355	0.7852753013030904	0.8742375017385453
257.6168084042021	0.7855057269897385	0.8734013724484977
257.74987493746875	0.7841878679495098	0.873226301011097
257.8829414707354	0.7854568853291755	0.8741142194549695
258.016008004002	0.7857133761576446	0.8740300492148793
258.14907453726863	0.7860157988018315	0.8732773030990256
258.28214107053526	0.785848669914128	0.8710210937537062
258.4152076038019	0.7850267695267613	0.8715992699217019
258.5482741370685	0.7857078846528718	0.8735682743841378
258.68134067033515	0.785376539113111	0.8748112976572905
258.8144072036018	0.7864984626425302	0.8742005881786247
258.9474737368684	0.7871150180651504	0.8736625798290274
259.0805402701351	0.7865647295844203	0.8738980608026949
259.2136068034017	0.7865801481024915	0.8727224799564915
259.34667333666835	0.7861286861680471	0.8722795521196601
259.479739869935	0.7857759306365061	0.8730209094600537
259.6128064032016	0.7863855283135059	0.8726819443760134
259.74587293646823	0.7865240044278853	0.8740933523109963
259.87893946973486	0.785395998619864	0.8747621960116113
260.0120060030015	0.7842106505596909	0.8738510615615499
260.1450725362681	0.7846769296516345	0.8742750036384958
260.27813906953475	0.7836509054479732	0.8740829608027234
260.4112056028014	0.7837064419825353	0.8729348424351927
260.544272136068	0.7840040429348433	0.8726716401939396
260.6773386693347	0.7826241285490626	0.8738430233924198
260.8104052026013	0.7829089856774181	0.8726222123483449
260.94347173586794	0.7816951797081979	0.8725971637990774
261.0765382691346	0.7820965575291848	0.8726670558483806
261.2096048024012	0.7815747022113423	0.8730967943168806
261.34267133566783	0.7803582217581926	0.8737996377413486
261.47573786893446	0.7810728002928041	0.8734147517122149
261.6088044022011	0.7808193738221437	0.8742893630062335
261.7418709354677	0.7791127874637377	0.8729278197492094
261.87493746873434	0.7789652521351559	0.8727878557698092
262.008004002001	0.7800866620353727	0.8714906647915275
262.1410705352676	0.7788113206855914	0.8711360734859692
262.2741370685343	0.7773241932606721	0.8716017064230693
262.4072036018009	0.7776556129740754	0.8715002218726832
262.54027013506754	0.7771538935240738	0.8714192083519241
262.6733366683342	0.7793346562647627	0.8727846387573526
262.8064032016008	0.7795046605680782	0.8735524033484248
262.93946973486743	0.7786616189200308	0.8732540249095413
263.07253626813406	0.7806501272612614	0.8722576268683344
263.2056028014007	0.7805140965169972	0.872084603291113
263.3386693346673	0.780724185275223	0.8733890577664392
263.47173586793394	0.7810471216409254	0.8738194495520133
263.6048024012006	0.7800668031049498	0.8743404511564538
263.7378689344672	0.7809698029498826	0.8756358725533855
263.8709354677339	0.7804727393556921	0.8743870318535015
264.0040020010005	0.779694369090534	0.8735115173715565
264.13706853426714	0.7794011344802877	0.8741645451222975
264.2701350675338	0.7797979354066883	0.8756549860600744
264.4032016008004	0.7800652779106595	0.8753291792911736
264.53626813406703	0.7801993301313443	0.8756313810773959
264.66933466733366	0.7801110510000521	0.8764568605893479
264.8024012006003	0.780067135063057	0.8757481399559277
264.9354677338669	0.7800205106040758	0.8762785345631892
265.06853426713354	0.7809263937256582	0.8756392643397684
265.2016008004002	0.7819680521481356	0.8752173618732288
265.3346673336668	0.7829658525310828	0.8745970978408677
265.4677338669335	0.7835649193291289	0.8741540858994987
265.6008004002001	0.7840083068844572	0.8728934677650482
265.73386693346674	0.784429045231664	0.8711407756521808
265.86693346673337	0.7851381841907508	0.8726679179853452
266.0	0.7848062015503876	0.872469545957918
