0.0	0.0	0.0
0.1330665332666333	3.3694205353470614e-08	2.2159552304934876e-05
0.2661330665332666	0.00011088426274653927	8.872633090888359e-05
0.39919959979989994	0.00026602266832081165	0.00028829633874430757
0.5322661330665333	0.0004656691683258193	0.0005765601122712767
0.6653326663331666	0.0008651101585285808	0.0009532466923749629
0.7983991995997999	0.0014859425553440527	0.001263431098935887
0.9314657328664332	0.002105940844811758	0.0016404454206844206
1.0645322661330665	0.0025487280214373377	0.0021286307708995806
1.1975987993997	0.002992147564089439	0.0028160970603766534
1.3306653326663331	0.0035022683226444955	0.00352510651389694
1.4637318659329663	0.004168288624332617	0.004279350422645126
1.5967983991995998	0.005010131975718442	0.005210435701817368
1.7298649324662332	0.005629084860583574	0.006096562517341714
1.8629314657328664	0.006138848290125815	0.006914843990303353
1.9959979989994996	0.006624845510731918	0.0076046669321600474
2.129064532266133	0.006891353642361686	0.008822554977065552
2.2621310655327664	0.007491844806594315	0.009441341107049719
2.3951975987994	0.008157034862070933	0.010418533948926221
2.528264132066033	0.008865036276275069	0.011327539528726508
2.6613306653326663	0.009488327271164297	0.012526430380279941
2.7943971985992997	0.010461110612964728	0.013675932685413297
2.9274637318659327	0.010789873381391087	0.014607139879580082
3.060530265132566	0.011324905463571474	0.015783560321739463
3.1935967983991995	0.011923078691525894	0.016888801322155332
3.326663331665833	0.012497856684939091	0.01779672522717032
3.4597298649324664	0.012894823298704195	0.01881841830300747
3.5927963981990994	0.013296175091034331	0.01987905452716667
3.7258629314657328	0.013848438878478656	0.020792853277782672
3.858929464732366	0.01418214729984705	0.02241635516412726
3.991995997998999	0.01484872425906082	0.023919050526577598
4.125062531265633	0.015357230023947748	0.02524626162897761
4.258129064532266	0.016001976395310705	0.026442419771717608
4.391195597798899	0.01659690291269455	0.027637064382904346
4.524262131065533	0.01697173603907148	0.02877238137254754
4.657328664332166	0.017465206658849437	0.030299840672415757
4.7903951975988	0.018286420071426415	0.03128971045776795
4.923461730865433	0.018738002847031865	0.032407101271145954
5.056528264132066	0.018746928526389654	0.03391199852550348
5.1895947973986996	0.019731162140148598	0.034970039053442405
5.3226613306653325	0.020292315508040136	0.03619766573560229
5.4557278639319655	0.02049646166759116	0.03786598513140482
5.588794397198599	0.02116446719672802	0.03951950206887326
5.721860930465232	0.021722028270628916	0.0406191977618821
5.854927463731865	0.022629220496368955	0.04171101961571341
5.987993996998499	0.023089067354390532	0.043134620634558
6.121060530265132	0.023691120398015075	0.044499158592993
6.254127063531766	0.024217643070843894	0.04561768568266608
6.387193596798399	0.024548599479892498	0.047458599055537114
6.520260130065032	0.024997347208260266	0.04861728719145727
6.653326663331666	0.025594292063528052	0.04983020243803446
6.786393196598299	0.026060485055211698	0.05167097930567147
6.919459729864933	0.026657338438603538	0.05308074505816769
7.052526263131566	0.02700735337315035	0.05454747252647535
7.185592796398199	0.02726694397264682	0.05612503746378416
7.318659329664833	0.027388140222648166	0.05773354044806821
7.4517258629314655	0.028100214194488198	0.0588582726685168
7.5847923961980985	0.028401906432154834	0.06014846655372843
7.717858929464732	0.02871047773121365	0.06140801408288388
7.850925462731365	0.028842992141846747	0.06258186351403348
7.983991995997998	0.02918195319193406	0.06389998708251407
8.117058529264632	0.029626780874819146	0.06558811942686776
8.250125062531266	0.03001786067886514	0.06713285223855535
8.383191595797898	0.03017534017806043	0.06862104604275598
8.516258129064532	0.03069591246958869	0.07018933950770194
8.649324662331166	0.031240718766836734	0.0715927721034379
8.782391195597798	0.03148320555354733	0.07345982329013494
8.915457728864432	0.03193171753443506	0.07513987340567593
9.048524262131066	0.03230062352814518	0.07686632577409677
9.181590795397698	0.03242724977293048	0.07821909774821119
9.314657328664332	0.032520338869975685	0.07925228547802897
9.447723861930966	0.03281421803934609	0.08111080124905962
9.5807903951976	0.033217888514853855	0.0828929971398197
9.713856928464232	0.03370155317174035	0.08434515050339139
9.846923461730865	0.03406096298264176	0.08565468603304328
9.9799899949975	0.034657498414614796	0.08709583074446842
10.113056528264131	0.03491302010686701	0.08834718477541369
10.246123061530765	0.035136621197169385	0.08953833087285375
10.379189594797399	0.03535578961674357	0.09129304628992482
10.512256128064031	0.035460788479279325	0.0926769739308722
10.645322661330665	0.035634747689793675	0.09405241353415365
10.778389194597299	0.03627337433470161	0.09523027212422538
10.911455727863931	0.03634547333453106	0.09610579022452505
11.044522261130565	0.036464529679672515	0.09745439801143839
11.177588794397199	0.03671180234257895	0.09833957775309757
11.31065532766383	0.03699916849241741	0.09965423642235498
11.443721860930465	0.03731708509975767	0.10085959442942029
11.576788394197099	0.03782612531982005	0.10242733245832937
11.70985492746373	0.038153912701782665	0.1034316320679237
11.842921460730365	0.0384578375534066	0.10442200731990628
11.975987993996998	0.03849221625458048	0.10520659757267162
12.109054527263632	0.038472843076494574	0.10663255841889181
12.242121060530264	0.03864363379213503	0.10823298756649374
12.375187593796898	0.03911122448882587	0.10920841123437201
12.508254127063532	0.039287962012022705	0.11012655497300566
12.641320660330164	0.03921018673403842	0.1110827986672564
12.774387193596798	0.03962219770274783	0.1116998081759473
12.907453726863432	0.03984532555892842	0.11313407481405295
13.040520260130064	0.03990750571988462	0.11419892839215627
13.173586793396698	0.04046130178526572	0.11517842591851725
13.306653326663332	0.040583139081582176	0.11626915376393994
13.439719859929964	0.04088061886736703	0.11729502247562862
13.572786393196598	0.041138717607422604	0.118002707122692
13.705852926463232	0.041294688655296036	0.11896813103214025
13.838919459729865	0.04151530709799503	0.11988173292462162
13.971985992996498	0.04151749044445898	0.1205298473297857
14.105052526263131	0.04135886808268323	0.12140880799145023
14.238119059529765	0.0417953638398293	0.12181281856314972
14.371185592796397	0.042018825602761364	0.12242064314266349
14.504252126063031	0.042041911353327376	0.12332530909982357
14.637318659329665	0.042306591286054566	0.12342210174957109
14.770385192596297	0.042785943539669184	0.12395614580177117
14.903451725862931	0.04293255267480657	0.12465330653378112
15.036518259129565	0.043207900906240874	0.1257201902084097
15.169584792396197	0.043540580440653724	0.12681018114559722
15.302651325662831	0.04361103680715493	0.12706988448771775
15.435717858929465	0.04306172746731222	0.12773237657012204
15.568784392196097	0.04305051603354039	0.1280322009925301
15.70185092546273	0.04296269213313627	0.12892246262559337
15.834917458729365	0.043575712727711984	0.12951288290602747
15.967983991995997	0.04397362730703642	0.1307396855024223
16.101050525262632	0.044459352422570785	0.13154559288793027
16.234117058529264	0.04426600479426481	0.13266281617939416
16.367183591795897	0.04445651876124742	0.13410561354408876
16.500250125062532	0.04486106914277559	0.13522108187473036
16.633316658329164	0.044881347936029714	0.13561921596288767
16.766383191595796	0.04507000778208807	0.13575766226517
16.899449724862432	0.04494711561596121	0.13662215194451738
17.032516258129064	0.04539149178484608	0.13721006391705892
17.165582791395696	0.04575472886048795	0.13763218591953746
17.298649324662332	0.045913317604208796	0.13865192730461984
17.431715857928964	0.045902179279152945	0.1395369473019248
17.564782391195596	0.04608573550618887	0.14020614404672768
17.69784892446223	0.0458154506397637	0.14091205439218715
17.830915457728864	0.045926372665165034	0.14091997555684707
17.963981990995496	0.04594246372859	0.14092672553284624
18.09704852426213	0.04566524662598728	0.14154041311734378
18.230115057528764	0.04573046060841729	0.14245516592505666
18.363181590795396	0.04558898068889516	0.1432562751601484
18.49624812406203	0.04579738251933076	0.1438035651022709
18.629314657328663	0.04558977907540449	0.14437881803082833
18.762381190595296	0.04613408378716903	0.14477956352670657
18.89544772386193	0.04647116908206468	0.14492645423440545
19.028514257128563	0.04645614030649112	0.1454093769453983
19.1615807903952	0.04693816448682239	0.14654196525501123
19.29464732366183	0.04752955752030622	0.1470394410630791
19.427713856928463	0.04755298390361189	0.14808245091548097
19.5607803901951	0.047675554489196005	0.14832403584755446
19.69384692346173	0.04785599611653918	0.14905932829441912
19.826913456728363	0.0480771697316492	0.14908758757357354
19.959979989995	0.04814144655471715	0.14952829615112095
20.09304652326163	0.04805329750023752	0.14883704106615425
20.226113056528263	0.04841274665812376	0.1493461587789292
20.3591795897949	0.04857481484954363	0.15023090309066547
20.49224612306153	0.04887533741794694	0.15091257859186435
20.625312656328163	0.04862003663713981	0.151502329264121
20.758379189594798	0.049073819319569806	0.15259917953303825
20.89144572286143	0.049306742701082026	0.1529199068899004
21.024512256128062	0.04930506253870235	0.15323522425373864
21.157578789394698	0.04942606424123847	0.1542249419794927
21.29064532266133	0.04957762355273724	0.15474531854085447
21.423711855927962	0.04966281386648079	0.154800823926002
21.556778389194598	0.049670199807178565	0.15499399256422708
21.68984492246123	0.04960078182588121	0.15536712244327258
21.822911455727862	0.05009738162627554	0.15567041422845787
21.955977988994498	0.05079115683987609	0.15531496090083144
22.08904452226113	0.05070152892275909	0.15561280837122646
22.222111055527762	0.05050263010082472	0.15603004469191337
22.355177588794398	0.05045226485432742	0.15609024023479834
22.48824412206103	0.050911780999377	0.15654427707975108
22.62131065532766	0.05123333138974666	0.15728481632901223
22.754377188594297	0.05151021079374898	0.15730060946110408
22.88744372186093	0.051702366398275065	0.15766296638984043
23.02051025512756	0.052116669275878276	0.1584224895458473
23.153576788394197	0.052267028088872555	0.1589201274259616
23.28664332166083	0.05252654654462336	0.15936000588300372
23.41970985492746	0.05273606510409005	0.1603080598814365
23.552776388194097	0.05333864608273994	0.1606311124746665
23.68584292146073	0.05342106229201969	0.16065994660206329
23.818909454727365	0.053736930247387515	0.16059675745702562
23.951975987993997	0.053486190832049064	0.16090665734573115
24.08504252126063	0.05343404011626362	0.16144430088114917
24.218109054527265	0.05374920589377046	0.1611048571101026
24.351175587793897	0.05398502308971566	0.16204927839034214
24.48424212106053	0.053823097099849164	0.16181837515747138
24.617308654327164	0.05432480585346502	0.16238626262776382
24.750375187593797	0.05422907056867727	0.16287284720810888
24.88344172086043	0.054631755578182055	0.16304036329800461
25.016508254127064	0.054885296596008416	0.1628218648605442
25.149574787393696	0.054971997515121135	0.16333906049082675
25.28264132066033	0.054718369409275575	0.16363679197746073
25.415707853926964	0.05521719427243741	0.16347192140577158
25.548774387193596	0.05535989262459416	0.16416755479540743
25.68184092046023	0.05518890118303939	0.1639809770478567
25.814907453726864	0.05526549411548132	0.16411785517509347
25.947973986993496	0.055291014079472435	0.16413899160984669
26.081040520260128	0.055394524350320266	0.16471605623208602
26.214107053526764	0.05529132104605158	0.16446704971584286
26.347173586793396	0.05539167850409704	0.1645685690224448
26.480240120060028	0.055906913362424406	0.16511507989223326
26.613306653326664	0.05590414964420452	0.1650568831571576
26.746373186593296	0.055904665645582025	0.1655191121759529
26.879439719859928	0.055803777410512345	0.166122016146299
27.012506253126563	0.05631880476258703	0.1662185624778547
27.145572786393195	0.05628418407271614	0.16648725896280042
27.278639319659828	0.056738997417526055	0.16665131166497557
27.411705852926463	0.05660776798108874	0.1668846190025511
27.544772386193095	0.05675552968959116	0.166621014137133
27.67783891945973	0.05673952171933114	0.16682381584466666
27.810905452726363	0.05681131136054082	0.1677557348207094
27.943971985992995	0.05704191146810374	0.1681655779731528
28.07703851925963	0.057099137773947026	0.1681944935125662
28.210105052526263	0.05746624454359762	0.16881306808205007
28.343171585792895	0.057606364541670875	0.1680240023018563
28.47623811905953	0.05756989898383007	0.16852597021607524
28.609304652326163	0.05764738530088476	0.16901414744145365
28.742371185592795	0.0575713527023801	0.16867402237872237
28.87543771885943	0.057692163076918344	0.16891752326513843
29.008504252126063	0.05747420571554283	0.16975902298194925
29.141570785392695	0.0574151139596097	0.16991260724182275
29.27463731865933	0.05756113746083998	0.17018382638275817
29.407703851925962	0.057737599938114094	0.1702849551620533
29.540770385192594	0.057735983546465405	0.1698740041668125
29.67383691845923	0.05750231738369985	0.1703149572881806
29.806903451725862	0.05778898453851061	0.1704632442327528
29.939969984992494	0.058038394940330224	0.17016637711848315
30.07303651825913	0.0585696410915937	0.17077397712308792
30.206103051525762	0.05840333019755376	0.17095960593624338
30.339169584792394	0.05824201183682225	0.17121649511954234
30.47223611805903	0.05882803034115739	0.1711746364875545
30.605302651325662	0.05879777789142921	0.17078854144354874
30.738369184592294	0.05875474918298835	0.17128205934813587
30.87143571785893	0.05925745957254108	0.17103553794650184
31.00450225112556	0.05936634660506288	0.1715997405223875
31.137568784392194	0.05970552243264644	0.17206990268482064
31.27063531765883	0.059614693829195195	0.17201578453727676
31.40370185092546	0.05962213628673729	0.17188731318066797
31.536768384192094	0.059606982425077094	0.17191523284846952
31.66983491745873	0.05969680301727107	0.17283040345560982
31.80290145072536	0.05980903616390616	0.17328071352580993
31.935967983991993	0.06004922210544412	0.17329023035088972
32.06903451725863	0.06004833205421027	0.1730340175282941
32.202101050525265	0.06037103988019717	0.17367622695693527
32.33516758379189	0.06027468767477207	0.17372265018371053
32.46823411705853	0.06027187854876078	0.17365647999053796
32.601300650325165	0.06040387828315287	0.1736590541048539
32.73436718359179	0.06060906589907788	0.17386409370225056
32.86743371685843	0.06062991824939743	0.17408852328322122
33.000500250125064	0.06073373840155424	0.17430589845948102
33.13356678339169	0.06077803088201274	0.17391029148673032
33.26663331665833	0.06106570468904431	0.17393954131127473
33.399699849924964	0.06120113661197962	0.17378690741696787
33.53276638319159	0.061461709413033236	0.17400334611624033
33.66583291645823	0.06157023103939146	0.17378613577857094
33.798899449724864	0.061706225128879647	0.17367321865566904
33.93196598299149	0.06151259376345823	0.17371181790796178
34.06503251625813	0.0613330041417922	0.17354361028467372
34.198099049524764	0.061561217106994186	0.17391784676092978
34.33116558279139	0.061745025130238086	0.1743260953324721
34.46423211605803	0.06175548080659952	0.17469850545577573
34.597298649324664	0.06167668381437829	0.17464567859399002
34.73036518259129	0.06189579579266942	0.17509920785281113
34.86343171585793	0.061922504491697075	0.175517774489159
34.99649824912456	0.06208316981982048	0.1748536261324996
35.12956478239119	0.0619927322650367	0.1753085857391725
35.26263131565783	0.06202762660223045	0.1753652902599667
35.39569784892446	0.06193420778116185	0.17619732373080946
35.52876438219109	0.06219045740628172	0.17670773277330626
35.66183091545773	0.06233888646897371	0.1770676330474121
35.79489744872436	0.0622830228031801	0.17677466910354128
35.92796398199099	0.06255979722322849	0.17691219868222952
36.06103051525763	0.06260707840137908	0.17686821200878874
36.19409704852426	0.06296112992040388	0.17702258751021463
36.32716358179089	0.06281827470675924	0.17771747908936716
36.46023011505753	0.06284727044636111	0.1783782151809502
36.59329664832416	0.06293242007427989	0.17889743593903992
36.72636318159079	0.06300557658755815	0.17991847844345826
36.85942971485743	0.06323619792776876	0.1805562134740166
36.99249624812406	0.06354595737247858	0.18129718300279865
37.12556278139069	0.06339858685922228	0.18187690604976553
37.25862931465733	0.06314487266968262	0.18212029349946962
37.39169584792396	0.06342694776590385	0.18191869690379486
37.52476238119059	0.0630904895299853	0.18168185341391138
37.65782891445723	0.06298097123897002	0.18224093823645027
37.79089544772386	0.06286799136407163	0.18168419675383665
37.92396198099049	0.06322676932987693	0.18193232317381616
38.05702851425713	0.06329109502123177	0.18184544211399956
38.19009504752376	0.06375284135619882	0.18224463078172481
38.3231615807904	0.06363960857852133	0.18221490504603507
38.456228114057026	0.06405958880592318	0.18238344414434818
38.58929464732366	0.06401173420974225	0.18265134105855924
38.7223611805903	0.06405894398890505	0.18282374085324277
38.855427713856926	0.06389874504609266	0.18290636994207005
38.98849424712356	0.06414424038313614	0.18311594408010426
39.1215607803902	0.06431702405030774	0.18282944753805935
39.254627313656826	0.06446563598654255	0.18248951133432673
39.38769384692346	0.065022332669523	0.1832302916795147
39.5207603801901	0.06486277335385755	0.18313987925533454
39.653826913456726	0.06532667713083319	0.1829794146413667
39.78689344672336	0.06554682446130732	0.18291158015150016
39.91995997999	0.06551890258070797	0.1829967843226966
40.053026513256626	0.06609372041018768	0.1823266009178273
40.18609304652326	0.06631524764485437	0.18225530823666256
40.3191595797899	0.06632310139711119	0.18225544085304515
40.452226113056525	0.06615671888748106	0.18235904775652345
40.58529264632316	0.06656822188055837	0.18207563333249324
40.7183591795898	0.06661189928891655	0.18190780179146943
40.851425712856425	0.066366326151543	0.18199088887139114
40.98449224612306	0.06659448480358798	0.18186650578013924
41.1175587793897	0.06697366813639935	0.18204331947082367
41.250625312656325	0.06710186401565574	0.18258061021775449
41.38369184592296	0.06725399369174853	0.1826179438477581
41.516758379189596	0.06729191529399184	0.18232021545444813
41.649824912456225	0.06671456136631465	0.18216076575143358
41.78289144572286	0.06620163359470478	0.18275271230324594
41.915957978989496	0.0663699190045733	0.18268265466802283
42.049024512256125	0.06695428221976522	0.18276410739245683
42.18209104552276	0.06691929139816281	0.18286463269874662
42.315157578789396	0.06649183591389679	0.18246481228194372
42.448224112056025	0.06637368098578379	0.18246151599598906
42.58129064532266	0.06629416788877208	0.18246682110119425
42.714357178589296	0.06686010621934223	0.18259399639922436
42.847423711855924	0.06745343204536532	0.1826441878410379
42.98049024512256	0.0673353460854035	0.18269175413532246
43.113556778389196	0.06732982274507725	0.18324357194221846
43.246623311655824	0.06748553726192749	0.18343804975620365
43.37968984492246	0.06802374600778327	0.18344704564807365
43.512756378189096	0.06812564874280755	0.18375448064820815
43.645822911455724	0.0680545623233476	0.1842838374239281
43.77888944472236	0.0683946683641051	0.1843931347268698
43.911955977988995	0.06846348058612893	0.18396742161192514
44.045022511255624	0.06870883837871648	0.18401904466077987
44.17808904452226	0.06846315060948789	0.18446103032833325
44.311155577788895	0.06859971064409819	0.18413298603830144
44.444222111055524	0.06846537151945697	0.18385748613463737
44.57728864432216	0.0687957106788129	0.18369594348447596
44.710355177588795	0.06867931300660828	0.18417492923715534
44.843421710855424	0.06861111681700036	0.18468834524630812
44.97648824412206	0.06858725628294167	0.18531307753221535
45.109554777388695	0.0688634315966389	0.18431293541511767
45.24262131065532	0.06952013629194392	0.1846163311438286
45.37568784392196	0.06933909534623658	0.18482879640547573
45.508754377188595	0.06940065899386633	0.1845409534467884
45.64182091045522	0.06969578662463206	0.18498924461576888
45.77488744372186	0.070038515693982	0.1850749788785245
45.907953976988495	0.07037901401234578	0.18533659411365241
46.04102051025512	0.07062805521768097	0.1855200659466436
46.17408704352176	0.07040462285367154	0.18553234133596397
46.307153576788394	0.07054586348163347	0.18538686546146066
46.44022011005502	0.07014763603330527	0.1859207179033343
46.57328664332166	0.0703825616840458	0.18658246198020642
46.706353176588294	0.07060442477535794	0.18604420782363526
46.83941970985492	0.07080520413373372	0.1859096229382459
46.97248624312156	0.07053325575846534	0.1863410031169419
47.105552776388194	0.07047565232696942	0.18677520815406967
47.23861930965483	0.07007027394943456	0.1867745731107397
47.37168584292146	0.0702894871832787	0.1873457782467587
47.504752376188094	0.07032486721726215	0.18718866893554917
47.63781890945473	0.07079098860559531	0.18782021266675508
47.77088544272136	0.07087143554458664	0.18789788646601915
47.903951975987994	0.07079367577686477	0.18749153756722117
48.03701850925463	0.0711899548455481	0.1876063646004265
48.17008504252126	0.07143232070738521	0.18706396071959558
48.30315157578789	0.07168874638343027	0.18706305903875695
48.43621810905453	0.07206016891607746	0.1870441868222567
48.56928464232116	0.07197699527990223	0.18769672271216975
48.70235117558779	0.07220293643439972	0.18795578088894901
48.83541770885443	0.07206956638841881	0.1881286498099832
48.96848424212106	0.07180969200471689	0.18823990135859048
49.10155077538769	0.07182453225782026	0.18820535722836088
49.23461730865433	0.07187762898466457	0.1888161965589929
49.36768384192096	0.07144393054233106	0.18936967541481659
49.50075037518759	0.07154390450433243	0.1895717977852599
49.63381690845423	0.07135966495721925	0.18940471018897476
49.76688344172086	0.07112482987752736	0.19011643111316665
49.89994997498749	0.07117789120233672	0.18967678196415508
50.03301650825413	0.0714472218015598	0.18982820954739996
50.16608304152076	0.07130371807780864	0.18993325634996416
50.29914957478739	0.07145012108648022	0.19005159970209817
50.43221610805403	0.07103473154534652	0.19035928287980997
50.56528264132066	0.07054802378254167	0.1904822915858707
50.69834917458729	0.07085036329653106	0.19033817137302952
50.83141570785393	0.07102065912858412	0.19049271883818616
50.96448224112056	0.07118360917885223	0.1905764556111244
51.09754877438719	0.07148945079591337	0.19020429429023852
51.23061530765383	0.07151106281952962	0.18971202996237738
51.36368184092046	0.07182368312601035	0.19017404348231667
51.49674837418709	0.07191603332575089	0.19085451380024557
51.62981490745373	0.07215335511114944	0.19057777009678542
51.762881440720356	0.07248392391765886	0.19046624392214062
51.89594797398699	0.07254834261185363	0.19086344023288726
52.02901450725363	0.07246487232802415	0.19117414435966698
52.162081040520256	0.07278466613227957	0.19135290836983684
52.29514757378689	0.07273134018363792	0.19168122734628093
52.42821410705353	0.07274978606933567	0.19224989990172803
52.561280640320156	0.07257598465331214	0.191802038002695
52.69434717358679	0.07234922653739304	0.1917786972302071
52.82741370685343	0.07236472212566322	0.1918173676717953
52.960480240120056	0.07249871089851691	0.19176961418363664
53.09354677338669	0.07266614017044924	0.1920070536799334
53.22661330665333	0.07321742812595886	0.1922679730017638
53.359679839919956	0.0733233094447994	0.1924430873119437
53.49274637318659	0.07319794747907736	0.19281048738669046
53.62581290645323	0.07320243129960378	0.1926338951852636
53.758879439719855	0.07331160308112514	0.19245818780923082
53.89194597298649	0.0732759738357334	0.19225090173756373
54.02501250625313	0.07343805855841724	0.19294937802785728
54.158079039519755	0.07368625682710878	0.19269424402840635
54.29114557278639	0.07400385735887155	0.19265844104020288
54.42421210605303	0.07392380228756869	0.19271207639225146
54.557278639319655	0.07350129442202405	0.19236035384430758
54.69034517258629	0.07343164330073115	0.1923674689782537
54.823411705852926	0.07349426750271794	0.1924600468878672
54.956478239119555	0.07363649774175302	0.1923818254532023
55.08954477238619	0.07346214510759443	0.19180962362403003
55.222611305652826	0.0738677494726779	0.1917239958856424
55.35567783891946	0.07397867478273402	0.19203266976190916
55.48874437218609	0.07363906076664133	0.19250270778102613
55.621810905452726	0.0737595454210792	0.1925009324765466
55.75487743871936	0.0740655921687913	0.19265600407578437
55.88794397198599	0.0740174365663789	0.19248213802791317
56.021010505252626	0.07411151658163649	0.192648529526034
56.15407703851926	0.0740970508045625	0.1929113271499229
56.28714357178589	0.07383587925536747	0.19300912049131044
56.420210105052526	0.07388949352942394	0.19284195514784208
56.55327663831916	0.07437984131939687	0.19318158911214703
56.68634317158579	0.07450268895534352	0.19331308613809578
56.819409704852426	0.07415750337882995	0.19357628869635127
56.95247623811906	0.07387086216751913	0.19418928082872586
57.08554277138569	0.07381882986352341	0.1941974621978515
57.218609304652325	0.07366257181841779	0.194480607884518
57.35167583791896	0.07370053060906812	0.194627077474344
57.48474237118559	0.07448213065286316	0.194903004172788
57.617808904452225	0.07450577769240357	0.1954610011095127
57.75087543771886	0.07448012439267057	0.19563910962766104
57.88394197098549	0.07465952022919632	0.19634270722785144
58.017008504252125	0.07478977979191238	0.1962094325681667
58.15007503751876	0.07466249807034529	0.19561526543307156
58.28314157078539	0.07432152313413029	0.19581308101281797
58.416208104052025	0.07418915393000156	0.19645362935001323
58.54927463731866	0.07415507477214389	0.19652877442726985
58.68234117058529	0.07429238621933083	0.1966138354242693
58.815407703851925	0.07415617096158565	0.19675699184469503
58.94847423711856	0.07402927745469032	0.19666216907217698
59.08154077038519	0.07389196533176427	0.19625626477231017
59.214607303651825	0.0738937205676863	0.19641176605382177
59.34767383691846	0.07434944698532674	0.1967079717316629
59.48074037018509	0.07424339382380042	0.19694460706471814
59.613806903451724	0.07456436482266035	0.19702767806786073
59.74687343671836	0.07472912291978585	0.1968326921097821
59.87993996998499	0.07490233238207297	0.19682370839015537
60.013006503251624	0.07491176364476207	0.19655785092332373
60.14607303651826	0.07499688445611383	0.19726234924233466
60.27913956978489	0.07510512759071354	0.19714012987948848
60.412206103051524	0.07519010718232683	0.19676687716971278
60.54527263631816	0.07512145302760585	0.19652439909264402
60.67833916958479	0.07507827141115513	0.19666918679538148
60.811405702851424	0.07558595000587712	0.19654750984490674
60.94447223611806	0.07590085305719385	0.1958041477267519
61.07753876938469	0.07590194892518179	0.1957280632011576
61.210605302651324	0.07555886000722747	0.19588834469743324
61.34367183591796	0.07571377427415513	0.19600074973247877
61.47673836918459	0.0759561209044498	0.19607303605580598
61.60980490245122	0.07600748066660766	0.1959324956220862
61.74287143571786	0.07592653759575771	0.19606889779523687
61.87593796898449	0.07629292799862769	0.19670426114554138
62.00900450225112	0.07635510998913599	0.19651697730722947
62.14207103551776	0.07588457375032208	0.19566144007900615
62.27513756878439	0.07580148639649079	0.19600587903230168
62.40820410205102	0.07569109824048087	0.1958481204023398
62.54127063531766	0.07566701167752134	0.1954172959564389
62.67433716858429	0.07531860272078765	0.19555063113904408
62.80740370185092	0.0753640844277441	0.19575180892224017
62.94047023511756	0.07561883598717965	0.19636974286270895
63.07353676838419	0.07592811646656186	0.19622787113447315
63.20660330165082	0.07608998211415541	0.19616085089053595
63.33966983491746	0.07596631300095706	0.1966494578355847
63.47273636818409	0.0758271660421753	0.19706786449229693
63.60580290145072	0.07615909276198897	0.19643533796871646
63.73886943471736	0.07682042618420715	0.19626106913073155
63.87193596798399	0.07699139054673562	0.19657179711698644
64.00500250125063	0.07680362121217042	0.19731910660291058
64.13806903451726	0.07656855003015449	0.1969109323718906
64.27113556778389	0.07675291043726543	0.19714380166721246
64.40420210105053	0.07698878297921721	0.1980741872586541
64.53726863431716	0.0772598122221316	0.19823145044030152
64.67033516758379	0.0777480865642505	0.19801332714419767
64.80340170085043	0.07746411797781644	0.19794819219136028
64.93646823411706	0.07726321305693871	0.19774405141030207
65.06953476738369	0.07738209496271578	0.19767396070396911
65.20260130065033	0.07779207695025256	0.19772702551983506
65.33566783391696	0.07800411491345897	0.19872951436787242
65.46873436718359	0.07845691179956099	0.19882509017129524
65.60180090045023	0.07895488959655556	0.1992501547628512
65.73486743371686	0.07882689207918377	0.19943357202793677
65.86793396698349	0.07836689333745958	0.19916505334476697
66.00100050025013	0.07871072900432781	0.19982366621283604
66.13406703351676	0.07957945365578814	0.19957359538828867
66.26713356678339	0.07998930804407584	0.1995090561101197
66.40020010005003	0.08017255028783027	0.19952304965181586
66.53326663331666	0.08068735292197446	0.19937256575791842
66.66633316658329	0.0807362201227264	0.1989862575692103
66.79939969984993	0.08069630610690849	0.19802408020009918
66.93246623311656	0.08092710499071491	0.19798722152711543
67.06553276638319	0.08113014675283557	0.19823920705554757
67.19859929964983	0.08112757883280931	0.19835241252956584
67.33166583291646	0.08126890511534812	0.1981462708429896
67.46473236618309	0.08108011827629118	0.19823405774052405
67.59779889944973	0.08099750904408443	0.1990924622171976
67.73086543271636	0.08077725493594955	0.1987620305618433
67.86393196598299	0.08090718730065714	0.1986129840570434
67.99699849924963	0.08105955725846274	0.19862728700029963
68.13006503251626	0.08065093520925444	0.19770089004516406
68.26313156578288	0.08057813707704294	0.1980537539285456
68.39619809904953	0.0805982993501518	0.19803850610019183
68.52926463231616	0.08060990835139317	0.19788109692605882
68.66233116558278	0.08081386314306574	0.1978507441738891
68.79539769884943	0.08115978539430788	0.19760347187624885
68.92846423211606	0.08165675389272631	0.19736764549281158
69.06153076538268	0.0820726583608312	0.19678628962860809
69.19459729864933	0.08168607224615386	0.19721436795696384
69.32766383191596	0.08201242907924834	0.19747941315069628
69.46073036518258	0.08249324291997966	0.19744493900599597
69.59379689844923	0.0824103320651181	0.19740072575019385
69.72686343171586	0.08187657680812381	0.19771440250034789
69.85992996498248	0.08187298521861124	0.1973392700632184
69.99299649824913	0.08166063162737425	0.196848935219807
70.12606303151576	0.0812686418042781	0.19677486454028673
70.25912956478238	0.0817236119997382	0.19627105451044796
70.39219609804903	0.08195574710367284	0.1964751179363349
70.52526263131566	0.08244963034020372	0.19658323176078815
70.65832916458228	0.08271222605363555	0.19609093823322002
70.79139569784893	0.08263722580541909	0.19594117265404246
70.92446223111556	0.08246806050755658	0.19578370306565826
71.05752876438218	0.08249559461165712	0.19600733688349622
71.19059529764883	0.08294233554740554	0.19665066505045928
71.32366183091546	0.08336047643945516	0.19668420182052307
71.45672836418208	0.08305713952293044	0.19695455629287362
71.58979489744873	0.08296622368003038	0.19711394567701146
71.72286143071535	0.08304805242673388	0.1972299503825724
71.85592796398198	0.08291487586268963	0.1972772200146836
71.98899449724863	0.08278775994172743	0.1971231242492966
72.12206103051525	0.0828155811248231	0.19745475572471288
72.25512756378188	0.0829439852877597	0.19747059049353863
72.38819409704853	0.08281817735815604	0.19748832495037633
72.52126063031515	0.083051868942297	0.19689777303358988
72.65432716358178	0.08284779760874031	0.19633185044073023
72.78739369684843	0.08290037818878793	0.19654873459193098
72.92046023011505	0.08277736356191648	0.19617043262528092
73.05352676338168	0.08270496573854377	0.1960090138461692
73.18659329664833	0.08305871950062448	0.19626840387017372
73.31965982991495	0.08308202923686933	0.19622279331194079
73.45272636318158	0.08325055734535122	0.1960645045161107
73.58579289644823	0.0834450707478661	0.1958515848655794
73.71885942971485	0.08374142954307504	0.19596558905903383
73.85192596298148	0.08412713664811489	0.19583981870254674
73.98499249624813	0.08473391483522337	0.19570610401497437
74.11805902951475	0.08496397007610856	0.1958113355623784
74.25112556278138	0.08478494398002384	0.19594903529152125
74.38419209604803	0.08446110020300696	0.19594960842565332
74.51725862931465	0.0848466598206595	0.19582865866048407
74.65032516258128	0.08507230483999681	0.1958529589745949
74.78339169584793	0.08528734543076014	0.19535253845023426
74.91645822911455	0.08529186814930659	0.19576222231555152
75.04952476238118	0.08482060944379043	0.1956217016394612
75.18259129564782	0.08483208023684274	0.1955540587272713
75.31565782891445	0.0849186595516568	0.19540764442411643
75.44872436218108	0.08484930569598176	0.19543439751317027
75.58179089544772	0.08515656927971128	0.19549573407922496
75.71485742871435	0.08547177836746099	0.19570105447156394
75.84792396198098	0.08557116169526623	0.19539849113307406
75.98099049524762	0.08568243466111838	0.19587523123548342
76.11405702851425	0.08574132716890118	0.19620626254318693
76.24712356178088	0.08542647637927747	0.19679165995476142
76.38019009504752	0.08513918539302791	0.1966702228243477
76.51325662831415	0.08488500451385779	0.19647575800125053
76.6463231615808	0.08464227138588708	0.19666294930869957
76.77938969484742	0.0845628909892138	0.19689045642356343
76.91245622811405	0.08500169857160363	0.19688656816514438
77.0455227613807	0.08520805681342357	0.19726459828349102
77.17858929464732	0.08521274081192755	0.19784280915991756
77.31165582791395	0.08498961844399107	0.19818035501070252
77.4447223611806	0.08511707275719116	0.1983909887653072
77.57778889444722	0.08541589455162929	0.19851945499582876
77.71085542771385	0.08517726187265089	0.1978803021417575
77.8439219609805	0.08520012726639929	0.19777537122545852
77.97698849424712	0.08535211358163139	0.19790329057758727
78.11005502751375	0.08533900473478401	0.1976201609814394
78.2431215607804	0.08548912715984801	0.19781295129246565
78.37618809404702	0.08530973815093128	0.1981345149089024
78.50925462731365	0.0852010024901875	0.1981782029154237
78.6423211605803	0.08540173689156617	0.19839380677993929
78.77538769384692	0.08592706607381495	0.19834126142478375
78.90845422711355	0.08612855183818148	0.19799515987995767
79.0415207603802	0.08619291496029287	0.1980953170862713
79.17458729364682	0.08643274091409059	0.19880835723108373
79.30765382691345	0.086495904926134	0.19909837614245554
79.4407203601801	0.08595506865972789	0.19884800983564008
79.57378689344672	0.08551708527896507	0.19871345476543267
79.70685342671335	0.08527847092650687	0.19837098101113843
79.83991995998	0.08596701809591005	0.19818834243043074
79.97298649324662	0.08601432912476782	0.1984390913046875
80.10605302651325	0.08582844099797421	0.19810376768978985
80.2391195597799	0.08592710214571245	0.19899027419453563
80.37218609304652	0.08598437561751512	0.19909161864615116
80.50525262631315	0.08593546433889222	0.19972763075374564
80.6383191595798	0.08579004348165124	0.19999324774973307
80.77138569284642	0.08579479701454723	0.19994556302417185
80.90445222611305	0.08590795020982145	0.200093619715403
81.0375187593797	0.08584603089231656	0.20024959514498158
81.17058529264632	0.0862399501340879	0.20020130977726625
81.30365182591295	0.08633020877671774	0.2008816920772374
81.4367183591796	0.08620292582218216	0.2006231886988401
81.56978489244622	0.08653347392307134	0.1999115231947256
81.70285142571285	0.08688463247489434	0.20046809276114627
81.8359179589795	0.08679408974582674	0.20090495827715676
81.96898449224612	0.0865394890472401	0.200532028254035
82.10205102551275	0.0867960586801584	0.20032303126690534
82.2351175587794	0.08678824217079745	0.2002816222446355
82.36818409204602	0.08690881731648237	0.20077050140374342
82.50125062531265	0.08663267643317595	0.2008159278882889
82.6343171585793	0.08652070976408788	0.2014967855282509
82.76738369184592	0.08599579654286096	0.20197703797377056
82.90045022511255	0.08586794187201419	0.20189097215194515
83.03351675837919	0.08591045539871446	0.20169900005965857
83.16658329164582	0.08605429932133049	0.2010804600251268
83.29964982491245	0.08631697970213209	0.20173008120841382
83.43271635817909	0.08656986789726441	0.20238024869999752
83.56578289144572	0.08676097727104648	0.20261930258523322
83.69884942471235	0.08709691227248043	0.20251591133286184
83.83191595797899	0.08682765121853724	0.2024044388102722
83.96498249124562	0.08723265690134094	0.20260296898694463
84.09804902451225	0.08721231916862911	0.20274573376467234
84.23111555777889	0.08723428919035785	0.20249544048398674
84.36418209104552	0.08769371345422437	0.2021030986452685
84.49724862431215	0.08800736461453633	0.2016093491791472
84.63031515757879	0.08796293539836698	0.20178197717673696
84.76338169084542	0.08756161360407815	0.2014488644136208
84.89644822411205	0.0876413284219327	0.20048731674640544
85.02951475737869	0.08795042861344385	0.20053864212630668
85.16258129064532	0.08799117701199988	0.20057055611569502
85.29564782391195	0.0882359001545571	0.20116358733506529
85.42871435717859	0.08797941599851367	0.20136493003025124
85.56178089044522	0.08812986061712372	0.20152055305561317
85.69484742371185	0.08803939823457918	0.2023458055196511
85.82791395697849	0.08755258082475174	0.20249186379665918
85.96098049024512	0.08752838542126005	0.20269636569077482
86.09404702351175	0.08787604552144915	0.2026921772557764
86.22711355677839	0.08764257581882284	0.2026713659197002
86.36018009004502	0.08725956836981785	0.2030856154264215
86.49324662331165	0.0876493804417507	0.20312783591609052
86.62631315657829	0.0874422883455874	0.203536999335648
86.75937968984492	0.08690954314153097	0.20362703241228766
86.89244622311155	0.08691202323326956	0.2027689929667771
87.02551275637819	0.08705735354178787	0.20250080688129526
87.15857928964482	0.08698834947108221	0.2028794876552899
87.29164582291145	0.08707153966383019	0.20270461520601565
87.42471235617809	0.08688131370942657	0.20239282362163463
87.55777888944472	0.08658587515746062	0.20295041016858928
87.69084542271135	0.08620995129764375	0.2029764327635744
87.82391195597799	0.08610262951072387	0.2028081025798127
87.95697848924462	0.08634203408305571	0.20294470107482857
88.09004502251125	0.086092750283088	0.20328657374869621
88.22311155577789	0.08613833614942992	0.20374162847045782
88.35617808904452	0.08592683376655771	0.20441070768309363
88.48924462231115	0.08570636176414226	0.20447815728503718
88.62231115557779	0.0854892109551589	0.20424223751211942
88.75537768884442	0.08520356337640089	0.20372680790408912
88.88844422211105	0.08544211890066551	0.2033927760469828
89.02151075537769	0.08609684278664861	0.20299143769399644
89.15457728864432	0.08610992646079024	0.20260884694540784
89.28764382191095	0.08652641070205601	0.20267780412012035
89.42071035517759	0.08689922522814204	0.20301892290004897
89.55377688844422	0.08691876101336257	0.2029353393558518
89.68684342171085	0.08678311206315817	0.2030361083772729
89.81990995497749	0.08684732504715328	0.20362968951258628
89.95297648824412	0.08703485962682009	0.2035231661876127
90.08604302151075	0.08683085702536396	0.2032214121299714
90.21910955477739	0.08676448294633485	0.20318608731817975
90.35217608804402	0.08692723032133914	0.20352508812259215
90.48524262131065	0.08753846001793023	0.20370037638961547
90.61830915457729	0.08830253025466939	0.20346351606668361
90.75137568784392	0.0886757265543245	0.20293469832411776
90.88444222111055	0.08890362078070226	0.20257289287317873
91.01750875437719	0.08931407348238599	0.20190106090543952
91.15057528764382	0.08940415676470907	0.20237746591441705
91.28364182091045	0.08942158759106575	0.20243034306159763
91.41670835417709	0.08975940259100335	0.2024962095834006
91.54977488744372	0.09007477596125786	0.20258546689556778
91.68284142071035	0.09001635295939021	0.20251466800586362
91.81590795397699	0.09020755891667123	0.2027172727351154
91.94897448724362	0.0904969226733742	0.2026588923518346
92.08204102051025	0.09067708154273153	0.20265486714762299
92.21510755377689	0.0904192685983665	0.20265430571328238
92.34817408704352	0.09094346481363245	0.20317043687303946
92.48124062031015	0.0910712913215117	0.2034369475525147
92.61430715357679	0.09092603657687699	0.20293179206461487
92.74737368684342	0.09091297389897426	0.20292481201759344
92.88044022011005	0.09112164937882646	0.20342404290169916
93.01350675337669	0.09128298617634113	0.20400561302383163
93.14657328664332	0.09143434039855736	0.20396807448464718
93.27963981990995	0.09122147970819987	0.20332379035005885
93.41270635317659	0.09084771473770996	0.2031859479300348
93.54577288644322	0.09089922778736642	0.20374400102695547
93.67883941970985	0.09072335125773989	0.2043221301497045
93.81190595297649	0.0907307542921194	0.20430260185906257
93.94497248624312	0.09093792298681085	0.20387231736903255
94.07803901950976	0.0909094817969722	0.20385795195383155
94.21110555277639	0.09086117389612992	0.20361896721703687
94.34417208604302	0.09102156114853273	0.20312435516523966
94.47723861930966	0.091377067026637	0.20307237713242293
94.61030515257629	0.09107583961527753	0.2035319603503291
94.74337168584292	0.0907870395627678	0.2037698699580801
94.87643821910956	0.090662417611298	0.20394591838431966
95.00950475237619	0.0906440013873212	0.20454069559093996
95.14257128564282	0.09046271681079047	0.20475388868631572
95.27563781890946	0.09044330657762538	0.20459260455119108
95.40870435217609	0.09050521553679852	0.20454330627281628
95.54177088544272	0.09051014019829372	0.20481790991762328
95.67483741870936	0.09017082031641703	0.20461140448947004
95.80790395197599	0.0900416125519099	0.2043332564610208
95.94097048524262	0.09003392270248979	0.20413041359973771
96.07403701850926	0.09013813689947511	0.20396883506697164
96.20710355177589	0.09049608981565299	0.20432769977859494
96.34017008504252	0.09017330923736926	0.20468625996935563
96.47323661830916	0.08963751215446215	0.20501099657232724
96.60630315157579	0.08970479868184685	0.2052386977645663
96.73936968484242	0.08998854024778598	0.2049848188950596
96.87243621810906	0.09019730052870312	0.20491008040348427
97.00550275137569	0.0902530659926939	0.20511540740735046
97.13856928464232	0.0901843502495273	0.20488572554254686
97.27163581790896	0.0905833646234752	0.20497247004999286
97.40470235117559	0.09028447459618733	0.2050958254407298
97.53776888444222	0.0903053832090242	0.20587089516977067
97.67083541770886	0.09043644368376011	0.20628905438865483
97.80390195097549	0.09026197251239544	0.2060842088754402
97.93696848424212	0.09039295149197991	0.20589421336532995
98.07003501750876	0.090478519890901	0.2058344257212215
98.20310155077539	0.09049620658599707	0.2058709128109414
98.33616808404201	0.0905133243522508	0.20614666539046114
98.46923461730866	0.09032092181133879	0.20618025025757705
98.60230115057529	0.09037028823614428	0.2065666752085834
98.73536768384191	0.09051560293487072	0.2068038606560272
98.86843421710856	0.09006945254998049	0.20622367457644214
99.00150075037519	0.09025903768388152	0.2061469808340408
99.13456728364181	0.09053930800442113	0.20651358958843558
99.26763381690846	0.0904700345095091	0.2061582792598551
99.40070035017509	0.09032093218180343	0.20639449544372518
99.53376688344171	0.09053015110763749	0.20686202914236465
99.66683341670836	0.09084972370679324	0.20624764290702702
99.79989994997499	0.0912861344956514	0.20602182519691037
99.93296648324161	0.09129496735051881	0.20575171207416626
100.06603301650826	0.09129692017306577	0.20547838096825122
100.19909954977489	0.09118850557340734	0.2053528441970337
100.33216608304151	0.09159118265495432	0.2049345300693004
100.46523261630816	0.09173840654393829	0.2047158681517048
100.59829914957479	0.09157408311157979	0.20438921557702366
100.73136568284141	0.09156328235941	0.20470581244191371
100.86443221610806	0.09154317388928104	0.20499173914040159
100.99749874937469	0.09187708497129367	0.20527560195958153
101.13056528264131	0.09209287145414775	0.20569514779801093
101.26363181590796	0.0923120527820459	0.20577223359701619
101.39669834917459	0.09236139878118596	0.2056377698954307
101.52976488244121	0.09240244058118058	0.20535048335297204
101.66283141570786	0.09294386861250509	0.20559888502176016
101.79589794897448	0.09299730029455731	0.20580474746336402
101.92896448224111	0.09314877906393708	0.20564416084989767
102.06203101550776	0.0932032564373556	0.20593243109923992
102.19509754877438	0.09292213004179017	0.2061176489764166
102.32816408204101	0.09290475698512526	0.20591760564141556
102.46123061530766	0.09293693801689576	0.20608461117812843
102.59429714857428	0.09294769894462794	0.205919113590699
102.72736368184091	0.09299431496267407	0.20560829812563536
102.86043021510756	0.0931181783705496	0.20556781946594735
102.99349674837418	0.09340652332515564	0.20553158116425085
103.12656328164081	0.09329078774618466	0.2051108123536964
103.25962981490746	0.09277246777172439	0.2046813304031741
103.39269634817408	0.09274830842702218	0.20465520134671128
103.52576288144071	0.09299830644974304	0.20530145106260897
103.65882941470736	0.09301175995365774	0.20571387490752022
103.79189594797398	0.09303426684126163	0.20543254523091262
103.92496248124061	0.092889392499356	0.20524491426638394
104.05802901450726	0.0929759544094226	0.20496224236183944
104.19109554777388	0.09317748338611376	0.20497516878533964
104.32416208104051	0.09278302305092911	0.20483767230731081
104.45722861430716	0.09294355915726409	0.20469526085066234
104.59029514757378	0.09273369072757567	0.20563122208969692
104.72336168084041	0.09276440676202669	0.2064032471558515
104.85642821410705	0.09275816416289198	0.20675897622539802
104.98949474737368	0.09251737719721248	0.20687490702724962
105.12256128064031	0.09259614214318485	0.2069359991959382
105.25562781390695	0.09292015618614999	0.20672245491066518
105.38869434717358	0.09309473402257191	0.20737194882717888
105.52176088044021	0.09297741768689163	0.20763308333315827
105.65482741370685	0.09317029273760975	0.20682965137363687
105.78789394697348	0.09301789157463383	0.20731802092582127
105.92096048024011	0.09289292657780547	0.20767556558788652
106.05402701350675	0.0931440620751451	0.20684549655252402
106.18709354677338	0.09339915339357334	0.2065766328465636
106.32016008004001	0.09350358925944682	0.20651509524400613
106.45322661330665	0.09355791925337091	0.20636400221988027
106.58629314657328	0.09370865504956409	0.20619429073410472
106.71935967983991	0.09370070586289292	0.2062997391708718
106.85242621310655	0.09403582171111102	0.20673482062173298
106.98549274637318	0.09411257918702971	0.20663660585140564
107.11855927963981	0.0935441106789054	0.20669451089213034
107.25162581290645	0.09388105976528413	0.20707193691814635
107.38469234617308	0.09452560584420854	0.20706745735961052
107.51775887943971	0.09458383306726324	0.2073641978690712
107.65082541270635	0.09459833734925555	0.20783705173257214
107.78389194597298	0.09428347206253877	0.20789310488134766
107.91695847923961	0.09416793434881332	0.207688789322477
108.05002501250625	0.09392438677979252	0.20806006407079503
108.18309154577288	0.09400002184422433	0.20801483667865647
108.31615807903951	0.09459160039467723	0.20784387466463194
108.44922461230615	0.09484364072916525	0.20753166917034144
108.58229114557278	0.09471845529555362	0.20735472184206044
108.71535767883941	0.09464597654240288	0.20762307544857408
108.84842421210605	0.09482859901962173	0.2086561588372787
108.98149074537268	0.09500255076049834	0.20899170555840615
109.11455727863931	0.09450520120925043	0.20892992785922163
109.24762381190595	0.09406714745992431	0.2090837992235436
109.38069034517258	0.09433638560324625	0.20877779944388475
109.51375687843921	0.09438253620394903	0.20855520033253655
109.64682341170585	0.09446324805525441	0.20855936632053712
109.77988994497248	0.0946095738717869	0.2086505811800316
109.91295647823911	0.09411417397958907	0.20854263324909417
110.04602301150575	0.09413425957831205	0.20842006835297272
110.17908954477238	0.09412652034319223	0.2080572755419091
110.31215607803901	0.09400024836143639	0.20787791980173168
110.44522261130565	0.09425089650638792	0.2074913359057275
110.57828914457228	0.09415871965392088	0.20686562623907886
110.71135567783892	0.0940814192888279	0.20671875498815265
110.84442221110555	0.09406186692871042	0.20683275762046813
110.97748874437218	0.09398669053572957	0.20669930014303617
111.11055527763882	0.09373422439187816	0.2060109142980474
111.24362181090545	0.09394008237336783	0.20582927815145094
111.37668834417208	0.09407636132919485	0.20572458523123072
111.50975487743872	0.09445972335263933	0.20538955808157747
111.64282141070535	0.09439395276817439	0.2057872238597582
111.77588794397198	0.09425078530206665	0.20587489345256257
111.90895447723862	0.09429828333384419	0.20607958989773376
112.04202101050525	0.09430754191850776	0.20618978349044564
112.17508754377188	0.09406200157969824	0.20672527532998478
112.30815407703852	0.09376625828604648	0.20712372421439137
112.44122061030515	0.09391861827600283	0.2070117719839036
112.57428714357178	0.09417774924545769	0.20710916292614887
112.70735367683842	0.09420894328085579	0.2077627534666512
112.84042021010505	0.09419421904122031	0.20854555299574304
112.97348674337168	0.09409818953994689	0.2088788975663616
113.10655327663832	0.094153645649397	0.20869711602975374
113.23961980990495	0.09424754615480535	0.2084137899527744
113.37268634317158	0.09412544299855033	0.20771200058937458
113.50575287643822	0.09405268943353459	0.20777566456222615
113.63881940970485	0.0940778045493144	0.20823872397444254
113.77188594297148	0.09334313297380797	0.2079740903897411
113.90495247623812	0.09316989476350594	0.20749687104228315
114.03801900950475	0.09381800192588075	0.20753050297830927
114.17108554277138	0.09393191907965623	0.20728944378317776
114.30415207603802	0.09385982015095662	0.20758960315577227
114.43721860930465	0.09390869524623491	0.2081129910268241
114.57028514257128	0.09399995354039806	0.2086812930351626
114.70335167583792	0.09404572178981178	0.20902147193678539
114.83641820910455	0.09398101642317751	0.20892242637072708
114.96948474237118	0.09406333699886542	0.20907471223930002
115.10255127563782	0.0942789935839609	0.2087620260135608
115.23561780890445	0.09421644729996538	0.20828523847047373
115.36868434217108	0.09432546435807332	0.20751678794979722
115.50175087543772	0.09467754039192813	0.20713048113103177
115.63481740870435	0.0949195551895247	0.20750687594739178
115.76788394197098	0.09480205616090696	0.207716814343816
115.90095047523762	0.0949691366707808	0.20762857240305668
116.03401700850425	0.09538212156867668	0.20734475267309888
116.16708354177088	0.095389842439894	0.20719868532092225
116.30015007503752	0.09514106635330022	0.20727035174387498
116.43321660830415	0.09513345592471806	0.20751006645323994
116.56628314157078	0.09567208893031681	0.2074087810707739
116.69934967483742	0.0961422529192923	0.2073448518546463
116.83241620810405	0.09654195403808671	0.2076150832376627
116.96548274137068	0.09705542745948585	0.20750786090310075
117.09854927463732	0.09709145322396591	0.2070222916170585
117.23161580790395	0.09690769235809758	0.2067999925187919
117.36468234117058	0.09662902935648084	0.20682492461714916
117.49774887443722	0.09640721148989066	0.20677252857001102
117.63081540770385	0.09678206717973482	0.20642420748724055
117.76388194097048	0.09688078026528824	0.20641554878784682
117.89694847423712	0.096728829327496	0.2063513195718596
118.03001500750375	0.09700613654558993	0.20640259699257021
118.16308154077038	0.0973539832307089	0.20656003514887084
118.29614807403702	0.09673327311973462	0.20642892698777707
118.42921460730365	0.09647075320147268	0.2065523071450216
118.56228114057028	0.09648271788766127	0.20693114282718525
118.69534767383692	0.09599341142846801	0.20683533009474586
118.82841420710355	0.09611291609430188	0.20680411165568
118.96148074037018	0.09646003835729787	0.20726828543032128
119.09454727363682	0.0966169146407087	0.207847360904965
119.22761380690345	0.09659794178954735	0.20789473267589298
119.36068034017008	0.09640383467924014	0.20775601379831946
119.49374687343672	0.09631687095040115	0.2077486900632363
119.62681340670335	0.09636872725293709	0.2080473897276128
119.75987993996998	0.0963182052888141	0.20768791826082977
119.89294647323662	0.09611860444057511	0.2074994366110161
120.02601300650325	0.0959423746633848	0.20761301616734565
120.15907953976988	0.096079120032506	0.20774293302768398
120.29214607303652	0.09642742317190904	0.20744413489259939
120.42521260630315	0.09639404304694657	0.2071482339524392
120.55827913956978	0.0966200807063632	0.20767369464066646
120.69134567283642	0.09683832122013818	0.20745354901734187
120.82441220610305	0.09684483874937833	0.20754434106356667
120.95747873936968	0.09681109690085704	0.2079910407758556
121.09054527263632	0.09674741492163152	0.2076320411822659
121.22361180590295	0.09693732783233815	0.2073328953162552
121.35667833916958	0.09706620845922236	0.20747323305826454
121.48974487243622	0.09728470501225575	0.2073993380171332
121.62281140570285	0.097453549524911	0.20682706208610074
121.75587793896948	0.0974218973711472	0.20669697063012418
121.88894447223612	0.09725523996969294	0.20684824560693613
122.02201100550275	0.09740544960924975	0.20662756982768626
122.15507753876938	0.09759271013198002	0.20640746077457986
122.28814407203602	0.09748474860197369	0.20651683639795898
122.42121060530265	0.09732906141759216	0.20683270949114066
122.55427713856928	0.09715889770753869	0.20704422416209106
122.68734367183592	0.09706368259443728	0.2060329276768891
122.82041020510255	0.09680118638454642	0.20534980008643916
122.95347673836918	0.09697487023383164	0.20539788265315875
123.08654327163582	0.09737709170596091	0.20526198855375244
123.21960980490245	0.09757352543918658	0.20488106836513004
123.35267633816908	0.09797849575873001	0.20466009803257504
123.48574287143572	0.09805684748899887	0.20452818304446826
123.61880940470235	0.09821365074682847	0.20457240566037665
123.75187593796898	0.09826906967891656	0.20463498843636196
123.88494247123562	0.09820076984415786	0.2049345256775688
124.01800900450225	0.09808497617803387	0.20526076706186633
124.15107553776888	0.09786498536498041	0.20529788816427555
124.28414207103552	0.09781328336558663	0.20535357889602693
124.41720860430215	0.0979115384241366	0.20506967424347405
124.55027513756878	0.09847117241876552	0.20504129115368416
124.68334167083542	0.09905539727357499	0.20538312512330523
124.81640820410205	0.0991750380149743	0.20497061891627608
124.94947473736867	0.0992178852742431	0.2051515227232859
125.08254127063532	0.09905335460030242	0.20533307235614703
125.21560780390195	0.09869913961040776	0.20525639548021135
125.34867433716857	0.09902885910996989	0.2052425106271407
125.48174087043522	0.09940799045989449	0.20503902630251927
125.61480740370185	0.09917880580463337	0.20549835258924043
125.74787393696847	0.09921684962864002	0.2055409382005204
125.88094047023512	0.09935785273546197	0.20521265106925876
126.01400700350175	0.09927673105267716	0.20569492467641604
126.14707353676837	0.09938117615979791	0.20620117431377064
126.28014007003502	0.09991456937576004	0.20591867903648783
126.41320660330165	0.10024275575472821	0.20628349195142026
126.54627313656827	0.1002588970073922	0.20616660023071176
126.67933966983492	0.10074190122292635	0.2058980059720524
126.81240620310155	0.10123905151782539	0.20587622360747893
126.94547273636817	0.10157545734615905	0.20595195763028606
127.07853926963482	0.10161483578611338	0.20621083187123074
127.21160580290145	0.10173253418745908	0.20580678156493437
127.34467233616807	0.10193827939542442	0.2053200777601609
127.47773886943472	0.10188097851325002	0.20513658224163922
127.61080540270135	0.10159369574913489	0.20518571083322668
127.74387193596797	0.10098272473034094	0.20494295436487234
127.87693846923462	0.10085890980184231	0.20472379681172656
128.01000500250126	0.10086339588254048	0.20391864279428473
128.1430715357679	0.10099004437545839	0.2036003282933878
128.27613806903452	0.10149109033997576	0.2036146816923037
128.40920460230114	0.10151879271383661	0.20321542808241644
128.54227113556777	0.10134899264017135	0.20253901843869426
128.6753376688344	0.1010725323291909	0.2023875399956332
128.80840420210106	0.10113036732884778	0.20260630169012156
128.9414707353677	0.10095163084112878	0.20285410344517762
129.07453726863432	0.10073779652873015	0.20269413129954642
129.20760380190094	0.10093712527500723	0.20231362729617974
129.34067033516757	0.10076051722242015	0.2024232024262484
129.4737368684342	0.10025536296660603	0.20246918699955907
129.60680340170086	0.10039881067034866	0.20229237821648546
129.7398699349675	0.10045627483774539	0.20244335241197597
129.87293646823412	0.1002827599641792	0.20275600992461107
130.00600300150074	0.10044853782479782	0.20267431521660983
130.13906953476737	0.10048805895720518	0.2026265218518927
130.272136068034	0.10020597277620658	0.20264137506653587
130.40520260130066	0.10013283520293398	0.20253956948185467
130.5382691345673	0.10022016217310882	0.20242473820816423
130.67133566783392	0.10024787009851968	0.2025420205969154
130.80440220110054	0.10031284106846958	0.2023007822397792
130.93746873436717	0.10036733381250565	0.20210539704523428
131.0705352676338	0.10054922173497692	0.20236785344255603
131.20360180090046	0.10051805908215294	0.20232078944081278
131.3366683341671	0.10034100191406609	0.20190598999135653
131.46973486743371	0.10026443559879823	0.20166443082547264
131.60280140070034	0.10019402477250913	0.20181030296823613
131.73586793396697	0.09994266519892193	0.20193253269330003
131.8689344672336	0.10002164367524138	0.2021022672771514
132.00200100050026	0.10002409625392153	0.20259150304121573
132.1350675337669	0.09979079929549238	0.20280176911956257
132.26813406703351	0.1000326900054209	0.2021909469793357
132.40120060030014	0.10041615222218442	0.20153709574457213
132.53426713356677	0.09994675148726204	0.20192743126275564
132.6673336668334	0.09944558302900797	0.20168563304303952
132.80040020010006	0.09927201936699506	0.2009528671503494
132.93346673336669	0.09902671418616031	0.20103810904186745
133.06653326663331	0.09908438575033539	0.20179684422555344
133.19959979989994	0.09898233052867797	0.2018108198071828
133.33266633316657	0.0991862469562747	0.20129783151381966
133.4657328664332	0.09936916233599148	0.20163402903872377
133.59879939969986	0.0996422633345725	0.20189167337389108
133.73186593296649	0.10018070897176702	0.2022209562357856
133.8649324662331	0.10037881017878754	0.202061375583379
133.99799899949974	0.10038883877703259	0.20266395273383908
134.13106553276637	0.10048009966314177	0.20292578338849585
134.264132066033	0.10095195876054373	0.20260879565438128
134.39719859929966	0.10121276967308065	0.20293865068170763
134.53026513256629	0.10142926806775235	0.20295832212721368
134.6633316658329	0.10164463334217583	0.20310664140825851
134.79639819909954	0.10174813310957577	0.2030660749714629
134.92946473236617	0.10192191534393766	0.2031290504473173
135.0625312656328	0.10158164281724479	0.2037425043706535
135.19559779889946	0.10154668574943754	0.204378764741596
135.32866433216608	0.10172386727613981	0.20412688796336848
135.4617308654327	0.10177690208865142	0.20426525609758156
135.59479739869934	0.10187513294808223	0.20474170257792387
135.72786393196597	0.10189971495107471	0.20460110108032453
135.8609304652326	0.10261049934020186	0.20502381769643632
135.99399699849926	0.10283528447190982	0.20485847752923908
136.12706353176588	0.10263695015934933	0.20433099036236718
136.2601300650325	0.10281898406166487	0.20399247470790496
136.39319659829914	0.10297815671271182	0.2036055073806339
136.52626313156577	0.10292727176981893	0.20371830808594235
136.65932966483243	0.10332991611744224	0.2037368577546982
136.79239619809906	0.1036418381224982	0.20402153324030825
136.92546273136568	0.10338835859143726	0.20384598421585365
137.0585292646323	0.10318421491253843	0.20369664302929638
137.19159579789894	0.1032650722617212	0.20423368210242468
137.32466233116557	0.1036294009489633	0.20438534084508744
137.45772886443223	0.10364328907305595	0.20403941555044097
137.59079539769886	0.10356609470077759	0.2040099345397557
137.72386193096548	0.10381538880114528	0.2046798565504688
137.8569284642321	0.10399147278142751	0.20521780639997783
137.98999499749874	0.10421624876757093	0.20502878095310506
138.12306153076537	0.10414566439686943	0.2047039289308318
138.25612806403203	0.10371156719832564	0.20514500094727045
138.38919459729865	0.10428307372548304	0.20588946680598283
138.52226113056528	0.10450612867366253	0.20622139118969265
138.6553276638319	0.10430159975191636	0.20573891680994205
138.78839419709854	0.10444809812068344	0.2053812189611584
138.92146073036517	0.10432028813464868	0.2054134570726746
139.05452726363183	0.10440726902434053	0.20512832571074574
139.18759379689845	0.1045275615864232	0.2047759718014763
139.32066033016508	0.1045838327505878	0.20467422695570045
139.4537268634317	0.10446455397088647	0.20439993341038143
139.58679339669834	0.10396123336448965	0.2042974474725468
139.71985992996497	0.10380380869855162	0.2044747414179512
139.85292646323163	0.1037917760558001	0.20496227094983718
139.98599299649825	0.10388177742622517	0.20575225596183763
140.11905952976488	0.10344476607766549	0.206553020458281
140.2521260630315	0.10304024488147841	0.2066448109457118
140.38519259629814	0.10308014874506617	0.20610519405530425
140.51825912956477	0.10329237860702167	0.20626131099539138
140.65132566283143	0.10344726869753476	0.20612014940275925
140.78439219609805	0.10315630754326742	0.20585563812214888
140.91745872936468	0.10311925514231493	0.20599523529505248
141.0505252626313	0.10286653145729392	0.20573303132494092
141.18359179589794	0.10273106142081895	0.20603661816206342
141.31665832916457	0.1029840902827993	0.20661828749290811
141.44972486243122	0.1032611860911439	0.20655958921271728
141.58279139569785	0.10331970600445366	0.2063488340656683
141.71585792896448	0.10363140486599891	0.20660480152782718
141.8489244622311	0.10352246328642935	0.2071817331999053
141.98199099549774	0.10307861495704997	0.2073200381644212
142.11505752876437	0.10342001986185449	0.207027040020675
142.24812406203102	0.10373644443206834	0.20712357497102196
142.38119059529765	0.10379719380281129	0.20734365468550753
142.51425712856428	0.1035486764855098	0.2072375243108086
142.6473236618309	0.10387471801979775	0.2070267946219164
142.78039019509754	0.10429998046923993	0.20671602263577976
142.91345672836417	0.10468258479627093	0.20670373357124375
143.04652326163082	0.10484967902538125	0.20652260595959407
143.17958979489745	0.10458616203793733	0.20650634190728437
143.31265632816408	0.10477771523565522	0.2063001031953979
143.4457228614307	0.10510393610893555	0.2059825404512808
143.57878939469734	0.10519495051892755	0.20578262527265612
143.71185592796397	0.10545240087119792	0.20603344772194904
143.84492246123062	0.10548824421802615	0.20641913560400632
143.97798899449725	0.10490517301289448	0.2060340894902943
144.11105552776388	0.10465449548199442	0.20594088577749578
144.2441220610305	0.10469963242708336	0.20598866817091868
144.37718859429714	0.10464904120388598	0.20573253667520708
144.51025512756377	0.10476754080947337	0.20621369110500484
144.64332166083042	0.104730910512479	0.20646480482685567
144.77638819409705	0.10491087582983855	0.20619610820606057
144.90945472736368	0.1051406036812301	0.2059988498288662
145.0425212606303	0.10494173312417823	0.20638351706784389
145.17558779389694	0.10463900787215599	0.20666693730994926
145.30865432716357	0.10467977536728243	0.20659334309394514
145.44172086043022	0.10463936423591234	0.20611463497286842
145.57478739369685	0.10463976763115744	0.2059055981157693
145.70785392696348	0.10459493112914188	0.2056015702958418
145.8409204602301	0.10466441817796727	0.2055655902226434
145.97398699349674	0.10432924387005524	0.2053674156671188
146.10705352676337	0.10406079334498361	0.2049792129068125
146.24012006003002	0.10395879446997629	0.20565384287937302
146.37318659329665	0.10366569324158374	0.20639801348256234
146.50625312656328	0.10389639513689966	0.20611266939883663
146.6393196598299	0.1037338870132896	0.2051870455766213
146.77238619309654	0.10369858997221781	0.2054921887829711
146.90545272636317	0.10382342015394284	0.2057939868541844
147.03851925962982	0.10407736725553547	0.2056390754371361
147.17158579289645	0.10338519351209309	0.20541349764928726
147.30465232616308	0.10327775519834345	0.20516782396286184
147.4377188594297	0.10328681455718389	0.20524119828027962
147.57078539269634	0.1026651821846279	0.20508340390278193
147.70385192596297	0.10292394223133437	0.20542759201156174
147.83691845922962	0.10262635524105522	0.20488784498917073
147.96998499249625	0.10254722660661723	0.20455529294792898
148.10305152576288	0.10261105587230812	0.2046237046713148
148.2361180590295	0.10241817986210844	0.2039907689268759
148.36918459229614	0.102884624847708	0.20431511066488997
148.50225112556276	0.10336642582827478	0.20448535192174652
148.63531765882942	0.10303529665018994	0.20452386822954374
148.76838419209605	0.10320822375509477	0.2043083009257636
148.90145072536268	0.10353568841528127	0.20412065721363234
149.0345172586293	0.10393243734042128	0.2047510165622037
149.16758379189594	0.10420149585465391	0.2049703076014288
149.30065032516256	0.10420929126052408	0.2047785699345088
149.43371685842922	0.10431951509095451	0.20491191209501552
149.56678339169585	0.10418793502060333	0.20509985156940466
149.69984992496248	0.10424686573479956	0.20514452615146087
149.8329164582291	0.1044146701587332	0.20542722982392625
149.96598299149574	0.10441308682712991	0.20544102213401005
150.09904952476236	0.10443486348395802	0.2059329440509012
150.23211605802902	0.10433938092209576	0.20612170944962363
150.36518259129565	0.10428162924036781	0.2055585750420563
150.49824912456228	0.10435268348280959	0.20567149306473845
150.6313156578289	0.10445667947726985	0.20632994799073037
150.76438219109554	0.10450068829630384	0.20701289878771995
150.89744872436216	0.10469892671293479	0.2069788540884654
151.03051525762882	0.10473484833646886	0.20682714192056842
151.16358179089545	0.10484698589699207	0.20722510590719953
151.29664832416208	0.10441987499359474	0.20677502965267913
151.4297148574287	0.10402033600376145	0.20623312835323077
151.56278139069533	0.10426484145922307	0.2061483604074204
151.69584792396196	0.10458654135716043	0.20597909615706303
151.82891445722862	0.10497377396054695	0.2056080581952609
151.96198099049525	0.1047813831411829	0.20516252138334068
152.09504752376188	0.10428758264862945	0.20540383312428298
152.2281140570285	0.10378043920547089	0.20530978966657806
152.36118059029513	0.1035083867566574	0.20522531951745998
152.49424712356176	0.10364444352155762	0.20573492653176062
152.62731365682842	0.10389353433299271	0.20532206445242687
152.76038019009505	0.10415168059135965	0.20494664159248618
152.89344672336168	0.10427476683828381	0.2051374905622417
153.0265132566283	0.1041669577424819	0.20490025015799754
153.15957978989493	0.10425598990075666	0.20509850258367684
153.2926463231616	0.1047061483362836	0.20539372562322886
153.42571285642822	0.10477390418421458	0.20541946026728355
153.55877938969485	0.10452397702812258	0.20543372625828923
153.69184592296148	0.10473560602961154	0.20551729348812048
153.8249124562281	0.10471021799098813	0.20624108557592796
153.95797898949473	0.10470385295278066	0.20639852972902628
154.0910455227614	0.10410411232680332	0.20646696498002784
154.22411205602802	0.10398581182445654	0.2071625737942505
154.35717858929465	0.10431012309177615	0.20730887774037793
154.49024512256128	0.10465336004765953	0.20756250205582552
154.6233116558279	0.10459137010016924	0.2078996974270847
154.75637818909453	0.10450998639302317	0.20818931988121592
154.8894447223612	0.10484568616915474	0.20836641868515016
155.02251125562782	0.10507289246614199	0.20837353756310076
155.15557778889445	0.10531245034458715	0.20847470834818324
155.28864432216108	0.10486103049721228	0.20843204878702246
155.4217108554277	0.10477674231663363	0.20845615156655012
155.55477738869433	0.10507402978455427	0.20799050998754975
155.687843921961	0.10553189724489226	0.20808293829808153
155.82091045522762	0.1057695755096698	0.20766098999468469
155.95397698849425	0.10616239477858049	0.20778779069390735
156.08704352176088	0.1059971017364116	0.20734829950576578
156.2201100550275	0.10587536507798731	0.20699663648809272
156.35317658829413	0.10594610450944128	0.20662621347073654
156.4862431215608	0.10590938713915057	0.20603883120104777
156.61930965482742	0.1060403481829924	0.20594000644459926
156.75237618809405	0.10623255207974347	0.20641743404962654
156.88544272136068	0.10651577049595407	0.20654368585863175
157.0185092546273	0.10656535506989616	0.20651308072415978
157.15157578789393	0.10643140480344092	0.20654261282634498
157.2846423211606	0.10650903848323803	0.20665864561229266
157.41770885442722	0.10650224254228793	0.2067772595127775
157.55077538769385	0.10632745126729631	0.20631470025831433
157.68384192096048	0.1063000599209576	0.20603940639324447
157.8169084542271	0.10660348385806666	0.2065657256818944
157.94997498749373	0.10688116063886319	0.20617849659191792
158.0830415207604	0.10710164958188745	0.20552712170134568
158.21610805402702	0.10706671192729104	0.20514948865586696
158.34917458729365	0.10681230741807776	0.20493500268609413
158.48224112056027	0.1066190902117261	0.20495047719477202
158.6153076538269	0.10632292816642641	0.20476183921384086
158.74837418709353	0.10656497847740071	0.20471958579334887
158.8814407203602	0.10643591541808414	0.20510590161266432
159.01450725362682	0.10633133264008543	0.20555386968799533
159.14757378689345	0.1063964757762974	0.20553976867921975
159.28064032016007	0.10651071292040633	0.20627022676657472
159.4137068534267	0.10666043441660082	0.2070044482739935
159.54677338669333	0.10622711423709795	0.20725840297375797
159.67983991996	0.10603417899315402	0.20731198996015626
159.81290645322662	0.106311269523767	0.20772314683213147
159.94597298649325	0.10645261629584625	0.2076546266949819
160.07903951975987	0.10640511040512962	0.207733116501969
160.2121060530265	0.10635592665891562	0.20783667473745732
160.34517258629313	0.106255825476347	0.2082853022419046
160.4782391195598	0.10591980202315077	0.20866674775170854
160.61130565282642	0.1053980631275077	0.20871045524141235
160.74437218609305	0.10549345462436922	0.20917484487670826
160.87743871935967	0.10572792348501554	0.20912773178147956
161.0105052526263	0.10597133579495113	0.20900951179012345
161.14357178589293	0.10571850825718751	0.20948965285668117
161.2766383191596	0.10536001894597358	0.208922061777331
161.40970485242622	0.10548922911324474	0.2087420301975969
161.54277138569284	0.10572012812551194	0.2087990861288646
161.67583791895947	0.10577533615750934	0.20849114177711578
161.8089044522261	0.10535045543394082	0.20825364778275254
161.94197098549273	0.10504934122514073	0.20812202371994712
162.0750375187594	0.10505523844635802	0.2076286046042698
162.20810405202602	0.10490280350515206	0.20727015274607777
162.34117058529264	0.10456981308102967	0.20696199498598555
162.47423711855927	0.10424324767983842	0.20741869672663765
162.6073036518259	0.1042350014349592	0.2080358538019948
162.74037018509253	0.10447316415915742	0.20802577509528275
162.8734367183592	0.10475416235687586	0.20799380790967034
163.00650325162582	0.10462967576145889	0.20821303032635533
163.13956978489244	0.1042973033025494	0.2087348304989404
163.27263631815907	0.1045966987709916	0.2086587731659686
163.4057028514257	0.10468952791892723	0.20824473339128577
163.53876938469233	0.1047271158793859	0.20821501890349473
163.671835917959	0.10510560789437963	0.2079973645864842
163.80490245122562	0.10502251962559885	0.20764147758135992
163.93796898449224	0.10482149324976159	0.20728997811331223
164.07103551775887	0.10528855953780947	0.2078515404834179
164.2041020510255	0.10556865149110951	0.20849935268230316
164.33716858429213	0.10565792735425711	0.2085950662842671
164.4702351175588	0.10619871979170908	0.20870462914501314
164.60330165082541	0.10601884903244907	0.20811010369023333
164.73636818409204	0.10590811585904675	0.20712367565393291
164.86943471735867	0.10585745816526819	0.20766320707054578
165.0025012506253	0.10545358285092646	0.20797100755865636
165.13556778389193	0.10562028593056924	0.20818440252891657
165.2686343171586	0.10549920654858976	0.20858935416098645
165.40170085042521	0.10536559614059492	0.20861866063190146
165.53476738369184	0.10555676098636561	0.20822387412316518
165.66783391695847	0.10546489113036506	0.20718779443131982
165.8009004502251	0.10572067153050246	0.20684360214557007
165.93396698349173	0.10602387250328986	0.2069885151540041
166.06703351675839	0.10628838335725856	0.2069250157853164
166.20010005002501	0.10638052761229327	0.2067001662957502
166.33316658329164	0.10645198749304872	0.206302690448858
166.46623311655827	0.10601082780028051	0.20655180755247177
166.5992996498249	0.10571068367669104	0.2071890069556314
166.73236618309153	0.10611958896850388	0.20693492244177142
166.86543271635819	0.1061641949682917	0.20602775815070457
166.9984992496248	0.10638458932971921	0.20600026635728078
167.13156578289144	0.1062638184994678	0.20665434827895846
167.26463231615807	0.10608180736455686	0.20678760159089749
167.3976988494247	0.1060608823530823	0.2065791278262731
167.53076538269133	0.10560782313760142	0.20747516077501138
167.66383191595799	0.10561795240435154	0.20794346970518698
167.7968984492246	0.10598670119485071	0.20754797523843646
167.92996498249124	0.10583746930765317	0.2075049477105743
168.06303151575787	0.1058420628437756	0.2081378730324346
168.1960980490245	0.10609018311903576	0.2086774240522517
168.32916458229113	0.1056497898052313	0.20836428798888795
168.46223111555778	0.10581535999648893	0.20804586804554082
168.5952976488244	0.10587176766454712	0.20836442333498784
168.72836418209104	0.10581006510314557	0.20832190800787045
168.86143071535767	0.10629261569053904	0.20765468783254423
168.9944972486243	0.10652345202565815	0.20740701349497634
169.12756378189093	0.10639767505153237	0.20772644274785604
169.26063031515758	0.10659241926544286	0.2083886904745697
169.3936968484242	0.10700672747041672	0.20902937664937302
169.52676338169084	0.10712894343480636	0.20906344545253505
169.65982991495747	0.10756418175114926	0.20888474639970228
169.7928964482241	0.10707818797382478	0.20798893111630376
169.92596298149073	0.10673387167628541	0.2079149475910425
170.05902951475738	0.10682124925179293	0.20800586269762825
170.192096048024	0.10640953207528672	0.20782200666712847
170.32516258129064	0.10654031566427521	0.20795592301794755
170.45822911455727	0.10675593174075233	0.2075812844607868
170.5912956478239	0.10678157784836044	0.20775466379097085
170.72436218109056	0.10638007300709058	0.2080192520877621
170.85742871435718	0.10665868303193407	0.20768582648977998
170.9904952476238	0.1067682275828763	0.2076469546829049
171.12356178089044	0.10685517705332342	0.20799302136886572
171.25662831415707	0.10771886001097905	0.20847211062900353
171.3896948474237	0.10817518806527199	0.20899506562105466
171.52276138069035	0.10800118109588916	0.2094533597829799
171.65582791395698	0.1075778742250083	0.20974294188607123
171.7888944472236	0.10777190783044657	0.2092356858272109
171.92196098049024	0.10797527337199732	0.2088116687130805
172.05502751375687	0.10759025478376157	0.2084982491733292
172.1880940470235	0.10712203844431849	0.2080399112666204
172.32116058029015	0.1075373980093175	0.20759951043717673
172.45422711355678	0.10804020667439389	0.2073836972392782
172.5872936468234	0.10807976610284066	0.20705474767128526
172.72036018009004	0.10769345498626996	0.20702143136426618
172.85342671335667	0.10761171613727209	0.20757232918168234
172.9864932466233	0.10778133086198731	0.20791495046246986
173.11955977988995	0.10815558408220212	0.20826460064385083
173.25262631315658	0.1086334290697937	0.20862041131246017
173.3856928464232	0.10830624124714114	0.20896522335295412
173.51875937968984	0.10809008169228619	0.2090609828157956
173.65182591295647	0.10825665294844151	0.20869211850772482
173.7848924462231	0.10856778550023573	0.20849675176126672
173.91795897948975	0.10933003711683882	0.20832130682763048
174.05102551275638	0.10916192244057937	0.20858391864570047
174.184092046023	0.10896702746949871	0.20833426611288824
174.31715857928964	0.10919384545245671	0.2083526221710362
174.45022511255627	0.10934806592771225	0.20880063281187097
174.5832916458229	0.10881027839080003	0.20953089563056945
174.71635817908955	0.10794973016084634	0.20996293728034965
174.84942471235618	0.10777519699481446	0.21048156028393233
174.9824912456228	0.10759722126198369	0.21030954713030717
175.11555777888944	0.10752258071925702	0.20988243118087882
175.24862431215607	0.10776454988569786	0.20939580612041556
175.3816908454227	0.10782432234354355	0.2091439407611401
175.51475737868935	0.10794081438139902	0.20881309973713186
175.64782391195598	0.10758657296270539	0.20792981086044135
175.7808904452226	0.1077804174975594	0.20771136471085538
175.91395697848924	0.1076666055203565	0.20829018280402778
176.04702351175587	0.10777799777329457	0.2079096665623064
176.1800900450225	0.10765660536207157	0.207981540622885
176.31315657828915	0.10755614175063812	0.20799790259884018
176.44622311155578	0.10776567508860659	0.20865547388170538
176.5792896448224	0.10760904349544233	0.20876938558818206
176.71235617808904	0.10683904026087769	0.20882517177236642
176.84542271135567	0.10710552976831846	0.2088910010839416
176.9784892446223	0.10692085360572529	0.20934455969307234
177.11155577788895	0.10691189958468555	0.2097694837811929
177.24462231115558	0.10705761062434402	0.21010329547837622
177.3776888444222	0.10721094038331713	0.209646225566394
177.51075537768884	0.10784154922513096	0.21057582134036656
177.64382191095547	0.10761341734739564	0.21061749174291525
177.7768884442221	0.10697064933243895	0.20995306268668035
177.90995497748875	0.10703776690845064	0.20981848453763866
178.04302151075538	0.10694774826877206	0.20990301817092086
178.176088044022	0.10670893114934846	0.21001817679780466
178.30915457728864	0.10637036310069081	0.20952268710714922
178.44222111055527	0.1066039420117867	0.2086833802686597
178.5752876438219	0.10688915936055374	0.20853417728933638
178.70835417708855	0.10616289550176887	0.20848104677101667
178.84142071035518	0.10608550032629768	0.20820759775261807
178.9744872436218	0.10655320398467819	0.20770402196950952
179.10755377688844	0.10677110882859281	0.20704112065723787
179.24062031015507	0.10691118698078775	0.20784332762081056
179.3736868434217	0.1067947784129169	0.20804512760558602
179.50675337668835	0.10683775790911455	0.20773552949341936
179.63981990995498	0.10715569081520528	0.20796170509248288
179.7728864432216	0.10734050269940415	0.2070297928883764
179.90595297648824	0.10746334981724291	0.20704999548118086
180.03901950975487	0.1074591815814698	0.2078770571963521
180.1720860430215	0.10749361006513233	0.20797862619262383
180.30515257628815	0.107923355639898	0.2075265680838682
180.43821910955478	0.10770513497140932	0.20753583619967286
180.5712856428214	0.10786514283858165	0.20728368636207256
180.70435217608804	0.1080797129120962	0.20703114973963757
180.83741870935467	0.10797211409916141	0.2073257942276437
180.9704852426213	0.10803195480098501	0.2073625807378381
181.10355177588795	0.10784124052617457	0.20757069737414421
181.23661830915458	0.10793591480093627	0.20706443949112832
181.3696848424212	0.10805635403409725	0.20690460847010467
181.50275137568784	0.10814147261347719	0.20699936260475202
181.63581790895446	0.1081842758620487	0.20767224200391712
181.7688844422211	0.10838673339114473	0.20727805785031664
181.90195097548775	0.1082730496300972	0.2073412373628734
182.03501750875438	0.1084506209063552	0.20722684317581133
182.168084042021	0.10881041489497695	0.20723471005395994
182.30115057528764	0.10897172023944988	0.20723623434291694
182.43421710855426	0.10865195538121868	0.20742212073712968
182.5672836418209	0.10890287923412315	0.20750122147538977
182.70035017508755	0.10864561959137217	0.20769985118003859
182.83341670835418	0.10859417837170242	0.20773059265207608
182.9664832416208	0.1085726061803117	0.2075466861354711
183.09954977488744	0.10856865797550516	0.20754972803151064
183.23261630815406	0.10825986161330595	0.20724050754138446
183.3656828414207	0.10790054224888808	0.20723007087860268
183.49874937468735	0.1077328797120253	0.20743411833466655
183.63181590795398	0.10788855199097248	0.20775004057845736
183.7648824412206	0.10827434391030358	0.20781568131677908
183.89794897448724	0.10774382315716663	0.20815359666432415
184.03101550775386	0.10771821996854757	0.20758842950166728
184.1640820410205	0.1080259819350852	0.2073775603373353
184.29714857428715	0.10812771537355202	0.20784476693580728
184.43021510755378	0.10790418034112345	0.207690370249929
184.5632816408204	0.10777465636202321	0.20756746416069624
184.69634817408703	0.10786011359754792	0.20739203790659883
184.82941470735366	0.1079494346067025	0.20740440995509635
184.9624812406203	0.10825106474247408	0.20677711054978462
185.09554777388695	0.10807135238517142	0.2066169307962346
185.22861430715358	0.10795063366251738	0.20692681658035478
185.3616808404202	0.10784489535537473	0.20707985185638014
185.49474737368683	0.10790871868141967	0.20754402992959567
185.62781390695346	0.10793386478489651	0.20762915848866484
185.7608804402201	0.10791071281690592	0.2071240426623404
185.89394697348675	0.1082751224790141	0.20686816089226787
186.02701350675338	0.10861385135425501	0.20755114115267634
186.16008004002	0.10846090050284184	0.20793535061762308
186.29314657328663	0.10849540506568003	0.20794727370712265
186.42621310655326	0.1084305868831936	0.20804871967616423
186.5592796398199	0.10820737693426082	0.20798045306332583
186.69234617308655	0.1084193480361262	0.2076181625816914
186.82541270635318	0.10838642601367161	0.20801805854358793
186.9584792396198	0.10806408546298844	0.20809480641654535
187.09154577288643	0.10816831170855638	0.20733476994362057
187.22461230615306	0.10807411459005499	0.2071968803961935
187.3576788394197	0.1084310581233638	0.20729129089152762
187.49074537268635	0.10847811541987103	0.2070286303662955
187.62381190595298	0.10844438515582801	0.206808199419945
187.7568784392196	0.10851356044372369	0.20718210240357485
187.88994497248623	0.10844418397235388	0.20773911239859152
188.02301150575286	0.10820430211754589	0.2074007353752455
188.15607803901952	0.10780000355575844	0.20728464075195616
188.28914457228615	0.10695601873882024	0.20751803777552721
188.42221110555278	0.10676799125471528	0.20822689848459014
188.5552776388194	0.10669668154165886	0.20816669970503057
188.68834417208603	0.10681570331702786	0.20734694087603595
188.82141070535266	0.10715790063438409	0.20751939989582283
188.95447723861932	0.10680428664725275	0.20696950228224528
189.08754377188595	0.10743183436757152	0.20720157184586205
189.22061030515258	0.10791435546254083	0.20744304317797946
189.3536768384192	0.10790205923466552	0.20749244652450977
189.48674337168583	0.10759618069238054	0.20697608364261436
189.61980990495246	0.10724894080012663	0.20699613020968974
189.75287643821912	0.10758544507787446	0.2071958855410053
189.88594297148575	0.10788317154834341	0.2072368797900451
190.01900950475238	0.10764426269590333	0.20720240033025447
190.152076038019	0.10720974164057437	0.2073218511345694
190.28514257128563	0.10762494546896433	0.2077837056661025
190.41820910455226	0.10752558696307513	0.2073139726309513
190.55127563781892	0.10759950505551122	0.20786106133255797
190.68434217108555	0.10778498090362172	0.20761482505477058
190.81740870435218	0.10731226536371825	0.2077417601646903
190.9504752376188	0.10722865080099327	0.2079598632607971
191.08354177088543	0.10730033172271095	0.2076806511142051
191.21660830415206	0.1068694304668571	0.2078647734332996
191.34967483741872	0.10696835985122849	0.20812382015112857
191.48274137068535	0.10699715135259893	0.2078683400527521
191.61580790395197	0.10695339484278743	0.20749091656334936
191.7488744372186	0.10705655670958106	0.20709328334822952
191.88194097048523	0.10729127510553586	0.20762358898173153
192.01500750375186	0.1072134922334045	0.20816869442785899
192.14807403701852	0.10657121145347705	0.2077093631990811
192.28114057028515	0.1069307337846259	0.20757268963182687
192.41420710355177	0.10731485220906263	0.2076116282817768
192.5472736368184	0.10712897268019463	0.20736230094488922
192.68034017008503	0.107067353887062	0.20770159860273152
192.81340670335166	0.10667197150774822	0.20764336498304473
192.94647323661832	0.10620521608865124	0.20835390512512436
193.07953976988495	0.10618186313841384	0.20877327146551028
193.21260630315157	0.10605584276016475	0.20925473335519493
193.3456728364182	0.10620773809157652	0.20907083219078826
193.47873936968483	0.1059585299294062	0.20954907148879479
193.61180590295146	0.10579931634296233	0.20891249704947087
193.74487243621812	0.10616052877978562	0.20823304107922844
193.87793896948475	0.10618425663791253	0.20811597339960722
194.01100550275137	0.10654624254408662	0.20829164513673448
194.144072036018	0.10698544089427879	0.20834876743192077
194.27713856928463	0.10670388746868552	0.2092943857862683
194.41020510255126	0.10675581620675968	0.20935145096218236
194.54327163581792	0.10624246227406935	0.20921386740466072
194.67633816908454	0.10597661037952148	0.20905540618577878
194.80940470235117	0.10596572298767637	0.20923962126379456
194.9424712356178	0.10564271916954618	0.20921641621753972
195.07553776888443	0.10615919549492653	0.20894880739120478
195.20860430215106	0.10606399904157424	0.20824062041673366
195.34167083541772	0.10652600777405355	0.2079532918595381
195.47473736868434	0.10636646870527634	0.20859627562980756
195.60780390195097	0.10630959013551497	0.20869432044626965
195.7408704352176	0.10645796272968443	0.208952748478639
195.87393696848423	0.10669899794536183	0.2092767671099004
196.00700350175086	0.10709209509792023	0.20911614024883973
196.14007003501752	0.10747644062537356	0.2086672715313147
196.27313656828414	0.10766957813898886	0.20816802733138876
196.40620310155077	0.10768273329801957	0.20813086881816611
196.5392696348174	0.10761152479115484	0.20781124426265463
196.67233616808403	0.1078961944208674	0.20797979420352553
196.80540270135066	0.10800560202652014	0.20840199772236415
196.93846923461732	0.10803260655032762	0.20783101014399205
197.07153576788394	0.10811535657155406	0.20820658278961882
197.20460230115057	0.10785848015177012	0.20855123884971824
197.3376688344172	0.10794911422009937	0.2089591636770058
197.47073536768383	0.10793414635445137	0.20933790271468106
197.60380190095046	0.10781661306887842	0.2092697238539001
197.73686843421712	0.10800302799920025	0.20972421892567888
197.86993496748374	0.10788105553724876	0.2102437074982777
198.00300150075037	0.10818140768929242	0.21032360693678598
198.136068034017	0.10800978106897541	0.2103575350830032
198.26913456728363	0.10780982138973712	0.21028900980718143
198.40220110055026	0.10767379019946055	0.20989054773042992
198.53526763381691	0.10752436625515006	0.20986973011909804
198.66833416708354	0.10776718515856186	0.20921785250145467
198.80140070035017	0.1074241092994419	0.20877432899076717
198.9344672336168	0.10714158708203991	0.2087805059422756
199.06753376688343	0.10740678544156018	0.2084375534687677
199.20060030015006	0.10742903327090601	0.2076539150669781
199.33366683341671	0.1072383218559758	0.2074530625654066
199.46673336668334	0.10739328895945147	0.20782641961533907
199.59979989994997	0.10717754580843845	0.20766179608725924
199.7328664332166	0.10743162172989044	0.2075274747319011
199.86593296648323	0.10739087713878483	0.20795055038655616
199.99899949974986	0.1071754973270199	0.20789168517637088
200.1320660330165	0.10726624906719857	0.20775546628490113
200.26513256628314	0.10725356029129654	0.20801290924225954
200.39819909954977	0.10728524938668292	0.20787618875831618
200.5312656328164	0.10734368377176878	0.20782700975070573
200.66433216608303	0.10726484750398457	0.20793052500222262
200.79739869934966	0.10752493274037309	0.20774178532156498
200.9304652326163	0.10740785364756478	0.20810609257963428
201.06353176588294	0.10681094825918347	0.20829077026421058
201.19659829914957	0.10731317434516185	0.2083476485823207
201.3296648324162	0.10744922365017433	0.20851327521998256
201.46273136568283	0.10744792399364932	0.20815515201329152
201.59579789894946	0.10790552761893876	0.20817555285526476
201.7288644322161	0.10819835093410417	0.20818248165261574
201.86193096548274	0.10811242084006385	0.20820228533293705
201.99499749874937	0.1085685306384349	0.20778941433916429
202.128064032016	0.10876280750706918	0.20824064640210935
202.26113056528263	0.10910834784728683	0.20819106008710506
202.39419709854926	0.10935882836418663	0.20842778613992652
202.5272636318159	0.10916545248268543	0.208601579553912
202.66033016508254	0.10879045061891028	0.20875864378183037
202.79339669834917	0.10854302705773171	0.20862079200468783
202.9264632316158	0.10890451160534062	0.20873472556503272
203.05952976488243	0.10897478457579103	0.20886029834908132
203.19259629814906	0.10861867934084289	0.2088445725768965
203.3256628314157	0.10849298593692057	0.208874221017885
203.45872936468234	0.10874663243505316	0.20934000501707756
203.59179589794897	0.1088995807761468	0.2092229203146756
203.7248624312156	0.10861635962748131	0.20978164017921733
203.85792896448223	0.10895666628753034	0.21003526794021
203.99099549774886	0.10872362739215508	0.20988006305324275
204.1240620310155	0.10835815290470494	0.21006868789042896
204.25712856428214	0.10827378691526578	0.2094911341237216
204.39019509754877	0.10826012083808785	0.20931349966954982
204.5232616308154	0.10859023105266294	0.20948609420601896
204.65632816408203	0.10848704152074619	0.20933564563659462
204.78939469734868	0.10816700011429368	0.20927728854327587
204.9224612306153	0.10845074514194977	0.20886122756630773
205.05552776388194	0.10850894242293938	0.20835315365052837
205.18859429714857	0.10813906689796818	0.2080562089706815
205.3216608304152	0.10813642162499558	0.20826416399759687
205.45472736368183	0.10836938743738843	0.20814742503518652
205.58779389694848	0.10821389867146422	0.20881077906471784
205.7208604302151	0.10836590384358594	0.2086868054956402
205.85392696348174	0.10847324703737382	0.20868855668631633
205.98699349674837	0.1089167081302223	0.20916551162611913
206.120060030015	0.10893056812934836	0.20927218032212835
206.25312656328163	0.10904051884833771	0.20919711929583112
206.38619309654828	0.10943574201082344	0.20878466769413775
206.5192596298149	0.10960800448473117	0.20818224025005833
206.65232616308154	0.10983110434858308	0.2084384141119439
206.78539269634817	0.11024996399335625	0.20841093939313057
206.9184592296148	0.11000332909846629	0.2085299291604631
207.05152576288143	0.10952860620609278	0.20803068324133764
207.18459229614808	0.10950913616072962	0.20794142812019628
207.3176588294147	0.10961712431254131	0.2073562922414116
207.45072536268134	0.10932650661865585	0.2070262403699803
207.58379189594797	0.10923850527447795	0.2073230850380629
207.7168584292146	0.10962671992801977	0.20738257746037247
207.84992496248123	0.10941549771139306	0.2074273690903351
207.98299149574788	0.10940216118151558	0.20743038408392367
208.1160580290145	0.1097473937974047	0.20736556547946836
208.24912456228114	0.10940515859391932	0.20708156327176402
208.38219109554777	0.10934317041112007	0.20648910390554204
208.5152576288144	0.1094355539544651	0.20583245788703733
208.64832416208102	0.1101031499562478	0.2058111244418784
208.78139069534768	0.10997768783443686	0.2060992064879852
208.9144572286143	0.11012242372398907	0.20647021218650716
209.04752376188094	0.1103978688086764	0.2062782406430394
209.18059029514757	0.11054911478346062	0.20629912832057368
209.3136568284142	0.11053690666360928	0.20672187385215174
209.44672336168082	0.11043779378309054	0.20663543790979658
209.57978989494748	0.11010874377714448	0.20578478272317743
209.7128564282141	0.10997786025907924	0.20603880614020814
209.84592296148074	0.10954419964229428	0.2066859534688396
209.97898949474737	0.10975565348416562	0.20595155034132628
210.112056028014	0.10990407640895039	0.20626295279332293
210.24512256128062	0.11013623276046677	0.20673485156068278
210.37818909454728	0.11017279703395984	0.20723549459406843
210.5112556278139	0.1095930897928293	0.20681189518377255
210.64432216108054	0.10895838222417552	0.20734862777161744
210.77738869434717	0.10899068822300671	0.20757867568469152
210.9104552276138	0.10905046622367175	0.20734658806825518
211.04352176088042	0.10864854071156886	0.20827653451531716
211.17658829414708	0.10887890865142873	0.2079994914410609
211.3096548274137	0.10916942120420783	0.2078560209070543
211.44272136068034	0.10939077903309254	0.20840284689768063
211.57578789394697	0.10907131762578678	0.20853431709824677
211.7088544272136	0.1082878098823723	0.2085192506266137
211.84192096048022	0.1078737111832942	0.20814914810968063
211.97498749374688	0.10795108112584295	0.20789023986921532
212.1080540270135	0.10799734543027101	0.2079740753206448
212.24112056028014	0.10820133095931433	0.20813834716612278
212.37418709354677	0.10821904772898563	0.20776609592521364
212.5072536268134	0.10800313508779981	0.20795470788676623
212.64032016008002	0.10857443419482796	0.2077906328214108
212.77338669334668	0.10890547523870184	0.2074590813281229
212.9064532266133	0.109032011579986	0.20718739403333628
213.03951975987994	0.10892719424697339	0.2076183384926887
213.17258629314657	0.10899740541797337	0.20832497417794738
213.3056528264132	0.10953079933370248	0.208343313801087
213.43871935967982	0.1094979788970108	0.20831528462885487
213.57178589294648	0.10961805283271224	0.20864218199129425
213.7048524262131	0.1094838332005459	0.2080646060706714
213.83791895947974	0.1095696025657044	0.20816194842054614
213.97098549274637	0.10964021278189676	0.20839437400121064
214.104052026013	0.10923947964830473	0.2089142652007951
214.23711855927962	0.10932735446835766	0.20878199784822588
214.37018509254628	0.10956851599530341	0.20871097164137725
214.5032516258129	0.10955698079625716	0.20856961459620338
214.63631815907954	0.10918642081723656	0.20884842875055293
214.76938469234616	0.10944648151337182	0.209009806175444
214.9024512256128	0.1094369768348913	0.2084685251943411
215.03551775887942	0.10954667559522775	0.20847796370847282
215.16858429214608	0.1101656572184472	0.20857616079835042
215.3016508254127	0.11073215076724655	0.2084046983392477
215.43471735867934	0.11078257959902785	0.20872466407964244
215.56778389194596	0.11055363543690813	0.20883986133603302
215.7008504252126	0.1106613729558194	0.20879035452766723
215.83391695847922	0.11057559639857373	0.2093411375367143
215.96698349174588	0.11069063611317738	0.20868960909598785
216.1000500250125	0.11076027866341753	0.20854976071588666
216.23311655827914	0.11099359700719746	0.20878455566407397
216.36618309154576	0.11079034091395844	0.20847719635648032
216.4992496248124	0.11055446290296878	0.20824525144435158
216.63231615807902	0.11065011016551628	0.20893086030312838
216.76538269134568	0.109948074709192	0.20921515732092394
216.8984492246123	0.11014875424257403	0.20906224798122933
217.03151575787894	0.10967263703155865	0.2091416331580182
217.16458229114556	0.1098021707276233	0.20880914058114985
217.2976488244122	0.10994363217117062	0.20873046092646155
217.43071535767882	0.10978694571528688	0.20878737762996155
217.56378189094548	0.10953676699963605	0.2087686221390633
217.6968484242121	0.1094509186346781	0.20845972554571712
217.82991495747874	0.10950188245271472	0.20879732524063802
217.96298149074536	0.1094552413637526	0.2086526528372208
218.096048024012	0.10957857147582889	0.20897319191188596
218.22911455727862	0.10967746400197358	0.2090747315114611
218.36218109054528	0.10950546263594747	0.20821230442536692
218.4952476238119	0.10980594015157119	0.20815257383772268
218.62831415707853	0.10925911679693247	0.20792722107919964
218.76138069034516	0.10965336589263863	0.20758356358514027
218.8944472236118	0.1094737457243548	0.20792539158467654
219.02751375687842	0.10942749521239795	0.2078006106932596
219.16058029014508	0.10907382595550526	0.20733400793510198
219.2936468234117	0.10900562485923088	0.2076936803067346
219.42671335667833	0.10902974587021784	0.20772816718861434
219.55977988994496	0.1095149041247551	0.20815164521112192
219.6928464232116	0.10926510337684849	0.20793683623816392
219.82591295647822	0.10949664115597478	0.20774462677544903
219.95897948974488	0.10930698419035342	0.20786313818238125
220.0920460230115	0.10961725118800887	0.2081853886317395
220.22511255627813	0.10901523589627586	0.20838695740736699
220.35817908954476	0.10918404624394697	0.20835793385268792
220.4912456228114	0.10979418135840642	0.20833810980635545
220.62431215607802	0.11017921146518664	0.2082287752865334
220.75737868934468	0.11020768009418622	0.20822521832605906
220.8904452226113	0.11003896845134047	0.20805920167646996
221.02351175587793	0.10967036645575497	0.20789689002598188
221.15657828914456	0.10944955302633452	0.2080223230076276
221.2896448224112	0.10945044195798787	0.20752914152075258
221.42271135567785	0.1096204001300492	0.20741216108146512
221.55577788894448	0.1091404467511239	0.20797895186810306
221.6888444222111	0.10931017015212657	0.20772255860523725
221.82191095547773	0.11004703726212574	0.2075295460056567
221.95497748874436	0.1096723678617747	0.208035593796744
222.088044022011	0.10955408646126513	0.20829398832200471
222.22111055527765	0.10949257958597192	0.2076472989938102
222.35417708854428	0.10930283757690253	0.20755919968384712
222.4872436218109	0.10941782473141286	0.20813851778714032
222.62031015507753	0.10911140447122085	0.20784568632485015
222.75337668834416	0.10879997502121536	0.20756672800128756
222.8864432216108	0.10895794794379432	0.20816231267186913
223.01950975487745	0.10934569591752236	0.20801249815252798
223.15257628814408	0.10975193776349959	0.20810879807468818
223.2856428214107	0.10996139498675739	0.20812953673408757
223.41870935467733	0.1095147682208625	0.20751459004937164
223.55177588794396	0.10995618725782713	0.20739813632375928
223.6848424212106	0.11002609741670183	0.20709941795180017
223.81790895447725	0.11010358548531947	0.206306590858639
223.95097548774388	0.11013292866366746	0.20685961220233207
224.0840420210105	0.11023346012264884	0.20673022431204183
224.21710855427713	0.10985477871702323	0.2070752125719829
224.35017508754376	0.10993687990375504	0.20696743122664238
224.4832416208104	0.11004738820494768	0.20649031343525553
224.61630815407705	0.10926785297600532	0.20648970938474687
224.74937468734367	0.10991029507890421	0.20710565518692514
224.8824412206103	0.11035943091240424	0.20737383184611244
225.01550775387693	0.11040754539478034	0.20684513847526104
225.14857428714356	0.11060647636831482	0.20674135535228919
225.2816408204102	0.11048350296227008	0.206743558013494
225.41470735367685	0.11081937621959258	0.20666295505259175
225.54777388694347	0.11048833036965822	0.2065121190143155
225.6808404202101	0.11075188330876802	0.20647484852902673
225.81390695347673	0.11102611315258551	0.20676051856468197
225.94697348674336	0.11075751238242967	0.2060171000597177
226.08004002001	0.11098745416621336	0.20536722494381393
226.21310655327665	0.1112734185671814	0.20533358288865353
226.34617308654327	0.1111837292662406	0.20511849643234886
226.4792396198099	0.11155201435681249	0.20571360582309395
226.61230615307653	0.11121114966340293	0.20610823739459894
226.74537268634316	0.11148346348796825	0.20576307179936526
226.8784392196098	0.11132315116528135	0.20579977472153965
227.01150575287645	0.11135643988671588	0.2066035945186311
227.14457228614307	0.11089470853679466	0.20655499693084017
227.2776388194097	0.11057242520686299	0.20699242043880603
227.41070535267633	0.11073905777415684	0.20713416451365657
227.54377188594296	0.11009123093663425	0.20692227466809274
227.6768384192096	0.11055995829443645	0.20684970339099404
227.80990495247624	0.11075669379195516	0.20760888521992882
227.94297148574287	0.11064766235122009	0.20785844237473608
228.0760380190095	0.11028112689065112	0.20775872488530753
228.20910455227613	0.11046383343251538	0.20800303488277352
228.34217108554276	0.11091783200808837	0.20787680578843123
228.4752376188094	0.1103852358522741	0.20802062119945994
228.60830415207604	0.11095368435866768	0.20817491489950957
228.74137068534267	0.1111148376050331	0.20791136827677228
228.8744372186093	0.11085634979810734	0.2084046690021785
229.00750375187593	0.11100088912053094	0.20799893808341927
229.14057028514256	0.11080373611764437	0.20731073898577496
229.2736368184092	0.11075454796028995	0.20704481517662549
229.40670335167584	0.1113049811497688	0.2074192324592858
229.53976988494247	0.11107340535756934	0.20746467530199736
229.6728364182091	0.11084689502365216	0.2072761981773784
229.80590295147573	0.11131156347821526	0.20710573389420953
229.93896948474236	0.11164110616072287	0.20753952950407203
230.072036018009	0.11154963671818714	0.20741062533444476
230.20510255127564	0.11131260007419591	0.207402358364991
230.33816908454227	0.11131072431157422	0.20777939967356995
230.4712356178089	0.11133434259723643	0.2078435199360733
230.60430215107553	0.11135953238303174	0.20752503912780484
230.73736868434216	0.11110851118388392	0.20723812465440816
230.8704352176088	0.111353897527394	0.2081371866070085
231.00350175087544	0.11191599609356696	0.20857711679737814
231.13656828414207	0.1119462165234332	0.2083733006932814
231.2696348174087	0.11166750256965732	0.20798487513571914
231.40270135067533	0.11136162165023157	0.2075884959244948
231.53576788394196	0.11110798821096966	0.20751884480954136
231.6688344172086	0.11143808385874966	0.2079011583253079
231.80190095047524	0.11144021599738231	0.20785306720898716
231.93496748374187	0.11137621442749758	0.20791429773773937
232.0680340170085	0.11089833932425025	0.20793809318855078
232.20110055027513	0.11082782069661808	0.20789316386681697
232.33416708354176	0.11077709715806558	0.20813965119898217
232.4672336168084	0.11100693625313982	0.20826541770286636
232.60030015007504	0.11099859860401573	0.20821058983579388
232.73336668334167	0.1109598055496103	0.2084500134225261
232.8664332166083	0.1110338689032629	0.20887813867201274
232.99949974987493	0.11125517773263413	0.20889394425651592
233.13256628314156	0.11158314534400135	0.20901166515228142
233.26563281640819	0.11153342589665667	0.20820414530421483
233.39869934967484	0.1111996135859744	0.20793882716290246
233.53176588294147	0.11137980187856127	0.20832483747219477
233.6648324162081	0.11164525945132035	0.20824171940629682
233.79789894947473	0.11130054934686483	0.20822672156661365
233.93096548274136	0.11163336555647718	0.20867372053180958
234.06403201600799	0.11131391656228899	0.20889043971290136
234.19709854927464	0.11127855295617493	0.20885073503695892
234.33016508254127	0.11113838709064042	0.20959639745324513
234.4632316158079	0.11167803170315457	0.2091560886666478
234.59629814907453	0.11160060155278627	0.20855359990171915
234.72936468234116	0.11207216892415724	0.20829520926425807
234.86243121560778	0.11243921369779206	0.20854527900345396
234.99549774887444	0.11290216606889228	0.20829819432924385
235.12856428214107	0.1123738414419865	0.20851463172006157
235.2616308154077	0.11291974271499566	0.20857115721716016
235.39469734867433	0.11274895637825408	0.2083578863689131
235.52776388194096	0.11212569582771462	0.20860305926059777
235.66083041520758	0.11207109092874457	0.20937237821590085
235.79389694847424	0.11169789281268228	0.20919264659686218
235.92696348174087	0.11210010462908493	0.2090436322611023
236.0600300150075	0.11200896218487173	0.20924651152895019
236.19309654827413	0.11190777278235038	0.20930697735271941
236.32616308154076	0.11170427107659558	0.20988685902639198
236.45922961480738	0.11174541815897614	0.2097829046646461
236.59229614807404	0.1115612182910089	0.20985943165009655
236.72536268134067	0.11176069917620289	0.20960777812743572
236.8584292146073	0.11145485819522298	0.20984782560673365
236.99149574787393	0.11141213835441945	0.21049041219023445
237.12456228114056	0.11087125211136825	0.21003597776187646
237.25762881440718	0.11096430471458447	0.20997471796577127
237.39069534767384	0.11128296589281006	0.20969235026082766
237.52376188094047	0.1112716445453888	0.20979782791137147
237.6568284142071	0.11134848154081417	0.2093888698672986
237.78989494747373	0.11106322618187822	0.2093566241288545
237.92296148074036	0.11082220728797612	0.2097402459577766
238.05602801400698	0.11042489908046334	0.20973170795689378
238.18909454727364	0.11055508333856444	0.2094054029909577
238.32216108054027	0.11032863081308512	0.20952064268473963
238.4552276138069	0.10989098204505852	0.2097235542516759
238.58829414707353	0.11002332261032083	0.2099650068316457
238.72136068034015	0.10986402554993367	0.2102154423130573
238.8544272136068	0.10975829222516774	0.21063400522978912
238.98749374687344	0.11025280264397787	0.21039512186221518
239.12056028014007	0.11009710014447371	0.209624617011467
239.2536268134067	0.11008868137962463	0.2097346829438455
239.38669334667333	0.10980399864824089	0.20957418595819996
239.51975987993995	0.10996076037232892	0.20987086814434397
239.6528264132066	0.11016812492909728	0.21020142024941638
239.78589294647324	0.1103290836321476	0.20980866986680077
239.91895947973987	0.11010407508873478	0.2101047375461696
240.0520260130065	0.11037283781855396	0.21059725206854646
240.18509254627313	0.11050292089286352	0.21033120312135628
240.31815907953975	0.11010732634402716	0.2097520912345056
240.4512256128064	0.1103900545864809	0.20931420559247815
240.58429214607304	0.11026926827971062	0.2090458894064634
240.71735867933967	0.11032979089401106	0.20897609337217887
240.8504252126063	0.11040475585438453	0.208558279734269
240.98349174587293	0.11045542688112774	0.2089375660141934
241.11655827913955	0.11040688198126063	0.2092805023871203
241.2496248124062	0.11044972213770714	0.20906340009418828
241.38269134567284	0.11002606894625831	0.20883714590813324
241.51575787893947	0.10990667085377874	0.20863463423832024
241.6488244122061	0.11018473016001819	0.20889786560280538
241.78189094547272	0.11029278357134967	0.20903807840438446
241.91495747873935	0.1100024361921808	0.2088919036029109
242.048024012006	0.11003715979247743	0.20834627141279824
242.18109054527264	0.1098911846908632	0.20776826173881133
242.31415707853927	0.1103396831627192	0.20804721916454524
242.4472236118059	0.11066512488567035	0.20869327307445176
242.58029014507252	0.11078232859566899	0.2088904206008299
242.71335667833915	0.11127152774019501	0.20947979600778205
242.8464232116058	0.11158599895426549	0.20919101404479798
242.97948974487244	0.11134226454698096	0.2087902335720801
243.11255627813907	0.11117392518421172	0.20822860863233905
243.2456228114057	0.11095122182837176	0.20824134515979642
243.37868934467232	0.11050856042408114	0.2088179699047367
243.51175587793895	0.11028432693797408	0.20861667740141066
243.6448224112056	0.11030373211360436	0.2085867004592311
243.77788894447224	0.11059284267659802	0.20851301076761888
243.91095547773887	0.11052806837274191	0.20807488904975574
244.0440220110055	0.11018605752763697	0.20799085802515346
244.17708854427212	0.11045562291398013	0.20669548561553244
244.31015507753875	0.11005395311908842	0.2067524827908422
244.4432216108054	0.11019681326753059	0.2071782747061039
244.57628814407204	0.11019812146695437	0.20723746785232322
244.70935467733867	0.11049681616464577	0.2069592230342352
244.8424212106053	0.11025257706187247	0.20712574322611957
244.97548774387192	0.11053430836276244	0.20708886324849848
245.10855427713855	0.1097765318995498	0.20760231964326434
245.2416208104052	0.10974977251036783	0.20745638964104152
245.37468734367184	0.11029626863146816	0.20794921692652646
245.50775387693847	0.1103448534192724	0.20768961227554725
245.6408204102051	0.11040831327482717	0.20732746185182388
245.77388694347172	0.11034521672813541	0.20803779683059706
245.90695347673835	0.1104407114758409	0.20755664562403614
246.040020010005	0.11054856562431827	0.20686017320902564
246.17308654327164	0.1102300371478388	0.2068987035081257
246.30615307653827	0.1097137416921783	0.20660879498573206
246.4392196098049	0.10991811327195138	0.2073980006568251
246.57228614307152	0.11013929400108266	0.20794827560182336
246.70535267633815	0.11008917080694244	0.20810791787350172
246.8384192096048	0.109944898302924	0.20765246765825868
246.97148574287144	0.1100689467594476	0.2083646714657625
247.10455227613807	0.110027845146038	0.20814312631315823
247.2376188094047	0.10982556122799016	0.2085148407654832
247.37068534267132	0.11008616644210932	0.2092704341978141
247.50375187593795	0.10958680491053525	0.20958960843693505
247.6368184092046	0.10990155405476354	0.2104857895684612
247.76988494247124	0.1104087786629999	0.2103293158403489
247.90295147573786	0.11049592740364202	0.20999172443487943
248.0360180090045	0.11012350815538408	0.20949654230029427
248.16908454227112	0.11047730289397611	0.2089546527640857
248.30215107553775	0.11050034482197635	0.20877759235218465
248.4352176088044	0.11061925036668478	0.20917832450966248
248.56828414207104	0.11084785589822728	0.20923023389588497
248.70135067533766	0.11134161562558195	0.20994688513856535
248.8344172086043	0.11129734629363969	0.2098003981369138
248.96748374187092	0.1109083629123535	0.21057976222171032
249.10055027513755	0.11105021613201607	0.21099021435167692
249.2336168084042	0.11141429448603482	0.21128913653482131
249.36668334167084	0.11142005175967055	0.21117204454808486
249.49974987493746	0.11116959037657845	0.2112134730842062
249.6328164082041	0.11126158960268312	0.21147112025619788
249.76588294147072	0.11132950568297485	0.21122800885900747
249.89894947473735	0.11103593141447964	0.2109196964774802
250.032016008004	0.11115972422853651	0.2105144412989011
250.16508254127064	0.11105185899160942	0.21037697099860353
250.29814907453726	0.11131642601228674	0.21016277149399118
250.4312156078039	0.11160200552662265	0.2106116979254388
250.56428214107052	0.11144675634956845	0.21132486313464488
250.69734867433715	0.11120692857149306	0.21184812617070814
250.8304152076038	0.11134131696517091	0.2122246229379374
250.96348174087044	0.11116226876541617	0.21251979797319853
251.09654827413706	0.11143713734377642	0.21201891863647251
251.2296148074037	0.11162250882901537	0.21158852976000703
251.36268134067032	0.11235469881736762	0.21189660268006769
251.49574787393695	0.11225510639440214	0.21267274955701151
251.6288144072036	0.11182476720111768	0.21246933332431345
251.76188094047023	0.1121950544955125	0.21228796080906853
251.89494747373686	0.11198968849125579	0.21244591590551953
252.0280140070035	0.11216765643674736	0.21226237122142186
252.16108054027012	0.11246118052454866	0.21188583684947768
252.29414707353675	0.11321850974627953	0.21094302219122368
252.4272136068034	0.1132764600017861	0.21049133383539315
252.56028014007003	0.11306146663721087	0.21099954340193988
252.69334667333666	0.11283634211250339	0.2112063387579812
252.8264132066033	0.11341344979213602	0.210421012791735
252.95947973986992	0.11382564088892061	0.2102047570304799
253.09254627313655	0.1140704229233019	0.21022718780525532
253.2256128064032	0.11367903362323835	0.2096144651885776
253.35867933966983	0.1137612989352836	0.2094173852891043
253.49174587293646	0.11386372703704535	0.20913012336871628
253.6248124062031	0.11315026693485776	0.20851822696037065
253.75787893946972	0.11336287253010136	0.20862772123452983
253.89094547273635	0.11348173086250171	0.20862694285587488
254.024012006003	0.11374492963109442	0.20835288546606695
254.15707853926963	0.11366347965982175	0.20844168311395714
254.29014507253626	0.11306578116684779	0.20819817221291947
254.4232116058029	0.11289094619201231	0.20848341391438793
254.55627813906952	0.11277260122996188	0.2089142383380919
254.68934467233615	0.11242312009513014	0.20911162770651245
254.8224112056028	0.11279356658580408	0.20939733406473612
254.95547773886943	0.112650969495618	0.20905170875489115
255.08854427213606	0.11277502242961418	0.20974765179506855
255.2216108054027	0.11277688455784803	0.20968463790191566
255.35467733866932	0.11291249873202586	0.20976466043925485
255.48774387193595	0.11264374280563502	0.20960487674281297
255.6208104052026	0.1121514683741431	0.20920291973825617
255.75387693846923	0.11208185809681116	0.20920007623848294
255.88694347173586	0.11242437949843763	0.2096483821111941
256.0200100050025	0.11220328359062542	0.20965112452793724
256.15307653826915	0.11250890924591338	0.2100230345455115
256.2861430715358	0.11234011232751447	0.21027383266234448
256.4192096048024	0.1124468342391343	0.21115229449217815
256.55227613806903	0.11225520408426594	0.21079555597373295
256.68534267133566	0.11216248750703212	0.2111191626466891
256.8184092046023	0.11215011527583484	0.21171661028454733
256.9514757378689	0.11267257768112714	0.2122425022124363
257.08454227113555	0.11311753982799112	0.2121184445219109
257.2176088044022	0.11357197504073241	0.21218132375679186
257.3506753376688	0.11340750339819457	0.21219296399235438
257.4837418709355	0.11343190214433345	0.2125457514515548
257.6168084042021	0.11378203475777522	0.2116305613504331
257.74987493746875	0.11314924822464935	0.21136619633901294
257.8829414707354	0.11314917357425233	0.2111836429847049
258.016008004002	0.11324765678027554	0.2113036178829534
258.14907453726863	0.11300923119281102	0.21074948260560514
258.28214107053526	0.11278538916649726	0.21093683848775793
258.4152076038019	0.11258582835287786	0.21095440172942936
258.5482741370685	0.11240745736071533	0.2114895845118541
258.68134067033515	0.11227344538767504	0.21115408133972363
258.8144072036018	0.11212155403802543	0.2110205533878861
258.9474737368684	0.1118748832008641	0.21136922169212485
259.0805402701351	0.11189224562288431	0.2106208515813211
259.2136068034017	0.11195588449195885	0.2107996409828597
259.34667333666835	0.11213730008768992	0.2108777913941853
259.479739869935	0.11194308840591499	0.21070231356512711
259.6128064032016	0.11182974570693724	0.21071033832718944
259.74587293646823	0.11171742472497226	0.21130776135676238
259.87893946973486	0.11165634542272086	0.21136541212019636
260.0120060030015	0.11129815425822161	0.21135583081995918
260.1450725362681	0.11159396626785241	0.21183941566031736
260.27813906953475	0.11196107059297082	0.21190378674278787
260.4112056028014	0.11161239428518438	0.21129976576406084
260.544272136068	0.11143469233332405	0.21153661384551328
260.6773386693347	0.11099230196338808	0.21134343447019305
260.8104052026013	0.1109383367181545	0.21136183379538395
260.94347173586794	0.11107456167753198	0.21121233209075613
261.0765382691346	0.11106807276786065	0.21100722756012466
261.2096048024012	0.11164300778684844	0.21116261109779755
261.34267133566783	0.111631469629648	0.21105066757575366
261.47573786893446	0.11157978190385473	0.21131578844353316
261.6088044022011	0.1120187471630167	0.21125046252868546
261.7418709354677	0.11231326908457692	0.211534448751903
261.87493746873434	0.11220737931760837	0.21169336683389406
262.008004002001	0.11206899267164769	0.21188613288914365
262.1410705352676	0.11235622900872254	0.21240259685707194
262.2741370685343	0.11223085008634533	0.2120506834940802
262.4072036018009	0.1118745095000227	0.21214125830198077
262.54027013506754	0.11184823072960032	0.21143536566520985
262.6733366683342	0.11191593248466558	0.2114470491553652
262.8064032016008	0.11187139218923184	0.21154318809580008
262.93946973486743	0.11204470419510154	0.21101130646296323
263.07253626813406	0.11229401932757381	0.21102977472360604
263.2056028014007	0.11183130878345016	0.2108118526172329
263.3386693346673	0.111802853571235	0.2104583071073548
263.47173586793394	0.11193971119423436	0.21005751327827296
263.6048024012006	0.1116280507908207	0.21014050701957043
263.7378689344672	0.11178492090222548	0.21036871925113096
263.8709354677339	0.11131758324690909	0.2096805879831328
264.0040020010005	0.11193386876448487	0.20994486311984462
264.13706853426714	0.11202718851175854	0.20943781874465947
264.2701350675338	0.11198269631263236	0.20919644110557756
264.4032016008004	0.11189402010469432	0.20795771489051373
264.53626813406703	0.11193715838889144	0.2074866552922163
264.66933466733366	0.11215822165322993	0.20757326987098698
264.8024012006003	0.11227088111857121	0.20777513096130795
264.9354677338669	0.1119392319257966	0.2074627794863777
265.06853426713354	0.11182701668523234	0.20815018708292385
265.2016008004002	0.11202562902549602	0.20757608334918545
265.3346673336668	0.1123581434647798	0.20775080431737028
265.4677338669335	0.11249164582534883	0.2079957859887053
265.6008004002001	0.11246958772576252	0.20777401513400015
265.73386693346674	0.11233703347412922	0.20806190055872192
265.86693346673337	0.11176109061051279	0.20773010898132502
266.0	0.11153931339977852	0.2070653377630122
