0.0	0.0	0.0
0.1330665332666333	8.877150808293e-05	2.22916980722075e-05
0.2661330665332666	0.0005542059635552617	0.0004656623769680741
0.39919959979989994	0.0012419863141650963	0.0011975933075534793
0.5322661330665333	0.0027273571147916295	0.0026168946899239034
0.6653326663331666	0.0043014078516285855	0.004501339708023267
0.7983991995997999	0.006429522609162105	0.006740103061550512
0.9314657328664332	0.008534825673517927	0.009245753951748413
1.0645322661330665	0.010929328453571474	0.012394329581142243
1.1975987993997	0.013589529111112686	0.016031964843447287
1.3306653326663331	0.016403372082069687	0.020554215421545993
1.4637318659329663	0.019017864698024325	0.025234120276332376
1.5967983991995998	0.0216763346770798	0.03122211467963334
1.7298649324662332	0.024204070523454118	0.03751884765677279
1.8629314657328664	0.027106165466050026	0.04506419220956599
1.9959979989994996	0.0294297913894433	0.053773623515454984
2.129064532266133	0.03178031679001434	0.06249308810856961
2.2621310655327664	0.03435359034597564	0.07347221883092488
2.3951975987994	0.03730298704954679	0.08505832308817998
2.528264132066033	0.04029367979596143	0.09958122985197874
2.6613306653326663	0.04326475185553565	0.11357604597484935
2.7943971985992997	0.04652431659290955	0.13107001776977317
2.9274637318659327	0.04982587922231283	0.15000348877995992
3.060530265132566	0.053173457147325846	0.16995624163072284
3.1935967983991995	0.05649207563331508	0.1913555233798326
3.326663331665833	0.05923795472908817	0.21690082619389517
3.4597298649324664	0.06213890911510061	0.2443817945929399
3.5927963981990994	0.06450456730738587	0.27374790580259517
3.7258629314657328	0.06699410034036751	0.30304664891095184
3.858929464732366	0.06975524313491124	0.3354399408540924
3.991995997998999	0.07175525413001332	0.36712781931814187
4.125062531265633	0.07488373840736502	0.4000186794341872
4.258129064532266	0.07713206750781731	0.43260811009373373
4.391195597798899	0.07934955464739095	0.46679736646394204
4.524262131065533	0.08161626165307435	0.49903781166832795
4.657328664332166	0.08445722349757229	0.5311418512993931
4.7903951975988	0.08720464335249029	0.5617465677171533
4.923461730865433	0.09015492209086537	0.5899415609892745
5.056528264132066	0.09277276399869554	0.6168735368529694
5.1895947973986996	0.0946227115357396	0.6433964104229389
5.3226613306653325	0.09756712790648632	0.6691677296744984
5.4557278639319655	0.09935628648372381	0.6918776681465499
5.588794397198599	0.10221565536842883	0.7137730936904552
5.721860930465232	0.10526491049490144	0.7351832342222994
5.854927463731865	0.10778139538369061	0.7531035866418484
5.987993996998499	0.11029813565207311	0.7676579298765934
6.121060530265132	0.11330413645717255	0.7821713421873305
6.254127063531766	0.11539700732183172	0.7940967287168097
6.387193596798399	0.11761623348545101	0.8042869290475704
6.520260130065032	0.12002998147422983	0.8141886793487203
6.653326663331666	0.12335049376582834	0.8249282611806197
6.786393196598299	0.1255173598375603	0.8342706470846517
6.919459729864933	0.12752439414348704	0.8425036087321244
7.052526263131566	0.12983905119411532	0.8477294717690607
7.185592796398199	0.1315081345402889	0.8524159794639123
7.318659329664833	0.1342780930223429	0.8598456932657733
7.4517258629314655	0.1371120520571767	0.8657817462318187
7.5847923961980985	0.1396776753631491	0.8701413819301334
7.717858929464732	0.14120432750425405	0.8748750231780281
7.850925462731365	0.14342956004906274	0.8784814095168247
7.983991995997998	0.1454033455295317	0.8814880943109124
8.117058529264632	0.147725803359496	0.8835523776270644
8.250125062531266	0.1495417676357796	0.8869985528506505
8.383191595797898	0.15173477315457384	0.8909596644631059
8.516258129064532	0.15365117546528895	0.8926408274490315
8.649324662331166	0.1564867906112633	0.894504339614724
8.782391195597798	0.15938709718353003	0.8947955576638095
8.915457728864432	0.16201804624405383	0.8981769523396305
9.048524262131066	0.1638646695488728	0.8988591822325248
9.181590795397698	0.16662691447484163	0.8999967925290863
9.314657328664332	0.16898224734907746	0.9022558231292778
9.447723861930966	0.1713638908469011	0.9042763801489295
9.5807903951976	0.17392981234592317	0.9051557173053271
9.713856928464232	0.1762822934859861	0.9068275563322898
9.846923461730865	0.178770719453435	0.908449203859272
9.9799899949975	0.1807080041226517	0.908982874367483
10.113056528264131	0.18341782723765634	0.910688714308811
10.246123061530765	0.18555125498587008	0.9123450346785518
10.379189594797399	0.18764765470555783	0.9127731580194061
10.512256128064031	0.1894515070067463	0.9141160105994758
10.645322661330665	0.19185625692690286	0.9137844243926974
10.778389194597299	0.19403838438868468	0.9128580190095168
10.911455727863931	0.1959943724020664	0.9131735934761271
11.044522261130565	0.1975926048500494	0.9158590753785395
11.177588794397199	0.19974966849004208	0.9159857045479498
11.31065532766383	0.2021192195793216	0.916395242445392
11.443721860930465	0.20363059244712192	0.9169865821647905
11.576788394197099	0.2056260826123975	0.9176825349135416
11.70985492746373	0.20826923533109984	0.9188664676524653
11.842921460730365	0.21002719488827143	0.9190030855496479
11.975987993996998	0.21211629315359137	0.9206969866700919
12.109054527263632	0.21402748665536364	0.920899419912011
12.242121060530264	0.21628703124626045	0.9211505197254252
12.375187593796898	0.2183378100079512	0.9223643600249486
12.508254127063532	0.2209339177493815	0.9229750498444831
12.641320660330164	0.22281148925723693	0.9243096902769191
12.774387193596798	0.2242115291138948	0.9242914174182035
12.907453726863432	0.22678192607869332	0.9242347414211736
13.040520260130064	0.22941623012960005	0.9241960233474058
13.173586793396698	0.23120217092794584	0.9266894484322933
13.306653326663332	0.2323200986984342	0.928753886595592
13.439719859929964	0.23426159115502146	0.9283234159112366
13.572786393196598	0.23643636157987097	0.9308132054984636
13.705852926463232	0.23870058242269585	0.930368941199658
13.838919459729865	0.24092888807143323	0.9301176468702286
13.971985992996498	0.2427603710959454	0.9300081262359866
14.105052526263131	0.24433428923870087	0.9301398295927312
14.238119059529765	0.24655362168463954	0.9304572619828236
14.371185592796397	0.24821205115998163	0.9307072397062208
14.504252126063031	0.25022626554498584	0.9319431515342721
14.637318659329665	0.2529982211549536	0.931375888504027
14.770385192596297	0.25420501020939	0.9307036139584597
14.903451725862931	0.2562125916127498	0.930804572057949
15.036518259129565	0.25854787295670056	0.9315230155399159
15.169584792396197	0.2603297474511083	0.9329209341238641
15.302651325662831	0.2616668261196018	0.9331008371951717
15.435717858929465	0.2631949544252917	0.9331166140852404
15.568784392196097	0.2655387557939546	0.9337499639093276
15.70185092546273	0.2676556654608081	0.9334501527383644
15.834917458729365	0.26982684644474675	0.9335046793435451
15.967983991995997	0.27180740234650136	0.9348289908239535
16.101050525262632	0.2738542664505541	0.9330429306017888
16.234117058529264	0.2764006194162854	0.9339847056735423
16.367183591795897	0.2785943811258733	0.934323630547892
16.500250125062532	0.28104666797454847	0.9333808505590487
16.633316658329164	0.2830254257103897	0.933276397085063
16.766383191595796	0.28543353265216065	0.9347494378432221
16.899449724862432	0.28802144016920306	0.933829470453636
17.032516258129064	0.28867950155409006	0.9344003956704108
17.165582791395696	0.290713035609416	0.9365083283259248
17.298649324662332	0.293298486098819	0.9356077510231466
17.431715857928964	0.29505965513528415	0.9359431238080075
17.564782391195596	0.296922825986403	0.9353517553863624
17.69784892446223	0.29878837430427774	0.9356938780622598
17.830915457728864	0.29995703369188154	0.9358603793819168
17.963981990995496	0.301542456775846	0.9355908432197723
18.09704852426213	0.30322972174494034	0.9362845357543228
18.230115057528764	0.30573141523521874	0.9360133080815208
18.363181590795396	0.30771430192916904	0.9351147974460248
18.49624812406203	0.31057141817445444	0.93427898308466
18.629314657328663	0.312742143811314	0.9340248034209625
18.762381190595296	0.3136514522757531	0.9327152355443272
18.89544772386193	0.3160802829137165	0.9343031453982164
19.028514257128563	0.3161210262679625	0.9316975783388238
19.1615807903952	0.3172111339227479	0.9334364391017548
19.29464732366183	0.3183359915543894	0.932988690101502
19.427713856928463	0.3200125510105489	0.9335326178477681
19.5607803901951	0.32244886140692397	0.934358204460408
19.69384692346173	0.323754825969913	0.9340760098863263
19.826913456728363	0.32522942257478693	0.9358990391836322
19.959979989995	0.3270688789587978	0.9351997112770484
20.09304652326163	0.32718917028733846	0.9349680070225475
20.226113056528263	0.3290752418311522	0.9362862138844649
20.3591795897949	0.32969021780698643	0.9365726552060637
20.49224612306153	0.33093919058868937	0.9362685535027742
20.625312656328163	0.3322831352775264	0.9351629464976111
20.758379189594798	0.33384097288468767	0.9354792972540126
20.89144572286143	0.33604415659482284	0.9354972547498622
21.024512256128062	0.3377699641973822	0.9359879495940847
21.157578789394698	0.3389061596655542	0.9364248293034876
21.29064532266133	0.3399048301081373	0.9367230680580433
21.423711855927962	0.34209357893902015	0.9360301104975807
21.556778389194598	0.3431950795538531	0.9346111962344348
21.68984492246123	0.3455303801606207	0.9348185499118478
21.822911455727862	0.3472982970645096	0.9344456408613916
21.955977988994498	0.34955564555217083	0.9332103348236136
22.08904452226113	0.3510163786151054	0.9325066590646518
22.222111055527762	0.3521771253233183	0.9315550433774357
22.355177588794398	0.3535309915360495	0.9317155904291057
22.48824412206103	0.3547143990373258	0.932745722430299
22.62131065532766	0.3560391034334252	0.9326439954557696
22.754377188594297	0.3577937773461686	0.9313191483519029
22.88744372186093	0.35959824839361376	0.932304502657389
23.02051025512756	0.36200680858942147	0.9320741379373192
23.153576788394197	0.36376180370520617	0.9325114136237214
23.28664332166083	0.36629464562596653	0.9314780430579332
23.41970985492746	0.3679938493260024	0.9320370196850918
23.552776388194097	0.3699671352129922	0.9318176394204265
23.68584292146073	0.37030073466253915	0.9325153552154383
23.818909454727365	0.37100505361469027	0.931937012056238
23.951975987993997	0.37332545961165164	0.931713729432163
24.08504252126063	0.375099646875308	0.9306384811929969
24.218109054527265	0.37747926333889315	0.9314929567361353
24.351175587793897	0.3801181433605818	0.931452945294087
24.48424212106053	0.38172142677152193	0.933050097201525
24.617308654327164	0.38286133002862455	0.9325772452981728
24.750375187593797	0.38465932313838275	0.9325400575355502
24.88344172086043	0.3862073711812606	0.9338593183959323
25.016508254127064	0.3879220933559026	0.9346012171135653
25.149574787393696	0.3900867029266689	0.9342910988214999
25.28264132066033	0.39222056947508177	0.9340910455038663
25.415707853926964	0.3952437751606362	0.9328368038094134
25.548774387193596	0.39699685316981626	0.9322305398852115
25.68184092046023	0.39821318832260094	0.9334915627834998
25.814907453726864	0.39977749350775976	0.9327317052088203
25.947973986993496	0.40132146304075345	0.9319892810949829
26.081040520260128	0.4036048679555882	0.9321318134406444
26.214107053526764	0.40411537672306297	0.9316827442882597
26.347173586793396	0.4048405132495375	0.9315693154453492
26.480240120060028	0.40634171684632225	0.9324207705022823
26.613306653326664	0.4069007828082734	0.9328151690600482
26.746373186593296	0.4088506354207625	0.9331303653439276
26.879439719859928	0.4095951045453472	0.9323666345582069
27.012506253126563	0.41160876372017374	0.9328578972963918
27.145572786393195	0.4126479333704448	0.9322012794518642
27.278639319659828	0.4135728494270284	0.9306377715855875
27.411705852926463	0.41517656334108555	0.9309306617369436
27.544772386193095	0.41627052828294864	0.9313116910550953
27.67783891945973	0.4187249327261812	0.9305602459186965
27.810905452726363	0.4206762887411869	0.9303585194635378
27.943971985992995	0.42319499048545206	0.9306601101010062
28.07703851925963	0.4253179004466511	0.9310895141043973
28.210105052526263	0.42706867484448136	0.9312040652515275
28.343171585792895	0.4280934926627483	0.9299257343802214
28.47623811905953	0.43013464984945815	0.9313498759716824
28.609304652326163	0.43117045619156275	0.9305380999000817
28.742371185592795	0.4334218233858547	0.931232553202267
28.87543771885943	0.4350875511049173	0.9314751678300747
29.008504252126063	0.4377316965810123	0.9316978006095205
29.141570785392695	0.4391089503897677	0.931728363452854
29.27463731865933	0.44039257072058113	0.9324616839737004
29.407703851925962	0.44149448335820346	0.9335000383124877
29.540770385192594	0.442400251510119	0.9338710025436656
29.67383691845923	0.4443302711416373	0.9327876202367088
29.806903451725862	0.44510591928748244	0.9331993414699047
29.939969984992494	0.4464721611552445	0.9326890517552465
30.07303651825913	0.4475567320617898	0.932302563903061
30.206103051525762	0.4494965608991075	0.9329614110574443
30.339169584792394	0.4501214978265986	0.9333687110760481
30.47223611805903	0.45184200342249625	0.934015401899428
30.605302651325662	0.4533043128477957	0.932841241540734
30.738369184592294	0.45519509784319284	0.932426534260386
30.87143571785893	0.45581510164081007	0.9307699993019651
31.00450225112556	0.4584464122497655	0.9292134646960947
31.137568784392194	0.458898974339642	0.929704494122428
31.27063531765883	0.46026996577601104	0.9292354804480422
31.40370185092546	0.4621515363697815	0.930224045377326
31.536768384192094	0.4625241982658094	0.9301049059426214
31.66983491745873	0.4641700702245585	0.9309907458621939
31.80290145072536	0.4661808865964048	0.931903569446644
31.935967983991993	0.46703578433582676	0.9305095581520056
32.06903451725863	0.46743786094253487	0.929974100900643
32.202101050525265	0.4697123533403059	0.9291328996631287
32.33516758379189	0.4710520222460602	0.9295378032822803
32.46823411705853	0.47190603374272444	0.9289476008674661
32.601300650325165	0.4731372421185078	0.9279652819467229
32.73436718359179	0.47414054637702663	0.9271683952352598
32.86743371685843	0.47454866880248786	0.9270418976980829
33.000500250125064	0.47523217118626004	0.9276364726685404
33.13356678339169	0.4762309066012044	0.9282595398746921
33.26663331665833	0.47847846288368134	0.9293881756443004
33.399699849924964	0.4800060402018346	0.9298449545853016
33.53276638319159	0.47929325447642407	0.9304123870491194
33.66583291645823	0.4800754565621279	0.929971416407255
33.798899449724864	0.4811336234340828	0.9309543069383246
33.93196598299149	0.4823990950492626	0.9306002773462473
34.06503251625813	0.4826301951350669	0.9314921190266328
34.198099049524764	0.4841507783305749	0.9310821122745494
34.33116558279139	0.4855750863984681	0.9311078343309473
34.46423211605803	0.48576379228828526	0.9304634895059148
34.597298649324664	0.4874289269391849	0.9325516746446956
34.73036518259129	0.4888150694647207	0.9321845431186838
34.86343171585793	0.4899675904279358	0.9315886713415705
34.99649824912456	0.49034805753357413	0.9314022621068468
35.12956478239119	0.4927079744512527	0.9324734538927866
35.26263131565783	0.4941757393716785	0.931256685386866
35.39569784892446	0.4948858592246033	0.930950750361846
35.52876438219109	0.4965233170562826	0.9303758798478201
35.66183091545773	0.49805544180588135	0.9304823477681021
35.79489744872436	0.49853603512185585	0.9320453416021025
35.92796398199099	0.5002428798134326	0.9310073300238965
36.06103051525763	0.5008428231028206	0.9295398509734141
36.19409704852426	0.5009234028430337	0.9291588619245295
36.32716358179089	0.5023276078791342	0.9313042310429754
36.46023011505753	0.5037902910207079	0.9318937475567902
36.59329664832416	0.5045225788832371	0.9321959836016748
36.72636318159079	0.5064365284602715	0.9332549963536201
36.85942971485743	0.5081675885266774	0.9341381459247945
36.99249624812406	0.5094418662680278	0.9344972665440632
37.12556278139069	0.5102434922918915	0.9361323938851829
37.25862931465733	0.5136232404983826	0.9344966576235674
37.39169584792396	0.5141758893912899	0.9341341076055507
37.52476238119059	0.516088719381445	0.9344212343160344
37.65782891445723	0.5163515373171105	0.9352813311848933
37.79089544772386	0.5178662463959068	0.9344355527795277
37.92396198099049	0.5177268281587987	0.9348854157061314
38.05702851425713	0.5193201418198764	0.9369969382418969
38.19009504752376	0.5211379081410251	0.9378566695052191
38.3231615807904	0.5217823912437489	0.9386626574600735
38.456228114057026	0.5234552750500003	0.937243136943876
38.58929464732366	0.5246052347970653	0.9369486483552106
38.7223611805903	0.5257632581614141	0.9387191308184801
38.855427713856926	0.5271820742499606	0.9381146728872969
38.98849424712356	0.5286038006351473	0.9389601162778971
39.1215607803902	0.5295415471171614	0.9372283836798979
39.254627313656826	0.5307486255033448	0.9374152881624402
39.38769384692346	0.5317571057832893	0.9365282604897835
39.5207603801901	0.5324216187345996	0.936513278228401
39.653826913456726	0.533685870280538	0.9363621102686419
39.78689344672336	0.5348458309908358	0.9357021335640026
39.91995997999	0.5350146464104206	0.9365006019953697
40.053026513256626	0.5357893647782026	0.9343020172550062
40.18609304652326	0.5375496960404036	0.934774059527866
40.3191595797899	0.5390820978477083	0.9337039565503712
40.452226113056525	0.5405039826261057	0.9325695862318599
40.58529264632316	0.539913901917994	0.9327568706633402
40.7183591795898	0.541147412665017	0.932047356990187
40.851425712856425	0.5425504180071118	0.9318210985819948
40.98449224612306	0.5437376245492819	0.9306736388994417
41.1175587793897	0.5461164476800181	0.9294930734110431
41.250625312656325	0.546919137487763	0.9291828017262621
41.38369184592296	0.5484992087212629	0.9275525246246487
41.516758379189596	0.5500831671947277	0.9274463056804991
41.649824912456225	0.5510480987216637	0.9273048991072609
41.78289144572286	0.5526383690385986	0.9279048305942103
41.915957978989496	0.5522696193247805	0.9294783169457935
42.049024512256125	0.553673420817452	0.9289970883305881
42.18209104552276	0.5544048893928076	0.9288197027687426
42.315157578789396	0.5557564168105359	0.9300698152554171
42.448224112056025	0.55649282377912	0.9313891491220146
42.58129064532266	0.5574179621455847	0.9321793353308649
42.714357178589296	0.5573823054459978	0.9306381525567184
42.847423711855924	0.559657812598222	0.9294860222314596
42.98049024512256	0.5606587164806268	0.9304831207626398
43.113556778389196	0.5612279531389051	0.9287687768039875
43.246623311655824	0.5624738945282074	0.9293382913159371
43.37968984492246	0.5635400335139831	0.9292492737379809
43.512756378189096	0.564372116250585	0.9281075346962916
43.645822911455724	0.5660290706997295	0.9280867911007905
43.77888944472236	0.567329425387478	0.9286142223827905
43.911955977988995	0.5674103525871685	0.9288938230311773
44.045022511255624	0.5683525501025899	0.9289766274770388
44.17808904452226	0.5688606570045652	0.9287145926372773
44.311155577788895	0.5699695758765514	0.9292120438379925
44.444222111055524	0.5703493923439427	0.9287343944233362
44.57728864432216	0.5720818884381533	0.9281464603810332
44.710355177588795	0.5727484001490657	0.9270127432823925
44.843421710855424	0.5738901891564027	0.9283811215639368
44.97648824412206	0.5755479179365435	0.9303155939737391
45.109554777388695	0.5774864479988744	0.9291357243054639
45.24262131065532	0.5785173191225047	0.9285745390934637
45.37568784392196	0.5786462848719501	0.9313517585781194
45.508754377188595	0.5781534415731847	0.9325485821499103
45.64182091045522	0.5784865878353486	0.9320303436974703
45.77488744372186	0.5796790816830353	0.9321766680502169
45.907953976988495	0.5803314077298525	0.9322945541441321
46.04102051025512	0.5825203593730751	0.9325117757446371
46.17408704352176	0.5835629592892622	0.9337510029324915
46.307153576788394	0.5845304578940429	0.9330521779146461
46.44022011005502	0.5858303395149548	0.932845228871839
46.57328664332166	0.5861258287196663	0.9330812965551264
46.706353176588294	0.5880012442019212	0.9322747273948354
46.83941970985492	0.5883139767653346	0.9327098864598377
46.97248624312156	0.5897590712073147	0.9333927955502905
47.105552776388194	0.5901982309449192	0.9333938367891182
47.23861930965483	0.590927893542054	0.9350580478210777
47.37168584292146	0.5922036395116951	0.9351880866872571
47.504752376188094	0.5924415113989577	0.9333096599994948
47.63781890945473	0.5922238949778836	0.9330050370232835
47.77088544272136	0.5930063196451463	0.9339505280089518
47.903951975987994	0.5935394699797208	0.9351620942026565
48.03701850925463	0.5936079578033241	0.9339657077517939
48.17008504252126	0.5943112587482984	0.9342964206049656
48.30315157578789	0.5948906153533361	0.9358189931836028
48.43621810905453	0.5949472433398764	0.9355720506603878
48.56928464232116	0.5957375344834713	0.9359673261350424
48.70235117558779	0.5964576088600323	0.9345391591509062
48.83541770885443	0.5972674451329618	0.9347063658738997
48.96848424212106	0.5993932102406716	0.932709222163979
49.10155077538769	0.6015370769198191	0.9337538227178022
49.23461730865433	0.6030116903704987	0.9352553453764826
49.36768384192096	0.603781486406615	0.9362015767273437
49.50075037518759	0.6044287522670767	0.9365417139377576
49.63381690845423	0.6065687644354073	0.9353866299777128
49.76688344172086	0.6074733988427348	0.9345436601732359
49.89994997498749	0.6086347966732522	0.9332316725559588
50.03301650825413	0.6099043041668667	0.932802379973194
50.16608304152076	0.6109007745932051	0.931350758600525
50.29914957478739	0.6118159533169348	0.9303248220869509
50.43221610805403	0.61259120789876	0.9307627137449193
50.56528264132066	0.6127430190125142	0.9325391299007874
50.69834917458729	0.6140637263205457	0.9315958393636328
50.83141570785393	0.6150182246916449	0.9316505256626672
50.96448224112056	0.615293295582597	0.930846201275426
51.09754877438719	0.6154319549664543	0.9318991563667934
51.23061530765383	0.6166045342235428	0.9321500832184538
51.36368184092046	0.616778444627813	0.9310472219386333
51.49674837418709	0.6181870161358544	0.9304196298891101
51.62981490745373	0.6180780167311688	0.9317128719428678
51.762881440720356	0.6201291257350332	0.9325677053670202
51.89594797398699	0.6206703460912094	0.9327502126560484
52.02901450725363	0.6219197857057491	0.9332309229642265
52.162081040520256	0.6236617776802803	0.9332051550053766
52.29514757378689	0.6239604199742464	0.9312951346815488
52.42821410705353	0.6241143299370104	0.9322979475599019
52.561280640320156	0.6243929780524506	0.9335347840553078
52.69434717358679	0.6255200118061536	0.9340235511348013
52.82741370685343	0.6259612940949026	0.9347456903672388
52.960480240120056	0.6263134221210257	0.9342726597716446
53.09354677338669	0.626787520084993	0.9347958980058722
53.22661330665333	0.6267116225897986	0.9370166932454254
53.359679839919956	0.6273432326131212	0.937076029679397
53.49274637318659	0.6282224831628568	0.9358988861578631
53.62581290645323	0.6286284081474348	0.9352392618823457
53.758879439719855	0.6310025938699493	0.9357355299677983
53.89194597298649	0.6322352996670851	0.9357830949997074
54.02501250625313	0.6329892652929358	0.933727833584581
54.158079039519755	0.6343018252655818	0.93409706098912
54.29114557278639	0.6346009351017112	0.9330727803823884
54.42421210605303	0.6348287886191432	0.932144246498989
54.557278639319655	0.6360182804862325	0.9328805127912161
54.69034517258629	0.6364518977027231	0.9334814400320601
54.823411705852926	0.6375946936928424	0.9333103348780064
54.956478239119555	0.63737111849221	0.9328959189048741
55.08954477238619	0.6381999853978919	0.9333444644383082
55.222611305652826	0.6398310717860268	0.9320855636001242
55.35567783891946	0.6405084375083167	0.9327831381615623
55.48874437218609	0.6421528384105176	0.9323841257965967
55.621810905452726	0.6427135520169242	0.9322007133792046
55.75487743871936	0.6431852510938819	0.9328117607893496
55.88794397198599	0.6448158876468574	0.9346092709142695
56.021010505252626	0.6463858471391315	0.9333554619821935
56.15407703851926	0.6461577877142297	0.932229661678429
56.28714357178589	0.6464558231949422	0.9331202452656049
56.420210105052526	0.6470144192969026	0.9330885315220521
56.55327663831916	0.64748437721495	0.9324910760091267
56.68634317158579	0.6474768124559477	0.9328670957465748
56.819409704852426	0.6492683229858054	0.931666791212873
56.95247623811906	0.650849959476598	0.9323002166381529
57.08554277138569	0.6514634871622433	0.9314205772498504
57.218609304652325	0.6524673918538488	0.9318915474101935
57.35167583791896	0.6521770130882008	0.9336074779940973
57.48474237118559	0.6534423138073561	0.9336850738195219
57.617808904452225	0.6538205218774757	0.9328498839840286
57.75087543771886	0.6554509301960922	0.9328037797844697
57.88394197098549	0.6564482353551762	0.9328596157678054
58.017008504252125	0.6564722309136679	0.9329313335358461
58.15007503751876	0.6572595726737764	0.9335689704114442
58.28314157078539	0.6569866860525986	0.9332485618989012
58.416208104052025	0.6588559917852596	0.9337693964367921
58.54927463731866	0.6583285510168746	0.9335717893483259
58.68234117058529	0.6588498300643136	0.9329225232902727
58.815407703851925	0.65991655387796	0.9332080175569434
58.94847423711856	0.6601181736775973	0.9340070124511219
59.08154077038519	0.6604298686678292	0.9335208603816033
59.214607303651825	0.6604731164010981	0.9335269301586745
59.34767383691846	0.6604338621655989	0.9331543466433764
59.48074037018509	0.6609960262992864	0.9337597862359165
59.613806903451724	0.661905764821083	0.9332094611728952
59.74687343671836	0.6626409423312474	0.9329139952474336
59.87993996998499	0.6635398409791813	0.9326530195336614
60.013006503251624	0.6624645827173798	0.9334578648604918
60.14607303651826	0.6629155449408203	0.9351496822020005
60.27913956978489	0.6634453166140937	0.9357423148819921
60.412206103051524	0.6635826314800848	0.9346318950773036
60.54527263631816	0.6646357363836345	0.9340602412026919
60.67833916958479	0.6642132705845206	0.9336424404881222
60.811405702851424	0.6644691460789046	0.9333173826146204
60.94447223611806	0.6651474491482314	0.9338102942126483
61.07753876938469	0.6674663214043098	0.9337459816316601
61.210605302651324	0.6677561893556193	0.9326893511092058
61.34367183591796	0.6681070610400225	0.9334986969279472
61.47673836918459	0.6688110139597216	0.9330955739686226
61.60980490245122	0.6695269431627051	0.9328526673401152
61.74287143571786	0.6703137517437642	0.9326075277430274
61.87593796898449	0.6720749188315759	0.932343661412241
62.00900450225112	0.6729827857056095	0.9321519736450409
62.14207103551776	0.6727050073006243	0.9318304878914618
62.27513756878439	0.6726568460432056	0.9337611175056911
62.40820410205102	0.6724317361258312	0.9357509867539332
62.54127063531766	0.6722850864335717	0.9348750587388998
62.67433716858429	0.6729018162501638	0.9355377856012989
62.80740370185092	0.6732828139675079	0.9345880579097752
62.94047023511756	0.6735059308379021	0.9348361410932687
63.07353676838419	0.6751601443594716	0.9347862830418674
63.20660330165082	0.6761304537133092	0.93441101038881
63.33966983491746	0.6769413076092953	0.9340457914036104
63.47273636818409	0.677880809079746	0.9340093385504106
63.60580290145072	0.6787294459369316	0.9329773325512114
63.73886943471736	0.680243898906876	0.9329590877995715
63.87193596798399	0.6808698443532617	0.9313407517064829
64.00500250125063	0.683007986049176	0.931300591100396
64.13806903451726	0.6837653713603441	0.9298260047448913
64.27113556778389	0.6842651054254868	0.9304980058145624
64.40420210105053	0.6850461076338549	0.9306810274197679
64.53726863431716	0.6849896116310159	0.9318137837431785
64.67033516758379	0.6862879169273519	0.9322356970354351
64.80340170085043	0.6861958912589825	0.9324303794055645
64.93646823411706	0.6869721504732857	0.933382561857781
65.06953476738369	0.6871248646985499	0.9319033324909647
65.20260130065033	0.6874509415102001	0.9310144670490152
65.33566783391696	0.6885348487789763	0.9304056360887785
65.46873436718359	0.6890130623366004	0.9307524124926337
65.60180090045023	0.6893244961591076	0.9301799199553189
65.73486743371686	0.6897117941232448	0.9317142878973902
65.86793396698349	0.6890307589302034	0.9319019426469336
66.00100050025013	0.690307757317267	0.9318702307833191
66.13406703351676	0.6920695091568582	0.9318907401089809
66.26713356678339	0.692258745976364	0.9309589456705667
66.40020010005003	0.6918060395597145	0.9317392510221566
66.53326663331666	0.6920668175885722	0.9321224684181033
66.66633316658329	0.6907418179913934	0.9326508987044693
66.79939969984993	0.6913095372886674	0.9315624238288714
66.93246623311656	0.6937971135231541	0.9319484735453231
67.06553276638319	0.694948229474605	0.9326913603771447
67.19859929964983	0.6949342584088243	0.9307276861522902
67.33166583291646	0.6957863815422607	0.9310771528148195
67.46473236618309	0.6968485030002733	0.9311992074333476
67.59779889944973	0.6984335278584365	0.931439929265115
67.73086543271636	0.6992540712185086	0.9313775064356936
67.86393196598299	0.6994819361819289	0.9322213134428687
67.99699849924963	0.7009270548832255	0.9316716556390034
68.13006503251626	0.7018192299400937	0.9316792047771842
68.26313156578288	0.7013132077255123	0.9313047120082073
68.39619809904953	0.7025006675647124	0.9314506823176796
68.52926463231616	0.7029351706286251	0.9318664285422987
68.66233116558278	0.7032074193817198	0.9333326528178093
68.79539769884943	0.7035276354073616	0.9339540963406067
68.92846423211606	0.7040961781394034	0.9330407271233271
69.06153076538268	0.7049763219638517	0.9324487277134237
69.19459729864933	0.7052749215680256	0.9338855250420108
69.32766383191596	0.7067258720252763	0.9337491432250538
69.46073036518258	0.7074434256864012	0.932681803419868
69.59379689844923	0.7090280379961104	0.9324017154812356
69.72686343171586	0.7088743937536989	0.9312989347451042
69.85992996498248	0.7102740838647965	0.9299431314994308
69.99299649824913	0.7120233719469738	0.9297920178532216
70.12606303151576	0.7116845141172833	0.9291656578143636
70.25912956478238	0.7117460212366729	0.928447457275548
70.39219609804903	0.7110135617501703	0.9302900933258063
70.52526263131566	0.7101673963077301	0.9307908755830839
70.65832916458228	0.7113697279534004	0.9309370182470879
70.79139569784893	0.7116602970243577	0.9319144139722119
70.92446223111556	0.7120042881242526	0.9336924729887318
71.05752876438218	0.7126032938187371	0.9346233898930205
71.19059529764883	0.7125910941125352	0.9346965067050346
71.32366183091546	0.7134004289993875	0.934348906294519
71.45672836418208	0.7133592715643077	0.9345961827086133
71.58979489744873	0.7112992265447254	0.9351693220761608
71.72286143071535	0.7134194549103815	0.9351394527501982
71.85592796398198	0.7131984775317789	0.9337119608617441
71.98899449724863	0.713247593290444	0.9345463097413662
72.12206103051525	0.7134606901951202	0.9345492062769729
72.25512756378188	0.7138669569582416	0.9338856018620132
72.38819409704853	0.7138184509636833	0.9330867131195949
72.52126063031515	0.7147181565085069	0.9330502951344972
72.65432716358178	0.7143494060833006	0.9332271702330093
72.78739369684843	0.7139540397213063	0.9331334782984718
72.92046023011505	0.7151540511698481	0.9318086657304143
73.05352676338168	0.7159275136475551	0.9329415403980407
73.18659329664833	0.7166495877915086	0.9325544833224163
73.31965982991495	0.7175184920339162	0.9327582573825269
73.45272636318158	0.717449064280256	0.9329054272784056
73.58579289644823	0.7173505107660034	0.9336200131428541
73.71885942971485	0.7171998324583572	0.9352041428464676
73.85192596298148	0.7185039478473523	0.9355130181001139
73.98499249624813	0.7198225395691067	0.9357628064337127
74.11805902951475	0.7208213910815167	0.9361423162073678
74.25112556278138	0.7222192628851103	0.9366125804404807
74.38419209604803	0.7231332111119534	0.936940380202705
74.51725862931465	0.7243355222867733	0.9377785214011471
74.65032516258128	0.7255341841880566	0.9369717597287995
74.78339169584793	0.7254447158238673	0.9366257600606912
74.91645822911455	0.7267742243164521	0.9365811539507952
75.04952476238118	0.7265617030542639	0.9366255115355917
75.18259129564782	0.7266459129236533	0.9368840585387659
75.31565782891445	0.7269886914437502	0.9368640178229464
75.44872436218108	0.7285718878099631	0.9364841052259738
75.58179089544772	0.7299283109522375	0.934511013073307
75.71485742871435	0.7310773017408442	0.9351747721325662
75.84792396198098	0.7325966575478856	0.9342658923232838
75.98099049524762	0.7328835820467342	0.9336814549290822
76.11405702851425	0.7322453904170567	0.9326221413291808
76.24712356178088	0.731731787147894	0.932662097661936
76.38019009504752	0.731492587016309	0.9333726612344301
76.51325662831415	0.7323037663173035	0.9328149282345151
76.6463231615808	0.7333307228396617	0.9334924094286448
76.77938969484742	0.7331415230999964	0.9332161377576453
76.91245622811405	0.7328610376493435	0.9335464887142506
77.0455227613807	0.7330512687664096	0.9342510115213924
77.17858929464732	0.7346390489495969	0.9350423927073392
77.31165582791395	0.7353698171325997	0.9344466644076713
77.4447223611806	0.7358786335898444	0.9364712280630026
77.57778889444722	0.7368775257467085	0.9347351822332228
77.71085542771385	0.7389251006199067	0.9342007905239198
77.8439219609805	0.739627871366966	0.9351146544160718
77.97698849424712	0.738597645519233	0.9346845252108799
78.11005502751375	0.7384974076646814	0.9336145853488063
78.2431215607804	0.738686127214956	0.9335791542622863
78.37618809404702	0.7394989283992348	0.9334452104631011
78.50925462731365	0.7403227447620112	0.9332446620302725
78.6423211605803	0.7399390326028531	0.9331578543116441
78.77538769384692	0.7395247756605621	0.9337142139332202
78.90845422711355	0.7396723953957358	0.9345658231098891
79.0415207603802	0.739297220577021	0.9361555871516714
79.17458729364682	0.7401363951438592	0.9372510754411869
79.30765382691345	0.741392948469823	0.9375019632524376
79.4407203601801	0.74165036635851	0.9374427340304762
79.57378689344672	0.7426956103499602	0.9372208914091918
79.70685342671335	0.7427856134262656	0.935501959156616
79.83991995998	0.7433643053822067	0.935257020950376
79.97298649324662	0.743716701525064	0.9351339175231693
80.10605302651325	0.7440234562435764	0.9348111267246065
80.2391195597799	0.7447412750331409	0.934806896194791
80.37218609304652	0.7445806559614262	0.9349741093577154
80.50525262631315	0.7439099993990614	0.9354285246918846
80.6383191595798	0.7440890775609337	0.9347818876020376
80.77138569284642	0.74363721002088	0.9333085356167103
80.90445222611305	0.7447878023622897	0.9350358762898476
81.0375187593797	0.7458285014854675	0.9363843551257276
81.17058529264632	0.7458952891813679	0.9360275501176103
81.30365182591295	0.7470078557412025	0.9353638736427277
81.4367183591796	0.7477094090944251	0.9350858974380767
81.56978489244622	0.7490584659006649	0.9340328048379036
81.70285142571285	0.7500281100475158	0.9334028318108586
81.8359179589795	0.7506670815816048	0.933068130912161
81.96898449224612	0.7501715634012255	0.9327190921693247
82.10205102551275	0.749615868581393	0.9326680233252285
82.2351175587794	0.7490963196863405	0.9332688504621184
82.36818409204602	0.7490366925867286	0.9312315019361453
82.50125062531265	0.7487362213496591	0.9312396896866748
82.6343171585793	0.7484487755482128	0.9320204634709199
82.76738369184592	0.748508640370147	0.9314609366192518
82.90045022511255	0.7491279743620023	0.9319952523599642
83.03351675837919	0.74985310542348	0.9327165231396601
83.16658329164582	0.7510474233432846	0.931385832394845
83.29964982491245	0.7524423573530503	0.9321576048227425
83.43271635817909	0.7527238865060837	0.932065715074735
83.56578289144572	0.7526430329045214	0.9305535492609628
83.69884942471235	0.7522748250499719	0.9295080893960403
83.83191595797899	0.7525494782975524	0.9287163396526394
83.96498249124562	0.7528834368905423	0.928722631570967
84.09804902451225	0.7529403154727617	0.9285202901597552
84.23111555777889	0.7531836479541855	0.9292160474474754
84.36418209104552	0.7536004125906196	0.9292251863380763
84.49724862431215	0.7541246953099533	0.9296022306379226
84.63031515757879	0.7526724282949715	0.9295661697555905
84.76338169084542	0.7532985384242687	0.9297088169802299
84.89644822411205	0.7539105013191719	0.9309154347682039
85.02951475737869	0.7547589844770566	0.9311573166594748
85.16258129064532	0.754796027666799	0.9323663797408211
85.29564782391195	0.7545178006511741	0.9314653284169194
85.42871435717859	0.7541908018746715	0.9316288600539766
85.56178089044522	0.7543171078658252	0.9325337870869843
85.69484742371185	0.7560224298838224	0.9328567144507909
85.82791395697849	0.7570004881953487	0.9327238287527881
85.96098049024512	0.7571851435049312	0.9329365731543355
86.09404702351175	0.7570043243256602	0.9326670849228075
86.22711355677839	0.756743951070202	0.9329396329197994
86.36018009004502	0.7567070066716293	0.9334277886498586
86.49324662331165	0.7569660033908385	0.9337651086845782
86.62631315657829	0.7573135414104191	0.9333957488711089
86.75937968984492	0.7580029892871347	0.9333440526283027
86.89244622311155	0.7578622364643874	0.9338818064184922
87.02551275637819	0.7579926082860006	0.9339373244663022
87.15857928964482	0.7594504707905535	0.933846921562809
87.29164582291145	0.7603221017139922	0.9335708321838974
87.42471235617809	0.7616877202915828	0.9339415840745598
87.55777888944472	0.7621302230578542	0.9348297705601993
87.69084542271135	0.7617012855820813	0.9350303983626173
87.82391195597799	0.7611455642621248	0.9338712514841648
87.95697848924462	0.7617871973651015	0.9338894752752209
88.09004502251125	0.7620107644385072	0.9335041404572465
88.22311155577789	0.7637385805380794	0.9343462983484561
88.35617808904452	0.7648126653115852	0.9353885605191788
88.48924462231115	0.7653537320307794	0.9359043651978165
88.62231115557779	0.7650418951925498	0.9361263946172068
88.75537768884442	0.7657069605408604	0.9352876408690121
88.88844422211105	0.7678169627350362	0.9351610322441131
89.02151075537769	0.7690059368734764	0.934264125124908
89.15457728864432	0.7696526261528899	0.9336923706467314
89.28764382191095	0.7712159725586321	0.9327602403220158
89.42071035517759	0.7720875918981284	0.9325471864168919
89.55377688844422	0.7731279809130974	0.9318362388641246
89.68684342171085	0.7725224310390948	0.9317260423514586
89.81990995497749	0.7736527014420901	0.9322867642609408
89.95297648824412	0.7733237804360807	0.9329686783686375
90.08604302151075	0.7729155211623655	0.9335117381740391
90.21910955477739	0.774002262503017	0.9337379614970627
90.35217608804402	0.7733529562070647	0.934810806148316
90.48524262131065	0.7722478988252321	0.9346881948738525
90.61830915457729	0.7728540987198094	0.9347040801231372
90.75137568784392	0.7738602739156317	0.9355526251459358
90.88444222111055	0.7751235240459187	0.9346687876356065
91.01750875437719	0.7748001372911685	0.9350723129826705
91.15057528764382	0.7748336847092855	0.9343521200925872
91.28364182091045	0.7760483015455217	0.9333491832300747
91.41670835417709	0.7766182906746795	0.9326489619489801
91.54977488744372	0.7772521909601259	0.9317695400208648
91.68284142071035	0.7768930921448963	0.931820705887985
91.81590795397699	0.777413064867408	0.9320998651226289
91.94897448724362	0.7784389642009988	0.9325413603396194
92.08204102051025	0.7781513109939853	0.933095206178699
92.21510755377689	0.7781239415369814	0.9330431984946684
92.34817408704352	0.7788552123977809	0.9342430632809662
92.48124062031015	0.7789215890447561	0.9347450906207146
92.61430715357679	0.7782394546020622	0.935360109426467
92.74737368684342	0.7784649712304342	0.935184407207984
92.88044022011005	0.7791170791997422	0.9342925725825553
93.01350675337669	0.7802974046392486	0.9345608814635659
93.14657328664332	0.7804118915088499	0.9342510070313235
93.27963981990995	0.7802931882344174	0.9337396295942662
93.41270635317659	0.7812812825197119	0.9338595404492369
93.54577288644322	0.7806458020394715	0.9330981322085514
93.67883941970985	0.780237291470007	0.9327304154107864
93.81190595297649	0.7801681953007553	0.9331869349371871
93.94497248624312	0.7811489502047375	0.9316487179154251
94.07803901950976	0.782823215859645	0.930716638917132
94.21110555277639	0.7844319557166429	0.9309787640674159
94.34417208604302	0.7844849364103785	0.9312515948342647
94.47723861930966	0.7838083986300521	0.9311439575452367
94.61030515257629	0.7841661724140995	0.9306451169277106
94.74337168584292	0.7843082835467455	0.9318102980855164
94.87643821910956	0.7831853164910716	0.9318692841629806
95.00950475237619	0.7823874373763705	0.9316909428459935
95.14257128564282	0.7824101947434436	0.9318464061752689
95.27563781890946	0.7822203293662432	0.9307292499538155
95.40870435217609	0.7826872113862408	0.9312186128751004
95.54177088544272	0.782198363010339	0.9315484848961112
95.67483741870936	0.7829086409770631	0.9320617744149253
95.80790395197599	0.7830787503977639	0.9330238765402656
95.94097048524262	0.7842786995729838	0.9331831105163162
96.07403701850926	0.7844147892188547	0.9328064342658975
96.20710355177589	0.783417678711381	0.9325616518700361
96.34017008504252	0.7835045109191536	0.9323289662552519
96.47323661830916	0.7830059452321604	0.9325915540766154
96.60630315157579	0.7828288579497886	0.9318530075817704
96.73936968484242	0.7833964839463645	0.9311849194690641
96.87243621810906	0.7843797759140216	0.9308256302557272
97.00550275137569	0.7837915068049354	0.9322254925170155
97.13856928464232	0.7840541609552514	0.9322024775737194
97.27163581790896	0.7852658557111526	0.9306101481025847
97.40470235117559	0.7851179519420654	0.931567630582043
97.53776888444222	0.7863614216178147	0.9321558122891452
97.67083541770886	0.7878647921722536	0.9308516711519778
97.80390195097549	0.7880166558555965	0.9318632145914897
97.93696848424212	0.787548823744616	0.9321860992872941
98.07003501750876	0.7881203362240781	0.9326804018936793
98.20310155077539	0.7877213446944333	0.9334138474964692
98.33616808404201	0.7882542476286435	0.9338889268707479
98.46923461730866	0.7888511650968497	0.9345403249603281
98.60230115057529	0.7886011177838067	0.9337355928931239
98.73536768384191	0.7890511541974495	0.9334907789144578
98.86843421710856	0.7891276932125033	0.9326146674228533
99.00150075037519	0.7897821248120209	0.9313504860175669
99.13456728364181	0.7908365379412149	0.9325362053678908
99.26763381690846	0.790524444029866	0.9334039780322468
99.40070035017509	0.7913016737255298	0.9329631977486436
99.53376688344171	0.7919671694910504	0.9334860546504918
99.66683341670836	0.7930808006901012	0.9349944665891747
99.79989994997499	0.7940771341691163	0.9358126702388491
99.93296648324161	0.7937380540446308	0.9348644914584047
100.06603301650826	0.7938641337884488	0.9323489522598928
100.19909954977489	0.7937081186895727	0.931108879042645
100.33216608304151	0.7935373281794169	0.9322667026700585
100.46523261630816	0.7941525325470926	0.932758275363884
100.59829914957479	0.7944224577778192	0.9322899701960514
100.73136568284141	0.7941609249159872	0.9322675395905458
100.86443221610806	0.795168293267359	0.9329563979489225
100.99749874937469	0.7961587643820122	0.9330171002024914
101.13056528264131	0.7965858452745204	0.9316483724865346
101.26363181590796	0.796302294254297	0.9307952097525465
101.39669834917459	0.796239447471984	0.9301826365216748
101.52976488244121	0.7969127108300458	0.9306550617412322
101.66283141570786	0.7965218203256934	0.9302490070396896
101.79589794897448	0.7970328308715154	0.9304383350155552
101.92896448224111	0.7975785110435533	0.9311386540768168
102.06203101550776	0.7970082157784739	0.932188683609081
102.19509754877438	0.7964862733465501	0.9321030260007268
102.32816408204101	0.797547818659997	0.9316753683207547
102.46123061530766	0.7989229385020173	0.932532504082878
102.59429714857428	0.79937467445527	0.9325182806612727
102.72736368184091	0.8000289592757415	0.932843160555824
102.86043021510756	0.8008419932092051	0.9333878966773063
102.99349674837418	0.8014416258277176	0.9343652055205414
103.12656328164081	0.8031360264914741	0.9334455289737845
103.25962981490746	0.8045814898236499	0.9323419904307175
103.39269634817408	0.805772548075943	0.9328288162850783
103.52576288144071	0.8069725944539174	0.9331342098100597
103.65882941470736	0.8067430648203089	0.9324089587523681
103.79189594797398	0.8061644157536861	0.932715392451768
103.92496248124061	0.8054198349618696	0.9333371494233308
104.05802901450726	0.8047075872028815	0.9333027491530597
104.19109554777388	0.8057763258627094	0.9326715252232215
104.32416208104051	0.805799941771857	0.9337436034342229
104.45722861430716	0.8064614618548214	0.9344864134912011
104.59029514757378	0.8070979493990509	0.9356589554720234
104.72336168084041	0.8063189811616688	0.9359963306994185
104.85642821410705	0.8067743986254929	0.93533632455029
104.98949474737368	0.8068669707390582	0.9345798340408085
105.12256128064031	0.8063380621980852	0.9335822739260816
105.25562781390695	0.8063880994745185	0.9331417491310454
105.38869434717358	0.8066131069525005	0.9320507844112992
105.52176088044021	0.8065796194468614	0.9328296242570483
105.65482741370685	0.8055710606421911	0.9348939314689128
105.78789394697348	0.8056064666740447	0.935327511275782
105.92096048024011	0.8057094868368329	0.9351687685287758
106.05402701350675	0.8054043665222821	0.9357332613630797
106.18709354677338	0.8044569753969544	0.9341766079990905
106.32016008004001	0.8031033720383118	0.9333377442026957
106.45322661330665	0.8036811789809447	0.934464359336262
106.58629314657328	0.8045046482431102	0.9344003386040108
106.71935967983991	0.8044765752126855	0.9351426083822763
106.85242621310655	0.8035870432836176	0.9361428101229369
106.98549274637318	0.8031900978695599	0.9367179022471254
107.11855927963981	0.8036056427276747	0.9388316472531417
107.25162581290645	0.8048079442850462	0.938534776537607
107.38469234617308	0.80660152796942	0.9371663330990405
107.51775887943971	0.8088209725991777	0.9368495589278165
107.65082541270635	0.8091592144586921	0.9371818783826752
107.78389194597298	0.8096403343475178	0.9367310765720913
107.91695847923961	0.8090618154792146	0.9359211836734588
108.05002501250625	0.8078304005876857	0.933935301446586
108.18309154577288	0.8088042986352529	0.934489255070533
108.31615807903951	0.8073754321420537	0.9346486552054315
108.44922461230615	0.806645715735069	0.933673430244299
108.58229114557278	0.8068301356338945	0.9336098782192178
108.71535767883941	0.806971177583919	0.9342922611380757
108.84842421210605	0.8063624330583629	0.9354792180778488
108.98149074537268	0.8064960724983361	0.9353119726426699
109.11455727863931	0.8075096480106931	0.9359004903755388
109.24762381190595	0.8075855534090277	0.9353467465826912
109.38069034517258	0.8088422910230602	0.934628357497078
109.51375687843921	0.8099157801312727	0.9347139840675651
109.64682341170585	0.8107534236356754	0.9345351818213895
109.77988994497248	0.8115095443303668	0.9349318313049129
109.91295647823911	0.8113180815642786	0.9352890988819695
110.04602301150575	0.8118956298248579	0.934279405116382
110.17908954477238	0.8128916843643231	0.9345150387607419
110.31215607803901	0.8132423415337707	0.9350625944262355
110.44522261130565	0.8148247228069652	0.9347729726346923
110.57828914457228	0.815193479915013	0.9335547162139989
110.71135567783892	0.8148768458431763	0.9322058039549526
110.84442221110555	0.8149813459200467	0.9319303480786113
110.97748874437218	0.8159417590648613	0.932227790954285
111.11055527763882	0.816833081340715	0.9323007368934494
111.24362181090545	0.8158706092756094	0.9323832304304145
111.37668834417208	0.8150346529060161	0.932184325777801
111.50975487743872	0.8150756182922733	0.9324083506652217
111.64282141070535	0.8141722968450946	0.9330856779937154
111.77588794397198	0.8147954809830992	0.9336346578387426
111.90895447723862	0.8153277194762457	0.9337984798929171
112.04202101050525	0.8157060848721568	0.933287239864239
112.17508754377188	0.8154521411367187	0.932664234749484
112.30815407703852	0.815344768378235	0.9319229569277339
112.44122061030515	0.815898327172089	0.9315521585928205
112.57428714357178	0.8167135188151196	0.931623670085091
112.70735367683842	0.8170214804795303	0.9310495204466481
112.84042021010505	0.817109534820653	0.9308297898199925
112.97348674337168	0.8175216091725558	0.9310603258751766
113.10655327663832	0.8169813493263658	0.9298621515560606
113.23961980990495	0.8158405801495976	0.929897300788596
113.37268634317158	0.8158646518245449	0.9309994914410219
113.50575287643822	0.816389833362037	0.9301368254288986
113.63881940970485	0.8155862352736717	0.9293139452055019
113.77188594297148	0.8161076491476574	0.929603778010493
113.90495247623812	0.8160071363116174	0.9291975661644796
114.03801900950475	0.8159437041524046	0.9291349646692644
114.17108554277138	0.8165594249765643	0.9295964484197969
114.30415207603802	0.8176216960730923	0.9300827339560804
114.43721860930465	0.8177317566637615	0.9292438342588654
114.57028514257128	0.8166612865451256	0.928637336486556
114.70335167583792	0.8177182081563309	0.9302361807514825
114.83641820910455	0.8180664902947179	0.9302705231458006
114.96948474237118	0.8192385547152599	0.9289469497995487
115.10255127563782	0.820683341196234	0.9280951398901913
115.23561780890445	0.81963404258176	0.9273066260231115
115.36868434217108	0.8193786736651856	0.9280385286564081
115.50175087543772	0.8201421689135059	0.929204200212431
115.63481740870435	0.8197634111715412	0.9294320275972275
115.76788394197098	0.8191298752952636	0.9305771314423604
115.90095047523762	0.8194276377501339	0.9308943270897775
116.03401700850425	0.818785977356096	0.9308728157428091
116.16708354177088	0.8195777784952779	0.9310206836736883
116.30015007503752	0.8205714693474647	0.9313561835405476
116.43321660830415	0.8211095081119593	0.931801556622548
116.56628314157078	0.8221360546769747	0.9319051098601571
116.69934967483742	0.8218476071761405	0.9323757477258484
116.83241620810405	0.821599275102651	0.9322974192820515
116.96548274137068	0.8208500196848921	0.9318469613192061
117.09854927463732	0.8200641692896401	0.9318811827503308
117.23161580790395	0.8215594654539731	0.9316221805604924
117.36468234117058	0.8218393468356272	0.9311504178282749
117.49774887443722	0.8218508765059058	0.931370665024268
117.63081540770385	0.8236088313243277	0.9319918693323824
117.76388194097048	0.8251987058007917	0.9315360599845831
117.89694847423712	0.8259318708264363	0.9305203122007034
118.03001500750375	0.8264131672660239	0.9316048535060353
118.16308154077038	0.8249675149409001	0.9320763813984718
118.29614807403702	0.8248711100331789	0.9318206138993715
118.42921460730365	0.8243790309962472	0.9326506762972088
118.56228114057028	0.8232797258158931	0.9330253117738009
118.69534767383692	0.8241002009061578	0.9330332282591034
118.82841420710355	0.8244100919626135	0.9329952908674986
118.96148074037018	0.8243455957828196	0.9332679823510176
119.09454727363682	0.8242560851456983	0.9336565226271548
119.22761380690345	0.8228232961729932	0.933822989254339
119.36068034017008	0.8221526042316758	0.9338248370376585
119.49374687343672	0.8228948504985522	0.9346391073902683
119.62681340670335	0.8238164852597785	0.9358852225316017
119.75987993996998	0.8240880435786365	0.9351039042592212
119.89294647323662	0.8237787382065916	0.9341080777318433
120.02601300650325	0.8244585670076515	0.9340135682929323
120.15907953976988	0.8245936460391666	0.9328338535150271
120.29214607303652	0.8240639872349086	0.9333928990221996
120.42521260630315	0.8224762782931443	0.9340792501016341
120.55827913956978	0.8216769605230815	0.9334256517683011
120.69134567283642	0.821331176841402	0.9338648558640233
120.82441220610305	0.8212524086520523	0.9328815556841931
120.95747873936968	0.8219482869030489	0.931532736469418
121.09054527263632	0.8220028982721983	0.9315809939509188
121.22361180590295	0.8217135440042413	0.9308876622047547
121.35667833916958	0.8206165020588329	0.9302222747880785
121.48974487243622	0.8201043185176317	0.9302397185200818
121.62281140570285	0.8202951157769083	0.9319264563275654
121.75587793896948	0.8206394160143287	0.9320241769043663
121.88894447223612	0.8218259839001671	0.9308793765315395
122.02201100550275	0.822058601019989	0.9304189125292827
122.15507753876938	0.8214213263268014	0.9297547403093364
122.28814407203602	0.821838600488732	0.9305728584321669
122.42121060530265	0.822379773523223	0.9313453105568664
122.55427713856928	0.8220819398700714	0.9311752324399496
122.68734367183592	0.8223850540532576	0.9309487125355878
122.82041020510255	0.82257271496956	0.9324033169524835
122.95347673836918	0.8223249480613382	0.9325766229208597
123.08654327163582	0.8233737395061115	0.9319176780388709
123.21960980490245	0.8247531947506938	0.9319506056277417
123.35267633816908	0.8260786030829147	0.9313247315187173
123.48574287143572	0.827401875741561	0.9316401930558516
123.61880940470235	0.8270489779452931	0.9313488504790619
123.75187593796898	0.8264749389455024	0.9313811742643444
123.88494247123562	0.8259580816314577	0.9319662248874658
124.01800900450225	0.8253828830153362	0.9321264810112998
124.15107553776888	0.8255719415389536	0.9323248677947381
124.28414207103552	0.82548388349985	0.9329604143814817
124.41720860430215	0.8253076157682983	0.9326144042838167
124.55027513756878	0.8256173540301375	0.9321507328681684
124.68334167083542	0.8259709112989464	0.9318371256600475
124.81640820410205	0.8265234037799006	0.9314219093018858
124.94947473736867	0.8274612749804534	0.9321322594676266
125.08254127063532	0.8272492554178308	0.9316340767634448
125.21560780390195	0.8274600783185068	0.9319743612876586
125.34867433716857	0.8276733827095333	0.9333506315682805
125.48174087043522	0.8273863886223961	0.9342357290270817
125.61480740370185	0.828804871046624	0.9338442072197779
125.74787393696847	0.8282053844211927	0.9323334163004267
125.88094047023512	0.8278248798652624	0.9323530752488979
126.01400700350175	0.8274452722217104	0.9333013548854245
126.14707353676837	0.8276635904039303	0.9329672963944817
126.28014007003502	0.8287580723249875	0.9326603530318262
126.41320660330165	0.8280897859955583	0.933056395695204
126.54627313656827	0.8287686032499321	0.9329880856582099
126.67933966983492	0.828852131545905	0.9323585190448247
126.81240620310155	0.8281169649778976	0.9316455607387425
126.94547273636817	0.8289121890002293	0.9312141365833365
127.07853926963482	0.8295867482971485	0.931781229084461
127.21160580290145	0.8297806518546906	0.9326277505564199
127.34467233616807	0.8298863142780196	0.933749742475079
127.47773886943472	0.8306325818935956	0.9337504352634067
127.61080540270135	0.8307159306387073	0.9320698127096811
127.74387193596797	0.8297698026497234	0.9315647333906585
127.87693846923462	0.827956104337925	0.9312850824326755
128.01000500250126	0.8291917059749332	0.931220909950146
128.1430715357679	0.83081879971035	0.9309013028924258
128.27613806903452	0.8304652487944205	0.9309118394957842
128.40920460230114	0.8307490000114794	0.9304322620726714
128.54227113556777	0.8300968923151891	0.9309289249590493
128.6753376688344	0.8297427210497419	0.9319699725408676
128.80840420210106	0.8298012535831121	0.9317959414924132
128.9414707353677	0.8306934731735166	0.9304513426107258
129.07453726863432	0.8310722574243421	0.9295330990516063
129.20760380190094	0.8314311830080697	0.930449122088949
129.34067033516757	0.8317628355863349	0.9315493137486024
129.4737368684342	0.8316288146992349	0.9317040358939501
129.60680340170086	0.831915044344009	0.933190259889573
129.7398699349675	0.8319128146348367	0.9341425413634907
129.87293646823412	0.8321616167554382	0.9341320399479618
130.00600300150074	0.8308782840337727	0.9335350185425465
130.13906953476737	0.8292144134582133	0.9318957055822852
130.272136068034	0.8286923068906763	0.9325670854894377
130.40520260130066	0.827247836814515	0.932598029631457
130.5382691345673	0.8276962281056038	0.9315644261682032
130.67133566783392	0.8292527938709581	0.9322910238007757
130.80440220110054	0.8304602482694592	0.9323596868533746
130.93746873436717	0.8305849515605845	0.9326620819205358
131.0705352676338	0.8294084609772099	0.9335492809231845
131.20360180090046	0.8294677556164389	0.9326998319112891
131.3366683341671	0.830077888940908	0.9332797807823923
131.46973486743371	0.8309766887081006	0.9339387574159044
131.60280140070034	0.831503790984139	0.9328542927045205
131.73586793396697	0.8316407518403074	0.9332157579725614
131.8689344672336	0.8306142775281614	0.9343601903634515
132.00200100050026	0.8293335967789474	0.9345748367902827
132.1350675337669	0.8288919261489458	0.9333078170483503
132.26813406703351	0.828528183240265	0.9323676288873943
132.40120060030014	0.8287452402798774	0.9335440497865162
132.53426713356677	0.8293251532035724	0.9341680353767274
132.6673336668334	0.829810342036034	0.9335343292401219
132.80040020010006	0.8299213134609251	0.9331231066593607
132.93346673336669	0.8306975186651058	0.9319443812260526
133.06653326663331	0.8320047874959958	0.9313298566699673
133.19959979989994	0.8318421619915022	0.9306896244102849
133.33266633316657	0.8310198428356402	0.9308661353799106
133.4657328664332	0.8321224980315569	0.9317822828204883
133.59879939969986	0.8335126284271988	0.9322869678914268
133.73186593296649	0.8328849224340675	0.9316731764266032
133.8649324662331	0.8325000895262249	0.9309586097682364
133.99799899949974	0.8334743778937379	0.9315217080474076
134.13106553276637	0.8332052955921742	0.9327435713543177
134.264132066033	0.833632501854086	0.9348612084844595
134.39719859929966	0.8339277316662984	0.9348130862892934
134.53026513256629	0.8334611891889253	0.9333319594728168
134.6633316658329	0.8341609554256865	0.9331164989994881
134.79639819909954	0.835109283628376	0.934058537297974
134.92946473236617	0.8356707282561455	0.9346451903019446
135.0625312656328	0.8359647624432108	0.9350228302921425
135.19559779889946	0.8360805247368654	0.9352867848851565
135.32866433216608	0.8365840163305354	0.9353496104097633
135.4617308654327	0.8370170411838527	0.9353872619515236
135.59479739869934	0.8370620506048161	0.9348590648727362
135.72786393196597	0.837068364480881	0.9339779994352392
135.8609304652326	0.837362652284604	0.933604377038758
135.99399699849926	0.8376186006111955	0.9338914531558405
136.12706353176588	0.8372541318052202	0.9328944885680667
136.2601300650325	0.8379858133843143	0.9327126954268067
136.39319659829914	0.8381352535257242	0.9327161361763424
136.52626313156577	0.8377382603298054	0.9317704107399342
136.65932966483243	0.8382383848261514	0.9313436484323186
136.79239619809906	0.8389039724529379	0.9318852601369313
136.92546273136568	0.8388342254254332	0.9324843599570085
137.0585292646323	0.8378937541721815	0.93206490579723
137.19159579789894	0.837000254537307	0.9312435783765988
137.32466233116557	0.83662079715271	0.931973260950166
137.45772886443223	0.8366607013794052	0.9327686651051077
137.59079539769886	0.8368744714233732	0.9326072205070227
137.72386193096548	0.8372507451711232	0.9325945448444508
137.8569284642321	0.8381962072824222	0.9322209389331556
137.98999499749874	0.8384632197827636	0.9337260439436402
138.12306153076537	0.8391113787457689	0.9341254667434036
138.25612806403203	0.8396560725767528	0.9332284851359743
138.38919459729865	0.839672953306742	0.9330530311172953
138.52226113056528	0.8386205520162474	0.9322975764389155
138.6553276638319	0.837591467982672	0.9316611391601126
138.78839419709854	0.8382152540929045	0.9303000409227162
138.92146073036517	0.8387965364327906	0.9285367174843696
139.05452726363183	0.8396809283242458	0.9298409454503265
139.18759379689845	0.8402061662360104	0.9294969213827333
139.32066033016508	0.8405023216293719	0.9290989127583664
139.4537268634317	0.8414937505131239	0.9297612074659818
139.58679339669834	0.8418434739617775	0.9301078188384411
139.71985992996497	0.8418993485421733	0.9305568042629297
139.85292646323163	0.8420522118102024	0.9297710014915187
139.98599299649825	0.841164212516375	0.9306160480890687
140.11905952976488	0.8405980804184945	0.9300942814357803
140.2521260630315	0.8414534302966934	0.928793354857214
140.38519259629814	0.842178779764229	0.9289615296744962
140.51825912956477	0.8422582051905056	0.9286189074234688
140.65132566283143	0.8422670752471535	0.9301207281242735
140.78439219609805	0.8411360388752094	0.9312559542152604
140.91745872936468	0.8412811705861429	0.9298315850678379
141.0505252626313	0.8420364404000904	0.9302296344966878
141.18359179589794	0.8429661956890584	0.9301815171988672
141.31665832916457	0.8429056851433587	0.9308425852132217
141.44972486243122	0.8411484301192079	0.9317381026483788
141.58279139569785	0.8402343157492445	0.9305876862989629
141.71585792896448	0.8405224096960797	0.93059436783442
141.8489244622311	0.8404026139588292	0.9313742829841128
141.98199099549774	0.8410648500257188	0.93213492747766
142.11505752876437	0.8411009450472103	0.931677316679986
142.24812406203102	0.8417558641215827	0.9307580625458379
142.38119059529765	0.8427418739032082	0.9303387503847959
142.51425712856428	0.8419404960892948	0.9309035143738237
142.6473236618309	0.842719804597056	0.9311204185430866
142.78039019509754	0.8436876578986314	0.9305559572277835
142.91345672836417	0.8436648046685331	0.9300227541371361
143.04652326163082	0.8442808222152146	0.9302231300504142
143.17958979489745	0.8444035484674027	0.930948043061549
143.31265632816408	0.8446806567758841	0.9317198020386538
143.4457228614307	0.8450260591819533	0.9321026058022576
143.57878939469734	0.8444486799510524	0.9322379964001108
143.71185592796397	0.8442265238033884	0.9318011053836435
143.84492246123062	0.8442001510792438	0.9313583408846096
143.97798899449725	0.8428829252570463	0.931413018667652
144.11105552776388	0.8435274506677951	0.9314390414620244
144.2441220610305	0.8447345750890174	0.9316688198597803
144.37718859429714	0.8438475933594027	0.9317087003051108
144.51025512756377	0.8423565443320012	0.9328173644629503
144.64332166083042	0.843148450572034	0.932289071612244
144.77638819409705	0.8426708045736762	0.9312100072195562
144.90945472736368	0.8420346304417801	0.9300547566538397
145.0425212606303	0.843402606328027	0.929634377319979
145.17558779389694	0.8437107981704057	0.9310771866994845
145.30865432716357	0.8438048124517609	0.931716878809856
145.44172086043022	0.8428405794150035	0.9321425821819451
145.57478739369685	0.8431397613375864	0.9326044006273106
145.70785392696348	0.8430193439552859	0.9328356411540892
145.8409204602301	0.8430059558926467	0.9329039479538948
145.97398699349674	0.8441367217918464	0.9320675445116975
146.10705352676337	0.8430551783330691	0.9319185308813179
146.24012006003002	0.8420896340684817	0.9316495756279073
146.37318659329665	0.8418650056326583	0.9314006224644805
146.50625312656328	0.8425389161236289	0.9322628845973497
146.6393196598299	0.8434027806426982	0.9320608844983315
146.77238619309654	0.8434068684042122	0.9325331205487191
146.90545272636317	0.8433827436789637	0.9327491044770595
147.03851925962982	0.8428760248887789	0.9326541295201184
147.17158579289645	0.8416964010351601	0.9322008012157189
147.30465232616308	0.8432421558020272	0.9321845730901559
147.4377188594297	0.845253494377273	0.9323833860023589
147.57078539269634	0.8453228820587761	0.9321051439945408
147.70385192596297	0.8454030446737726	0.9324926229096042
147.83691845922962	0.8445377318211349	0.9330050604483626
147.96998499249625	0.8427744285371688	0.9335865769270292
148.10305152576288	0.8414259676120442	0.934806176027681
148.2361180590295	0.8421730841030016	0.935231717181926
148.36918459229614	0.8427819948547767	0.9348928083857164
148.50225112556276	0.841852423429842	0.9361866483932126
148.63531765882942	0.8406283943154492	0.9367110362009956
148.76838419209605	0.839427265207048	0.9350535439335932
148.90145072536268	0.8395337017510177	0.9349621630245765
149.0345172586293	0.8398017473758385	0.9350971046676778
149.16758379189594	0.8401938450708871	0.9349846333535243
149.30065032516256	0.8401898273431753	0.9342460843795768
149.43371685842922	0.8390581013642103	0.9338210767606768
149.56678339169585	0.8394703604610211	0.9346839932656211
149.69984992496248	0.8398082840226596	0.9349534064447913
149.8329164582291	0.8407387393591538	0.9345455269242202
149.96598299149574	0.8411786334456874	0.9351462381543245
150.09904952476236	0.8413766742242628	0.9353860254747638
150.23211605802902	0.8418017022942741	0.9349666068611204
150.36518259129565	0.8417188551276634	0.9346097181534903
150.49824912456228	0.8404857410087605	0.9330985861536477
150.6313156578289	0.8402865761154867	0.9332376188519137
150.76438219109554	0.8403201540315836	0.9335124433553458
150.89744872436216	0.8404543931649249	0.9326653591823717
151.03051525762882	0.8402659388955391	0.9323093971495748
151.16358179089545	0.8399831361504055	0.9316342786303178
151.29664832416208	0.8403979734161899	0.9311724929609845
151.4297148574287	0.8402855057510467	0.9315559852250815
151.56278139069533	0.8405950571902919	0.9310700272102639
151.69584792396196	0.8411820260074984	0.9298194194374001
151.82891445722862	0.8413588400915301	0.9300168876033731
151.96198099049525	0.8430305192488248	0.9306300844551945
152.09504752376188	0.8432283675055751	0.9314029431256347
152.2281140570285	0.8422777607770829	0.9309816577437293
152.36118059029513	0.8432367173577727	0.9316722485491509
152.49424712356176	0.8437874384769408	0.9313826129889285
152.62731365682842	0.8427233215407645	0.9307304457341802
152.76038019009505	0.8431065535404187	0.9312395580604433
152.89344672336168	0.8436956049190295	0.9302073656910891
153.0265132566283	0.8451447020411558	0.9303002534087633
153.15957978989493	0.8453383181984293	0.9315586970455985
153.2926463231616	0.8456193115810857	0.9312265351730855
153.42571285642822	0.8462787969513894	0.9315679205496151
153.55877938969485	0.8463759035928305	0.9321362047089334
153.69184592296148	0.8465932833304252	0.9323288683664173
153.8249124562281	0.8456915301052014	0.9321897707148463
153.95797898949473	0.845913187450409	0.9320598882861971
154.0910455227614	0.8471534379606295	0.9321402741421745
154.22411205602802	0.8477039606295385	0.9322489015588157
154.35717858929465	0.8471982529497457	0.9329960091330766
154.49024512256128	0.8471019554505691	0.9337051875310137
154.6233116558279	0.8457171228390704	0.9328141797346643
154.75637818909453	0.8457062524524337	0.9324650275540162
154.8894447223612	0.8462644796062461	0.9330111948390543
155.02251125562782	0.8465231138328344	0.933866695097655
155.15557778889445	0.8471665528554915	0.9333919273638414
155.28864432216108	0.8478866124675652	0.9341882252989869
155.4217108554277	0.8483520015225855	0.9356696966396054
155.55477738869433	0.8476659311265184	0.9356502755673605
155.687843921961	0.8468456616540238	0.9345901465891143
155.82091045522762	0.848257097234272	0.9341431210910656
155.95397698849425	0.8489330531565753	0.935797032449528
156.08704352176088	0.8490257874113392	0.9380064416170769
156.2201100550275	0.848598185380637	0.93773014829275
156.35317658829413	0.8475911615102776	0.9360829365256002
156.4862431215608	0.8479595920439515	0.9354906892364444
156.61930965482742	0.8478659449494768	0.9352873429437107
156.75237618809405	0.8471692306676001	0.9346674048786806
156.88544272136068	0.8468605349830723	0.9343729875837588
157.0185092546273	0.8472976439690487	0.9343654358867888
157.15157578789393	0.8471729524824445	0.9343253679410036
157.2846423211606	0.8468063231100741	0.9344069586331929
157.41770885442722	0.8470088447804257	0.9343434299485075
157.55077538769385	0.8473533804662055	0.934004931984206
157.68384192096048	0.8464914675197969	0.9344425173284893
157.8169084542271	0.8465906897960622	0.9350137590343821
157.94997498749373	0.8465994316466995	0.9355632667826708
158.0830415207604	0.8465241524154097	0.9354194864792622
158.21610805402702	0.8476137961270535	0.9346227342278011
158.34917458729365	0.8481730169022671	0.9344885807022351
158.48224112056027	0.847944937458943	0.933478642747785
158.6153076538269	0.8480333243224268	0.9327710323674763
158.74837418709353	0.8482066739039609	0.9322527780799853
158.8814407203602	0.8475736993051436	0.9315663271759407
159.01450725362682	0.8477344236843212	0.9319669734179306
159.14757378689345	0.8464705432619457	0.9320073213250848
159.28064032016007	0.8460499705838161	0.9323164942705292
159.4137068534267	0.8468495519324315	0.9325339101462027
159.54677338669333	0.8467702586389159	0.9310524711210372
159.67983991996	0.8471177196977431	0.9307433471191605
159.81290645322662	0.8468547291385958	0.9312773925461778
159.94597298649325	0.8465796075976637	0.9315056964479334
160.07903951975987	0.8481504494291605	0.9310996440162984
160.2121060530265	0.8483564047544172	0.9319378476734883
160.34517258629313	0.8475300488683882	0.9327876479582126
160.4782391195598	0.8478669086190247	0.9329756191950245
160.61130565282642	0.8471467203027142	0.9321619685858684
160.74437218609305	0.8467455310680689	0.9318189740352145
160.87743871935967	0.8463603350442925	0.9312841761455695
161.0105052526263	0.8464983613738107	0.9306331369956008
161.14357178589293	0.8462039165099611	0.930694066167098
161.2766383191596	0.8473604877241493	0.9309522064236629
161.40970485242622	0.8482772050809838	0.9306441513702236
161.54277138569284	0.8480638585171436	0.9301947797901049
161.67583791895947	0.8485993724682847	0.928905711014453
161.8089044522261	0.8480861588864503	0.9288188980541029
161.94197098549273	0.8477296759313617	0.9300302986508702
162.0750375187594	0.8461854869537824	0.9306407986982904
162.20810405202602	0.8445537914083444	0.9320773782450356
162.34117058529264	0.8445963713461334	0.9334999735710009
162.47423711855927	0.8440697160206772	0.9332402214137999
162.6073036518259	0.8434868974650012	0.9322263206578858
162.74037018509253	0.8433560638361303	0.9313369983967498
162.8734367183592	0.8440050339189361	0.9313008351516726
163.00650325162582	0.8449450374012712	0.9312758932579815
163.13956978489244	0.8455547771264175	0.9315668528408851
163.27263631815907	0.8456296963644472	0.9322602857070779
163.4057028514257	0.8469969959777672	0.9322590706978129
163.53876938469233	0.8468412589286917	0.9323917918804538
163.671835917959	0.8465395842144012	0.9332355926281878
163.80490245122562	0.8475122450346158	0.9336320315196738
163.93796898449224	0.8487605264005976	0.9334384886560548
164.07103551775887	0.849158183523387	0.9319479089047039
164.2041020510255	0.8490347976884092	0.9315260927219837
164.33716858429213	0.8486262533445663	0.9320065640224634
164.4702351175588	0.8484472830080649	0.9310228474998656
164.60330165082541	0.8475421197480745	0.9317854747325401
164.73636818409204	0.848308655749091	0.9316392485529724
164.86943471735867	0.8485760876912749	0.9312073133551858
165.0025012506253	0.8477556822796058	0.9304070617400724
165.13556778389193	0.8483940137750728	0.9301338919285015
165.2686343171586	0.8487119391960536	0.9318909800813877
165.40170085042521	0.8489634130705482	0.9332711215959231
165.53476738369184	0.8487406623618265	0.9334158775868326
165.66783391695847	0.8490216803791736	0.9328582685101405
165.8009004502251	0.8493098175539525	0.9328850098227754
165.93396698349173	0.8482849505655158	0.9316035450844595
166.06703351675839	0.8489171953732225	0.932343048778975
166.20010005002501	0.8500027673585334	0.9320926622293695
166.33316658329164	0.8499048348301032	0.9312543033937689
166.46623311655827	0.8498841129766567	0.9318821643533364
166.5992996498249	0.850307132748985	0.9317558961597445
166.73236618309153	0.8503352650954007	0.9330071565586097
166.86543271635819	0.8490405573482591	0.9331779547029558
166.9984992496248	0.8492873987938906	0.9331944960822702
167.13156578289144	0.8487265764336919	0.9331958720451998
167.26463231615807	0.8483269320629002	0.9331380681880661
167.3976988494247	0.8479008734605721	0.9337938202315734
167.53076538269133	0.8482705216870008	0.9333988984595233
167.66383191595799	0.8498179635734228	0.932700292136705
167.7968984492246	0.8488016576578048	0.9329883226178152
167.92996498249124	0.8479787760709545	0.9337472125075674
168.06303151575787	0.848905093471802	0.934068485447416
168.1960980490245	0.8492397265936138	0.9336617725684121
168.32916458229113	0.8479655340539693	0.9327830635059474
168.46223111555778	0.8466837701581076	0.9329426857623555
168.5952976488244	0.8455382232657163	0.9328817400172829
168.72836418209104	0.8439765403155862	0.9318575614819159
168.86143071535767	0.8443464930896698	0.9327942736735846
168.9944972486243	0.8450479787589003	0.933507419135667
169.12756378189093	0.8454897390473084	0.9329900122401837
169.26063031515758	0.8450501025278765	0.9333636896714362
169.3936968484242	0.8463262224977528	0.9336827758337083
169.52676338169084	0.8478613751224847	0.9334067696788697
169.65982991495747	0.8473542043678582	0.9334507048205234
169.7928964482241	0.847686838798701	0.9334948464235862
169.92596298149073	0.8476004757511051	0.932301026087092
170.05902951475738	0.8479550030537771	0.9321525768308604
170.192096048024	0.8485247824037958	0.9330253403478366
170.32516258129064	0.8496200903376051	0.9329152590822728
170.45822911455727	0.8498394798732318	0.932078308419031
170.5912956478239	0.8490522699165081	0.9324740838553871
170.72436218109056	0.8489745223878982	0.9324269417222522
170.85742871435718	0.8490344468513562	0.9317743619935022
170.9904952476238	0.8491723855457443	0.9311951141029089
171.12356178089044	0.849526729613262	0.9314379669647277
171.25662831415707	0.849397201120699	0.9306399086759582
171.3896948474237	0.8503135947337404	0.9301606836679871
171.52276138069035	0.850757008471102	0.9305135294432857
171.65582791395698	0.8502378430999786	0.9293772407439828
171.7888944472236	0.8501551566702642	0.9287647017373131
171.92196098049024	0.8512751269670744	0.9296630456310514
172.05502751375687	0.850293597496729	0.9292857333265786
172.1880940470235	0.8500494505683571	0.9291123259451366
172.32116058029015	0.8495296467452427	0.9289855557313528
172.45422711355678	0.848603334517238	0.9298370489040176
172.5872936468234	0.8490561003045151	0.9313537312313358
172.72036018009004	0.8491722801583967	0.9304588840101992
172.85342671335667	0.8482836177069865	0.9309502373523029
172.9864932466233	0.8484633149179446	0.9321335283161818
173.11955977988995	0.8494645642741913	0.9317660068193617
173.25262631315658	0.8486796113461786	0.9316308925231186
173.3856928464232	0.8482981387654469	0.9318718411137634
173.51875937968984	0.8477205954088051	0.9327122371708683
173.65182591295647	0.8480163171302322	0.9325202373501664
173.7848924462231	0.8491809964143222	0.930579131409039
173.91795897948975	0.8493233052007666	0.9293500703659408
174.05102551275638	0.8487868686052297	0.9291995154175324
174.184092046023	0.8479684442243677	0.9286393553764103
174.31715857928964	0.8476191854967462	0.9279453295588999
174.45022511255627	0.8473820349888126	0.9291853912704049
174.5832916458229	0.8476281124377575	0.9295291510081012
174.71635817908955	0.8481354041576848	0.9308566222856951
174.84942471235618	0.8481828020815321	0.9305343364029851
174.9824912456228	0.8487359821270176	0.9295624839092523
175.11555777888944	0.8490942445644944	0.9296825116538168
175.24862431215607	0.8490828868358397	0.9300902028205787
175.3816908454227	0.8489156579557949	0.9297086329302681
175.51475737868935	0.8489000402494582	0.9302469708893899
175.64782391195598	0.849135746633223	0.9299652499365908
175.7808904452226	0.8494430951814702	0.9292566673495247
175.91395697848924	0.8493934261580965	0.9303551963242384
176.04702351175587	0.8471406662436481	0.9311272228595159
176.1800900450225	0.8457516480051798	0.9309456800132285
176.31315657828915	0.8446641021373036	0.9309344745270304
176.44622311155578	0.8449167063400118	0.9308890216771131
176.5792896448224	0.8459657658863273	0.9303327767046766
176.71235617808904	0.8469251012181904	0.9306795570234321
176.84542271135567	0.8474059837933703	0.9292269928147245
176.9784892446223	0.847680857980617	0.9268288539793472
177.11155577788895	0.8478245957985172	0.9277581887947881
177.24462231115558	0.8493042981687515	0.9291509578914564
177.3776888444222	0.8491173068828628	0.9300925795848265
177.51075537768884	0.8488992483275807	0.9311753793864942
177.64382191095547	0.849362450405092	0.9312026202299722
177.7768884442221	0.8496821342559556	0.9320186349487132
177.90995497748875	0.8503810539291622	0.933263247431311
178.04302151075538	0.850704224796975	0.9337090265030742
178.176088044022	0.850124684649502	0.9327775964726894
178.30915457728864	0.8503101260023458	0.9338989668445191
178.44222111055527	0.850682568064698	0.9331129665858358
178.5752876438219	0.8506534792685161	0.9327667240285936
178.70835417708855	0.8509217200040986	0.933047289486387
178.84142071035518	0.8508812631519653	0.9332869492738249
178.9744872436218	0.8509200353971473	0.9339875656031937
179.10755377688844	0.8510251203808845	0.935302860693773
179.24062031015507	0.8510274565225745	0.9345123054215513
179.3736868434217	0.8505254670298328	0.934661854021106
179.50675337668835	0.850251273591176	0.9347162151703889
179.63981990995498	0.8503760004627823	0.9342748626049028
179.7728864432216	0.8497378561719147	0.9332030633417318
179.90595297648824	0.8497374166012358	0.9310639080777134
180.03901950975487	0.8496340962041132	0.9308305612603686
180.1720860430215	0.8490958048279211	0.9288120018277957
180.30515257628815	0.8481559258842003	0.9293872462696308
180.43821910955478	0.8500996528938977	0.9300197902337694
180.5712856428214	0.8503177146753175	0.9311247629319525
180.70435217608804	0.849758923618355	0.9316872726844634
180.83741870935467	0.8491407288261403	0.9312522689890425
180.9704852426213	0.8475870283589768	0.9313318113914503
181.10355177588795	0.8483903092709517	0.9316948398966302
181.23661830915458	0.8483610076554731	0.932165564335855
181.3696848424212	0.8488545937633054	0.9319541530184431
181.50275137568784	0.8492489412445156	0.9316972553068795
181.63581790895446	0.8494012532194078	0.9306781239361496
181.7688844422211	0.8500545614004109	0.9301667443792209
181.90195097548775	0.8497857835438758	0.9299784795333619
182.03501750875438	0.850231515809161	0.9309680759546658
182.168084042021	0.8499605758366692	0.9306065517642046
182.30115057528764	0.8501198470640507	0.9302759865536345
182.43421710855426	0.8498632588989432	0.9295506966758149
182.5672836418209	0.8495800675259426	0.9293059264862998
182.70035017508755	0.8506934353506195	0.9292252914139622
182.83341670835418	0.8508114797734043	0.9294523113070332
182.9664832416208	0.850439587929166	0.9284014720544737
183.09954977488744	0.850009116065136	0.9293226579912972
183.23261630815406	0.8504219949202528	0.9303901836981437
183.3656828414207	0.8502460592484343	0.9305633116105051
183.49874937468735	0.8491288242172087	0.9310799783499882
183.63181590795398	0.848309396724041	0.9313427763496908
183.7648824412206	0.8490733387800543	0.930847452124504
183.89794897448724	0.8497512322127576	0.9312914438937853
184.03101550775386	0.8503774814558314	0.9312892852777421
184.1640820410205	0.8504635087134191	0.9309460212743206
184.29714857428715	0.8498485648562155	0.9310247186191634
184.43021510755378	0.8506735392340342	0.9314532180195506
184.5632816408204	0.8515044965041713	0.9318133314766718
184.69634817408703	0.8516612124669211	0.9315789960944512
184.82941470735366	0.8534215656484987	0.9314317998111404
184.9624812406203	0.8537032226385821	0.9306128287118605
185.09554777388695	0.8525801915872002	0.9309171291238296
185.22861430715358	0.8523657285130751	0.9331101656301966
185.3616808404202	0.8519094342878347	0.9328849468162161
185.49474737368683	0.852449321435467	0.9323453996043535
185.62781390695346	0.8526634003308041	0.9320069521703234
185.7608804402201	0.8524826534008241	0.9320106081819051
185.89394697348675	0.8525690740438475	0.932297172391376
186.02701350675338	0.8530873316928045	0.9331831530652431
186.16008004002	0.8522182209676051	0.9348336166257123
186.29314657328663	0.8521085834327151	0.9356620807851116
186.42621310655326	0.8519894281200033	0.9355881526814015
186.5592796398199	0.8504125502898664	0.9343179716122749
186.69234617308655	0.8505639052478917	0.9335358684259051
186.82541270635318	0.8510298606749164	0.9339561798616012
186.9584792396198	0.8519840963081518	0.9334317091832794
187.09154577288643	0.8514501077620892	0.9329849829639043
187.22461230615306	0.851721624914269	0.9329887169905684
187.3576788394197	0.8525460840849219	0.9337203755967658
187.49074537268635	0.8526665913896384	0.933720599357837
187.62381190595298	0.8512055451785004	0.9349454665066025
187.7568784392196	0.8506570888773667	0.9356824289561034
187.88994497248623	0.8522291406266503	0.9360661262142077
188.02301150575286	0.8525790700150383	0.935501274191928
188.15607803901952	0.8520200310009783	0.9353015740597286
188.28914457228615	0.8521892800170601	0.935110295209881
188.42221110555278	0.8525775464353759	0.9343300163880288
188.5552776388194	0.8532728897544636	0.933725474497262
188.68834417208603	0.8533536345894789	0.9334809588807402
188.82141070535266	0.8529102480378603	0.9322703503624291
188.95447723861932	0.8529710293417305	0.9319188027147466
189.08754377188595	0.8536051297809613	0.9330140957704334
189.22061030515258	0.8532559158891325	0.9325244576458593
189.3536768384192	0.8539318338414126	0.9319143708362986
189.48674337168583	0.8544508851474261	0.9307756411877056
189.61980990495246	0.8546723988280432	0.9310014130785704
189.75287643821912	0.8548769880155477	0.9310350562175616
189.88594297148575	0.8546636056814337	0.9292976180628608
190.01900950475238	0.8554720024039842	0.9299963004966165
190.152076038019	0.8577075456912612	0.9313127232951609
190.28514257128563	0.8568420302224773	0.9311416764781909
190.41820910455226	0.8558784688945261	0.9305254975685804
190.55127563781892	0.8554895540947824	0.9301028679946606
190.68434217108555	0.8555128211840161	0.930703954908361
190.81740870435218	0.855698444517735	0.9314179795624699
190.9504752376188	0.8562919579491856	0.9307791501291525
191.08354177088543	0.8555504951070632	0.9315761516953954
191.21660830415206	0.8562850735562793	0.9313773918511962
191.34967483741872	0.8554537606360589	0.9303328773272971
191.48274137068535	0.8552864305569268	0.9306888743770884
191.61580790395197	0.8544059254113809	0.9311822149892125
191.7488744372186	0.8543301011477097	0.9311995954987808
191.88194097048523	0.8548024412230685	0.9288512512465983
192.01500750375186	0.8547107881648995	0.9277421329942052
192.14807403701852	0.855135645735165	0.9288618146412356
192.28114057028515	0.8550952236864277	0.9295659923565572
192.41420710355177	0.853231151126521	0.9288747973945822
192.5472736368184	0.8508799379219499	0.9291089178586276
192.68034017008503	0.8519071371533095	0.9281400355992777
192.81340670335166	0.8526032892656229	0.9274962416340348
192.94647323661832	0.8517417281127525	0.928151968346427
193.07953976988495	0.8515404215567731	0.9297940428992308
193.21260630315157	0.8523021188393803	0.9299501832154838
193.3456728364182	0.8524825396467924	0.9294236114755424
193.47873936968483	0.8534820250052159	0.930983623267483
193.61180590295146	0.853305442070571	0.9320869324996625
193.74487243621812	0.8516001718424038	0.9320215587052785
193.87793896948475	0.8518908521008207	0.9318674872538246
194.01100550275137	0.8511820393131343	0.9322839728095293
194.144072036018	0.8508158787392892	0.9325056597112623
194.27713856928463	0.8506510818435821	0.9328876787343061
194.41020510255126	0.8508422387250595	0.9329863913182556
194.54327163581792	0.849685937575234	0.9332075652977163
194.67633816908454	0.8507671756598731	0.9328100701911693
194.80940470235117	0.8502310564515462	0.931767902910152
194.9424712356178	0.8502231199995585	0.9317840703693574
195.07553776888443	0.851331839953492	0.9317631870831586
195.20860430215106	0.8514535069347098	0.9324546409324431
195.34167083541772	0.8513536967213429	0.9320885855617124
195.47473736868434	0.8508166324684415	0.9323449636160362
195.60780390195097	0.8509412500957771	0.9325897933247518
195.7408704352176	0.8514691977892346	0.9319936441833753
195.87393696848423	0.8519673715525324	0.9331327432606521
196.00700350175086	0.8517540949618829	0.9330422903386678
196.14007003501752	0.8517994045962225	0.9326482302989711
196.27313656828414	0.8536178730279037	0.9322280111517363
196.40620310155077	0.8530122497531263	0.9333233709042439
196.5392696348174	0.8520976260819486	0.9325655857505356
196.67233616808403	0.8520409191746082	0.9314876964919627
196.80540270135066	0.8510860169379285	0.9313565757134636
196.93846923461732	0.8522285159437641	0.9309697771923255
197.07153576788394	0.8525197140573815	0.9322389798923075
197.20460230115057	0.8527972577786042	0.9317653639668421
197.3376688344172	0.851493882362209	0.931955207189484
197.47073536768383	0.8516581939282988	0.9325529997390862
197.60380190095046	0.8504028215386856	0.93199340296577
197.73686843421712	0.8502403290429269	0.9331035504072015
197.86993496748374	0.8502774918984459	0.9328968986000402
198.00300150075037	0.8511276867963009	0.9334161163505931
198.136068034017	0.8514136254101599	0.9326860218809815
198.26913456728363	0.8520451376089043	0.9324817378792974
198.40220110055026	0.8522321876098844	0.9330376896863765
198.53526763381691	0.8533482809790046	0.9335024718697574
198.66833416708354	0.8541683286798437	0.9322249853547182
198.80140070035017	0.8536638199176022	0.9306689526771215
198.9344672336168	0.8533776847559615	0.9298994820495005
199.06753376688343	0.8548772675279778	0.928613482064449
199.20060030015006	0.8551979534188467	0.9278268792769331
199.33366683341671	0.8566676123983852	0.9270797632501762
199.46673336668334	0.856661022737618	0.9254694428806306
199.59979989994997	0.856262935624675	0.9249519660333267
199.7328664332166	0.8549826167040411	0.9238897699081201
199.86593296648323	0.8547378648294601	0.9250058352986422
199.99899949974986	0.8557889083659367	0.9260092226134651
200.1320660330165	0.8557627727615784	0.9293227001559562
200.26513256628314	0.8547932763505585	0.9288241152672807
200.39819909954977	0.8548246298134726	0.9282004498815002
200.5312656328164	0.8575162376790502	0.9286076213777155
200.66433216608303	0.8575091368618876	0.9291239392386871
200.79739869934966	0.8559698736162566	0.928791496404851
200.9304652326163	0.8548426826977532	0.9285756391996346
201.06353176588294	0.8545996388506899	0.9307832228038845
201.19659829914957	0.853343161831326	0.92975376880819
201.3296648324162	0.85343166501311	0.9306504844532656
201.46273136568283	0.8540043644733011	0.9315785417255986
201.59579789894946	0.8544228156732127	0.9304380121368644
201.7288644322161	0.8547694017428756	0.9309428127708215
201.86193096548274	0.8548867973018036	0.9309998947438677
201.99499749874937	0.8549640620260878	0.9307433389471799
202.128064032016	0.8560408509133095	0.9308999627567038
202.26113056528263	0.8558960124335571	0.9309268636223533
202.39419709854926	0.8553138629187305	0.9304434853631282
202.5272636318159	0.8548339987706807	0.9316848370740503
202.66033016508254	0.8544456601036845	0.9325004232676103
202.79339669834917	0.854898453620514	0.931726996617234
202.9264632316158	0.8543035067043327	0.9329613284267929
203.05952976488243	0.8548607254599786	0.9330163014362151
203.19259629814906	0.856441357143865	0.9334409354136771
203.3256628314157	0.8548491557247863	0.9337315207578767
203.45872936468234	0.8558385464879952	0.9339001429316508
203.59179589794897	0.8570870974864134	0.9337973717079429
203.7248624312156	0.8557307863402289	0.9335677104449621
203.85792896448223	0.8562112455075923	0.9332559641335223
203.99099549774886	0.8550442589753912	0.9328824613802692
204.1240620310155	0.8538374167172382	0.9319721533141433
204.25712856428214	0.8542448261940385	0.9322292546503689
204.39019509754877	0.8554391465053394	0.9324114502920674
204.5232616308154	0.8547771294691516	0.9328402316387856
204.65632816408203	0.8535331121979495	0.9337898358083295
204.78939469734868	0.8538021599183043	0.9330436155007991
204.9224612306153	0.8543679160860166	0.9335232849769631
205.05552776388194	0.8531468069900439	0.9342426589580964
205.18859429714857	0.8522195501388905	0.933983381581439
205.3216608304152	0.8519655420993633	0.9354032543686941
205.45472736368183	0.8513301782821336	0.9368664165791488
205.58779389694848	0.85305634639626	0.9357233024220845
205.7208604302151	0.8528099245134492	0.9350240643056672
205.85392696348174	0.853843296491319	0.9336616559207945
205.98699349674837	0.8529917965272825	0.9343065569963538
206.120060030015	0.853331090250821	0.9348139385616404
206.25312656328163	0.8536196361578974	0.9345982947793929
206.38619309654828	0.8541194173862657	0.9350587650960145
206.5192596298149	0.8550513036375975	0.9349821567269982
206.65232616308154	0.8560322794440225	0.9352856691173081
206.78539269634817	0.855552358515952	0.9350757458473749
206.9184592296148	0.8543312828182922	0.9354579578000006
207.05152576288143	0.8543764394075889	0.9349697549833047
207.18459229614808	0.853798847245674	0.9342394601578062
207.3176588294147	0.8549085526652476	0.9342132064885056
207.45072536268134	0.8546257307060148	0.9345564325628926
207.58379189594797	0.8547369075920858	0.9341209592976036
207.7168584292146	0.8531112409382718	0.9336896010286002
207.84992496248123	0.8537963082441629	0.933524500459687
207.98299149574788	0.8553530952976803	0.9322971170917207
208.1160580290145	0.8560300005259281	0.9321654908565918
208.24912456228114	0.8565306723969037	0.9324378002840221
208.38219109554777	0.8562629221142981	0.9336957389285923
208.5152576288144	0.8554132502348689	0.9337571125128604
208.64832416208102	0.8559210604347216	0.9327985503961819
208.78139069534768	0.8562192634560332	0.9315961943271207
208.9144572286143	0.8552507137751778	0.9329917730467792
209.04752376188094	0.8553819534408117	0.9320483470261577
209.18059029514757	0.8552423790374383	0.9307207589148994
209.3136568284142	0.8546697417348684	0.9317114824408589
209.44672336168082	0.8533458786753025	0.9312305951096844
209.57978989494748	0.8526120039931379	0.9316347382101292
209.7128564282141	0.8532246784152014	0.9317601465639048
209.84592296148074	0.8527217423013072	0.9322149088606545
209.97898949474737	0.8528003252320981	0.9327164625663764
210.112056028014	0.8530320307824151	0.9334154532255112
210.24512256128062	0.8536374458978095	0.9339620851761987
210.37818909454728	0.8532652317939785	0.9337019596315416
210.5112556278139	0.8530199210447355	0.9333337294110962
210.64432216108054	0.8532188086371677	0.9334223495449421
210.77738869434717	0.854017874458898	0.9338003369079944
210.9104552276138	0.8553831835557743	0.9340715143449332
211.04352176088042	0.853340057944586	0.9335119583595813
211.17658829414708	0.8548113525865862	0.9337840671122217
211.3096548274137	0.8542252486602657	0.9342470662830678
211.44272136068034	0.8546842252911583	0.9337081552749497
211.57578789394697	0.8553409572738342	0.9330583158132004
211.7088544272136	0.8558455658296755	0.932026893295947
211.84192096048022	0.8549056603161157	0.9314813313660254
211.97498749374688	0.8531434813456134	0.9309105826567594
212.1080540270135	0.8528324097441881	0.9325888952364094
212.24112056028014	0.8526903972486444	0.931750418152322
212.37418709354677	0.8531788615271962	0.932340924256161
212.5072536268134	0.8545154189661538	0.9329109788219946
212.64032016008002	0.8560423399290574	0.9333108811768425
212.77338669334668	0.8563415946817768	0.9323641253740561
212.9064532266133	0.855686086501019	0.9309172401210131
213.03951975987994	0.8545785261751477	0.9311864658502497
213.17258629314657	0.8542803911570399	0.9318513454340096
213.3056528264132	0.8545647017787033	0.9318969547517534
213.43871935967982	0.8542955270520998	0.932513209523064
213.57178589294648	0.8538887745554071	0.9322019188286058
213.7048524262131	0.853923690990578	0.9330131258806743
213.83791895947974	0.8551661069408574	0.933346500204342
213.97098549274637	0.8567360664127279	0.933602080530952
214.104052026013	0.8581889912669616	0.9332347233202961
214.23711855927962	0.8562782337912299	0.9323095154182675
214.37018509254628	0.8557835196593372	0.9316778065618984
214.5032516258129	0.8568156736686928	0.931778042409406
214.63631815907954	0.8574623811010974	0.9300903690874575
214.76938469234616	0.8563038411570885	0.9297045468399152
214.9024512256128	0.8556435907537191	0.9302912326197055
215.03551775887942	0.8566365268282005	0.9301248005416655
215.16858429214608	0.8565320599995067	0.9304084318393799
215.3016508254127	0.8565043280765505	0.9308650131283291
215.43471735867934	0.8577111996074952	0.9294247953324958
215.56778389194596	0.8585062499933247	0.9292127149600076
215.7008504252126	0.8575279189120207	0.9292811894235954
215.83391695847922	0.8569968195587316	0.9297108031486171
215.96698349174588	0.85829430826613	0.9299716678080963
216.1000500250125	0.8575622975828893	0.9298465659351876
216.23311655827914	0.8552414161328079	0.9311769460473676
216.36618309154576	0.8558370179217212	0.9330223465663723
216.4992496248124	0.8555614267170486	0.9333497318512086
216.63231615807902	0.8552806910896676	0.9343799021495872
216.76538269134568	0.8552572481985513	0.9339167258055405
216.8984492246123	0.8559502111848141	0.9348880527838554
217.03151575787894	0.8556764967640731	0.9353205420602736
217.16458229114556	0.855789754437384	0.9348273591108393
217.2976488244122	0.8557121499858448	0.9351079260192621
217.43071535767882	0.8565217992072268	0.9358336852486839
217.56378189094548	0.8550642941059177	0.9361243421401785
217.6968484242121	0.8555494643050836	0.9351499876140218
217.82991495747874	0.8563450464903166	0.9347104240123857
217.96298149074536	0.855748480437858	0.9350645030055502
218.096048024012	0.8561681017934326	0.9363152341919837
218.22911455727862	0.8563942338625223	0.9365248622477043
218.36218109054528	0.856801126310885	0.9364725988544564
218.4952476238119	0.8574689827908479	0.9368822387928238
218.62831415707853	0.8564882331314536	0.936805213729435
218.76138069034516	0.8560874248169469	0.9355445803162699
218.8944472236118	0.8560548553601244	0.9360678741217868
219.02751375687842	0.8572654356734767	0.9357724678834084
219.16058029014508	0.857134585133739	0.9353403741273659
219.2936468234117	0.85572120434182	0.9339400506508413
219.42671335667833	0.8560486311820079	0.9344938076898835
219.55977988994496	0.8564361088887629	0.9338147609469366
219.6928464232116	0.8576015316449879	0.9344960772304893
219.82591295647822	0.8571247424646972	0.9336620977312061
219.95897948974488	0.8568795497441684	0.9340658974624512
220.0920460230115	0.856314568463263	0.9342099899663069
220.22511255627813	0.8556931328085466	0.9328690444269847
220.35817908954476	0.8558809082384139	0.9312736078840218
220.4912456228114	0.855161443939184	0.931597626029698
220.62431215607802	0.8544727073959589	0.932584502525547
220.75737868934468	0.8540539245268489	0.9332537169859982
220.8904452226113	0.8539090173535624	0.9341351688877375
221.02351175587793	0.8545349954429912	0.9335569575459322
221.15657828914456	0.8556083838698899	0.9339802640076303
221.2896448224112	0.856142164709786	0.9329300880939916
221.42271135567785	0.8553466715282925	0.9327577170353664
221.55577788894448	0.8555881594989767	0.9336673579298301
221.6888444222111	0.8547093817371827	0.9342005689364077
221.82191095547773	0.8551949948021822	0.9346960369124505
221.95497748874436	0.8570802517846398	0.9352774136422821
222.088044022011	0.8577063232314459	0.9341400763317634
222.22111055527765	0.8570006167181372	0.9338559702021703
222.35417708854428	0.8561823761060944	0.932734714668194
222.4872436218109	0.8566988424594504	0.9313122038140061
222.62031015507753	0.8571191408979763	0.9303649880879648
222.75337668834416	0.8577928362131719	0.9303460564278004
222.8864432216108	0.8570655570593834	0.9302785877371117
223.01950975487745	0.8574564567850199	0.930252936349885
223.15257628814408	0.8559711570245299	0.9304021683346209
223.2856428214107	0.8544453185732815	0.929794252485818
223.41870935467733	0.8550094482563781	0.9281888685220971
223.55177588794396	0.8560867852001897	0.9293532806855863
223.6848424212106	0.8558342269520841	0.9281477968321821
223.81790895447725	0.8570617692019633	0.9292415788833323
223.95097548774388	0.857605491183115	0.9291914062628691
224.0840420210105	0.8574279474986295	0.9300611090239
224.21710855427713	0.8574003828914732	0.9307806777265115
224.35017508754376	0.8589513064846241	0.9312071289526732
224.4832416208104	0.8591007572125396	0.9306021286459016
224.61630815407705	0.8574961465662309	0.9309172520223756
224.74937468734367	0.8577556909256471	0.9313245371874366
224.8824412206103	0.8564675238497933	0.9308022260191356
225.01550775387693	0.8558368596207914	0.9306378196397346
225.14857428714356	0.8573165222787916	0.9309977661841325
225.2816408204102	0.8577983612089818	0.931149773594177
225.41470735367685	0.8577180384654615	0.9310925266052028
225.54777388694347	0.8586986460076829	0.9330002046603306
225.6808404202101	0.8582924969621942	0.9332927541040421
225.81390695347673	0.8574745095212838	0.9325946857821029
225.94697348674336	0.858661780293815	0.9338398416715085
226.08004002001	0.8593304068806411	0.932878863489271
226.21310655327665	0.8588411233810568	0.9323819853134012
226.34617308654327	0.85789481412518	0.9311631012971563
226.4792396198099	0.8582644981251751	0.9309911068331845
226.61230615307653	0.8570335799768494	0.9315233534891599
226.74537268634316	0.858112279825194	0.9316472054849902
226.8784392196098	0.857090505938347	0.9322678085627777
227.01150575287645	0.8566087963920013	0.9311573224201255
227.14457228614307	0.857881840627567	0.9317814699797279
227.2776388194097	0.8577219854558071	0.9316774239567527
227.41070535267633	0.8581508117254387	0.9315291792918662
227.54377188594296	0.8594653249441453	0.9316668112439733
227.6768384192096	0.8588706825172422	0.9324102542772635
227.80990495247624	0.8576794393869189	0.9322144385988178
227.94297148574287	0.8575432924132694	0.9301995097016934
228.0760380190095	0.8579728431969482	0.9294950232780582
228.20910455227613	0.8589100036155852	0.9287397188545479
228.34217108554276	0.8598876450629407	0.9270104990668533
228.4752376188094	0.8600159079980819	0.926408227074424
228.60830415207604	0.860461693587031	0.9265156761244687
228.74137068534267	0.8600691947485748	0.9274143251506126
228.8744372186093	0.8595383163327774	0.927326187093087
229.00750375187593	0.8602602828448048	0.9260188227338401
229.14057028514256	0.8598529139594893	0.9263478127077834
229.2736368184092	0.8612102804317215	0.9280631233620352
229.40670335167584	0.8614280926748505	0.9287478282145976
229.53976988494247	0.8609161782670376	0.9296139992117802
229.6728364182091	0.8620279536005852	0.9293368101838373
229.80590295147573	0.862120043068464	0.9301540284393972
229.93896948474236	0.8625207671044196	0.9301799554882656
230.072036018009	0.8631943579838245	0.9303205491473077
230.20510255127564	0.8625573013962872	0.9308966023680634
230.33816908454227	0.8621149525433374	0.9300621049449045
230.4712356178089	0.8610875920657257	0.9316100519456224
230.60430215107553	0.859626780349271	0.9326183854409428
230.73736868434216	0.857846063720693	0.9324241166371328
230.8704352176088	0.8585024083111152	0.932407625499463
231.00350175087544	0.8589648067805792	0.931915867311967
231.13656828414207	0.8573529744155777	0.9317630389052134
231.2696348174087	0.8581069566191325	0.9319129011703774
231.40270135067533	0.8576266394501896	0.9300476011249906
231.53576788394196	0.8584733522676326	0.9301230016648802
231.6688344172086	0.8598134683463137	0.9319952718628371
231.80190095047524	0.8609523893518235	0.9316799736056149
231.93496748374187	0.8609675300101577	0.9313098717822913
232.0680340170085	0.8613940139831111	0.9322599858050354
232.20110055027513	0.861548378793234	0.933742363697311
232.33416708354176	0.86234601738265	0.9346717476101821
232.4672336168084	0.861270794257909	0.9361187650465508
232.60030015007504	0.8605951980284113	0.9350115987437495
232.73336668334167	0.8614395272104278	0.9346774283927441
232.8664332166083	0.860089699512912	0.9341102147449676
232.99949974987493	0.8599034626459092	0.9355749537132009
233.13256628314156	0.8597373973399215	0.9361746734383287
233.26563281640819	0.8592722336051233	0.9357541832710998
233.39869934967484	0.858112287626715	0.9351919208020458
233.53176588294147	0.8581942689569635	0.9350954102990217
233.6648324162081	0.8584230045339347	0.9350610590798561
233.79789894947473	0.8582633991640095	0.9344488615449322
233.93096548274136	0.8573510532611256	0.9339751166777667
234.06403201600799	0.8573360521680345	0.9333523086355175
234.19709854927464	0.8576365705112857	0.9334872696587075
234.33016508254127	0.8575424553576017	0.9340359349195401
234.4632316158079	0.8585839940040287	0.9339969376091134
234.59629814907453	0.8580167092954681	0.9342368285597595
234.72936468234116	0.856746304211343	0.9342214397920129
234.86243121560778	0.856429654741718	0.9340454277853539
234.99549774887444	0.8559507685894984	0.9341870062725832
235.12856428214107	0.8549568719985225	0.9344447012803191
235.2616308154077	0.8553554053930825	0.9347953886093345
235.39469734867433	0.8548681632420287	0.936340320486948
235.52776388194096	0.8554031413209148	0.9360890211422658
235.66083041520758	0.855995737836933	0.9361559633809706
235.79389694847424	0.856246545259247	0.9362692591243568
235.92696348174087	0.8564546975403717	0.9375874484565941
236.0600300150075	0.8576271068489255	0.9349797676412352
236.19309654827413	0.8578608499603787	0.9344226337952827
236.32616308154076	0.8586805782045999	0.9343688290090795
236.45922961480738	0.8589873891050586	0.9343511667657626
236.59229614807404	0.8580990482080616	0.9338010561011265
236.72536268134067	0.8590712675165344	0.9330830037685205
236.8584292146073	0.8592354712103797	0.9329998899322631
236.99149574787393	0.8591551047012976	0.9325698372153204
237.12456228114056	0.8591316184768732	0.9323825097113375
237.25762881440718	0.8572917820474277	0.9309894594796579
237.39069534767384	0.8577135698327902	0.9293737770503185
237.52376188094047	0.8576472291039757	0.931300164320857
237.6568284142071	0.8576709039622368	0.9330109719073838
237.78989494747373	0.8563988455332093	0.9308835299645625
237.92296148074036	0.8561703930354552	0.9314111445786247
238.05602801400698	0.8569292811574296	0.9329858926689295
238.18909454727364	0.857311685312898	0.9315705057120514
238.32216108054027	0.8584333321476298	0.9310602529688231
238.4552276138069	0.8589880238042967	0.9312169827239589
238.58829414707353	0.859623447320947	0.9302182775148575
238.72136068034015	0.8606293310591399	0.9317597459047333
238.8544272136068	0.8598727621971979	0.9306432191765123
238.98749374687344	0.8594141981422614	0.9303818406467995
239.12056028014007	0.8590254980617952	0.9309939228844268
239.2536268134067	0.8593666660183875	0.9317535589659806
239.38669334667333	0.859057955749297	0.9300166573309953
239.51975987993995	0.8590083945240873	0.9310850682274041
239.6528264132066	0.8586507431066291	0.9297120021244946
239.78589294647324	0.8577278344855233	0.9296637086002051
239.91895947973987	0.8565315795654856	0.9283287365060917
240.0520260130065	0.8564066709298608	0.9280606310793751
240.18509254627313	0.857069407337246	0.9292723851030579
240.31815907953975	0.8575070415788788	0.9293042964678269
240.4512256128064	0.8585070263325256	0.9291629102641008
240.58429214607304	0.8582291894698885	0.9285405247955896
240.71735867933967	0.8590775363794967	0.9287323568388001
240.8504252126063	0.8581209552415032	0.9293050086719354
240.98349174587293	0.8580349916892496	0.9294135918643018
241.11655827913955	0.8584013593730774	0.930422787075941
241.2496248124062	0.8590607246338774	0.9296160203336072
241.38269134567284	0.8593386947070228	0.9306273298701432
241.51575787893947	0.8589771984111791	0.9315613760755816
241.6488244122061	0.8578875711626632	0.9320807632590052
241.78189094547272	0.8576971819711634	0.9331334955573946
241.91495747873935	0.8567693109096189	0.9333205819067071
242.048024012006	0.8570293914554337	0.9333568146445844
242.18109054527264	0.8573147795300079	0.9334484628414204
242.31415707853927	0.858056789145324	0.9321820242121844
242.4472236118059	0.8595473596285372	0.9307154067961854
242.58029014507252	0.8592329930203283	0.930865229939754
242.71335667833915	0.8596515927923954	0.9314887830048446
242.8464232116058	0.8604729021902433	0.9301009779464192
242.97948974487244	0.8607376414348296	0.9293222263736417
243.11255627813907	0.861446668854371	0.9297023925384073
243.2456228114057	0.8597289656894045	0.9301236430738565
243.37868934467232	0.8599128082947987	0.9309567417271143
243.51175587793895	0.8600533506991854	0.9322520081903768
243.6448224112056	0.8592159817755869	0.931621777424547
243.77788894447224	0.8593277627397188	0.9325063249990475
243.91095547773887	0.8594610097082398	0.9335210448260985
244.0440220110055	0.8613927116051456	0.9355561029492068
244.17708854427212	0.8614317401707619	0.9348725748691235
244.31015507753875	0.860977407305467	0.9356379855573072
244.4432216108054	0.8611472803606672	0.9352743377101181
244.57628814407204	0.8611206107209248	0.933810758790655
244.70935467733867	0.8621247369630956	0.9347173173763454
244.8424212106053	0.863247321408404	0.9341444200564435
244.97548774387192	0.8629677760764165	0.9349242833107518
245.10855427713855	0.8623474974495451	0.9349194880805397
245.2416208104052	0.8609899970342468	0.935819090510474
245.37468734367184	0.860989934678674	0.9349997935468796
245.50775387693847	0.8608963651594345	0.9349540240181097
245.6408204102051	0.8619774919972858	0.9357139465063952
245.77388694347172	0.8623536984935826	0.9348378717902894
245.90695347673835	0.8617924291349072	0.9350275045925879
246.040020010005	0.8619536693443967	0.9343694437764607
246.17308654327164	0.8618853298134742	0.9332142390870253
246.30615307653827	0.861770007148115	0.9339972434038926
246.4392196098049	0.8624612339667929	0.9324699472039514
246.57228614307152	0.8606857653992425	0.9333313705568708
246.70535267633815	0.8613851772744212	0.9343785837989499
246.8384192096048	0.8635648114222471	0.9329017539910942
246.97148574287144	0.862982930427739	0.9338375405340329
247.10455227613807	0.8617458484371877	0.9333043084782241
247.2376188094047	0.8607849056330289	0.9328814939389947
247.37068534267132	0.8588744779791424	0.9320414725424316
247.50375187593795	0.8595136940003482	0.9315477253587106
247.6368184092046	0.8588058891770715	0.9318316286578778
247.76988494247124	0.8570475831646618	0.9329136510428429
247.90295147573786	0.8583958872835776	0.9328325659698733
248.0360180090045	0.8596640946711646	0.932521634008886
248.16908454227112	0.8610724787178757	0.9325142579790036
248.30215107553775	0.8605993063617611	0.9325046020965249
248.4352176088044	0.860613536151164	0.9329651640966222
248.56828414207104	0.8614675197126239	0.9338614683226893
248.70135067533766	0.8609767471376651	0.9336311999872832
248.8344172086043	0.8607846868555417	0.9333745414324331
248.96748374187092	0.86164293332525	0.9336396634535493
249.10055027513755	0.861830318274302	0.9338223750612229
249.2336168084042	0.8620424344578145	0.9330463003607168
249.36668334167084	0.8616948517485237	0.9323728129941405
249.49974987493746	0.8618487191703355	0.9307707762233565
249.6328164082041	0.8618245140934055	0.9310757208118666
249.76588294147072	0.8618031422939103	0.9316012631870202
249.89894947473735	0.862006605056386	0.9325365007695025
250.032016008004	0.8615702914083098	0.932445211717695
250.16508254127064	0.8620348074283111	0.9334146270054194
250.29814907453726	0.8613551581971329	0.9329779456122118
250.4312156078039	0.8610127564679616	0.9325904733308955
250.56428214107052	0.8611780312679238	0.9323774861679911
250.69734867433715	0.8611350859082886	0.9320740579251179
250.8304152076038	0.8622893288070337	0.9319990836754601
250.96348174087044	0.8623013921688021	0.9307806815742667
251.09654827413706	0.8628482114348898	0.9304178514273371
251.2296148074037	0.8604892975131292	0.9305532518292715
251.36268134067032	0.8605109550849013	0.9296039700717312
251.49574787393695	0.860202276060872	0.9299073372328571
251.6288144072036	0.8600833842544201	0.9285188912406495
251.76188094047023	0.8598743076076374	0.9290540678889964
251.89494747373686	0.8584268473972765	0.9291833966439786
252.0280140070035	0.85812220968642	0.9311587888564833
252.16108054027012	0.8593242738734321	0.9315845780265641
252.29414707353675	0.8595544376203239	0.9302697594352995
252.4272136068034	0.858812550985683	0.9300686479361119
252.56028014007003	0.860173271894738	0.9313882034001273
252.69334667333666	0.858032274253098	0.9308537633004804
252.8264132066033	0.8585414202257711	0.9320746116811599
252.95947973986992	0.858314721088168	0.9330170832423391
253.09254627313655	0.8576199872555603	0.9323009814303794
253.2256128064032	0.8578485530635943	0.9336597906584081
253.35867933966983	0.8582284291080059	0.9334644061712366
253.49174587293646	0.8580267493264395	0.9326166553139571
253.6248124062031	0.8586032257851101	0.9324407850458634
253.75787893946972	0.859703944958929	0.9341319795807038
253.89094547273635	0.8606979570184982	0.933731057070213
254.024012006003	0.8608714281744454	0.9332602445604755
254.15707853926963	0.8597164459721072	0.9335606832921789
254.29014507253626	0.859104694590653	0.9332468880705759
254.4232116058029	0.8591110631444724	0.9343872974630544
254.55627813906952	0.8598384812966416	0.9342517570468478
254.68934467233615	0.8593148900795665	0.9344101018868879
254.8224112056028	0.8589067723866476	0.9343994093925385
254.95547773886943	0.8577050976783452	0.9346299694193271
255.08854427213606	0.857709915808512	0.9355147125123457
255.2216108054027	0.8577963016205807	0.9346713028132078
255.35467733866932	0.8581618584468268	0.9329156187626767
255.48774387193595	0.8579317967791239	0.933221504230156
255.6208104052026	0.8587274141400385	0.9321005564945462
255.75387693846923	0.8593089312958992	0.9302842232941222
255.88694347173586	0.8603503544017083	0.9294984410119363
256.0200100050025	0.8616761440290037	0.9286722923509253
256.15307653826915	0.8624971138512242	0.9270097829786277
256.2861430715358	0.8612508173650457	0.927532063769079
256.4192096048024	0.8613930588396801	0.9293584480237146
256.55227613806903	0.86153974793068	0.929026464471309
256.68534267133566	0.860034025371477	0.9283946972546354
256.8184092046023	0.859874806352001	0.9289614766347228
256.9514757378689	0.859318672823536	0.9297688145085808
257.08454227113555	0.8599625424355726	0.9300984418472619
257.2176088044022	0.8603927553957484	0.929952718032167
257.3506753376688	0.8587194290666571	0.9298894229427764
257.4837418709355	0.8604720257783252	0.9306831577049901
257.6168084042021	0.8613898980339232	0.9315795925257903
257.74987493746875	0.8625668208019244	0.9313505287065065
257.8829414707354	0.8624222913531784	0.9319169412263896
258.016008004002	0.8613650493565296	0.9303895302461097
258.14907453726863	0.8617260222094791	0.9315880422983238
258.28214107053526	0.8625439700311752	0.9299161907815896
258.4152076038019	0.86318788215516	0.9312611625351376
258.5482741370685	0.8627795308081372	0.9313565637171275
258.68134067033515	0.8626606544682835	0.9319616302758255
258.8144072036018	0.8629716818627056	0.9312773636230757
258.9474737368684	0.8649785826357188	0.9316196133513275
259.0805402701351	0.8646428029498207	0.9304773586688588
259.2136068034017	0.8648148199965816	0.9317152557793918
259.34667333666835	0.8651402420884179	0.9315269151908289
259.479739869935	0.8650592525431419	0.9315386294157935
259.6128064032016	0.8660722405745452	0.9317575028312606
259.74587293646823	0.8664527832451612	0.9331030852931432
259.87893946973486	0.8673210197477159	0.9318167405108699
260.0120060030015	0.8669111808640174	0.9302781771585122
260.1450725362681	0.866008860431151	0.9324353694676836
260.27813906953475	0.866220152364603	0.9309824200580418
260.4112056028014	0.8660507139618996	0.9318691561148399
260.544272136068	0.8659821639740805	0.9320587186259405
260.6773386693347	0.866076171495899	0.9312731305578016
260.8104052026013	0.8671414334946165	0.9303277747630486
260.94347173586794	0.8670711176874373	0.9305796749428685
261.0765382691346	0.866557086167712	0.9305520170895275
261.2096048024012	0.86493572721047	0.9296974538685843
261.34267133566783	0.8645721910033566	0.9292236612654786
261.47573786893446	0.8637474423973694	0.9306141890797518
261.6088044022011	0.8641586635482074	0.9304490300197134
261.7418709354677	0.8637375298520672	0.9294204645001527
261.87493746873434	0.8628159304104468	0.9292051212176009
262.008004002001	0.8631231954629487	0.9280205350911223
262.1410705352676	0.8626601203131562	0.9286607844059029
262.2741370685343	0.8630930622597989	0.927204603214643
262.4072036018009	0.863514184595751	0.9262757415057578
262.54027013506754	0.8641156464775319	0.9283985837827985
262.6733366683342	0.8639483246259735	0.9284387473793303
262.8064032016008	0.8637375731436372	0.9289446437688489
262.93946973486743	0.8646642191088657	0.9287073256251034
263.07253626813406	0.8652391458447731	0.9285754266964495
263.2056028014007	0.8664575868319124	0.92791391211492
263.3386693346673	0.8664336481258909	0.9276821612754057
263.47173586793394	0.8649937788256186	0.9284085228050832
263.6048024012006	0.8646072677827763	0.9289897239471073
263.7378689344672	0.8641092217023865	0.9289508222906074
263.8709354677339	0.8625948831075876	0.9284215516281162
264.0040020010005	0.8631649477670813	0.9281900172656238
264.13706853426714	0.8626833366529104	0.9297313854108197
264.2701350675338	0.8624400254964214	0.9310738991188545
264.4032016008004	0.8615540874392649	0.930193043221126
264.53626813406703	0.8612869816606357	0.929989623756299
264.66933466733366	0.860993264618724	0.9296799632341144
264.8024012006003	0.8618412638954103	0.9298532762590745
264.9354677338669	0.8602885572549156	0.9307381650878034
265.06853426713354	0.8617682049798233	0.9312521801114902
265.2016008004002	0.8613096246770364	0.9311152055097883
265.3346673336668	0.8605998610141654	0.9331083309117975
265.4677338669335	0.8594055746598042	0.9333774956631306
265.6008004002001	0.8580284997469234	0.9335332870674673
265.73386693346674	0.8593789154577144	0.9322940290835356
265.86693346673337	0.8592028510758047	0.9307426118493224
266.0	0.8603986710963455	0.9300332225913621
