0.0	0.0	0.0
0.1330665332666333	1.9256581086542098e-08	2.2147508984206087e-05
0.2661330665332666	0.00011094210009318324	0.00015538612155962498
0.39919959979989994	0.0005771943584055695	0.0007097602262515438
0.5322661330665333	0.0017743233623517649	0.0015526766349882944
0.6653326663331666	0.002882087797034533	0.0029493991515284123
0.7983991995997999	0.004190689097855839	0.004367547320288686
0.9314657328664332	0.005875166285573893	0.00587478237286083
1.0645322661330665	0.007470464466858427	0.007627446088451944
1.1975987993997	0.009065209875229517	0.009999790815675485
1.3306653326663331	0.010484352447835275	0.012416113154147035
1.4637318659329663	0.012391960331915296	0.015366831279760863
1.5967983991995998	0.014341588549728676	0.018825175048905924
1.7298649324662332	0.016337109642244885	0.022393787820524504
1.8629314657328664	0.018373008166296577	0.02647808579692483
1.9959979989994996	0.01990221200075367	0.03153198399246047
2.129064532266133	0.02194365508457818	0.036297137910517696
2.2621310655327664	0.023891813837748913	0.04184412084864598
2.3951975987994	0.025753378119301	0.04814639719389425
2.528264132066033	0.027704891603879164	0.055348472524691536
2.6613306653326663	0.02971950415040223	0.062040500612170854
2.7943971985992997	0.031470129385827245	0.06974597090093057
2.9274637318659327	0.03353471330531116	0.07872683711946397
3.060530265132566	0.03563592852104429	0.08792924737745127
3.1935967983991995	0.03736470858014588	0.09797252262308849
3.326663331665833	0.039519220047655235	0.10810533065522247
3.4597298649324664	0.04175522299365259	0.11917238624253548
3.5927963981990994	0.04372338825508375	0.13091218791048104
3.7258629314657328	0.0456807223302015	0.14403361168436554
3.858929464732366	0.048112656253449564	0.15650865041080572
3.991995997998999	0.049544536907116556	0.16999861816069206
4.125062531265633	0.05130600884086034	0.1842353568637995
4.258129064532266	0.053453213111676674	0.19927191017312787
4.391195597798899	0.05524728926047535	0.2148766259720101
4.524262131065533	0.05733350159303433	0.23086975842533222
4.657328664332166	0.05925537928773843	0.24819445357553013
4.7903951975988	0.06093941899363786	0.26543172232798157
4.923461730865433	0.06259375168174941	0.2815114644979801
5.056528264132066	0.06377037053108495	0.2994949612402384
5.1895947973986996	0.06543276894696096	0.31626513082316743
5.3226613306653325	0.06667230341264874	0.33304387284921305
5.4557278639319655	0.06836428815224116	0.35110325219745175
5.588794397198599	0.06992669225474328	0.3679682375436519
5.721860930465232	0.07093942152049565	0.38462936693319744
5.854927463731865	0.07224571152899725	0.400933871149584
5.987993996998499	0.07432141741882697	0.41719566126042784
6.121060530265132	0.07530340950104383	0.4330968146264875
6.254127063531766	0.07662895542239512	0.44840743131130656
6.387193596798399	0.07839900503986334	0.46233413835565695
6.520260130065032	0.07976818740044705	0.47512154410492086
6.653326663331666	0.08127839700412051	0.4871078075606042
6.786393196598299	0.08276231164168836	0.498081010160898
6.919459729864933	0.08429281675854888	0.5090219677688891
7.052526263131566	0.08586779961195688	0.5203006738138339
7.185592796398199	0.08743624197056243	0.5302192529214655
7.318659329664833	0.08873942846267853	0.5401452446184098
7.4517258629314655	0.0900716850034375	0.5473568555272255
7.5847923961980985	0.09161337122607009	0.5551935087760538
7.717858929464732	0.09344242768942158	0.5621484155191087
7.850925462731365	0.09429721760529079	0.5681962728329649
7.983991995997998	0.0947563117384727	0.5752182945270365
8.117058529264632	0.09612218470747418	0.5799860245624019
8.250125062531266	0.0974325341660884	0.585247750707046
8.383191595797898	0.09917117926353639	0.5909620162496635
8.516258129064532	0.10067476453096794	0.5960940528854571
8.649324662331166	0.10149785406506236	0.6000428450413771
8.782391195597798	0.10292283204300999	0.6034064130761219
8.915457728864432	0.1041967624535652	0.6073451636809742
9.048524262131066	0.10607919578578734	0.6097779201534897
9.181590795397698	0.10735565087209992	0.6133133382261262
9.314657328664332	0.10883858851131997	0.6160424067248496
9.447723861930966	0.11004009449946221	0.6188237870957554
9.5807903951976	0.11165673976278945	0.6206735075102857
9.713856928464232	0.11297226211835226	0.6219443817531495
9.846923461730865	0.1148816447577126	0.6233827969452669
9.9799899949975	0.11640803837603644	0.6263649134950673
10.113056528264131	0.11817525261224762	0.6291225490444
10.246123061530765	0.11942958580238452	0.6309596379676349
10.379189594797399	0.1209501817991232	0.6321554357801312
10.512256128064031	0.1225124380814075	0.6324645590369649
10.645322661330665	0.12387503626676205	0.6342486310813024
10.778389194597299	0.1256173842434391	0.6355623522517163
10.911455727863931	0.12668755128327616	0.6364374176744859
11.044522261130565	0.12774130637984885	0.6376390631234973
11.177588794397199	0.12833231611497195	0.6382070862097386
11.31065532766383	0.12934040949605416	0.6398453980775161
11.443721860930465	0.1308884409732734	0.641294569557343
11.576788394197099	0.13201187146045484	0.6434109392920095
11.70985492746373	0.1332454804868706	0.644839450006992
11.842921460730365	0.13430989519819006	0.6453510830208978
11.975987993996998	0.13579634709812613	0.6466443840485511
12.109054527263632	0.13579127989918918	0.6476782986133468
12.242121060530264	0.13715023429109965	0.6476529797687877
12.375187593796898	0.13850341051260245	0.6486413353350052
12.508254127063532	0.1395869326900849	0.6499522024315985
12.641320660330164	0.14084244612685873	0.6503474415974845
12.774387193596798	0.14232822388962502	0.6517047212004599
12.907453726863432	0.14341874687301187	0.6519116537400408
13.040520260130064	0.1440452555688363	0.6534678265689912
13.173586793396698	0.14551897260698035	0.6543494525236802
13.306653326663332	0.14609414389165049	0.6552509979879824
13.439719859929964	0.1476333706857576	0.6557789216876357
13.572786393196598	0.14886207165545598	0.6566647447960081
13.705852926463232	0.1497837537112415	0.6571850324343625
13.838919459729865	0.15124067546882466	0.6563362112026395
13.971985992996498	0.15244737555055904	0.6566916161544841
14.105052526263131	0.15313357929746374	0.6561501199356004
14.238119059529765	0.15413697533364779	0.6571418382870685
14.371185592796397	0.15502758919759108	0.6580658470545238
14.504252126063031	0.15639275669426722	0.6586351407959494
14.637318659329665	0.15808498396725307	0.6591577790009899
14.770385192596297	0.15937619949589138	0.6594403838883345
14.903451725862931	0.16102823249517448	0.6598518079502763
15.036518259129565	0.16205322033224925	0.6607454554636799
15.169584792396197	0.16315010929248538	0.6619079947775242
15.302651325662831	0.1638330155995322	0.6615928236587877
15.435717858929465	0.16492450368907619	0.663231612161498
15.568784392196097	0.16615195007204867	0.6635522414159282
15.70185092546273	0.16710667141657312	0.6646538199735409
15.834917458729365	0.16825444026674333	0.6655595487294794
15.967983991995997	0.16929865566180727	0.6661607839583411
16.101050525262632	0.17083309354562567	0.6662240921834883
16.234117058529264	0.1715657991655435	0.6658771552935411
16.367183591795897	0.17267925323957264	0.6659795799995649
16.500250125062532	0.1738915062820777	0.6650047137634464
16.633316658329164	0.17502563137799013	0.6658041194356193
16.766383191595796	0.17631673793219152	0.6658251829972184
16.899449724862432	0.17754862950568526	0.6671486613999731
17.032516258129064	0.1786787848451598	0.6672709733630198
17.165582791395696	0.17969106390140885	0.6671112694989831
17.298649324662332	0.18024616688615405	0.6674076979188049
17.431715857928964	0.18143225792780693	0.667747606428012
17.564782391195596	0.18289748362859137	0.6674847204266359
17.69784892446223	0.1835383676600567	0.6675002172284464
17.830915457728864	0.18471369445913016	0.6668557100968981
17.963981990995496	0.18552911014745124	0.6674858446561874
18.09704852426213	0.1870458849322003	0.6687254204869185
18.230115057528764	0.18814431831703418	0.6697395732681279
18.363181590795396	0.18944712132690486	0.6684500536375056
18.49624812406203	0.19022565055907173	0.6687258006333765
18.629314657328663	0.1907425137434946	0.6692204745777215
18.762381190595296	0.19174744556706727	0.669756079827611
18.89544772386193	0.19327739215020834	0.6706112697899169
19.028514257128563	0.19429244944770002	0.6710659807201571
19.1615807903952	0.19480353863590602	0.6713124217436691
19.29464732366183	0.19533388990249076	0.6710135782085342
19.427713856928463	0.1961868381966784	0.6722982380407638
19.5607803901951	0.19711415845356564	0.6719296863078668
19.69384692346173	0.19841563318534175	0.6716500871088065
19.826913456728363	0.19958435736341323	0.672012261927632
19.959979989995	0.20041870119930433	0.6716505891077611
20.09304652326163	0.20146624921817605	0.6725685088435637
20.226113056528263	0.20269252526641365	0.6728715120134026
20.3591795897949	0.20348630515382662	0.6731729002144521
20.49224612306153	0.20414308915184523	0.6732734186705917
20.625312656328163	0.2048335165605772	0.6741616783677612
20.758379189594798	0.20595753059417676	0.6728744043322715
20.89144572286143	0.20726553209194085	0.673488353958825
21.024512256128062	0.2088928382749283	0.6735877842309296
21.157578789394698	0.20940567261025528	0.6742140978689654
21.29064532266133	0.21037438620260424	0.6751047935682977
21.423711855927962	0.21096256417504802	0.6750397779881202
21.556778389194598	0.2123247849274965	0.6753609392267318
21.68984492246123	0.21277590483164588	0.6742406668909097
21.822911455727862	0.21358601952664777	0.6737809307259885
21.955977988994498	0.21454935008642925	0.6739181381014999
22.08904452226113	0.21566219335941517	0.6736503882562849
22.222111055527762	0.216634796626682	0.6742942333212568
22.355177588794398	0.21750355623083636	0.67480405919292
22.48824412206103	0.21904532140271754	0.6738612518492534
22.62131065532766	0.2207050353557424	0.6730098359712589
22.754377188594297	0.22126305183534908	0.6740126323015949
22.88744372186093	0.22153683482959657	0.6747754861245112
23.02051025512756	0.22330327776086564	0.6748611425164895
23.153576788394197	0.2241846986950993	0.6755725858450671
23.28664332166083	0.2246067135672672	0.6763291095027567
23.41970985492746	0.22564064590308444	0.6758420935378688
23.552776388194097	0.22730424932845827	0.6757787835788467
23.68584292146073	0.22792758178587305	0.6762306568732094
23.818909454727365	0.22964357453728113	0.6768611717681441
23.951975987993997	0.230355196455455	0.6760938091880908
24.08504252126063	0.23137805953710028	0.6770050966090991
24.218109054527265	0.23261652142425948	0.6764674090597022
24.351175587793897	0.232839405680578	0.6757333772352313
24.48424212106053	0.23380550081640677	0.6755130249973117
24.617308654327164	0.2353325788623396	0.6761147738476716
24.750375187593797	0.23663003130112334	0.6759141660955473
24.88344172086043	0.23679857664088483	0.6751715248245568
25.016508254127064	0.23814417443076472	0.6747657567086022
25.149574787393696	0.2386083399277149	0.6745747387657108
25.28264132066033	0.2391599623321655	0.6737729308087475
25.415707853926964	0.2394629351974301	0.673805620071289
25.548774387193596	0.24080322088208114	0.6731856365724408
25.68184092046023	0.24167249082053455	0.6733908434513991
25.814907453726864	0.24251320795543183	0.6732414895903811
25.947973986993496	0.24326616191152142	0.6741897436058091
26.081040520260128	0.24440977837032643	0.6742742753453874
26.214107053526764	0.24643613777639217	0.6736233818610434
26.347173586793396	0.24811734454897724	0.6738596734142588
26.480240120060028	0.24868087126556881	0.6738196982207182
26.613306653326664	0.24929784791430012	0.6742728184363301
26.746373186593296	0.2493251224932805	0.6752634116360714
26.879439719859928	0.25002534604695714	0.6753002202087712
27.012506253126563	0.2499035271852965	0.6758606989377693
27.145572786393195	0.2501813259589991	0.6761097995209667
27.278639319659828	0.2512915907678067	0.6753137672332686
27.411705852926463	0.25222252835864273	0.6747678507784646
27.544772386193095	0.2532916449491328	0.6744006740444362
27.67783891945973	0.25386323216903445	0.6745477444371838
27.810905452726363	0.2542985629609632	0.6746842037813131
27.943971985992995	0.255042808674586	0.6740355638181788
28.07703851925963	0.255916401317694	0.6746035131592903
28.210105052526263	0.25651035892991814	0.67541279269481
28.343171585792895	0.2569350000589668	0.6750348907448079
28.47623811905953	0.2576695390507413	0.6758202264326183
28.609304652326163	0.25925028026842706	0.6762494101720157
28.742371185592795	0.2597481736140247	0.6771518549364639
28.87543771885943	0.2606466450702565	0.6780002874399846
29.008504252126063	0.2614621715526532	0.6777503188563571
29.141570785392695	0.2618063343610942	0.677591645331352
29.27463731865933	0.26312048403059335	0.6784670833871359
29.407703851925962	0.2642493211569651	0.678455645086909
29.540770385192594	0.2645169155784209	0.6778943238858313
29.67383691845923	0.2658665343201991	0.6791357129169611
29.806903451725862	0.2661640988257015	0.679623788935143
29.939969984992494	0.26717179405492214	0.6795544224852349
30.07303651825913	0.2674334269802258	0.6799170293866952
30.206103051525762	0.26796175676097067	0.6805075865087715
30.339169584792394	0.26945354438276	0.6816211633572542
30.47223611805903	0.2704915463150851	0.6804513699204789
30.605302651325662	0.2708620840758479	0.6805277258070899
30.738369184592294	0.27172633453425116	0.6807479007186316
30.87143571785893	0.2719950533867901	0.6800233243705271
31.00450225112556	0.2722964971510632	0.6802172590843094
31.137568784392194	0.2731138110834258	0.6810814310941873
31.27063531765883	0.273639200813333	0.6827152012718329
31.40370185092546	0.27396047595291906	0.6825459141814554
31.536768384192094	0.2745955230842451	0.6829690265161871
31.66983491745873	0.27524928980045416	0.6832015860499128
31.80290145072536	0.2757206562483588	0.6831204997678055
31.935967983991993	0.2765642361057671	0.681787757557087
32.06903451725863	0.2771578609574488	0.6809494154155704
32.202101050525265	0.2779132029248145	0.6806070479332006
32.33516758379189	0.27890193111837047	0.6801459089786026
32.46823411705853	0.2807260262460393	0.6808606375692748
32.601300650325165	0.28190152925302747	0.6808178090786496
32.73436718359179	0.28305466801723744	0.6808206897453948
32.86743371685843	0.2840269219218999	0.679772628752798
33.000500250125064	0.28438056153920804	0.6796234335869021
33.13356678339169	0.28564057581165486	0.6792967995042597
33.26663331665833	0.2868899089124683	0.6797932508379492
33.399699849924964	0.287384997494388	0.6798939931620663
33.53276638319159	0.28847708272983835	0.6810242717988951
33.66583291645823	0.28954867952273133	0.6808337645058802
33.798899449724864	0.2910075279148018	0.6799911886274221
33.93196598299149	0.29164887404974255	0.6797971295085511
34.06503251625813	0.2926716010264675	0.6804051856680463
34.198099049524764	0.29366749191648944	0.6814971835497381
34.33116558279139	0.29362923661401014	0.6803889258739602
34.46423211605803	0.2937669125611272	0.6807905563051828
34.597298649324664	0.2944071644395577	0.6810485288618298
34.73036518259129	0.2938174279014339	0.6807153838098258
34.86343171585793	0.2947165882002975	0.6811345397030144
34.99649824912456	0.29535070128121893	0.6825228003888967
35.12956478239119	0.2966070556322383	0.6826987913810029
35.26263131565783	0.2973881337412925	0.6823914304715589
35.39569784892446	0.29858709039331893	0.6807965150154816
35.52876438219109	0.2993379772862758	0.6799551680781347
35.66183091545773	0.30027914094178054	0.6791524681202945
35.79489744872436	0.30138546060444504	0.6797605972904257
35.92796398199099	0.3016970738164944	0.6785206532185059
36.06103051525763	0.302812083417017	0.67817351515263
36.19409704852426	0.30379290235329365	0.6781485051899795
36.32716358179089	0.30451885826377445	0.6780228669818883
36.46023011505753	0.3061520528287607	0.6790062184760217
36.59329664832416	0.3063120134200557	0.6788996353075766
36.72636318159079	0.30662440552041803	0.6798236955032176
36.85942971485743	0.30682253446695823	0.6796069765751662
36.99249624812406	0.30759305399396797	0.6810822595444899
37.12556278139069	0.3082999765067019	0.680504394269069
37.25862931465733	0.30919835368700754	0.6794854834584673
37.39169584792396	0.30978581783427134	0.679097972537471
37.52476238119059	0.3098042623024107	0.6787203495493812
37.65782891445723	0.31089604542076305	0.6792722798709123
37.79089544772386	0.31102529354494174	0.6800422789902802
37.92396198099049	0.31182513383883237	0.6787767385633203
38.05702851425713	0.3130517501032082	0.6778676226154364
38.19009504752376	0.3140368009870626	0.6784965996153355
38.3231615807904	0.31443450206691764	0.678338352103164
38.456228114057026	0.31504518021833006	0.6770244912319768
38.58929464732366	0.3154818664557924	0.6767678141102619
38.7223611805903	0.3168865419289928	0.6776337223992841
38.855427713856926	0.3181653101694427	0.6782312776966293
38.98849424712356	0.3191366086681197	0.6789878133282425
39.1215607803902	0.3194449651841532	0.6796155762706791
39.254627313656826	0.3199758179623783	0.6801993845694874
39.38769384692346	0.32076580077222483	0.6806770102182336
39.5207603801901	0.3213903182854179	0.6795820471736856
39.653826913456726	0.32250342143625527	0.6805907495594374
39.78689344672336	0.32387469903687083	0.6809565390333414
39.91995997999	0.32436100244204585	0.6818176726425655
40.053026513256626	0.3249401820311445	0.6813963303310009
40.18609304652326	0.32513777123466764	0.6813458594257461
40.3191595797899	0.32607745878559835	0.6825117498866432
40.452226113056525	0.32687782331589377	0.6833029394224207
40.58529264632316	0.3267133256573154	0.6833383468908173
40.7183591795898	0.32780851480137224	0.6841784672009756
40.851425712856425	0.32844803778143594	0.6831053825709387
40.98449224612306	0.3276982964135285	0.6826824101894085
41.1175587793897	0.32845654094978216	0.6824195008989837
41.250625312656325	0.3294694299210361	0.6833344705165899
41.38369184592296	0.33019224090256366	0.6830730638723065
41.516758379189596	0.3312310249390881	0.6826415548176925
41.649824912456225	0.3320088121011557	0.6834657852811227
41.78289144572286	0.332405362702405	0.6823015076600599
41.915957978989496	0.3329426547515481	0.6821504629692098
42.049024512256125	0.334009453614153	0.6831329683303822
42.18209104552276	0.3346689377682955	0.6828225041723596
42.315157578789396	0.3352239622931211	0.6838262659729156
42.448224112056025	0.3353999854637974	0.6825613646299401
42.58129064532266	0.3354799226629254	0.6818429313908895
42.714357178589296	0.33660119454753745	0.680832195829828
42.847423711855924	0.3375482907649602	0.681397572602605
42.98049024512256	0.3376924058816401	0.6811607517954196
43.113556778389196	0.3383909866705304	0.6789959039255323
43.246623311655824	0.3392927762792562	0.678998707744727
43.37968984492246	0.33988073754206233	0.6796065597267436
43.512756378189096	0.34106077061285084	0.6786508584585955
43.645822911455724	0.34140383371320593	0.6793896591818602
43.77888944472236	0.3419146364198745	0.6805551520046953
43.911955977988995	0.34253735275849667	0.6798976688889748
44.045022511255624	0.3430977476983698	0.6801507257777147
44.17808904452226	0.3434711452904843	0.6806299066034606
44.311155577788895	0.343544532976465	0.6804042676172516
44.444222111055524	0.3432327584889068	0.6808518646024002
44.57728864432216	0.34297866006842714	0.6819532585580393
44.710355177588795	0.34411250717392183	0.6824331908604448
44.843421710855424	0.344752955140926	0.6818277332395363
44.97648824412206	0.3456561520783784	0.6816678524407507
45.109554777388695	0.34624294254806715	0.6815321387634494
45.24262131065532	0.3470349053626755	0.6812875048338658
45.37568784392196	0.3466900122216403	0.6825595880953257
45.508754377188595	0.34746220999410354	0.6814540040078865
45.64182091045522	0.3475449693625561	0.6812927417043353
45.77488744372186	0.3478070757932083	0.6815057464536377
45.907953976988495	0.3481808443996581	0.6818549547244489
46.04102051025512	0.3487932560096226	0.6825036234016572
46.17408704352176	0.34896140590138525	0.6823780451639458
46.307153576788394	0.34841009493445696	0.6828531532577775
46.44022011005502	0.34989162656585676	0.6821965116885789
46.57328664332166	0.3512355167159136	0.6805400985985115
46.706353176588294	0.3522979782436817	0.680844273069569
46.83941970985492	0.35196482627536124	0.6810813330714959
46.97248624312156	0.3525668183229786	0.6803830793135939
47.105552776388194	0.35361968050054116	0.6800760877177171
47.23861930965483	0.3554689217502278	0.6802446726332425
47.37168584292146	0.35595426690521753	0.6803840275686963
47.504752376188094	0.35587931594655964	0.680995051043945
47.63781890945473	0.3569406355444457	0.6802928383014204
47.77088544272136	0.35667789490124235	0.6795025878001151
47.903951975987994	0.3577770945796073	0.6809240881357603
48.03701850925463	0.35880199187493944	0.6818305608046046
48.17008504252126	0.3592519811526692	0.6813590687587039
48.30315157578789	0.35986442844918315	0.680228067224014
48.43621810905453	0.36053638801214194	0.6800716972725777
48.56928464232116	0.36056444945115185	0.6807631752161141
48.70235117558779	0.3611735865020594	0.6808357523931315
48.83541770885443	0.3620062067015356	0.682071954162636
48.96848424212106	0.3624303699117701	0.6806762731411167
49.10155077538769	0.3634391080299682	0.6818492103399576
49.23461730865433	0.3651155485632662	0.6820865290992406
49.36768384192096	0.3649812510885556	0.68081962941353
49.50075037518759	0.36537198009194677	0.6801423626859504
49.63381690845423	0.3654882951445273	0.6804179255056758
49.76688344172086	0.3653167510599856	0.679812491981171
49.89994997498749	0.3654290697614007	0.6803595957576695
50.03301650825413	0.36558240293509103	0.6803225741743997
50.16608304152076	0.36678838854425927	0.6798253309391254
50.29914957478739	0.3680448660100845	0.6796889475094934
50.43221610805403	0.36781287644472827	0.6795257652034071
50.56528264132066	0.36810343776877197	0.6790015810128234
50.69834917458729	0.3684653040780639	0.6786512220160911
50.83141570785393	0.369416396616982	0.6792747697306861
50.96448224112056	0.369961848002968	0.6783005376735488
51.09754877438719	0.370196960944878	0.6788348793662156
51.23061530765383	0.37059363460730205	0.6786425757527629
51.36368184092046	0.3712864295150491	0.6786529712883097
51.49674837418709	0.3706161543137253	0.6774347888874377
51.62981490745373	0.37139363876835546	0.6784235564251823
51.762881440720356	0.3726386989202699	0.6791266706893824
51.89594797398699	0.37353899142655833	0.67836403088882
52.02901450725363	0.3753604215074669	0.6774628335069692
52.162081040520256	0.3750683718400079	0.677574424381143
52.29514757378689	0.37547223526251694	0.6787854703723508
52.42821410705353	0.3763274981760349	0.6780688563875001
52.561280640320156	0.3771351499429769	0.67889768814467
52.69434717358679	0.37701374931162424	0.6781120462506515
52.82741370685343	0.37726437236387456	0.6784457700918435
52.960480240120056	0.37792318212511483	0.6786844591676586
53.09354677338669	0.3771311626924574	0.6774623498997521
53.22661330665333	0.3780010187383365	0.6775165465588139
53.359679839919956	0.3792860767225818	0.6777821488905668
53.49274637318659	0.3793511849747165	0.6788108196697237
53.62581290645323	0.37901506354894426	0.6788439316955168
53.758879439719855	0.3790576626241594	0.6785911415282672
53.89194597298649	0.37920486258676767	0.6780563342081927
54.02501250625313	0.38014049333872935	0.678945434076622
54.158079039519755	0.38011038032439226	0.6796954077005712
54.29114557278639	0.38051137687711534	0.6789296380151948
54.42421210605303	0.3811165568448252	0.6792410254423128
54.557278639319655	0.3817834739231974	0.6796187324404076
54.69034517258629	0.38269414424114595	0.681524491929154
54.823411705852926	0.3823062886832287	0.6804323603465845
54.956478239119555	0.38331837980941647	0.6803591016467474
55.08954477238619	0.3837935795488179	0.6809350420257877
55.222611305652826	0.3841694300224518	0.6800687737106447
55.35567783891946	0.3853347900237178	0.6803644559704489
55.48874437218609	0.38537256021411936	0.6794451178054115
55.621810905452726	0.38571611268578254	0.6793377865521968
55.75487743871936	0.3855860571875027	0.6789681052762183
55.88794397198599	0.38623070958465117	0.6770872857465112
56.021010505252626	0.3873581435367971	0.677420761926954
56.15407703851926	0.3885989914867525	0.6772788176062517
56.28714357178589	0.3890052034701584	0.6771421051432924
56.420210105052526	0.38865438018900084	0.677241838645541
56.55327663831916	0.3888795141256964	0.6765651979525584
56.68634317158579	0.38916170062032884	0.6788433618919648
56.819409704852426	0.3895791982779088	0.6776984230494355
56.95247623811906	0.3900690135260616	0.6777862333949217
57.08554277138569	0.3903377016731269	0.6778293185446528
57.218609304652325	0.39084485250337664	0.6786173297876328
57.35167583791896	0.3908912575828021	0.6789145049665788
57.48474237118559	0.39123414966102193	0.6789224181330646
57.617808904452225	0.3920283502777579	0.6797048228116439
57.75087543771886	0.3928495631108308	0.680311382902007
57.88394197098549	0.39349691444727425	0.6803096578382429
58.017008504252125	0.3944413575002275	0.6795392628828294
58.15007503751876	0.3952488481146059	0.6807419705486384
58.28314157078539	0.39580308406948644	0.6810764057240318
58.416208104052025	0.39590994792529444	0.6803535287943203
58.54927463731866	0.3973706838852143	0.6801587664831069
58.68234117058529	0.3982082634209346	0.6803294932776365
58.815407703851925	0.39863792605164045	0.6790202987804815
58.94847423711856	0.3992156395434239	0.6787115986024284
59.08154077038519	0.4003856356606703	0.6794820705418066
59.214607303651825	0.4009006398759868	0.6798360489113472
59.34767383691846	0.40090644064384195	0.6800351689120449
59.48074037018509	0.40194934541467664	0.6801194901254022
59.613806903451724	0.4020560560245808	0.680300513468132
59.74687343671836	0.40332254697866465	0.6802243627096451
59.87993996998499	0.4037736181831503	0.6793914015958572
60.013006503251624	0.4043851154367364	0.679525318030379
60.14607303651826	0.4048909218597482	0.6791581006316597
60.27913956978489	0.40441214915443396	0.6786543760394708
60.412206103051524	0.404472698729773	0.6800168078127335
60.54527263631816	0.4049511361153075	0.6802455483139643
60.67833916958479	0.4056335619713454	0.6793921564353878
60.811405702851424	0.40546311958987463	0.6796695035746221
60.94447223611806	0.405718375012326	0.680876840603078
61.07753876938469	0.405086627029683	0.6811351104537336
61.210605302651324	0.4053967367395606	0.6812764719685841
61.34367183591796	0.40625234710069297	0.6805504983088685
61.47673836918459	0.4068475318650618	0.679926716629762
61.60980490245122	0.4076857053191115	0.6801318807867233
61.74287143571786	0.40826669524621967	0.6805233760702514
61.87593796898449	0.40875564697167444	0.680948038022132
62.00900450225112	0.4093045966625108	0.6819544655628625
62.14207103551776	0.40910732146894097	0.682089009059964
62.27513756878439	0.4101804307605878	0.6819715279717574
62.40820410205102	0.4107633036673333	0.6814488321824743
62.54127063531766	0.41115384316019016	0.6819057666937396
62.67433716858429	0.4111545745190221	0.6824519738095098
62.80740370185092	0.411018023137223	0.681417110254599
62.94047023511756	0.4111418425010238	0.6808262471717911
63.07353676838419	0.4122360492924349	0.6821020853380321
63.20660330165082	0.4125401648816814	0.6824363668181853
63.33966983491746	0.4137133079088301	0.6826434964753822
63.47273636818409	0.4143189380180452	0.6819757358194902
63.60580290145072	0.41487288281552454	0.6817949775663126
63.73886943471736	0.416002816715519	0.6829256428880853
63.87193596798399	0.41691220470646845	0.6825322285931146
64.00500250125063	0.41698079712565184	0.6841626001017521
64.13806903451726	0.41790001036340263	0.6843086288296352
64.27113556778389	0.41945228583919264	0.6839394370312346
64.40420210105053	0.41932450714894537	0.6831730879606454
64.53726863431716	0.4198461278835824	0.6826185392474772
64.67033516758379	0.41960188313741315	0.6834047138944586
64.80340170085043	0.4193589826890318	0.6836095964472501
64.93646823411706	0.41927321767100423	0.684071486941708
65.06953476738369	0.4206301626586523	0.683534249765178
65.20260130065033	0.42146488560615686	0.6835460412801053
65.33566783391696	0.4227719743993859	0.6834356458969276
65.46873436718359	0.4237151862463355	0.6833244961251862
65.60180090045023	0.4244838602945508	0.6824985086511878
65.73486743371686	0.42487786302807573	0.6825758015610297
65.86793396698349	0.4249716392873215	0.6825405799288088
66.00100050025013	0.42541802309283616	0.6825958612782206
66.13406703351676	0.4255501817235626	0.6824239146030541
66.26713356678339	0.42513833000515044	0.6823999000556003
66.40020010005003	0.4260725046630019	0.6824801956335338
66.53326663331666	0.42593387576540737	0.6820101102185935
66.66633316658329	0.42543096382693546	0.6817002227579846
66.79939969984993	0.42568449024828986	0.6826413700086807
66.93246623311656	0.42563503994199464	0.6810550570556089
67.06553276638319	0.42575288576588044	0.6796129834994951
67.19859929964983	0.4261744298479667	0.6796381989901242
67.33166583291646	0.42662146530618944	0.6777107909324357
67.46473236618309	0.427159376193877	0.6773812307329616
67.59779889944973	0.42774350341272677	0.6791565468202233
67.73086543271636	0.42820251541113025	0.6792796248660162
67.86393196598299	0.42901344350535336	0.6793445493900653
67.99699849924963	0.4285208976556167	0.6796925039859711
68.13006503251626	0.4293691798994161	0.6801992946622907
68.26313156578288	0.42946024775279124	0.6803752027110866
68.39619809904953	0.4295864733284936	0.6802834549703577
68.52926463231616	0.43053581383241585	0.6802749525572759
68.66233116558278	0.430255840754312	0.6811409485619369
68.79539769884943	0.43073135745648744	0.6801466710256551
68.92846423211606	0.43186970079356957	0.6778023413135891
69.06153076538268	0.43164549761139115	0.6779379751597298
69.19459729864933	0.431408449922891	0.678712429177913
69.32766383191596	0.43165063800720227	0.6787068039256424
69.46073036518258	0.43168202101997555	0.6784655718052203
69.59379689844923	0.4323274516465197	0.6779663273025135
69.72686343171586	0.4335703167175008	0.6777980365552012
69.85992996498248	0.43295771450820897	0.6785783917213251
69.99299649824913	0.4330874770954442	0.6782171443485866
70.12606303151576	0.43381404415803665	0.6779939656346365
70.25912956478238	0.4343695273516468	0.6772360681118708
70.39219609804903	0.4348155799165403	0.6781964947431295
70.52526263131566	0.43494406152075965	0.6789050499023748
70.65832916458228	0.43563328205426555	0.6785886860096988
70.79139569784893	0.43559333401918526	0.6790825935015821
70.92446223111556	0.4361810264807119	0.6784580884002658
71.05752876438218	0.4370914178895598	0.6781549243421122
71.19059529764883	0.4378378907915621	0.6790021342626815
71.32366183091546	0.43808386035620717	0.6783298658639427
71.45672836418208	0.43843155482293134	0.6784188581157637
71.58979489744873	0.4381787394568211	0.6791789857074554
71.72286143071535	0.4384963270484566	0.6789842348225733
71.85592796398198	0.439751706335834	0.6794618124269292
71.98899449724863	0.4405291401502216	0.6786069486548002
72.12206103051525	0.4401552012935859	0.6786074063924982
72.25512756378188	0.4411118333119116	0.6781301563572154
72.38819409704853	0.4417821605131901	0.6773596438327438
72.52126063031515	0.44124871553856077	0.6784108221143708
72.65432716358178	0.44130989998331116	0.6782555072919492
72.78739369684843	0.4418857148981078	0.6771656443347671
72.92046023011505	0.4420387124327349	0.6760880939581799
73.05352676338168	0.44271395120550516	0.676628333598456
73.18659329664833	0.44332048259026574	0.6774530404178438
73.31965982991495	0.44378663992260403	0.6772351661854513
73.45272636318158	0.4448209659215665	0.6779475291778143
73.58579289644823	0.44509701628018006	0.6782267391054668
73.71885942971485	0.4458845004610361	0.6775454657268615
73.85192596298148	0.44550328014544116	0.6772288338817594
73.98499249624813	0.4454013749229753	0.6776861665562774
74.11805902951475	0.44511236545995936	0.6779734442458858
74.25112556278138	0.4449004516532036	0.6791673963579681
74.38419209604803	0.4457490488259738	0.6789120460131065
74.51725862931465	0.4462365225220215	0.6782696381715566
74.65032516258128	0.44646933595523525	0.6769762483219632
74.78339169584793	0.4470861102248101	0.6763723319012398
74.91645822911455	0.4479248865236864	0.6770529999072308
75.04952476238118	0.44803997463158873	0.6767910726729176
75.18259129564782	0.44771227842730993	0.6771633617973726
75.31565782891445	0.4479768408827669	0.677787233984358
75.44872436218108	0.4474667896910536	0.6775559221959149
75.58179089544772	0.4470282424405982	0.6784825394008079
75.71485742871435	0.4472156274649985	0.6778091106392935
75.84792396198098	0.4471819832319753	0.6783234062894198
75.98099049524762	0.4475012453018244	0.6785640182481552
76.11405702851425	0.44817316222826287	0.67867542535056
76.24712356178088	0.44791671165831526	0.6791910502041728
76.38019009504752	0.4480253492863068	0.679708430314287
76.51325662831415	0.44819727289336253	0.6791816338977736
76.6463231615808	0.44877101262028046	0.679826208741618
76.77938969484742	0.4480756480424004	0.6809753308921768
76.91245622811405	0.4490164447448036	0.6809734812333872
77.0455227613807	0.449964962753708	0.6811639583718037
77.17858929464732	0.4500490260786972	0.6810817248861983
77.31165582791395	0.44992845056315883	0.6810661489169687
77.4447223611806	0.4502493783334328	0.6815992316965264
77.57778889444722	0.4512695515851033	0.6816803029650412
77.71085542771385	0.4522508530428643	0.6813204231757755
77.8439219609805	0.45268645979281014	0.681751500795561
77.97698849424712	0.4527616234238062	0.6818693379893832
78.11005502751375	0.452415180720343	0.6822171355844889
78.2431215607804	0.45288883876562336	0.6815533697440899
78.37618809404702	0.45388793864976246	0.6815478118475382
78.50925462731365	0.4546557236408507	0.6814757031592598
78.6423211605803	0.45471250949367487	0.6817158166762192
78.77538769384692	0.4545881407366592	0.6814611886131705
78.90845422711355	0.45451837894732466	0.6812773677787429
79.0415207603802	0.45491225368476507	0.680784750443179
79.17458729364682	0.4560105845241957	0.6810810326599765
79.30765382691345	0.45667573410508333	0.682239922633518
79.4407203601801	0.4575721778162979	0.6817817640532847
79.57378689344672	0.4576092185053583	0.6821460412578698
79.70685342671335	0.458249769321665	0.6814068078065927
79.83991995998	0.4596670228045494	0.680976940789924
79.97298649324662	0.4605888990930816	0.6795158672185826
80.10605302651325	0.46126764925433555	0.6793470141262984
80.2391195597799	0.46104744658315033	0.6797305880085043
80.37218609304652	0.4615474824566263	0.6798436043104285
80.50525262631315	0.46229151716173644	0.6784237822404141
80.6383191595798	0.4624961360625319	0.6790976685112184
80.77138569284642	0.4632419087424198	0.678634062371823
80.90445222611305	0.46320809269054636	0.6781056774815895
81.0375187593797	0.46265290585489177	0.6786646982218152
81.17058529264632	0.46328971551129083	0.6774642678541879
81.30365182591295	0.4635151116445102	0.6772519206397439
81.4367183591796	0.464416463973984	0.6789408494216612
81.56978489244622	0.4645510537397895	0.6800531047077708
81.70285142571285	0.4650022442057322	0.6786775833023867
81.8359179589795	0.46465591652180277	0.6788727382335348
81.96898449224612	0.46459610994002687	0.6791398057910574
82.10205102551275	0.4655813031637289	0.6789443444789459
82.2351175587794	0.466097883282708	0.6798338783739442
82.36818409204602	0.4655474965958732	0.6795593067960025
82.50125062531265	0.4649294561385504	0.6789580039452806
82.6343171585793	0.465664171516936	0.6792333088744843
82.76738369184592	0.4667023843813826	0.6785924746540626
82.90045022511255	0.4669595939835555	0.6792306725796411
83.03351675837919	0.46689582356971643	0.6790211572932301
83.16658329164582	0.4666126971672485	0.6793250405241763
83.29964982491245	0.46665140400654687	0.6793024342623639
83.43271635817909	0.46697904314314087	0.6799761867040179
83.56578289144572	0.4670989503767959	0.6805539793688089
83.69884942471235	0.4677623073721742	0.6798150716867472
83.83191595797899	0.4681423963706442	0.6803673449523984
83.96498249124562	0.46855834368526195	0.6794269335927188
84.09804902451225	0.46777268075104794	0.6797761591210157
84.23111555777889	0.4678045708273344	0.6799872608086809
84.36418209104552	0.46871533750995137	0.6796054986773454
84.49724862431215	0.4694580827870751	0.679681655845243
84.63031515757879	0.47028753772587695	0.6804380774137447
84.76338169084542	0.4711794037165541	0.680191631352845
84.89644822411205	0.4716664425480723	0.6802816182758389
85.02951475737869	0.47141004852722673	0.6799096269198488
85.16258129064532	0.47201527426220186	0.6806781708923765
85.29564782391195	0.4722749623225504	0.6809896818768791
85.42871435717859	0.4723971873580161	0.6799738732619599
85.56178089044522	0.47264085880196505	0.6797837915754436
85.69484742371185	0.4727641998167382	0.6798560149425843
85.82791395697849	0.4727056017184101	0.6800194406442096
85.96098049024512	0.4727664536305222	0.6803918694636052
86.09404702351175	0.47425335486687625	0.6806690681667237
86.22711355677839	0.4747985027058565	0.6798110480296375
86.36018009004502	0.4741185743206171	0.6798652835739818
86.49324662331165	0.47392004604901095	0.6805776877377013
86.62631315657829	0.47371839746777206	0.6810265317008988
86.75937968984492	0.4741587755960937	0.6804544643557116
86.89244622311155	0.47430134376516836	0.6804116561961702
87.02551275637819	0.47530472257368095	0.6795010243738767
87.15857928964482	0.47627354432426217	0.678445598358304
87.29164582291145	0.47748788872250597	0.679231951602399
87.42471235617809	0.47780458355580274	0.6785026142541366
87.55777888944472	0.4774127985137584	0.6784146019741067
87.69084542271135	0.47623432695560447	0.6785245207388938
87.82391195597799	0.47623154036684795	0.6782339101621327
87.95697848924462	0.47549913982945163	0.6779461492723826
88.09004502251125	0.47479142295112986	0.6774361506686187
88.22311155577789	0.47566005453486815	0.678700815093092
88.35617808904452	0.47614974570956486	0.6785213048731444
88.48924462231115	0.4767702015403813	0.6782446343125687
88.62231115557779	0.4778573631830817	0.6795205849406168
88.75537768884442	0.4781980886594625	0.6792041798569437
88.88844422211105	0.47805350405930963	0.6787241085928297
89.02151075537769	0.4790445779204162	0.678325459316405
89.15457728864432	0.47981127136689583	0.677737257538044
89.28764382191095	0.48073011315510905	0.6785349296749622
89.42071035517759	0.4816333092493652	0.6789262534335337
89.55377688844422	0.4812285931771637	0.6789349284539195
89.68684342171085	0.4808998842576105	0.6791402519197164
89.81990995497749	0.48096950955057033	0.6788246287201586
89.95297648824412	0.48047993698367697	0.6784899973434707
90.08604302151075	0.4809515816371298	0.679314231171034
90.21910955477739	0.4814846993250772	0.6805061006511997
90.35217608804402	0.4817232745323538	0.6812513375848286
90.48524262131065	0.48068940182583786	0.6813481232970098
90.61830915457729	0.4806978753903322	0.681022383613655
90.75137568784392	0.4807075846267588	0.6813474221936399
90.88444222111055	0.4821967997010399	0.6819846150888831
91.01750875437719	0.48154166432548234	0.6814907690039175
91.15057528764382	0.48123706371778413	0.6819098094432213
91.28364182091045	0.4813970251063671	0.6826249835268652
91.41670835417709	0.48101197362406817	0.6810643995128262
91.54977488744372	0.480924395664968	0.6809812880497981
91.68284142071035	0.48104080335899224	0.6813178003737086
91.81590795397699	0.48247968112409706	0.6805500002964762
91.94897448724362	0.48295458149702697	0.6814617095297878
92.08204102051025	0.48363769003493073	0.6811442989851709
92.21510755377689	0.48407885946453083	0.6806456709510472
92.34817408704352	0.48388961645279627	0.6810142534232065
92.48124062031015	0.48478772454643476	0.6803476300727214
92.61430715357679	0.4852289172036834	0.680853917171803
92.74737368684342	0.4852015096869175	0.6817429596350412
92.88044022011005	0.4851897686463681	0.6810529832467759
93.01350675337669	0.4859110011776049	0.6806375565396975
93.14657328664332	0.48602665438892434	0.6805047934368623
93.27963981990995	0.48577789425444223	0.680345086338257
93.41270635317659	0.48630756654663426	0.6809075679606739
93.54577288644322	0.486141286135967	0.6807078781673475
93.67883941970985	0.4868935878072691	0.6795737949663977
93.81190595297649	0.48734089430608674	0.6792631067059531
93.94497248624312	0.4879333118409938	0.6803279736644183
94.07803901950976	0.4875970354686072	0.6805616552981655
94.21110555277639	0.48775467452523547	0.6805939937216134
94.34417208604302	0.48849174940400675	0.6809680876951543
94.47723861930966	0.4885810929426927	0.6803936475413683
94.61030515257629	0.48901400796379063	0.6806073267621524
94.74337168584292	0.49016886518070113	0.6795747415495614
94.87643821910956	0.49107956306443834	0.679028207976537
95.00950475237619	0.4907430973628276	0.6792209194496258
95.14257128564282	0.4906437912419037	0.6778294220790766
95.27563781890946	0.49150950393776666	0.6779960336451321
95.40870435217609	0.49266951794925945	0.677751038521619
95.54177088544272	0.492894134323862	0.6773991250807906
95.67483741870936	0.4934721439623919	0.6771147657353592
95.80790395197599	0.4934565661598249	0.677935619893069
95.94097048524262	0.4937677513415931	0.6783265459614264
96.07403701850926	0.494082127181711	0.6779490794069016
96.20710355177589	0.49402927037344174	0.6781229858692401
96.34017008504252	0.49399600918676595	0.6779384872410891
96.47323661830916	0.49389817637193395	0.6776845928267546
96.60630315157579	0.49509188096771783	0.6777282772668121
96.73936968484242	0.4946527080743436	0.6773360905968676
96.87243621810906	0.49475674583632073	0.677541875598574
97.00550275137569	0.49472779178898846	0.679259179521677
97.13856928464232	0.494863066622363	0.6806635979212609
97.27163581790896	0.49498815105817506	0.6806444501433107
97.40470235117559	0.4949007284015028	0.6811187268696443
97.53776888444222	0.4954012697577392	0.6819830356446515
97.67083541770886	0.4955580457730508	0.6823542840692146
97.80390195097549	0.4954025084071094	0.6816761759263504
97.93696848424212	0.49503642534223946	0.6823060953773551
98.07003501750876	0.4953047714498296	0.6830491380314364
98.20310155077539	0.4960283834291266	0.6825240259337686
98.33616808404201	0.4958163161540996	0.6824051035087261
98.46923461730866	0.4957212837336688	0.6837263484539067
98.60230115057529	0.4959418316601566	0.6843672113415809
98.73536768384191	0.49524766604106063	0.6841553089768846
98.86843421710856	0.4950454040399615	0.6837059161359647
99.00150075037519	0.49602066492237196	0.6842532650184378
99.13456728364181	0.4962076189010508	0.6847167699358881
99.26763381690846	0.49646359592364964	0.6841058801754945
99.40070035017509	0.49620502006355105	0.6836437435016264
99.53376688344171	0.4969253919096201	0.6823574862449732
99.66683341670836	0.4962554985659463	0.6821215338534556
99.79989994997499	0.4960813146253378	0.6819895335568905
99.93296648324161	0.49671661067772177	0.6819988187702336
100.06603301650826	0.49646629889098515	0.682266727502699
100.19909954977489	0.4964000931095061	0.6818821498171911
100.33216608304151	0.49652782752506536	0.6818802623647062
100.46523261630816	0.49666924030262233	0.6820539339840876
100.59829914957479	0.4962768466363042	0.6827099245064059
100.73136568284141	0.49765295734652626	0.6820446631529502
100.86443221610806	0.49840253842736093	0.6817501783617758
100.99749874937469	0.49862033788471705	0.6808316218982959
101.13056528264131	0.49883356984277977	0.6805335316424923
101.26363181590796	0.49934559623128494	0.6807963998269695
101.39669834917459	0.49946495751531805	0.680668060576211
101.52976488244121	0.49910398344735646	0.6810828645438862
101.66283141570786	0.4993537310226659	0.6811890644707193
101.79589794897448	0.4998072123413784	0.6815947370045325
101.92896448224111	0.5010172054138093	0.6831413709226399
102.06203101550776	0.5021548983592967	0.6819512906186457
102.19509754877438	0.5026463652535231	0.6814155988200425
102.32816408204101	0.5025823048088609	0.6818359902444129
102.46123061530766	0.5029466741223678	0.6811819124959204
102.59429714857428	0.5031483075341057	0.6810872884169655
102.72736368184091	0.5033075807861298	0.6812218213366938
102.86043021510756	0.5036839822058898	0.6813218610173233
102.99349674837418	0.5033916371883717	0.6820381273689652
103.12656328164081	0.5028701038907589	0.6833676746359769
103.25962981490746	0.5031064203164612	0.6836053650711406
103.39269634817408	0.503268410117007	0.6833634341982315
103.52576288144071	0.5025922843939963	0.6833535726674839
103.65882941470736	0.5022108510640189	0.6835572090365004
103.79189594797398	0.5025969933078831	0.6834396260626768
103.92496248124061	0.5029957564434957	0.6827049794469038
104.05802901450726	0.5029473311276891	0.6827129672737065
104.19109554777388	0.5023336677184645	0.6817221846953251
104.32416208104051	0.5022166851475068	0.680999205271774
104.45722861430716	0.5022080412581666	0.6819525019134454
104.59029514757378	0.5028963661630572	0.6821582863130689
104.72336168084041	0.5030708344030176	0.6825482761391193
104.85642821410705	0.5040725299416564	0.6812947461219286
104.98949474737368	0.5048264496872011	0.6800518200953815
105.12256128064031	0.5049485217947577	0.6808619965361186
105.25562781390695	0.5047457448231665	0.6823103252630626
105.38869434717358	0.5043659015752165	0.6825655482013824
105.52176088044021	0.5039555669339645	0.6824986402902018
105.65482741370685	0.5042412484949662	0.68276564069116
105.78789394697348	0.5045123232504638	0.6826764087917894
105.92096048024011	0.5030751274846113	0.6831472784021407
106.05402701350675	0.5029631184738964	0.6828945581484189
106.18709354677338	0.5028081270244179	0.6827523632161361
106.32016008004001	0.5037873642354885	0.6823215051906096
106.45322661330665	0.5052908383445728	0.6810858897299457
106.58629314657328	0.5055125626173568	0.680968755157771
106.71935967983991	0.5050127052320909	0.682496269283129
106.85242621310655	0.5051690766681204	0.6843352844648144
106.98549274637318	0.5052009247893811	0.6844775460021305
107.11855927963981	0.5049071737861652	0.6844962199275595
107.25162581290645	0.5042475212189746	0.6844843850801073
107.38469234617308	0.5048063319650281	0.6839072875834479
107.51775887943971	0.5047354954919724	0.6838020054856707
107.65082541270635	0.5047963770228275	0.6842835510986897
107.78389194597298	0.5052735557838658	0.6829079917512466
107.91695847923961	0.5056307209943453	0.6840941556449558
108.05002501250625	0.5063280100409779	0.6845958770979952
108.18309154577288	0.5061625625228292	0.6842817418693237
108.31615807903951	0.505394151718278	0.684898663696659
108.44922461230615	0.5055037834775359	0.6844038780707238
108.58229114557278	0.5057140081734449	0.6833587949606768
108.71535767883941	0.5061510446823265	0.6837709811827867
108.84842421210605	0.5060163936015035	0.684203338683198
108.98149074537268	0.506736681970691	0.6832547969304148
109.11455727863931	0.5068551408611401	0.6820719335297606
109.24762381190595	0.5071188328988433	0.6815312399191664
109.38069034517258	0.5082630699033036	0.6815107490651243
109.51375687843921	0.508340431051903	0.680755781514761
109.64682341170585	0.507946763382263	0.6804399188683419
109.77988994497248	0.5075885621931159	0.6811189525954952
109.91295647823911	0.5067713579114007	0.6808382857159462
110.04602301150575	0.5069972186525401	0.6799037391118252
110.17908954477238	0.5065238874279704	0.6806410184576653
110.31215607803901	0.5061856439638344	0.6810168520507287
110.44522261130565	0.5063642930860933	0.6805542718936577
110.57828914457228	0.5055950907514827	0.6808474801835294
110.71135567783892	0.50639476822935	0.6809456787563026
110.84442221110555	0.5078040700922954	0.6802801841507115
110.97748874437218	0.5087785704401315	0.6803944801396109
111.11055527763882	0.5085150797315543	0.6799562161430134
111.24362181090545	0.5085161561603155	0.6794815148137942
111.37668834417208	0.5096139411682514	0.6807629267088342
111.50975487743872	0.5101579882461112	0.6814644395220134
111.64282141070535	0.5102057647706207	0.6809193096185551
111.77588794397198	0.5106304369807928	0.6805890935029166
111.90895447723862	0.511013778720829	0.6795204715988278
112.04202101050525	0.511133875322927	0.6788003430175515
112.17508754377188	0.5119017991710343	0.6793617192695632
112.30815407703852	0.512597795585611	0.6799980668771121
112.44122061030515	0.5135402674522411	0.6797504331676527
112.57428714357178	0.5135018163632714	0.6797586268789578
112.70735367683842	0.5125881792740303	0.6799895064638416
112.84042021010505	0.5132954788152453	0.6789858914959843
112.97348674337168	0.5140090864685921	0.6794967813578757
113.10655327663832	0.5137974470768034	0.6790516873660214
113.23961980990495	0.5132386945658449	0.6785396470295789
113.37268634317158	0.5131390783077692	0.6791872312755113
113.50575287643822	0.5131944665101087	0.6780206985714131
113.63881940970485	0.5136752877601746	0.6776451811161762
113.77188594297148	0.5145199490739919	0.6778014826683258
113.90495247623812	0.5148761108869425	0.678451763676484
114.03801900950475	0.5138228024724038	0.6796932340363393
114.17108554277138	0.513964972746081	0.6796630150461579
114.30415207603802	0.5147203961218676	0.6799145321734366
114.43721860930465	0.5139358662723394	0.680660341084825
114.57028514257128	0.5143041477725094	0.6807869300885236
114.70335167583792	0.5153184291597315	0.6806415844770816
114.83641820910455	0.5149416285744766	0.6806133905694384
114.96948474237118	0.5156438992722363	0.6801561308772055
115.10255127563782	0.5161842957704716	0.6795984898404639
115.23561780890445	0.5153244763626883	0.6797059270574031
115.36868434217108	0.5151182536712279	0.6793566866758044
115.50175087543772	0.5165503904942464	0.6781064103131534
115.63481740870435	0.5165085247799229	0.6772264257477104
115.76788394197098	0.5163342247786554	0.6767857018938022
115.90095047523762	0.5172032062053687	0.6769530821143118
116.03401700850425	0.5168463128631985	0.6772146746694389
116.16708354177088	0.5167323291207	0.6780811717109972
116.30015007503752	0.5174972169647246	0.6784855726441559
116.43321660830415	0.5173993103628525	0.6793780111886454
116.56628314157078	0.516635576984477	0.6797366702674775
116.69934967483742	0.5173767974517777	0.679269060785876
116.83241620810405	0.5182426614106771	0.6785161615696592
116.96548274137068	0.5182852650288936	0.6783574998002305
117.09854927463732	0.5190926157464607	0.6798197378471215
117.23161580790395	0.5196061990920632	0.6806602472195776
117.36468234117058	0.5194138390862361	0.6798458909247326
117.49774887443722	0.5190126341525186	0.680867093765967
117.63081540770385	0.5198430765455713	0.6818226071394534
117.76388194097048	0.5194851705583379	0.6815891535844253
117.89694847423712	0.5190395019154465	0.6819174553569349
118.03001500750375	0.5181981133579505	0.6822176917750414
118.16308154077038	0.5168531480025245	0.6821531085833776
118.29614807403702	0.5172424083559696	0.6816072959430439
118.42921460730365	0.517648397155674	0.6804596365202301
118.56228114057028	0.5168934042458458	0.6797914741927283
118.69534767383692	0.5156184046920115	0.6792437342666993
118.82841420710355	0.516228716265836	0.6788639600644943
118.96148074037018	0.5166677710015717	0.6796050787524062
119.09454727363682	0.5162925575569459	0.6798031910346609
119.22761380690345	0.5169296710641148	0.6786684334604018
119.36068034017008	0.517245266017775	0.6778918295248922
119.49374687343672	0.5177600821013275	0.6791402398263118
119.62681340670335	0.5178959389309419	0.6794470738611517
119.75987993996998	0.5176070822922751	0.6789718384401231
119.89294647323662	0.5176332561757253	0.6782992287491136
120.02601300650325	0.5168253160455609	0.6774212367716025
120.15907953976988	0.5171008692224093	0.6771001114021635
120.29214607303652	0.5182358237212827	0.6773534073224075
120.42521260630315	0.5180180654402871	0.6780074961883646
120.55827913956978	0.5184032286632188	0.678951665341805
120.69134567283642	0.5184798458602314	0.6789994183158085
120.82441220610305	0.518388639901944	0.6787998635444725
120.95747873936968	0.5189369558675131	0.6782654855230594
121.09054527263632	0.5187009874214505	0.677714289019318
121.22361180590295	0.5186950542996632	0.677504616044342
121.35667833916958	0.5194463615412415	0.6772743834120968
121.48974487243622	0.5200992517901596	0.6769796974008904
121.62281140570285	0.521470877655396	0.6772679395312143
121.75587793896948	0.5214880734485897	0.6779079113016516
121.88894447223612	0.5211804318163394	0.6793483387463618
122.02201100550275	0.5217967822450067	0.6796374936570058
122.15507753876938	0.5213404077943329	0.6795522801742881
122.28814407203602	0.5207063610390731	0.6800253384347
122.42121060530265	0.5217160226377628	0.6811427765129828
122.55427713856928	0.5223777566905728	0.6801960973078617
122.68734367183592	0.5224041213948037	0.6803295491131328
122.82041020510255	0.5230373839487424	0.6813864065641785
122.95347673836918	0.5230155541037601	0.6809184139182639
123.08654327163582	0.5225858975158741	0.6805984714309263
123.21960980490245	0.5218070990410447	0.6810891345020479
123.35267633816908	0.521865028140106	0.6814006452812438
123.48574287143572	0.521927643661519	0.6811978286553485
123.61880940470235	0.5222132561263697	0.6804976802412313
123.75187593796898	0.5230560399688589	0.680940623934054
123.88494247123562	0.522962880000063	0.6824127207678667
124.01800900450225	0.5240927920485372	0.6830942785004293
124.15107553776888	0.5245137366264092	0.683380679510775
124.28414207103552	0.5237731072414956	0.6825780576610186
124.41720860430215	0.5235708467237361	0.6827139169107899
124.55027513756878	0.5233213369641777	0.6830223908484077
124.68334167083542	0.5225506657978517	0.6824074600547112
124.81640820410205	0.522478578311194	0.6820228038255172
124.94947473736867	0.5230368196325047	0.6832607672951289
125.08254127063532	0.5230181363152601	0.6841950992161497
125.21560780390195	0.522987274944831	0.6837415616531535
125.34867433716857	0.5229433687065281	0.683782455823854
125.48174087043522	0.523197525101831	0.6836109906195847
125.61480740370185	0.523445202302239	0.6835251646531356
125.74787393696847	0.5235960132974634	0.683817423731944
125.88094047023512	0.5230395478174094	0.6839580265861557
126.01400700350175	0.5234438076641105	0.6851698664033042
126.14707353676837	0.5240106031502159	0.6856492885454288
126.28014007003502	0.5232696981286186	0.6850818574899853
126.41320660330165	0.5231969821203688	0.6851487336650497
126.54627313656827	0.5234946537603758	0.6861219954244513
126.67933966983492	0.5244929229545181	0.6854052919531108
126.81240620310155	0.5256089797933791	0.6850421345360046
126.94547273636817	0.5259316746865275	0.6851227719893901
127.07853926963482	0.5258622922577947	0.6839626483276962
127.21160580290145	0.5253378253188372	0.6831679807620121
127.34467233616807	0.5250288579662875	0.6832277266602917
127.47773886943472	0.5251014484552335	0.6836411846921394
127.61080540270135	0.5257847225099054	0.6829568924996602
127.74387193596797	0.5260436822170753	0.6832486673651011
127.87693846923462	0.5259147439740908	0.6838140871063554
128.01000500250126	0.5260862657740792	0.6830026956976667
128.1430715357679	0.5264339288564186	0.6822752846452524
128.27613806903452	0.5268090918227554	0.6822791793399998
128.40920460230114	0.5269049037363409	0.6822482051321284
128.54227113556777	0.5266149847965934	0.682099162716121
128.6753376688344	0.5259001810142044	0.6828279163212095
128.80840420210106	0.5261953116290558	0.6829637348658397
128.9414707353677	0.5263453949801613	0.6824264716831975
129.07453726863432	0.5262146742066939	0.6817621254058915
129.20760380190094	0.5264143395494173	0.682003580013634
129.34067033516757	0.5263164484200068	0.6831442449922939
129.4737368684342	0.5264693983888297	0.682388598912396
129.60680340170086	0.526391363841922	0.6818419565560973
129.7398699349675	0.5265492776272056	0.6820870335391372
129.87293646823412	0.5272019286863079	0.6820834617266339
130.00600300150074	0.5273757150364367	0.6822986611149772
130.13906953476737	0.5271702165375446	0.6825185848544322
130.272136068034	0.52767871743653	0.6824739604267954
130.40520260130066	0.5277225280037673	0.6827046718598628
130.5382691345673	0.5287218510376086	0.6830520599308196
130.67133566783392	0.5291141241757893	0.6828994877257708
130.80440220110054	0.5285857384990008	0.681871949267658
130.93746873436717	0.5291651150978414	0.6805430567573709
131.0705352676338	0.5290695656240406	0.6809088653976625
131.20360180090046	0.528621134360322	0.6823509267035058
131.3366683341671	0.527858780793435	0.682301079838626
131.46973486743371	0.5279507638909209	0.6817090603941072
131.60280140070034	0.5281488900206371	0.680680660628729
131.73586793396697	0.5283700212718155	0.6811462282475373
131.8689344672336	0.5286826631987729	0.6812791261094643
132.00200100050026	0.5292982817183486	0.6795219374638024
132.1350675337669	0.5295139476623707	0.6794498494389707
132.26813406703351	0.5294201616972821	0.6800072254082187
132.40120060030014	0.5300261000145905	0.6791979884423238
132.53426713356677	0.5299279738884664	0.6792283814199968
132.6673336668334	0.5303433615037829	0.6803014873184909
132.80040020010006	0.5312413498679683	0.6810383043069039
132.93346673336669	0.5316200512794863	0.6810433352931465
133.06653326663331	0.5310735392088581	0.6810455788023025
133.19959979989994	0.530801725554317	0.6819934122376209
133.33266633316657	0.530305793928726	0.6812961945722272
133.4657328664332	0.5306481201166298	0.6808444215209275
133.59879939969986	0.5311924951506429	0.6805884500242699
133.73186593296649	0.5307145334431633	0.6795031757693905
133.8649324662331	0.5302255887472964	0.6801390431636821
133.99799899949974	0.5298830229302086	0.6806274796748454
134.13106553276637	0.5300640620468161	0.6802724717633374
134.264132066033	0.5299621839895601	0.6806485123663052
134.39719859929966	0.5298306384335484	0.6811811013717407
134.53026513256629	0.5305305315365543	0.68144132024068
134.6633316658329	0.5309454008360455	0.6817531464000829
134.79639819909954	0.530548961887671	0.6817133905464765
134.92946473236617	0.5294256410975614	0.6813959036527363
135.0625312656328	0.5291245799313713	0.682175952525796
135.19559779889946	0.5293731253447513	0.682316344246183
135.32866433216608	0.5297993783065804	0.6815645136629366
135.4617308654327	0.5305829685274986	0.6823949803575096
135.59479739869934	0.5306344778364602	0.6820074586490477
135.72786393196597	0.5308792341828779	0.681357735588928
135.8609304652326	0.5311416869076881	0.6817701563788297
135.99399699849926	0.5317326320530782	0.6816151052168399
136.12706353176588	0.5319798292185979	0.6818535948813114
136.2601300650325	0.5312811436571805	0.6820669574270695
136.39319659829914	0.5316644566367628	0.6814958573000364
136.52626313156577	0.5318840953123797	0.6811624529111613
136.65932966483243	0.5321025244743525	0.6811116820137578
136.79239619809906	0.5328068577722006	0.6816856996494471
136.92546273136568	0.531851390586731	0.6819534840236201
137.0585292646323	0.5323395681847822	0.6808380813246971
137.19159579789894	0.534108045267484	0.6801590639571442
137.32466233116557	0.534406176851509	0.6797176087126326
137.45772886443223	0.5342417381684382	0.6787803220565131
137.59079539769886	0.534085425015901	0.6783481072372683
137.72386193096548	0.5349195127674028	0.6789404958027225
137.8569284642321	0.5353993023579989	0.6795534849944461
137.98999499749874	0.5355872288106901	0.6801118146394592
138.12306153076537	0.5358335205799819	0.6808763995898308
138.25612806403203	0.5355198385544555	0.6808303769877881
138.38919459729865	0.535390666868786	0.6811411265402773
138.52226113056528	0.5358664176371466	0.6814556044788871
138.6553276638319	0.5362956622068691	0.6814635784994081
138.78839419709854	0.5362492357798662	0.6810150275104929
138.92146073036517	0.5370168333348898	0.6800528010506147
139.05452726363183	0.5377891765348638	0.6796347830460855
139.18759379689845	0.5375403517630001	0.6792586314175756
139.32066033016508	0.5377179858940948	0.6789471758962842
139.4537268634317	0.5380688633897295	0.6779370257547546
139.58679339669834	0.5382379231574455	0.6777400759200108
139.71985992996497	0.5383723942572333	0.6776137370223301
139.85292646323163	0.5384949827520693	0.6774323831176312
139.98599299649825	0.5383423719329533	0.6769951452688872
140.11905952976488	0.5389230118933985	0.6766442260603593
140.2521260630315	0.5387687652986883	0.6772457701976031
140.38519259629814	0.5383359529559332	0.6777269447048725
140.51825912956477	0.538730686548595	0.6783941391937945
140.65132566283143	0.5382867445439155	0.678437473933898
140.78439219609805	0.537426732975088	0.6786145460340065
140.91745872936468	0.5370577063332055	0.6788035128576437
141.0505252626313	0.5363699586037344	0.6790918214982181
141.18359179589794	0.5357666743544977	0.679295978303603
141.31665832916457	0.5365404397856539	0.6791229224243069
141.44972486243122	0.5378283906897089	0.6790979907719038
141.58279139569785	0.5378128507515142	0.6790395731773196
141.71585792896448	0.5381346538205154	0.6793708432285146
141.8489244622311	0.5382749773833114	0.679340071361025
141.98199099549774	0.5373185448389611	0.6789036235989149
142.11505752876437	0.5374889431178854	0.6794372769976785
142.24812406203102	0.5371458846400061	0.6804040713108954
142.38119059529765	0.5366488341270177	0.6802888277281355
142.51425712856428	0.537259603569363	0.6807552048890094
142.6473236618309	0.5358383514119119	0.6813189896679068
142.78039019509754	0.5347050580494237	0.6810696974760778
142.91345672836417	0.534879772963699	0.6807936292407349
143.04652326163082	0.5354970305586794	0.6811167645107453
143.17958979489745	0.5359550297533179	0.680446456140493
143.31265632816408	0.5354699491756756	0.6795291280936056
143.4457228614307	0.5362429593224293	0.6798101016277336
143.57878939469734	0.5367701841629016	0.6801592497698233
143.71185592796397	0.5369943309670477	0.6805339950791689
143.84492246123062	0.5375221442041695	0.6813835287265523
143.97798899449725	0.5374244008514	0.6806955827825386
144.11105552776388	0.5367238897973754	0.6788653679575924
144.2441220610305	0.5371216451538691	0.6791628618651235
144.37718859429714	0.5365800784098937	0.6806945293977302
144.51025512756377	0.5353211882830943	0.6812403747367014
144.64332166083042	0.5353310074231928	0.6810056689035529
144.77638819409705	0.5346284671183085	0.6801712366231185
144.90945472736368	0.5352622653216882	0.6802665803967821
145.0425212606303	0.5348832783461854	0.6799192225917619
145.17558779389694	0.5347761091283996	0.6798086104263267
145.30865432716357	0.5354606847152041	0.6804426521452921
145.44172086043022	0.5355838086288537	0.6803034782527784
145.57478739369685	0.5362579068015862	0.6807905233279473
145.70785392696348	0.5369851398912902	0.6814292889099038
145.8409204602301	0.5373835552766613	0.6805618517116623
145.97398699349674	0.5373240072023784	0.680358668831271
146.10705352676337	0.5369888401607971	0.6809273492724787
146.24012006003002	0.5363768012814099	0.6808998000797066
146.37318659329665	0.5375654287732354	0.681065373581068
146.50625312656328	0.5385387872094768	0.6807717517538225
146.6393196598299	0.5377154933129894	0.6809850101818906
146.77238619309654	0.5373626746749298	0.6815123196777418
146.90545272636317	0.5379961630748401	0.6804993711573534
147.03851925962982	0.5371374577737735	0.6797441730824951
147.17158579289645	0.5368503306389105	0.6796449958944369
147.30465232616308	0.536996255744171	0.6797728042614976
147.4377188594297	0.537232423861593	0.6797245263419837
147.57078539269634	0.5379725109073548	0.6802094385953873
147.70385192596297	0.5383122738856198	0.6802801647471997
147.83691845922962	0.5379275131518337	0.6799310419808811
147.96998499249625	0.5379341551403561	0.6798677719371846
148.10305152576288	0.5382415610737664	0.6796418326814477
148.2361180590295	0.5371715066816792	0.6792882849520077
148.36918459229614	0.5375025247553343	0.6779549670374783
148.50225112556276	0.5381701097506769	0.6777453692481589
148.63531765882942	0.5378240933206389	0.678007654721485
148.76838419209605	0.5376491296268335	0.67819582734617
148.90145072536268	0.538093693944238	0.6781255270123212
149.0345172586293	0.5385188927742502	0.6773075561608431
149.16758379189594	0.5378319683564081	0.6773823115030532
149.30065032516256	0.5388288477715276	0.6771777192167059
149.43371685842922	0.5392519918585174	0.6769664050738026
149.56678339169585	0.5387901048036978	0.6774738515408258
149.69984992496248	0.5385018672361725	0.6775619315506075
149.8329164582291	0.5384171356316918	0.6782130131955113
149.96598299149574	0.5389601667302009	0.6785677532986162
150.09904952476236	0.5391277527478414	0.6781753404554436
150.23211605802902	0.5394369759114696	0.6783687496716961
150.36518259129565	0.5399359916525418	0.677995227210694
150.49824912456228	0.5401931324231888	0.6776309169544681
150.6313156578289	0.5401935308878597	0.6783309115606228
150.76438219109554	0.541184077303882	0.6791346035122142
150.89744872436216	0.5417593821289122	0.6786412087437712
151.03051525762882	0.5406470025909651	0.6782573813111338
151.16358179089545	0.5397360641602196	0.6785341604613937
151.29664832416208	0.5400300885965091	0.6793009022852535
151.4297148574287	0.5403707541170923	0.6797710891966037
151.56278139069533	0.5406787804586997	0.6787434403228834
151.69584792396196	0.5403761428456382	0.6786644679044027
151.82891445722862	0.5396279915134276	0.6804263830741172
151.96198099049525	0.5387392594847357	0.6805385291877459
152.09504752376188	0.538732638230037	0.6809357953447669
152.2281140570285	0.5392228979123229	0.681649489197134
152.36118059029513	0.5389804772673145	0.6812449910430506
152.49424712356176	0.5384778067723351	0.6805590137119719
152.62731365682842	0.5389192674038208	0.6810924414840909
152.76038019009505	0.5384723316453781	0.6826502055889928
152.89344672336168	0.5379112817345835	0.6821997667837144
153.0265132566283	0.5383256542782248	0.6814646319737191
153.15957978989493	0.5389839492974919	0.6826375204505258
153.2926463231616	0.5398066432562776	0.6831251892119561
153.42571285642822	0.540331043777625	0.682549596050998
153.55877938969485	0.5409058034111947	0.6828836084820261
153.69184592296148	0.5416914837111654	0.6824807145642452
153.8249124562281	0.5417162137172178	0.6824670440116175
153.95797898949473	0.5411720149487294	0.682451538988548
154.0910455227614	0.5416732226995387	0.6832025799482764
154.22411205602802	0.5422556387886595	0.6835859134806257
154.35717858929465	0.5419321295943405	0.6828601226690398
154.49024512256128	0.5410752269905059	0.6822025193138304
154.6233116558279	0.5409520322842726	0.6816244053736946
154.75637818909453	0.5409780784763373	0.6808281372286406
154.8894447223612	0.5404800575839329	0.6804901788977443
155.02251125562782	0.5413545005195515	0.6800322429783939
155.15557778889445	0.5415928430050433	0.6798533385521047
155.28864432216108	0.5418576567859035	0.6801179156428175
155.4217108554277	0.5423833400383469	0.6801242185196299
155.55477738869433	0.5430614759935427	0.679292952623984
155.687843921961	0.5436408823155376	0.6788364218018272
155.82091045522762	0.5440566815355519	0.6795335064843941
155.95397698849425	0.5445256133828407	0.6798432407563438
156.08704352176088	0.5447709992178911	0.6799222963946534
156.2201100550275	0.5440682212351345	0.6805028548953022
156.35317658829413	0.5431651275142226	0.6808180355711607
156.4862431215608	0.543682022768501	0.6805921729943647
156.61930965482742	0.5436825671865184	0.6805072080497815
156.75237618809405	0.5443089620159784	0.6805549956743335
156.88544272136068	0.5443126533686052	0.6809397833602652
157.0185092546273	0.5433836863406357	0.6797600714308439
157.15157578789393	0.5437785456215131	0.6789310306287742
157.2846423211606	0.544198014281264	0.6794334590930011
157.41770885442722	0.5435839739056784	0.679507626330251
157.55077538769385	0.5428463248845236	0.6785596893068758
157.68384192096048	0.5433201397734863	0.6776172318105372
157.8169084542271	0.542473352411349	0.6775164212089633
157.94997498749373	0.5422481538374574	0.6768388283190427
158.0830415207604	0.5424051415741595	0.6766379045642442
158.21610805402702	0.5434211799545792	0.6768928247738019
158.34917458729365	0.5443700720373589	0.6761493867495426
158.48224112056027	0.5437500775791757	0.6761924561753444
158.6153076538269	0.5426479282390946	0.676891783910051
158.74837418709353	0.5439212583007558	0.6768221985883833
158.8814407203602	0.5442527357684872	0.6774432574677792
159.01450725362682	0.5445389713510365	0.6781817129517966
159.14757378689345	0.5448560621523575	0.6770250407068814
159.28064032016007	0.5448939980508087	0.6773937844586578
159.4137068534267	0.5450577542284829	0.6787076005717838
159.54677338669333	0.5451645793400552	0.6787436889632913
159.67983991996	0.5452438696012821	0.6790644265868283
159.81290645322662	0.545681617827636	0.6795271495450331
159.94597298649325	0.5458620946640127	0.679565090762519
160.07903951975987	0.5451301094580104	0.6791867718206125
160.2121060530265	0.5457061747722405	0.678869073612972
160.34517258629313	0.5459114461487657	0.6789510796780313
160.4782391195598	0.546751198637074	0.6789456294817336
160.61130565282642	0.5466991093554834	0.6793353145681483
160.74437218609305	0.5456472535994	0.6795357715421148
160.87743871935967	0.5457204999641024	0.6803618044936959
161.0105052526263	0.5458534348955533	0.679757645332585
161.14357178589293	0.5460413133982985	0.680349231157484
161.2766383191596	0.5452528339753532	0.6811779895732413
161.40970485242622	0.5450723732450778	0.6809859921686728
161.54277138569284	0.5446409917315039	0.6804188189220203
161.67583791895947	0.5436121228255094	0.6797802434693336
161.8089044522261	0.5434469415088321	0.6795739393317972
161.94197098549273	0.543619091341627	0.6797753626613772
162.0750375187594	0.5433387057531306	0.6799548094652753
162.20810405202602	0.5430669590174743	0.6797042908353162
162.34117058529264	0.5433108689490744	0.6807574343899493
162.47423711855927	0.5444176869378792	0.6800736858884763
162.6073036518259	0.5447260073568845	0.6800701237043326
162.74037018509253	0.543912447678769	0.6805351604978507
162.8734367183592	0.5437933460835604	0.6811408650788465
163.00650325162582	0.5440469334931315	0.6814112459469662
163.13956978489244	0.5432956330642027	0.6820334871092235
163.27263631815907	0.5430490241969507	0.6819425717287848
163.4057028514257	0.543753664208533	0.682309798262624
163.53876938469233	0.5443619917756913	0.6840332664520171
163.671835917959	0.5454290255347918	0.6843183736695106
163.80490245122562	0.5463718670699554	0.6835626313575751
163.93796898449224	0.5469544854525128	0.6828860758264622
164.07103551775887	0.5467173986727905	0.68173628964054
164.2041020510255	0.5461873915274359	0.6813940790664555
164.33716858429213	0.5464044467537997	0.6826635152071732
164.4702351175588	0.5469845319057101	0.6836994863731289
164.60330165082541	0.5475406581994581	0.6833087010608603
164.73636818409204	0.5482847995451529	0.6832135744462748
164.86943471735867	0.5484903041047745	0.6826410191320914
165.0025012506253	0.5486552187632455	0.6824636966108575
165.13556778389193	0.5482166632285483	0.682938530460259
165.2686343171586	0.5474743546102139	0.6825055631963064
165.40170085042521	0.5484557769570966	0.6816722465689072
165.53476738369184	0.5480177475647424	0.6812033006186511
165.66783391695847	0.5465661330193772	0.6811084566300314
165.8009004502251	0.5459161362277679	0.6814947530723006
165.93396698349173	0.546194272058173	0.681557855386591
166.06703351675839	0.5459846062640386	0.6816912940818775
166.20010005002501	0.5461036698242593	0.6815684343549755
166.33316658329164	0.5458574576695543	0.6815350214673787
166.46623311655827	0.544817339628023	0.6816349189509449
166.5992996498249	0.5445121018612246	0.6817350414578551
166.73236618309153	0.5443857426408156	0.6819357123014019
166.86543271635819	0.5440335522891873	0.6835049350789857
166.9984992496248	0.5438804209887086	0.6836350314706183
167.13156578289144	0.5437660604794574	0.6839993716314208
167.26463231615807	0.5437080087429405	0.6844697854334313
167.3976988494247	0.5437785126441224	0.6844756611112942
167.53076538269133	0.5443255149604089	0.6845123669037959
167.66383191595799	0.5451777347018032	0.6851080967494844
167.7968984492246	0.5454723081393109	0.6847713600546044
167.92996498249124	0.5456116890570195	0.683987663046613
168.06303151575787	0.5466609449874911	0.6839819759054012
168.1960980490245	0.5464919275310608	0.683343540200339
168.32916458229113	0.5465525001190629	0.6821295656179814
168.46223111555778	0.5467449267422138	0.6819354311012574
168.5952976488244	0.546889772266136	0.6808580387216773
168.72836418209104	0.5474483494960551	0.6805582720395338
168.86143071535767	0.5487017263066446	0.6808286487764241
168.9944972486243	0.5490799511691843	0.6803573628175235
169.12756378189093	0.5488647191813354	0.6798659448310476
169.26063031515758	0.5481171503005058	0.6800282914982866
169.3936968484242	0.5476854244829443	0.6802182365203134
169.52676338169084	0.5481582347083765	0.6794871989573149
169.65982991495747	0.5480991273283881	0.6797569062040113
169.7928964482241	0.5475843799096722	0.6791947471574447
169.92596298149073	0.5471847057747014	0.6781777553267715
170.05902951475738	0.5471761640574887	0.6783813482753271
170.192096048024	0.5467989668759216	0.6789585331714983
170.32516258129064	0.5468658218837481	0.6775445212429112
170.45822911455727	0.5464161098167857	0.6772051981037607
170.5912956478239	0.5460630543253324	0.6776246587173717
170.72436218109056	0.5462695971175857	0.6773943674051802
170.85742871435718	0.5457740768967736	0.6783644196000467
170.9904952476238	0.5451653824594792	0.6797204880123132
171.12356178089044	0.5451963453917558	0.6796444226289666
171.25662831415707	0.5448071425353698	0.6791142608270402
171.3896948474237	0.5451012961060895	0.6789404741815386
171.52276138069035	0.5456293144003806	0.6804497182616199
171.65582791395698	0.5460307144114958	0.6811335910446726
171.7888944472236	0.5458178912391829	0.6809193664141926
171.92196098049024	0.5454333574409478	0.6802603808369276
172.05502751375687	0.5448396285633272	0.6791891674430035
172.1880940470235	0.5461122530961624	0.679338651903261
172.32116058029015	0.5467162654593192	0.6799309920845034
172.45422711355678	0.5465894056741017	0.6790717101855829
172.5872936468234	0.5473894108036805	0.6799328161940941
172.72036018009004	0.5473810948003497	0.680938529680407
172.85342671335667	0.5475134331364264	0.6810207269564098
172.9864932466233	0.5466064127870108	0.6804117646312394
173.11955977988995	0.5467505044318571	0.6806716633495851
173.25262631315658	0.5467126984655211	0.6812190295639109
173.3856928464232	0.5469742267677614	0.6816243916118838
173.51875937968984	0.5481846341646097	0.6820670351518373
173.65182591295647	0.5481732248497179	0.6834139539742301
173.7848924462231	0.5480043191218681	0.6832097081155609
173.91795897948975	0.5477564346816124	0.683409789907161
174.05102551275638	0.5477758799152384	0.6838395069609616
174.184092046023	0.5478316630565793	0.6834645358405599
174.31715857928964	0.547512644118996	0.6830771802876471
174.45022511255627	0.5477968851951858	0.6830951982597773
174.5832916458229	0.5476684932098812	0.6822077046330804
174.71635817908955	0.5464310694327704	0.6818919721692217
174.84942471235618	0.5452313366792152	0.6817096194491145
174.9824912456228	0.5456169585485056	0.6815868140044482
175.11555777888944	0.5466647031072068	0.6802002500435419
175.24862431215607	0.5466872161288375	0.6791382404044396
175.3816908454227	0.5473411914882166	0.6787848490143304
175.51475737868935	0.5473060321471604	0.6790263996658615
175.64782391195598	0.5479742355526185	0.6795714551667851
175.7808904452226	0.5486674812292539	0.6798826341332416
175.91395697848924	0.5486383856210526	0.6789654297114293
176.04702351175587	0.5483159903613605	0.6794715862517218
176.1800900450225	0.5485873626660641	0.6791406132878821
176.31315657828915	0.5486502946293716	0.677976128595522
176.44622311155578	0.5486338346935211	0.679002686658825
176.5792896448224	0.5491795895273501	0.6787650181164961
176.71235617808904	0.5498411733573126	0.6786817037467265
176.84542271135567	0.5503531272503953	0.6798770512562978
176.9784892446223	0.5506211187132247	0.6804167714613079
177.11155577788895	0.5505752641527011	0.6804892290984961
177.24462231115558	0.5508355269552591	0.6805552100955599
177.3776888444222	0.5502994987336465	0.6807316889326648
177.51075537768884	0.5508248954835548	0.6794032649203351
177.64382191095547	0.5521251550175615	0.6783487293202585
177.7768884442221	0.5530912801636784	0.677614109404203
177.90995497748875	0.5531932871856515	0.6771878481816419
178.04302151075538	0.5525383059735711	0.678392737933679
178.176088044022	0.5526423288790354	0.6790291339365078
178.30915457728864	0.5532412641568063	0.6785118819942558
178.44222111055527	0.552893256255669	0.6786459142520112
178.5752876438219	0.5536502537603495	0.6776324475636222
178.70835417708855	0.5541155239229678	0.6771980551276289
178.84142071035518	0.5541711913674315	0.6771784495086801
178.9744872436218	0.555296516798207	0.6781050845880449
179.10755377688844	0.5554406106893202	0.6785547155826275
179.24062031015507	0.5552309295788036	0.6783604777347232
179.3736868434217	0.5552499422187878	0.6784241580653275
179.50675337668835	0.555213863933678	0.6776785371277974
179.63981990995498	0.5547284984789275	0.6780479211841424
179.7728864432216	0.5543414030195906	0.6786258850598891
179.90595297648824	0.5534194626596646	0.6781591303320783
180.03901950975487	0.5531552354963619	0.6797276728641158
180.1720860430215	0.5530294660042383	0.680827894575653
180.30515257628815	0.5531306020738532	0.6792391106466557
180.43821910955478	0.5525219330983119	0.6793220497845047
180.5712856428214	0.5514689841716519	0.6799759290863501
180.70435217608804	0.5522304516219567	0.6791536679193981
180.83741870935467	0.5525589925863965	0.6787917937742598
180.9704852426213	0.5526283032821242	0.6774969644839296
181.10355177588795	0.5533674177642481	0.6777319137399019
181.23661830915458	0.5529943524874167	0.6786104268333686
181.3696848424212	0.5521547015240834	0.6786599495693508
181.50275137568784	0.5521073751943668	0.678014873660281
181.63581790895446	0.5522413919133382	0.6775335423296573
181.7688844422211	0.5520827061996576	0.6771017941249722
181.90195097548775	0.552671924512559	0.6770651074573911
182.03501750875438	0.5522065230965578	0.676752352178054
182.168084042021	0.5518429019229011	0.6769484360414325
182.30115057528764	0.5510357609235839	0.678485498471199
182.43421710855426	0.5501324354479685	0.6785563837519859
182.5672836418209	0.5508918839618865	0.6791331899305807
182.70035017508755	0.549982869346627	0.6780625616268748
182.83341670835418	0.5492739629274167	0.6780737457772411
182.9664832416208	0.5491557396284831	0.6784876411896593
183.09954977488744	0.5493162551739388	0.678398553455935
183.23261630815406	0.5491630788864944	0.6784982562307063
183.3656828414207	0.5503861225595827	0.6777234480241594
183.49874937468735	0.5515136134958021	0.6769962633591392
183.63181590795398	0.5521570265892689	0.6780278333151212
183.7648824412206	0.5529329759068177	0.6783395143851025
183.89794897448724	0.5536124629140246	0.6781175756309673
184.03101550775386	0.5528483868050039	0.6780313556881449
184.1640820410205	0.5536247513725865	0.677737866391611
184.29714857428715	0.5533988870680335	0.6784979262076061
184.43021510755378	0.5533834562030937	0.6792843250624002
184.5632816408204	0.5539321072987625	0.679202384824876
184.69634817408703	0.5534546290693475	0.6798837800146587
184.82941470735366	0.5543021103124813	0.6799931845707643
184.9624812406203	0.5549171653998639	0.6789760642218322
185.09554777388695	0.5548109544601358	0.6796114048611842
185.22861430715358	0.554099345455188	0.6793685356699554
185.3616808404202	0.5525297215319009	0.6792368250476305
185.49474737368683	0.5524459880287855	0.6793451524323394
185.62781390695346	0.5527178878872199	0.6803967649218277
185.7608804402201	0.5530774195054374	0.6805280629872368
185.89394697348675	0.5531828977024176	0.6803042924731594
186.02701350675338	0.554148124819225	0.680728805463474
186.16008004002	0.5557101999510738	0.6811381803702028
186.29314657328663	0.5557098549743297	0.6807591202065072
186.42621310655326	0.5566637866771188	0.6814222866955286
186.5592796398199	0.5570627200876179	0.6819674313851771
186.69234617308655	0.5576313509643256	0.6822203918116333
186.82541270635318	0.5564312767025078	0.681548279430575
186.9584792396198	0.5562757558688123	0.6814898306235675
187.09154577288643	0.5572184209607411	0.6826778388067093
187.22461230615306	0.5580931627258384	0.6824875574825153
187.3576788394197	0.5574478777939522	0.6809265273992804
187.49074537268635	0.5577431796055001	0.6819619952383148
187.62381190595298	0.557523026939924	0.681397562095852
187.7568784392196	0.5567480957793866	0.6803593273008292
187.88994497248623	0.5562402156756349	0.6808322301024511
188.02301150575286	0.5564866040618993	0.6806603110364939
188.15607803901952	0.5575801329188929	0.6798978398096245
188.28914457228615	0.5577649486899616	0.6801416589844428
188.42221110555278	0.5582654577898014	0.679598530559401
188.5552776388194	0.5581887131586868	0.6800188407168626
188.68834417208603	0.5579351282261064	0.6795996864916285
188.82141070535266	0.5574528689062688	0.679351871565966
188.95447723861932	0.5579460096166786	0.6800630984698376
189.08754377188595	0.5576823222545182	0.680479229683952
189.22061030515258	0.5576031383517148	0.680532751712414
189.3536768384192	0.5571518683510215	0.6808208172357629
189.48674337168583	0.5569000588529593	0.6810406152033882
189.61980990495246	0.5570265334581418	0.681727821213949
189.75287643821912	0.5574267175815861	0.681165666590467
189.88594297148575	0.5575675184779558	0.6801494725702683
190.01900950475238	0.5569181126093927	0.6799719746886096
190.152076038019	0.556404125072437	0.679890601414022
190.28514257128563	0.5565460552692134	0.6797849226424831
190.41820910455226	0.5553379201837694	0.6797558503408161
190.55127563781892	0.5545013171691777	0.6796018442928056
190.68434217108555	0.5550258218957888	0.6805837498921624
190.81740870435218	0.5550162399285652	0.681718896525085
190.9504752376188	0.5544979192158659	0.6816276750641542
191.08354177088543	0.5545347472883593	0.6815250834748213
191.21660830415206	0.554302431485246	0.6816235181084864
191.34967483741872	0.5551310101703734	0.6812666929895764
191.48274137068535	0.555710129397901	0.6811308237690975
191.61580790395197	0.5559417175754664	0.6808279411216477
191.7488744372186	0.5557395518585105	0.6814984501800764
191.88194097048523	0.5553055065385009	0.68159617844002
192.01500750375186	0.5556071588585425	0.6822256539908009
192.14807403701852	0.5556596360747663	0.682060890165182
192.28114057028515	0.5557840770519041	0.6812945281817065
192.41420710355177	0.5558155431610702	0.6818037531422078
192.5472736368184	0.5546831816738975	0.6824390865884692
192.68034017008503	0.554652288118095	0.6821561422901283
192.81340670335166	0.5555897055836401	0.682322898549628
192.94647323661832	0.5551625153819406	0.6821343440848247
193.07953976988495	0.5557115458638023	0.6823989021178897
193.21260630315157	0.5564195697210772	0.6828528418684054
193.3456728364182	0.5569469807282902	0.6816885235878344
193.47873936968483	0.5563461514673496	0.6804377594913557
193.61180590295146	0.5562721183058306	0.6802753838977287
193.74487243621812	0.5559093291767286	0.6809190945837547
193.87793896948475	0.5555838838648818	0.6800297615704577
194.01100550275137	0.5550007643988063	0.6804846386995426
194.144072036018	0.5545060349749251	0.6813150889435333
194.27713856928463	0.5550074348758172	0.681370440623347
194.41020510255126	0.5550451841331381	0.6818904641808025
194.54327163581792	0.5552757795842672	0.6808974539806564
194.67633816908454	0.5556936109231206	0.6813418586591784
194.80940470235117	0.5559357827105686	0.6826123014531434
194.9424712356178	0.5558274741179786	0.682595372054034
195.07553776888443	0.55453479134888	0.6828771663884379
195.20860430215106	0.554546432165807	0.6816453907658934
195.34167083541772	0.5554223574113963	0.6812068881356818
195.47473736868434	0.5552201802516612	0.682347120724161
195.60780390195097	0.5556957470102022	0.6821913498641038
195.7408704352176	0.556111655367911	0.6822125836377739
195.87393696848423	0.5562769269735819	0.6824873022247574
196.00700350175086	0.5570647449034022	0.6815649308063306
196.14007003501752	0.5569353509270188	0.6821514428401811
196.27313656828414	0.5577648496286558	0.6825547906600239
196.40620310155077	0.5576992977359583	0.6819796977574077
196.5392696348174	0.5580907114846809	0.6814660860592241
196.67233616808403	0.558207950850893	0.6813073358208296
196.80540270135066	0.5596187981569419	0.6810206206057613
196.93846923461732	0.558566085089966	0.6809939159535305
197.07153576788394	0.5588400658107001	0.6815770531983556
197.20460230115057	0.5583405615615201	0.6814861069954058
197.3376688344172	0.5578469782464964	0.6814739356762592
197.47073536768383	0.5580758225044108	0.681179853515999
197.60380190095046	0.5579805982564421	0.6801506571281245
197.73686843421712	0.5587568186214644	0.6801533936164439
197.86993496748374	0.5596332352032983	0.681231713832258
198.00300150075037	0.5597902085332246	0.6809859374238493
198.136068034017	0.5595967709910118	0.6797583914216482
198.26913456728363	0.5579925813932625	0.6790030081956149
198.40220110055026	0.5575952912719679	0.6788654624464745
198.53526763381691	0.5574762825059041	0.6793700809406268
198.66833416708354	0.5576480297995432	0.6785191244510024
198.80140070035017	0.5581438200883777	0.6786432489689832
198.9344672336168	0.5595362543725901	0.6795095750574413
199.06753376688343	0.5594471386726121	0.6801438985460679
199.20060030015006	0.5591999100277227	0.6801579807331856
199.33366683341671	0.5594597322796666	0.6799638647391696
199.46673336668334	0.5591951145586009	0.6803258611127188
199.59979989994997	0.5583643153333635	0.6804501356189975
199.7328664332166	0.5587350150576478	0.6815345838632149
199.86593296648323	0.5591372834490068	0.6812177187567078
199.99899949974986	0.559496854613271	0.68194957171663
200.1320660330165	0.5589943097249999	0.6821214759353157
200.26513256628314	0.5588387696437551	0.6809445896320705
200.39819909954977	0.5587939591792316	0.6799590142010025
200.5312656328164	0.558600863898909	0.6795650289325542
200.66433216608303	0.5573360560122252	0.6788123151942296
200.79739869934966	0.5570950053193577	0.677955786718414
200.9304652326163	0.5574097783978456	0.6770384369775231
201.06353176588294	0.5562367429881907	0.6766306501839847
201.19659829914957	0.5567044091373936	0.6757520833736463
201.3296648324162	0.5569905863917499	0.6755039487735923
201.46273136568283	0.5568805148978286	0.6765926890607421
201.59579789894946	0.5568764812776059	0.6771853688062685
201.7288644322161	0.5564848637273078	0.6768258178040173
201.86193096548274	0.5580697336672568	0.6759448218305996
201.99499749874937	0.5584429832367096	0.6758186997080146
202.128064032016	0.5576524798143998	0.6755690942538161
202.26113056528263	0.5581681040478965	0.6760830071117944
202.39419709854926	0.5584775762806684	0.6762177974805472
202.5272636318159	0.5576731479373318	0.674665724100878
202.66033016508254	0.5582519600159673	0.6768619585208042
202.79339669834917	0.5578234426509077	0.6777614654645688
202.9264632316158	0.557692433410446	0.677616912901728
203.05952976488243	0.5574058110334817	0.677953597053701
203.19259629814906	0.5584738797529714	0.6779712460286017
203.3256628314157	0.559507518957762	0.678597185456998
203.45872936468234	0.5590387175265712	0.6780489415112951
203.59179589794897	0.5586176440961771	0.6786487478767279
203.7248624312156	0.5587564665392095	0.6783374499311128
203.85792896448223	0.559805424439689	0.6785683222613258
203.99099549774886	0.5606896368412251	0.6784066525456743
204.1240620310155	0.5606080855296232	0.6790089546073568
204.25712856428214	0.5603029703249364	0.6787560457418418
204.39019509754877	0.5608748011993151	0.6778290837076059
204.5232616308154	0.5606698398229251	0.6777281778696587
204.65632816408203	0.5596749104605837	0.6778259208456315
204.78939469734868	0.559852222271202	0.6784839891544061
204.9224612306153	0.5599424824470836	0.679621531416049
205.05552776388194	0.5611481846129857	0.6802109606285103
205.18859429714857	0.5615078837773603	0.6810440927027233
205.3216608304152	0.5611659613166851	0.6822147172767037
205.45472736368183	0.5610057687041549	0.6818389495840788
205.58779389694848	0.5613650842159789	0.6813354535068604
205.7208604302151	0.5613473704037799	0.6803549907823725
205.85392696348174	0.560642947489732	0.6798290242183285
205.98699349674837	0.5607413051054152	0.6798805583278684
206.120060030015	0.5609808061754235	0.679991581160106
206.25312656328163	0.5606193650389805	0.6798580352094957
206.38619309654828	0.5598063700373294	0.6802050535899378
206.5192596298149	0.559096511151621	0.6794220784753241
206.65232616308154	0.5597312332513968	0.6792170896257829
206.78539269634817	0.5597714424317648	0.6797948876511903
206.9184592296148	0.5599222537760788	0.6800063170868114
207.05152576288143	0.5595859535959328	0.680109953311443
207.18459229614808	0.5582800051573348	0.6799850244423968
207.3176588294147	0.5584776669543952	0.6800862893779458
207.45072536268134	0.5595390298034851	0.6809035283832523
207.58379189594797	0.5590378803740003	0.6807762051436167
207.7168584292146	0.5593388737761658	0.6798166650656231
207.84992496248123	0.5584179259976534	0.6797407123177519
207.98299149574788	0.5582935054112327	0.6787034915568512
208.1160580290145	0.5581964585745024	0.6789692046363826
208.24912456228114	0.5593916367115467	0.6786082823012638
208.38219109554777	0.5593058175279334	0.6791075832499018
208.5152576288144	0.5588946767929233	0.6798670023905122
208.64832416208102	0.5589175458843634	0.6802350172908694
208.78139069534768	0.5588654697574115	0.6808572772818154
208.9144572286143	0.55889957108178	0.6816703381762917
209.04752376188094	0.5583891257856969	0.6815528391045877
209.18059029514757	0.5597337200837391	0.6810687843935
209.3136568284142	0.561063986219412	0.6807649038069137
209.44672336168082	0.5605790674188823	0.6813679795922303
209.57978989494748	0.560767319239622	0.6810114180993014
209.7128564282141	0.5607177919956939	0.6803995845296763
209.84592296148074	0.5595527231004868	0.6812023695206395
209.97898949474737	0.5592950935448715	0.6820273204389181
210.112056028014	0.5599729429092595	0.6823241421747721
210.24512256128062	0.5605753227123104	0.6821046388917368
210.37818909454728	0.5604372851939083	0.6828760054523695
210.5112556278139	0.5597090574861696	0.6834759727242763
210.64432216108054	0.5593982846828317	0.6837089437662227
210.77738869434717	0.5594965999077554	0.6827955713438545
210.9104552276138	0.5583879652143955	0.6821134349797563
211.04352176088042	0.5582656666292332	0.6818471715491911
211.17658829414708	0.5580083341933744	0.6813049335667122
211.3096548274137	0.5582259044434253	0.6816582460221122
211.44272136068034	0.5582349742966092	0.6813389233274427
211.57578789394697	0.5567429853401206	0.6811703975120917
211.7088544272136	0.556648938874678	0.6807064755038714
211.84192096048022	0.5569429754001949	0.68085332016551
211.97498749374688	0.5568886482988633	0.6812003781589804
212.1080540270135	0.5566029875347903	0.6810604005787169
212.24112056028014	0.5561988179149437	0.6806922425179677
212.37418709354677	0.5572554552534299	0.6827399004614599
212.5072536268134	0.5574569946697292	0.6833499747386935
212.64032016008002	0.5572145091493436	0.6833275067581313
212.77338669334668	0.5567434563404225	0.682727216881231
212.9064532266133	0.5571129010892976	0.683040135232386
213.03951975987994	0.557257390181767	0.683758059595336
213.17258629314657	0.5574820118447971	0.6850224986799223
213.3056528264132	0.5583394841407425	0.6835845645510206
213.43871935967982	0.5590708640262391	0.6826538374946084
213.57178589294648	0.5583680925002994	0.6847051546275653
213.7048524262131	0.5582316452423023	0.6838219809864566
213.83791895947974	0.558191086451605	0.6837907486707809
213.97098549274637	0.5578430921674231	0.6848959811046408
214.104052026013	0.5583681802994697	0.6849413322907477
214.23711855927962	0.5580490838732737	0.6847447074645426
214.37018509254628	0.558950092864156	0.6851080477241343
214.5032516258129	0.5585250934574614	0.6846844704016966
214.63631815907954	0.5583909895551763	0.6846337489764222
214.76938469234616	0.5592328761897549	0.6854408439075693
214.9024512256128	0.5586345844839617	0.6865044469238192
215.03551775887942	0.5581518092233269	0.6868532045974356
215.16858429214608	0.5584520053841845	0.6855055992401334
215.3016508254127	0.5580966725860068	0.6851316183039702
215.43471735867934	0.5585430500497548	0.6857319464354462
215.56778389194596	0.55870565139335	0.6860600952834561
215.7008504252126	0.5573383019932897	0.6865069570395733
215.83391695847922	0.5557721017561255	0.6858561323812402
215.96698349174588	0.556062960380653	0.6857578044344097
216.1000500250125	0.556974792193745	0.685645968996498
216.23311655827914	0.5574328250110906	0.6856686433365998
216.36618309154576	0.5590347480224449	0.6853039019764459
216.4992496248124	0.5593919588761934	0.6864426806519645
216.63231615807902	0.5595182673577196	0.6856088817417806
216.76538269134568	0.5583241065661967	0.6839589347901255
216.8984492246123	0.5569459336216749	0.6849564976111918
217.03151575787894	0.5566112983185981	0.6859070181182882
217.16458229114556	0.5563827563615493	0.6858698354320688
217.2976488244122	0.5562592133444119	0.6863202806347926
217.43071535767882	0.5558094821310369	0.6865410444301031
217.56378189094548	0.5555682189550589	0.6858318882432117
217.6968484242121	0.5557416935378222	0.6855138217090901
217.82991495747874	0.5564012282070452	0.6850839632479392
217.96298149074536	0.5564508179205441	0.6848335839061372
218.096048024012	0.5565169929018392	0.6847220650194183
218.22911455727862	0.5564493244440031	0.6851060139078242
218.36218109054528	0.5568968239420533	0.6845488798455666
218.4952476238119	0.5569304234726903	0.6849866906601381
218.62831415707853	0.5569184002449477	0.6852008041484189
218.76138069034516	0.5571812947402539	0.684510012809055
218.8944472236118	0.5565321377345309	0.6842143499257509
219.02751375687842	0.5565245318144539	0.6838530520358548
219.16058029014508	0.5567950113083802	0.684478569434253
219.2936468234117	0.556973063232358	0.6843799671340507
219.42671335667833	0.556742525525492	0.6844250600172433
219.55977988994496	0.5566824701611057	0.6837142767211785
219.6928464232116	0.556715949825065	0.6834505515294549
219.82591295647822	0.5562933387738482	0.6835570531837624
219.95897948974488	0.556106274247058	0.6845024105128465
220.0920460230115	0.5565904707211511	0.6836319294796193
220.22511255627813	0.5557447792750121	0.6841386721997108
220.35817908954476	0.5556383326975358	0.6847375503946046
220.4912456228114	0.5565975105591116	0.6853078149874122
220.62431215607802	0.5570236919009128	0.6854895084410576
220.75737868934468	0.5567158436615646	0.6843627491476197
220.8904452226113	0.5576061585752108	0.6838756466500977
221.02351175587793	0.5574471128435305	0.6849897108639424
221.15657828914456	0.55704622805065	0.6849353098231009
221.2896448224112	0.5567429325946877	0.6849098372616943
221.42271135567785	0.5575146192191898	0.6847818716586354
221.55577788894448	0.5576779519529638	0.6850041930349873
221.6888444222111	0.5579381382716342	0.684604401464744
221.82191095547773	0.5582659981785746	0.6845436546394574
221.95497748874436	0.5587048312159257	0.6856752006496192
222.088044022011	0.5594435103980471	0.6855921755680903
222.22111055527765	0.5591156436382526	0.6846683048323884
222.35417708854428	0.5597179539543472	0.6841299032172306
222.4872436218109	0.5593222070274826	0.6838664325591771
222.62031015507753	0.5593078552294933	0.6839144276881648
222.75337668834416	0.5598313418848158	0.6837777784328398
222.8864432216108	0.5594647315761805	0.6832066813684338
223.01950975487745	0.5606233336535952	0.6821629036914159
223.15257628814408	0.5608692822055484	0.6833474493145437
223.2856428214107	0.5613003765115747	0.6841184303529675
223.41870935467733	0.5618242671013212	0.6843803799536178
223.55177588794396	0.5618307067490919	0.6838209157979052
223.6848424212106	0.5629859905101671	0.6830229961058741
223.81790895447725	0.5629295849461898	0.6827622371921315
223.95097548774388	0.5623423434331565	0.6825262617771304
224.0840420210105	0.5621627385251303	0.6833436033835742
224.21710855427713	0.5613321864292876	0.6837171980749966
224.35017508754376	0.5626408339440184	0.6823259432408
224.4832416208104	0.5619770427308259	0.6823254467371545
224.61630815407705	0.5614720297703046	0.6824627877306227
224.74937468734367	0.5620876534635052	0.681522070800336
224.8824412206103	0.5610086177894972	0.6812992216842364
225.01550775387693	0.5604739763152715	0.6818794927586992
225.14857428714356	0.5603516995545853	0.681491328679003
225.2816408204102	0.5602492173935593	0.681234647554195
225.41470735367685	0.5598665853047525	0.6819063678170961
225.54777388694347	0.5591122687788945	0.6823826701021484
225.6808404202101	0.5593908895722441	0.6815177046827711
225.81390695347673	0.5594919189663745	0.6828428999072316
225.94697348674336	0.5586914558391073	0.6819823728672515
226.08004002001	0.559183393808479	0.6820730764911419
226.21310655327665	0.559726214082521	0.682661128135638
226.34617308654327	0.5597241260595724	0.6820057983946355
226.4792396198099	0.5590924579952452	0.6829542859914842
226.61230615307653	0.5585810228194708	0.6810459987116989
226.74537268634316	0.5588723205025595	0.6806545160048432
226.8784392196098	0.5586836064136731	0.6814424745645484
227.01150575287645	0.5589847634837636	0.6820173041297877
227.14457228614307	0.5591686640712857	0.6817610123579074
227.2776388194097	0.5590546780372094	0.6813737109515976
227.41070535267633	0.5590634485343451	0.6816831006998628
227.54377188594296	0.5588946026091712	0.681983631393488
227.6768384192096	0.5593498353806479	0.6820336135685813
227.80990495247624	0.5593652672752755	0.6825466439787622
227.94297148574287	0.5595387412522675	0.6823451084480131
228.0760380190095	0.5596260477652253	0.6829909493266066
228.20910455227613	0.5590680987923797	0.6821833833717927
228.34217108554276	0.558932546736355	0.6814227996583441
228.4752376188094	0.5588109052142886	0.6808534578386861
228.60830415207604	0.5583770667232283	0.6804989409598898
228.74137068534267	0.5584764639328302	0.6805728841671419
228.8744372186093	0.5591063551550021	0.6791219678258236
229.00750375187593	0.5584582912365904	0.6790954052024748
229.14057028514256	0.5578485554168312	0.6786505847485318
229.2736368184092	0.5584963389243045	0.6787189847652721
229.40670335167584	0.5585519502164574	0.6793717020301941
229.53976988494247	0.5579310830279183	0.6794870091930515
229.6728364182091	0.5584269486685776	0.6799956709816496
229.80590295147573	0.558885267961659	0.680520041996782
229.93896948474236	0.5599676216534094	0.6804087369805776
230.072036018009	0.5605907867344441	0.6794722136394823
230.20510255127564	0.5608321723773642	0.6794652035757783
230.33816908454227	0.5616983296486628	0.6788087397196896
230.4712356178089	0.5623988562960937	0.6783361238444322
230.60430215107553	0.5631429046128856	0.6772320886062336
230.73736868434216	0.562448223231335	0.6778295784903722
230.8704352176088	0.5624032908653201	0.6791428339817923
231.00350175087544	0.5633422213354141	0.6787984209682901
231.13656828414207	0.5636288157273736	0.6785540028966762
231.2696348174087	0.5641407126283223	0.6787033973934454
231.40270135067533	0.5647098131998949	0.6792828503607483
231.53576788394196	0.5630402213770102	0.6793943722102086
231.6688344172086	0.5619990689588581	0.6793814960199503
231.80190095047524	0.562494252397024	0.6781657661504061
231.93496748374187	0.5620076389280482	0.6781246989887733
232.0680340170085	0.562676537697319	0.6783249523949908
232.20110055027513	0.5629689165119305	0.6776100910923096
232.33416708354176	0.5638772793876178	0.676402403754871
232.4672336168084	0.5639421614873783	0.6781186197665573
232.60030015007504	0.5654326940330133	0.6778220391988838
232.73336668334167	0.5652747147981335	0.6780112926976828
232.8664332166083	0.5651224025748645	0.6781014935643954
232.99949974987493	0.5644228488187433	0.6779014372650876
233.13256628314156	0.5635887664150661	0.6778442987807131
233.26563281640819	0.5637445670288963	0.6774254538500561
233.39869934967484	0.5646013156982734	0.6791677937654224
233.53176588294147	0.5650293829638094	0.6774761289264161
233.6648324162081	0.5648427993918793	0.6775757161099801
233.79789894947473	0.5648489984187387	0.6780536281693706
233.93096548274136	0.5644608781603876	0.6779867256241376
234.06403201600799	0.564670792165995	0.6785230378940793
234.19709854927464	0.5654310689169909	0.6793421946829232
234.33016508254127	0.5650477232686363	0.6794801273553618
234.4632316158079	0.5654638333476347	0.6794991131037623
234.59629814907453	0.5654927994197027	0.6800498839903919
234.72936468234116	0.5655209448295809	0.6803869132222297
234.86243121560778	0.5643232790569177	0.6792538583241667
234.99549774887444	0.5639752529003659	0.6798248064347213
235.12856428214107	0.5635112396649324	0.6796180415886978
235.2616308154077	0.5640907491040569	0.6797900964510032
235.39469734867433	0.5633930903176282	0.6800467899872065
235.52776388194096	0.5638577609829525	0.6796030158854683
235.66083041520758	0.5640986652096992	0.6796117969062665
235.79389694847424	0.5640306018586275	0.6785218837980788
235.92696348174087	0.5649194783069339	0.6780401972059094
236.0600300150075	0.5644288386021034	0.6777529903006047
236.19309654827413	0.5655334898494088	0.6785831870288248
236.32616308154076	0.5646172014072827	0.6785708813149303
236.45922961480738	0.5644431406072006	0.6770134867813331
236.59229614807404	0.564470834055913	0.67653094214313
236.72536268134067	0.5644928029866199	0.6780603564422926
236.8584292146073	0.5654071484766414	0.6781846235545794
236.99149574787393	0.5649868919142028	0.677735919808666
237.12456228114056	0.5645863686498992	0.6766249277364207
237.25762881440718	0.5635347761546419	0.6775866497064593
237.39069534767384	0.5627554368586013	0.677925705423558
237.52376188094047	0.5626108550015176	0.6788316332222133
237.6568284142071	0.5619538674494629	0.6799261209470301
237.78989494747373	0.5618688614395552	0.6807193457759607
237.92296148074036	0.5617311633394163	0.6797034338093123
238.05602801400698	0.5625756412773047	0.6800124927035569
238.18909454727364	0.5624744969255294	0.6791751108742591
238.32216108054027	0.5623632479541399	0.6783730961482303
238.4552276138069	0.5624770860216818	0.6782391763563619
238.58829414707353	0.5628063943609829	0.6779168534087278
238.72136068034015	0.5629902101243165	0.6774037068502675
238.8544272136068	0.5631483969366966	0.6782250482655753
238.98749374687344	0.562668727330457	0.6779504413663657
239.12056028014007	0.5628238631102289	0.6781458250974446
239.2536268134067	0.5616471080180854	0.6785702901270472
239.38669334667333	0.5622493504388816	0.6798055506273737
239.51975987993995	0.5622264692461932	0.6790870757825599
239.6528264132066	0.5618299733465897	0.6783920120067584
239.78589294647324	0.5621995122373535	0.6777057244767347
239.91895947973987	0.5620171720059179	0.6790808638089334
240.0520260130065	0.5622990267963774	0.6796520778531024
240.18509254627313	0.5620323102116989	0.679051105631749
240.31815907953975	0.5625553723769713	0.67838705687944
240.4512256128064	0.5624189044724088	0.6777842091185827
240.58429214607304	0.5623824413044165	0.6783776997372701
240.71735867933967	0.5624694219115081	0.6790068608615949
240.8504252126063	0.5626717330803245	0.6797137403997185
240.98349174587293	0.5629142022836895	0.6778880047528733
241.11655827913955	0.5623576909527598	0.6778881815469369
241.2496248124062	0.5616900131297183	0.6777355336863508
241.38269134567284	0.5615921362275877	0.6782422649321329
241.51575787893947	0.5612940730736957	0.6782382898249231
241.6488244122061	0.5617327834768933	0.6790521715858199
241.78189094547272	0.5610956944759076	0.6787579329853719
241.91495747873935	0.5613406158860291	0.678812453300252
242.048024012006	0.5609760324672123	0.6795646761867741
242.18109054527264	0.5610012921998141	0.67939079902438
242.31415707853927	0.560520339891277	0.6788097812467728
242.4472236118059	0.5616533637380932	0.6787085658564064
242.58029014507252	0.5612130394342394	0.6782608084974487
242.71335667833915	0.5615564267205051	0.6777747905693948
242.8464232116058	0.5619295485909134	0.6781414507911986
242.97948974487244	0.5615848238587379	0.6792750977540044
243.11255627813907	0.5610057688861859	0.6793183647998884
243.2456228114057	0.5612556193717085	0.6790853322134316
243.37868934467232	0.5609023319439346	0.6788385710255883
243.51175587793895	0.5606733523960813	0.678588023326511
243.6448224112056	0.5605263293506688	0.6794080906800674
243.77788894447224	0.5604924312145195	0.6786457372016016
243.91095547773887	0.5611598978491399	0.6777852596841268
244.0440220110055	0.5608741088393061	0.6762060253047371
244.17708854427212	0.5617766967160601	0.6765645280212426
244.31015507753875	0.5620858483090395	0.676324679902973
244.4432216108054	0.5610910461142813	0.675420091867397
244.57628814407204	0.5606046681388135	0.6770899382013065
244.70935467733867	0.560298037370954	0.6774263385439205
244.8424212106053	0.5610371008604095	0.6774040355174492
244.97548774387192	0.5620269832398028	0.6772882548242772
245.10855427713855	0.5620455278391868	0.6769516291220385
245.2416208104052	0.5625824653000993	0.6778935220689621
245.37468734367184	0.5623692735180524	0.6774538397877445
245.50775387693847	0.5615220398235965	0.6782677352107022
245.6408204102051	0.5619406632219767	0.6782804607270058
245.77388694347172	0.561701358240136	0.6791902740334139
245.90695347673835	0.5607841801020381	0.6804268903908134
246.040020010005	0.5602911989319692	0.6813613668873075
246.17308654327164	0.5593641756133629	0.6820481948261093
246.30615307653827	0.5589350174602212	0.6827455268246988
246.4392196098049	0.5602583824972142	0.6826875253033671
246.57228614307152	0.5608300471559289	0.6826225290224083
246.70535267633815	0.5604276523044883	0.6818621988983582
246.8384192096048	0.5602462518278954	0.6814630848937145
246.97148574287144	0.5604885433559283	0.6806444548621632
247.10455227613807	0.5615563771579595	0.680891173092631
247.2376188094047	0.560759223507078	0.6806197672045792
247.37068534267132	0.5604163431691084	0.6800114878954612
247.50375187593795	0.5610491522284873	0.6796129802991302
247.6368184092046	0.5612383193004271	0.6792676592671587
247.76988494247124	0.561231722043719	0.6801846422052519
247.90295147573786	0.5611351467223374	0.6804555379914389
248.0360180090045	0.5622577097863082	0.6800486777974312
248.16908454227112	0.5624047293256703	0.6792594914867551
248.30215107553775	0.5614624702499523	0.6791138190639534
248.4352176088044	0.5625280145869231	0.6790503058970585
248.56828414207104	0.5632540921903108	0.6791414805405905
248.70135067533766	0.5635360709039364	0.679127410938366
248.8344172086043	0.5635609896018178	0.6780415682345869
248.96748374187092	0.5637336100481194	0.6794561031493092
249.10055027513755	0.5637496448739702	0.6793204723516546
249.2336168084042	0.5638173701957933	0.6783065414961454
249.36668334167084	0.5647547342807284	0.6788569988142584
249.49974987493746	0.5651326290144878	0.6787398128263687
249.6328164082041	0.5648539650890506	0.6777584244073167
249.76588294147072	0.5632973407987555	0.6770851423092884
249.89894947473735	0.5633205333341447	0.6773391371794726
250.032016008004	0.5639582797980834	0.6775849970520285
250.16508254127064	0.5636637937511736	0.6775535588703149
250.29814907453726	0.5637185791151974	0.6779962723927905
250.4312156078039	0.562974477678553	0.6786174725026061
250.56428214107052	0.5632099113138339	0.6794455560360945
250.69734867433715	0.5641135483077816	0.6788598354998133
250.8304152076038	0.564746132760298	0.6792267603273286
250.96348174087044	0.5645993571970633	0.6787849989511183
251.09654827413706	0.5638525424839881	0.6801070429233554
251.2296148074037	0.5634866229928004	0.6807741109764796
251.36268134067032	0.5614623612183977	0.6819656556885358
251.49574787393695	0.5612715277246398	0.6821825976711205
251.6288144072036	0.5599525296231618	0.6819012818757462
251.76188094047023	0.5604681329411981	0.681601260434229
251.89494747373686	0.5612974298439579	0.6816361374270645
252.0280140070035	0.5610513565832925	0.6816741814773746
252.16108054027012	0.5610524592073237	0.6820922268150643
252.29414707353675	0.560607329421263	0.6826894361485906
252.4272136068034	0.5608859999610272	0.6822009129275478
252.56028014007003	0.5612594792772384	0.6803607472104032
252.69334667333666	0.5619161550567169	0.6801587338016447
252.8264132066033	0.5623998695187908	0.6819498264732683
252.95947973986992	0.5624122612768329	0.6822130113404185
253.09254627313655	0.5616423810064206	0.6819966682166593
253.2256128064032	0.5609712021829242	0.6827275128010709
253.35867933966983	0.5613207338710732	0.6825200596142884
253.49174587293646	0.5605922641905213	0.6823544902418143
253.6248124062031	0.5619968316258733	0.6820579050431131
253.75787893946972	0.563037312673823	0.6817840967316205
253.89094547273635	0.5624304699558866	0.6822142249203762
254.024012006003	0.5625306114765183	0.6817818306215875
254.15707853926963	0.5620846470764482	0.6819879943160121
254.29014507253626	0.5621461060627321	0.6818775921396169
254.4232116058029	0.5603623938324124	0.6822522655961935
254.55627813906952	0.5602258192946444	0.6820464516883284
254.68934467233615	0.5598929508764264	0.6821750620431226
254.8224112056028	0.560975045410531	0.6824476808695729
254.95547773886943	0.5604914433546462	0.6818309286348114
255.08854427213606	0.5606454639159603	0.6821581929305902
255.2216108054027	0.5613433742654202	0.6831474833345366
255.35467733866932	0.5595963094942388	0.6834405062436616
255.48774387193595	0.5606895003576566	0.6814731593403327
255.6208104052026	0.5595694349143892	0.6822602954605378
255.75387693846923	0.559096556958638	0.6825542286452149
255.88694347173586	0.5597864857256712	0.6823150156584141
256.0200100050025	0.5597540673491592	0.6819039306083281
256.15307653826915	0.5599227774167206	0.681420270184235
256.2861430715358	0.5592172317450134	0.6817952128479889
256.4192096048024	0.5592729213419904	0.6820896766058325
256.55227613806903	0.5586165448335658	0.6816450528772524
256.68534267133566	0.5580215503581742	0.6818546897999042
256.8184092046023	0.5589009049949557	0.6815347083501921
256.9514757378689	0.5596687804072745	0.6808572384349384
257.08454227113555	0.5602298090468167	0.6818683826861958
257.2176088044022	0.560442199193524	0.6825688662850375
257.3506753376688	0.5603390198659292	0.6830472794286397
257.4837418709355	0.5603171670360068	0.6819969115055388
257.6168084042021	0.5612300087612635	0.6818001165520895
257.74987493746875	0.5619402861082864	0.6812785160867009
257.8829414707354	0.5615061993745409	0.681082028694147
258.016008004002	0.559763994581323	0.6812000203120238
258.14907453726863	0.55991382700675	0.6808898575910765
258.28214107053526	0.5602889989611715	0.6809755161180984
258.4152076038019	0.5601294317178024	0.6808169160867571
258.5482741370685	0.5605046104055437	0.6815539156750249
258.68134067033515	0.5601737642090475	0.6829138826357801
258.8144072036018	0.5596463412607765	0.6822987242443439
258.9474737368684	0.5600137525991982	0.6819885030191133
259.0805402701351	0.5599833492620718	0.6809495018742453
259.2136068034017	0.5600498036819903	0.6808582078105183
259.34667333666835	0.5607970648051616	0.680974924232909
259.479739869935	0.560245337438828	0.6805588086741721
259.6128064032016	0.5611223004851883	0.6790156664894024
259.74587293646823	0.5615297501786549	0.6782719215259141
259.87893946973486	0.559888113923188	0.6790143492117036
260.0120060030015	0.5601236858757316	0.6803246203454645
260.1450725362681	0.560193047903924	0.67976839401661
260.27813906953475	0.560913081559408	0.6798583101173686
260.4112056028014	0.5612679444422319	0.6801738491135071
260.544272136068	0.5605080243029865	0.6804913364238366
260.6773386693347	0.5599064866386899	0.6816259368654687
260.8104052026013	0.560592447633175	0.6819110354205096
260.94347173586794	0.5601871621204514	0.6829253807490967
261.0765382691346	0.5600626898805386	0.6821632482088884
261.2096048024012	0.5604342637767157	0.6839375291830654
261.34267133566783	0.560985388129481	0.6841067480800549
261.47573786893446	0.5615880500719422	0.6835329571326709
261.6088044022011	0.5616641815381896	0.6829709592017933
261.7418709354677	0.5615678728213641	0.6829511970186596
261.87493746873434	0.561803280069937	0.6826691153045893
262.008004002001	0.5606517512981234	0.6837661266882308
262.1410705352676	0.5608175633586988	0.6825792157449188
262.2741370685343	0.5608105677629353	0.6831964090791388
262.4072036018009	0.5617912995665502	0.6836168587940296
262.54027013506754	0.5613057391644698	0.6827735064527127
262.6733366683342	0.5622274762947824	0.683415125265413
262.8064032016008	0.562261900443131	0.6844340890524367
262.93946973486743	0.5621281514190242	0.6832605642619148
263.07253626813406	0.5620137296163822	0.6840441060651633
263.2056028014007	0.5620669891641867	0.6840794423795084
263.3386693346673	0.5609151716685105	0.6839811231295813
263.47173586793394	0.5609939023762909	0.6847385458576036
263.6048024012006	0.5611924069314621	0.6842761664842887
263.7378689344672	0.5617035238692131	0.6844114594676193
263.8709354677339	0.5614440081125358	0.6832422484169424
264.0040020010005	0.5608246871114121	0.6828132206278533
264.13706853426714	0.5605491566275586	0.683138143614915
264.2701350675338	0.5617224669322507	0.6844019587762687
264.4032016008004	0.5618595751052995	0.6842153951978984
264.53626813406703	0.5621490468021395	0.6831005617097288
264.66933466733366	0.561662425581717	0.6838758892035927
264.8024012006003	0.5617280957569504	0.6831011328022529
264.9354677338669	0.5615925811074829	0.6839404946791371
265.06853426713354	0.5627207917204138	0.6838303952684993
265.2016008004002	0.5630128367438236	0.6849579217529251
265.3346673336668	0.562526682578899	0.68547031702064
265.4677338669335	0.5616851630098513	0.685404828603953
265.6008004002001	0.5606220142809238	0.6849618707571774
265.73386693346674	0.5597783328350349	0.6846514321276783
265.86693346673337	0.5608852866001689	0.6842306913492489
266.0	0.560908084163898	0.6830121816168329
