0.0	0.0	0.0
0.1330665332666333	2.2159880563443995e-05	4.750550651727636e-09
0.2661330665332666	4.431731917959593e-05	4.438866598374771e-05
0.39919959979989994	6.648698221238716e-05	0.0001551715014637839
0.5322661330665333	0.00011087708167727663	0.0002216554879896544
0.6653326663331666	0.00019958816360556757	0.00037710721713564514
0.7983991995997999	0.0003104577038763716	0.000643031995264303
0.9314657328664332	0.0004434000949356003	0.0008199227804689296
1.0645322661330665	0.000554151225864327	0.0009307397386691811
1.1975987993997	0.000664901498468283	0.0011533723300973613
1.3306653326663331	0.0007534851888003826	0.001596677337100675
1.4637318659329663	0.000887111474948774	0.0018838732264791936
1.5967983991995998	0.0011307012983617923	0.002150476212436758
1.7298649324662332	0.0012409080980999305	0.0025495332409570153
1.8629314657328664	0.0013744248046141858	0.002858961462530569
1.9959979989994996	0.0015740877780189896	0.003125238961385854
2.129064532266133	0.0017507395177271759	0.003457563217229135
2.2621310655327664	0.0018390013667724113	0.0037460093480021035
2.3951975987994	0.001973158103538065	0.004145194622535094
2.528264132066033	0.002239386314621852	0.004476978446457449
2.6613306653326663	0.002437997562034328	0.00478685464724451
2.7943971985992997	0.0025928343240322403	0.005052883669646677
2.9274637318659327	0.002771516022454119	0.005340190029587046
3.060530265132566	0.003058554584006737	0.005540395476784788
3.1935967983991995	0.0031466494575263025	0.005918027072434726
3.326663331665833	0.0033694206101882404	0.006273466922697814
3.4597298649324664	0.0035456502053044696	0.006737606463798501
3.5927963981990994	0.003678159136551675	0.006934652198555232
3.7258629314657328	0.003789218419813015	0.007203827559798861
3.858929464732366	0.003944734164480753	0.007669707941820662
3.991995997998999	0.004030356872069774	0.008068530692775312
4.125062531265633	0.0040120888507678455	0.008510436618866404
4.258129064532266	0.004413282523628408	0.008682287195499678
4.391195597798899	0.004609156483039957	0.008707788283513462
4.524262131065533	0.0047644006338344565	0.009063760086254905
4.657328664332166	0.004920525047688523	0.009192435102637302
4.7903951975988	0.005141452706284663	0.009353337875170118
4.923461730865433	0.0052278827660908475	0.009841370871047701
5.056528264132066	0.00531898918520163	0.010127981904697377
5.1895947973986996	0.00554063034585395	0.01055106622134003
5.3226613306653325	0.0056496128213937655	0.010902386298766848
5.4557278639319655	0.0057847721523738484	0.011075780591747934
5.588794397198599	0.005982669068626084	0.011120153190303272
5.721860930465232	0.0060249800175882435	0.011278091758899942
5.854927463731865	0.006116547003030906	0.011523215839686568
5.987993996998499	0.006316565929100458	0.011764175888783026
6.121060530265132	0.006423072238366643	0.011851948931923673
6.254127063531766	0.006402307688938036	0.012078982502996674
6.387193596798399	0.006583730616306083	0.012478723626515392
6.520260130065032	0.0067805465645126226	0.012761838541309141
6.653326663331666	0.006844854350809633	0.012918146206512502
6.786393196598299	0.006937012616177818	0.013254851269152828
6.919459729864933	0.007158728841345962	0.013629556946007615
7.052526263131566	0.007266565613629646	0.013821708067411941
7.185592796398199	0.007332690392737234	0.013823198677119146
7.318659329664833	0.007376139156313447	0.014049107718160916
7.4517258629314655	0.007422583183675915	0.014293543674787747
7.5847923961980985	0.007579625163447055	0.014652351329986041
7.717858929464732	0.007709831637714099	0.015046386211857589
7.850925462731365	0.00775344538490989	0.015222653314280436
7.983991995997998	0.007844217885424217	0.015583487945195318
8.117058529264632	0.0079287897224376	0.016026037968118335
8.250125062531266	0.007886138054167153	0.016351886777389982
8.383191595797898	0.00799732123809202	0.016482741116786912
8.516258129064532	0.007973067660731808	0.01668565939848458
8.649324662331166	0.008044099513704061	0.016976836737372
8.782391195597798	0.008151468060997546	0.017379179638447
8.915457728864432	0.008153538100540514	0.017722503467238422
9.048524262131066	0.008309213514357355	0.017674058068320283
9.181590795397698	0.00835271502155981	0.01783919026341421
9.314657328664332	0.008511410690702418	0.018027029774207542
9.447723861930966	0.008664126835793843	0.01787432921498874
9.5807903951976	0.008702169220907075	0.018127952448699722
9.713856928464232	0.00861486326678218	0.018272296368356145
9.846923461730865	0.008686038845473412	0.01827870863663905
9.9799899949975	0.00874876917462531	0.01859333188788903
10.113056528264131	0.00875132868151096	0.018764350265948367
10.246123061530765	0.008886286943989179	0.01892302918586548
10.379189594797399	0.009023361845730287	0.019167001637747837
10.512256128064031	0.00931168555390698	0.019341610908870373
10.645322661330665	0.009388066219319141	0.019472033590526787
10.778389194597299	0.009328404403900847	0.019513072586883028
10.911455727863931	0.009503476155224504	0.019562900083923286
11.044522261130565	0.009436423149343594	0.019788411023486857
11.177588794397199	0.009620874517935881	0.020009771723156163
11.31065532766383	0.009723980272399095	0.020228295496029988
11.443721860930465	0.009699661488995088	0.02033693971745654
11.576788394197099	0.009677617599683419	0.020521341615807744
11.70985492746373	0.009707611331073313	0.02080629183882581
11.842921460730365	0.009905425871959875	0.02093714333830168
11.975987993996998	0.009974532963786165	0.02118827891696445
12.109054527263632	0.010166607647419269	0.021469270802607614
12.242121060530264	0.010055782942140896	0.021581531551988446
12.375187593796898	0.010216090356700106	0.021847821217077595
12.508254127063532	0.010207884548830863	0.021978971652265093
12.641320660330164	0.010214836654383247	0.02212631487785922
12.774387193596798	0.010348013626900104	0.022011899308519916
12.907453726863432	0.010389208531937836	0.02201464665996864
13.040520260130064	0.010433605815620871	0.0220226854465829
13.173586793396698	0.010532008008986866	0.022345741351422616
13.306653326663332	0.01076677004707775	0.02274245904209516
13.439719859929964	0.010699786280619695	0.02299559687612474
13.572786393196598	0.01083098056032169	0.02298765360282236
13.705852926463232	0.01066603786611964	0.02299399009188052
13.838919459729865	0.010561563364341395	0.023079586484341517
13.971985992996498	0.010493453219962798	0.02310981382801893
14.105052526263131	0.010459656178277314	0.02332513443110709
14.238119059529765	0.010636704193620335	0.023309309122151622
14.371185592796397	0.010656541751485919	0.023567696665839705
14.504252126063031	0.010690343554625037	0.02340869962898046
14.637318659329665	0.010497014698774136	0.02352346073695821
14.770385192596297	0.010583839398977732	0.02345561267369709
14.903451725862931	0.010406299889151434	0.023519016750137157
15.036518259129565	0.010528956625230696	0.023437786172709616
15.169584792396197	0.010586124901129397	0.0236373038879283
15.302651325662831	0.01054003601354807	0.023718547494372876
15.435717858929465	0.010520454767867393	0.024254141742710206
15.568784392196097	0.010519598463944633	0.0244122783940774
15.70185092546273	0.010550441584542028	0.02447261711111087
15.834917458729365	0.010752747371844602	0.024433196042775444
15.967983991995997	0.01082981844338558	0.02464671379717504
16.101050525262632	0.010811388205397282	0.024931385829455463
16.234117058529264	0.010925596044974173	0.025154745859305366
16.367183591795897	0.01104182209227225	0.025414109012629065
16.500250125062532	0.01123325749496407	0.02550024535283983
16.633316658329164	0.011209509943551946	0.0255479222481489
16.766383191595796	0.011348859311244762	0.025316755234819088
16.899449724862432	0.01145862103862782	0.025598491458760708
17.032516258129064	0.011563089846690366	0.025745871334181984
17.165582791395696	0.011513546965358348	0.025976222805121053
17.298649324662332	0.011414999051986487	0.026209125921898085
17.431715857928964	0.011229746236659652	0.026224070136259624
17.564782391195596	0.011445341415651516	0.026299094624824115
17.69784892446223	0.011558716429701903	0.026427195628309114
17.830915457728864	0.011419166435010598	0.026475990693943446
17.963981990995496	0.011390304474102794	0.026652006807956957
18.09704852426213	0.011522840414949529	0.026747242789538994
18.230115057528764	0.011540685306397359	0.02695550677703988
18.363181590795396	0.011559329010112744	0.02681720260400934
18.49624812406203	0.011518850242975765	0.026921411149733707
18.629314657328663	0.011585179840407578	0.027023026484372777
18.762381190595296	0.01153437616288242	0.027159547733680595
18.89544772386193	0.011548877053308726	0.027719623880074578
19.028514257128563	0.011669076879024543	0.027957106278531107
19.1615807903952	0.011538302057447863	0.027973882833148188
19.29464732366183	0.01168351266049676	0.02802477675870408
19.427713856928463	0.011791453546703242	0.028134538542069255
19.5607803901951	0.011896758731065424	0.028174263238618425
19.69384692346173	0.011840657067747801	0.02816967504701022
19.826913456728363	0.011735019398263354	0.02821121232149577
19.959979989995	0.011738989800926275	0.028466827836256477
20.09304652326163	0.011713435283388134	0.02847542116549755
20.226113056528263	0.011751475040926083	0.028863799916348777
20.3591795897949	0.011943182357527055	0.029043697622032738
20.49224612306153	0.011836063113948001	0.029134015613663272
20.625312656328163	0.011684942459887241	0.02912873691610057
20.758379189594798	0.011573561093665325	0.028829834318620785
20.89144572286143	0.011498532385411002	0.02898473876685365
21.024512256128062	0.011610592277998759	0.029031103999258335
21.157578789394698	0.011607161749791421	0.02908636073585932
21.29064532266133	0.011678867447202392	0.029598780260398305
21.423711855927962	0.0117704538529772	0.029781362386945932
21.556778389194598	0.011902718246615372	0.029976497351993016
21.68984492246123	0.011933444868132	0.0299023873862225
21.822911455727862	0.011901205436258581	0.029703413360075384
21.955977988994498	0.012054338197541176	0.029941810887018
22.08904452226113	0.012054131271943058	0.030089716635782048
22.222111055527762	0.012190109139429294	0.030185250985706593
22.355177588794398	0.012172683091284768	0.030185707008743075
22.48824412206103	0.012067950354337399	0.030480012946147775
22.62131065532766	0.012122292946860075	0.030315895280930896
22.754377188594297	0.012184791836591225	0.03041507287637886
22.88744372186093	0.012234062110014144	0.030357845861785936
23.02051025512756	0.012285445997507293	0.03020974624996942
23.153576788394197	0.012128998064383395	0.02995947976660583
23.28664332166083	0.012140523045221658	0.030097644157110852
23.41970985492746	0.012132798022060663	0.030258561797484398
23.552776388194097	0.01206673239773139	0.03031912084460924
23.68584292146073	0.01210459155387751	0.03056760241876779
23.818909454727365	0.012313575169182507	0.03045546109187409
23.951975987993997	0.012416156618265985	0.030618558541690724
24.08504252126063	0.012243967698868853	0.030493064147711683
24.218109054527265	0.012286937619232528	0.030283503326412272
24.351175587793897	0.012214559728786384	0.030533128396247534
24.48424212106053	0.012431401713793606	0.030582026175124833
24.617308654327164	0.01238807725211894	0.030868640200724322
24.750375187593797	0.012565698611327478	0.030844381874877886
24.88344172086043	0.01245003272005208	0.030870339029961044
25.016508254127064	0.012344087727530373	0.031108715050482266
25.149574787393696	0.012436932652894618	0.03120777993404349
25.28264132066033	0.012191399189846644	0.03148085555398152
25.415707853926964	0.012200571285585039	0.03152200108956256
25.548774387193596	0.012083568480214366	0.031878808984876425
25.68184092046023	0.012076122666676624	0.03171013257014155
25.814907453726864	0.012170274933548785	0.031927582185362346
25.947973986993496	0.01225109732423993	0.03221983704468584
26.081040520260128	0.012277906225063494	0.0321580520574146
26.214107053526764	0.01238867609708983	0.03199076416106075
26.347173586793396	0.012460053528615168	0.03221172279828968
26.480240120060028	0.012612302974937928	0.032193896443396465
26.613306653326664	0.012621452236507586	0.032471336812537846
26.746373186593296	0.012633391599914527	0.032617449219838744
26.879439719859928	0.01276934306219721	0.03270766490265238
27.012506253126563	0.012796367729589832	0.03257357613464231
27.145572786393195	0.01270543926296094	0.032753940568595534
27.278639319659828	0.012695594212674308	0.03303674777839964
27.411705852926463	0.012703824427647172	0.032716534204507666
27.544772386193095	0.012574257048569633	0.0327923135271557
27.67783891945973	0.012606371249590341	0.03281937123306853
27.810905452726363	0.012598925247036475	0.03272264587225518
27.943971985992995	0.012582772957381116	0.03255692607778231
28.07703851925963	0.012567432426881455	0.03240436188671319
28.210105052526263	0.012510229380378936	0.03267022444786238
28.343171585792895	0.012763672585870045	0.032921944706605366
28.47623811905953	0.012580510686828849	0.032549505390958924
28.609304652326163	0.012459340911117923	0.03249427213646473
28.742371185592795	0.012403966570012128	0.03245648619625548
28.87543771885943	0.012420531184910986	0.03239286528755844
29.008504252126063	0.012359509031438919	0.03256123642433577
29.141570785392695	0.012401458612497645	0.03252572102066098
29.27463731865933	0.012361720525785382	0.032721621567907304
29.407703851925962	0.012395913259784121	0.032605142329347477
29.540770385192594	0.012260526208554884	0.03242538176657555
29.67383691845923	0.012276727916145314	0.03232074471274198
29.806903451725862	0.012314541106494728	0.03242352445139579
29.939969984992494	0.012351768625623516	0.03239882222427716
30.07303651825913	0.01249559229655235	0.03266280580886701
30.206103051525762	0.012416373963546286	0.032644971005901795
30.339169584792394	0.01240631131216694	0.032790822225500435
30.47223611805903	0.012484196160838278	0.03320987093566781
30.605302651325662	0.012550121263727869	0.03358003655878227
30.738369184592294	0.012480638694350881	0.03361408096987483
30.87143571785893	0.012681756409612648	0.03358413560711319
31.00450225112556	0.0126370199913749	0.03375691218477161
31.137568784392194	0.012542644528189976	0.03385747336995948
31.27063531765883	0.012448552742394627	0.033788310294227526
31.40370185092546	0.012516080605311123	0.03398522066002097
31.536768384192094	0.012493864458456247	0.03392610865889889
31.66983491745873	0.012566521311233914	0.03392875541500895
31.80290145072536	0.012574231719742932	0.034009534824027764
31.935967983991993	0.012510219746778063	0.03435236194133682
32.06903451725863	0.012513164222795857	0.03441288570932106
32.202101050525265	0.01245789073191026	0.03457782776260699
32.33516758379189	0.012378276358207058	0.03450408385708824
32.46823411705853	0.012374671256469518	0.03455637546492019
32.601300650325165	0.012315345298022815	0.034580734268176344
32.73436718359179	0.012358317655157476	0.034641236020136655
32.86743371685843	0.01237468825547015	0.0346818047969362
33.000500250125064	0.012514607503196627	0.03493455665187368
33.13356678339169	0.012420463632129132	0.03500791685249707
33.26663331665833	0.012508792234073801	0.035028509546447116
33.399699849924964	0.012543942711827245	0.035362124551260386
33.53276638319159	0.012431420373948636	0.035253267719969825
33.66583291645823	0.012591114597783483	0.03537170003540468
33.798899449724864	0.012582603402517479	0.03548299067045515
33.93196598299149	0.012623028687851688	0.03540322265633097
34.06503251625813	0.012452920196142102	0.035281501646021174
34.198099049524764	0.012192171715099202	0.03518197466392606
34.33116558279139	0.012287068816709972	0.035362183162295675
34.46423211605803	0.012395825712897492	0.035377112306113574
34.597298649324664	0.012437334793584697	0.03543570794724112
34.73036518259129	0.012368543582427158	0.035301340135981366
34.86343171585793	0.012522515450778293	0.035168955629372674
34.99649824912456	0.012458693396944692	0.035218204363859335
35.12956478239119	0.012393020821021004	0.035128743080282826
35.26263131565783	0.012367542836379107	0.03504767565401754
35.39569784892446	0.012414282525754649	0.0351452385883007
35.52876438219109	0.012291229402594066	0.03500371328532265
35.66183091545773	0.012325223402260351	0.0349939380245974
35.79489744872436	0.012174014630670306	0.03500192430272537
35.92796398199099	0.012168368650269493	0.03506164387339264
36.06103051525763	0.011919160632527943	0.03504165659499709
36.19409704852426	0.011671524880219542	0.03498559403174804
36.32716358179089	0.0116681784584227	0.03477504946965226
36.46023011505753	0.01177846274285718	0.03500055446760373
36.59329664832416	0.01166833847877574	0.03509041510645222
36.72636318159079	0.011717158911907501	0.03503181078001312
36.85942971485743	0.011636023272682778	0.03480483984479401
36.99249624812406	0.01158408521538734	0.03487346559940798
37.12556278139069	0.011604171691432368	0.03487459216597255
37.25862931465733	0.01155432774676982	0.03468729501331179
37.39169584792396	0.011510105890277216	0.03445553891696942
37.52476238119059	0.011504050217678433	0.03456771600406809
37.65782891445723	0.011621629209676458	0.034591667960047444
37.79089544772386	0.011638990410680169	0.034513763518468694
37.92396198099049	0.011497454768150735	0.03447341985728051
38.05702851425713	0.011360528600494968	0.034642084716153126
38.19009504752376	0.011285986629262005	0.034666465341968475
38.3231615807904	0.0115031349492636	0.03455956168541936
38.456228114057026	0.011578374477539923	0.03475160792464226
38.58929464732366	0.011583226599499653	0.034760639734840726
38.7223611805903	0.011735255089193838	0.034583942564671954
38.855427713856926	0.011565197122155127	0.03444347978818815
38.98849424712356	0.01153583929184891	0.03449596835397282
39.1215607803902	0.011521755596219985	0.03434240276885388
39.254627313656826	0.011493227569918177	0.03441053698660247
39.38769384692346	0.01134276471658473	0.034567311282383106
39.5207603801901	0.011518691885226796	0.034813878369143854
39.653826913456726	0.01159037859533233	0.03485077680587157
39.78689344672336	0.011633657754279648	0.03492536458345499
39.91995997999	0.01164858329584752	0.0347939124913197
40.053026513256626	0.011659135213489675	0.03477093212283368
40.18609304652326	0.011783210197912813	0.03493622115708011
40.3191595797899	0.011872691610286298	0.03494471747884282
40.452226113056525	0.011854371914427245	0.03522353596579241
40.58529264632316	0.011988404374607069	0.03541199285992107
40.7183591795898	0.012086937809637523	0.03530338526787399
40.851425712856425	0.011938473319838164	0.03526775743968815
40.98449224612306	0.011865450499984718	0.03498032484046265
41.1175587793897	0.011848687433129884	0.03503280688500471
41.250625312656325	0.011781284624103595	0.03495958813868455
41.38369184592296	0.011680773543423338	0.035154637229882026
41.516758379189596	0.011846568037176928	0.03514667611819684
41.649824912456225	0.011836850892285382	0.03512801239741903
41.78289144572286	0.011787279186078404	0.035642592156816
41.915957978989496	0.011853884816609844	0.0359430652520836
42.049024512256125	0.011922943584003344	0.03603949340208685
42.18209104552276	0.012131520601503737	0.03587927096257829
42.315157578789396	0.012144430763223104	0.03603712093276577
42.448224112056025	0.012204038426551732	0.03617926916448334
42.58129064532266	0.012188662546760563	0.03638670249359008
42.714357178589296	0.012281670849107086	0.03638292828780937
42.847423711855924	0.012357056508023902	0.03644249683179083
42.98049024512256	0.01244251332950979	0.036579837337659626
43.113556778389196	0.01242390457674859	0.036288450717791146
43.246623311655824	0.012582061334545746	0.03606950240459458
43.37968984492246	0.012522408971816036	0.036207151758750694
43.512756378189096	0.012622812035098319	0.036335881432672135
43.645822911455724	0.012565920284381034	0.03624604281130402
43.77888944472236	0.012744362968185423	0.03629009782304902
43.911955977988995	0.012853793064294237	0.03589184476235663
44.045022511255624	0.012979906889464972	0.03590580794068386
44.17808904452226	0.013270016187042129	0.03627786330631593
44.311155577788895	0.013263198491941564	0.03638239606038428
44.444222111055524	0.013230534245066396	0.036531237118565915
44.57728864432216	0.013226930659597406	0.03659294032819478
44.710355177588795	0.013333553128683968	0.036492166553098344
44.843421710855424	0.013168445770494011	0.03670031242165041
44.97648824412206	0.013323495942540406	0.036657272398595356
45.109554777388695	0.01315607932662529	0.03638382944671964
45.24262131065532	0.013336757814460328	0.035933497282078675
45.37568784392196	0.013380818947983897	0.03581422481956097
45.508754377188595	0.01336762993999724	0.035900773249768016
45.64182091045522	0.013380167697556717	0.03600355939713407
45.77488744372186	0.01353924647939333	0.03600350201472317
45.907953976988495	0.013487920738214724	0.03587194844460069
46.04102051025512	0.013570767428893335	0.03570330009213415
46.17408704352176	0.013590545820945118	0.0356251555058958
46.307153576788394	0.013458643864299085	0.03552404047483723
46.44022011005502	0.013354921761260793	0.03536913414574799
46.57328664332166	0.01343626568795097	0.035447433843209065
46.706353176588294	0.013465066010751089	0.03573322783150493
46.83941970985492	0.013368147137350666	0.03564351024850855
46.97248624312156	0.013248910241924289	0.03570438494632113
47.105552776388194	0.013297642408905502	0.035520347837903025
47.23861930965483	0.013176562253160731	0.035515696635677226
47.37168584292146	0.013283573047752344	0.03526387353130098
47.504752376188094	0.013385719126486033	0.03523391744946046
47.63781890945473	0.013544499569457163	0.03508783685814666
47.77088544272136	0.013570925321727611	0.03519065663827747
47.903951975987994	0.013704683375743534	0.03521699270725768
48.03701850925463	0.01377214812243414	0.03545015607221275
48.17008504252126	0.0139119553520464	0.03518424265332843
48.30315157578789	0.01397349670399005	0.03513368204046749
48.43621810905453	0.013963677343769092	0.035106718989052016
48.56928464232116	0.014049466028735752	0.035116727406394876
48.70235117558779	0.01400585606435978	0.03486656296192859
48.83541770885443	0.013949549998935265	0.03517792723978279
48.96848424212106	0.013842488103528715	0.035017936306129094
49.10155077538769	0.013639509226635293	0.035299755925452495
49.23461730865433	0.013737479614419831	0.03556561601933722
49.36768384192096	0.013682029154158426	0.035656445727576654
49.50075037518759	0.013758618087585744	0.03565406229235652
49.63381690845423	0.013907683607132952	0.035630179659797534
49.76688344172086	0.01392221911806996	0.03522885305198696
49.89994997498749	0.013895017316438003	0.03525466464371594
50.03301650825413	0.013990567270541158	0.03541278569658714
50.16608304152076	0.013985011840853127	0.03522104033251979
50.29914957478739	0.013859837281182924	0.03508981896458496
50.43221610805403	0.01381047635630916	0.03505980057881173
50.56528264132066	0.013883182667063997	0.0349855292716804
50.69834917458729	0.013859315994072549	0.03493900048630305
50.83141570785393	0.014018021595253895	0.03523345666430082
50.96448224112056	0.013972186228063286	0.03536071810167181
51.09754877438719	0.013858172920592207	0.035547081538310786
51.23061530765383	0.01392910527387683	0.03561372800192053
51.36368184092046	0.01393024943709547	0.03566501474100617
51.49674837418709	0.0137875306589365	0.03550582593365165
51.62981490745373	0.01379151547371408	0.03551202933457015
51.762881440720356	0.013801107169057445	0.035479736877208366
51.89594797398699	0.013933669236628983	0.035330855588072106
52.02901450725363	0.013821705234935262	0.03525795748171449
52.162081040520256	0.013807932478868704	0.03518054576447734
52.29514757378689	0.01387287013030386	0.03533249082907563
52.42821410705353	0.013930921138350346	0.03539722023943796
52.561280640320156	0.013946831016482891	0.035314917785068636
52.69434717358679	0.013839921145709576	0.03512083507660109
52.82741370685343	0.013996640322932553	0.035127414449623244
52.960480240120056	0.01384268016762453	0.035211487719742356
53.09354677338669	0.013776387868102516	0.035229558022751746
53.22661330665333	0.013688773327098586	0.03542079186744047
53.359679839919956	0.013803458247073873	0.035314662339635476
53.49274637318659	0.01389927608839517	0.035363972067991516
53.62581290645323	0.013941044525948045	0.03534842652037186
53.758879439719855	0.013939126413995568	0.03534559184218178
53.89194597298649	0.01386021730727425	0.035585562736605854
54.02501250625313	0.013815181715551102	0.035640077879132245
54.158079039519755	0.013719826967210557	0.03596856213571135
54.29114557278639	0.013860411900964405	0.03598040687676981
54.42421210605303	0.013866254483443557	0.036101908518580854
54.557278639319655	0.013891107950919659	0.03629619650671453
54.69034517258629	0.013919231884434861	0.03612941242397513
54.823411705852926	0.013991511416428057	0.03640505082115954
54.956478239119555	0.014089215907987106	0.03633104969953043
55.08954477238619	0.014145983125177569	0.03639579742769046
55.222611305652826	0.014202075387090191	0.036205545276920624
55.35567783891946	0.014422589683157199	0.036123992633270846
55.48874437218609	0.014295181700297322	0.03598783160235919
55.621810905452726	0.014376633313962802	0.03587718776271543
55.75487743871936	0.014443712380805643	0.03585920143913868
55.88794397198599	0.01448932217408582	0.03596575445312346
56.021010505252626	0.014636351792073092	0.035793258025500936
56.15407703851926	0.014674578383989834	0.03575179475459338
56.28714357178589	0.014732719582694976	0.035955140537642816
56.420210105052526	0.014655602316149251	0.03595490984495054
56.55327663831916	0.014619382317259495	0.03590124297816687
56.68634317158579	0.01479579772761756	0.035927371792494105
56.819409704852426	0.014747322962401428	0.03604605578485613
56.95247623811906	0.014578989902843967	0.03626849474062201
57.08554277138569	0.014526116430194537	0.035976286202601834
57.218609304652325	0.014646774451217742	0.03569076875718697
57.35167583791896	0.014505044665986247	0.0360106123779311
57.48474237118559	0.014412558581263429	0.03609285938948493
57.617808904452225	0.014572877166229063	0.03607796469410829
57.75087543771886	0.014609433117593102	0.03627677958143732
57.88394197098549	0.014659913126860803	0.03629357611674007
58.017008504252125	0.014573620738172742	0.036132894891986705
58.15007503751876	0.014494510419649586	0.03625644324333056
58.28314157078539	0.014494714720764449	0.03636036328381708
58.416208104052025	0.014485706214959723	0.03631708210677733
58.54927463731866	0.014398680504601871	0.03640687551089703
58.68234117058529	0.01450926614104059	0.03635773133255645
58.815407703851925	0.01447015085605987	0.036545256172233795
58.94847423711856	0.014326421645578206	0.036628170756217125
59.08154077038519	0.014366202247887544	0.03656098891812017
59.214607303651825	0.014274697596236287	0.03656164085545913
59.34767383691846	0.014250928207367928	0.036677280105043425
59.48074037018509	0.014275659011137348	0.03689197608369877
59.613806903451724	0.014423000620392678	0.03677778963762167
59.74687343671836	0.014300540089924246	0.03689473420957108
59.87993996998499	0.014236776436190573	0.036736014011022486
60.013006503251624	0.014282911172495421	0.03666143508053644
60.14607303651826	0.014321938602008028	0.03677040914265911
60.27913956978489	0.0142586412854635	0.037129151131882566
60.412206103051524	0.014296038353728046	0.03732169775165293
60.54527263631816	0.014301397078827724	0.03758531518174493
60.67833916958479	0.014337492302227257	0.03749509866210727
60.811405702851424	0.014518839461946776	0.03749234216785833
60.94447223611806	0.01457770457827638	0.03769196684389856
61.07753876938469	0.014654698285490184	0.03797567876325864
61.210605302651324	0.014855106716560682	0.038062519258937465
61.34367183591796	0.014856490974589676	0.03785643594178035
61.47673836918459	0.014665787926324721	0.03772876144974341
61.60980490245122	0.014598201967788637	0.03795820160683619
61.74287143571786	0.01464814330762629	0.03809781978943079
61.87593796898449	0.014712889077257997	0.03805093385180738
62.00900450225112	0.014871976326563138	0.038105704557404786
62.14207103551776	0.014886360318544399	0.03811781050235666
62.27513756878439	0.01478386892566213	0.03803498628235552
62.40820410205102	0.014756489217111955	0.03808310049041161
62.54127063531766	0.014632673269291083	0.038352877273123115
62.67433716858429	0.014572951497667552	0.03814606453135011
62.80740370185092	0.01464004136978682	0.03828781969906725
62.94047023511756	0.014718918524883731	0.03845338719893176
63.07353676838419	0.014724431647437352	0.03850358189752392
63.20660330165082	0.014661967251199809	0.03816476606369298
63.33966983491746	0.014546938520063819	0.03793243743151026
63.47273636818409	0.014475993466877519	0.03801048282200048
63.60580290145072	0.014414909374257533	0.03825408550114909
63.73886943471736	0.014364748768829427	0.0382643402904852
63.87193596798399	0.0144422359255426	0.03812863788078898
64.00500250125063	0.014346357140685323	0.038210654556551746
64.13806903451726	0.01423979843281135	0.03832076766524802
64.27113556778389	0.014243091003608219	0.038434558301152236
64.40420210105053	0.014329461934543626	0.0386182997530042
64.53726863431716	0.014288183475038827	0.03884340668650714
64.67033516758379	0.014291589005104074	0.03872012531036387
64.80340170085043	0.014217610306308944	0.038349912233114423
64.93646823411706	0.014319198035564138	0.038317961736555
65.06953476738369	0.014485313559339146	0.0382751910288682
65.20260130065033	0.014608969531279692	0.03836362124594143
65.33566783391696	0.014543631888350648	0.038707938142649174
65.46873436718359	0.014502928919341258	0.038755431708075
65.60180090045023	0.014688112975613855	0.03882488177096342
65.73486743371686	0.014768919240058536	0.03887397733419064
65.86793396698349	0.014648043036467847	0.03860587741453105
66.00100050025013	0.014617042179594864	0.038539093909659664
66.13406703351676	0.014748245220751237	0.03833938812918433
66.26713356678339	0.014661059525835523	0.03813800048986426
66.40020010005003	0.014562850451787554	0.03818306120860605
66.53326663331666	0.014673742468513766	0.038227122054390744
66.66633316658329	0.014756907744456415	0.038337587006112846
66.79939969984993	0.01494195697540856	0.03850098786782189
66.93246623311656	0.014952403361675139	0.03835644252293062
67.06553276638319	0.015070749867421362	0.0383445598416556
67.19859929964983	0.015075495467607647	0.038305317756219225
67.33166583291646	0.015118274840208178	0.03854300504235719
67.46473236618309	0.014973031314389595	0.038595230871675094
67.59779889944973	0.014879312265134361	0.03885952038288781
67.73086543271636	0.014777569794166348	0.038704587215273215
67.86393196598299	0.014553929034422012	0.03893964981734798
67.99699849924963	0.01460125084449276	0.03889291873837566
68.13006503251626	0.014608205477110179	0.03883861632027171
68.26313156578288	0.014712972371811734	0.03901486753157076
68.39619809904953	0.014737487557094652	0.03886546292254545
68.52926463231616	0.014730969454695868	0.03870418829506181
68.66233116558278	0.014808658441615557	0.03873214455824376
68.79539769884943	0.01467675334302424	0.03879988766342844
68.92846423211606	0.014640050734203987	0.03867058861622442
69.06153076538268	0.014673720518579143	0.038690808579498845
69.19459729864933	0.014627090443975454	0.03853956868494062
69.32766383191596	0.014532838879654519	0.03866544930076613
69.46073036518258	0.014510201068604851	0.03875019729723033
69.59379689844923	0.014248249212044702	0.03852033704958101
69.72686343171586	0.014184054109203086	0.03857861641708463
69.85992996498248	0.014292632699916973	0.038617169464572526
69.99299649824913	0.01423009803884245	0.03850030337597784
70.12606303151576	0.014013832132491879	0.03862393290608831
70.25912956478238	0.013975444414912646	0.038539988924158754
70.39219609804903	0.01387076412310322	0.038278881607285146
70.52526263131566	0.013865110036360073	0.03798547198793315
70.65832916458228	0.01395801545142727	0.0378608550143532
70.79139569784893	0.014134619680639728	0.03806665302289656
70.92446223111556	0.014209887767351466	0.03844287157182157
71.05752876438218	0.014356542171336452	0.03837785428107505
71.19059529764883	0.014369639307025098	0.038153684546987185
71.32366183091546	0.014303023224234011	0.038204540315185644
71.45672836418208	0.014148876861752402	0.03846464239384341
71.58979489744873	0.013982555019406772	0.03865914071585791
71.72286143071535	0.013888537422369996	0.038864706133368176
71.85592796398198	0.013829116392029718	0.0387156308054466
71.98899449724863	0.013835054529513639	0.038905621606159874
72.12206103051525	0.013941160388615415	0.038851711011269656
72.25512756378188	0.013997325124169242	0.03879073939202039
72.38819409704853	0.013978649315442274	0.038726344308151285
72.52126063031515	0.014039894201322161	0.03887983191423269
72.65432716358178	0.01405109426674182	0.03857142129522221
72.78739369684843	0.013945254066259394	0.03857339668253493
72.92046023011505	0.013922990750709695	0.03856655793555953
73.05352676338168	0.013883163758433707	0.03860712260622674
73.18659329664833	0.013678508524914769	0.03882328584561647
73.31965982991495	0.013703281870596249	0.0389787293088556
73.45272636318158	0.013778247051785628	0.03919145357361686
73.58579289644823	0.013816824821578066	0.03925029967069929
73.71885942971485	0.013809608864527374	0.03944902141495689
73.85192596298148	0.013878951870276771	0.039666551116688445
73.98499249624813	0.013930355966828116	0.03957403330537692
74.11805902951475	0.01401834220470768	0.039506643291543374
74.25112556278138	0.014039405893311688	0.039824127213694736
74.38419209604803	0.014061388342437774	0.03964660112159051
74.51725862931465	0.014100441635139939	0.03937943980354223
74.65032516258128	0.013981154591513478	0.039268791085660996
74.78339169584793	0.0139493583682036	0.039248311819270104
74.91645822911455	0.014021815728475643	0.03958794687424288
75.04952476238118	0.01395978413984878	0.03982447819456822
75.18259129564782	0.014011828216925953	0.03976384074517354
75.31565782891445	0.014070876763466007	0.03959027102800199
75.44872436218108	0.014002472884158975	0.039748003052753236
75.58179089544772	0.014072523437743541	0.039698228083312075
75.71485742871435	0.013880117124099369	0.039415904650279096
75.84792396198098	0.013706414771696752	0.03934057779440729
75.98099049524762	0.013842552196170844	0.03910324413156785
76.11405702851425	0.01378985535923517	0.03906603810341656
76.24712356178088	0.013956088872165123	0.03887704103713967
76.38019009504752	0.014020168475807344	0.038740595364000416
76.51325662831415	0.013996995804319587	0.0389753189988301
76.6463231615808	0.013985494024345721	0.03923525176820392
76.77938969484742	0.013957309256887273	0.03915225249569363
76.91245622811405	0.014014324557966615	0.03934439494111808
77.0455227613807	0.013999834600648211	0.03926787512749398
77.17858929464732	0.01391330682322768	0.03935973057426759
77.31165582791395	0.013873726860566218	0.03923174034798094
77.4447223611806	0.013837905223258283	0.03919551951263666
77.57778889444722	0.013848038124186932	0.039377825341947906
77.71085542771385	0.01392029097722114	0.03903528235871154
77.8439219609805	0.013911199767887449	0.03905883964339016
77.97698849424712	0.013763434228579572	0.03907531258369041
78.11005502751375	0.013801201232981978	0.0389051361675596
78.2431215607804	0.01376780939698841	0.03879916922547535
78.37618809404702	0.013745704716217996	0.038965973187003636
78.50925462731365	0.013689318618670917	0.038707660017158425
78.6423211605803	0.013778660688291684	0.03876881898217181
78.77538769384692	0.014013282154256268	0.0388145573584484
78.90845422711355	0.013973950404011802	0.03869101618974831
79.0415207603802	0.013931403679196241	0.03830591211632801
79.17458729364682	0.014006575376126651	0.038358328557249674
79.30765382691345	0.01401712486773985	0.03824850860938821
79.4407203601801	0.013871253203863189	0.03804315723502238
79.57378689344672	0.013763398849391597	0.03820288876024971
79.70685342671335	0.013768498539258418	0.03844440927975045
79.83991995998	0.013955222755646365	0.03849523232941257
79.97298649324662	0.014041773646584894	0.03857174177071513
80.10605302651325	0.014151341204447426	0.038697114310558084
80.2391195597799	0.014306267539570056	0.03889585381869442
80.37218609304652	0.014436119238496628	0.038956726434771986
80.50525262631315	0.014420215990808338	0.03902922914365324
80.6383191595798	0.014358896834755304	0.038882958714197835
80.77138569284642	0.01444978243022718	0.038879882806046345
80.90445222611305	0.014388116508072722	0.038982394232552765
81.0375187593797	0.014462517065660995	0.039221088103495866
81.17058529264632	0.014513877050034532	0.03935456842054894
81.30365182591295	0.01458574434995438	0.039290329155915765
81.4367183591796	0.014420209872324582	0.03925129149527755
81.56978489244622	0.014487239788125852	0.039269985299183935
81.70285142571285	0.014594106417999249	0.039482966270795145
81.8359179589795	0.01465155144803157	0.03942645853686651
81.96898449224612	0.014594172326329403	0.03946528560953308
82.10205102551275	0.014614874992758462	0.03946398602739751
82.2351175587794	0.014547968583104604	0.039606909046007346
82.36818409204602	0.014407053728857026	0.03975343988960893
82.50125062531265	0.014354380434676597	0.039992288654392485
82.6343171585793	0.014436993391181633	0.04022230637833539
82.76738369184592	0.014412776933543332	0.0400670363593047
82.90045022511255	0.014497506125302251	0.040197110645981235
83.03351675837919	0.014529253620361721	0.04041616844249139
83.16658329164582	0.01461556764548663	0.039926343030462774
83.29964982491245	0.014702059554700157	0.03983481352729962
83.43271635817909	0.014767232353463155	0.039959412513586604
83.56578289144572	0.01473677103889313	0.03986429730220622
83.69884942471235	0.014816737677587807	0.039740601477920655
83.83191595797899	0.01474000255891942	0.039521147635373434
83.96498249124562	0.014607581138641529	0.03958400039785548
84.09804902451225	0.014589960798598778	0.039771071580677234
84.23111555777889	0.014447680630137136	0.03969435810178561
84.36418209104552	0.014427471401086934	0.03968891561534243
84.49724862431215	0.014422306467030997	0.03964664188760367
84.63031515757879	0.014428013860394873	0.03964400787354995
84.76338169084542	0.01455142874138076	0.039725195082763225
84.89644822411205	0.014600436609635283	0.03959572423300761
85.02951475737869	0.014668694316707788	0.03947585954900489
85.16258129064532	0.014620051577859366	0.03946520885665164
85.29564782391195	0.014602509127115696	0.039286008968801335
85.42871435717859	0.01465845240189527	0.039285648002526444
85.56178089044522	0.014742158932857841	0.03938071644683367
85.69484742371185	0.01494055716401344	0.03944739515214113
85.82791395697849	0.015054420891537792	0.039124227688327476
85.96098049024512	0.014947555799051337	0.039101167014981564
86.09404702351175	0.014917107461335935	0.03919684541400314
86.22711355677839	0.014866097128605085	0.038906583669943304
86.36018009004502	0.014836959947335178	0.03877513195274365
86.49324662331165	0.014887803272317153	0.03885071697968717
86.62631315657829	0.014919910248907646	0.038760504271795775
86.75937968984492	0.014829223974160461	0.03877911431782141
86.89244622311155	0.014752471674131833	0.03901108846428541
87.02551275637819	0.014621201517500126	0.038904033521252275
87.15857928964482	0.014450215676404293	0.03888267651696766
87.29164582291145	0.014503394264614269	0.038702402774326
87.42471235617809	0.014564914243359489	0.03861567133861811
87.55777888944472	0.014443665821833707	0.038636006896585674
87.69084542271135	0.014401337560530752	0.03859868570753219
87.82391195597799	0.01451115833333477	0.03858739148324345
87.95697848924462	0.014662840094477051	0.03883989625639647
88.09004502251125	0.014695252080475523	0.03891558757401851
88.22311155577789	0.014617658389154603	0.03873781435704832
88.35617808904452	0.014596379171368044	0.03880567536984653
88.48924462231115	0.014689603038495624	0.03903503911727209
88.62231115557779	0.014770762603514728	0.0391943984361408
88.75537768884442	0.014726516808001544	0.038941315734601564
88.88844422211105	0.014760121637054119	0.03898235807929986
89.02151075537769	0.014836701372936193	0.03917701285954996
89.15457728864432	0.014952632394231386	0.039294563547653004
89.28764382191095	0.014929430160483674	0.039314133806335486
89.42071035517759	0.01487248965311072	0.03931881310617831
89.55377688844422	0.014849550651045455	0.039449634755130525
89.68684342171085	0.014749844662155929	0.03959724013057642
89.81990995497749	0.01469089619632884	0.03968859938017393
89.95297648824412	0.014724314199211884	0.03993570158285907
90.08604302151075	0.01466919215796087	0.03994609575847219
90.21910955477739	0.014667518576520629	0.0397008900843917
90.35217608804402	0.014639664285693904	0.03954895036887754
90.48524262131065	0.014704519753089522	0.03950875639368959
90.61830915457729	0.014843682140259358	0.03935349582650524
90.75137568784392	0.014801212446491014	0.03946242364092071
90.88444222111055	0.014889977390212292	0.03944836670423871
91.01750875437719	0.01494186224130687	0.03933930902343134
91.15057528764382	0.014885440995283378	0.0395959799798607
91.28364182091045	0.014723386917104248	0.03964853140840131
91.41670835417709	0.014647058983549616	0.039515740288515504
91.54977488744372	0.014643044601167072	0.03956818752292473
91.68284142071035	0.014678658388327664	0.039763867626956134
91.81590795397699	0.014601232928593095	0.03979252138911068
91.94897448724362	0.014428271052552738	0.03957353244882405
92.08204102051025	0.014470606205941509	0.039202883738038895
92.21510755377689	0.014491068620805366	0.03903763620289565
92.34817408704352	0.014437621918453056	0.039197672704345474
92.48124062031015	0.01452706710298422	0.03943437597145274
92.61430715357679	0.014499748194449203	0.03927733229794452
92.74737368684342	0.014407962170873947	0.03904383493695551
92.88044022011005	0.014496139212409486	0.039049176210012804
93.01350675337669	0.014498059575389091	0.039226343589045407
93.14657328664332	0.01469245147972679	0.03928995609621641
93.27963981990995	0.014953845322079167	0.03941748419854802
93.41270635317659	0.015024818315146396	0.03952300514255238
93.54577288644322	0.014953554371742731	0.03947558483573268
93.67883941970985	0.014874744903515816	0.039697207056975894
93.81190595297649	0.014879955373819921	0.03999019639276207
93.94497248624312	0.01491169441118997	0.039804261738078175
94.07803901950976	0.014983411610743132	0.03973562302115512
94.21110555277639	0.014964569766674344	0.03983559050723457
94.34417208604302	0.014995183349340592	0.03994010141921325
94.47723861930966	0.015043890011877144	0.039950398889551854
94.61030515257629	0.014990791635645649	0.03989226413394488
94.74337168584292	0.015055423218654579	0.04009718090666265
94.87643821910956	0.015230441030287359	0.04019569938402064
95.00950475237619	0.015123265742235157	0.04048929111882554
95.14257128564282	0.014968197596997744	0.04046296025006799
95.27563781890946	0.015027761459855155	0.040440596560549616
95.40870435217609	0.015099344074315426	0.04041009970798873
95.54177088544272	0.015156839255457995	0.040432524518050496
95.67483741870936	0.015122508602771055	0.04046374243175416
95.80790395197599	0.014947560901830663	0.04078474244011185
95.94097048524262	0.014943694978252032	0.040978286086513674
96.07403701850926	0.014910587766690093	0.040848404482777476
96.20710355177589	0.014847630691025591	0.04080341410911126
96.34017008504252	0.014866674546511733	0.04059347118050599
96.47323661830916	0.014820121400066964	0.04036545829822776
96.60630315157579	0.014879496721499408	0.04047645674698904
96.73936968484242	0.014812357682413419	0.04056545009756857
96.87243621810906	0.014666460293065432	0.04054326635369134
97.00550275137569	0.01464403200022393	0.0402471825514788
97.13856928464232	0.014725513777766586	0.04014227152167454
97.27163581790896	0.01475590588769637	0.0403861535775764
97.40470235117559	0.01459147864674191	0.04012833865140292
97.53776888444222	0.014454111447489657	0.03996823114124645
97.67083541770886	0.014555229078055312	0.039994368167389965
97.80390195097549	0.014600707423232887	0.04001968278471065
97.93696848424212	0.014470761680330346	0.039738200484173446
98.07003501750876	0.014521371817999418	0.039667926062631885
98.20310155077539	0.014592773171600976	0.039642478594741515
98.33616808404201	0.014614884607002856	0.03975329599555542
98.46923461730866	0.014556262108062644	0.039761374525462065
98.60230115057529	0.014714730301053663	0.03983401632272559
98.73536768384191	0.014831322453075802	0.03965291579050782
98.86843421710856	0.014760060516181615	0.0396618679041568
99.00150075037519	0.014631332992543026	0.039450459177766586
99.13456728364181	0.014637819329474206	0.03947164119078885
99.26763381690846	0.014619026198603037	0.039588976573339686
99.40070035017509	0.01449123920614608	0.039579981496717584
99.53376688344171	0.014652137504150058	0.039809298616831
99.66683341670836	0.014777596543707226	0.03985963805339763
99.79989994997499	0.014848392331959623	0.039756557860926946
99.93296648324161	0.014897128848033528	0.03977917552474679
100.06603301650826	0.014940140029335896	0.039873107341535326
100.19909954977489	0.01485679217596685	0.03990349247942975
100.33216608304151	0.014845048403133675	0.03992537225955336
100.46523261630816	0.01492247722805268	0.0397796367479721
100.59829914957479	0.014914848711213517	0.039826011678698536
100.73136568284141	0.014894022496307616	0.0400404640457312
100.86443221610806	0.01508934764833565	0.040023046634805416
100.99749874937469	0.01519247236947804	0.04005842766910464
101.13056528264131	0.01512987842202339	0.04032604053632735
101.26363181590796	0.015160337605208865	0.040228637970347154
101.39669834917459	0.015136621828672286	0.04025749656171396
101.52976488244121	0.015021961245101403	0.04042001005675981
101.66283141570786	0.01505724943863886	0.04066470359207958
101.79589794897448	0.014856105596826862	0.04085490248378762
101.92896448224111	0.014773729303213036	0.04082601457306431
102.06203101550776	0.014636682271655715	0.04095312890875757
102.19509754877438	0.014482409572124863	0.04108696663165922
102.32816408204101	0.01457162183003229	0.04111394886708317
102.46123061530766	0.014800775358382564	0.04128388247905926
102.59429714857428	0.014856212331119431	0.041254868393425716
102.72736368184091	0.014978393519120297	0.041110686954892214
102.86043021510756	0.014910116614841248	0.04104408228686005
102.99349674837418	0.014842591246592048	0.04116940215408471
103.12656328164081	0.014754428229036913	0.041543984778090855
103.25962981490746	0.01474903095310784	0.04193097602591991
103.39269634817408	0.01482402783530054	0.04204555180983446
103.52576288144071	0.014980817487737209	0.0421465487806124
103.65882941470736	0.015003296013068563	0.04221288563905259
103.79189594797398	0.014916283129525396	0.04229000165802607
103.92496248124061	0.014944510213352203	0.04217450049060731
104.05802901450726	0.015089938073984342	0.042297142244390615
104.19109554777388	0.015118197258309426	0.04250476081018197
104.32416208104051	0.015067303116069982	0.04240396056592351
104.45722861430716	0.015006675674366095	0.042438805468386465
104.59029514757378	0.015043664776449642	0.0423952709499862
104.72336168084041	0.015066492350018603	0.0423570504397652
104.85642821410705	0.014964137524243654	0.04234707940826836
104.98949474737368	0.015056488575384445	0.04222307731188126
105.12256128064031	0.015060880078883548	0.04214853442254801
105.25562781390695	0.014895039409771731	0.042195512029816085
105.38869434717358	0.014887681803814258	0.04198840329222508
105.52176088044021	0.014893883512040277	0.04180344684438912
105.65482741370685	0.014957491110385775	0.04172695859382045
105.78789394697348	0.015360713647993142	0.04175794247290139
105.92096048024011	0.015384250254316596	0.041717123164808315
106.05402701350675	0.015266489943401998	0.04172186450277839
106.18709354677338	0.015106442772013876	0.0417091304428105
106.32016008004001	0.014986607740185304	0.04155879731512879
106.45322661330665	0.014949998888602793	0.04150530329648992
106.58629314657328	0.014898903280899758	0.04123913129738511
106.71935967983991	0.01481997064725398	0.04127681536938518
106.85242621310655	0.014561863010143375	0.04134351583619716
106.98549274637318	0.014424654054024509	0.04161449212334804
107.11855927963981	0.014342584057998143	0.04188639518641232
107.25162581290645	0.014347803782139405	0.04173513891067559
107.38469234617308	0.014447712222524205	0.04166130052516158
107.51775887943971	0.014556120203182598	0.04149623029363985
107.65082541270635	0.01454815503719886	0.04118425569210708
107.78389194597298	0.0146673724512643	0.04104132447751247
107.91695847923961	0.014760938673752166	0.04108651700979694
108.05002501250625	0.01481040856061229	0.041234587633740855
108.18309154577288	0.014811370394536496	0.04144716229333395
108.31615807903951	0.014844647179638983	0.041511191462739724
108.44922461230615	0.014761855140533624	0.041455104575713275
108.58229114557278	0.01481434390684411	0.04139576705179279
108.71535767883941	0.014923413368060278	0.041106257916011676
108.84842421210605	0.014817850111806351	0.040762184011803565
108.98149074537268	0.014831599799334532	0.04082179584748233
109.11455727863931	0.014745111616914296	0.04091054399918
109.24762381190595	0.014881148979347995	0.041133487535139464
109.38069034517258	0.014789312115747806	0.04112454016269869
109.51375687843921	0.014662392097688758	0.04096906728460955
109.64682341170585	0.01457579670467147	0.04123001310030607
109.77988994497248	0.014422139284337646	0.04133179652200024
109.91295647823911	0.014566313191564786	0.0414763935854845
110.04602301150575	0.014722949343863277	0.04146254000069503
110.17908954477238	0.014609775062148342	0.04134640272896686
110.31215607803901	0.01459652882614279	0.04149321118086039
110.44522261130565	0.014764798051898153	0.041689287005595384
110.57828914457228	0.01483133872760168	0.04164909009378033
110.71135567783892	0.014800842086308172	0.04176313990854279
110.84442221110555	0.014801399856376478	0.041837888356849706
110.97748874437218	0.014844322401896022	0.04167474813392065
111.11055527763882	0.01494579568209636	0.041861903295977956
111.24362181090545	0.014915897915668526	0.04187373897636917
111.37668834417208	0.015033356381218702	0.04165334908267322
111.50975487743872	0.015235921032076426	0.041678326525942985
111.64282141070535	0.0151747203127313	0.04166230998225615
111.77588794397198	0.015138200057277283	0.04159563120820497
111.90895447723862	0.015223910143976522	0.0418126780807897
112.04202101050525	0.015315419223247086	0.04204222947469038
112.17508754377188	0.015536498996120042	0.04178636829578401
112.30815407703852	0.015670455426853233	0.04163332069269602
112.44122061030515	0.015667530828973174	0.0417477769806012
112.57428714357178	0.015629919554917583	0.04164057203136834
112.70735367683842	0.015626726102216607	0.04158739929796775
112.84042021010505	0.015512136121955239	0.04156465053779887
112.97348674337168	0.01558458571714623	0.0413800927223198
113.10655327663832	0.015594447770773822	0.04140841185406407
113.23961980990495	0.01548134880299732	0.04155162371702486
113.37268634317158	0.01546958895034435	0.041539445864208636
113.50575287643822	0.015548667577200427	0.04136767278810109
113.63881940970485	0.015701128948027027	0.04127162477724075
113.77188594297148	0.015615670931826201	0.041188572618708084
113.90495247623812	0.015568095954540397	0.04109237465206276
114.03801900950475	0.015602061312894766	0.04104351904653714
114.17108554277138	0.015651882606700668	0.04141314429711067
114.30415207603802	0.015763451773243214	0.04147486529915997
114.43721860930465	0.015685743447789634	0.041586251434968476
114.57028514257128	0.015678423322109728	0.04185172605078666
114.70335167583792	0.01581704073524049	0.0416916527430988
114.83641820910455	0.01594292929155669	0.04154260898960435
114.96948474237118	0.015910114225715342	0.04134836922621564
115.10255127563782	0.015848936411138805	0.041088242067621114
115.23561780890445	0.01579107888407912	0.041286101349772245
115.36868434217108	0.015706574131539454	0.04118321953161194
115.50175087543772	0.015691471400786076	0.040993671067952236
115.63481740870435	0.015621908815594804	0.041305989312789365
115.76788394197098	0.015467996406285555	0.04153396413269254
115.90095047523762	0.015329629563806338	0.041688632238885734
116.03401700850425	0.015291172737814456	0.041831142089762414
116.16708354177088	0.015355964371852396	0.041870092400716846
116.30015007503752	0.015482387410011825	0.04187003166791841
116.43321660830415	0.015629358077622172	0.04196829215941354
116.56628314157078	0.015683739804226608	0.041814271049149226
116.69934967483742	0.0155824267404962	0.04177641127269549
116.83241620810405	0.01556740737074367	0.04173340300202653
116.96548274137068	0.015515399913185539	0.04174141111099633
117.09854927463732	0.015620558827704648	0.04187058764361855
117.23161580790395	0.015697374580658466	0.04215078090910783
117.36468234117058	0.015608189421587646	0.04210435382875303
117.49774887443722	0.01569818412724388	0.04203853900808533
117.63081540770385	0.015521750737885105	0.042213899132346196
117.76388194097048	0.015455385240387573	0.04209241071394466
117.89694847423712	0.015532163328372983	0.04200885286170832
118.03001500750375	0.01530918576280744	0.042071982971979484
118.16308154077038	0.015255440482617774	0.04230629558636881
118.29614807403702	0.015253390502118993	0.0424452020011759
118.42921460730365	0.015302256068858437	0.04262330199634511
118.56228114057028	0.015409917365777794	0.04265329742619249
118.69534767383692	0.015454105539625305	0.042458767235784574
118.82841420710355	0.015584073926904375	0.042506889487223226
118.96148074037018	0.01564360172162616	0.04244839387000666
119.09454727363682	0.015585157594892839	0.042278046858801946
119.22761380690345	0.015577821497060294	0.042392279333773965
119.36068034017008	0.015531778954861158	0.042587250211462424
119.49374687343672	0.0154588005000887	0.04249037313462193
119.62681340670335	0.015354709819559968	0.04256162811247879
119.75987993996998	0.015452438408808764	0.04250629779285029
119.89294647323662	0.015487426661775567	0.04247549926040212
120.02601300650325	0.015496345272479745	0.04252025635568872
120.15907953976988	0.01559146877926307	0.04255611924556821
120.29214607303652	0.015473814000909877	0.04276384423883444
120.42521260630315	0.015431576629551729	0.04290630550149836
120.55827913956978	0.015366956350682495	0.04307467509496328
120.69134567283642	0.015282837664936004	0.04297286677457679
120.82441220610305	0.015212970702938809	0.04312474367746546
120.95747873936968	0.015122430856662965	0.043081514816425935
121.09054527263632	0.015154590527512727	0.043047983959136706
121.22361180590295	0.015148776904105736	0.0430485056155352
121.35667833916958	0.015219457839573675	0.04292201194875976
121.48974487243622	0.015090581239113115	0.04303186346576198
121.62281140570285	0.014904736901295368	0.04313919666858905
121.75587793896948	0.01489271449884394	0.043175568119610076
121.88894447223612	0.01492635763156838	0.04316108486271979
122.02201100550275	0.01500592868843089	0.04332175190985738
122.15507753876938	0.014947677235693973	0.043376129232112794
122.28814407203602	0.015040753680702831	0.04351155091051161
122.42121060530265	0.015033063765884293	0.04378834507917324
122.55427713856928	0.014915883961415634	0.0435690313895845
122.68734367183592	0.014843764263760445	0.04340389564588382
122.82041020510255	0.014899469795670488	0.04373451249267784
122.95347673836918	0.014992169307782736	0.043900346172311935
123.08654327163582	0.015071342177799216	0.04380442625367591
123.21960980490245	0.015136596942061877	0.04391153556487481
123.35267633816908	0.01504116641671874	0.04426062469217867
123.48574287143572	0.014894307091342979	0.04448352607380725
123.61880940470235	0.014836608225221678	0.04473686055530575
123.75187593796898	0.014688761694941117	0.04493782417952574
123.88494247123562	0.014755869549477267	0.04503095778701376
124.01800900450225	0.014852252639878367	0.044925232206255314
124.15107553776888	0.014920140131304035	0.04495438062394081
124.28414207103552	0.015020987134498537	0.04514262798890667
124.41720860430215	0.015073611420705842	0.045222670359440734
124.55027513756878	0.01518129769333379	0.04541969734755197
124.68334167083542	0.015343418818659249	0.04511749855222927
124.81640820410205	0.015440825092195744	0.044801539659769324
124.94947473736867	0.015561581354282388	0.04487314687517474
125.08254127063532	0.015570934044455656	0.04507993311746027
125.21560780390195	0.01564901664678837	0.04511380112411742
125.34867433716857	0.01569595666142868	0.044933810620228366
125.48174087043522	0.015719553475822087	0.04474963244575352
125.61480740370185	0.015759249308319602	0.044763126413896064
125.74787393696847	0.015651580334137518	0.04491130591201012
125.88094047023512	0.01560024660096423	0.044927641225497354
126.01400700350175	0.015507621817022775	0.0449524058439652
126.14707353676837	0.015330812011892184	0.045252319414106186
126.28014007003502	0.015237341180199662	0.04547676171739189
126.41320660330165	0.015229419348015886	0.045558053803633564
126.54627313656827	0.015068988064809961	0.045771535778599964
126.67933966983492	0.015021112743671227	0.04593834278228173
126.81240620310155	0.014874857812286224	0.0459826784473371
126.94547273636817	0.014753651433532168	0.04600024456593454
127.07853926963482	0.014921699146225577	0.04602026747251006
127.21160580290145	0.01496150257617319	0.045913087796715386
127.34467233616807	0.0148446530546316	0.04575197941560077
127.47773886943472	0.014852145201901973	0.045741774734440646
127.61080540270135	0.014772121704063642	0.04592626747272042
127.74387193596797	0.014724322124637175	0.04608223423918232
127.87693846923462	0.014928019320784951	0.046267012423459035
128.01000500250126	0.014963020212806334	0.04620890574353435
128.1430715357679	0.014982987793186632	0.046337073891376014
128.27613806903452	0.015152161824198035	0.04640716941260521
128.40920460230114	0.0152757967626772	0.046136691139727376
128.54227113556777	0.015123557798293856	0.04593729033386309
128.6753376688344	0.015020834375468948	0.04568763641218884
128.80840420210106	0.015197802206076222	0.04549288651533597
128.9414707353677	0.01517853034574658	0.045412275880310125
129.07453726863432	0.015036320551164998	0.0455059281394812
129.20760380190094	0.014993219534337236	0.04543557674393829
129.34067033516757	0.014889160481825484	0.045463961772676635
129.4737368684342	0.014762052797188722	0.045688785960662025
129.60680340170086	0.014799224424672611	0.04576699310772817
129.7398699349675	0.014805420152144816	0.045853080020713734
129.87293646823412	0.014742784628043694	0.045866003873659925
130.00600300150074	0.014737760802260823	0.04544633942092586
130.13906953476737	0.014748431766298132	0.045298955553322744
130.272136068034	0.014703714517854667	0.04529451986490044
130.40520260130066	0.014834048542421098	0.0454493802941442
130.5382691345673	0.014836308161454627	0.04557554729884261
130.67133566783392	0.014782903508697463	0.04543278716304413
130.80440220110054	0.014724115821970484	0.04547452114095879
130.93746873436717	0.014478883401021816	0.0454863867153137
131.0705352676338	0.014436537612945133	0.045304706665974755
131.20360180090046	0.014364133957468099	0.04513336461688464
131.3366683341671	0.014449935683225832	0.04516115380336444
131.46973486743371	0.01462482407491229	0.04511345072826218
131.60280140070034	0.014663389929793847	0.04509019117811562
131.73586793396697	0.014606695137391445	0.04517231390807231
131.8689344672336	0.014552604972041664	0.0451636735350989
132.00200100050026	0.014569995442116367	0.044977850631540146
132.1350675337669	0.014534419339406156	0.044991558288142344
132.26813406703351	0.014461416048347438	0.04502401763970782
132.40120060030014	0.014400973616268768	0.044850324528960664
132.53426713356677	0.014391666881375038	0.04482846825646664
132.6673336668334	0.014424670604181396	0.044734346128584464
132.80040020010006	0.014575917843896195	0.04468451048487805
132.93346673336669	0.014707187089014992	0.04479166352276791
133.06653326663331	0.014673790312328447	0.04477270854702809
133.19959979989994	0.014709547181466786	0.0448329430372795
133.33266633316657	0.014724577852947455	0.044940919017945245
133.4657328664332	0.014692138410292417	0.04495788844877941
133.59879939969986	0.014765684189134686	0.044984158745535185
133.73186593296649	0.014889988473663981	0.04476366521290434
133.8649324662331	0.014816609515127121	0.044614992598722314
133.99799899949974	0.014901733048070812	0.04488985215273223
134.13106553276637	0.015026283523074845	0.04497194186077941
134.264132066033	0.015088497638272204	0.04480774159106465
134.39719859929966	0.01527191905299338	0.044767246310959734
134.53026513256629	0.015381207642322156	0.04444899696558495
134.6633316658329	0.015496752440401367	0.04423395872804673
134.79639819909954	0.015589859661846497	0.04463826935902997
134.92946473236617	0.015702446536445258	0.044758408869326825
135.0625312656328	0.015746141525236332	0.04448988833973213
135.19559779889946	0.015796420188829027	0.04448826741500208
135.32866433216608	0.015819375422836283	0.044552670064230235
135.4617308654327	0.01588239537330403	0.044456902760808055
135.59479739869934	0.015935726773189662	0.04455926689780764
135.72786393196597	0.015899309716522172	0.0446960881993067
135.8609304652326	0.015711253935351357	0.04459080929757907
135.99399699849926	0.015444403510526514	0.04458021558481905
136.12706353176588	0.015354662744420705	0.044447372694101095
136.2601300650325	0.015311010627606213	0.04440909073779668
136.39319659829914	0.01538412065619355	0.04436266687238674
136.52626313156577	0.015454214394895461	0.04422845451156489
136.65932966483243	0.015487558660393802	0.04417877274348784
136.79239619809906	0.015562967843440143	0.04410498916521337
136.92546273136568	0.015615687987608819	0.04421463221362501
137.0585292646323	0.015583315297870744	0.04420884093855535
137.19159579789894	0.015609427099756804	0.04410636810362713
137.32466233116557	0.015597798850953578	0.04410803415981195
137.45772886443223	0.015543210252359418	0.044446664640055776
137.59079539769886	0.015602705100271189	0.04454036274735232
137.72386193096548	0.015586336800163155	0.04437759815377246
137.8569284642321	0.015359633242899491	0.0445067360126803
137.98999499749874	0.015272300928003031	0.04464271457168469
138.12306153076537	0.015428695271408551	0.04419287862106927
138.25612806403203	0.015428512057116739	0.04402167533575838
138.38919459729865	0.015403413015500399	0.04418154088162032
138.52226113056528	0.01546408170505795	0.04407063333716258
138.6553276638319	0.015415890335483498	0.04423352189747096
138.78839419709854	0.015346843770475703	0.04448983244660189
138.92146073036517	0.015288840061161718	0.04449603319640083
139.05452726363183	0.015341293817920609	0.04449033566298588
139.18759379689845	0.01538238643227866	0.04461637230626733
139.32066033016508	0.015341555070724718	0.044594706469172046
139.4537268634317	0.015434022304548973	0.044310882219632974
139.58679339669834	0.01549337850443493	0.04411995471601479
139.71985992996497	0.01554622924370494	0.04426064984055329
139.85292646323163	0.0154515068162959	0.04454910716836705
139.98599299649825	0.015304460970331446	0.044656376339590395
140.11905952976488	0.015313334953953017	0.04463167391428704
140.2521260630315	0.015435122026190221	0.04450151591334008
140.38519259629814	0.015515368032041442	0.044551016118115655
140.51825912956477	0.01542469725599613	0.04463815479973526
140.65132566283143	0.015315867734283532	0.044650338598894515
140.78439219609805	0.015186402343497742	0.044502249614460386
140.91745872936468	0.015174680871906817	0.044344599097095296
141.0505252626313	0.015241596966433646	0.04439497290638612
141.18359179589794	0.01538589474621577	0.04430274973768661
141.31665832916457	0.015531198405314361	0.04431431672157639
141.44972486243122	0.015405254189248518	0.04446479395459701
141.58279139569785	0.015398219836670097	0.04454168556465154
141.71585792896448	0.015452432010481373	0.04437463942651938
141.8489244622311	0.015392020162758117	0.04458440866400618
141.98199099549774	0.015329454330265516	0.044806116559046094
142.11505752876437	0.01540463480058066	0.044882977222523504
142.24812406203102	0.015515809600908223	0.04499165510414722
142.38119059529765	0.015636918634417473	0.04496403213714374
142.51425712856428	0.015618143968114662	0.04498846229966264
142.6473236618309	0.01555030573602974	0.04492043848083216
142.78039019509754	0.015626554440623577	0.04541248543950816
142.91345672836417	0.015539897704507416	0.04567853343431569
143.04652326163082	0.01539102798104585	0.04572074151993592
143.17958979489745	0.015307461531701427	0.04592490384569788
143.31265632816408	0.015272332617138616	0.04607802685920969
143.4457228614307	0.01531106738022151	0.0460364042941892
143.57878939469734	0.015314970687493393	0.046027635607954975
143.71185592796397	0.015321425099288022	0.0460193982133067
143.84492246123062	0.015373157503169236	0.04603193060147477
143.97798899449725	0.015331097000452152	0.046191442763026905
144.11105552776388	0.01522638173648806	0.046299080917286496
144.2441220610305	0.015092072941519664	0.04636949396806124
144.37718859429714	0.015025518440320143	0.04634257546098202
144.51025512756377	0.015146766828126561	0.0462334627635158
144.64332166083042	0.015253135840005965	0.04609916036661133
144.77638819409705	0.0152703129036506	0.04620807091164524
144.90945472736368	0.0153860766994685	0.04613262423750694
145.0425212606303	0.01542305847995588	0.04583713514245298
145.17558779389694	0.015313633524653645	0.04570764868187706
145.30865432716357	0.015448724818261532	0.0457951340401729
145.44172086043022	0.015566274115610373	0.046091872548095734
145.57478739369685	0.015554471947692368	0.0463212828955846
145.70785392696348	0.015490314180588494	0.04646345156417739
145.8409204602301	0.015510414041247757	0.046685415538954035
145.97398699349674	0.01568320663389932	0.046740617225927775
146.10705352676337	0.01573075635376558	0.046547002124766625
146.24012006003002	0.015838187088130912	0.046422670783153354
146.37318659329665	0.016067973446638576	0.046265759758384296
146.50625312656328	0.01603436263718461	0.04614806346940974
146.6393196598299	0.016049107189621888	0.0461576603910348
146.77238619309654	0.015982532992395042	0.04600508918680808
146.90545272636317	0.015929543722906492	0.04621295049340886
147.03851925962982	0.015930556210953677	0.04646355000431228
147.17158579289645	0.015873148573009446	0.04646067365037012
147.30465232616308	0.015946478447816322	0.0466855434592413
147.4377188594297	0.01589026637412278	0.046694749676932906
147.57078539269634	0.016067519973062484	0.04681666014634097
147.70385192596297	0.015996609585982226	0.0471590952509893
147.83691845922962	0.01579810177328838	0.04713177874831749
147.96998499249625	0.01594223340487867	0.04695873970348152
148.10305152576288	0.015826597008097583	0.046866112205503525
148.2361180590295	0.015612461635591072	0.046913726630374485
148.36918459229614	0.015611076687188844	0.04676931125356851
148.50225112556276	0.015652061280082796	0.04639840426132434
148.63531765882942	0.015585826826855043	0.046170035255782525
148.76838419209605	0.01563161280423656	0.04639553227084812
148.90145072536268	0.015768866484068587	0.046448436746032315
149.0345172586293	0.015878330690651216	0.04636269490639584
149.16758379189594	0.015874014965179064	0.04657465059668818
149.30065032516256	0.01590794773324371	0.04655864814341417
149.43371685842922	0.016018036142551498	0.04646682188826216
149.56678339169585	0.01594995829358928	0.0463612600628366
149.69984992496248	0.01590282682058381	0.046507961897346274
149.8329164582291	0.01602456466631891	0.04634075871451239
149.96598299149574	0.015939412410380195	0.046250957506902377
150.09904952476236	0.01592941575764659	0.04652703321642359
150.23211605802902	0.01590164689127378	0.04669927711727859
150.36518259129565	0.01575235216077635	0.046492175410098806
150.49824912456228	0.015871731771799916	0.04638358394820821
150.6313156578289	0.01596620161684496	0.04649731503064351
150.76438219109554	0.01592593339865825	0.04619525629057966
150.89744872436216	0.015942101092039317	0.04574917077499161
151.03051525762882	0.01591660784577596	0.04581438250364149
151.16358179089545	0.0158471007346582	0.04589322432142331
151.29664832416208	0.015925845790023284	0.04596263814883611
151.4297148574287	0.015869408978019264	0.046062047577270414
151.56278139069533	0.01583864553549266	0.04606217143773788
151.69584792396196	0.015792503018514266	0.04612334094232181
151.82891445722862	0.015692567785469964	0.04616146833012521
151.96198099049525	0.015734755553527154	0.04665557140769287
152.09504752376188	0.01573234660802577	0.04673755846884657
152.2281140570285	0.015747979949259788	0.04661659674880743
152.36118059029513	0.015682452160510296	0.04661669842758883
152.49424712356176	0.015632942283175542	0.04655547487785757
152.62731365682842	0.015507827035735739	0.04675613093356002
152.76038019009505	0.015439131151092736	0.04660673245651781
152.89344672336168	0.015435212167025742	0.04642311625555056
153.0265132566283	0.015337254031800515	0.046260768755392326
153.15957978989493	0.015271307327062781	0.04610986906718959
153.2926463231616	0.015181144133311248	0.04583274732407455
153.42571285642822	0.015332239164963152	0.04585281190712439
153.55877938969485	0.015379787445618125	0.045904957785834095
153.69184592296148	0.015331217905464552	0.045617963402119294
153.8249124562281	0.015319249050216036	0.045483677716923035
153.95797898949473	0.015164737503477969	0.045278508574668384
154.0910455227614	0.015257328272935865	0.045334739323205184
154.22411205602802	0.015388814055647735	0.04531102487373984
154.35717858929465	0.015418609215501746	0.0450634316432512
154.49024512256128	0.01534064993423218	0.04513195696880496
154.6233116558279	0.01527070378461002	0.04524324789830627
154.75637818909453	0.015469034154408253	0.045169883736517896
154.8894447223612	0.015454911349355553	0.045148186074287125
155.02251125562782	0.015422649767803456	0.04524560976525681
155.15557778889445	0.015534904799707233	0.04534901519053636
155.28864432216108	0.01554577961383089	0.04531758383439052
155.4217108554277	0.015588289868392618	0.045209708733303475
155.55477738869433	0.015812931087948987	0.04498025539707744
155.687843921961	0.015937912420161	0.04489031059591994
155.82091045522762	0.01599639460010876	0.044910789374689536
155.95397698849425	0.015965919075079715	0.0447987938726152
156.08704352176088	0.01601225588274041	0.04485540390488413
156.2201100550275	0.016023741001072914	0.04485206421222154
156.35317658829413	0.015818873084683587	0.04489441187925044
156.4862431215608	0.015801881053588585	0.04491188539412037
156.61930965482742	0.01582511141309387	0.04494794308413244
156.75237618809405	0.015843422222374056	0.04486227822387722
156.88544272136068	0.01582800771608647	0.044852194965182605
157.0185092546273	0.015858466787500882	0.04475290692642338
157.15157578789393	0.015931133174982924	0.044519642814663855
157.2846423211606	0.015892457009306787	0.044703413006510456
157.41770885442722	0.015913041873403023	0.04461070506283696
157.55077538769385	0.016070659654008695	0.04441853987941489
157.68384192096048	0.016047401013931782	0.04444592059901507
157.8169084542271	0.01605324650118302	0.044746242014555355
157.94997498749373	0.016038567955733544	0.044676966362636114
158.0830415207604	0.016057720132419982	0.04462317484434041
158.21610805402702	0.01612264836533571	0.04488138338823224
158.34917458729365	0.01614690329257568	0.045168390866610335
158.48224112056027	0.016274223324365653	0.04520248501250011
158.6153076538269	0.016061428222291285	0.04480683332277068
158.74837418709353	0.016062131122423332	0.04464581924740062
158.8814407203602	0.016017628164492096	0.04467609118118485
159.01450725362682	0.016035095556347374	0.044718046467118855
159.14757378689345	0.016229536345225642	0.045019659689793344
159.28064032016007	0.015996592513309534	0.04517005907181605
159.4137068534267	0.01585185113862597	0.045004182033564204
159.54677338669333	0.015807875948673077	0.045111926196472765
159.67983991996	0.015867266842728014	0.045440269596388756
159.81290645322662	0.015936544376503804	0.04570805027072121
159.94597298649325	0.015926193935054695	0.04551637954665835
160.07903951975987	0.015902036927063583	0.04515357826984398
160.2121060530265	0.015946966385434306	0.04518348690111008
160.34517258629313	0.015850856415008923	0.04527402046992929
160.4782391195598	0.015902070705353856	0.04497592749602146
160.61130565282642	0.015960036143863876	0.04484189070787576
160.74437218609305	0.01590363005366982	0.045046166820397145
160.87743871935967	0.01589961328290702	0.0449839370182067
161.0105052526263	0.01591457112502054	0.045124923649832685
161.14357178589293	0.01582291243297277	0.0454163534433672
161.2766383191596	0.01563595056100223	0.04564205745914943
161.40970485242622	0.015598884043320473	0.04584009871984023
161.54277138569284	0.015716664198191545	0.04594542055457939
161.67583791895947	0.015834734574816038	0.04572007856697225
161.8089044522261	0.015867768490709887	0.045452795607072556
161.94197098549273	0.015950497279301718	0.045247638400906814
162.0750375187594	0.016207030915158575	0.0453655074473435
162.20810405202602	0.016249634064824003	0.045302045024753324
162.34117058529264	0.016027330738200524	0.04510676803270226
162.47423711855927	0.01606890704604425	0.04516481168065427
162.6073036518259	0.01609367532130878	0.04514256794059662
162.74037018509253	0.01585458592854824	0.0449242941960272
162.8734367183592	0.015819360937238812	0.04490097288062892
163.00650325162582	0.01596250072156537	0.04462765876744517
163.13956978489244	0.015887653338455085	0.044432157512304865
163.27263631815907	0.01582964940392792	0.04462436938929342
163.4057028514257	0.015802688525825944	0.04457442484979604
163.53876938469233	0.015742885185385667	0.0448301335199801
163.671835917959	0.01588882732813181	0.044914310056182925
163.80490245122562	0.015927163261390497	0.04487942306221754
163.93796898449224	0.015813764202332933	0.044817641931018906
164.07103551775887	0.01568816097810989	0.04506030183157228
164.2041020510255	0.015683372124518317	0.04502272992552156
164.33716858429213	0.01580884996800436	0.04485666037555588
164.4702351175588	0.016034011661868904	0.04493441539064919
164.60330165082541	0.016214812736966646	0.0447114373376906
164.73636818409204	0.016223096535865792	0.04468691855634308
164.86943471735867	0.0162328488442954	0.044919786262171024
165.0025012506253	0.01640499238572018	0.04496137784176454
165.13556778389193	0.01653373429924412	0.045118418260536454
165.2686343171586	0.016439158500752653	0.04515910050362263
165.40170085042521	0.01625697326713405	0.0451949797070784
165.53476738369184	0.01620855034562844	0.04517597161470854
165.66783391695847	0.016392906520772743	0.04492825833729484
165.8009004502251	0.01633947887093902	0.04480765263581629
165.93396698349173	0.01609340601765878	0.044816091838332954
166.06703351675839	0.01607667826060291	0.04508449028869463
166.20010005002501	0.01589003985612809	0.04528109444929028
166.33316658329164	0.015757692548411223	0.04532866192667323
166.46623311655827	0.015749019255128057	0.04530720946437723
166.5992996498249	0.015590547574657408	0.0453089444895919
166.73236618309153	0.015569875092496467	0.04517106147029145
166.86543271635819	0.015574173033021738	0.04505120890724749
166.9984992496248	0.015500436669140619	0.045142196338263316
167.13156578289144	0.015254064487409083	0.045107418707592536
167.26463231615807	0.01518049422235066	0.04508145040251114
167.3976988494247	0.015332746661283599	0.04517819205013662
167.53076538269133	0.01528769502488903	0.04510567487935635
167.66383191595799	0.015303330266250421	0.04499970944328788
167.7968984492246	0.015291858677080881	0.0449577238542851
167.92996498249124	0.015349503386157313	0.04503272047551203
168.06303151575787	0.015290941034844668	0.04529741043654555
168.1960980490245	0.015236893498201409	0.04533616168135424
168.32916458229113	0.015287497164944458	0.04547616319821204
168.46223111555778	0.015355111842638571	0.045486204861459725
168.5952976488244	0.01545251248489626	0.045592258852560394
168.72836418209104	0.015405659352695788	0.04545623824655781
168.86143071535767	0.015365823462641166	0.045270207058741456
168.9944972486243	0.01546381338665491	0.04513919193581979
169.12756378189093	0.015433141287278873	0.045028105944391564
169.26063031515758	0.01534736564992659	0.04516612422337005
169.3936968484242	0.015186535886124362	0.04545810126635838
169.52676338169084	0.015309813537709452	0.04525235226179867
169.65982991495747	0.015296169189684931	0.04516958184951809
169.7928964482241	0.015247215180392501	0.0452418753248885
169.92596298149073	0.01521271556673313	0.04534129314381351
170.05902951475738	0.01525076496053854	0.04543647263107871
170.192096048024	0.015362817682454896	0.045083287704598525
170.32516258129064	0.015245596769998707	0.045281114321791424
170.45822911455727	0.015316361200039222	0.04515982379353448
170.5912956478239	0.015566628424344565	0.04501265106827172
170.72436218109056	0.015628981198162865	0.045197154282877954
170.85742871435718	0.015717441486705046	0.04525379602408307
170.9904952476238	0.015949042444813367	0.045310534634982344
171.12356178089044	0.016163268030562356	0.04514562876041185
171.25662831415707	0.01627366276919519	0.04494471034270706
171.3896948474237	0.01647220581265055	0.04488995613892816
171.52276138069035	0.016591493422845455	0.04480020242902544
171.65582791395698	0.016576420054332863	0.04448670362217357
171.7888944472236	0.016548973422365568	0.04427895429839658
171.92196098049024	0.016561794532801426	0.04485300061182004
172.05502751375687	0.016659685596667376	0.044998996186138986
172.1880940470235	0.016644102026975423	0.044724858968385094
172.32116058029015	0.01668853462033385	0.04471556583795281
172.45422711355678	0.016740592272853603	0.044878774840417926
172.5872936468234	0.01688796303319205	0.04491145022345711
172.72036018009004	0.016934475999693163	0.045099916590796894
172.85342671335667	0.01674146359177997	0.04487468623051997
172.9864932466233	0.01683907815662592	0.04482822811264592
173.11955977988995	0.016749029445142602	0.04489294727335821
173.25262631315658	0.016582862458578772	0.04514832439557603
173.3856928464232	0.01651871943990614	0.045459126983231526
173.51875937968984	0.016516050151035213	0.045617089901372476
173.65182591295647	0.01659848292134561	0.04574774092179882
173.7848924462231	0.01647087142698368	0.04573756682056978
173.91795897948975	0.016398535353821506	0.04601177549773942
174.05102551275638	0.0164017870923493	0.04589152789261867
174.184092046023	0.016246776842527733	0.04600457976832514
174.31715857928964	0.016039931892260835	0.04608779028613371
174.45022511255627	0.01605815952657994	0.045970504197543484
174.5832916458229	0.016040187578367854	0.0460352350364716
174.71635817908955	0.016011189455049257	0.045991221948591364
174.84942471235618	0.015984941242683508	0.04596119887985512
174.9824912456228	0.015964870041033603	0.04614204579832965
175.11555777888944	0.01596501323334999	0.04634630783672387
175.24862431215607	0.01589431888508241	0.04639296635240242
175.3816908454227	0.016026247047977487	0.046550292870995
175.51475737868935	0.016055809510697617	0.04635883726026453
175.64782391195598	0.01594977058460653	0.046434816007020874
175.7808904452226	0.01587937178295722	0.04666576133974826
175.91395697848924	0.015831142320739355	0.046511471864937155
176.04702351175587	0.015897932766689556	0.046659103292296604
176.1800900450225	0.016025815244542295	0.0469110935771474
176.31315657828915	0.015877713338107117	0.046900946480188055
176.44622311155578	0.016040681044609054	0.04667280257648244
176.5792896448224	0.016060060348502166	0.0465665950060511
176.71235617808904	0.015823042398909873	0.04669098740785828
176.84542271135567	0.015832734325759462	0.04640802788489921
176.9784892446223	0.015960364880376214	0.046275461012961684
177.11155577788895	0.015922633775233563	0.04634764362285831
177.24462231115558	0.016046578317138037	0.0465206557572749
177.3776888444222	0.01610343493164074	0.04669408832357962
177.51075537768884	0.016177224228127084	0.04656166575591525
177.64382191095547	0.016193755917649422	0.04629377963007506
177.7768884442221	0.016044065758781263	0.046245833682363374
177.90995497748875	0.016263610916293324	0.046173022080191306
178.04302151075538	0.016310077916658665	0.04611522317832811
178.176088044022	0.01633590018947841	0.04611765283525466
178.30915457728864	0.016349139808403027	0.04644218903592587
178.44222111055527	0.016427190613358535	0.046348694277192175
178.5752876438219	0.01654228834447701	0.046091663960918024
178.70835417708855	0.016622617903262353	0.046027314553723754
178.84142071035518	0.016602644858183722	0.045802436489611846
178.9744872436218	0.016611804723187	0.04561882416420113
179.10755377688844	0.016666997583157775	0.0457309766735106
179.24062031015507	0.01671337516866056	0.04582604922082903
179.3736868434217	0.016966793942746763	0.04605935812414157
179.50675337668835	0.01712815159564306	0.04615237239331979
179.63981990995498	0.01718429759699549	0.046118865389027736
179.7728864432216	0.01714244220600946	0.04596079028528424
179.90595297648824	0.01724782084376129	0.0459076806320769
180.03901950975487	0.017304499317959236	0.04576449135758676
180.1720860430215	0.017198013584133632	0.04585910056535095
180.30515257628815	0.017111768445313806	0.04596402903780564
180.43821910955478	0.016978481854421634	0.04560039051227357
180.5712856428214	0.017043631114309673	0.0454941740697908
180.70435217608804	0.016918317642939613	0.045693752664514586
180.83741870935467	0.016863069942312695	0.04563072077774735
180.9704852426213	0.016940811748390322	0.04556625204106905
181.10355177588795	0.01679579749169529	0.045730127382375446
181.23661830915458	0.016743896348311242	0.04567415733934354
181.3696848424212	0.016924205304021958	0.04546671739589651
181.50275137568784	0.016970146882556793	0.04523518084512108
181.63581790895446	0.017117145535707128	0.044800898895611174
181.7688844422211	0.017035862170203274	0.0447915037394642
181.90195097548775	0.017155687954769638	0.04487239875680322
182.03501750875438	0.017250369922856217	0.04506461829007982
182.168084042021	0.017217323188652833	0.04515218401557017
182.30115057528764	0.017170233259602288	0.044909026305064374
182.43421710855426	0.017196122603484985	0.044995878912297484
182.5672836418209	0.01706412363646895	0.04511958411674342
182.70035017508755	0.016998964334978904	0.0449572089912092
182.83341670835418	0.01714765106167422	0.044582534827911746
182.9664832416208	0.01733142982530267	0.044722147109308386
183.09954977488744	0.01735661304544633	0.044770531079838756
183.23261630815406	0.017173959862146305	0.04466334667964889
183.3656828414207	0.016818529496974093	0.044629591083551245
183.49874937468735	0.016628548125487964	0.04478541387553042
183.63181590795398	0.01671370592128598	0.04478707108710378
183.7648824412206	0.016867077223182446	0.0446614227059004
183.89794897448724	0.01681583143006126	0.0446824674135949
184.03101550775386	0.01694646577515684	0.044696065522804675
184.1640820410205	0.017160653284417543	0.04485607829508678
184.29714857428715	0.01704991513056451	0.044974383954107494
184.43021510755378	0.01690616826503132	0.04501296030161051
184.5632816408204	0.01681579155049166	0.04504295536708292
184.69634817408703	0.016992151061803632	0.04495040029800508
184.82941470735366	0.016930957751014507	0.045016746451466624
184.9624812406203	0.01687219604456891	0.0450399562792032
185.09554777388695	0.016824828783803668	0.0450411111012499
185.22861430715358	0.016848984844849747	0.04504799113023707
185.3616808404202	0.01677881638891319	0.045035304257991834
185.49474737368683	0.016727925280559473	0.044646812790560604
185.62781390695346	0.016646813488272967	0.04491046446914995
185.7608804402201	0.016419807215212006	0.04481673319208274
185.89394697348675	0.016215155830852927	0.044904931502011435
186.02701350675338	0.016220761071482775	0.04502531634663533
186.16008004002	0.016337156337835636	0.044764239824082605
186.29314657328663	0.016283909683572188	0.04478598568736042
186.42621310655326	0.016261282289303753	0.04499667482659932
186.5592796398199	0.016316287966727322	0.04524110660979992
186.69234617308655	0.01633498575234829	0.044922421875924094
186.82541270635318	0.016531864897302836	0.0448047911738268
186.9584792396198	0.016612460576666745	0.04490249539248022
187.09154577288643	0.016648945746102477	0.04498437437636803
187.22461230615306	0.016608480016891865	0.04516107971334172
187.3576788394197	0.01659035766036928	0.04538930207392746
187.49074537268635	0.01655898538211678	0.04555717467247921
187.62381190595298	0.01669202339410497	0.045726960983587556
187.7568784392196	0.01690870649509811	0.0457656841884461
187.88994497248623	0.016809564804255564	0.04592237953524031
188.02301150575286	0.0166374267077521	0.04617299793090102
188.15607803901952	0.016566904855726337	0.046252031797015654
188.28914457228615	0.016466707264800456	0.04597451115484275
188.42221110555278	0.016387519832395402	0.046105229938437575
188.5552776388194	0.01644070210544322	0.04619657404477806
188.68834417208603	0.016450215208033882	0.04648675781015156
188.82141070535266	0.01652598026597927	0.046722332615804316
188.95447723861932	0.01649151879290205	0.04676134929080918
189.08754377188595	0.016276271396071757	0.04696818232218569
189.22061030515258	0.01636225833729808	0.04706393442693276
189.3536768384192	0.01631915436890768	0.04734104954771789
189.48674337168583	0.016539345700598767	0.04714511746005998
189.61980990495246	0.01657461249023141	0.046889516520423134
189.75287643821912	0.016593461697933166	0.04705979010609156
189.88594297148575	0.01670359150481883	0.04696952399605884
190.01900950475238	0.016739983094087446	0.04685999173780809
190.152076038019	0.016626180439392086	0.04673782296350225
190.28514257128563	0.016682851566486447	0.046617172849789654
190.41820910455226	0.016622048616662284	0.046716364629065255
190.55127563781892	0.016596788728837686	0.046778181459713346
190.68434217108555	0.016607673095840866	0.04665860259661898
190.81740870435218	0.016519475519788912	0.04671364806851853
190.9504752376188	0.016499223927449742	0.04665792704705222
191.08354177088543	0.01648077883897377	0.04650049463518549
191.21660830415206	0.016517904661360674	0.04680457002100578
191.34967483741872	0.016614870830206924	0.046703339615582457
191.48274137068535	0.016649816588927155	0.046483516732582386
191.61580790395197	0.016680695173709185	0.04672597025129086
191.7488744372186	0.01661523123431566	0.046843992499002285
191.88194097048523	0.016555804671815194	0.04688987494950003
192.01500750375186	0.01652236377816091	0.04691441383282023
192.14807403701852	0.016699897036924267	0.046766324546800034
192.28114057028515	0.01670674346601567	0.04675796197170595
192.41420710355177	0.016522607650840473	0.04694377252756545
192.5472736368184	0.016554440857541014	0.04709029371264673
192.68034017008503	0.016636125474553773	0.04699508769992722
192.81340670335166	0.01659377730285629	0.04705302902758761
192.94647323661832	0.016628689196614727	0.04710582583232339
193.07953976988495	0.01657022077702515	0.04716001235873928
193.21260630315157	0.016519409611857314	0.047151343984565136
193.3456728364182	0.01639513360170604	0.046964740379166696
193.47873936968483	0.016398643842785443	0.047105807664618575
193.61180590295146	0.016527448186721635	0.0471315239085322
193.74487243621812	0.016529416377010733	0.047241670117343905
193.87793896948475	0.016558769820312406	0.04701635441787739
194.01100550275137	0.01668127890634681	0.04688652090064105
194.144072036018	0.016693484973385516	0.046835215053050994
194.27713856928463	0.016785002774494562	0.04684455851580761
194.41020510255126	0.016801504691392643	0.046763776331676714
194.54327163581792	0.01677298086521506	0.046701154482854806
194.67633816908454	0.016731616271602336	0.04661987281528721
194.80940470235117	0.016738395637373244	0.0466058130749607
194.9424712356178	0.01689569266630829	0.04666640975111253
195.07553776888443	0.01703235165782518	0.04664926175976497
195.20860430215106	0.017104521898021027	0.046947282750995765
195.34167083541772	0.01717564146392542	0.04685497462087417
195.47473736868434	0.017343087284928047	0.04666640741285336
195.60780390195097	0.017446744697525423	0.04645279408727211
195.7408704352176	0.0174446474523916	0.04666845949817468
195.87393696848423	0.017366309496916612	0.04684316525577975
196.00700350175086	0.017291023937592298	0.046993644305504095
196.14007003501752	0.01722939826471683	0.04694919958014823
196.27313656828414	0.017143005649180545	0.04669806398750981
196.40620310155077	0.01707958993814357	0.04659594996010607
196.5392696348174	0.0170942412147253	0.04678046401046496
196.67233616808403	0.017092370436973457	0.04682360714673313
196.80540270135066	0.017163093321181964	0.04687860162826908
196.93846923461732	0.017205558985025005	0.04680754158481594
197.07153576788394	0.0171000088879026	0.04659021880023193
197.20460230115057	0.01721212548744829	0.046386059932598936
197.3376688344172	0.017138500351228554	0.046199994926974415
197.47073536768383	0.01725212335168132	0.04626714403473843
197.60380190095046	0.017452442180788053	0.046702682808252835
197.73686843421712	0.017475856805136063	0.04668692609069216
197.86993496748374	0.01731988573041087	0.04620491482457059
198.00300150075037	0.01705124504756912	0.04607315927164963
198.136068034017	0.01702679758597902	0.046243024285552034
198.26913456728363	0.017140915692040015	0.04608196235827136
198.40220110055026	0.017376830092623974	0.04597197660291657
198.53526763381691	0.017493227602778567	0.04585398709933963
198.66833416708354	0.017529573784308	0.0458371249836665
198.80140070035017	0.017715825928565864	0.045958351991818726
198.9344672336168	0.017637396023745148	0.04571412713959002
199.06753376688343	0.01735104694391052	0.04592406613273047
199.20060030015006	0.017384893940118898	0.04586740960081736
199.33366683341671	0.01737722432198735	0.04605035040149989
199.46673336668334	0.017375348546793262	0.04605706773669141
199.59979989994997	0.017242699761846243	0.04589478638913072
199.7328664332166	0.017214364662719004	0.045953487929149404
199.86593296648323	0.017277051232216182	0.045838958242532715
199.99899949974986	0.017375764774489398	0.045616706512130976
200.1320660330165	0.01734129026075052	0.04535990542479039
200.26513256628314	0.017275634770936122	0.04509865276691507
200.39819909954977	0.017128970441672216	0.04481517423502324
200.5312656328164	0.016936937788813847	0.04487654302318016
200.66433216608303	0.01697583787270213	0.04510934878718282
200.79739869934966	0.016915888452322128	0.045109227401008055
200.9304652326163	0.01677370032126352	0.044969829672781694
201.06353176588294	0.01669698269234922	0.04520400680282728
201.19659829914957	0.016938782579785285	0.045339737846583024
201.3296648324162	0.01710501836341459	0.04553120425644249
201.46273136568283	0.01701375698226117	0.045765128723833516
201.59579789894946	0.0169637156409506	0.045520775159393026
201.7288644322161	0.016987853645567687	0.045291695318585574
201.86193096548274	0.017139450382587584	0.04575156442102142
201.99499749874937	0.017293744946736054	0.04612332099356816
202.128064032016	0.017224702206446365	0.04604444466496208
202.26113056528263	0.017226972290617006	0.045888584353708704
202.39419709854926	0.01702700638813009	0.045706905354579636
202.5272636318159	0.017023776029007304	0.04576650531348963
202.66033016508254	0.016932594086170535	0.04565095544979094
202.79339669834917	0.016857978812087497	0.04525808595646399
202.9264632316158	0.016639390409466374	0.04555722429477049
203.05952976488243	0.016381538847460034	0.04549475863602712
203.19259629814906	0.016281802892314665	0.045517090599017825
203.3256628314157	0.016150219414676512	0.04543877726525722
203.45872936468234	0.016269493955285264	0.045407233892085765
203.59179589794897	0.01629450636617357	0.0455009959987213
203.7248624312156	0.0164471963072576	0.04572625784643006
203.85792896448223	0.016592845067176207	0.046039924100841255
203.99099549774886	0.016500807417427515	0.04598374745027999
204.1240620310155	0.01648668104470283	0.04603261669986138
204.25712856428214	0.01652660938884679	0.046308474868794115
204.39019509754877	0.016451972333489853	0.046404129146379876
204.5232616308154	0.016259292699821563	0.046365600263458685
204.65632816408203	0.016265168939383755	0.04611995419147385
204.78939469734868	0.01626566305764073	0.0456762555063279
204.9224612306153	0.016233300021609897	0.04555811582737277
205.05552776388194	0.01609710145468049	0.04568613267528885
205.18859429714857	0.016119546747506288	0.045710795900458116
205.3216608304152	0.016039080695937697	0.04530395260607604
205.45472736368183	0.015984105436195387	0.04551878769319599
205.58779389694848	0.015869134507442255	0.04530516494644366
205.7208604302151	0.015961825069888767	0.045190660935299325
205.85392696348174	0.016135151420428553	0.04481487648406383
205.98699349674837	0.01594708889173454	0.044595811448173074
206.120060030015	0.016055583042873002	0.0445144023491654
206.25312656328163	0.015959336065578176	0.044474427248436844
206.38619309654828	0.01596390306852567	0.044514097733152486
206.5192596298149	0.01604516557544272	0.04483030167460489
206.65232616308154	0.01611176982078734	0.04477954219399731
206.78539269634817	0.01613179857662624	0.04475646831107645
206.9184592296148	0.016062779484406726	0.045018251203882385
207.05152576288143	0.01592590409129427	0.0448553581519714
207.18459229614808	0.015856461017155713	0.0451872421252047
207.3176588294147	0.015753794367987118	0.04538711369307754
207.45072536268134	0.01598120309426724	0.04503879233434496
207.58379189594797	0.01590399074407501	0.045000518564417995
207.7168584292146	0.01597208748103726	0.0448935674946585
207.84992496248123	0.015906021580848678	0.04492909420700772
207.98299149574788	0.01590310942051388	0.044855000644391074
208.1160580290145	0.015994642132208116	0.044848827572284033
208.24912456228114	0.016072208696993464	0.04516105989307744
208.38219109554777	0.016054925459674192	0.04533266148643414
208.5152576288144	0.01593446857869253	0.04531395011850296
208.64832416208102	0.01580456881214056	0.04520682741654423
208.78139069534768	0.015795089178517255	0.045319858360491995
208.9144572286143	0.015734886626005924	0.045400527916796836
209.04752376188094	0.0157776093893087	0.0450855194078936
209.18059029514757	0.015958440531188344	0.045166840672828626
209.3136568284142	0.015875137928884828	0.04495116488278149
209.44672336168082	0.015937482752883692	0.04454078816119696
209.57978989494748	0.01601736688681114	0.04449835459067941
209.7128564282141	0.01597234868110835	0.0445618063284364
209.84592296148074	0.016006033474391855	0.044530315044751
209.97898949474737	0.01597356658151007	0.04449271009372251
210.112056028014	0.015809097407841918	0.04453651437365648
210.24512256128062	0.015641228356113816	0.04452671440284038
210.37818909454728	0.015541748042699232	0.04464247978711454
210.5112556278139	0.015503614922127883	0.04436970998779767
210.64432216108054	0.015743664816149795	0.04439646585871402
210.77738869434717	0.01601556606706781	0.044593618595437146
210.9104552276138	0.015953617871346592	0.044384243450301265
211.04352176088042	0.015691857645456966	0.04434783538715206
211.17658829414708	0.015677444753389055	0.04436775944370799
211.3096548274137	0.015809869471272265	0.04430478168584216
211.44272136068034	0.01590316517812266	0.043952566441445594
211.57578789394697	0.01584356895156179	0.044125267761976124
211.7088544272136	0.015875340474040333	0.04444762520399279
211.84192096048022	0.01582831302690661	0.04465239935189494
211.97498749374688	0.01579770664205847	0.04468683261267625
212.1080540270135	0.015747872702866195	0.04483447990164593
212.24112056028014	0.015805704950078495	0.045170699926011054
212.37418709354677	0.015788374037592725	0.0453079177373594
212.5072536268134	0.015885350738487538	0.045174220696222483
212.64032016008002	0.015885190887449784	0.04520775882039747
212.77338669334668	0.015927113855258003	0.045047572519963205
212.9064532266133	0.016019748351281306	0.04492918019481284
213.03951975987994	0.01608922003314842	0.044878554563193986
213.17258629314657	0.016166509490251023	0.045134656245143
213.3056528264132	0.016293607903871105	0.04555189993478831
213.43871935967982	0.016232012989030594	0.04525244069550749
213.57178589294648	0.016191876432242482	0.04517010483982569
213.7048524262131	0.016158601677365506	0.04514362633295446
213.83791895947974	0.016102868499629167	0.04518378185433543
213.97098549274637	0.01613941892115041	0.0450970956766654
214.104052026013	0.016130616086954853	0.0452455781010214
214.23711855927962	0.01609612941404717	0.04547346213690709
214.37018509254628	0.015980090666759657	0.04586848195450326
214.5032516258129	0.015995538893698428	0.04584152605534662
214.63631815907954	0.015866873306903475	0.0457425060262889
214.76938469234616	0.015766789843225222	0.04587332162145453
214.9024512256128	0.015618906833241408	0.0456549342800782
215.03551775887942	0.015572460513514132	0.04558376620030239
215.16858429214608	0.01571748460714469	0.04586967357111628
215.3016508254127	0.01561752785080358	0.0457369414056893
215.43471735867934	0.015599558762900664	0.0456657833049818
215.56778389194596	0.015671386657153598	0.04583666508677486
215.7008504252126	0.01567875873799833	0.04578915652879686
215.83391695847922	0.015520646209143292	0.04603830187294444
215.96698349174588	0.015543011099022699	0.045898596633702264
216.1000500250125	0.015488442430830076	0.045612624729596235
216.23311655827914	0.015550803140477862	0.04590318123878863
216.36618309154576	0.015584246908032775	0.045770763909937506
216.4992496248124	0.01544997335609835	0.045783232377420865
216.63231615807902	0.01531552385742881	0.04557755037689137
216.76538269134568	0.015514836782814529	0.045542206733248235
216.8984492246123	0.015538274682658833	0.04557430697025226
217.03151575787894	0.015523116416698998	0.04543172407756059
217.16458229114556	0.015513529096402318	0.045366565793930114
217.2976488244122	0.015482364336971265	0.04550408534572619
217.43071535767882	0.015713358987968724	0.045440935339726686
217.56378189094548	0.015738585769079133	0.04544647233598414
217.6968484242121	0.015694789269136433	0.04541649894701563
217.82991495747874	0.015568178913476246	0.04556671339550598
217.96298149074536	0.015538428819958728	0.04547939195523065
218.096048024012	0.015628991949068628	0.045361111544992255
218.22911455727862	0.015792285971520485	0.04522260839749426
218.36218109054528	0.01562599020362265	0.04540128382176551
218.4952476238119	0.015581136923665527	0.04538319523873406
218.62831415707853	0.015630092530314964	0.04549023826525149
218.76138069034516	0.01569664169936578	0.045347600632202376
218.8944472236118	0.015927693943081103	0.04546981320914178
219.02751375687842	0.016074428780891614	0.04517341280689209
219.16058029014508	0.0160853783667413	0.04488391781999569
219.2936468234117	0.01624582523752854	0.04494778920468854
219.42671335667833	0.016161218082733856	0.045147720387234934
219.55977988994496	0.01621319657321024	0.04510211130110469
219.6928464232116	0.016253088045041855	0.04517659357822908
219.82591295647822	0.016095148875168736	0.045318584170504585
219.95897948974488	0.016117961200102036	0.04538726674550621
220.0920460230115	0.016082171626575895	0.045328101602775416
220.22511255627813	0.016139904413656786	0.045560703003875276
220.35817908954476	0.016079217524738558	0.04587513732477454
220.4912456228114	0.0160043327240954	0.04578691959638091
220.62431215607802	0.01611728159539691	0.045675570299930746
220.75737868934468	0.016057020303880957	0.04539747529393159
220.8904452226113	0.016181044560124893	0.04508916855216907
221.02351175587793	0.01606245824377844	0.04492685445042951
221.15657828914456	0.016026561822769278	0.04491700522911365
221.2896448224112	0.016057485655296615	0.04489472512064701
221.42271135567785	0.016066782013474053	0.04494614618023177
221.55577788894448	0.016195454958399094	0.04506016000059645
221.6888444222111	0.016217605115648435	0.04527066917129194
221.82191095547773	0.016222050021064714	0.04509004096508822
221.95497748874436	0.01633230409023154	0.04520353962179108
222.088044022011	0.016322044447490126	0.04520263918775064
222.22111055527765	0.016217092562363106	0.045391047089840555
222.35417708854428	0.01651641480743089	0.04576248592320329
222.4872436218109	0.016625686147036137	0.04611317836253119
222.62031015507753	0.016486970954269233	0.04633717765297338
222.75337668834416	0.016288780761633294	0.04660625179134565
222.8864432216108	0.016132768340004232	0.04651315039753707
223.01950975487745	0.016158223036989112	0.046457673614176104
223.15257628814408	0.016202173633925523	0.0462399406469151
223.2856428214107	0.016292173003174187	0.045836304209405
223.41870935467733	0.016325088552155847	0.04560080637720753
223.55177588794396	0.016516588224591396	0.04550687781980569
223.6848424212106	0.016417853764709164	0.04541379991239271
223.81790895447725	0.016803215673260208	0.04546643922430727
223.95097548774388	0.016823340012926857	0.04589049799090088
224.0840420210105	0.016873306776769476	0.045884024829372344
224.21710855427713	0.016764312823487386	0.045685031526167846
224.35017508754376	0.016712034267218734	0.045642097588897874
224.4832416208104	0.016615653387340616	0.0454498060710084
224.61630815407705	0.016927953140053537	0.045449436382203286
224.74937468734367	0.01690443263304267	0.04560278125185467
224.8824412206103	0.01679746012400449	0.04569624188273878
225.01550775387693	0.016745640752373305	0.04559592479894579
225.14857428714356	0.01677989231810351	0.04555035013674266
225.2816408204102	0.016811768433393878	0.04539915753719029
225.41470735367685	0.016789454199566848	0.045368123195246614
225.54777388694347	0.016794896050991066	0.045241182440924316
225.6808404202101	0.016721424566252353	0.04525822068413947
225.81390695347673	0.01682010639850315	0.045341339359493936
225.94697348674336	0.01682732287586275	0.045496412642806974
226.08004002001	0.016921164546007565	0.045541354687399865
226.21310655327665	0.016814358576545035	0.04552672517161901
226.34617308654327	0.01698837230380117	0.04569700331512247
226.4792396198099	0.017159609097899223	0.04596726827001343
226.61230615307653	0.016939686464603396	0.04612838094581681
226.74537268634316	0.01723398316010099	0.0461427820485364
226.8784392196098	0.01698878239752495	0.046306368452633175
227.01150575287645	0.01696352693528621	0.04616282508598911
227.14457228614307	0.017046326310093864	0.0460903044418186
227.2776388194097	0.016866978240732106	0.046087739657553424
227.41070535267633	0.016949109685780724	0.04610369033809149
227.54377188594296	0.016924350698739505	0.045945412776545014
227.6768384192096	0.016750375713615713	0.046043650440028144
227.80990495247624	0.016825909103633362	0.04609458067199292
227.94297148574287	0.01672788111908125	0.04583639214458841
228.0760380190095	0.016575255518396982	0.04599737221104036
228.20910455227613	0.016598602754022383	0.045955535362939844
228.34217108554276	0.016674895056979357	0.04572769917111877
228.4752376188094	0.01662772291136582	0.04629349388885105
228.60830415207604	0.01652378927113273	0.046284482949536444
228.74137068534267	0.016572402087510384	0.04610664777394042
228.8744372186093	0.01645314529724888	0.046006325390904095
229.00750375187593	0.016614206846989103	0.04602631164043711
229.14057028514256	0.01633222020203453	0.04594573720580121
229.2736368184092	0.01637567465836553	0.04594953953745976
229.40670335167584	0.016318220544415975	0.046056623291935446
229.53976988494247	0.016245524167186477	0.04635893500073977
229.6728364182091	0.01616309404994015	0.0463158091951232
229.80590295147573	0.016323463609512454	0.04641911931241845
229.93896948474236	0.0163864123706082	0.04632744855165958
230.072036018009	0.01641898252411745	0.04662127018318467
230.20510255127564	0.01627667413748953	0.046790321391566185
230.33816908454227	0.016226773726710234	0.046892531200693414
230.4712356178089	0.016315027859788014	0.04706984341860793
230.60430215107553	0.016310491464560758	0.0474417268953193
230.73736868434216	0.016224362524568874	0.04766448562139501
230.8704352176088	0.016152581131189468	0.04783977855815904
231.00350175087544	0.0161386029784282	0.04798303701866724
231.13656828414207	0.016242848186265906	0.04800932364915822
231.2696348174087	0.01628652524587557	0.04783641175847053
231.40270135067533	0.01618047430098132	0.047795682400935076
231.53576788394196	0.01614602270167424	0.047790568041837754
231.6688344172086	0.016159216709544847	0.04786332661015999
231.80190095047524	0.016283251581280616	0.047705140749247386
231.93496748374187	0.016398177601561193	0.04742002319328069
232.0680340170085	0.016510637518651314	0.04762871130159531
232.20110055027513	0.016551821103429013	0.04747896472909677
232.33416708354176	0.016460373593523536	0.047491463054965384
232.4672336168084	0.016544211079486597	0.047044370885844816
232.60030015007504	0.016696247481866596	0.047323973043734015
232.73336668334167	0.01663666886425939	0.047484074783979126
232.8664332166083	0.01669621574597672	0.04748380237855686
232.99949974987493	0.016639233616650616	0.047187730679636795
233.13256628314156	0.0167009753864243	0.047112766049740684
233.26563281640819	0.01683863860621595	0.04727338242861896
233.39869934967484	0.016650144293897207	0.04698497037065173
233.53176588294147	0.01667208351533015	0.0469510183304104
233.6648324162081	0.01659104311944537	0.04692427042112497
233.79789894947473	0.01643117975765685	0.04708282145102212
233.93096548274136	0.016611159612077098	0.046946422623219894
234.06403201600799	0.01666070342404548	0.04698843626681232
234.19709854927464	0.016602803510100923	0.04701561472062962
234.33016508254127	0.016465106576864307	0.04710471428429525
234.4632316158079	0.01647519409849658	0.04712994077197632
234.59629814907453	0.01645874885540731	0.04746479424968566
234.72936468234116	0.016427700202760097	0.04735850268476287
234.86243121560778	0.01622682310730901	0.047242011312698555
234.99549774887444	0.01626357800872133	0.04726727668320289
235.12856428214107	0.016332011546217173	0.04718521005359252
235.2616308154077	0.01616456827999555	0.04717109413718165
235.39469734867433	0.01611661942583147	0.04721773286431428
235.52776388194096	0.0161901591919928	0.04715750471110442
235.66083041520758	0.016143161330114245	0.04686513981259549
235.79389694847424	0.01625225513809551	0.046811283398610085
235.92696348174087	0.016190684313903768	0.046609662636304616
236.0600300150075	0.016327271797586307	0.04667186680563351
236.19309654827413	0.016391539343078323	0.04645712404969951
236.32616308154076	0.016384422843476833	0.046598465794150695
236.45922961480738	0.016456189755875907	0.04668760738696578
236.59229614807404	0.016375207184349226	0.04666159416039458
236.72536268134067	0.016369844520229215	0.04643759660364834
236.8584292146073	0.01630469825563402	0.04644404342484274
236.99149574787393	0.01630915058532533	0.046380599950589865
237.12456228114056	0.01614072229674074	0.046443331029492836
237.25762881440718	0.016112920221027102	0.046364209434479615
237.39069534767384	0.01624644424152156	0.046359449131135724
237.52376188094047	0.01624693991549686	0.04633775018051874
237.6568284142071	0.016093728723274792	0.04661837520936986
237.78989494747373	0.01600289783512358	0.04640573466829391
237.92296148074036	0.015850506841578706	0.04670004638052126
238.05602801400698	0.01578910250590929	0.0468405104408246
238.18909454727364	0.015835546203200435	0.04728811402927518
238.32216108054027	0.01579400326209329	0.047431858533166615
238.4552276138069	0.015830563639505864	0.04719172553577436
238.58829414707353	0.015872977598229355	0.046873602926641854
238.72136068034015	0.015964492900288986	0.04700778625307317
238.8544272136068	0.015964485540831855	0.04696648235971227
238.98749374687344	0.016087685966766668	0.046926328651967296
239.12056028014007	0.01616703974293003	0.04704901086958579
239.2536268134067	0.016165436090575767	0.047173148787654634
239.38669334667333	0.01626177227495554	0.047118977799782705
239.51975987993995	0.016444013000638046	0.047064579633621914
239.6528264132066	0.016513056826104086	0.04704117129077049
239.78589294647324	0.016632719015802485	0.046745053208609146
239.91895947973987	0.01656146683164703	0.046855721351485226
240.0520260130065	0.01677367260142372	0.04675524372663538
240.18509254627313	0.016749983726969654	0.04653421329686567
240.31815907953975	0.016749561065132205	0.046355579217948396
240.4512256128064	0.01658620047332686	0.0465344316081159
240.58429214607304	0.016425891757872357	0.0467442109917287
240.71735867933967	0.01627092199894268	0.047157321812605214
240.8504252126063	0.01613678434096271	0.047078011622065756
240.98349174587293	0.016050955347834215	0.047083602498610246
241.11655827913955	0.016207253750523065	0.04711672257051829
241.2496248124062	0.016094382086225146	0.04739692282675315
241.38269134567284	0.016099843444684056	0.04745489782700729
241.51575787893947	0.016424738653021388	0.04725641855837718
241.6488244122061	0.016236680998621352	0.04720059212394086
241.78189094547272	0.01612508603687703	0.047088572273085716
241.91495747873935	0.01613899749607412	0.04684313505980854
242.048024012006	0.016284113454759618	0.04705567150566625
242.18109054527264	0.016464921628958053	0.046939822530350735
242.31415707853927	0.016581254704684516	0.047017976893134694
242.4472236118059	0.01665218822509162	0.046883121047562905
242.58029014507252	0.016657847798286485	0.04671083282903722
242.71335667833915	0.016599458628592315	0.04643286081920568
242.8464232116058	0.016446691604501806	0.04645429393167904
242.97948974487244	0.016366809338347107	0.046173692170985825
243.11255627813907	0.016444919531105173	0.04616323941751117
243.2456228114057	0.016562355327356733	0.04593105416318385
243.37868934467232	0.016549116026214544	0.04588857356449819
243.51175587793895	0.01650448422790524	0.04592598402082304
243.6448224112056	0.016509796113507016	0.046118708556787215
243.77788894447224	0.016717641693545303	0.04622423719922856
243.91095547773887	0.016579127954459504	0.046213818477070956
244.0440220110055	0.016564395748474178	0.04641636897873325
244.17708854427212	0.016582589589693227	0.04632073653372993
244.31015507753875	0.01671493134861386	0.04633154069125567
244.4432216108054	0.016721956639808886	0.0463490799964452
244.57628814407204	0.016746526738435682	0.04648685110567224
244.70935467733867	0.016643004056701403	0.04636951247159187
244.8424212106053	0.01662153425198272	0.046238204681868844
244.97548774387192	0.016809841472799576	0.04603149341606496
245.10855427713855	0.016624671724146695	0.046049583660319596
245.2416208104052	0.016626313902095322	0.04591762821685038
245.37468734367184	0.016695310082975416	0.04603217291590255
245.50775387693847	0.016760878264296175	0.04615372451655867
245.6408204102051	0.01681102791298717	0.04622785111443619
245.77388694347172	0.01678609435213314	0.04657869030530242
245.90695347673835	0.01690794869991764	0.04665241558556943
246.040020010005	0.017015153706429573	0.04655341018508304
246.17308654327164	0.016858407923397815	0.0466846810519083
246.30615307653827	0.01697833882899453	0.04662339160734633
246.4392196098049	0.01702596477234066	0.04670848433462338
246.57228614307152	0.017178968376747143	0.04661084960090786
246.70535267633815	0.017171974385606404	0.04651548722818642
246.8384192096048	0.017079642399809535	0.04643552813520822
246.97148574287144	0.017094759925858603	0.04626583166602545
247.10455227613807	0.017158736742535846	0.04647717771317268
247.2376188094047	0.017285350387276657	0.046454929949408634
247.37068534267132	0.017395357500133796	0.04633936569157967
247.50375187593795	0.017129735915810563	0.046258560881724406
247.6368184092046	0.01722414274687292	0.04599562661076839
247.76988494247124	0.017191599260277392	0.045892404598917254
247.90295147573786	0.01716836653148933	0.045855937375624295
248.0360180090045	0.017116148957895795	0.04573124686258057
248.16908454227112	0.017234941916018917	0.045916036816447854
248.30215107553775	0.017036414313714426	0.04565533085302557
248.4352176088044	0.01723402878080177	0.04587016811220382
248.56828414207104	0.017425436323534747	0.045990151076096185
248.70135067533766	0.01743449779504586	0.04572531615157946
248.8344172086043	0.017348737878201063	0.04578772534098733
248.96748374187092	0.01727613814572859	0.04601580515213602
249.10055027513755	0.017299412374929407	0.04604661495102354
249.2336168084042	0.01723240352244408	0.0460864623707444
249.36668334167084	0.01729413757336863	0.04617213568352303
249.49974987493746	0.017243953825079646	0.046268148199041854
249.6328164082041	0.016997117345256815	0.046220570223633746
249.76588294147072	0.01700421064214069	0.04639123008444915
249.89894947473735	0.017074561511949443	0.046536786410258255
250.032016008004	0.017058353322652743	0.046961298191218546
250.16508254127064	0.01698874846719328	0.04694047352584347
250.29814907453726	0.017047915003344075	0.04685017562087013
250.4312156078039	0.017158638656315117	0.046808842333226464
250.56428214107052	0.017250177313379193	0.04712980501635329
250.69734867433715	0.017275805581262058	0.04689179034681405
250.8304152076038	0.017274862300535557	0.047086747027156976
250.96348174087044	0.01735360163139529	0.04669779308827768
251.09654827413706	0.01754115425218147	0.046413547632701446
251.2296148074037	0.017354481181031785	0.04673420376118714
251.36268134067032	0.01725370883505405	0.04629170115426111
251.49574787393695	0.01731255517716728	0.0461594062363332
251.6288144072036	0.017450808222246508	0.0460131718760646
251.76188094047023	0.017352352578144336	0.04596409185224882
251.89494747373686	0.017134419523200748	0.04646899034756339
252.0280140070035	0.016923547318969313	0.04652081862062258
252.16108054027012	0.01702638005737378	0.046359506765138614
252.29414707353675	0.017034759392126418	0.04643677780208568
252.4272136068034	0.0170272434373191	0.046574985082614616
252.56028014007003	0.01718153903733286	0.046596354762107176
252.69334667333666	0.017208755791297513	0.04669102192593679
252.8264132066033	0.017251537767592452	0.04655594143530671
252.95947973986992	0.01725546968422561	0.04670751373177567
253.09254627313655	0.017210045923591218	0.04662466523253527
253.2256128064032	0.017230317331707243	0.046687334044843494
253.35867933966983	0.017231910626958197	0.04664424716557735
253.49174587293646	0.01723073662102052	0.046711081526935
253.6248124062031	0.01723382865933495	0.046643467682544786
253.75787893946972	0.017184274859363618	0.046773523625004136
253.89094547273635	0.017337364690292772	0.046774857058523224
254.024012006003	0.01732296117497803	0.04688774717466656
254.15707853926963	0.017316295163276513	0.046857477115133994
254.29014507253626	0.017428784552937462	0.04717408729413751
254.4232116058029	0.01738852687194418	0.0469174942578215
254.55627813906952	0.017366925856897704	0.04703598808992272
254.68934467233615	0.017296747397308916	0.04708588430354091
254.8224112056028	0.01740600353438133	0.04711450168333038
254.95547773886943	0.017366813457877696	0.04689404539190008
255.08854427213606	0.017362801788380972	0.04690798983001111
255.2216108054027	0.017387581474235123	0.046930454079368016
255.35467733866932	0.01736131417662255	0.04684184335496058
255.48774387193595	0.01753496919624708	0.046208192418730205
255.6208104052026	0.01760782057932275	0.04658489957075882
255.75387693846923	0.017606986156898662	0.04666554364103073
255.88694347173586	0.01769088753543867	0.04677673019893816
256.0200100050025	0.017907096205177404	0.04668925368405577
256.15307653826915	0.018198456285472873	0.04681661382494726
256.2861430715358	0.018253261811880653	0.04688572510888459
256.4192096048024	0.018101956566748137	0.04689523569337439
256.55227613806903	0.01796369401621677	0.04660421209313644
256.68534267133566	0.017964961358119796	0.04674821212902154
256.8184092046023	0.01781119967323876	0.04680245849475957
256.9514757378689	0.017765856941266162	0.046670491237344874
257.08454227113555	0.017632653083520734	0.04660259082454266
257.2176088044022	0.017651008364975414	0.04645378793184148
257.3506753376688	0.01769267684656261	0.04610366412701704
257.4837418709355	0.017789084603961915	0.04586605203777996
257.6168084042021	0.01748314869182217	0.0461730535814907
257.74987493746875	0.01742896026206154	0.046097227616626775
257.8829414707354	0.01749490365237525	0.04587820544834047
258.016008004002	0.017502000348834038	0.04564656361972217
258.14907453726863	0.017258018590120917	0.04588717207926395
258.28214107053526	0.017253429346147514	0.0458675293812018
258.4152076038019	0.017189080983811156	0.04610586569363553
258.5482741370685	0.017144805326459782	0.04622321255181116
258.68134067033515	0.01705561805992451	0.046141570534495406
258.8144072036018	0.017054439802856623	0.045893121870606644
258.9474737368684	0.01701140148138639	0.045980400506929045
259.0805402701351	0.016946317462157707	0.04578589231946196
259.2136068034017	0.016854398956980977	0.04569381471674412
259.34667333666835	0.016963773508397905	0.04556424649181544
259.479739869935	0.016965271170445835	0.045342448758493505
259.6128064032016	0.016969053090825387	0.04522798425043497
259.74587293646823	0.01676718847551992	0.045309244278596145
259.87893946973486	0.01695972198485619	0.045601896340261676
260.0120060030015	0.01709848922620077	0.045410022908554434
260.1450725362681	0.017033398278349356	0.04518930502034123
260.27813906953475	0.017031545318653665	0.04485479128805917
260.4112056028014	0.01703311905785454	0.044828047921020166
260.544272136068	0.016966295572871985	0.04480601810191824
260.6773386693347	0.016966342259539337	0.044891944088317995
260.8104052026013	0.016899819957803642	0.04506782438705389
260.94347173586794	0.016962856576435727	0.04522696716119403
261.0765382691346	0.01711889902034681	0.04515957601051092
261.2096048024012	0.017121888521710395	0.045377909674315986
261.34267133566783	0.01707581779730652	0.045534347612087
261.47573786893446	0.01716405827803781	0.04571196164461871
261.6088044022011	0.017164782662757977	0.04578018966171647
261.7418709354677	0.017208965233817958	0.04586618044833918
261.87493746873434	0.01720872434266683	0.0460891746646961
262.008004002001	0.017275355594780325	0.04611112072393988
262.1410705352676	0.017232471701696023	0.04622660255408047
262.2741370685343	0.017187298009772266	0.04584854507055173
262.4072036018009	0.01720873106599511	0.04604603143577106
262.54027013506754	0.017295675942766306	0.045826252384895655
262.6733366683342	0.017474223190662882	0.04597847367232767
262.8064032016008	0.017452611900167853	0.04582987945497587
262.93946973486743	0.017519915646847774	0.04538544523426594
263.07253626813406	0.017365428116461197	0.04535802441030577
263.2056028014007	0.01742901329630018	0.045579313988326695
263.3386693346673	0.01760646320661475	0.04569177641271408
263.47173586793394	0.017674783979991417	0.045670679193489994
263.6048024012006	0.01756480195321953	0.04562518927209064
263.7378689344672	0.01747559484875666	0.045671292758154375
263.8709354677339	0.017495921820603368	0.04536175911329193
264.0040020010005	0.017717727298677773	0.04535886620591714
264.13706853426714	0.017740548664792802	0.04542725867103995
264.2701350675338	0.017829332434148606	0.04516197422923396
264.4032016008004	0.017763326718957924	0.0451159515766461
264.53626813406703	0.0177630677193643	0.04516060313154629
264.66933466733366	0.01769709497714276	0.04513826309936717
264.8024012006003	0.017608119451136606	0.04520484985994114
264.9354677338669	0.01767375103519567	0.0452042834925094
265.06853426713354	0.017807441320716516	0.04542611929711927
265.2016008004002	0.01767445679179086	0.04522806429668371
265.3346673336668	0.017785110415861494	0.044939437422884365
265.4677338669335	0.01767455045425626	0.04491700788124912
265.6008004002001	0.017718650342956346	0.04482844765620981
265.73386693346674	0.017718689842470832	0.04478415948651694
265.86693346673337	0.017785133731308737	0.044606952970073915
266.0	0.017718715393134	0.044584717607973424
